date,open_SPX,open_QQQ,open_SEMIS,open_BOND,open_GOLD,open_OIL,open_USD,open_CASH,close_SPX,close_QQQ,close_SEMIS,close_BOND,close_GOLD,close_OIL,close_USD,close_CASH
2014-12-01,169.55327295242296,96.7543466183345,24.450384963194047,82.02758487778546,113.80000305175781,17.204655150068604,19.498249034502482,73.494873046875,169.02752685546875,95.92151641845703,24.199182510375977,81.59549713134766,116.58000183105469,17.618919372558594,19.514957427978516,73.494873046875
2014-12-02,169.06851870826736,96.02221601652066,24.150705195619317,81.34861151245174,115.12999725341797,17.399106292158404,19.631915677855527,73.5109383145794,170.12001037597656,96.3059310913086,24.2564754486084,81.23287200927734,115.13999938964844,17.24692726135254,19.67368507385254,73.494873046875
2014-12-03,170.29264350469208,96.4523426469278,24.397500787731456,81.18653709606143,115.68000030517578,17.153926140637836,19.732162475585938,73.494873046875,170.77731323242188,96.47979736328125,24.670738220214844,81.2636947631836,116.33000183105469,17.145471572875977,19.732162475585938,73.494873046875
2014-12-04,170.4897471256687,96.38826611624576,24.772100495397634,81.27912603453335,116.01000213623047,17.052474406086784,19.67368540982165,73.494873046875,170.5883331298828,96.43402862548828,24.705995559692383,81.54918670654297,115.87999725341797,17.094745635986328,19.656978607177734,73.494873046875
2014-12-05,170.76084897425383,96.58961071430994,24.736844484828616,81.23281159924757,115.16000366210938,17.018658604067635,19.782287252119136,73.4949210499276,170.86764526367188,96.44317626953125,24.91312599182129,81.09392547607422,114.43000030517578,17.05247688293457,19.807348251342773,73.510986328125
2014-12-08,170.47333323362324,96.19608655732027,24.87346237856907,81.09394363720055,114.97000122070312,16.908753671790524,19.80734861871375,73.510986328125,169.7257843017578,95.75679016113281,24.573781967163086,81.36399841308594,115.77999877929688,16.756574630737305,19.765579223632812,73.510986328125
2014-12-09,167.8856829100341,94.64024515014229,24.296136985965536,81.72665311486175,117.04000091552734,16.731212294025344,19.640269875734994,73.5109383145794,169.6107940673828,96.05879211425781,24.52971076965332,81.66492462158203,118.19000244140625,16.874935150146484,19.67368507385254,73.494873046875
2014-12-10,169.1507915188003,95.88490415945373,24.494455466390786,81.62634500221442,118.1500015258789,16.70584501452949,19.63191453579638,73.494873046875,166.8917236328125,94.54872131347656,24.15070343017578,82.03528594970703,117.95999908447266,16.61284637451172,19.565082550048828,73.494873046875
2014-12-11,167.4831212578707,94.8232879616959,24.291729290374903,81.86555908573742,116.9800033569336,16.469125041199916,19.64862252302585,73.494873046875,167.73777770996094,94.99717712402344,24.252065658569336,81.89642333984375,117.69000244140625,16.460670471191406,19.640268325805664,73.494873046875
2014-12-12,166.46450475996315,94.09114699977852,24.04493423539539,82.26676894074102,117.38999938964844,16.435307188443762,19.556730248002932,73.4949210499276,165.02691650390625,93.96302032470703,23.89068603515625,82.56768798828125,117.41000366210938,16.32539939880371,19.57343864440918,73.510986328125
2014-12-15,165.9223497243175,94.4480914201956,24.027307889433047,82.27448868596028,116.22000122070312,16.3592179210726,19.606851567537277,73.51099563766465,163.89329528808594,92.99293518066406,23.683557510375977,82.26677703857422,114.38999938964844,16.06331443786621,19.615205764770508,73.4788589477539
2014-12-16,163.12929259461615,92.40719266679108,23.613044258856714,82.77605094483496,116.27999877929688,15.894226419341427,19.44812549604339,73.49493035743272,162.5789031982422,91.50115203857422,23.485239028930664,82.68346405029297,114.94999694824219,15.970315933227539,19.473186492919922,73.4788589477539
2014-12-17,163.01430333652465,91.56516611295118,23.54693786494518,82.54454322418978,115.0999984741211,15.936499120076117,19.540019150350123,73.51099563766465,165.76625061035156,93.16675567626953,23.9523868560791,82.1124496459961,114.2699966430664,16.06331443786621,19.7154541015625,73.4788589477539
2014-12-18,168.18960592590847,94.50295626739715,24.35783685964231,81.68037749799845,115.58999633789062,16.291582842827655,19.782285700181802,73.47880164972851,169.86541748046875,95.40899658203125,24.371057510375977,81.6495132446289,115.1500015258789,16.012588500976562,19.7739315032959,73.494873046875
2014-12-19,170.51387556149317,95.50731671170259,24.41513217844473,81.780643306723,115.05999755859375,16.080222993062222,19.773931092341737,73.4788589477539,170.58822631835938,95.82882690429688,24.28291893005371,81.95039367675781,114.7699966430664,16.249309539794922,19.857471466064453,73.4788589477539
2014-12-22,170.77819441316655,95.67264207091795,24.44430380973153,81.88095355451719,114.80999755859375,16.10558469215193,19.85747144667964,73.4788589477539,171.3729248046875,96.06764221191406,24.68504524230957,81.95039367675781,112.55000305175781,15.953407287597656,19.87417984008789,73.4788589477539
2014-12-23,171.95114151074378,96.41672127500486,24.769750782365517,81.71899213985536,112.87999725341797,15.944953820495764,19.974428176879883,73.49493035743272,171.60421752929688,95.72776794433594,24.631546020507812,81.27146911621094,112.73999786376953,16.11404037475586,19.974428176879883,73.4788589477539
2014-12-24,171.8272002383737,95.84717043913217,24.702876790527704,81.160182656561,112.83000183105469,15.970315338798997,19.941013012041527,73.47880164972851,171.62069702148438,95.81043243408203,24.693960189819336,81.33018493652344,112.7699966430664,15.902680397033691,19.949365615844727,73.494873046875
2014-12-26,172.06674758901318,96.08604608171348,24.930245545982366,81.4769706127699,114.81999969482422,15.953409561606327,19.94936560565732,73.4788589477539,172.17413330078125,96.490234375,24.67167091369629,81.4383316040039,114.83000183105469,15.885774612426758,19.957719802856445,73.4788589477539
2014-12-29,171.99241954537655,96.3983644959693,24.711794877549444,81.58516662683995,114.61000061035156,15.97031446400023,19.949365544711533,73.4788589477539,172.40542602539062,96.47184753417969,24.60479736328125,81.7165298461914,113.66999816894531,15.733592987060547,20.007844924926758,73.4788589477539
2014-12-30,171.9841999360943,96.19627012800315,24.564673400666653,81.9174396724464,114.98999786376953,15.70822977234041,19.93265880465926,73.49493035743272,171.48033142089844,95.82882690429688,24.448760986328125,81.80925750732422,115.19999694824219,15.716684341430664,19.957719802856445,73.4788589477539
2014-12-31,171.80239733744858,95.9941801205097,24.511176733413503,81.86338255131342,114.88999938964844,15.547598307901238,19.98278390320107,73.494873046875,169.77865600585938,94.8459243774414,24.35068130493164,81.90201568603516,113.58000183105469,15.598325729370117,20.024553298950195,73.494873046875
2015-01-02,170.47255808561408,95.31438193731738,24.368511254987133,81.97924758089242,112.48999786376953,15.446145090220671,20.14985999709519,73.4788589477539,169.68783569335938,94.56112670898438,24.292722702026367,82.31925201416016,114.08000183105469,15.41232681274414,20.216691970825195,73.4788589477539
2015-01-05,168.64708148544278,94.14779868547387,24.212475244895778,82.45835530181452,114.77999877929688,15.344692495638657,20.308588403731658,73.47880164972851,166.62335205078125,93.17407989501953,23.86027717590332,82.82154083251953,115.80000305175781,15.192513465881348,20.258464813232422,73.494873046875
2015-01-06,166.9289650053605,93.31183053869204,23.824611473693235,83.16928077111527,116.22000122070312,15.175606919380655,20.30023193359375,73.4788589477539,165.05392456054688,91.92473602294922,23.29854393005371,83.37792205810547,117.12000274658203,15.048789978027344,20.30023193359375,73.4788589477539
2015-01-07,166.3755665766757,92.53100780630065,23.409999069041717,83.13834871737187,116.47000122070312,15.031880985770892,20.408838315175917,73.49493035743272,167.1107177734375,93.10972595214844,23.601701736450195,83.36244201660156,116.43000030517578,14.955791473388672,20.37542152404785,73.4788589477539
2015-01-08,168.5148859394458,93.899766280758,23.900405534491057,83.09194301277114,116.44999694824219,14.930428600220074,20.458961486816406,73.49493035743272,170.0760498046875,94.89186096191406,24.190187454223633,83.02239990234375,115.94000244140625,15.014972686767578,20.458961486816406,73.4788589477539
2015-01-09,170.4890728778248,95.18580115860857,24.252601845547897,83.12290476723174,116.51000213623047,14.97269962506966,20.467314200336233,73.49493035743272,168.71315002441406,94.26719665527344,24.118854522705078,83.43199920654297,117.26000213623047,14.989608764648438,20.3670654296875,73.4788589477539
2015-01-12,168.84533157044453,94.45089563970005,24.08318963597594,83.51696592559163,117.45999908447266,14.80361176250963,20.40883641470787,73.4788589477539,167.39154052734375,93.28427124023438,23.81123924255371,83.72560119628906,118.55999755859375,14.659887313842773,20.3670654296875,73.4788589477539
2015-01-13,168.60574554907672,94.1937173805841,23.85581713686857,83.63294396171175,118.95999908447266,14.609161623246916,20.442251539320313,73.49493035743272,166.92068481445312,93.2567367553711,23.677490234375,83.80294036865234,118.16000366210938,14.600707054138184,20.42554473876953,73.4788589477539
2015-01-14,164.91349780540452,92.31979031406944,23.494705650623295,84.38245329713044,119.08000183105469,14.499254929363861,20.350360513349464,73.4788589477539,165.91297912597656,92.74234771728516,23.588327407836914,84.18927001953125,117.97000122070312,14.761340141296387,20.38377571105957,73.4788589477539
2015-01-15,166.54902209394717,93.17405532911535,23.895945881274464,84.2356543038639,120.41000366210938,14.879701668474539,20.408837905134117,73.4788589477539,164.39312744140625,91.5389404296875,23.717618942260742,84.90792846679688,120.94000244140625,14.55843448638916,20.450607299804688,73.4788589477539
2015-01-16,164.18664354580645,91.4195122719191,23.57049488710301,84.7224476357824,121.7300033569336,14.668342496303852,20.55085373889971,73.4788589477539,166.54904174804688,92.61370086669922,23.909318923950195,84.28199005126953,122.5199966430664,14.83742904663086,20.542499542236328,73.4788589477539
2015-01-20,167.1850467519091,93.1740880230255,23.980648416125455,84.4519700208495,123.62999725341797,14.634523391723631,20.559209427596365,73.4788589477539,166.90420532226562,93.34862518310547,24.145601272583008,84.47515106201172,124.19999694824219,14.634523391723633,20.626041412353516,73.4788589477539
2015-01-21,166.44164760507718,93.07300801519287,24.114396344211904,84.52927396033941,125.18000030517578,14.727524757385256,20.467313336852087,73.47880164972851,167.7467498779297,93.82626342773438,24.457677841186523,84.0733642578125,124.2300033569336,14.727524757385254,20.567562103271484,73.494873046875
2015-01-22,168.49844457542144,94.19368994189317,24.42200931748548,84.2819767889684,125.06999969482422,14.803613817938068,20.684521430287063,73.4788589477539,170.2413330078125,95.56240844726562,24.67612648010254,83.86470031738281,125.2300033569336,14.710615158081055,20.876663208007812,73.4788589477539
2015-01-23,169.98521597655784,95.55324202058844,24.578048452147797,84.17379240255977,124.43000030517578,14.626070564499374,21.05209508932831,73.47880164972851,169.30789184570312,95.77371215820312,24.56913185119629,84.41333770751953,124.2300033569336,14.6176176071167,21.060447692871094,73.494873046875
2015-01-26,169.09313463881273,95.6634750366211,24.529011828595184,84.35156872476658,123.33000183105469,14.609162611281045,21.052095443423177,73.494873046875,169.70437622070312,95.6634750366211,24.573593139648438,84.22019958496094,122.98999786376953,14.566889762878418,21.02703285217285,73.494873046875
2015-01-27,167.6558760859974,94.15695361683231,24.225853148232314,84.68382528565303,123.55999755859375,14.549980018140761,20.8515952659243,73.47880164972851,167.4658966064453,93.18323516845703,24.08319091796875,84.33609771728516,124.4000015258789,14.64297866821289,20.826534271240234,73.494873046875
2015-01-28,168.64709973767964,94.6805675244351,24.386349119405573,84.36694947218268,123.5199966430664,14.549980392726395,20.876660894613313,73.4788589477539,165.31826782226562,92.70556640625,23.878114700317383,84.98513793945312,123.41999816894531,14.431619644165039,20.951847076416016,73.4788589477539
2015-01-29,165.51650818201227,92.63206595331418,23.949441575623926,84.74562742849827,121.98999786376953,14.448527228117065,20.935138661493003,73.46279366752196,166.8463897705078,93.59660339355469,24.011856079101562,84.68380737304688,120.76000213623047,14.363983154296875,20.968555450439453,73.4788589477539
2015-01-30,165.6734494946458,93.51394566168301,23.833527801971194,85.40242646711286,121.30000305175781,14.330169173523464,20.993614196777344,73.4788589477539,164.74830627441406,92.87091827392578,23.508079528808594,85.42561340332031,123.44999694824219,14.710615158081055,20.993614196777344,73.4788589477539
2015-02-02,165.24393365704213,93.08218885908146,23.512541852142895,85.10211299009507,121.83999633789062,14.85433758113121,20.96855547090555,73.49493035743272,166.78857421875,93.67928314208984,23.55266571044922,85.31884002685547,122.41999816894531,14.913517951965332,20.951847076416016,73.4788589477539
2015-02-03,167.6806093444516,94.01917185752978,23.735452717996193,84.93186835026945,121.73999786376953,15.141786943653825,20.809828553541443,73.47880164972851,169.20046997070312,94.57952117919922,23.88703155517578,84.59904479980469,121.05000305175781,15.32778263092041,20.70958137512207,73.494873046875
2015-02-04,168.4405873095906,94.19372309767974,23.878111528312097,84.3358474917948,121.62999725341797,15.24324102069717,20.759706088363657,73.4788589477539,168.5562286376953,94.49686431884766,24.056438446044922,84.73833465576172,121.58000183105469,14.989608764648438,20.83489227294922,73.4788589477539
2015-02-05,169.2170253881554,94.73564409793089,24.212475022271175,84.54482848401244,120.9800033569336,15.006517769813685,20.759706908993213,73.4788589477539,170.25779724121094,95.31436920166016,24.29718017578125,84.42872619628906,121.79000091552734,15.192513465881348,20.684520721435547,73.4788589477539
2015-02-06,170.62122529181084,95.46137802296637,24.29718298534596,83.87912779203073,119.1500015258789,15.234784126281738,20.885015112275173,73.49493035743272,169.78695678710938,94.73567962646484,24.038606643676758,83.48438262939453,118.63999938964844,15.234784126281738,20.935138702392578,73.4788589477539
2015-02-09,169.1426798861956,94.36823123776195,23.953902967560005,83.74760983056821,118.83000183105469,15.336235480431952,20.926782931593817,73.4788109362387,169.02703857421875,94.43253326416016,23.722076416015625,83.44574737548828,119.16999816894531,15.386962890625,20.91843032836914,73.4627456665039
2015-02-10,170.05960307410575,94.95613659048263,24.145602764510993,83.3063826585282,118.62999725341797,15.370056204779639,20.943490982055664,73.4788589477539,170.82778930664062,95.90229797363281,24.50225830078125,83.23672485351562,118.47000122070312,15.192513465881348,20.943490982055664,73.4788589477539
2015-02-11,170.6625774875651,96.01256461316554,24.51563578464666,83.32190521887212,118.48999786376953,15.091063995647326,20.968553173236483,73.4627456665039,170.92689514160156,96.25140380859375,24.644922256469727,83.20580291748047,117.06999969482422,15.0741548538208,21.0186767578125,73.4627456665039
2015-02-12,171.71982537678446,96.87605343767187,24.743000803018933,83.19028631684057,117.68000030517578,15.217876535112655,20.88501779949679,73.4627456665039,172.57061767578125,97.37210083007812,24.992660522460938,83.23672485351562,117.33999633789062,15.302420616149902,20.818185806274414,73.4627456665039
2015-02-13,172.6945588956595,97.64765852192872,25.023869535129105,83.20578145521837,118.05000305175781,15.463055068839013,20.79312131678071,73.46279366752196,173.28102111816406,98.2080078125,25.139781951904297,82.95809936523438,117.9800033569336,15.471508026123047,20.809829711914062,73.4788589477539
2015-02-17,172.96714451626255,98.20801430013722,25.095197775796873,82.86522967701487,116.4000015258789,15.412326454427259,20.776412640117623,73.4788589477539,173.55361938476562,98.29987335205078,25.246776580810547,82.36986541748047,116.01000213623047,15.479961395263672,20.784765243530273,73.4788589477539
2015-02-18,173.18190224563585,98.18043746434455,25.228944884482246,82.43173368625615,115.98999786376953,15.420782572245065,20.8181839306161,73.4788589477539,173.57012939453125,98.43765258789062,25.162071228027344,82.76455688476562,116.33999633789062,15.293967247009277,20.793121337890625,73.4788589477539
2015-02-19,172.9753766774431,98.37336167142365,25.09520165623572,82.68722102949998,116.4000015258789,15.09106133195641,20.83489191740203,73.46279366752196,173.44619750976562,98.92453002929688,25.17544937133789,82.5556411743164,115.94000244140625,15.243240356445312,20.86830711364746,73.4788589477539
2015-02-20,173.03323875472503,98.86023138233102,25.188824389371057,82.84201686185887,116.0999984741211,15.293965978009487,20.935137205430998,73.4627456665039,174.48703002929688,99.58592987060547,25.291362762451172,82.50919342041016,115.27999877929688,15.18405818939209,20.85159683227539,73.4627456665039
2015-02-23,174.2391769497112,99.5307819934621,25.24677867985198,82.73364388764467,115.11000061035156,15.09951640869716,20.893367748100225,73.4788589477539,174.4622039794922,99.68694305419922,25.10857391357422,82.88844299316406,115.43000030517578,15.08260726928711,20.910076141357422,73.4788589477539
2015-02-24,174.38787367741764,99.5583581490918,25.12640516612188,82.77236424456494,115.0,15.167151105658164,20.918432298115956,73.4627456665039,174.95782470703125,99.76045227050781,25.625722885131836,83.4380111694336,115.26000213623047,15.09106159210205,20.86830711364746,73.4627456665039
2015-02-25,174.83395297110542,99.61348297763858,25.55885413095438,83.42255883366352,115.83000183105469,15.175605757132857,20.843242663296255,73.46279366752196,174.80917358398438,99.51243591308594,25.45185661315918,83.51544189453125,115.69999694824219,15.319330215454102,20.826534271240234,73.4788589477539
2015-02-26,174.71828719907174,99.61344281451508,25.474145805901657,83.39155503249394,116.54000091552734,15.268602980760003,20.960200848842003,73.4627456665039,174.60264587402344,100.01762390136719,25.54547691345215,83.02003479003906,116.06999969482422,15.192513465881348,21.04374122619629,73.4627456665039
2015-02-27,174.50350429733115,99.9809176939076,25.536560456390024,83.2135367430738,116.73999786376953,15.30242050332801,21.052095413208008,73.4788589477539,174.00790405273438,99.57673645019531,25.398357391357422,83.31415557861328,116.16000366210938,15.361600875854492,21.052095413208008,73.4788589477539
2015-03-02,174.10697952292608,99.7696141092992,25.612354470536616,83.24436820145094,116.5,15.277057418150035,21.043740852754954,73.4627456665039,175.10646057128906,100.47693634033203,26.06709098815918,82.69395446777344,115.68000030517578,15.1417875289917,21.09386444091797,73.4627456665039
2015-03-03,174.67697275512717,100.1738406346852,25.924427185522138,82.67073005066372,116.04000091552734,15.200965852284405,21.068801860044008,73.4788589477539,174.3878631591797,100.00849151611328,25.639101028442383,82.51568603515625,115.47000122070312,15.234784126281738,21.08551025390625,73.4788589477539
2015-03-04,173.79314592999464,99.67777881300154,25.639103812282396,82.66295845983879,115.69999694824219,15.158697245784685,21.135633400414182,73.46279366752196,173.65272521972656,99.6226577758789,25.598979949951172,82.57768249511719,115.11000061035156,15.099516868591309,21.19411277770996,73.4788589477539
2015-03-05,173.97484964121526,99.87986585080198,25.732721491938626,82.5932118143303,115.43000030517578,15.13333269454128,21.286008823889677,73.46279366752196,173.8426971435547,99.79718780517578,25.590059280395508,82.62422180175781,115.0,15.040335655212402,21.294363021850586,73.4788589477539
2015-03-06,172.98366399574914,99.66859586897529,25.46077426832259,82.05048935569646,113.16999816894531,14.981153965747849,21.51156389285432,73.4627456665039,171.39772033691406,98.66732025146484,25.269071578979492,81.77915954589844,111.86000061035156,14.854338645935059,21.553333282470703,73.4627456665039
2015-03-09,171.59596916334027,98.8694093450059,25.23786390620175,82.09709865119419,112.41999816894531,14.88815654431346,21.536626482664197,73.4788589477539,172.10809326171875,98.95208740234375,25.179906845092773,82.15911865234375,111.97000122070312,14.812067031860352,21.553333282470703,73.4788589477539
2015-03-10,170.74514307546252,98.24473232993125,24.974828528230525,82.52343660651488,112.08999633789062,14.626070564499374,21.703706338621167,73.4788589477539,169.31613159179688,97.11485290527344,24.667213439941406,82.5079345703125,111.41999816894531,14.6176176071167,21.778892517089844,73.4788589477539
2015-03-11,169.57220721520224,97.26181897948746,24.836624628872872,82.47689888215875,111.2300033569336,14.642978801213468,21.929267450068856,73.46279366752196,168.91966247558594,96.55449676513672,24.850000381469727,82.65520477294922,110.75,14.693704605102539,22.021162033081055,73.4788589477539
2015-03-12,169.54744806123233,96.48104785619498,24.42647135899646,82.957529650775,111.1500015258789,14.786702656007533,21.879144321566002,73.4788109362387,171.06732177734375,97.1883773803711,24.711795806884766,82.73271179199219,110.72000122070312,14.626069068908691,21.904205322265625,73.4627456665039
2015-03-13,170.79470371277253,97.09650633207008,24.68504360066449,82.64744467247547,111.0999984741211,14.566889263142277,21.97103418892542,73.46279366752196,170.01824951171875,96.76580810546875,24.9168701171875,82.60868072509766,110.87999725341797,14.330167770385742,22.1297607421875,73.4788589477539
2015-03-16,170.74523023832427,97.12403540258202,24.97482622175652,82.91873328595322,111.08999633789062,14.287893511741805,21.98774372243419,73.46279366752196,172.2898712158203,98.01507568359375,25.246776580810547,82.89547729492188,110.80999755859375,14.313257217407227,21.962682723999023,73.4788589477539
2015-03-17,171.55463715174756,97.7486998262882,25.05061797805092,83.08153443278869,109.91999816894531,14.211806297302246,21.904203019820862,73.46279366752196,171.7776641845703,98.17125701904297,25.077367782592773,83.06603240966797,110.20999908447266,14.211806297302246,21.97103500366211,73.4788589477539
2015-03-18,171.30683124757832,97.90483125850243,25.032786717883944,83.2986115875828,110.33000183105469,14.152624566640368,21.971035837907074,73.46279366752196,173.8426971435547,99.13575744628906,25.309194564819336,84.01957702636719,112.37000274658203,14.600707054138184,21.53662872314453,73.4788589477539
2015-03-19,173.42971522233455,99.23682759889364,25.282441735318418,83.82583126238652,111.8499984741211,14.355528831481934,21.795600499525246,73.46279366752196,173.04974365234375,99.28276062011719,25.34039878845215,83.62427520751953,112.29000091552734,14.355528831481934,21.8624324798584,73.4788589477539
2015-03-20,173.9964371148031,100.10036880267704,25.478604411257603,83.9033484938415,112.70999908447266,14.473892263943293,21.620167154450094,73.46279366752196,174.5772247314453,99.92543029785156,25.74163818359375,83.96536254882812,113.56999969482422,14.549980163574219,21.570043563842773,73.4788589477539
2015-03-23,174.5855025701291,99.87022572549427,25.683684728118575,84.0428713640753,113.69999694824219,14.609164241547395,21.369549155266736,73.4627456665039,174.23703002929688,99.73211669921875,25.514272689819336,84.0738754272461,114.29000091552734,14.719070434570312,21.33613395690918,73.4627456665039
2015-03-24,174.1125550997898,99.72289405141434,25.483063278550546,84.0816151606856,114.3499984741211,14.65988742535514,21.352838456075794,73.46279366752196,173.25796508789062,99.3730239868164,25.28244400024414,84.3296890258789,114.56999969482422,14.600707054138184,21.402963638305664,73.4788589477539
2015-03-25,173.46540362154204,99.52953174574252,25.29136095375031,84.337476451497,115.11000061035156,14.659887806870408,21.277650444721026,73.4627456665039,170.71908569335938,97.09883880615234,24.101022720336914,83.96536254882812,114.7300033569336,14.64297866821289,21.344482421875,73.4627456665039
2015-03-26,170.05537123840853,96.29778163566762,23.610617156307228,83.83352007810224,115.7300033569336,14.828977832415456,21.29435844196987,73.4627456665039,170.3125762939453,96.76734924316406,23.927148818969727,83.49241638183594,115.4800033569336,14.820523262023926,21.419668197631836,73.4627456665039
2015-03-27,170.19638183333447,96.7489496370271,23.89148483341077,83.65525625067104,115.13999938964844,14.71906840875952,21.444732675904234,73.4627456665039,170.70249938964844,97.15406036376953,24.693960189819336,83.81805419921875,115.05999755859375,14.524618148803711,21.436378479003906,73.4627456665039
2015-03-30,171.73135707604655,97.74334939264115,24.765291030073474,83.8490819525091,113.9000015258789,14.558434208594516,21.55333322505479,73.47885299590139,172.7850799560547,98.26815795898438,24.90349578857422,83.81031799316406,113.75,14.600707054138184,21.603458404541016,73.44671630859375
2015-03-31,171.96367717248643,97.99191134030103,24.792043886858853,83.80252590006874,113.83999633789062,14.482345448899297,21.703707136639583,73.44672225784316,171.2750244140625,97.22771453857422,24.653839111328125,84.02734375,113.66000366210938,14.431619644165039,21.63687515258789,73.4788589477539
2015-04-01,171.24183724971087,97.22773423589427,24.676129267092684,84.28750135834566,114.55999755859375,14.48234520759647,21.603461850779965,73.46278771697075,170.66934204101562,96.72134399414062,24.413095474243164,84.4272689819336,115.5999984741211,14.693704605102539,21.645231246948242,73.44671630859375
2015-04-02,170.60294970108774,96.81340988036743,24.533465021422018,84.41172780439466,115.47000122070312,14.583799327408675,21.46979490335499,73.44667426732626,171.28330993652344,96.7857894897461,24.47996711730957,84.1865463256836,115.27999877929688,14.6176176071167,21.478147506713867,73.4627456665039
2015-04-06,170.39548636758687,96.21494173462249,24.18127019224956,84.59803281876044,117.31999969482422,14.752886904079656,21.21917491267477,73.4627456665039,172.43655395507812,97.57760620117188,24.542383193969727,84.29520416259766,116.69000244140625,14.80361270904541,21.31106948852539,73.4627456665039
2015-04-07,172.46148275849654,97.52237733521446,24.52900962530166,84.19433792231798,116.2699966430664,14.803613052567751,21.48650130304444,73.4788589477539,171.98025512695312,97.41189575195312,24.55575942993164,84.36516571044922,116.11000061035156,14.8797025680542,21.553333282470703,73.4788589477539
2015-04-08,172.20425493830373,97.44869571772823,24.47104977003748,84.38064238593529,115.9800033569336,14.837429759135745,21.428025375461253,73.4788589477539,172.56101989746094,98.18527221679688,24.67612648010254,84.28746795654297,115.47000122070312,14.592253684997559,21.58675193786621,73.4788589477539
2015-04-09,172.39505043245813,98.13925222937856,24.466594934298683,84.2331406652703,114.80000305175781,14.60916282460552,21.645228514752933,73.4627456665039,173.32431030273438,98.80216979980469,24.92133140563965,83.94583892822266,114.66999816894531,14.592253684997559,21.81230926513672,73.4627456665039
2015-04-10,173.57325759435778,98.76535084302074,24.890125895041574,84.1088782914716,116.0,14.70216055202663,21.8624324798584,73.44667426732626,174.27020263671875,99.2072982788086,25.068452835083008,83.92252349853516,115.97000122070312,14.744433403015137,21.8624324798584,73.4627456665039
2015-04-13,174.12917502382024,99.28093644072038,25.07736691410052,83.96914326287352,115.3499984741211,14.77824948004629,21.9042015171387,73.44671630859375,173.4820098876953,98.95868682861328,24.894580841064453,84.0933837890625,115.13999938964844,14.676797866821289,21.89584732055664,73.44671630859375
2015-04-14,173.28283532501257,98.8573806354163,24.907954869587428,84.48160261227976,114.69000244140625,14.727524262619735,21.737125407467897,73.4627456665039,173.8138427734375,98.67323303222656,24.667213439941406,84.34183502197266,114.44000244140625,14.744433403015137,21.728771209716797,73.4627456665039
2015-04-15,174.27847263589555,98.93105910304415,24.823253750607666,84.47384159645932,114.80000305175781,14.837429212481172,21.728769738400942,73.44671630859375,174.59375,99.2901382446289,25.12641143798828,84.388427734375,115.43000030517578,15.040335655212402,21.628520965576172,73.44671630859375
2015-04-16,174.26189611739576,99.02312348785173,24.845539689113785,84.43500561253278,115.55000305175781,15.074152470139735,21.536627218637964,73.44667426732626,174.5439910888672,99.15202331542969,25.014951705932617,84.4505386352539,115.02999877929688,15.200967788696289,21.461441040039062,73.4627456665039
2015-04-17,173.35755579846713,98.2036921468845,24.78312449623533,84.38069198150257,115.37999725341797,15.192512592575333,21.48650401082207,73.44671630859375,172.53614807128906,97.605224609375,24.693960189819336,84.62140655517578,115.5999984741211,15.167150497436523,21.411317825317383,73.44671630859375
2015-04-20,173.45707874305626,98.09321011872574,24.82770910766309,84.5825537051479,114.81999969482422,15.057244018778656,21.53662872314453,73.46278771697075,174.112548828125,99.06916809082031,24.89904022216797,84.46607971191406,114.72000122070312,15.099516868591309,21.53662872314453,73.44671630859375
2015-04-21,174.79293925483387,99.64000915293177,25.144242849007775,84.40393599328338,114.72000122070312,15.031881613595377,21.628523275400145,73.44667426732626,173.90516662597656,99.49269104003906,25.05953598022461,84.28746795654297,115.37999725341797,14.989608764648438,21.561691284179688,73.4627456665039
2015-04-22,174.24528201169025,99.7504692750116,25.237864827823284,84.23316821862727,114.83000183105469,15.031881085719913,21.52827608526964,73.46278771697075,174.75970458984375,100.03589630126953,25.514272689819336,83.79833221435547,113.83000183105469,15.040335655212402,21.561691284179688,73.44671630859375
2015-04-23,174.36148812213582,99.69527087036461,25.050618582031372,83.85263185036708,113.9000015258789,15.099515444750152,21.544981801156645,73.44671630859375,175.19949340820312,100.4134292602539,25.251237869262695,84.05451965332031,114.66000366210938,15.226330757141113,21.402963638305664,73.44671630859375
2015-04-24,175.6143689483349,101.4722617370178,25.31810660704317,84.18655576169543,113.95999908447266,15.209420911879533,21.319425582885742,73.44671630859375,175.60606384277344,101.7761001586914,24.983741760253906,84.34961700439453,113.05000305175781,15.217875480651855,21.319425582885742,73.44671630859375
2015-04-27,176.17023044811464,102.15357011806381,25.019409748268345,84.25643223038166,113.87000274658203,15.226330049424178,21.32777826959646,73.44667426732626,174.8759002685547,101.51828002929688,25.184364318847656,84.21760559082031,115.33000183105469,15.217875480651855,21.252592086791992,73.4627456665039
2015-04-28,174.85102087644302,101.59193054453137,25.15761400814409,84.01568520904956,115.36000061035156,15.234785787024348,21.210821896870442,73.44667426732626,175.4318084716797,101.31571960449219,25.16653060913086,83.82933044433594,116.33000183105469,15.243240356445312,21.118928909301758,73.4627456665039
2015-04-29,174.54402602905753,100.75407134549495,24.988199209917372,83.43336968520636,116.05999755859375,15.251696137966015,20.993616489762918,73.4627456665039,174.70997619628906,100.68041229248047,24.983741760253906,83.51878356933594,115.51000213623047,15.344693183898926,20.935138702392578,73.4627456665039
2015-04-30,174.1374775440112,100.10959642058492,24.89903961658316,83.22370705847914,113.87999725341797,15.353145917789806,20.94349368618037,73.44667426732626,172.9593048095703,99.0968017578125,24.725170135498047,83.49547576904297,113.47000122070312,15.463053703308105,20.809829711914062,73.4627456665039
2015-05-01,173.73920137750798,99.4834957564116,24.948079160645186,83.24893592634521,112.41999816894531,15.37851011541188,20.809827375214322,73.44671630859375,174.83441162109375,100.40421295166016,25.4295654296875,83.0389633178711,113.08000183105469,15.446145057678223,20.910076141357422,73.44671630859375
2015-05-04,175.25753173188116,100.72645889126788,25.456315649521972,83.10896167220334,114.18000030517578,15.3869649304895,20.943492858729613,73.4627456665039,175.33221435546875,100.56993865966797,25.291362762451172,82.86788177490234,114.0999984741211,15.437690734863281,20.968555450439453,73.4627456665039
2015-05-05,175.09157520479977,100.17401146066557,25.153155278345377,82.91457187011426,114.88999938964844,15.572960146315733,20.96855392435753,73.4627456665039,173.32431030273438,98.93103790283203,24.80987548828125,82.7279281616211,114.41999816894531,15.564505577087402,20.910076141357422,73.4627456665039
2015-05-06,173.87195706754807,99.1060002603919,24.934706188738488,82.58791212103627,114.58999633789062,15.564505577087404,20.742994697104827,73.4627456665039,172.61080932617188,98.2497329711914,24.805418014526367,82.3235092163086,114.36000061035156,15.564505577087402,20.676162719726562,73.4627456665039
2015-05-07,172.5112563713364,98.22214075153273,24.86782766099313,82.47129636839045,113.83999633789062,15.556051714422551,20.75970424649209,73.46278771697075,173.29946899414062,98.83901977539062,24.983741760253906,82.6734848022461,113.41999816894531,15.319330215454102,20.784765243530273,73.44671630859375
2015-05-08,174.96716101043745,99.86099347442638,25.162070868861534,83.17892434409696,114.33999633789062,15.31087450255193,20.776414515047616,73.44667426732626,175.5811309814453,100.07276153564453,25.220027923583984,82.9922866821289,113.97000122070312,15.403871536254883,20.809829711914062,73.4627456665039
2015-05-11,175.53971250189247,100.13719158307931,25.2021963747116,82.7357081500546,114.08999633789062,15.403870936732702,20.893371604348847,73.44671630859375,174.74319458007812,99.68603515625,25.21111297607422,82.17578887939453,113.52999877929688,15.336236000061035,20.876663208007812,73.44671630859375
2015-05-12,173.91341300842794,99.0967924395117,25.126406690586613,82.04359811192144,114.0999984741211,15.386964817143578,20.75970458984375,73.44667426732626,174.22039794921875,99.23490142822266,25.0194091796875,82.2380142211914,114.5,15.496870994567871,20.75970458984375,73.4627456665039
2015-05-13,174.62704000715308,99.66761057465165,25.081823220070735,82.54908994318735,115.73999786376953,15.632139422332875,20.617685365535774,73.44667426732626,174.25367736816406,99.43743133544922,25.14423942565918,82.129150390625,116.55000305175781,15.513778686523438,20.57591438293457,73.4627456665039
2015-05-14,175.26588372196588,100.24768279311948,25.286906249623133,82.23799342318408,117.27999877929688,15.606778144836426,20.46731340419399,73.44671630859375,176.07069396972656,100.8921890258789,25.40281867980957,82.4090805053711,117.18000030517578,15.606778144836426,20.509082794189453,73.44671630859375
2015-05-15,176.2615203857422,101.14998870917687,25.49198019252779,82.6501239553179,116.80000305175781,15.479963358487122,20.60097963805717,73.46278771697075,176.2615203857422,100.8921890258789,25.4384822845459,83.00007629394531,117.52999877929688,15.598325729370117,20.475669860839844,73.44671630859375
2015-05-18,176.09560028556285,100.72645965493632,25.50089678734226,82.66568593164183,117.77999877929688,15.556052207946776,20.57591395695915,73.46278771697075,176.80914306640625,101.3341293334961,25.661392211914062,82.4401626586914,117.5199966430664,15.556052207946777,20.676162719726562,73.44671630859375
2015-05-19,176.92524966742405,101.44461822556039,25.768384834622236,82.06690583943981,116.55000305175781,15.395417302814334,20.935137128218575,73.46278771697075,176.75100708007812,101.22364807128906,25.616806030273438,82.0746841430664,115.88999938964844,15.226330757141113,20.91843032836914,73.44671630859375
2015-05-20,176.85058157999936,101.29728805046831,25.60343213234078,82.27689021205144,116.02999877929688,15.23478631444965,20.976907749040038,73.44671630859375,176.62657165527344,101.2880859375,25.692596435546875,82.25355529785156,116.08000183105469,15.192513465881348,20.9601993560791,73.44671630859375
2015-05-21,176.48548802195896,101.11315735549954,25.674764527654773,82.51009914206742,115.52999877929688,15.30242096176108,20.935136804527815,73.44667426732626,177.1409454345703,101.81290435791016,25.74163818359375,82.74340057373047,115.69000244140625,15.378510475158691,20.926782608032227,73.4627456665039
2015-05-22,176.7593246131695,101.69319824086438,25.719348266011515,82.58793270561401,115.51000213623047,15.251694958707079,21.06880372328217,73.44667426732626,176.7178497314453,101.71161651611328,25.763931274414062,82.55683135986328,115.5999984741211,15.20942211151123,21.118928909301758,73.4627456665039
2015-05-26,176.22829770881899,101.4906649135329,25.723806019873596,82.59575353067228,113.83999633789062,15.03188030617774,21.32777751844997,73.4627456665039,174.81781005859375,100.54232025146484,25.558853149414062,83.07012939453125,113.91000366210938,14.913517951965332,21.35283851623535,73.4627456665039
2015-05-27,175.27414079278412,100.8461398085155,25.688137437143553,82.9612076883183,113.77999877929688,14.78670467750145,21.44473116561811,73.44667426732626,176.47720336914062,102.16276550292969,26.51290512084961,83.02342224121094,113.88999938964844,14.710615158081055,21.361190795898438,73.4627456665039
2015-05-28,176.17022636479442,101.96943909236737,26.490615481821585,83.01565275302909,113.8499984741211,14.69370540742071,21.39461179298472,73.46278771697075,176.27809143066406,101.93260955810547,26.548572540283203,83.1011962890625,114.0199966430664,14.786704063415527,21.302717208862305,73.44671630859375
2015-05-29,176.21166321151807,101.86813270653799,26.584242025287033,83.24891961928435,114.13999938964844,14.778248903791672,21.29436114514071,73.46278771697075,175.18283081054688,101.32491302490234,26.66448974609375,83.14781951904297,114.0999984741211,14.972699165344238,21.269298553466797,73.44671630859375
2015-06-01,175.84661200993233,101.86816256972492,26.735818301079497,83.1314587386445,115.0199966430664,14.947336443260168,21.29435878177602,73.46278771697075,175.5396270751953,101.66560363769531,26.570863723754883,82.78095245361328,114.0,14.938881874084473,21.394607543945312,73.44671630859375
2015-06-02,175.0833224787473,101.28810485590735,26.441579084946067,82.46941132624218,114.36000061035156,15.031881136749169,21.127283171098465,73.4627456665039,175.36541748046875,101.34334564208984,26.191919326782227,82.20458984375,114.45999908447266,15.116423606872559,21.068803787231445,73.4627456665039
2015-06-03,175.8964709297817,101.80370652664374,26.36132857245231,81.8930180481928,114.12999725341797,15.048788545189057,21.06044656516153,73.4627456665039,175.83009338378906,101.64718627929688,26.009130477905273,81.50357055664062,113.63999938964844,14.92197322845459,20.926782608032227,73.4627456665039
2015-06-04,175.12484522024155,101.07636114920798,25.924423200293724,81.6749756292595,112.9800033569336,14.837429870074372,20.93513868192648,73.46278771697075,174.3449249267578,100.8738021850586,25.701513290405273,81.9008560180664,112.83999633789062,14.786704063415527,20.951847076416016,73.44671630859375
2015-06-05,174.19554356303513,100.75409012913961,25.64355608597767,81.32445727065885,111.5999984741211,14.64297924206565,21.252590630196856,73.46278771697075,174.04620361328125,100.6343994140625,25.625722885131836,81.30887603759766,112.23999786376953,14.854338645935059,21.13563346862793,73.44671630859375
2015-06-08,173.93831567945017,100.58832340903257,25.630183656436508,81.51915160493715,112.38999938964844,14.837428308144128,21.027033646265213,73.44671408215459,172.97586059570312,99.61236572265625,25.16653060913086,81.4256820678711,112.56999969482422,14.862792015075684,20.893369674682617,73.43064880371094
2015-06-09,172.9509735107422,99.37301909127684,25.18882372311089,81.35563544186536,113.1500015258789,15.082607728666249,20.92678490212714,73.44671408215459,172.9509735107422,99.4466781616211,25.193281173706055,81.1609115600586,112.81999969482422,15.099516868591309,20.86830711364746,73.43064880371094
2015-06-10,173.71431032637201,99.78731439444618,25.335943519327177,81.02844672324213,114.13999938964844,15.26014874197128,20.717933615012264,73.43065102966311,175.02523803710938,100.80931091308594,25.576684951782227,80.84930419921875,113.77999877929688,15.158697128295898,20.75135040283203,73.44671630859375
2015-06-11,175.46499965066585,101.14999191948894,25.714888593014315,81.12971556289558,113.2699966430664,15.116425011543022,20.876661699047215,73.44667426732626,175.58946228027344,100.9566421508789,25.607891082763672,81.48800659179688,113.26000213623047,15.023427963256836,20.809829711914062,73.4627456665039
2015-06-12,174.7680612814801,100.4226199316182,25.48751974603618,81.34779007177593,113.05999755859375,14.964246901832517,20.876661720241945,73.46278771697075,174.24534606933594,100.12799072265625,25.389440536499023,81.44125366210938,113.2300033569336,14.871248245239258,20.793121337890625,73.44671630859375
2015-06-15,173.1086970120877,99.3822078091592,25.139780893311034,81.8541065851927,113.27999877929688,14.769794430705396,20.893368534268163,73.4627456665039,173.4986572265625,99.63079833984375,25.3181095123291,81.63601684570312,113.7300033569336,14.80361270904541,20.776412963867188,73.4627456665039
2015-06-16,173.34917190872514,99.52954302488867,25.224488700577393,81.81513717962622,113.08000183105469,14.80361403761998,20.818185806274414,73.43064880371094,174.4443817138672,100.1740493774414,25.4295654296875,81.94754791259766,113.31999969482422,14.845885276794434,20.818185806274414,73.43064880371094
2015-06-17,174.7265625,100.33974428297847,25.429565959646638,81.8308020794831,113.06999969482422,15.006516679497855,20.776413766078605,73.44667426732626,174.7265625,100.45022583007812,25.45185661315918,81.99436950683594,113.8499984741211,14.888155937194824,20.634395599365234,73.4627456665039
2015-06-18,175.32391899123522,100.81853645070842,25.53656345856446,81.88525382220277,115.19000244140625,14.930427170147572,20.50908272671012,73.4627854900444,176.5435791015625,101.91419219970703,25.812973022460938,81.93199157714844,115.31999969482422,14.888155937194824,20.567562103271484,73.43064880371094
2015-06-19,176.3018084335659,101.96403128594054,25.87984050188503,82.2357609271948,115.33999633789062,14.727524015662285,20.617685317993164,73.44671408215459,175.75987243652344,101.41033172607422,25.719345092773438,82.36817169189453,115.12000274658203,14.752887725830078,20.617685317993164,73.43064880371094
2015-06-22,176.6770023791208,102.15782928466797,25.9110496734804,82.00205355797189,113.79000091552734,14.702159486569634,20.60933266369519,73.43065102966311,176.6603240966797,102.15782928466797,25.942256927490234,81.67491912841797,113.63999938964844,14.80361270904541,20.659456253051758,73.44671630859375
2015-06-23,176.8687638249379,102.26853626912254,25.986842535421538,81.37895027058661,112.95999908447266,14.778247719660579,20.926784860478477,73.43064880371094,176.78538513183594,102.24085235595703,25.81743049621582,81.4256820678711,112.88999938964844,14.981152534484863,20.901723861694336,73.43064880371094
2015-06-24,176.51859330058082,102.12091625851063,25.821882735960745,81.56589817816054,112.4800033569336,14.930428374197062,20.89337162670219,73.44671408215459,175.50143432617188,101.7148666381836,25.616806030273438,81.66715240478516,112.58999633789062,14.8797025680542,20.859954833984375,73.43064880371094
2015-06-25,176.00165632585197,102.11166957524838,25.8040547117893,81.46466827392578,112.43000030517578,14.845884747105673,20.843242663296255,73.44671630859375,174.9678192138672,101.51182556152344,25.674766540527344,81.46466827392578,112.44000244140625,14.896612167358398,20.826534271240234,73.44671630859375
2015-06-26,175.32633823537532,101.49339192954258,25.420647262297617,81.15312776704455,112.19999694824219,14.955791226906678,20.910078079880186,73.43064880371094,174.9344940185547,100.83817291259766,24.9257869720459,81.07523345947266,112.55999755859375,14.964245796203613,20.8850154876709,73.43064880371094
2015-06-29,173.45875114834269,99.72151628750797,24.600337586791944,81.5892901055088,112.80999755859375,14.913519694898287,20.9100769381532,73.43065102966311,171.26602172851562,98.45723724365234,24.212474822998047,82.01768493652344,113.06999969482422,14.896612167358398,20.76805877685547,73.44671630859375
2015-06-30,172.80014629128402,99.19549597326484,24.45321914059798,81.66719058116983,112.23999786376953,14.93888116134167,20.809827375214322,73.44671630859375,171.6245880126953,98.80790710449219,24.32839012145996,81.79181671142578,112.37000274658203,15.217875480651855,20.910076141357422,73.44671630859375
2015-07-01,173.19195405817197,99.78611775345459,24.56913370489994,81.44227409150248,112.12000274658203,15.099516276903032,21.018678281749306,73.44671630859375,173.0001983642578,99.59232330322266,24.422012329101562,81.36426544189453,111.9800033569336,15.031881332397461,21.07715606689453,73.44671630859375
2015-07-02,173.47545965044043,99.87843297269734,24.515637775412806,81.64516502608963,111.66000366210938,15.048789601650254,21.035387049256293,73.44671630859375,172.84181213378906,99.62003326416016,24.573593139648438,81.65296173095703,111.76000213623047,15.006518363952637,21.02703285217285,73.44671630859375
2015-07-06,171.5578222941568,98.99249346816859,24.32839004128744,82.2692030827628,111.70999908447266,14.642977220949076,21.127283171098465,73.43065102966311,172.34986877441406,99.38931274414062,24.17681121826172,82.2302017211914,112.05999755859375,14.516161918640137,21.068803787231445,73.44671630859375
2015-07-07,172.55000349604325,99.50006974034339,24.029690343752257,82.67486061772885,111.08000183105469,14.42316507461862,21.252590630196856,73.43064880371094,173.4337615966797,99.63849639892578,24.056438446044922,82.4486312866211,110.76000213623047,14.431619644165039,21.13563346862793,73.43064880371094
2015-07-08,172.09971621301557,98.9278887667883,23.820153575084717,82.61244038921718,111.37999725341797,14.397801428842586,21.068802213950743,73.44671408215459,170.52395629882812,97.9035415649414,23.427831649780273,82.77626037597656,111.08999633789062,14.363983154296875,21.052095413208008,73.43064880371094
2015-07-09,172.6166988345158,99.20473562848856,23.88703007672301,82.3706218477324,111.80000305175781,14.541527040935538,21.06880372328217,73.43064880371094,170.83250427246094,97.8481674194336,23.1648006439209,82.19900512695312,111.36000061035156,14.533072471618652,21.118928909301758,73.43064880371094
2015-07-10,172.82509340693198,99.14938331245676,23.392169160967025,81.66855444419197,111.18000030517578,14.56688877770325,20.91843186041997,73.44671408215459,172.98350524902344,99.34317779541016,23.583871841430664,81.62954711914062,111.48999786376953,14.600707054138184,20.968555450439453,73.43064880371094
2015-07-13,174.24249393444856,100.20143572617994,23.726533550638347,81.27070713699625,110.43000030517578,14.575343101088329,21.12728081650126,73.43064880371094,174.89280700683594,101.08735656738281,23.78894805908203,81.41112518310547,110.98999786376953,14.609161376953125,21.177404403686523,73.43064880371094
2015-07-14,174.85110984533196,101.22575444964855,23.900402239707656,81.62953363598153,111.0,14.516163252583077,21.08551367572925,73.43065102966311,175.6514892578125,101.75177001953125,23.980649948120117,81.66854095458984,110.73999786376953,14.55843448638916,21.143991470336914,73.44671630859375
2015-07-15,175.693199165046,101.94556948081767,24.025230034536527,81.5749268263995,110.0,14.465436582743076,21.210821120675906,73.44671408215459,175.59315490722656,101.86251068115234,23.86027717590332,81.98057556152344,110.16000366210938,14.389347076416016,21.235883712768555,73.43064880371094
2015-07-16,176.64369931326047,102.70229519882885,23.994024422209428,81.76995362969795,109.66999816894531,14.43161962645083,21.35283851623535,73.43064880371094,177.00221252441406,103.30213928222656,23.846904754638672,81.94937896728516,109.76000213623047,14.3217134475708,21.35283851623535,73.43064880371094
2015-07-17,176.99382504937782,104.13268766162437,23.842447027724013,81.87134962344919,109.11000061035156,14.296350349073096,21.361192653114106,73.44671630859375,177.15223693847656,104.82481384277344,23.83353042602539,81.95716094970703,108.6500015258789,14.245624542236328,21.402963638305664,73.44671630859375
2015-07-20,177.37729726998376,105.04628864066535,23.855819958340906,81.8167217029249,106.5999984741211,14.09344543501115,21.428026220629597,73.43064880371094,177.243896484375,105.1847152709961,23.641826629638672,81.79331970214844,105.69999694824219,14.017355918884277,21.411317825317383,73.43064880371094
2015-07-21,177.1105134144091,105.2215996294783,23.637368878685603,81.70752115459157,105.80999755859375,14.059625133966891,21.377899932090564,73.44671630859375,176.5435791015625,105.1200942993164,23.623994827270508,82.01956176757812,105.37000274658203,14.076534271240234,21.260944366455078,73.44671630859375
2015-07-22,175.85989978960689,103.51437710092921,22.968639541429603,82.04295539293331,104.38999938964844,13.95817556346238,21.336132080139247,73.44671408215459,176.22674560546875,103.92965698242188,23.048887252807617,82.12096405029297,104.80000305175781,13.873631477355957,21.31106948852539,73.43064880371094
2015-07-23,176.3601524260903,104.03115387513415,23.20046464126053,82.04298476867164,104.9800033569336,13.924356555089643,21.29436151130293,73.43064880371094,175.23460388183594,103.54204559326172,23.369874954223633,82.45643615722656,104.33000183105469,13.755270004272461,21.227529525756836,73.43064880371094
2015-07-24,175.33469446500777,104.09578593105189,23.427837398761707,82.5188795487727,103.61000061035156,13.696088358477608,21.311067952670275,73.43065102966311,173.41709899902344,102.52696228027344,22.8304386138916,82.53448486328125,105.3499984741211,13.645360946655273,21.260944366455078,73.44671630859375
2015-07-27,172.53330165520254,101.94556331033115,22.683316611100626,82.83091239380212,104.94000244140625,13.484730313995879,21.077156047063585,73.43064880371094,172.40823364257812,101.67794036865234,22.74127197265625,82.80751037597656,104.86000061035156,13.383277893066406,21.09386444091797,73.43064880371094
2015-07-28,173.24194921997795,102.13016889823169,22.821518523004993,82.6046146827125,105.08999633789062,13.45936566672409,21.160696403057333,73.44671408215459,174.52590942382812,102.55467224121094,23.21384048461914,82.57341003417969,105.0199966430664,13.493183135986328,21.110572814941406,73.43064880371094
2015-07-29,174.65102063440906,102.77614252140923,23.25842033020765,82.4954434757126,104.93000030517578,13.467821711473443,21.14398914547416,73.44671630859375,175.72654724121094,102.94225311279297,23.30746078491211,82.45643615722656,105.16999816894531,13.535456657409668,21.227529525756836,73.44671630859375
2015-07-30,175.21796542521344,102.70229504625492,23.31637903123235,82.40182816226994,104.02999877929688,13.527001808752482,21.302715291320773,73.43065102966311,175.7682342529297,103.43133544921875,23.521455764770508,82.550048828125,104.2699966430664,13.484729766845703,21.31106948852539,73.44671630859375
2015-07-31,176.26846994720444,103.75433472785004,23.508082555463726,82.96354042555804,105.41000366210938,13.543910429995679,21.06880294201768,73.43065102966311,175.50143432617188,103.31137084960938,23.249507904052734,83.03375244140625,104.93000030517578,13.29873275756836,21.244237899780273,73.44671630859375
2015-08-03,175.46806861139632,103.32983190297959,23.20938309803233,83.05247800481641,104.58999633789062,13.146555310291161,21.269300427967863,73.44671630859375,174.90945434570312,102.9883804321289,23.138051986694336,83.286865234375,104.0999984741211,13.078920364379883,21.294363021850586,73.44671630859375
2015-08-04,174.83441582600307,102.94224315555392,23.08009419272623,83.16967881991903,104.55999755859375,13.163463032856901,21.286006473169458,73.43064880371094,174.567626953125,102.79458618164062,22.89284896850586,82.85716247558594,104.30999755859375,13.155009269714355,21.402963638305664,73.43064880371094
2015-08-05,175.45974010894733,103.36675550802902,23.285172447117507,82.66185367817394,104.41999816894531,13.188828378598226,21.38625334764787,73.43064880371094,175.14292907714844,103.5882339477539,23.169260025024414,82.5368423461914,103.93000030517578,13.104284286499023,21.394607543945312,73.43064880371094
2015-08-06,175.32634530357268,103.68046538648838,23.18263088173124,82.66180914382684,104.1500015258789,13.045103202502757,21.402963698606445,73.44671408215459,173.7089080810547,101.92707824707031,22.901763916015625,82.82588195800781,104.38999938964844,13.095829010009766,21.35283851623535,73.43064880371094
2015-08-07,173.55045633576466,101.6779465987961,22.82151585584478,82.89619857652933,104.55999755859375,13.045103073120117,21.444735365305615,73.44671408215459,173.3753662109375,101.79791259765625,22.959720611572266,83.1540298461914,104.6500015258789,13.045103073120117,21.319425582885742,73.43064880371094
2015-08-10,174.4842726082692,102.44391564017651,23.093467720410032,82.88057728830637,105.02999877929688,13.104282711663958,21.32777831118567,73.43065102966311,175.55979919433594,102.96070098876953,23.539287567138672,82.81025695800781,105.72000122070312,13.3240966796875,21.219175338745117,73.44671630859375
2015-08-11,174.22575497501467,102.41623735231214,23.182633516256452,83.2555817193812,106.48999786376953,13.163463279773783,21.160697550538767,73.43064880371094,173.9756317138672,101.64105224609375,23.004304885864258,83.3571548461914,106.26000213623047,13.146554946899414,21.219175338745117,73.43064880371094
2015-08-12,172.67509789978138,100.93966810772774,22.71006347732894,83.49000821786109,106.98999786376953,13.205736713254737,21.043739374820124,73.44671408215459,174.1841583251953,101.99169921875,23.0622615814209,83.32593536376953,107.75,13.104284286499023,20.993614196777344,73.43064880371094
2015-08-13,174.02570109250638,102.09321498732768,22.995389180088335,83.13841529593063,106.94999694824219,13.053556836772657,21.077156441273335,73.44671408215459,173.96734619140625,101.82559204101562,22.745729446411133,83.10716247558594,106.86000061035156,13.045103073120117,21.02703285217285,73.43064880371094
2015-08-14,173.77560986168024,101.58566363654975,22.643188809236513,82.9586964592278,107.06999969482422,13.01128550420016,21.052095059581905,73.4306832318312,174.60101318359375,101.98248291015625,22.580774307250977,83.02120208740234,106.8499984741211,12.960558891296387,21.08551025390625,73.41461181640625
2015-08-17,174.00901651227431,101.73332136561032,22.473783077947477,83.30246552804157,107.37000274658203,12.994375273444097,21.06880372328217,73.41461181640625,175.57643127441406,102.83149719238281,22.754650115966797,83.16963958740234,107.12999725341797,12.909832000732422,21.118928909301758,73.41461181640625
2015-08-18,175.30127030443117,102.69307759637336,22.710062444386637,83.02904290822234,106.66999816894531,12.82528813222759,21.18575861021096,73.41457739582111,175.0678253173828,102.30548858642578,22.35340690612793,83.03685760498047,107.11000061035156,12.842196464538574,21.169050216674805,73.43064880371094
2015-08-19,174.32583589007928,101.99168749991016,22.3890732830256,82.87277223415629,107.62999725341797,12.859106729609527,21.17740328250886,73.43065102966311,173.68386840820312,101.63178253173828,22.126039505004883,83.54469299316406,108.55000305175781,12.698473930358887,21.035385131835938,73.44671630859375
2015-08-20,172.17488994247086,100.69052303142126,21.94325381842941,83.6697280734801,109.80999755859375,12.816833541904742,20.976908111342365,73.41457739582111,170.0572052001953,98.81716918945312,21.403810501098633,83.77130126953125,110.44000244140625,12.732290267944336,20.91843032836914,73.43064880371094
2015-08-21,168.18956903137342,97.42368369589235,21.14969284394375,83.88846735271943,110.93000030517578,12.647746561723253,20.793119834123825,73.44671408215459,164.93800354003906,94.49829864501953,20.85991096496582,84.10723114013672,111.12999725341797,12.520931243896484,20.717933654785156,73.43064880371094
2015-08-24,156.31714588799085,86.95871780758614,19.40654003724884,84.77131974584628,111.54000091552734,12.182756488482624,20.23340334855419,73.44671408215459,157.99295043945312,90.8623046875,20.530006408691406,84.24784851074219,110.52999877929688,12.20811939239502,20.37542152404785,73.43064880371094
2015-08-25,162.937051181498,94.19376010699703,20.940160996262886,83.91967588573353,110.01000213623047,12.411024356896665,20.525793086001606,73.43064880371094,156.13377380371094,90.5208740234375,20.356136322021484,83.78684997558594,109.16000366210938,12.258845329284668,20.517438888549805,73.43064880371094
2015-08-26,160.1440605856455,93.16942833155932,20.76183142912445,83.40407554116946,107.72000122070312,12.225028467761721,20.692872597733132,73.43065102966311,162.12835693359375,95.07969665527344,21.287899017333984,83.27125549316406,107.66999816894531,12.182756423950195,20.76805877685547,73.44671630859375
2015-08-27,164.26264410364965,96.45469604728603,21.568767001484133,83.15404322604891,107.33000183105469,12.343389718008387,20.89336966429955,73.44671408215459,166.1385498046875,97.48827362060547,21.996753692626953,83.22435760498047,107.7300033569336,12.622384071350098,20.901723861694336,73.43064880371094
2015-08-28,165.49662894695211,96.97150163865551,21.97000097599231,83.56030592368056,108.16999816894531,12.68156291038499,20.88501507147352,73.44671630859375,166.14694213867188,97.46983337402344,22.18399429321289,83.23997497558594,108.69999694824219,12.952102661132812,20.968555450439453,73.44671630859375
2015-08-31,165.17142653523922,96.92533695127433,22.085918449523025,83.53688521980231,108.19000244140625,12.808379198790398,20.901723506781043,73.44671630859375,164.80458068847656,96.26089477539062,22.090375900268555,83.09935760498047,108.81999969482422,13.264915466308594,20.935138702392578,73.44671630859375
2015-09-01,161.01114116727678,93.86153931276284,21.64901278200707,83.33175460396949,109.62999725341797,13.095828553243424,20.851599106347184,73.44671630859375,159.88560485839844,93.25247192382812,21.403810501098633,83.47261047363281,109.19999694824219,12.825288772583008,20.809829711914062,73.44671630859375
2015-09-02,162.26170577699753,94.94124995051054,21.831797353048863,83.28481071777395,109.01000213623047,12.985921729227773,20.910076131744383,73.43064880371094,162.9203643798828,95.8825454711914,21.934335708618164,83.24568176269531,108.62000274658203,12.935195922851562,20.91843032836914,73.43064880371094
2015-09-03,163.62900898451664,96.26090983191946,22.126040059142063,83.44915771484375,107.7699966430664,12.960558775037565,21.04373934680052,73.44671630859375,163.0370635986328,95.41190338134766,22.152788162231445,83.44915771484375,107.83999633789062,13.019739151000977,21.0186767578125,73.44671630859375
2015-09-04,160.78603920822766,94.10146882151919,21.916502947268818,83.60559596151212,107.13999938964844,12.943650147243092,21.018676785798736,73.43064880371094,160.5692596435547,94.27680969238281,21.8050479888916,83.70732879638672,107.48999786376953,12.859106063842773,20.993614196777344,73.43064880371094
2015-09-08,163.36221854722507,96.08555640550948,22.331117782956202,83.35517893406013,107.5999984741211,12.89292229222474,20.95184552146809,73.43064880371094,164.60447692871094,96.93456268310547,22.634275436401367,83.33953094482422,107.5199966430664,12.952102661132812,20.91843032836914,73.43064880371094
2015-09-09,166.18029407215408,98.07886983476565,22.839352908331346,83.01872988498987,106.63999938964844,12.969012699528607,21.001969107816556,73.43064880371094,162.40345764160156,95.84561157226562,22.29099464416504,83.3708724975586,106.12999725341797,12.783016204833984,20.91843032836914,73.43064880371094
2015-09-10,162.2116440453836,95.73489172467107,22.241952196582563,83.30044986345106,106.61000061035156,12.791469994038485,20.91007845753478,73.4306832318312,163.28717041015625,96.88843536376953,22.362323760986328,83.18307495117188,106.37999725341797,12.892922401428223,20.83489227294922,73.41461181640625
2015-09-11,162.89532399093918,96.4454577364731,22.161705514208464,83.3552428473198,105.6500015258789,12.783016860491422,20.834890788968575,73.41457739582111,164.02920532226562,97.42366027832031,22.402448654174805,83.4021987915039,106.16000366210938,12.876014709472656,20.742996215820312,73.43064880371094
2015-09-14,164.20427649476838,97.78356107695288,22.531738143287324,83.57434413648173,105.86000061035156,12.783016566613561,20.75135040283203,73.41457739582111,163.42056274414062,97.12834930419922,22.455947875976562,83.48043823242188,106.22000122070312,12.715381622314453,20.75135040283203,73.43064880371094
2015-09-15,163.92082498705662,97.35904741680618,22.65211061188223,83.31611104299378,105.83000183105469,12.723836716519639,20.776414483471616,73.44674851780707,165.46324157714844,98.27265167236328,22.785856246948242,82.82311248779297,105.9000015258789,12.757654190063477,20.83489227294922,73.41461181640625
2015-09-16,165.76336354174293,98.29114661000877,22.848265735644752,82.77619236544643,106.5999984741211,12.850650712134687,20.809828158238833,73.41461181640625,166.89723205566406,98.82638549804688,22.888389587402344,82.79966735839844,107.30999755859375,12.969012260437012,20.776412963867188,73.41461181640625
2015-09-17,166.76387002000322,98.72486929292518,22.88839335353113,82.76048895748735,107.06999969482422,12.918286504566352,20.734641265825857,73.41461181640625,166.52207946777344,98.86328887939453,22.74127197265625,83.48824310302734,108.41000366210938,12.884469032287598,20.559207916259766,73.41461181640625
2015-09-18,164.01877931187536,97.34617874662558,22.357868194580078,83.70735117810557,109.0999984741211,12.783016500229921,20.550854436435404,73.4306832318312,163.80087280273438,97.45718383789062,22.357868194580078,83.87950897216797,109.20999908447266,12.690018653869629,20.76805877685547,73.41461181640625
2015-09-21,164.6305281045718,97.99373645845634,22.513902067768417,83.57435665628364,108.48999786376953,12.740744442880954,20.834891886290258,73.41457739582111,164.6472930908203,97.76246643066406,22.34449005126953,83.4021987915039,108.52999877929688,12.83374309539795,20.893369674682617,73.43064880371094
2015-09-22,162.48508230140018,96.26381535279998,21.898669895119554,83.72298866348405,107.58000183105469,12.656201769431961,20.951847035549005,73.43064880371094,162.51022338867188,96.30081939697266,21.88083839416504,83.81689453125,107.79000091552734,12.757654190063477,20.98526382446289,73.43064880371094
2015-09-23,162.67783852718148,96.55986825746783,21.907588095516616,83.75426337151973,108.54000091552734,12.842197057986226,21.00197062551964,73.4306832318312,162.25042724609375,96.3748550415039,21.724802017211914,83.72296142578125,108.22000122070312,12.656201362609863,20.98526382446289,73.41461181640625
2015-09-24,161.03521979257943,95.44048771119272,21.49743626957872,84.06731331134787,109.66999816894531,12.613928716873241,20.88501354187011,73.4306832318312,161.6637725830078,96.0232925415039,21.71588706970215,83.84820556640625,110.48999786376953,12.732290267944336,20.91843032836914,73.41461181640625
2015-09-25,163.1220430473588,97.05015828550904,22.032416125016802,83.59780265240389,109.87000274658203,12.774561701910452,21.001970666484418,73.41461181640625,161.6219024658203,95.20924377441406,21.831798553466797,83.62910461425781,109.80999755859375,12.808379173278809,20.951847076416016,73.41461181640625
2015-09-28,160.72514181152218,94.80222655780615,21.760468865331948,83.74646815570236,108.37000274658203,12.681564051456284,21.02703137257923,73.43064880371094,157.56561279296875,92.49877166748047,21.368146896362305,84.10643768310547,108.41999816894531,12.630837440490723,20.926782608032227,73.43064880371094
2015-09-29,157.78355517661606,92.73000862381923,21.363687592935594,84.17682741716254,108.23999786376953,12.656201247620768,20.960201660473913,73.41457739582111,157.6578369140625,92.0177001953125,21.51526641845703,84.39593505859375,107.9800033569336,12.715381622314453,20.893369674682617,73.43064880371094
2015-09-30,159.54347975454826,93.33132437237684,21.934339658365833,84.21601879065963,106.77999877929688,12.740744230542095,20.968555450439453,73.4306832318312,160.59945678710938,94.13614654541016,22.237497329711914,84.41165161132812,106.86000061035156,12.808379173278809,20.968555450439453,73.41461181640625
2015-10-01,160.9765723137938,94.30268519603007,22.304369250081294,84.56371855904186,106.9800033569336,12.952103676143391,20.976907749040038,73.41457739582111,161.0184783935547,94.56170654296875,22.090375900268555,84.47750854492188,106.7300033569336,12.723835945129395,20.9601993560791,73.43064880371094
2015-10-02,159.040661430058,93.24808383715157,21.81842128325711,85.22988799349807,108.54000091552734,12.613928914478786,20.768057985471412,73.43064880371094,163.42376708984375,96.21759033203125,22.438112258911133,84.88504791259766,108.98999786376953,12.808379173278809,20.910076141357422,73.43064880371094
2015-10-05,164.64730088545105,96.92990364144464,22.669941498248125,84.7047439321694,109.13999938964844,12.94365006503535,20.88501354187011,73.41461181640625,166.33181762695312,97.59596252441406,22.834896087646484,84.41476440429688,108.7699966430664,12.97746753692627,20.91843032836914,73.41461181640625
2015-10-06,166.1977325448011,97.36462407793317,22.817063316874542,84.35209995875343,109.80000305175781,13.045101542487568,20.893368534268163,73.41461181640625,165.76193237304688,97.13335418701172,22.928518295288086,84.58721923828125,109.86000061035156,13.231097221374512,20.776412963867188,73.41461181640625
2015-10-07,166.6922352386378,97.74394484876959,23.17371626613815,84.3834127550391,109.75,13.349458698958085,20.78476712976051,73.41461181640625,167.11965942382812,97.7161865234375,23.27179718017578,84.37557983398438,109.69999694824219,13.205734252929688,20.801475524902344,73.41461181640625
2015-10-08,166.7341111939089,97.34614830305681,23.289632201775838,84.40691891445101,109.16000366210938,13.163463052001452,20.793119794206596,73.41461181640625,168.62815856933594,98.1047134399414,23.570497512817383,84.1561279296875,109.13999938964844,13.264915466308594,20.75135040283203,73.41461181640625
2015-10-09,168.77063532913212,98.15100522020484,23.45458189338242,84.11699128533198,110.54000091552734,13.357914151208652,20.659454355050023,73.41461181640625,168.72872924804688,98.54878997802734,23.29854393005371,84.20320129394531,110.87000274658203,13.3240966796875,20.651100158691406,73.41461181640625
2015-10-12,168.80412730347533,98.73378121672124,23.4099999087466,84.36774619036748,111.66999816894531,13.349460933939852,20.62604140209972,73.4306832318312,168.887939453125,98.7892837524414,23.334211349487305,84.48530578613281,111.30999755859375,13.112738609313965,20.634395599365234,73.41461181640625
2015-10-13,168.1588314648313,98.224993810989,23.15142561719779,84.5480352652716,111.36000061035156,13.011284188398351,20.63439373000442,73.41461181640625,167.8236083984375,98.15098571777344,23.048887252807617,84.56371307373047,111.86000061035156,13.028192520141602,20.600976943969727,73.41461181640625
2015-10-14,167.7649557607535,98.15096762525599,23.031056403247213,84.86146575628459,112.62999725341797,13.053556195566276,20.517437718699355,73.41461181640625,167.01907348632812,97.99370574951172,23.739910125732422,85.02604675292969,113.80999755859375,13.062010765075684,20.42554473876953,73.41461181640625
2015-10-15,167.68113366653773,98.35451396822376,23.900402069091797,84.88501777365519,113.19999694824219,12.98592048137536,20.542499522948685,73.41461181640625,169.58355712890625,99.6033706665039,23.900402069091797,84.73611450195312,113.29000091552734,13.028192520141602,20.559207916259766,73.41461181640625
2015-10-16,169.9858306966226,99.81613458866441,23.931609999189206,84.82232126770214,113.23999786376953,13.062010698758185,20.56756557087531,73.4306832318312,170.35458374023438,100.0196533203125,23.998483657836914,84.66557312011719,112.48999786376953,13.03664779663086,20.592626571655273,73.41461181640625
2015-10-19,169.70931338373728,99.89014494102923,24.0118580098844,84.66557873419578,112.63999938964844,12.876013553011603,20.626039163015587,73.41461181640625,170.4384307861328,100.59320068359375,24.016315460205078,84.62639617919922,112.0199966430664,12.799924850463867,20.651100158691406,73.41461181640625
2015-10-20,170.00259578875122,100.41743931482867,23.985108822583637,84.38340144222347,112.37999725341797,12.774562160573108,20.609333007568686,73.41455617956261,170.22048950195312,100.07515716552734,23.967275619506836,84.33638000488281,112.7300033569336,12.825288772583008,20.634395599365234,73.39849090576172
2015-10-21,170.6394734313065,100.58395263278506,24.243682592495407,84.49315875008456,112.37000274658203,12.732290761525299,20.634395255073564,73.39854653043037,169.1644744873047,99.464599609375,24.011856079101562,84.62639617919922,111.7300033569336,12.715381622314453,20.659456253051758,73.41461181640625
2015-10-22,170.11152414267062,100.3526798629832,24.364057619744482,84.66555637451411,111.5199966430664,12.808379997243149,20.859950591713535,73.41461181640625,172.02232360839844,101.49052429199219,24.743003845214844,84.71257781982422,111.69000244140625,12.757654190063477,20.9601993560791,73.41461181640625
2015-10-23,173.6900957948435,104.21949268372573,24.974830008982817,84.3442559388093,111.80999755859375,12.698472515560812,21.06880148776002,73.39854653043037,173.90798950195312,104.33049774169922,25.02387046813965,84.23453521728516,111.5,12.681563377380371,21.13563346862793,73.41461181640625
2015-10-26,173.73201452401705,104.2565002774838,25.001577102400336,84.37560077748928,111.7300033569336,12.67310994306454,21.127283171098465,73.41455617956261,173.4805908203125,104.395263671875,24.54684066772461,84.45397186279297,111.43000030517578,12.647747039794922,21.068803787231445,73.39849090576172
2015-10-27,172.81013461050176,104.11774862381567,24.372971317985787,84.64206239281205,111.30999755859375,12.588566780090332,21.077156056975127,73.39849090576172,173.14537048339844,104.60803985595703,24.395263671875,84.66557312011719,111.68000030517578,12.588566780090332,21.08551025390625,73.39849090576172
2015-10-28,173.480587526555,104.76529930519781,24.520089415895793,84.6263695142641,112.68000030517578,12.62238293197499,21.043740034989124,73.39849090576172,175.1148223876953,105.47760772705078,24.640460968017578,84.22666931152344,110.77999877929688,12.799924850463867,21.260944366455078,73.39849090576172
2015-10-29,174.61198147797265,104.99657240191094,24.101023959335464,84.02290952476962,110.2300033569336,12.74919884718159,21.244236394187393,73.41455617956261,175.01425170898438,105.31109619140625,24.00294303894043,83.70941925048828,109.72000122070312,12.723835945129395,21.169050216674805,73.39849090576172
2015-10-30,175.2070182725639,105.3573598594661,24.10547795227164,83.77209589070488,109.5,12.749198376617157,21.09386444091797,73.39849090576172,174.25999450683594,104.83931732177734,24.167892456054688,83.87397766113281,109.30000305175781,12.850650787353516,21.09386444091797,73.39849090576172
2015-11-02,174.58681062981634,105.11682558286707,24.22585164619036,83.69586083068917,108.63999938964844,12.766107872373809,21.03538667561941,73.39849090576172,176.3216094970703,106.02340698242188,24.395263671875,83.63307189941406,108.58999633789062,12.783016204833984,21.07715606689453,73.39849090576172
2015-11-03,175.9696437316192,105.81065816103093,24.319472926123126,83.56240544331203,107.79000091552734,12.867560373076874,21.160696058978438,73.41461181640625,176.83285522460938,106.39346313476562,24.60479736328125,83.41326904296875,106.9800033569336,13.011284828186035,21.13563346862793,73.41461181640625
2015-11-04,177.1262031778266,106.74498448469407,24.725169265524816,83.4367999858828,107.0199966430664,13.00282992009599,21.252591701493248,73.39849090576172,176.2965087890625,106.40270233154297,24.76529312133789,83.32691192626953,105.97000122070312,12.791470527648926,21.31106948852539,73.39849090576172
2015-11-05,176.3551573584658,106.4952071906217,24.56913572501881,83.32693031602842,106.01000213623047,12.715381556282049,21.319423665352193,73.39849090576172,176.12049865722656,106.11592102050781,24.123315811157227,83.27198028564453,105.63999938964844,12.690018653869629,21.327777862548828,73.39849090576172
2015-11-06,175.7768941585432,105.91242978280665,24.27043246961136,82.76177692020144,104.16999816894531,12.605475178566007,21.578397750854492,73.39849090576172,176.02830505371094,106.18995666503906,24.60479736328125,82.70683288574219,104.0999984741211,12.613929748535156,21.578397750854492,73.39849090576172
2015-11-09,175.41650410925396,105.79215441384741,24.56913342657095,82.4478052053565,104.29000091552734,12.597018526390164,21.603460709523404,73.39854653043037,174.38568115234375,105.06134033203125,24.40863800048828,82.56554412841797,104.4000015258789,12.504020690917969,21.53662872314453,73.41461181640625
2015-11-10,173.9079873730397,104.50629537239574,24.074272749008287,82.69898759025675,104.08999633789062,12.478658676147461,21.628521320768154,73.41455617956261,174.7879638671875,104.7930679321289,24.020774841308594,82.7225341796875,104.18000030517578,12.478658676147461,21.59510612487793,73.39849090576172
2015-11-11,175.05615355217398,105.07982685047202,24.029691696166992,82.64408438223624,104.08999633789062,12.529384806121158,21.54498292061692,73.39854653043037,174.1007537841797,104.66354370117188,24.029691696166992,82.6833267211914,103.83000183105469,12.351842880249023,21.53662872314453,73.41461181640625
2015-11-12,173.0615183821333,104.23801622028321,23.94052891480466,82.69111364141713,103.08999633789062,12.20811957561671,21.561688235766038,73.39854653043037,171.67031860351562,103.64596557617188,23.722076416015625,82.73036193847656,103.8499984741211,12.174302101135254,21.444732666015625,73.41461181640625
2015-11-13,171.25973163297792,103.21114698653977,23.668577993649972,82.9031174668554,103.54000091552734,12.16584864162605,21.528272638512526,73.41455617956261,169.74281311035156,101.61075592041016,23.47687530517578,83.04440307617188,103.55999755859375,12.081304550170898,21.51991844177246,73.39849090576172
2015-11-16,169.55836844755993,101.5090527438822,23.476873565871486,83.19350105567136,103.9800033569336,12.03057781458401,21.578397365717684,73.41461181640625,172.32398986816406,103.07243347167969,23.780031204223633,83.15425872802734,103.70999908447266,12.140484809875488,21.63687515258789,73.41461181640625
2015-11-17,172.63416454297757,103.24817338926623,23.753281901474473,82.90305691747447,103.37999725341797,12.04748468405155,21.66193961008229,73.39849090576172,172.1983642578125,103.13716125488281,24.020774841308594,83.13068389892578,102.33999633789062,11.954486846923828,21.6702938079834,73.39849090576172
2015-11-18,172.67602370486216,103.55341858703821,24.016313117214928,83.03649426087144,102.38999938964844,12.022123831486024,21.66193961008229,73.39849090576172,174.93043518066406,105.1167984008789,24.145601272583008,83.09143829345703,102.43000030517578,12.00521469116211,21.6702938079834,73.39849090576172
2015-11-19,174.81310398174264,105.17235843709487,24.3061016031752,83.29553286514539,103.06999969482422,11.996760121000154,21.528272638512526,73.41461181640625,174.7795867919922,105.19085693359375,24.33285140991211,83.27198028564453,103.55999755859375,12.00521469116211,21.51991844177246,73.41461181640625
2015-11-20,175.53384851339226,105.6903809785498,24.39972571560022,83.31904315525637,103.58000183105469,12.0474854642013,21.553336630768158,73.41455617956261,175.41651916503906,105.90315246582031,24.426475524902344,83.16205596923828,103.08999633789062,11.98830509185791,21.6702938079834,73.39849090576172
2015-11-23,175.4751928567913,105.94016787454342,24.426470187404988,83.11499901968078,102.4800033569336,11.971397553788083,21.695352544303685,73.39854653043037,175.21539306640625,105.59789276123047,24.150060653686523,83.27198028564453,102.26000213623047,12.081304550170898,21.703706741333008,73.41461181640625
2015-11-24,174.20967417883455,104.91330531736146,24.016316013848414,83.31902828861348,103.12000274658203,12.250390267150902,21.67029000270854,73.39849090576172,175.4500274658203,105.50535583496094,24.4041805267334,83.35042572021484,102.94000244140625,12.27575397491455,21.661935806274414,73.39849090576172
2015-11-25,175.57572749693176,105.6626480846519,24.37743152682303,83.39759063720703,102.47000122070312,12.174301245884196,21.728769332420978,73.39849090576172,175.4248809814453,105.59789276123047,24.43984603881836,83.39759063720703,102.45999908447266,12.258845329284668,21.703706741333008,73.39849090576172
2015-11-27,175.517069100086,105.82916389343946,24.46213598728466,83.47605111860865,101.01000213623047,12.132030456747877,21.778892881049345,73.39854653043037,175.6260223388672,105.74590301513672,24.560216903686523,83.48390197753906,101.25,12.07284927368164,21.737123489379883,73.41461181640625
2015-11-30,175.78527952413694,106.06041258454825,24.65383909802577,83.47604863100345,101.52999877929688,12.106666401490783,21.78724479675293,73.41461181640625,174.8969268798828,105.47760772705078,24.87674903869629,83.51529693603516,101.91999816894531,11.996759414672852,21.78724479675293,73.41461181640625
2015-12-01,175.52546763035855,105.90314148154981,24.912413456697962,83.51922406569207,102.30000305175781,12.089759394051057,21.720413245170132,73.41455617956261,176.56466674804688,106.53219604492188,25.170988082885742,83.95946502685547,102.27999877929688,12.132031440734863,21.686996459960938,73.39849090576172
2015-12-02,176.5143660168775,106.61546350656181,25.24231871520577,83.77076096859423,101.3499984741211,11.979850352569102,21.778892881049345,73.41455617956261,174.76280212402344,105.87539672851562,25.072908401489258,83.72359466552734,100.69000244140625,11.878397941589355,21.737123489379883,73.39849090576172
2015-12-03,175.014230831383,106.16218722840411,25.38943946764549,83.35414540354272,101.2300033569336,11.929124926642523,21.478149083687615,73.41461181640625,172.31564331054688,104.08075714111328,24.90349578857422,82.84315490722656,101.76000213623047,12.01366901397705,21.219175338745117,73.41461181640625
2015-12-04,172.31568749989472,104.3952759872365,24.95253739717839,83.00826001745685,102.73999786376953,11.96294194228827,21.319421398460175,73.41461181640625,175.6763458251953,106.51371002197266,25.322566986083984,83.14976501464844,104.0199966430664,11.996759414672852,21.369544982910156,73.41461181640625
2015-12-07,175.34949288008445,106.58771563973437,25.407276261188816,83.19691284760172,103.31999969482422,11.836126775569632,21.469795266605225,73.39854653043037,174.61199951171875,106.03266906738281,25.113035202026367,83.41703033447266,102.66999816894531,11.650130271911621,21.436378479003906,73.41461181640625
2015-12-08,173.05320013551412,104.92256996123939,24.814332877959718,83.62144159680174,103.12999725341797,11.557132539045938,21.37789917921849,73.41455617956261,173.43870544433594,106.04191589355469,24.885663986206055,83.4642105102539,102.83999633789062,11.590950012207031,21.369544982910156,73.39849090576172
2015-12-09,172.80173567385899,105.57935558779906,24.823250353466307,83.41700707153639,103.62999725341797,11.650130140547178,21.235886058092042,73.39849480497799,172.08937072753906,104.43225860595703,24.622631072998047,83.58995819091797,102.63999938964844,11.599404335021973,21.143991470336914,73.3824234008789
2015-12-10,172.15644016941516,104.67278277995962,24.61817404129664,83.62144780004193,102.51000213623047,11.565587290938648,21.21917338344235,73.41455617956261,172.5335693359375,104.904052734375,24.711795806884766,83.40918731689453,102.55000305175781,11.557132720947266,21.260944366455078,73.39849090576172
2015-12-11,170.42161596421371,103.69220846798659,24.386348653849346,83.81013916145811,101.91000366210938,11.531768944512104,21.19411279721498,73.39854653043037,169.1896514892578,102.48960876464844,24.234769821166992,84.07742309570312,103.11000061035156,11.438770294189453,21.177404403686523,73.41461181640625
2015-12-14,169.34889219017325,102.62838503800306,24.252600242626933,83.72362077282257,102.58000183105469,11.328862965080534,21.177405945283503,73.39854653043037,170.0444793701172,103.26668548583984,24.05198097229004,83.45633697509766,101.79000091552734,11.362680435180664,21.219175338745117,73.41461181640625
2015-12-15,171.55302505022993,104.21950504717618,24.154517561876165,83.14189151837738,101.70999908447266,11.396497837491022,21.227530977096382,73.39849090576172,171.82958984375,103.89572143554688,24.430925369262695,83.24408721923828,101.5199966430664,11.33731746673584,21.33613395690918,73.39849090576172
2015-12-16,172.9526260256554,104.59879424326624,24.60925702118944,83.08686398927759,102.58999633789062,11.295045292515626,21.311071363090765,73.41461181640625,174.3438262939453,105.44062042236328,24.622631072998047,83.02397155761719,102.75,11.286591529846191,21.33613395690918,73.41461181640625
2015-12-17,174.65391343882058,105.90315967369074,24.702876119463173,83.14186965725193,100.91999816894531,11.235865955644163,21.486503538310195,73.39849090576172,171.68714904785156,103.90498352050781,24.292722702026367,83.3698501586914,100.5,11.168231010437012,21.53662872314453,73.39849090576172
2015-12-18,170.94690416829022,103.5820521550863,24.10548034542467,83.56637580874977,101.3499984741211,11.210502378116521,21.5199208014465,73.39854653043037,168.6284942626953,101.91182708740234,23.95836067199707,83.66857147216797,102.04000091552734,11.21895694732666,21.411317825317383,73.41461181640625
2015-12-21,169.80035600673932,102.87686104360485,24.200225618871027,83.63717601806275,102.94999694824219,11.15977644071808,21.39461174908515,73.39849090576172,170.01954650878906,103.04388427734375,24.377866744995117,83.70793151855469,103.1500015258789,11.168231010437012,21.33613395690918,73.39849090576172
2015-12-22,170.90474783070158,103.5913615065098,24.42341738997087,83.56640743315047,103.08999633789062,11.176685300150773,21.286008812949078,73.39849090576172,171.5623321533203,103.72126770019531,24.48263168334961,83.4720687866211,102.61000061035156,11.117504119873047,21.302717208862305,73.39849090576172
2015-12-23,172.56557498754754,104.25945582988548,24.528178841681083,83.2519705252661,102.4000015258789,11.210502789828372,21.34448656144832,73.41455617956261,173.6868438720703,104.4914321899414,24.614723205566406,83.28341674804688,102.30999755859375,11.320409774780273,21.33613395690918,73.39849090576172
2015-12-24,173.43393705200427,104.4914319462478,24.56461759680286,83.34957040792057,102.81999969482422,11.37113557935984,21.260944024137544,73.39854653043037,173.40020751953125,104.47286987304688,24.68304443359375,83.4361801147461,103.05000305175781,11.320409774780273,21.2860050201416,73.41461181640625
2015-12-28,172.70889178931722,104.22231604252346,24.59194848638069,83.41253245477174,102.4800033569336,11.202048730879824,21.25259016985253,73.41455617956261,173.00396728515625,104.41717529296875,24.62383270263672,83.45189666748047,102.2699966430664,11.15977668762207,21.260944366455078,73.39849090576172
2015-12-29,174.09991383300613,105.03887645495278,24.724038266237528,83.36527898495478,102.5199966430664,11.311954320385722,21.32777978083378,73.41455617956261,174.85023498535156,106.05957794189453,24.897125244140625,83.01097106933594,102.19999694824219,11.345771789550781,21.319425582885742,73.39849090576172
2015-12-30,174.6057465465948,105.96678062768686,24.95178390125698,82.94794219321433,101.47000122070312,11.252774731848588,21.319425582885742,73.41461181640625,173.61093139648438,105.10382843017578,24.655715942382812,83.04242706298828,101.41999816894531,11.235865592956543,21.319425582885742,73.41461181640625
2015-12-31,172.93659053362165,104.7327035697454,24.560058935291217,83.17631784908757,101.4800033569336,11.176685106698587,21.377900703967214,73.41455617956261,171.87432861328125,103.79551696777344,24.268545150756836,83.13694763183594,101.45999908447266,11.295045852661133,21.428024291992188,73.39849090576172
2016-01-04,169.02472259585497,101.55921561935317,23.840384641194074,83.53061328878779,103.12999725341797,11.345773474940323,21.428024252483937,73.41461181640625,169.47154235839844,101.6056137084961,24.013471603393555,83.49124908447266,102.88999938964844,11.210503578186035,21.461441040039062,73.41461181640625
2016-01-05,169.7919106364143,102.10669524099971,24.013474449590642,83.43613351165388,103.12999725341797,11.176685945329622,21.570043543213014,73.39854653043037,169.75819396972656,101.4293212890625,23.790283203125,83.4676284790039,103.18000030517578,11.10059642791748,21.58675193786621,73.41461181640625
2016-01-06,167.2121593520333,99.66629153070306,23.362120395988406,83.82191990641117,104.37000274658203,10.956872169474877,21.603456892000747,73.39849480497799,167.61683654785156,100.45500946044922,23.175369262695312,83.97151947021484,104.66999816894531,10.923054695129395,21.528270721435547,73.3824234008789
2016-01-07,164.67455717559412,98.3115730517762,22.63789582450033,84.08175161910941,105.83000183105469,10.81314647904745,21.436379259794297,73.41455617956261,163.59544372558594,97.30944061279297,22.460254669189453,84.1526107788086,106.1500015258789,10.872326850891113,21.31106948852539,73.39849090576172
2016-01-08,164.55653231278043,98.01466182813043,22.52856979621269,84.07387234677884,105.4800033569336,10.880781285110983,21.41131630226813,73.39849090576172,161.7997283935547,96.51145935058594,22.104963302612305,84.36519622802734,105.68000030517578,10.821600914001465,21.35283851623535,73.39849090576172
2016-01-11,162.7186317529785,97.1980910681898,22.382816279536726,84.07386868558136,105.47000122070312,10.762420004737358,21.42802426234946,73.39849090576172,161.9598846435547,96.8083724975586,22.305383682250977,84.09748840332031,104.73999786376953,10.525697708129883,21.453086853027344,73.39849090576172
2016-01-12,163.40147864706887,97.73625495720646,22.615117415956597,84.06599723743336,104.08999633789062,10.576425645585122,21.478149403577426,73.38247511500543,163.26658630371094,97.93111419677734,22.496688842773438,84.47542572021484,104.20999908447266,10.458064079284668,21.48650360107422,73.41461181640625
2016-01-13,163.93265430613445,98.33011704333839,22.391926725866163,84.42032662740743,103.88999938964844,10.491880713656867,21.519918834768234,73.39849090576172,159.19467163085938,94.55354309082031,21.836227416992188,84.8061294555664,104.72000122070312,10.398882865905762,21.453086853027344,73.39849090576172
2016-01-14,159.80166644313084,94.92470382318199,21.92277417535305,84.71951370281015,103.75,10.365064510446313,21.444734175633005,73.41456007963234,161.80813598632812,96.56709289550781,22.414703369140625,84.63290405273438,103.0199966430664,10.42424488067627,21.511566162109375,73.3824234008789
2016-01-15,157.45797250848364,93.36585879152302,21.312413764370213,85.16833571269655,104.91999816894531,10.255158144373478,21.369546467662598,73.3824234008789,158.33474731445312,93.56999206542969,21.271419525146484,85.026611328125,104.08000183105469,10.204431533813477,21.461441040039062,73.3824234008789
2016-01-19,160.14731979196418,94.8411859826223,21.594815625676937,84.89271634273962,104.05999755859375,10.221340720990684,21.536626854739517,73.39849090576172,158.54550170898438,93.77409362792969,21.41261863708496,84.91633605957031,103.9800033569336,10.119888305664062,21.503210067749023,73.39849090576172
2016-01-20,155.99102579083947,92.29873265555273,21.148435563174708,85.32578707470974,105.16999816894531,10.018436496531312,21.486503569655646,73.39849090576172,156.5137176513672,93.4864501953125,21.4672794342041,85.33365631103516,105.37000274658203,10.04379940032959,21.511566162109375,73.39849090576172
2016-01-21,156.98582346473114,93.88548758134807,21.708689221880466,85.4438914066191,104.98999786376953,9.967710101449658,21.586752377635484,73.39854653043037,157.39048767089844,93.57927703857422,21.763347625732422,85.12107849121094,105.48999786376953,10.179069519042969,21.48650360107422,73.41461181640625
2016-01-22,159.99557812528212,95.46287655430915,22.191512814406867,84.8376211220281,104.93000030517578,10.40733738604226,21.536626425292788,73.41456007963234,160.61944580078125,96.28871154785156,22.177846908569336,84.9321060180664,105.0,10.483426094055176,21.603458404541016,73.3824234008789
2016-01-25,160.11359294935863,95.945411625856,22.13685347291729,85.12106076828724,105.76000213623047,10.381973744831793,21.54498292061692,73.39849090576172,158.19142150878906,94.8597640991211,21.92732810974121,85.21554565429688,106.08000183105469,10.255158424377441,21.53662872314453,73.39849090576172
2016-01-26,158.84901269600596,95.25874551472157,22.036640215893826,85.21556526288633,106.31999969482422,10.356611653715223,21.54498297304224,73.39849480497799,160.3496551513672,95.71341705322266,22.114072799682617,85.27854919433594,107.29000091552734,10.458064079284668,21.494857788085938,73.3824234008789
2016-01-27,159.82698511645978,95.15670251031888,22.05030573280255,85.21551789928583,106.86000061035156,10.458062800351376,21.461440706596008,73.39849090576172,158.60455322265625,93.32872772216797,21.86810874938965,85.34149169921875,107.69000244140625,10.584878921508789,21.478147506713867,73.39849090576172
2016-01-28,160.14732966105083,94.87830809050915,21.968321269924523,85.21556371326758,106.55000305175781,10.753966049563573,21.41131627207061,73.38241950251641,159.43072509765625,94.64633178710938,21.754240036010742,85.45176696777344,106.54000091552734,10.703239440917969,21.377901077270508,73.39849090576172
2016-01-29,160.19794749351098,94.61849306446346,22.127743938879032,85.75094794517072,106.61000061035156,10.74551284301496,21.570041618216866,73.38247511500543,163.3172607421875,96.62276458740234,22.647003173828125,85.90841674804688,106.94999694824219,10.804693222045898,21.603458404541016,73.41461181640625
2016-02-01,162.31398819603547,96.15884949028661,22.45569383689262,85.79726921590664,107.54000091552734,10.677877080826827,21.51156462797162,73.39849480497799,163.25820922851562,96.88262176513672,22.747207641601562,85.71053314208984,108.05000305175781,10.601787567138672,21.461441040039062,73.3824234008789
2016-02-02,161.83350201070309,96.43720819369487,22.496686456724316,86.12056163625387,107.91999816894531,10.398882225798355,21.444732666015625,73.3824234008789,160.3159942626953,94.78553771972656,22.123184204101562,86.31768798828125,108.08999633789062,10.415790557861328,21.444732666015625,73.3824234008789
2016-02-03,161.36979075969012,95.41651154386093,22.305382129666313,86.23881882251519,107.91000366210938,10.551061297141947,21.311068800875574,73.39849090576172,161.2770538330078,94.33086395263672,22.15506935119629,86.2230453491211,109.25,10.677877426147461,21.07715606689453,73.39849090576172
2016-02-04,160.77955579509404,94.0803292193852,22.218837002359457,86.32552843898969,110.44999694824219,10.76242024191076,20.943492899645513,73.39854653043037,161.52987670898438,94.32158660888672,22.58323097229004,86.42803192138672,110.56999969482422,10.660967826843262,20.935138702392578,73.41461181640625
2016-02-05,161.01572450128157,93.98753999896039,22.45113863262873,86.26249172116454,109.79000091552734,10.635605286943205,21.043741246339735,73.41461181640625,158.45281982421875,91.04608154296875,21.795230865478516,86.53846740722656,112.31999969482422,10.59333324432373,21.02703285217285,73.41461181640625
2016-02-08,156.6148843982992,89.3480025025318,21.417171952313236,86.84596296733135,113.66999816894531,10.644059724699176,21.09386521190635,73.41455617956261,156.31980895996094,89.65421295166016,21.330629348754883,87.18502044677734,113.83000183105469,10.542607307434082,20.976909637451172,73.39849090576172
2016-02-09,154.58316887226096,88.45720740715038,20.998123096521837,87.46103683549629,114.43000030517578,10.458062606825424,20.818180075212226,73.41461181640625,156.3282928466797,89.3758316040039,21.239534378051758,87.2008285522461,113.58000183105469,10.272066116333008,20.826534271240234,73.41461181640625
2016-02-10,157.15450639185042,90.40580221071474,21.34429521387425,87.18504572420021,113.91999816894531,10.26361281324763,20.8766598150706,73.39849090576172,156.19342041015625,89.71915435791016,20.93435287475586,87.46102142333984,114.45999908447266,10.288975715637207,20.784765243530273,73.39849090576172
2016-02-11,153.72324244853974,88.57784340842367,20.62006541867786,88.10754803107658,118.58999633789062,10.297429814604236,20.692876455876323,73.41461181640625,154.16163635253906,89.58926391601562,20.784042358398438,87.86311340332031,119.05999755859375,10.415790557861328,20.72629165649414,73.41461181640625
2016-02-12,155.9320298374662,90.60067611006548,21.22586729004873,87.476763948809,118.12000274658203,10.466517857983126,20.83489420293011,73.41455617956261,157.33993530273438,90.95327758789062,21.19398307800293,87.19290161132812,118.36000061035156,10.567970275878906,20.818185806274414,73.39849090576172
2016-02-16,159.14409084927416,92.29875715398511,22.141407349416266,87.03519698606948,116.0,10.610242403796502,20.94349060283182,73.41455617956261,159.99557495117188,93.00396728515625,21.91366195678711,86.93269348144531,114.7699966430664,10.44960880279541,21.001968383789062,73.39849090576172
2016-02-17,161.15899356755773,93.68133810102974,22.05486100244864,86.75133013774395,115.47000122070312,10.49188022582679,21.043739374820124,73.41455617956261,162.6090545654297,95.11031341552734,22.43747329711914,86.71979522705078,115.4800033569336,10.669422149658203,20.993614196777344,73.39849090576172
2016-02-18,162.87886470694102,95.4072430426303,22.601450122447005,86.64091400798122,115.30000305175781,10.737057205636392,21.05209356180958,73.41461181640625,161.9430694580078,94.02466583251953,22.346376419067383,87.12190246582031,118.29000091552734,10.610241889953613,21.001968383789062,73.41461181640625
2016-02-19,161.16746278651044,93.5699857384853,22.419253366670716,87.04305318102034,117.26000213623047,10.542608049795632,21.04373974651188,73.41461181640625,161.86720275878906,94.30303192138672,22.38736915588379,87.12190246582031,117.58000183105469,10.517244338989258,20.943490982055664,73.41461181640625
2016-02-22,163.4436752219077,95.18449946356131,22.62422570040958,87.03518676757812,115.44000244140625,10.627150813290823,21.135633822222616,73.41461181640625,164.2108612060547,95.83403015136719,22.75176429748535,87.03518676757812,115.48999786376953,10.677877426147461,21.102218627929688,73.41461181640625
2016-02-23,163.5532945241324,95.27731673119618,22.56956545861733,86.80652465000436,116.68000030517578,10.63560444140271,21.127281208780094,73.41455617956261,162.136962890625,94.25662231445312,22.369150161743164,87.20866394042969,117.22000122070312,10.534152030944824,21.110572814941406,73.39849090576172
2016-02-24,160.71217722714357,93.15241363439829,22.073081419589872,87.53983464274862,119.0,10.458062754919478,21.18575897394527,73.41461181640625,162.8788299560547,95.15669250488281,22.656110763549805,87.20866394042969,117.61000061035156,10.669422149658203,21.127281188964844,73.41461181640625
2016-02-25,163.32561439738407,95.35152935521431,22.75631875791948,87.46100822090575,117.62000274658203,10.627150355154095,21.160696403057333,73.39849090576172,164.85154724121094,96.0938491821289,22.92029571533203,87.4688949584961,117.91999816894531,10.660967826843262,21.110572814941406,73.39849090576172
2016-02-26,165.71993371250397,96.82691487477823,23.056942513008565,87.01159564937024,117.43000030517578,10.804691965446496,21.20246690265553,73.39849090576172,164.47219848632812,95.9732437133789,23.047832489013672,87.04313659667969,117.11000061035156,10.644059181213379,21.252592086791992,73.39849090576172
2016-02-29,164.48905454530703,95.88047667686465,23.05694439258322,87.05097600546127,117.58999633789062,10.703240734572104,21.327779813694217,73.41461181640625,163.18231201171875,95.11031341552734,22.970401763916016,87.18502044677734,118.63999938964844,10.779330253601074,21.294363021850586,73.41461181640625
2016-03-01,164.40471905823955,96.01966463635212,23.280132305211406,87.2852835732299,118.73999786376953,10.770874484274607,21.311071406818918,73.39854653043037,167.01820373535156,98.16312408447266,23.676408767700195,86.50355529785156,117.7699966430664,10.7877836227417,21.302717208862305,73.41461181640625
2016-03-02,166.70633648257544,98.04247600097358,23.61719759016573,86.28246900868541,118.33999633789062,10.76241885728987,21.35283699848584,73.41455617956261,167.76858520507812,98.2002182006836,23.799394607543945,86.3535385131836,118.68000030517578,10.846962928771973,21.2860050201416,73.39849090576172
2016-03-03,167.59153048775184,98.0981407001333,23.87226972931951,86.33775447181017,118.86000061035156,10.81314630131483,21.24423641378488,73.39854653043037,168.42616271972656,98.0146255493164,23.854049682617188,86.4561996459961,120.7300033569336,10.906144142150879,21.152341842651367,73.41461181640625
2016-03-04,168.62003825160113,98.12599194043658,23.945150330577174,86.28247875874555,121.12999725341797,10.956871330598368,21.13563383215379,73.41461181640625,168.97412109375,98.0517578125,24.00891876220703,86.1640396118164,120.54000091552734,11.117504119873047,21.09386444091797,73.41461181640625
2016-03-07,168.05521656875482,97.55067090716088,23.858606097503,86.02980363759364,121.18000030517578,11.159776178976676,21.160696788336548,73.41461181640625,169.10903930664062,97.44860076904297,24.10001564025879,85.99032592773438,121.13999938964844,11.320409774780273,21.052095413208008,73.41461181640625
2016-03-08,168.0383659502354,96.78052937936117,23.913265148650837,86.49570618106603,121.79000091552734,11.320410040289177,21.010324104613687,73.39849090576172,167.2627410888672,96.64134216308594,23.6445255279541,86.48780822753906,120.58000183105469,11.168231010437012,21.060447692871094,73.39849090576172
2016-03-09,168.07206345871057,97.00321866058516,23.762952682994026,86.21931628018683,119.19999694824219,11.244319626081683,21.143989973088757,73.39854653043037,168.08892822265625,97.26303100585938,23.81305694580078,86.14824676513672,119.58000183105469,11.33731746673584,21.068803787231445,73.41461181640625
2016-03-10,168.57798811234554,97.67132771959432,23.963369817942947,86.15614568102811,120.5,11.269683163928578,21.0688050082696,73.39854653043037,168.22389221191406,97.11458587646484,23.940595626831055,85.84029388427734,121.5,11.320409774780273,20.859954833984375,73.41461181640625
2016-03-11,169.67384382062787,98.16310642511357,24.20933475323495,85.85607527143779,121.19000244140625,11.4134070434669,20.88501585430945,73.39849090576172,170.9384307861328,98.81263732910156,24.42341423034668,85.59549713134766,119.41000366210938,11.362680435180664,20.843246459960938,73.39849090576172
2016-03-14,170.43264735941028,98.44148841856574,24.318652501434748,85.70606707178902,120.2699966430664,11.27813770039308,20.910075808441107,73.39849090576172,170.7192840576172,98.97967529296875,24.314098358154297,85.65869140625,117.87000274658203,11.261228561401367,20.926782608032227,73.39849090576172
2016-03-15,169.75816509438127,98.62708143011247,24.186562758269513,85.84031285250876,117.77999877929688,11.202048483040587,20.935136785567643,73.41455617956261,170.4410400390625,98.94256591796875,24.232112884521484,85.64290618896484,117.95999908447266,11.168231010437012,20.943490982055664,73.39849090576172
2016-03-16,169.96053148155067,98.70130900399501,24.154673012353214,85.52446252480563,117.41999816894531,11.193593084680016,21.00196997819787,73.39854653043037,171.4274444580078,99.8240737915039,24.514511108398438,86.0929946899414,120.58999633789062,11.362680435180664,20.717933654785156,73.41461181640625
2016-03-17,171.3432248103913,99.53639526437652,24.441634879235735,86.187744140625,121.16000366210938,11.430316810390927,20.550855657459852,73.41455617956261,172.51507568359375,99.76837158203125,24.68304443359375,86.187744140625,120.12999725341797,11.489497184753418,20.534147262573242,73.39849090576172
2016-03-18,173.01492535802336,100.00846891400431,24.710373859787495,86.30616591268873,119.58999633789062,11.523314904365366,20.559207573797206,73.41455617956261,173.19288635253906,99.92471313476562,24.997333526611328,86.3377456665039,119.80000305175781,11.481042861938477,20.58426856994629,73.39849090576172
2016-03-21,172.9302388198123,99.74788057860972,24.865240788503286,86.14826831575331,119.0,11.472587161264093,20.609330770298353,73.39854653043037,173.4386749267578,100.31558227539062,24.997333526611328,86.0929946899414,118.95999908447266,11.514859199523926,20.651100158691406,73.41461181640625
2016-03-22,172.667500849292,99.74790581416082,24.856126722251147,86.29035603425386,119.7300033569336,11.506405681105525,20.701227178020428,73.39854653043037,173.34542846679688,100.62272644042969,24.98366355895996,85.91133880615234,119.30999755859375,11.599404335021973,20.70958137512207,73.41461181640625
2016-03-23,172.96412238673693,100.42728882514172,24.992777152882596,86.00612852468694,116.73999786376953,11.438770341085654,20.784769012963025,73.39849090576172,172.2014617919922,99.79444122314453,24.687599182128906,86.30619049072266,116.61000061035156,11.354227066040039,20.818185806274414,73.39849090576172
2016-03-24,171.17610725384458,99.31047736929426,24.5099595584834,86.44828402116585,116.7699966430664,11.19359288403378,20.8515952659243,73.39854653043037,172.1251983642578,99.82234191894531,24.6466064453125,86.21929168701172,116.33000183105469,11.286591529846191,20.826534271240234,73.41461181640625
2016-03-28,172.54040388108646,100.10154767381597,24.687599302021056,86.31405631221608,116.7300033569336,11.28659230296985,20.768058443304856,73.41461181640625,172.22686767578125,99.68275451660156,24.637495040893555,86.34564208984375,116.5999984741211,11.320409774780273,20.784765243530273,73.41461181640625
2016-03-29,171.82015774642338,99.49661672819694,24.546397942438396,86.5430621236069,117.36000061035156,11.210502577869617,20.768057687343067,73.41461181640625,173.82003784179688,101.28347778320312,24.979114532470703,86.92997741699219,118.76000213623047,11.295045852661133,20.600976943969727,73.41461181640625
2016-03-30,174.8199601589143,101.88843779928057,25.12942480643982,86.73257884982944,117.87999725341797,11.371134980553942,20.57591665638953,73.4306832318312,174.5826873779297,101.7767562866211,25.229633331298828,86.8115463256836,117.0999984741211,11.252774238586426,20.534147262573242,73.41461181640625
2016-03-31,174.48943875381522,101.702284834618,25.133982604556827,86.91421432133674,118.16000366210938,11.244320162402564,20.467311823042824,73.41461181640625,174.15895080566406,101.6278305053711,25.08843421936035,87.12741088867188,117.63999938964844,11.235865592956543,20.500728607177734,73.41461181640625
2016-04-01,173.16747897459658,101.01357050027038,24.892573462579787,87.1336694536803,116.08000183105469,11.0498708864305,20.53414571818944,73.41461181640625,175.34530639648438,102.70736694335938,25.20686149597168,87.10203552246094,116.93000030517578,11.041417121887207,20.49237632751465,73.41461181640625
2016-04-04,175.26908520458323,102.70739526240021,25.220523106562787,87.18908106095289,116.66999816894531,10.9906879034929,20.45896146563746,73.41461181640625,174.777587890625,102.31652069091797,25.010997772216797,87.20489501953125,116.1500015258789,10.889235496520996,20.475669860839844,73.41461181640625
2016-04-05,173.43864226417537,101.52544672857087,24.82879959577732,87.529140119618,117.76000213623047,10.872327244983083,20.50073052432963,73.43064880371094,173.03189086914062,101.33000946044922,24.82424545288086,87.55286407470703,117.66000366210938,10.863873481750488,20.49237632751465,73.43064880371094
2016-04-06,173.03188798409573,101.43241256330032,24.705820791666607,87.4421342169451,116.69999694824219,10.872327962832355,20.509085089703596,73.41457739582111,174.92160034179688,102.99591827392578,25.056547164916992,87.36305236816406,116.94000244140625,10.982234954833984,20.450607299804688,73.43064880371094
2016-04-07,173.83696804503958,102.40026577524291,24.901680204634566,87.60815659564355,118.6500015258789,10.956871279367492,20.475669860839844,73.41461181640625,172.82855224609375,101.51614379882812,24.72403907775879,87.81377410888672,118.61000061035156,10.948416709899902,20.475669860839844,73.41461181640625
2016-04-08,174.00641968290486,102.1489980549716,24.983667377289603,87.63191313945225,118.06999969482422,11.142868629808891,20.42554667838936,73.41457739582111,173.2946014404297,101.44169616699219,24.842466354370117,87.67936706542969,118.43000030517578,11.210503578186035,20.400484085083008,73.43064880371094
2016-04-11,173.93013874413782,101.87910226691433,25.001889500711485,87.46585894885915,119.47000122070312,11.23586547967986,20.367065763894836,73.41461181640625,172.88783264160156,101.06942749023438,24.869796752929688,87.66356658935547,120.02999877929688,11.295045852661133,20.350358963012695,73.41461181640625
2016-04-12,173.05729110844524,101.1438732505221,24.91989869960094,87.41843387958778,120.2300033569336,11.404953232253618,20.358713160153854,73.4306832318312,174.4978790283203,101.91632080078125,24.828800201416016,87.31562805175781,120.05000305175781,11.540223121643066,20.350358963012695,73.41461181640625
2016-04-13,175.41313736255353,102.6981031490629,25.033774405695215,87.1890247784427,119.37000274658203,11.565586862581121,20.45895920751488,73.41457739582111,176.2605438232422,103.21927642822266,25.33439826965332,87.37882232666016,118.7699966430664,11.599404335021973,20.509082794189453,73.43064880371094
2016-04-14,176.31991348969476,103.23786233737786,25.0565441258007,87.20488383350987,118.08999633789062,11.590949915718328,20.542499522948685,73.41457739582111,176.26905822753906,103.22855377197266,25.061100006103516,87.17325592041016,117.11000061035156,11.5064058303833,20.559207916259766,73.43064880371094
2016-04-15,176.26898125098356,103.1448296144853,25.092984940850467,87.26814567707815,117.33000183105469,11.40495208726373,20.517435405845223,73.4306832318312,176.07408142089844,102.96800231933594,24.87434959411621,87.43421936035156,117.91999816894531,11.464133262634277,20.500728607177734,73.41461181640625
2016-04-18,176.07410600301003,102.67017254306424,24.778697885221558,87.37096661929355,118.52999877929688,11.337317283850277,20.49237827725576,73.41457739582111,177.3113250732422,103.51707458496094,24.906234741210938,87.34723663330078,117.73999786376953,11.514859199523926,20.458961486816406,73.43064880371094
2016-04-19,177.73498452482514,103.71250882248884,24.960896262515437,87.22862500773753,119.87000274658203,11.633221155527536,20.350360859453364,73.41457739582111,177.8705596923828,102.88422393798828,24.696712493896484,87.20489501953125,119.58000183105469,11.76003646850586,20.358715057373047,73.43064880371094
2016-04-20,177.91296612418077,102.88424650606973,24.573728302108034,87.2127894549317,119.66999816894531,11.70931075613607,20.383775280627013,73.43064880371094,178.0400848388672,102.96800231933594,24.81513786315918,86.76201629638672,118.97000122070312,11.98830509185791,20.475669860839844,73.43064880371094
2016-04-21,178.0570931071321,102.91214915487139,24.787808410972584,86.57224965298559,120.41999816894531,12.055939749464539,20.383775280627013,73.4306832318312,177.08258056640625,102.977294921875,24.678491592407227,86.61969757080078,119.41999816894531,11.937578201293945,20.475669860839844,73.41461181640625
2016-04-22,176.7266713011742,101.63715067810303,24.69670599594197,86.61966844776771,118.70999908447266,11.962941926137093,20.550857174755098,73.43064880371094,177.08258056640625,101.42310333251953,24.692150115966797,86.52477264404297,117.88999938964844,11.886853218078613,20.592626571655273,73.43064880371094
2016-04-25,176.48080744822406,101.11598451457125,24.742260808218393,86.48525140487536,118.13999938964844,11.90376084276627,20.534147273009072,73.41461181640625,176.77740478515625,101.42310333251953,24.56917381286621,86.42989349365234,118.2300033569336,11.878397941589355,20.525793075561523,73.41461181640625
2016-04-26,177.14183050563952,101.63712666993142,24.733148332411865,86.39033559336934,118.79000091552734,11.929125235938365,20.40048368638429,73.41457739582111,177.04014587402344,100.92982482910156,24.833356857299805,86.24798583984375,118.69999694824219,12.030577659606934,20.467315673828125,73.43064880371094
2016-04-27,176.65884960996,99.89682282758426,24.660269515694633,86.477319201271,118.97000122070312,12.106667334883664,20.42554440516642,73.43064880371094,177.40457153320312,100.12018585205078,25.12487030029297,86.72248077392578,119.04000091552734,12.140484809875488,20.442251205444336,73.43064880371094
2016-04-28,176.65032222852545,100.23185665897054,24.83335488825906,86.73828030376687,119.91999816894531,12.148939014508706,20.342003258684585,73.41457739582111,175.79443359375,98.91032409667969,24.50084686279297,87.02297973632812,121.29000091552734,12.20811939239502,20.275171279907227,73.43064880371094
2016-04-29,175.1758554167909,98.91030332960702,24.418861333440134,86.84903663082778,122.43000030517578,12.343389050496988,20.149864218036424,73.43065102966311,174.84536743164062,98.3891372680664,23.89504623413086,86.99138641357422,123.6500015258789,12.3264799118042,20.133155822753906,73.44671630859375
2016-05-02,175.34532812902663,98.64041801392504,23.940595462569668,86.84953913806052,123.77999877929688,12.27575501629363,20.099737531335524,73.44671408215459,176.235107421875,99.3198013305664,24.054468154907227,86.73865509033203,123.23999786376953,12.157393455505371,20.057968139648438,73.43064880371094
2016-05-03,175.0063301736889,98.61251536953016,23.835831492049163,87.22974316839334,123.7300033569336,12.081302470012746,20.024550969344173,73.43065102966311,174.70126342773438,98.39846801757812,23.803945541381836,87.25350189208984,122.95999908447266,11.971395492553711,20.116445541381836,73.44671630859375
2016-05-04,173.70983730544705,97.80282980680582,23.603528485427997,87.26931452907789,122.8499984741211,12.039030184218383,20.15821643456499,73.43064880371094,173.72677612304688,97.76560974121094,23.548870086669922,87.41187286376953,122.20999908447266,11.979849815368652,20.191633224487305,73.43064880371094
2016-05-05,174.19288361774173,98.11925929121509,23.65818831292978,87.3802472080969,122.62999725341797,12.123574331834087,20.25011057478127,73.43064880371094,173.6929168701172,97.73768615722656,23.635414123535156,87.64952087402344,122.06999969482422,11.861488342285156,20.291881561279297,73.43064880371094
2016-05-06,172.9217325732904,97.25373044001185,23.480549867794316,87.58616353183164,122.83000183105469,11.83612579126433,20.275172822576902,73.43065102966311,174.32843017578125,98.25884246826172,23.639972686767578,87.44361114501953,123.18000030517578,11.937578201293945,20.31694221496582,73.44671630859375
2016-05-09,174.2013708073119,98.26817138668066,23.685517525315685,87.5544395180799,121.19999694824219,11.802309517857207,20.358714721884123,73.44671630859375,174.4725341796875,98.5380630493164,23.6171932220459,87.60987854003906,120.6500015258789,11.675494194030762,20.37542152404785,73.44671630859375
2016-05-10,175.1758363826888,98.8917010036923,23.676407005876264,87.57029645276869,120.73999786376953,11.768490917652768,20.383773793730864,73.43065102966311,176.641845703125,99.88750457763672,23.881378173828125,87.59405517578125,120.9800033569336,11.96294116973877,20.392127990722656,73.44671630859375
2016-05-11,176.18424108823578,99.73859464442162,23.76751006551391,87.55446606747847,121.8499984741211,12.013667067522343,20.333650954377113,73.4306832318312,174.98939514160156,98.9847640991211,23.772064208984375,87.72869873046875,122.12000274658203,12.241934776306152,20.291881561279297,73.41461181640625
2016-05-12,175.65888632277918,99.21743041600111,23.8586082767598,87.46736065613472,122.0199966430664,12.284208231795956,20.31694184106321,73.4306832318312,175.040283203125,98.54735565185547,23.34845733642578,87.49111938476562,121.16000366210938,12.258845329284668,20.3670654296875,73.41461181640625
2016-05-13,174.74367267247877,98.46360265894603,23.49877086362797,87.54650488269172,121.08999633789062,12.18275440852369,20.450607289206566,73.41461181640625,173.51492309570312,98.18440246582031,23.41678237915039,87.82369995117188,121.70999908447266,12.241934776306152,20.458961486816406,73.41461181640625
2016-05-16,173.68439660777403,98.33331288911135,23.430445940672637,87.6098747266022,122.93000030517578,12.360296710920364,20.44225310219052,73.41461181640625,175.22666931152344,99.41287231445312,23.885936737060547,87.50691223144531,121.80000305175781,12.377205848693848,20.450607299804688,73.41461181640625
2016-05-17,174.95552656862571,99.3291012600249,23.808503340413928,87.44359052955978,121.58000183105469,12.368752886007577,20.450607299804688,73.4306832318312,173.59120178222656,98.16577911376953,23.66274642944336,87.38814544677734,122.22000122070312,12.470205307006836,20.450607299804688,73.41461181640625
2016-05-18,173.24370114002068,97.94241410982214,23.64908006490091,87.19805249771873,121.22000122070312,12.385659611308522,20.50908618445457,73.43064880371094,173.64198303222656,98.51942443847656,24.081796646118164,86.68325805664062,120.0999984741211,12.377205848693848,20.592626571655273,73.43064880371094
2016-05-19,172.92179937692507,98.13787515938101,23.890492540265544,86.77831496079902,119.0,12.250389910882843,20.634395609623184,73.41461181640625,173.04043579101562,98.00758361816406,23.872272491455078,86.77039337158203,119.87000274658203,12.343388557434082,20.626041412353516,73.41461181640625
2016-05-20,173.65053228615866,98.39843539072595,24.186558749652157,86.78622506681006,120.19000244140625,12.411023632525774,20.600978820544505,73.43064880371094,174.13356018066406,99.08712005615234,24.664825439453125,86.82582092285156,119.70999908447266,12.39411449432373,20.626041412353516,73.43064880371094
2016-05-23,174.15046704320636,99.19882171460033,24.89712390213924,86.89708401757936,118.86000061035156,12.250390400230872,20.642746314096037,73.43065102966311,173.89625549316406,98.95685577392578,24.82424545288086,86.88124084472656,119.37000274658203,12.3264799118042,20.617685317993164,73.44671630859375
2016-05-24,174.7097415792183,99.50594155209873,24.947230177211853,86.7307395488071,118.16999816894531,12.28420787134434,20.659458127782884,73.4306832318312,176.15032958984375,100.93915557861328,25.425495147705078,86.73865509033203,117.30000305175781,12.3264799118042,20.684520721435547,73.41461181640625
2016-05-25,176.82822033789114,101.32072308904038,25.562142193488576,86.71496433512439,116.58999633789062,12.360298316022929,20.676165002571327,73.43064880371094,177.3451385498047,101.6650619506836,25.56669807434082,86.69912719726562,116.9800033569336,12.470205307006836,20.626041412353516,73.43064880371094
2016-05-26,177.48078767711476,101.76743806286807,25.603137844426588,86.84166096554574,117.56999969482422,12.537839543521258,20.542502976694994,73.43064880371094,177.3960418701172,101.96287536621094,25.653242111206055,86.96837615966797,116.58000183105469,12.461750030517578,20.592626571655273,73.43064880371094
2016-05-27,177.55707291212292,102.02803342928716,25.657798296141184,87.0000909846786,116.2699966430664,12.436386458501413,20.64274779830893,73.43065102966311,178.1587371826172,102.49336242675781,25.821773529052734,86.80209350585938,115.62000274658203,12.512475967407227,20.70958137512207,73.44671630859375
2016-05-31,178.4298509176758,102.63292929000283,25.935645374336183,86.5882550245998,115.76000213623047,12.520931144131715,20.692872617547582,73.44671630859375,177.81971740722656,102.68876647949219,25.91742706298828,86.9050521850586,116.05999755859375,12.436387062072754,20.75135040283203,73.44671630859375
2016-06-01,177.20961797158864,102.37236078083242,25.817215100229777,87.12950015344205,115.97000122070312,12.343389687525404,20.65945659776158,73.43065102966311,178.18414306640625,102.69808959960938,26.022186279296875,86.87568664550781,115.94000244140625,12.563202857971191,20.634395599365234,73.44671630859375
2016-06-02,177.7858797671181,102.49332443110612,25.90831472220975,87.01049685375943,115.77999877929688,12.504022693378428,20.62604105794744,73.43064880371094,178.72650146484375,102.91212463378906,26.01763153076172,87.14533996582031,115.66999816894531,12.588566780090332,20.659456253051758,73.43064880371094
2016-06-03,178.16722105071435,102.71668557453403,26.158837998439004,87.81953153031516,118.25,12.690019148021225,20.392128375635462,73.44671630859375,178.19264221191406,102.42817687988281,26.067739486694336,87.9543685913086,118.87999725341797,12.673110008239746,20.333650588989258,73.44671630859375
2016-06-06,178.548497626974,102.6143397091983,26.07684764918363,87.7719594215329,118.88999938964844,12.79992586971413,20.350358983288224,73.44667426732626,179.0993194580078,102.80046844482422,26.003969192504883,87.724365234375,118.91999816894531,12.825288772583008,20.333650588989258,73.4627456665039
2016-06-07,179.25184625873365,102.85629909570093,26.104176493517112,87.89095024310845,118.5,12.842195685823496,20.308586129974987,73.44667426732626,179.3789520263672,102.53987884521484,26.27726173400879,87.8512954711914,118.81999969482422,12.952102661132812,20.30023193359375,73.4627456665039
2016-06-08,179.5145749675031,102.71672821044922,26.272710272460326,87.91470778448017,120.30000305175781,13.104282970963617,20.22504804455882,73.44667426732626,179.9636993408203,102.71672821044922,26.28182029724121,87.9543685913086,120.58000183105469,13.171917915344238,20.241756439208984,73.4627456665039
2016-06-09,179.2349286731146,102.2979051207849,26.054074890397803,88.20822508440628,120.61000061035156,13.053556294137922,20.31694219469029,73.4627854900444,179.71795654296875,102.54918670654297,26.28182029724121,88.08924865722656,121.25,13.146554946899414,20.333650588989258,73.43064880371094
2016-06-10,178.3451822401027,101.6185440044951,25.94930908361651,88.35096380772006,121.55000305175781,13.045103042804454,20.383775291173265,73.43064880371094,178.0146942138672,101.38587951660156,25.826326370239258,88.39855194091797,121.73999786376953,12.985921859741211,20.467315673828125,73.43064880371094
2016-06-13,177.41298856148404,100.80883963839099,25.685124375637464,88.55725941066557,122.80000305175781,12.977468096108316,20.467316052266035,73.44671408215459,176.641845703125,100.53894805908203,25.717008590698242,88.5731201171875,122.63999938964844,12.985921859741211,20.417192459106445,73.43064880371094
2016-06-14,176.26051251313893,100.26905647977307,25.66690339635582,88.80309178646105,123.0,12.892923108603254,20.50908275558279,73.43064880371094,176.29440307617188,100.53894805908203,25.685123443603516,88.54927825927734,122.7699966430664,12.90137767791748,20.542499542236328,73.43064880371094
2016-06-15,176.29444825824095,100.78094008701815,25.853656299550728,88.54926659735516,122.5199966430664,12.88446890015983,20.53414571818944,73.44671408215459,176.0487060546875,100.2504653930664,25.65779685974121,88.8189468383789,123.68000030517578,12.83374309539795,20.49237632751465,73.43064880371094
2016-06-16,176.04869354899654,99.75721345656318,25.379949164548016,89.0568940042786,125.16999816894531,12.80838002019259,20.592625451110283,73.44671630859375,176.57408142089844,100.54827117919922,25.671463012695312,88.91412353515625,122.37999725341797,12.613929748535156,20.467315673828125,73.44671630859375
2016-06-17,176.4701927142474,100.34019113900104,25.698790266728295,88.83477211930264,123.26000213623047,12.79992502056236,20.400484117393898,73.44671408215459,175.91651916503906,99.3697280883789,25.498374938964844,88.61268615722656,123.94999694824219,12.909832000732422,20.37542152404785,73.43064880371094
2016-06-20,177.8755759587909,100.52679104642293,25.86276431815096,88.22409019311323,122.26000213623047,12.95210301161678,20.22504802396612,73.43065102966311,177.04931640625,99.99490356445312,25.926532745361328,88.23201751708984,123.20999908447266,13.028192520141602,20.258464813232422,73.44671630859375
2016-06-21,177.43270284148394,100.12553225671547,26.040408560572484,88.21613030594992,121.6500015258789,12.918286077004407,20.291883067415906,73.44671630859375,177.5519561767578,100.3121566772461,26.049518585205078,88.03369903564453,120.83999633789062,12.926740646362305,20.358715057373047,73.44671630859375
2016-06-22,177.73083125459377,100.36816058792594,26.054071625318606,88.03370826115061,120.83000183105469,12.985920668335329,20.25846670949422,73.44671630859375,177.26234436035156,100.0695571899414,26.01763153076172,88.20820617675781,120.9000015258789,12.850650787353516,20.266820907592773,73.44671630859375
2016-06-23,178.71895691353055,100.84406829953925,26.30003893951503,87.84335568522586,120.48999786376953,12.89292229222474,20.15821454971636,73.43065102966311,179.57077026367188,101.49726104736328,26.66898536682129,87.78783416748047,120.11000061035156,12.952102661132812,20.174922943115234,73.44671630859375
2016-06-24,173.45471943275535,97.88603214085342,25.48470833842718,89.2076062956492,126.62000274658203,12.622383709921756,20.734644293560446,73.43064880371094,173.1225128173828,97.31681823730469,25.1112060546875,89.00138092041016,126.0,12.690018653869629,20.701229095458984,73.43064880371094
2016-06-27,171.71702689879322,96.67295705259623,24.865241327148727,89.59625402981811,126.44000244140625,12.681563870588555,20.834893810555606,73.43064880371094,170.0219268798828,95.3852310180664,24.336872100830078,89.770751953125,126.68000030517578,12.664654731750488,20.876663208007812,73.43064880371094
2016-06-28,171.62332019504794,96.43963621715221,24.696710290981986,89.74696469652052,125.55999755859375,12.842196678360775,20.776412963867188,73.44671408215459,173.08843994140625,97.47541809082031,25.001888275146484,89.75489807128906,125.31999969482422,12.867560386657715,20.776412963867188,73.43064880371094
2016-06-29,174.48541454653184,98.2406372412434,25.307067820656332,89.68349658710834,125.91000366210938,12.952104025046918,20.71793397882354,73.4627854900444,176.0357208251953,99.20176696777344,25.51203727722168,89.39002227783203,125.83999633789062,13.053556442260742,20.70958137512207,73.43064880371094
2016-06-30,176.5042893509249,99.36970636636852,25.603135130070303,89.53278873177292,125.94999694824219,12.985921300194903,20.717933615012264,73.44671408215459,178.43789672851562,100.34950256347656,25.967527389526367,89.58831024169922,126.47000122070312,12.97746753692627,20.75135040283203,73.43064880371094
2016-07-01,178.43783741644256,100.30283173578549,25.803550390808496,89.99184670954553,127.66000366210938,12.98592159399628,20.659458127782884,73.44667426732626,178.81263732910156,100.85338592529297,25.776220321655273,89.82504272460938,128.41000366210938,13.138100624084473,20.684520721435547,73.4627456665039
2016-07-05,177.9863252335844,100.32151193099733,25.55758854503066,90.15863620354033,128.8000030517578,13.146554302354508,20.692870321592,73.44667426732626,177.52635192871094,100.2375259399414,25.366281509399414,90.31748962402344,129.47000122070312,12.766107559204102,20.826534271240234,73.4627456665039
2016-07-06,177.0323816898715,99.76162614362852,25.174974121231198,90.40483333477559,130.5,12.630837004010292,20.79311977429615,73.46278771697075,178.59120178222656,101.05868530273438,25.402719497680664,90.3333511352539,130.22999572753906,12.81683349609375,20.76805877685547,73.44671630859375
2016-07-07,178.77005163259213,101.1520010001698,25.457376943865615,90.16654964941914,129.82000732421875,12.892922668081704,20.75970801137989,73.44667426732626,178.48043823242188,101.35729217529297,25.689678192138672,90.2142105102539,129.74000549316406,12.45329475402832,20.818185806274414,73.4627456665039
2016-07-08,179.77518342317939,101.8985165517746,25.94475352150934,90.22218831365069,129.85000610351562,12.529385842997394,20.793117487128193,73.46278771697075,181.13807678222656,102.92497253417969,26.39113426208496,90.38899230957031,130.52000427246094,12.58011245727539,20.826534271240234,73.44671630859375
2016-07-11,181.5981040006141,103.27020754572922,26.546000952709335,90.13481019733706,129.49000549316406,12.673110030012264,20.851598698058517,73.4627456665039,181.7769775390625,103.51282501220703,26.746417999267578,89.91240692138672,129.2899932861328,12.529385566711426,20.8850154876709,73.4627456665039
2016-07-12,182.739469050371,104.14737171102239,26.942280701511855,89.54700108813914,128.52000427246094,12.715380950523738,20.83489191740203,73.44671408215459,183.09722900390625,104.03539276123047,27.037933349609375,89.38020324707031,127.1500015258789,12.766107559204102,20.86830711364746,73.43064880371094
2016-07-13,183.5146322808212,104.27800849344635,27.065256563589852,89.64234470789675,128.0,12.791470969581495,20.818185806274414,73.43065102966311,183.07168579101562,103.783447265625,27.042482376098633,89.6105728149414,128.32000732421875,12.605474472045898,20.818185806274414,73.44671630859375
2016-07-14,184.33237873614772,104.47400142796533,27.279341270632738,89.11808535300253,126.30999755859375,12.706927168159002,20.79311977429615,73.44667426732626,184.0938720703125,104.49266815185547,27.270231246948242,89.23722839355469,127.33000183105469,12.656201362609863,20.76805877685547,73.4627456665039
2016-07-15,184.65608281389027,104.73522114591722,27.252012899589907,88.98306207967875,126.37999725341797,12.65620154429236,20.83489003236434,73.44671630859375,183.84686279296875,104.32464599609375,27.192798614501953,88.89569091796875,126.83999633789062,12.622384071350098,20.85159683227539,73.44671630859375
2016-07-18,183.96609672111055,104.38996758120605,27.876036653446896,89.03870037675937,127.0199966430664,12.512477051819145,20.876661311058875,73.44671630859375,184.3408966064453,105.01516723632812,27.985353469848633,88.87190246582031,127.04000091552734,12.563202857971191,20.86830711364746,73.44671630859375
2016-07-19,183.9235254473303,104.65126559475836,27.88514571428625,89.08628766365592,126.94999694824219,12.546293369448,20.951847055966226,73.44667426732626,184.1535186767578,104.63259887695312,27.876035690307617,89.11011505126953,127.20999908447266,12.487112998962402,20.968555450439453,73.4627456665039
2016-07-20,184.15350877137692,105.20181113917113,27.989909292946376,88.9830742624802,125.5,12.35184315958572,21.018679019976584,73.44667426732626,184.92013549804688,105.85501098632812,28.304197311401367,88.92747497558594,125.38999938964844,12.402569770812988,20.98526382446289,73.4627456665039
2016-07-21,184.80940237275158,105.92965925367061,28.263201411892616,88.70506314291494,125.66000366210938,12.444841215109285,20.976909668150316,73.44667426732626,184.22164916992188,105.61239624023438,28.062786102294922,89.12602996826172,127.30000305175781,12.33493423461914,20.951847076416016,73.4627456665039
2016-07-22,184.3409668519964,105.68704169101684,27.980797945892316,88.92748549693448,126.43000030517578,12.301117650062348,20.98526310718505,73.44667426732626,185.0479736328125,106.05096435546875,28.2313175201416,89.05457305908203,126.3499984741211,12.309572219848633,21.060447692871094,73.4627456665039
2016-07-25,184.84344312947385,105.96699100748418,28.244980475029354,89.03073280516575,125.52999877929688,12.225028715993535,21.052095443423177,73.44671630859375,184.54530334472656,106.06031036376953,28.3634090423584,88.98307800292969,125.47000122070312,12.174302101135254,21.02703285217285,73.44671630859375
2016-07-26,184.44310848175783,106.02298621870692,28.61393268826643,89.11810008775714,126.08999633789062,12.148939068270236,20.985261584515584,73.44671630859375,184.63050842285156,106.1816177368164,29.18329620361328,89.0386734008789,126.0,12.123576164245605,21.001968383789062,73.44671630859375
2016-07-27,185.00531412403691,107.07744715921916,29.38826339497972,89.14983346684416,126.79000091552734,12.140484588664663,21.00197104363135,73.4627456665039,184.43460083007812,106.91881561279297,29.07853126525879,89.41989135742188,128.02999877929688,12.00521469116211,20.901723861694336,73.4627456665039
2016-07-28,184.23867279264252,107.08674679466708,29.05575727456996,89.27698028600213,128.08999633789062,12.02212209994714,20.85159868768791,73.44671630859375,184.64755249023438,107.29203796386719,29.042091369628906,89.46760559082031,127.66000366210938,11.971395492553711,20.893369674682617,73.44671630859375
2016-07-29,184.38349187444857,107.53464056951525,29.04209092950222,89.63437784053087,128.4199981689453,11.954488520093493,20.69287341770973,73.4627456665039,184.9456787109375,107.52531433105469,28.923664093017578,89.80912017822266,128.97999572753906,12.07284927368164,20.609333038330078,73.4627456665039
2016-08-01,185.00531169925665,107.59998218379215,28.996541450374128,89.52916895406213,128.57000732421875,11.971395318142962,20.67616463718551,73.44671630859375,184.7923583984375,108.09454345703125,29.005651473999023,89.49735260009766,129.22000122070312,11.861488342285156,20.667810440063477,73.44671630859375
2016-08-02,184.5453241214279,107.93591791116428,28.94644112392924,89.09963504209563,130.0399932861328,11.988306068204805,20.550855667904173,73.44667426732626,183.60833740234375,107.27339172363281,28.623043060302734,89.28257751464844,130.27000427246094,11.844581604003906,20.525793075561523,73.4627456665039
2016-08-03,183.54872231596235,107.18941482635182,28.550158331472804,89.338254981068,129.9499969482422,11.86994367283551,20.600978486756947,73.44671630859375,184.14498901367188,107.62798309326172,28.69591522216797,89.3302993774414,129.64999389648438,12.039031028747559,20.64274787902832,73.44671630859375
2016-08-04,184.25571008791,107.59064948161156,28.700471400899854,89.52120608866245,130.00999450683594,11.954488031441699,20.667808523379275,73.44671630859375,184.3408966064453,107.93590545654297,28.900888442993164,89.5450668334961,129.8699951171875,12.089757919311523,20.676162719726562,73.44671630859375
2016-08-05,184.34090225224605,108.48645943381192,29.051200305167153,89.29051819374793,128.4600067138672,12.089759000523854,20.818182030781344,73.44671630859375,185.84860229492188,108.97168731689453,29.237953186035156,88.98826599121094,127.55000305175781,12.140484809875488,20.784765243530273,73.44671630859375
2016-08-08,186.03599608154948,109.027701614469,29.342714115448015,88.88486704951008,127.29000091552734,12.216573962456543,20.82653811761509,73.44671630859375,185.7378692626953,108.85041046142578,29.237953186035156,88.94054412841797,127.44000244140625,12.20811939239502,20.801475524902344,73.44671630859375
2016-08-09,185.806022031988,108.93439866127603,29.383708835299853,89.0439615706485,127.94000244140625,12.25039162028658,20.801473981198306,73.46278771697075,185.84860229492188,109.10236358642578,29.433813095092773,89.25872039794922,127.95999908447266,12.174302101135254,20.75970458984375,73.44671630859375
2016-08-10,185.9593393883668,109.16763601101177,29.49758278191401,89.30646054465983,129.1199951171875,12.241937077151164,20.634393359374204,73.44671630859375,185.3886260986328,108.82238006591797,29.237953186035156,89.49735260009766,128.55999755859375,12.030577659606934,20.651100158691406,73.44671630859375
2016-08-11,185.91675575387725,109.1956439606104,29.329050221304502,89.42575625282369,128.61000061035156,12.106665780356508,20.676164586715498,73.44671630859375,186.24896240234375,109.2889633178711,29.35637855529785,89.06783294677734,127.66999816894531,12.216572761535645,20.70958137512207,73.44671630859375
2016-08-12,185.94230799561387,109.10230936523432,29.379155865627407,89.51325936705891,127.66999816894531,12.250391037616795,20.609330742348295,73.46278771697075,186.08712768554688,109.36358642578125,29.4793643951416,89.38599395751953,127.4000015258789,12.309572219848633,20.676162719726562,73.44671630859375
2016-08-15,186.45337349587163,109.50359612745416,29.575016895114278,89.2507715986879,127.62000274658203,12.38565985047351,20.659456273296943,73.44671630859375,186.6237335205078,109.83019256591797,29.811870574951172,89.1235122680664,127.83999633789062,12.512475967407227,20.64274787902832,73.44671630859375
2016-08-16,186.20638433318723,109.62488180196833,29.775433030279256,89.0439638238099,128.1199951171875,12.529385661387995,20.51743927668501,73.44671630859375,185.66122436523438,109.2236328125,29.638784408569336,88.97238159179688,128.47000122070312,12.613929748535156,20.458961486816406,73.44671630859375
2016-08-17,185.69525506641838,109.25164418268479,29.64334033268341,88.99625263678553,128.1699981689453,12.605474358361485,20.492378256042226,73.44671630859375,186.0104217529297,109.41960906982422,29.575016021728516,89.11556243896484,128.5,12.664654731750488,20.475669860839844,73.44671630859375
2016-08-18,185.98490989689367,109.316947513,29.597791622406525,89.17922281583799,128.88999938964844,12.723836354835353,20.40883678011386,73.44667426732626,186.4278564453125,109.44758605957031,29.80276107788086,89.27466583251953,129.11000061035156,12.825288772583008,20.32529640197754,73.4627456665039
2016-08-19,185.95936001723447,109.25164418268479,29.843757450740725,89.02805868392298,128.0800018310547,12.77456163546784,20.42554667838936,73.44671630859375,186.1552734375,109.41960906982422,29.957630157470703,88.97238159179688,127.97000122070312,12.783016204833984,20.400484085083008,73.44671630859375
2016-08-22,185.91678104326473,109.26096829001756,29.902971221602765,89.1712417602539,127.62999725341797,12.673109301169522,20.43389734234485,73.44671630859375,186.1467742919922,109.50358581542969,29.966739654541016,89.1712417602539,127.77999877929688,12.664654731750488,20.42554473876953,73.44671630859375
2016-08-23,186.76006735483244,109.93280804921598,30.148931699089264,89.23485733966113,128.13999938964844,12.588566303321658,20.392126064991732,73.46278771697075,186.5215606689453,109.69952392578125,30.112491607666016,89.16326904296875,127.76000213623047,12.715381622314453,20.40883445739746,73.44671630859375
2016-08-24,186.37672479739823,109.62491263205398,30.121598633894198,89.23486675125775,126.91999816894531,12.656201513036862,20.458961476222612,73.44667426732626,185.5675048828125,108.9903793334961,29.875633239746094,89.13146209716797,126.33999633789062,12.563202857971191,20.467315673828125,73.4627456665039
2016-08-25,185.18418122816422,108.71041135266462,29.90752831007544,89.05189867262362,125.9800033569336,12.580112274930725,20.442253081011586,73.46278771697075,185.43972778320312,108.81305694580078,29.975849151611328,88.98826599121094,126.2300033569336,12.613929748535156,20.467315673828125,73.44671630859375
2016-08-26,185.62714639773398,108.85038212594063,30.05782992152587,89.12351758762107,126.87999725341797,12.605475609220223,20.425543578670876,73.44671630859375,185.0904998779297,108.97168731689453,30.103378295898438,88.64627838134766,126.05000305175781,12.57165813446045,20.617685317993164,73.44671630859375
2016-08-29,185.21827125245898,108.99966701362035,30.199036856033494,88.80536562001961,126.0,12.529385007152042,20.68451918955813,73.4627456665039,186.00193786621094,109.12097930908203,30.208145141601562,89.01216888427734,126.30000305175781,12.520931243896484,20.634395599365234,73.4627456665039
2016-08-30,185.91674874049886,108.94370143591806,30.217259277865594,89.05194055450586,125.7300033569336,12.504022186995392,20.701226824425728,73.4627456665039,185.69528198242188,108.76640319824219,30.15804672241211,89.00421905517578,125.02999877929688,12.402569770812988,20.742996215820312,73.4627456665039
2016-08-31,185.3631039833095,108.59840303647913,30.212706871759362,89.01213995972634,124.7300033569336,12.301117670031847,20.768056906237817,73.4627456665039,185.1671905517578,108.6543960571289,30.15804672241211,88.9007797241211,124.77999877929688,12.165847778320312,20.73464012145996,73.4627456665039
2016-09-01,185.15861927743916,108.6917387047422,30.185368908197134,88.67382741241306,124.66999816894531,12.089758844784408,20.759705025165065,73.4627456665039,185.1756591796875,108.9343490600586,30.435890197753906,89.04021453857422,125.29000091552734,12.030577659606934,20.659456253051758,73.4627456665039
2016-09-02,186.02746165420058,109.47558779385767,30.55432818167022,88.87290989857526,126.29000091552734,12.157393208520304,20.61768680040417,73.46279366752196,186.0104217529297,109.2889633178711,30.408571243286133,88.80918884277344,126.56999969482422,12.165847778320312,20.70958137512207,73.4788589477539
2016-09-06,186.29154717458266,109.4755849234613,30.49510562921262,88.78528200296718,127.4000015258789,12.148937642332319,20.651103240948608,73.46279366752196,186.57264709472656,109.97014617919922,30.404008865356445,89.22335052490234,128.7100067138672,12.25039005279541,20.467315673828125,73.4788589477539
2016-09-07,186.41082683790157,110.07279537446883,30.531546215760944,89.35081222764612,128.7899932861328,12.334934301665946,20.467311823042824,73.4788109362387,186.55563354492188,110.03546905517578,30.20359230041504,89.27116394042969,128.27000427246094,12.360297203063965,20.500728607177734,73.4627456665039
2016-09-08,186.2233691470298,109.70887222572696,30.103384591366535,89.1038802541379,128.16000366210938,12.436387990805278,20.417191695543842,73.4627456665039,186.12966918945312,109.39160919189453,30.144380569458008,88.83306884765625,127.58999633789062,12.58011245727539,20.525793075561523,73.4627456665039
2016-09-09,184.81795240213467,108.47712755495928,29.88019197051788,88.5145224282237,127.23999786376953,12.478657860090065,20.59262276646267,73.4788589477539,181.6747589111328,106.63884735107422,29.051198959350586,88.41098022460938,126.75,12.385659217834473,20.58426856994629,73.4788589477539
2016-09-12,180.9166356660939,106.04164100750357,28.887225119018733,88.31536308490874,126.30999755859375,12.275753050886658,20.584272743385675,73.47885299590139,184.2812957763672,108.5517807006836,29.64789390563965,88.49059295654297,126.58999633789062,12.385659217834473,20.550857543945312,73.44671630859375
2016-09-13,183.0035302588737,108.01057136680116,29.547690222846235,88.55428983472703,126.47000122070312,12.318024925194363,20.609333007568686,73.4788109362387,181.63211059570312,107.58132934570312,29.32449722290039,88.16400909423828,125.75,12.225027084350586,20.634395599365234,73.4627456665039
2016-09-14,181.6832181629531,107.69330154190837,29.360935926662933,88.17998549262603,126.0999984741211,12.16584891682746,20.63439374904458,73.4788109362387,181.56396484375,108.09454345703125,29.57046127319336,88.3631820678711,126.18000030517578,12.132031440734863,20.58426856994629,73.4627456665039
2016-09-15,181.40214184170566,108.12252156021906,29.643342217617512,88.31537435394957,125.7300033569336,12.165847843501375,20.59262277597505,73.4627456665039,183.3783416748047,109.774169921875,30.303802490234375,88.3870620727539,125.37000274658203,12.191210746765137,20.57591438293457,73.4627456665039
2016-09-16,182.76368319247152,109.65631120536737,30.72285133965044,88.4905563698532,124.80999755859375,12.115121540534789,20.701226824425728,73.4788109362387,182.6695098876953,109.72179412841797,30.31746482849121,88.48258972167969,125.05999755859375,12.20811939239502,20.742996215820312,73.4627456665039
2016-09-19,183.32010935228303,110.00243722131552,30.631753189204524,88.40301100533114,125.61000061035156,12.241936305406346,20.676162701070503,73.4788109362387,182.70370483398438,109.24470520019531,30.42222785949707,88.33132934570312,125.31999969482422,12.199665069580078,20.69287109375,73.4627456665039
2016-09-20,183.55983983997842,109.63763071824977,30.59987106304321,88.43486767086293,125.30999755859375,12.148936940323422,20.701230654380886,73.4627456665039,182.7122802734375,109.4505386352539,30.30835723876953,88.46672821044922,125.44000244140625,12.241934776306152,20.72629165649414,73.4627456665039
2016-09-21,183.4143028791124,109.91827669059535,30.554322210911458,88.3711259515977,126.33000183105469,12.343388692261772,20.71793438521999,73.4627456665039,184.7669677734375,110.52633666992188,30.727407455444336,88.61007690429688,127.2699966430664,12.39411449432373,20.634395599365234,73.4627456665039
2016-09-22,185.77717979797526,111.1718091220933,31.037142092708375,88.76138549743105,127.56999969482422,12.512476641277406,20.534146856228414,73.4788589477539,185.9312744140625,111.40567779541016,30.873165130615234,88.87289428710938,127.56999969482422,12.461750030517578,20.609333038330078,73.4788589477539
2016-09-23,185.537451837607,111.32145302148649,30.85950254273298,88.83307907785705,127.5999984741211,12.461749080864388,20.642746314096037,73.4788589477539,184.91249084472656,110.69468688964844,30.513328552246094,88.91272735595703,127.6500015258789,12.318024635314941,20.617685317993164,73.4788589477539
2016-09-26,184.08209142666828,110.06789802494637,30.3356797987753,89.03221509871743,127.95999908447266,12.385660631646521,20.55920758329415,73.46279366752196,183.41432189941406,109.76853942871094,30.230918884277344,89.16761779785156,127.55000305175781,12.402569770812988,20.57591438293457,73.4788589477539
2016-09-27,183.25167821266945,109.69375040555198,30.176264031283456,89.42248899844999,126.86000061035156,12.275754534361779,20.626043363895693,73.4788109362387,184.552978515625,110.8537368774414,30.727407455444336,89.3189468383789,126.62000274658203,12.284208297729492,20.592626571655273,73.4627456665039
2016-09-28,184.7754965742225,110.99406307164487,30.80484253838177,89.3587757601365,126.25,12.343390381400033,20.617687235608066,73.4627456665039,185.4689483642578,111.04083251953125,30.76840591430664,89.27912139892578,126.22000122070312,12.57165813446045,20.609333038330078,73.4627456665039
2016-09-29,185.26353650265202,110.85371412455804,30.718298710429927,89.11979714036559,125.83999633789062,12.597020426983525,20.64274821349265,73.4627456665039,183.791015625,110.23629760742188,31.14645767211914,89.33485412597656,126.06999969482422,12.647747039794922,20.626041412353516,73.4627456665039
2016-09-30,184.62140374429694,110.52631958653643,31.351428631480392,89.34285412077338,126.5199966430664,12.690018653869629,20.617685317993164,73.46279366752196,185.17788696289062,111.05953979492188,31.642942428588867,89.11186981201172,125.63999938964844,12.690018653869629,20.617685317993164,73.4788589477539
2016-10-03,184.76696374787355,110.91921141563202,31.58828174542623,89.08796220484022,125.31999969482422,12.706926203563166,20.634395255073564,73.4788109362387,184.7327117919922,110.90050506591797,31.396976470947266,88.90452575683594,125.31999969482422,12.799924850463867,20.659456253051758,73.4627456665039
2016-10-04,184.84404793411028,111.22792469493379,31.52907234246444,88.79281208713452,123.16000366210938,12.825287930771115,20.776412993696855,73.46279366752196,183.791015625,110.73212432861328,31.2648868560791,88.49771118164062,120.97000122070312,12.766107559204102,20.75135040283203,73.4788589477539
2016-10-05,184.4159777481273,111.05951708033176,31.424305776725504,88.45791749456721,121.33000183105469,12.86756017241321,20.759704569981295,73.46279366752196,184.6043243408203,111.125,31.50629425048828,88.29840087890625,120.77999877929688,12.842196464538574,20.776412963867188,73.4788589477539
2016-10-06,184.3817010923231,110.98468176689715,31.58828329874334,88.20263278566775,119.69000244140625,12.850651247793088,20.84324609405565,73.4788589477539,184.7327117919922,111.06887817382812,31.688491821289062,88.11490631103516,119.66000366210938,12.867560386657715,20.8850154876709,73.4788589477539
2016-10-07,185.00670674603865,111.17175872925174,31.77503398753263,88.19467890262823,120.48999786376953,12.901378039261875,20.85995102893096,73.4788589477539,184.09921264648438,110.82563781738281,31.711265563964844,88.2425308227539,119.73999786376953,12.83374309539795,20.85159683227539,73.4788589477539
2016-10-10,185.05799865722656,111.39630922165753,31.89801711432895,88.05109585708612,119.73999786376953,12.833743079821831,20.926784505139643,73.4788589477539,185.05799865722656,111.52727508544922,31.611059188842773,88.01121520996094,120.16000366210938,12.97746753692627,20.935138702392578,73.4788589477539
2016-10-11,184.62995779564466,111.43370773181246,31.483524264493077,87.99522099462065,119.91999816894531,12.952103481258622,21.010324065046188,73.4788109362387,182.72080993652344,109.93694305419922,30.95970916748047,87.98724365234375,119.55000305175781,12.90137767791748,21.09386444091797,73.4627456665039
2016-10-12,182.85784372771823,110.03987838167723,30.914160784070436,87.91546582663938,119.72000122070312,12.833742881509162,21.143987645875583,73.46279366752196,182.96058654785156,109.84342956542969,30.95970916748047,87.98724365234375,119.73999786376953,12.808379173278809,21.152341842651367,73.4788589477539
2016-10-13,181.63359151521533,109.0950608227196,30.668195770331792,88.13883491714682,120.0,12.791469994038485,21.11057285463474,73.4788109362387,182.3612823486328,109.4505386352539,30.604427337646484,88.17073822021484,120.02999877929688,12.892922401428223,21.07715606689453,73.4627456665039
2016-10-14,183.3372428027531,109.9930700217126,30.813955230231606,87.94741856441188,119.37000274658203,12.892923108603254,21.143987606896328,73.4627456665039,182.4554443359375,109.58145904541016,30.800291061401367,87.89956665039062,119.36000061035156,12.90137767791748,21.185758590698242,73.4627456665039
2016-10-17,182.42974969872841,109.4879481933844,30.741067145374984,87.98728411343542,119.69999694824219,12.892922469459798,21.160696058978438,73.4788109362387,181.82191467285156,109.28214263916016,30.67274284362793,88.0909652709961,119.68000030517578,12.918285369873047,21.13563346862793,73.4627456665039
2016-10-18,183.414327058279,110.58245007843632,31.023472963936193,87.97931770481024,120.08000183105469,12.9774667618634,21.1356334490998,73.4627456665039,182.96058654785156,110.25503540039062,31.018917083740234,88.26644134521484,120.41999816894531,12.943649291992188,21.152341842651367,73.4627456665039
2016-10-19,183.2259466513188,110.17081920807144,30.686412890487485,88.13879434315125,121.12999725341797,12.960557580624444,21.143991447804424,73.46279366752196,183.4485321044922,110.24565887451172,30.700077056884766,88.30628204345703,121.11000061035156,13.028192520141602,21.16069984436035,73.4788589477539
2016-10-20,183.097540097914,110.13342906516583,30.659086668362296,88.43392483083963,121.38999938964844,12.901377431579627,21.202466933651966,73.4788109362387,183.10610961914062,110.11471557617188,30.968820571899414,88.2265625,120.73999786376953,12.909832000732422,21.227529525756836,73.4627456665039
2016-10-21,183.106107657494,110.1989219540093,30.864055590507903,88.35419182246795,120.9000015258789,12.89292394493946,21.302717208862305,73.4627456665039,183.19171142578125,110.52633666992188,30.927824020385742,88.3222885131836,120.83000183105469,12.960558891296387,21.302717208862305,73.4627456665039
2016-10-24,184.06490690817907,111.23725830431174,31.123686907337532,88.37811713484881,121.27999877929688,12.960557691357113,21.294361073762293,73.4788109362387,183.97073364257812,111.85466766357422,31.324100494384766,88.20265197753906,120.55999755859375,12.969012260437012,21.327777862548828,73.4627456665039
2016-10-25,183.79099988849228,111.92017486605596,31.251222532178478,88.09102709682632,120.88999938964844,12.960557803105008,21.3862575730697,73.4788109362387,183.35438537597656,111.49921417236328,31.237558364868164,88.18673706054688,121.47000122070312,12.909832000732422,21.319425582885742,73.4627456665039
2016-10-26,182.532511363168,110.7788825419334,30.795731307476842,88.05912218867925,121.37000274658203,12.816834202869334,21.260945898697866,73.46279366752196,182.9862518310547,110.74146270751953,31.14645767211914,87.99531555175781,120.79000091552734,12.825288772583008,21.31106948852539,73.4788589477539
2016-10-27,183.70535656869063,111.21854856210099,31.424305275203665,87.69224548339844,121.11000061035156,12.892923108603254,21.30271492726442,73.4788109362387,182.49822998046875,110.23629760742188,31.05535888671875,87.69224548339844,121.01000213623047,12.90137767791748,21.35283851623535,73.4627456665039
2016-10-28,182.47261356427293,109.91824331592385,31.137347557037003,87.61244285817148,121.19999694824219,12.85065096681146,21.33613249814438,73.49493035743272,181.9589385986328,109.54405212402344,30.877717971801758,87.7081527709961,121.58000183105469,12.81683349609375,21.227529525756836,73.4788589477539
2016-10-31,182.292783476287,109.94629621285677,31.04625274298368,87.81188684400122,121.51000213623047,12.766108598840075,21.286007303553625,73.47880164972851,181.96746826171875,109.4411392211914,31.09635353088379,87.77998352050781,121.94000244140625,12.647747039794922,21.235883712768555,73.494873046875
2016-11-01,182.29277374641168,109.62826466513023,31.137352596097987,87.52752756981035,122.80000305175781,12.825288857457805,21.169050580122253,73.49493035743272,180.64903259277344,108.61795043945312,30.809398651123047,87.78311157226562,122.7300033569336,12.706927299499512,21.127281188964844,73.4788589477539
2016-11-02,180.34083850479635,108.54308417844747,30.786622870002375,87.94283495847142,123.76000213623047,12.605475296576014,21.043741216136556,73.494873046875,179.56178283691406,107.74793243408203,30.618093490600586,88.04666137695312,123.63999938964844,12.554749488830566,21.052095413208008,73.494873046875
2016-11-03,179.77580479671514,107.57020569840887,30.654531773135727,87.91894336088909,123.36000061035156,12.554748006385132,21.03538517847966,73.49493035743272,178.73989868164062,106.69086456298828,30.490554809570312,87.9908218383789,124.30000305175781,12.512475967407227,20.993614196777344,73.4788589477539
2016-11-04,178.85120155849046,106.42892564570514,30.290136572356545,88.09462188138323,124.4000015258789,12.402569836645618,21.00197068701585,73.47880164972851,178.54299926757812,106.3166732788086,30.33112907409668,88.26234436035156,124.38999938964844,12.427932739257812,20.935138702392578,73.494873046875
2016-11-07,178.54299901440498,108.03796710790645,30.82762016376944,87.93487367518644,122.66000366210938,12.47020410697641,21.09386442110272,73.49493035743272,182.4811248779297,108.84247589111328,31.242115020751953,87.89494323730469,122.1500015258789,12.478658676147461,21.110572814941406,73.4788589477539
2016-11-08,182.08734096045808,108.73019844461604,31.146463003671983,87.91096795464188,122.12000274658203,12.385660517513898,21.110572432698373,73.47880164972851,183.3030242919922,109.55341339111328,31.296775817871094,87.58351135253906,121.63999938964844,12.461750030517578,21.169050216674805,73.494873046875
2016-11-09,181.8133351814696,108.27181123014438,30.531544523615057,87.18411141924696,124.30000305175781,12.504022104841114,21.202468426783277,73.4788109362387,185.24636840820312,110.0585708618164,31.04625129699707,86.24964904785156,121.55999755859375,12.520931243896484,21.302717208862305,73.4627456665039
2016-11-10,186.03402274157074,110.59178907785677,31.29677423104009,85.99410398143465,121.5199966430664,12.46175045915136,21.3611908145135,73.4627456665039,185.7086944580078,108.28116607666016,30.46778106689453,85.73053741455078,119.75,12.419478416442871,21.344482421875,73.4627456665039
2016-11-11,184.9895328480777,107.81342810297284,30.5406583804249,85.89826602013862,119.6500015258789,12.32648088914608,21.319423291320202,73.47885076848804,185.28060913085938,108.32794189453125,31.22844696044922,85.5548324584961,117.0999984741211,12.182756423950195,21.377901077270508,73.43064880371094
2016-11-14,185.80287114251522,108.3560102376204,31.19201162928183,85.05960845947266,116.12000274658203,12.17430178917674,21.57839774053961,73.4627456665039,185.42617797851562,107.23343658447266,30.891386032104492,85.05960845947266,116.11000061035156,12.157393455505371,21.58675193786621,73.4627456665039
2016-11-15,185.81141254639604,108.04727496962552,31.005255357202465,85.0516199356086,116.45999908447266,12.25039080842818,21.620168685913086,73.4788589477539,186.8730010986328,108.72081756591797,31.406085968017578,85.05960845947266,117.12000274658203,12.427932739257812,21.620168685913086,73.4788589477539
2016-11-16,186.25662452049548,108.20633187924439,31.346872061661188,84.87593694574566,117.2699966430664,12.368751817898291,21.645231203407455,73.4788589477539,186.5220184326172,109.36632537841797,31.652050018310547,85.1395034790039,116.7699966430664,12.27575397491455,21.678647994995117,73.4788589477539
2016-11-17,186.67608388481742,109.31019850793402,31.738590100781376,84.99573287993171,116.91000366210938,12.39411478684929,21.64522852452873,73.47880164972851,187.4808349609375,110.16148376464844,31.852462768554688,84.76411437988281,116.16999816894531,12.301116943359375,21.803955078125,73.494873046875
2016-11-18,187.54937860341124,110.2924395671881,31.866131331441622,84.7401104985737,115.5199966430664,12.368752298752186,21.854078263754104,73.4788589477539,187.06138610839844,109.74986267089844,32.034664154052734,84.3886947631836,115.1500015258789,12.402569770812988,21.879140853881836,73.4788589477539
2016-11-21,187.63494794012425,110.02115226198234,32.339846681396644,84.4526285396803,115.72000122070312,12.58856612471098,21.812309284846783,73.4788109362387,188.47393798828125,110.89114379882812,32.24419403076172,84.46061706542969,115.58000183105469,12.749198913574219,21.79560089111328,73.4627456665039
2016-11-22,188.7821371419699,111.33081566271785,32.49470659843094,84.57245247281831,115.72000122070312,12.76610773878292,21.812310837637444,73.4788109362387,188.84207153320312,111.22791290283203,32.61769104003906,84.5405044555664,115.54000091552734,12.732290267944336,21.829017639160156,73.4627456665039
2016-11-23,188.32841957006784,110.86308130118532,32.59036855119154,84.06127325312401,113.87000274658203,12.681563791256586,21.971035327877274,73.4627456665039,188.94482421875,110.77888488769531,32.56759262084961,84.23698425292969,113.25,12.783016204833984,21.962682723999023,73.4627456665039
2016-11-25,189.28731383521736,110.90984227299722,32.64045845079677,84.26894792661042,113.41999816894531,12.740744458694468,21.879140492136276,73.4788589477539,189.64688110351562,111.13436126708984,32.663230895996094,84.16511535644531,112.61000061035156,12.690018653869629,21.920909881591797,73.4788589477539
2016-11-28,189.33862014822847,110.99404203217492,32.59491721834799,84.44463546624301,113.2300033569336,12.757653169505247,21.920910263474894,73.49488233541635,188.75645446777344,110.88178253173828,32.58125305175781,84.5484619140625,113.80000305175781,12.732290267944336,21.8624324798584,73.4627456665039
2016-11-29,188.7907185282828,110.98470510913947,32.43549509961921,84.40470353898594,112.76000213623047,12.546293616971667,21.89584804692849,73.4788109362387,189.12460327148438,111.26535034179688,32.45827102661133,84.63632202148438,113.2699966430664,12.478658676147461,21.81230926513672,73.4627456665039
2016-11-30,189.74101303143192,111.40566749535303,32.503820859037404,84.09325728377149,112.69000244140625,12.706927036231052,21.89585109121787,73.4627456665039,188.67086791992188,109.91826629638672,32.36717224121094,84.06929779052734,111.75,12.859106063842773,21.92926788330078,73.4627456665039
2016-12-01,188.97047105412133,109.8808180622787,32.317061042534746,83.676524323638,111.11000061035156,13.070466106256262,21.887495443469412,73.46434667381266,187.97738647460938,108.01922607421875,30.827608108520508,83.74850463867188,111.54000091552734,13.095829010009766,21.81230926513672,73.49649810791016
2016-12-02,188.06300726316525,108.08471044027779,30.804841265244097,83.92451237302956,111.88999938964844,13.121191619124785,21.778892536830174,73.49653228186541,188.07156372070312,108.23438262939453,31.324100494384766,84.12446594238281,112.13999938964844,13.188826560974121,21.762184143066406,73.48045349121094
2016-12-05,188.90202952729857,108.7957016167666,31.538177255820322,83.84452019439867,111.1500015258789,13.298733333014926,21.687000675923624,73.49653228186541,189.20167541503906,109.07633972167969,31.638385772705078,84.09246063232422,111.54000091552734,13.256462097167969,21.620168685913086,73.48045349121094
2016-12-06,189.38997132242855,109.38501815039592,31.752262551598083,84.11646609102105,111.69000244140625,13.214190023104683,21.67029154661587,73.4804193247319,189.8009033203125,109.33824157714844,31.98456382751465,84.12446594238281,111.43000030517578,13.197280883789062,21.703706741333008,73.49649810791016
2016-12-07,189.6468220127813,109.1137532883669,31.884353318291147,84.27641371573114,112.12999725341797,13.188827667559572,21.686998742276614,73.4804193247319,192.28366088867188,110.72277069091797,32.622249603271484,84.40438079833984,111.83000183105469,13.095829010009766,21.63687515258789,73.49649810791016
2016-12-08,192.2579960253395,110.76955536923415,32.6268026548894,84.13242749350101,111.72000122070312,13.104282839393138,21.787248245253018,73.4804193247319,192.75453186035156,110.91922760009766,32.818111419677734,84.08443450927734,111.56999969482422,13.12119197845459,21.829017639160156,73.49649810791016
2016-12-09,192.97711869989007,111.33084972691137,33.06406901943275,84.04446302720525,111.18000030517578,13.188826560974121,21.912555685020678,73.49649810791016,193.91883850097656,111.78923034667969,32.649574279785156,83.65254974365234,110.4000015258789,13.188826560974121,21.920909881591797,73.49649810791016
2016-12-12,193.82460965296428,111.29339910150968,32.52659565043321,83.59656214611408,110.58999633789062,13.374823162509285,21.820663481713535,73.48045349121094,193.69619750976562,111.28404235839844,32.5129280090332,83.66854858398438,110.81999969482422,13.273370742797852,21.79560089111328,73.48045349121094
2016-12-13,194.35546564979694,111.62082307224367,32.57669342990833,83.81250972286671,110.56999969482422,13.357913689046027,21.803955058437573,73.46434667381266,194.98898315429688,112.68726348876953,33.091400146484375,83.7165298461914,110.44999694824219,13.3071870803833,21.820663452148438,73.49649810791016
2016-12-14,194.68935787987144,112.82759092179296,32.895543202124756,83.99645109763311,110.94999694824219,13.273369122969893,21.787247376225366,73.49649810791016,193.37950134277344,112.45339965820312,32.736122131347656,83.02068328857422,108.83000183105469,13.180371284484863,22.02951431274414,73.49649810791016
2016-12-15,193.61921946002988,112.6030556844535,32.8317707585609,83.00472738928958,107.8499984741211,13.070465743830367,22.213300324259446,73.49649810791016,194.17568969726562,112.63111877441406,33.25992965698242,82.78878021240234,107.33999633789062,13.163463592529297,22.271778106689453,73.49649810791016
2016-12-16,194.6312726357613,112.90790403481226,33.32370266100006,82.93270095847888,107.94999694824219,13.197281096525916,22.263426224204935,73.49653228186541,193.7959442138672,112.21360778808594,32.83177185058594,82.89270782470703,108.05000305175781,13.222644805908203,22.19659423828125,73.48045349121094
2016-12-19,193.97675592107728,112.3261953117267,32.917183437705724,83.1806619620689,108.5999984741211,13.205735321367905,22.221654530324145,73.4804193247319,194.21788024902344,112.67333984375,33.23859405517578,83.27664184570312,108.58999633789062,13.146554946899414,22.263423919677734,73.49649810791016
2016-12-20,194.7517810332149,113.02988133249481,33.27991517451873,82.98072702254402,107.47000122070312,13.205734252929688,22.355320352168242,73.48045349121094,194.96707153320312,113.10494232177734,33.28909683227539,83.10070037841797,107.79000091552734,13.205734252929688,22.30519676208496,73.48045349121094
2016-12-21,194.83792994460757,113.15185333903817,33.51408647960817,83.18065419547422,108.25,13.214190387635613,22.213300675952947,73.49649810791016,194.42457580566406,113.02050018310547,33.2569580078125,83.23664093017578,107.8499984741211,13.129646301269531,22.23836326599121,73.49649810791016
2016-12-22,194.27818658290144,113.0298828236457,33.569187844084944,83.14452402481132,107.68000030517578,13.121193179618654,22.21330033377341,73.49653228186541,194.08872985839844,112.70149993896484,33.426849365234375,83.20059967041016,107.58999633789062,13.112738609313965,22.263423919677734,73.48045349121094
2016-12-23,194.13180254089076,112.51384399332599,33.33042263551649,83.28875138638107,107.83999633789062,13.104283151428445,22.263425847551236,73.48045349121094,194.37294006347656,112.77655029296875,33.58296203613281,83.2807388305664,107.93000030517578,13.138100624084473,22.24671745300293,73.48045349121094
2016-12-27,194.63987303648184,113.02047861076382,33.670206307907385,83.08043815484729,108.61000061035156,13.239552908373662,22.263424262629385,73.4804193247319,194.85516357421875,113.35824584960938,33.867645263671875,83.1605453491211,108.55999755859375,13.341005325317383,22.23836326599121,73.49649810791016
2016-12-28,195.1134995195581,113.60221175276284,34.00079713425324,83.2005837484158,108.4000015258789,13.341005078641972,22.330257770677367,73.49493408203125,193.24476623535156,112.476318359375,33.307464599609375,83.4649429321289,108.86000061035156,13.349459648132324,22.296842575073242,73.49493408203125
2016-12-29,193.31364806068328,112.44815611513339,33.17431190345409,83.60112676596852,109.2300033569336,13.366368293762207,22.246718175704117,73.51101684570312,193.2017059326172,112.31680297851562,33.316650390625,83.7212905883789,110.29000091552734,13.366368293762207,22.171533584594727,73.51101684570312
2016-12-30,193.5289669064038,112.53262701155212,33.481942618665904,83.76134382226256,110.37999725341797,13.374823076235765,22.08799328674645,73.49496529794718,192.49557495117188,111.16279602050781,32.89421844482422,83.9696273803711,109.61000061035156,13.391732215881348,22.104700088500977,73.47888946533203
2017-01-03,193.79588148560507,111.9040118999643,33.44521187190799,83.59311922559316,109.62000274658203,13.501637783316367,22.31354936593201,73.51101684570312,193.96812438964844,112.15734100341797,32.94932174682617,83.92957305908203,110.47000122070312,13.231097221374512,22.30519676208496,73.51101684570312
2017-01-04,194.2953794720281,112.27929209680542,33.09625404805498,83.89757887002692,111.05999755859375,13.23955235283553,22.19659271369082,73.51101684570312,195.12210083007812,112.76718139648438,33.054927825927734,84.02574920654297,110.86000061035156,13.332551002502441,22.13811492919922,73.51101684570312
2017-01-05,194.855129408606,112.68273995297145,33.13298967625762,84.19393931692963,112.16000366210938,13.391732922101959,22.029516699365136,73.51101604128877,194.96707153320312,113.40518951416016,32.862083435058594,84.57044982910156,112.58000183105469,13.400187492370605,21.904205322265625,73.49493408203125
2017-01-06,195.07907571181272,113.5271472978722,32.90799961845881,84.25804436646169,111.80999755859375,13.40018703302407,22.046222665358464,73.51101684570312,195.6646728515625,114.39971160888672,33.03197479248047,84.18594360351562,111.75,13.383277893066406,22.062931060791016,73.51101684570312
2017-01-09,195.4063191925194,114.49354924791847,33.07788207385426,84.49033629372387,112.38999938964844,13.281823691815458,22.07128182228536,73.49493488626962,195.018798828125,114.7750244140625,33.41306686401367,84.50635528564453,112.66999816894531,13.180371284484863,22.00444984436035,73.51101684570312
2017-01-10,195.03601261122344,114.82193665460464,33.39011378885451,84.46633911132812,112.94000244140625,13.239552726796237,21.99609945034974,73.51101604128877,195.018798828125,115.02835083007812,33.5416374206543,84.46633911132812,113.1500015258789,13.12119197845459,22.012807846069336,73.49493408203125
2017-01-11,194.932620676646,115.07523774706324,33.44980265735106,84.51439112284223,112.87000274658203,13.214189662291082,22.138116086646004,73.49493488626962,195.56988525390625,115.33794403076172,33.68397521972656,84.56245422363281,113.5,13.264915466308594,21.962682723999023,73.51101684570312
2017-01-12,195.0531914599818,114.92511539445698,33.463575751029246,84.77073381204828,114.5199966430664,13.383278232878077,21.82901567362637,73.49493488626962,195.0790252685547,115.15967559814453,33.12379837036133,84.61051940917969,113.91000366210938,13.459367752075195,21.879140853881836,73.51101684570312
2017-01-13,195.2513382413114,115.2159894054191,33.4498067876892,84.41022002347572,113.6500015258789,13.400186358016384,21.870788595094293,73.49493488626962,195.52691650390625,115.55375671386719,33.61510467529297,84.42623901367188,114.20999908447266,13.434003829956055,21.854080200195312,73.51101684570312
2017-01-17,194.8895735022401,115.25349649021369,33.518680997344845,84.89090962856233,115.88999938964844,13.577727730530333,21.661937723784966,73.49493488626962,194.83790588378906,115.20658874511719,33.2202262878418,84.8508529663086,115.8499984741211,13.425549507141113,21.653583526611328,73.51101684570312
2017-01-18,195.08764384121375,115.37548553218319,33.39470787443046,84.59447401355769,115.73999786376953,13.357913689046027,21.737124622702904,73.49493408203125,195.26849365234375,115.441162109375,33.80794906616211,84.25000762939453,114.87000274658203,13.3071870803833,21.854080200195312,73.49493408203125
2017-01-19,195.34599463170878,115.6100482548694,33.57836787461116,83.9776422579992,114.31999969482422,13.33255121545214,21.895848037047074,73.51101604128877,194.5451202392578,115.38487243652344,33.550819396972656,83.92957305908203,114.7699966430664,13.264915466308594,21.820663452148438,73.49493408203125
2017-01-20,195.22543385479455,115.89150547107745,33.86763763799886,83.82543201118612,114.6500015258789,13.434003369177782,21.8290164596921,73.49493488626962,195.2598876953125,115.63818359375,33.87222671508789,83.9696273803711,115.05000305175781,13.417094230651855,21.7454776763916,73.51101684570312
2017-01-23,195.25985025879095,115.56312624475986,33.77581191293488,84.1218645933379,115.51000213623047,13.33255095683853,21.678646148688653,73.49493408203125,194.7517547607422,115.73200988769531,33.57378387451172,84.4102554321289,115.79000091552734,13.417094230651855,21.628520965576172,73.49493408203125
2017-01-24,194.9670529499956,115.95719917572266,33.72070934983241,84.22598844396516,115.69000244140625,13.48472994831202,21.628520955406405,73.49493408203125,196.00045776367188,116.5107650756836,34.230377197265625,84.08980560302734,115.2699966430664,13.450912475585938,21.63687515258789,73.49493408203125
2017-01-25,196.94778620019798,117.24258123760015,34.556385954027775,83.75335396953474,114.13999938964844,13.357913724583911,21.628523275400145,73.49493488626962,197.69700622558594,117.68355560302734,34.652809143066406,83.6732406616211,114.31999969482422,13.366368293762207,21.561691284179688,73.51101684570312
2017-01-26,197.55055465753608,117.84306486072484,34.68954097813112,83.6411653925699,113.23999786376953,13.434004076849442,21.68699834727436,73.51100089871571,197.4902801513672,117.80553436279297,34.38649368286133,83.78535461425781,113.26000213623047,13.425549507141113,21.703706741333008,73.5270767211914
2017-01-27,197.56784876721227,118.05884676351559,34.55178667900647,83.83344310140885,112.93000030517578,13.442456713100823,21.67864573364301,73.51101604128877,197.18032836914062,118.03070068359375,34.8272819519043,83.88951873779297,113.48999786376953,13.315641403198242,21.712060928344727,73.49493408203125
2017-01-30,196.49135954736528,117.63664155665305,34.72168034648261,83.90558247628547,113.61000061035156,13.256461636632835,21.76218679809498,73.49491894277091,195.9574432373047,117.1112289428711,34.6619873046875,83.86553192138672,113.97000122070312,13.23955249786377,21.6702938079834,73.5270767211914
2017-01-31,195.46660471431943,116.69838753688785,34.47831794697796,83.94561653701669,115.2699966430664,13.341004303924343,21.528274578056806,73.51101684570312,195.94024658203125,116.87665557861328,34.179866790771484,84.15390014648438,115.55000305175781,13.315641403198242,21.494857788085938,73.51101684570312
2017-02-01,195.9401682595318,117.70231727129215,34.5793355431972,83.88837300431425,114.66000366210938,13.357915328569767,21.570043951101166,73.49975822473013,196.01766967773438,117.68355560302734,34.52882766723633,83.99267578125,115.19999694824219,13.459367752075195,21.511566162109375,73.51583862304688
2017-02-02,196.0176989136226,117.47713808579262,34.32221275754781,84.26542040279404,116.26000213623047,13.501639796770505,21.46144252887316,73.49975822473013,196.14688110351562,117.5803451538086,34.56556701660156,84.02473449707031,115.83999633789062,13.459367752075195,21.54498291015625,73.51583862304688
2017-02-03,197.05110656225563,117.70232277260449,34.735453611789985,84.24129815159151,115.7300033569336,13.400186669632888,21.570043919633846,73.51585151930165,197.4989013671875,117.91812133789062,34.71708679199219,84.08885955810547,116.12999725341797,13.450912475585938,21.53662872314453,73.49977111816406
2017-02-06,197.0941453700368,117.72109346322955,34.73545139813325,84.4339211178673,117.06999969482422,13.450911566728884,21.603458462090458,73.51583485401181,197.14581298828125,118.0588607788086,34.675758361816406,84.49008178710938,117.69999694824219,13.366368293762207,21.553333282470703,73.53192138671875
2017-02-07,197.53337817012294,118.30281836891497,34.850241035615696,84.44193479348132,117.30999755859375,13.264915040876376,21.686996802176747,73.53192138671875,197.1544647216797,118.49047088623047,34.822689056396484,84.64250946044922,117.45999908447266,13.3071870803833,21.661935806274414,73.53192138671875
2017-02-08,197.1544600124119,118.33094053049737,34.81809806447934,84.64249156448827,118.08999633789062,13.315640979891898,21.63687515258789,73.51583485401181,197.41281127929688,118.68746948242188,34.85942077636719,84.98748016357422,118.19000244140625,13.35791301727295,21.63687515258789,73.53192138671875
2017-02-09,197.4127730625225,118.80945833384452,34.90534414287775,84.98747861699451,118.19000244140625,13.450912409993958,21.636876638553076,73.51583485401181,198.58395385742188,119.11907958984375,34.5563850402832,84.4820327758789,117.29000091552734,13.425549507141113,21.720417022705078,73.53192138671875
2017-02-10,198.92844207107467,119.38176940602699,34.86860790477767,84.29751734180712,116.68000030517578,13.535456329119352,21.79560126505193,73.53192515657855,199.3676300048828,119.51312255859375,34.593109130859375,84.42588806152344,117.5999984741211,13.569272994995117,21.7454776763916,73.51583862304688
2017-02-13,199.85849382600338,119.8790617475265,34.85024477527288,84.24134758619738,116.7300033569336,13.442457132168643,21.78724669424653,73.51583862304688,200.45269775390625,120.18869018554688,35.04768371582031,84.2975082397461,116.80000305175781,13.417094230651855,21.79560089111328,73.51583862304688
2017-02-14,200.27183115065384,120.23558114025919,34.85942047157545,84.25742977249426,117.51000213623047,13.501638773835396,21.77053792871835,73.53192138671875,201.25355529785156,120.59211730957031,34.776771545410156,83.99267578125,116.93000030517578,13.434003829956055,21.84572410583496,73.53192138671875
2017-02-15,201.03828987887738,120.50769465860103,34.88238233952491,83.70383447285495,116.33000183105469,13.417095002859854,21.920910647406398,73.53192515657855,202.30419921875,121.30519104003906,35.134918212890625,83.83219909667969,117.44999694824219,13.450912475585938,21.803955078125,73.51583862304688
2017-02-16,202.3300216006002,121.38023112601162,35.16706209164438,83.92040414381164,117.93000030517578,13.450911566728884,21.720417391079373,73.51583862304688,202.1319580078125,121.26764678955078,35.2680778503418,84.16912078857422,118.08000183105469,13.366368293762207,21.678647994995117,73.51583862304688
2017-02-17,201.46888297145847,121.08938714738915,35.088996872117136,84.40180214740626,118.19000244140625,13.281824950334913,21.686996036482906,73.53192138671875,202.4506072998047,121.7930679321289,35.39663314819336,84.39378356933594,117.68000030517578,13.341005325317383,21.78724479675293,73.53192138671875
2017-02-21,202.82092162875713,122.02760318012558,35.57571408240979,84.19323379756352,117.04000091552734,13.40018619217812,21.895849552275507,73.51583862304688,203.65625,122.39351654052734,35.73182678222656,84.35369110107422,117.75,13.3240966796875,21.887496948242188,73.51583862304688
2017-02-22,203.25145966534637,122.28094570149429,35.612444244595096,84.5301991741625,117.86000061035156,13.264915860574076,21.912558009888937,73.51583862304688,203.47535705566406,122.44044494628906,35.575714111328125,84.49008178710938,117.91000366210938,13.256462097167969,21.837371826171875,73.51583862304688
2017-02-23,203.9921337365492,122.62809383127059,35.56193966621492,84.64250248484598,118.76000213623047,13.38327683814827,21.81230738517043,73.51583862304688,203.61322021484375,121.98070526123047,35.18083953857422,84.71470642089844,118.94000244140625,13.29873275756836,21.78724479675293,73.51583862304688
2017-02-24,202.76921937918132,121.42712922894266,34.79514582334507,84.99548969409635,119.73999786376953,13.307188216034996,21.787248245253018,73.51583862304688,203.8715057373047,122.21524810791016,35.23134994506836,85.1078109741211,119.69999694824219,13.273370742797852,21.829017639160156,73.51583862304688
2017-02-27,203.78542300183085,121.99011150923754,35.20839111661876,85.03560764449307,119.7300033569336,13.290279107898854,21.778894047791542,73.51583862304688,204.19017028808594,122.36540222167969,35.40123748779297,84.80294036865234,119.12000274658203,13.23955249786377,21.829017639160156,73.51583862304688
2017-02-28,203.81122209260744,122.33724162957056,35.327765186038,84.84303835270939,119.70999908447266,13.214189874905081,21.787246674559114,73.54798889160156,203.6389923095703,121.99009704589844,35.075225830078125,84.76280975341797,119.2300033569336,13.290279388427734,21.81230926513672,73.54798889160156
2017-03-01,205.29241099116604,122.768844183778,35.35991125008808,84.12411540778172,117.9800033569336,13.36636878711303,21.98774372243419,73.51908111572266,206.4894256591797,123.32240295410156,35.483882904052734,84.17231750488281,119.05999755859375,13.349459648132324,21.962682723999023,73.51908111572266
2017-03-02,206.2999648439958,123.29424425634059,35.4471451902035,84.00360044480712,117.76000213623047,13.205735569396525,22.046218862806697,73.51908111572266,205.18907165527344,122.7031478881836,35.17164993286133,83.9312973022461,117.58000183105469,13.138100624084473,22.05457305908203,73.51908111572266
2017-03-03,205.10297729567483,122.61872346625535,35.26807561411554,83.95541987972011,116.94999694824219,13.155008452138528,21.979388047091387,73.5351333618164,205.31826782226562,122.9283447265625,35.29562759399414,84.01165771484375,117.51000213623047,13.205734252929688,21.8624324798584,73.5351333618164
2017-03-06,204.52598307687302,122.52488920278128,35.1349194348715,84.02774375802478,117.3499984741211,13.264915265850544,21.887496572622958,73.51906363287394,204.7068328857422,122.65624237060547,35.30940246582031,83.99561309814453,116.72000122070312,13.188826560974121,21.937620162963867,73.55123901367188
2017-03-07,204.40546264673017,122.4122599980361,35.22674623611847,83.89917734629661,116.12999725341797,13.222644957526652,21.97938952515573,73.55125650417192,204.09544372558594,122.44978332519531,35.39663314819336,83.87507629394531,115.77999877929688,13.129646301269531,21.962682723999023,73.51908111572266
2017-03-08,204.3881511172311,122.52491227658373,35.39205359380481,83.48944126271697,114.98999786376953,13.087373731751606,22.004453302242357,73.53516574153335,203.71644592285156,122.66565704345703,35.43337631225586,83.59388732910156,115.05999755859375,12.83374309539795,22.03786849975586,73.51908111572266
2017-03-09,203.83706442731702,122.63747597757043,35.323179523404555,83.50547511071674,114.77999877929688,12.791470888116661,21.979389170410023,73.51908111572266,203.974853515625,122.75943756103516,35.44715118408203,83.3608627319336,114.47000122070312,12.723835945129395,21.996097564697266,73.51908111572266
2017-03-10,204.93074530765566,123.32239709016635,35.66755099679891,83.5376205444336,114.44999694824219,12.723836026163482,21.93761867639973,73.5351333618164,204.6896209716797,123.27548217773438,35.78234100341797,83.5376205444336,114.72000122070312,12.605474472045898,21.84572410583496,73.5351333618164
2017-03-13,204.62930009929119,123.22855876087027,35.897124281123425,83.40105375639544,114.62999725341797,12.613929683595037,21.854078263754104,73.53516574153335,204.7929229736328,123.48188781738281,35.95681381225586,83.32875061035156,114.73999786376953,12.588566780090332,21.879140853881836,73.51908111572266
2017-03-14,204.25038638137607,123.2004094514701,35.83743604589295,83.36895178722767,114.54000091552734,12.495567847105288,21.929265945140212,73.51908111572266,204.00926208496094,123.181640625,35.828250885009766,83.41716003417969,114.12000274658203,12.537839889526367,21.954328536987305,73.51908111572266
2017-03-15,204.57765871334672,123.43496180559411,35.842029776599155,83.54568066696491,114.29000091552734,12.613929566678044,21.92926721896297,73.51904874308825,205.77467346191406,123.94161987304688,36.154258728027344,84.14823150634766,116.25,12.647747039794922,21.695354461669922,73.5351333618164
2017-03-16,205.91243981213134,124.17619817422464,36.20934931477235,83.94738183668869,117.2699966430664,12.698473190535514,21.65358547761852,73.51906363287394,205.36990356445312,123.85718536376953,36.181800842285156,83.91524505615234,116.7300033569336,12.630837440490723,21.620168685913086,73.55123901367188
2017-03-17,205.63199726496683,124.01137432968893,36.305777235867914,84.01970922148875,117.04000091552734,12.681564578130486,21.645229359947,73.51906363287394,205.00926208496094,123.8139419555664,36.278228759765625,84.14022064208984,116.98999786376953,12.673110008239746,21.628520965576172,73.55123901367188
2017-03-20,205.0092953250212,123.77634644597754,36.42975263780719,84.15625663384118,117.30999755859375,12.647746399184538,21.61181415444362,73.51904874308825,204.784423828125,123.9267807006836,36.5078125,84.3410415649414,117.51000213623047,12.664654731750488,21.63687515258789,73.5351333618164
2017-03-21,205.38985335831487,124.39686020376782,36.631779839323784,84.28485676677205,117.7699966430664,12.69847433397177,21.52827265799189,73.55123901367188,202.15509033203125,122.04637908935547,35.80988311767578,84.62228393554688,118.54000091552734,12.597021102905273,21.503210067749023,73.55123901367188
2017-03-22,202.18968445195426,122.08397543456356,35.842018744494354,84.78291320800781,118.87000274658203,12.563203070313461,21.49485779857101,73.51906363287394,202.6307830810547,122.87373352050781,36.15884017944336,84.78291320800781,118.83000183105469,12.588566780090332,21.48650360107422,73.55123901367188
2017-03-23,202.63074737271714,122.71391842187128,36.0945679483899,84.83114157127093,119.1500015258789,12.571657427753916,21.49485776714022,73.55122411736973,202.41452026367188,122.56348419189453,36.04865264892578,84.69456481933594,118.66999816894531,12.563202857971191,21.511566162109375,73.5351333618164
2017-03-24,202.71730382336963,122.95836779492838,36.60423445905706,84.6704656563755,118.5,12.597019902550615,21.503210067749023,73.5351482548597,202.26754760742188,122.81734466552734,36.33332824707031,84.7427749633789,118.86000061035156,12.605474472045898,21.503210067749023,73.55123901367188
2017-03-27,200.59822377562864,121.94295930566261,36.177216116483095,85.0962420802178,119.93000030517578,12.520931833229675,21.327777478359373,73.51906363287394,202.05992126464844,123.01477813720703,36.498626708984375,84.95162963867188,119.52999877929688,12.588566780090332,21.386255264282227,73.55123901367188
2017-03-28,201.75720838274196,123.01475765497548,36.46189623289546,85.04808047259355,119.73999786376953,12.647746399184538,21.38625450008251,73.55123901367188,203.5302734375,123.76691436767578,36.567501068115234,84.66244506835938,119.04000091552734,12.664654731750488,21.503210067749023,73.55123901367188
2017-03-29,203.24483095448198,123.85158039803048,36.50321548874823,84.8070320284334,119.22000122070312,12.715381262449052,21.586752304097672,73.55123901367188,203.72052001953125,124.34048461914062,36.42056655883789,84.9034423828125,119.33000183105469,12.783016204833984,21.54498291015625,73.55123901367188
2017-03-30,203.65999883500942,124.29343863904332,36.415975521879055,84.86329543672854,118.7699966430664,12.816833956295904,21.578395094831095,73.55123901367188,204.3692169189453,124.54729461669922,36.60423278808594,84.66244506835938,118.47000122070312,12.83374309539795,21.686996459960938,73.55123901367188
2017-03-31,204.03191476196116,124.36862915069335,36.56290625513014,84.78293649524272,118.61000061035156,12.808379452548156,21.653585401304372,73.56730873609789,203.89353942871094,124.46265411376953,36.599639892578125,84.83113861083984,118.72000122070312,12.859106063842773,21.678647994995117,73.5351333618164
2017-04-03,203.94541794497783,124.56608237398606,36.640969323151275,84.93491217953932,118.69000244140625,12.892923254835758,21.695354797388624,73.52551502419078,203.53890991210938,124.38744354248047,36.51240158081055,85.24871063232422,119.3499984741211,12.808379173278809,21.678647994995117,73.54161071777344
2017-04-04,203.25351822724852,124.03015940257028,36.31955272367496,85.22454027774184,119.58999633789062,12.876014740383113,21.71206093836233,73.54161071777344,203.66867065429688,124.58486938476562,36.38383483886719,85.12799072265625,119.62000274658203,12.935195922851562,21.703706741333008,73.54161071777344
2017-04-05,204.34332411644053,124.76353066020609,36.434351097680036,85.02342438900443,118.62000274658203,13.078920450557087,21.712062857205204,73.55770027264764,203.06326293945312,124.07719421386719,36.16803741455078,85.28894805908203,119.62000274658203,12.960558891296387,21.695354461669922,73.54161071777344
2017-04-06,203.2015942350403,124.19942896916638,36.09915953684057,85.31314137115848,119.22000122070312,13.019739085516884,21.703706691341196,73.54161071777344,203.63404846191406,124.14300537109375,36.186397552490234,85.23268127441406,119.18000030517578,12.994376182556152,21.7454776763916,73.54161071777344
2017-04-07,203.3832198328587,124.10539883863468,36.15425613048666,85.44179723437799,120.30000305175781,13.036647089149266,21.77889212544243,73.55770027264764,203.4264678955078,124.07719421386719,36.328739166259766,84.9751205444336,119.45999908447266,13.028192520141602,21.84572410583496,73.54161071777344
2017-04-10,203.56486351066155,124.1994236576505,36.31037532903187,85.08775764890046,119.04000091552734,13.087374258086491,21.82066347185095,73.57379596623028,203.5475616455078,124.12420654296875,36.007328033447266,85.12799072265625,119.45999908447266,13.129646301269531,21.803955078125,73.54161071777344
2017-04-11,203.16700087724368,124.01130981758398,35.887943301678135,85.32919535469867,120.33000183105469,13.121191798327825,21.762184487021496,73.55765533447266,203.30538940429688,123.58822631835938,35.736419677734375,85.52230072021484,121.19000244140625,13.155009269714355,21.737123489379883,73.55765533447266
2017-04-12,203.02861106024082,123.56949699163367,35.74560111529658,85.58666570877874,121.37999725341797,13.155009269714355,21.737123935586357,73.57379596623028,202.41452026367188,123.09000396728516,35.272666931152344,85.7878189086914,122.0199966430664,13.155009269714355,21.628520965576172,73.54161071777344
2017-04-13,202.07720426085868,122.9207199172346,35.093597116983176,85.93261993559933,122.54000091552734,13.214190023104683,21.6452289555279,73.54156578942796,201.099853515625,122.60104370117188,35.010948181152344,86.0452651977539,122.5999984741211,13.197280883789062,21.703706741333008,73.55765533447266
2017-04-17,201.6188347524172,122.94894947593042,35.1762459481328,86.05334649654102,122.55000305175781,13.197280685414738,21.6285228511208,73.54156578942796,202.88160705566406,123.6164779663086,35.392051696777344,85.90851593017578,122.23999786376953,13.12119197845459,21.645231246948242,73.55765533447266
2017-04-18,202.14642256401504,123.20280020766754,35.24970527161397,86.14184665259182,122.43000030517578,13.053555949190958,21.536627218637964,73.55768055584892,202.27615356445312,123.42845153808594,35.534385681152344,86.39932250976562,122.81999969482422,13.070465087890625,21.461441040039062,73.57377624511719
2017-04-19,202.83832324402883,123.96442364860172,35.83284221451376,86.19012218234379,122.25,13.078919567069205,21.519920328199753,73.55768055584892,201.9042205810547,123.6259536743164,35.72723388671875,86.17402648925781,121.7300033569336,12.842196464538574,21.53662872314453,73.57377624511719
2017-04-20,202.51831842688946,124.12420825017635,35.961405389016505,86.03724153118198,121.81999969482422,12.867560037933405,21.478149330409586,73.55768055584892,203.5475616455078,124.66011047363281,36.241493225097656,85.98091888427734,121.95999908447266,12.791470527648926,21.54498291015625,73.57377624511719
2017-04-21,203.4696921736506,124.77294971046072,36.09457015991211,86.061375634341,122.13999938964844,12.808379186785594,21.553337086102086,73.57377624511719,202.8988494873047,124.63191223144531,36.09457015991211,86.02114868164062,122.30999755859375,12.664654731750488,21.561691284179688,73.57377624511719
2017-04-24,205.1390154286658,126.01400847378004,36.64555613715552,85.63492283676493,120.7699966430664,12.65620154429236,21.361190795898438,73.57375101822205,205.13037109375,126.13623809814453,36.61800765991211,85.84412384033203,121.4800033569336,12.622384071350098,21.361190795898438,73.55765533447266
2017-04-25,205.770357475763,126.54990929408304,36.79248266268988,85.5705181418212,120.52999877929688,12.588565536204198,21.377903397071492,73.57375101822205,206.3238983154297,127.04821014404297,36.98533248901367,85.40155029296875,120.25,12.681563377380371,21.302717208862305,73.55765533447266
2017-04-26,206.28933907936556,127.09519722811234,36.957789513517696,85.40156344304441,120.20999908447266,12.630838082201286,21.386255304482745,73.55768055584892,206.19419860839844,126.86956024169922,36.70525360107422,85.6268539428711,120.83999633789062,12.613929748535156,21.35283851623535,73.57377624511719
2017-04-27,206.5142203713662,127.17986844976143,36.90269015926408,85.5946815198101,120.41999816894531,12.512476740324438,21.394609461328372,73.55765533447266,206.3671875,127.63115692138672,37.19655227661133,85.68318939208984,120.38999938964844,12.546294212341309,21.386255264282227,73.55765533447266
2017-04-28,206.62665285973316,128.13882727397257,36.97615445473298,85.54643789999344,120.33999633789062,12.571656338213046,21.35283659958647,73.57376183198502,205.9174346923828,127.85678100585938,36.59505081176758,85.771728515625,120.7699966430664,12.512475967407227,21.361190795898438,73.58985137939453
2017-05-01,206.43637084960938,128.27981341115205,36.70524782149359,85.67502094377248,120.20999908447266,12.520931556321225,21.35283848612031,73.6011312757621,206.43637084960938,128.99435424804688,36.97615051269531,85.58638000488281,119.66999816894531,12.537839889526367,21.377901077270508,73.58502960205078
2017-05-02,206.57474266484968,129.15423832875146,36.92105520041185,85.54611776841536,119.30000305175781,12.529385089472962,21.377899207151998,73.56890106201172,206.5142059326172,129.2106475830078,36.77871322631836,85.76368713378906,119.6500015258789,12.402569770812988,21.344482421875,73.56890106201172
2017-05-03,206.51415171219764,128.91913599379728,36.70525223566811,85.77977562248942,119.18000030517578,12.427932392233098,21.36954650706303,73.56890106201172,206.26332092285156,128.7969207763672,36.98992919921875,85.58638000488281,117.9800033569336,12.351842880249023,21.428024291992188,73.56890106201172
2017-05-04,206.56607360408137,128.77818811530446,36.99452019678984,85.29628160229548,116.80999755859375,12.225028957473327,21.394611803981142,73.56893406932868,206.50552368164062,128.843994140625,36.95319747924805,85.39298248291016,116.79000091552734,12.055941581726074,21.294363021850586,73.58502960205078
2017-05-05,206.87747439671105,129.17306375924667,36.98992725523279,85.40102671108704,116.86000061035156,12.106665536326803,21.311067952670275,73.56890106201172,207.31857299804688,129.3140869140625,37.100128173828125,85.4090805053711,117.01000213623047,12.225027084350586,21.260944366455078,73.56890106201172
2017-05-08,207.3618046589795,129.37985964701585,37.14604254510724,85.32850567666,117.02999877929688,12.165848337219032,21.34448428907024,73.58502960205078,207.28396606445312,129.59609985351562,37.00829315185547,85.19957733154297,116.75,12.174302101135254,21.377901077270508,73.58502960205078
2017-05-09,207.54342977867722,129.79356834237015,37.067985772674085,85.08673961468469,116.18000030517578,12.199664971271888,21.469796799480882,73.6011312757621,207.0936737060547,130.04742431640625,37.38021469116211,85.10285949707031,116.05000305175781,12.115120887756348,21.48650360107422,73.58502960205078
2017-05-10,207.05040860193037,130.12261962890625,37.75673004478312,85.28820218134747,116.41999816894531,12.199665231443396,21.469796789008033,73.60114288330078,207.46556091308594,130.12261962890625,37.853153228759766,85.07063293457031,116.04000091552734,12.309572219848633,21.494857788085938,73.60114288330078
2017-05-11,207.0158171111785,129.76535394791253,37.784278810986905,84.94170574663093,116.20999908447266,12.368751772287338,21.51991846124427,73.5850412070501,207.04176330566406,130.01919555664062,37.9358024597168,85.13510131835938,116.5,12.360297203063965,21.503210067749023,73.60114288330078
2017-05-12,206.79101755993005,130.0756056202391,37.96794094685065,85.46551351647273,117.06999969482422,12.394114673685356,21.428022735735066,73.6011312757621,206.6958770751953,130.31065368652344,38.041404724121094,85.57027435302734,116.83000183105469,12.360297203063965,21.394607543945312,73.58502960205078
2017-05-15,207.11963353742098,130.36707138827006,38.08731800627969,85.52994582705082,117.5199966430664,12.537839725606837,21.319425561030236,73.60114288330078,207.83750915527344,130.72433471679688,38.463829040527344,85.51383209228516,117.13999938964844,12.427932739257812,21.33613395690918,73.60114288330078
2017-05-16,208.1315939933016,131.06284032195,38.53270739641629,85.50581913066227,117.44999694824219,12.487113425079384,21.210819597343328,73.60114288330078,207.64724731445312,131.26968383789062,38.92299270629883,85.62669372558594,117.6500015258789,12.444841384887695,21.177404403686523,73.60114288330078
2017-05-17,207.64722812837044,130.22603353641998,38.376594870741336,86.06178925752171,119.36000061035156,12.520931803078327,21.11892550165531,73.60108434814578,203.9627227783203,127.93197631835938,37.458274841308594,86.31159210205078,119.79000091552734,12.529385566711426,21.035385131835938,73.61717987060547
2017-05-18,203.8849114456229,127.88499742083896,37.591428641661636,86.38415507627727,119.7699966430664,12.444841518022338,21.06044763342534,73.60108434814578,204.784423828125,129.0508270263672,38.01385498046875,86.28746032714844,118.80999755859375,12.495567321777344,21.110572814941406,73.61717987060547
2017-05-19,205.26875680431252,129.51148599178038,38.41791723731961,86.19879264297768,119.38999938964844,12.647745796721798,20.98526194552051,73.60114288330078,206.11636352539062,129.59609985351562,38.45465087890625,86.26325988769531,119.4000015258789,12.740743637084961,20.9601993560791,73.60114288330078
2017-05-22,206.6266353290807,129.8875981530161,38.59699239234932,86.16655731201172,119.62999725341797,12.80837963315566,20.918430004936695,73.60108434814578,207.1628875732422,130.686767578125,38.821983337402344,86.16655731201172,119.9000015258789,12.825288772583008,20.926782608032227,73.61717987060547
2017-05-23,207.53478073115593,131.0722153193907,38.909217249013096,86.2632633160026,120.12999725341797,12.825288245392596,20.910075392331127,73.60108434814578,207.62127685546875,130.818359375,38.73933029174805,85.94093322753906,119.13999938964844,12.783016204833984,21.0186767578125,73.61717987060547
2017-05-24,207.854788455493,131.21326148516806,38.987270052970985,85.94095844836724,119.06999969482422,12.749199620109474,21.018679060973955,73.60114288330078,208.10560607910156,131.42010498046875,38.909210205078125,86.11824035644531,119.61000061035156,12.757654190063477,20.951847076416016,73.60114288330078
2017-05-25,208.61588842779958,131.91839473727887,39.12961418245473,86.16655731201172,119.5199966430664,12.72383553820323,20.96020124298609,73.60108434814578,209.10023498535156,132.53892517089844,39.17552947998047,86.16655731201172,119.4800033569336,12.478658676147461,20.976909637451172,73.61717987060547
2017-05-26,208.90997604809624,132.567067142345,39.1158399196967,86.24713510419373,120.48999786376953,12.512477755198896,21.035387049256293,73.60114171722157,209.05702209472656,132.77391052246094,39.24899673461914,86.22296142578125,120.54000091552734,12.57165813446045,21.02703285217285,73.63333892822266
2017-05-30,208.73703870247456,132.70812570972092,39.30868461729367,86.36803070489094,120.23999786376953,12.461750737022188,21.01867677646257,73.61723841856129,208.87542724609375,132.8867645263672,39.52907943725586,86.4405517578125,120.13999938964844,12.470205307006836,21.001968383789062,73.60114288330078
2017-05-31,209.16947497747938,133.35687610470234,39.740301551694834,86.40023872902556,120.30999755859375,12.351842566701881,20.96855547090555,73.61723841856129,208.82351684570312,132.8397674560547,39.48316955566406,86.48081970214844,120.62000274658203,12.33493423461914,20.951847076416016,73.60114288330078
2017-06-01,209.28187824173105,133.11241249409377,39.58877023629874,86.30652799210712,120.16999816894531,12.334934131317363,20.993616438516057,73.61240447823452,210.48410034179688,133.3568572998047,39.5566291809082,86.43565368652344,120.72000122070312,12.25039005279541,20.976909637451172,73.62850952148438
2017-06-02,210.5359958403654,133.8269948035237,39.76784608132709,86.75850115057965,121.30999755859375,12.191210746765137,20.901725802519362,73.61238861083984,211.18467712402344,134.88002014160156,39.8642692565918,86.81499481201172,121.61000061035156,12.191210746765137,20.876663208007812,73.61238861083984
2017-06-05,211.01173560965785,134.87061450801426,39.89641186935757,86.6777423822164,121.91000366210938,12.123576164245605,20.901723872081558,73.61240447823452,211.02903747558594,134.851806640625,39.969879150390625,86.66967010498047,121.7300033569336,12.123576164245605,20.893369674682617,73.62850952148438
2017-06-06,210.4668297647165,134.6919280713858,39.92396475677178,86.98443324456663,123.08999633789062,12.106666970473263,20.851599064110435,73.61238861083984,210.35440063476562,134.31585693359375,40.06171417236328,86.94408416748047,123.0999984741211,12.20811939239502,20.843246459960938,73.61238861083984
2017-06-07,210.69172942442873,134.69195774104156,40.263741462846774,86.85535307230374,122.79000091552734,12.1743009134772,20.893369705881707,73.61242182281512,210.74362182617188,134.84239196777344,40.360164642333984,86.78271484375,122.44999694824219,12.039031028747559,20.86830711364746,73.64463806152344
2017-06-08,210.83869148386148,135.14324466373156,40.543825078102664,86.70196329816525,122.06999969482422,12.030576459383928,20.926782589079618,73.64462070935203,210.8473358154297,134.98341369628906,40.892784118652344,86.64546966552734,121.6500015258789,12.039031028747559,20.943490982055664,73.62850952148438
2017-06-09,211.11552099498175,135.14325626786277,41.12696034532898,86.47601220624557,120.45999908447266,12.064395328594085,21.052095463606673,73.62852686985966,210.5273895263672,131.60812377929688,39.345420837402344,86.56478881835938,120.54000091552734,12.106666564941406,21.010324478149414,73.64463806152344
2017-06-12,210.2851751130325,130.49872398255832,38.86788967837316,86.45174893752944,120.33000183105469,12.115120971154964,20.985263834683714,73.64462070935203,210.48410034179688,130.9029998779297,39.106651306152344,86.54859161376953,120.36000061035156,11.996759414672852,20.976909637451172,73.62850952148438
2017-06-13,211.02034731862815,131.6363200197745,39.49694543522902,86.46795293368463,119.94999694824219,12.005214262209625,20.960201273660783,73.62852686985966,211.5133514404297,131.96539306640625,39.35919952392578,86.58094024658203,120.4800033569336,12.047486305236816,20.951847076416016,73.64463806152344
2017-06-14,211.78150885516482,132.50128088028492,39.45102095312311,87.09741044814751,121.51000213623047,12.030575617971408,20.843245719410703,73.64462070935203,211.24526977539062,131.39186096191406,39.019412994384766,87.03284454345703,119.81999969482422,11.836125373840332,20.935138702392578,73.62850952148438
2017-06-15,209.8960152194408,130.06621517840335,38.36740045392145,86.91181482148247,119.22000122070312,11.819217467128622,21.03538669544246,73.62850952148438,210.83877563476562,130.80897521972656,38.66126251220703,86.87953186035156,119.31999969482422,11.886853218078613,21.060447692871094,73.62850952148438
2017-06-16,210.99780206763052,130.7410828962736,38.82656706498238,86.89569554510116,119.3499984741211,11.946032770364434,21.027033217205055,73.62850459623286,210.8848114013672,130.24142456054688,38.63831329345703,86.927978515625,119.33999633789062,11.937578201293945,20.98526382446289,73.66072082519531
2017-06-19,211.71050078004595,131.50471722420286,39.046957312868635,86.83109323308756,118.73999786376953,11.929123280309643,21.018678281749306,73.64463806152344,212.64047241210938,132.419189453125,39.322452545166016,86.68582916259766,118.43000030517578,11.861488342285156,21.07715606689453,73.64463806152344
2017-06-20,212.2840964967575,132.28722161862973,39.377559157824194,86.75845445386807,118.41999816894531,11.751581585582647,21.077156027264028,73.66074310856797,211.2063751220703,131.38217163085938,38.83115768432617,86.90372467041016,118.18000030517578,11.743127822875977,21.110572814941406,73.64463806152344
2017-06-21,211.59748345778655,131.68380516846136,39.014825420675606,86.80691429309225,118.1500015258789,11.776946583771972,21.1022205780126,73.66072082519531,211.1542205810547,132.68313598632812,39.276546478271484,86.89569091796875,118.5199966430664,11.616312980651855,21.068803787231445,73.66072082519531
2017-06-22,211.16302003798958,132.89060252740754,39.27195265571832,87.02478401664985,119.12999725341797,11.658584528649328,21.06880186995948,73.66070766374501,211.0587158203125,132.64547729492188,39.17552947998047,86.97635650634766,118.91999816894531,11.633221626281738,21.07715606689453,73.67681884765625
2017-06-23,211.1194753547663,132.49458671813522,39.193896572133426,86.93601392032483,119.6500015258789,11.64167632750466,21.03538706942377,73.67683201198524,211.31068420410156,133.15452575683594,39.33623504638672,87.00057983398438,119.43000030517578,11.683947563171387,21.010324478149414,73.66072082519531
2017-06-26,211.9798898399386,133.91819805474535,39.708153196645945,87.08129920865063,118.29000091552734,11.67549496329817,20.985263440068337,73.64463806152344,211.44972229003906,132.5323486328125,39.18470764160156,87.07322692871094,118.36000061035156,11.709312438964844,21.04374122619629,73.64463806152344
2017-06-27,211.23241411338174,132.03270890276983,38.886258325090765,86.77459532983795,118.87000274658203,11.734674613363678,20.901724291747247,73.66074310856797,209.7462158203125,130.1283416748047,38.064361572265625,86.64546966552734,118.80999755859375,11.844581604003906,20.809829711914062,73.64463806152344
2017-06-28,210.7631866572424,130.60906322110898,38.34445371876743,86.60513790555467,119.05999755859375,11.861488380000418,20.818182395050684,73.66070766374501,211.62362670898438,132.0043487548828,38.6153564453125,86.56478881835938,118.9000015258789,11.920669555664062,20.742996215820312,73.67681884765625
2017-06-29,211.77130561765378,131.45753952703524,38.362815682235556,86.112826771565,117.97000122070312,11.988304630442212,20.726288256971248,73.64461578302277,209.7636260986328,129.71343994140625,37.74753952026367,86.24195861816406,118.31999969482422,11.971395492553711,20.64274787902832,73.66072082519531
2017-06-30,210.57191628538862,130.08116822272046,37.917421983321795,86.22581097656021,118.08000183105469,12.039030839057363,20.684516916073846,73.66070766374501,210.1547393798828,129.76063537597656,37.58682632446289,86.04019165039062,118.0199966430664,12.216572761535645,20.676162719726562,73.67681884765625
2017-07-03,211.09342148732742,130.3545914221188,37.82559309720056,86.03938053575934,116.54000091552734,12.267299048900188,20.776414525589857,73.66875549390065,210.5111083984375,128.39366149902344,37.15522003173828,85.72415924072266,116.08999633789062,12.343388557434082,20.801475524902344,73.68487548828125
2017-07-05,210.87607982874368,128.79901202638285,37.30215565635482,85.70796300733099,115.91000366210938,12.343389963523443,20.851599106347184,73.68489746500875,210.9977569580078,129.65692138671875,37.86233139038086,85.78878784179688,116.5199966430664,12.157393455505371,20.809829711914062,73.66877746582031
2017-07-06,210.2329855748634,128.66702529096415,37.61898450102732,85.62712860107422,116.58000183105469,12.191210681448187,20.742996245698095,73.66875549390065,209.068359375,128.48789978027344,37.70163345336914,85.62712860107422,116.47000122070312,12.165847778320312,20.717933654785156,73.68487548828125
2017-07-07,209.64194027036658,128.92157268986787,37.94956712893889,85.52207726724421,115.77999877929688,12.08130377840414,20.75970459978697,73.66875549390065,210.4241485595703,129.87374877929688,38.206695556640625,85.48974609375,115.27999877929688,12.047486305236816,20.75135040283203,73.68487548828125
2017-07-10,210.42419365296854,129.95867667136582,38.28475248149832,85.5463439699615,115.0199966430664,12.030576493298863,20.77641298374563,73.66875549390065,210.65016174316406,130.72230529785156,38.6015739440918,85.6029281616211,115.47000122070312,12.098212242126465,20.75970458984375,73.68487548828125
2017-07-11,210.65011921638546,130.53371394304017,38.661263430675724,85.57058487187048,115.26000213623047,12.081302878937352,20.776415304761656,73.68487548828125,210.49368286132812,131.08993530273438,38.909210205078125,85.71607208251953,115.62000274658203,12.216572761535645,20.684520721435547,73.68487548828125
2017-07-12,211.45841303681908,132.2118185356195,39.36837511455591,86.03937718456301,116.20999908447266,12.284208779993229,20.70958331508821,73.66877746582031,212.0754852294922,132.64547729492188,39.469390869140625,85.96663665771484,116.02999877929688,12.157393455505371,20.684520721435547,73.66877746582031
2017-07-13,212.08423949125515,132.80569817375428,39.48776089819749,85.95859437287785,116.04000091552734,12.157393702834197,20.69287109375,73.68489746500875,212.431884765625,132.93768310546875,39.3775634765625,85.87776947021484,115.81999969482422,12.14893913269043,20.69287109375,73.66877746582031
2017-07-14,212.43181936574274,133.5316283873433,39.57958880834888,86.23337410754714,117.04000091552734,12.21657335315495,20.609331493129513,73.66875492899372,213.42262268066406,133.98414611816406,39.8642692565918,85.99897766113281,116.7699966430664,12.284208297729492,20.567562103271484,73.70098876953125
2017-07-17,213.34446098258874,134.1255776645461,39.951513039068594,86.04749452825742,117.41999816894531,12.275753050778462,20.567562103271484,73.68487548828125,213.3966064453125,134.05015563964844,39.75407409667969,86.10407257080078,117.29000091552734,12.241934776306152,20.567562103271484,73.68487548828125
2017-07-18,212.988101404327,133.95587595598116,39.61632085479281,86.3788411448238,117.98999786376953,12.35184299429084,20.450607289206566,73.68487548828125,213.50958251953125,134.94577026367188,39.90559387207031,86.41925048828125,118.11000061035156,12.292662620544434,20.458961486816406,73.68487548828125
2017-07-19,213.8224433044374,135.3417312931162,40.13058529898061,86.42733482358916,118.18000030517578,12.343389396274619,20.46731340419399,73.68487548828125,214.66549682617188,135.73768615722656,40.300472259521484,86.41925048828125,118.08000183105469,12.402569770812988,20.509082794189453,73.68487548828125
2017-07-20,214.91754476266078,136.08652751855274,40.41984781135575,86.56475234687157,117.91999816894531,12.461748722853761,20.475670293212886,73.68487548828125,214.7611083984375,135.9168243408203,40.3877067565918,86.44351196289062,118.23999786376953,12.385659217834473,20.38377571105957,73.68487548828125
2017-07-21,214.18751329032523,135.41714933353475,40.09385646075391,86.60517601224196,119.0,12.37720635182519,20.35871320075492,73.68487548828125,214.56993103027344,135.86024475097656,40.1627311706543,86.59709167480469,119.26000213623047,12.216572761535645,20.31694221496582,73.68487548828125
2017-07-24,214.49165998348326,135.84137241870522,40.093846331155945,86.54859642225239,119.5199966430664,12.233481013960116,20.32529640197754,73.68487548828125,214.5177459716797,136.48245239257812,40.034156799316406,86.54051208496094,119.30999755859375,12.241934776306152,20.32529640197754,73.68487548828125
2017-07-25,215.26519841336034,136.0299482333083,39.896409347617286,86.24146148999372,118.98999786376953,12.368751279807107,20.300235671935262,73.68487548828125,215.0392303466797,136.13365173339844,39.92395782470703,86.0555648803711,118.91999816894531,12.377205848693848,20.358715057373047,73.68487548828125
2017-07-26,215.32603937745765,136.47298721665769,40.24078523565803,86.0555698269161,118.56999969482422,12.385660338612013,20.367066212284772,73.6848749232507,215.04791259765625,136.57669067382812,40.34639358520508,86.33037567138672,119.87999725341797,12.495567321777344,20.241756439208984,73.70098876953125
2017-07-27,215.50858225374023,137.4723487166323,40.47495158353847,86.16060858311269,120.0999984741211,12.554749800216662,20.28352701973472,73.71710968017578,214.84803771972656,135.7188262939453,39.83671951293945,86.19293975830078,119.79000091552734,12.57165813446045,20.31694221496582,73.71710968017578
2017-07-28,214.36996597233983,134.90803869417127,39.64387162213629,86.18484553034183,120.1500015258789,12.597020673189645,20.250111013451107,73.70098876953125,214.595947265625,135.6056671142578,39.64846420288086,86.33841705322266,120.69000244140625,12.63929271697998,20.191633224487305,73.70098876953125
2017-07-31,214.9957720304814,135.99225267268517,39.75865752213022,86.2899989883335,120.5,12.622383775471212,20.225046923638867,73.73322261006878,214.47430419921875,135.0306396484375,39.41428756713867,86.36273956298828,120.75,12.715381622314453,20.108091354370117,73.70098876953125
2017-08-01,215.0739934319725,135.49259517901973,39.5474490989194,86.22912705214486,120.44000244140625,12.639293083979995,20.116443606904532,73.7042270405101,214.9523162841797,135.3417510986328,39.58418273925781,86.57721710205078,120.6500015258789,12.57165813446045,20.14150619506836,73.72035217285156
2017-08-02,215.0827286169467,136.21850674756368,40.024968873474684,86.53679305370666,120.51000213623047,12.597021102905273,20.1331539350978,73.72034942886712,215.05665588378906,135.70941162109375,39.368370056152344,86.4963150024414,120.4000015258789,12.597021102905273,20.116445541381836,73.73648071289062
2017-08-03,214.9436210594324,135.84136692385874,39.36837102835957,86.67433323619312,120.30999755859375,12.61392766353349,20.13315430936626,73.70422429712588,214.63943481445312,135.1814422607422,39.23062515258789,86.79576110839844,120.58999633789062,12.504020690917969,20.066322326660156,73.73648071289062
2017-08-04,215.12615252230128,135.48310622196115,39.391336135982044,86.59340108174034,119.97000122070312,12.520931803078327,20.149863455433522,73.72034942886712,215.03054809570312,135.42652893066406,39.345420837402344,86.56101989746094,119.6500015258789,12.529385566711426,20.241756439208984,73.73648071289062
2017-08-07,215.1000846337351,135.67165508657965,39.46938852809818,86.5205723964619,119.43000030517578,12.512477444861243,20.27517132755769,73.70422429712588,215.4303436279297,136.28443908691406,40.03874588012695,86.609619140625,119.51000213623047,12.554749488830566,20.233400344848633,73.73648071289062
2017-08-08,215.11745858993362,136.0204856332116,40.03875546556062,86.57721501591166,120.0199966430664,12.529385385112443,20.20834311430324,73.73648071289062,214.90017700195312,136.04876708984375,39.919376373291016,86.5367431640625,119.86000061035156,12.563202857971191,20.266820907592773,73.73648071289062
2017-08-09,214.2135164014434,134.92695117713475,39.501534982924206,86.85245002629173,121.0199966430664,12.613929566678044,20.300232304675696,73.73648071289062,214.8914337158203,135.8697052001953,39.841312408447266,86.64197540283203,121.30999755859375,12.647747039794922,20.25010871887207,73.73648071289062
2017-08-10,214.05713457402004,135.09662874037411,39.49693792143218,86.81198068822059,122.08000183105469,12.706926180884343,20.266815552772712,73.72034942886712,211.85824584960938,132.95657348632812,38.74850845336914,86.96578979492188,122.20999908447266,12.45329475402832,20.216691970825195,73.73648071289062
2017-08-11,212.08419213347946,133.1357040139984,38.67504334403854,86.91721499105782,122.23999786376953,12.436386948639132,20.183275581941427,73.73646123726388,212.1710968017578,133.96533203125,39.106651306152344,87.06292724609375,122.79000091552734,12.495567321777344,20.14150619506836,73.7525863647461
2017-08-14,213.44871624550768,135.0305662159879,39.409706253435886,86.8929193595138,121.9800033569336,12.478657860090065,20.216693554691233,73.75260584463189,214.27438354492188,135.69049072265625,39.878047943115234,86.85244750976562,121.91999816894531,12.385659217834473,20.225046157836914,73.73648071289062
2017-08-15,214.65682724702344,136.02991606497255,39.92855164707254,86.50433709409658,120.5999984741211,12.292662440690734,20.350359003597102,73.73646123726388,214.2483367919922,135.78480529785156,40.02497482299805,86.5933837890625,120.9800033569336,12.3264799118042,20.31694221496582,73.7525863647461
2017-08-16,214.76982020562247,136.12422656924284,40.089261047102234,86.51247563085184,120.66000366210938,12.377206702701118,20.37541848008117,73.75260584463189,214.6220703125,136.02052307128906,40.107627868652344,86.75532531738281,121.87000274658203,12.292662620544434,20.25010871887207,73.73648071289062
2017-08-17,214.01369614334953,135.49262267941603,39.88263919195096,86.78769024165699,122.29000091552734,12.250390400230872,20.316942559777903,73.73646123726388,211.27593994140625,133.23944091796875,39.15716552734375,87.06292724609375,122.48999786376953,12.3264799118042,20.291881561279297,73.7525863647461
2017-08-18,211.110771048936,133.3148142431532,39.32245637225804,87.21671695583481,123.37000274658203,12.368752282684701,20.225046157836914,73.75260584463189,210.94564819335938,133.14511108398438,39.24440002441406,87.0791015625,122.30000305175781,12.546294212341309,20.225046157836914,73.73648071289062
2017-08-21,210.88479549613615,133.13569977779122,39.327053135393896,87.10338389398565,122.54000091552734,12.461749434587732,20.19998554291732,73.7525863647461,211.1107635498047,132.97543334960938,39.09747314453125,87.1357650756836,122.76000213623047,12.39411449432373,20.166568756103516,73.7525863647461
2017-08-22,211.6930974516388,133.69190745305835,39.317867195793994,87.05483652237204,122.55999755859375,12.419478169629702,20.225046129270225,73.75260650879999,213.318359375,135.00233459472656,39.620914459228516,86.96578979492188,122.20999908447266,12.427932739257812,20.25010871887207,73.76873779296875
2017-08-23,212.35361724999515,134.32356077764828,39.37756052755827,87.15195063989493,122.58000183105469,12.444842041217713,20.216693936324223,73.76873779296875,212.5535125732422,134.52154541015625,39.70356369018555,87.2652816772461,122.66999816894531,12.537839889526367,20.166568756103516,73.76873779296875
2017-08-24,212.93601008472163,134.82319306317652,39.891820975573246,87.12770080566406,122.38999938964844,12.520931803078327,20.199989307598948,73.75260650879999,212.05819702148438,134.1255645751953,39.698974609375,87.12770080566406,122.29000091552734,12.529385566711426,20.208343505859375,73.76873779296875
2017-08-25,212.8490123140098,134.64408931292743,39.914778175559455,87.13579916781688,122.7699966430664,12.537838158932589,20.183276007398458,73.7525863647461,212.5535125732422,133.84274291992188,39.57500076293945,87.2734146118164,122.73999786376953,12.504020690917969,20.041257858276367,73.7525863647461
2017-08-28,213.08369316418083,134.24811635734204,39.689788818359375,87.23292694554286,123.33000183105469,12.546293437335136,20.032905953609504,73.76873779296875,212.56222534179688,134.25755310058594,39.689788818359375,87.35435485839844,124.69000244140625,12.512475967407227,19.9827823638916,73.76873779296875
2017-08-29,211.24985935435748,133.10740664791837,39.29031616156261,87.75909467864027,125.80999755859375,12.47865849747932,19.890887757896497,73.76873779296875,212.80560302734375,134.78550720214844,39.799983978271484,87.55671691894531,124.41999816894531,12.512475967407227,20.007844924926758,73.76873779296875
2017-08-30,212.7882189478831,134.89861509276963,39.96527889544593,87.41912433191698,124.33000183105469,12.495567932063722,20.07467803266537,73.76873779296875,213.81378173828125,136.3693084716797,40.35556411743164,87.48388671875,124.36000061035156,12.419478416442871,20.133155822753906,73.76873779296875
2017-08-31,214.4308209805419,136.75582793253,40.44740287571244,87.49195666196178,124.58000183105469,12.504021559187724,20.16657141005152,73.76874120037652,215.1000518798828,137.83056640625,40.672393798828125,87.62147521972656,125.81999969482422,12.766107559204102,20.074678421020508,73.78486633300781
2017-09-01,215.47376752778257,138.00974804439986,40.7734152072605,87.52583569914817,126.01000213623047,12.732290401181341,20.066321953634077,73.78970336914062,215.40423583984375,137.64207458496094,40.8652458190918,87.36369323730469,126.05999755859375,12.783016204833984,20.116445541381836,73.78970336914062
2017-09-05,214.90020312504348,137.23665601522288,40.67239679007448,87.68792747065055,126.6500015258789,12.808379173278809,20.05796851456819,73.78968783359261,213.8572540283203,136.4070281982422,40.34639358520508,87.9716796875,127.45999908447266,12.808379173278809,20.007844924926758,73.75740814208984
2017-09-06,214.53516532697782,136.7558692229931,40.48872756958008,87.94740993683453,127.33999633789062,12.859106407015094,19.999490748085417,73.77356044162973,214.58731079101562,136.82186889648438,40.48872756958008,87.76094055175781,126.80999755859375,12.935195922851562,19.99113655090332,73.78970336914062
2017-09-07,214.89149051924016,137.0763800978325,40.649432821189855,87.84200508805978,127.55999755859375,12.909832313918619,19.857473383920503,73.78970336914062,214.56121826171875,137.1423797607422,40.644840240478516,88.14197540283203,128.1300048828125,12.926740646362305,19.849119186401367,73.78970336914062
2017-09-08,214.27440110391774,136.96326787184793,40.57597398586024,88.10953238097113,128.2100067138672,12.884468618411384,19.77392956877663,73.77356719970703,214.30917358398438,135.95452880859375,40.20405197143555,88.07710266113281,127.97000122070312,12.783016204833984,19.798992156982422,73.77356719970703
2017-09-11,215.5780660762442,137.01979672820787,40.58055740567039,87.72038591446602,126.73999786376953,12.78301627132057,19.890886259100753,73.78971012869671,216.59495544433594,137.5194549560547,40.934112548828125,87.57445526123047,126.19000244140625,12.808379173278809,19.93265724182129,73.77356719970703
2017-09-12,216.9599655558394,137.90601971141285,41.04891012515452,87.43665548953273,126.02999877929688,12.89292307401574,19.941013356853905,73.77355984053835,217.3249969482422,137.84945678710938,41.090232849121094,87.36369323730469,126.55999755859375,12.842196464538574,19.924304962158203,73.80583953857422
2017-09-13,217.03823234422606,137.61374288690396,41.002984029051774,87.3798442728324,126.4000015258789,12.867560206932684,19.941010690307834,73.78970276791773,217.42933654785156,138.03797912597656,41.09940719604492,87.18527221679688,125.61000061035156,12.90137767791748,20.041257858276367,73.80583953857422
2017-09-14,217.10780716707143,137.50062524145991,41.09940842812789,87.09617659282857,125.66000366210938,13.002829842596892,20.041260150795853,73.78970336914062,217.35984802246094,137.2272186279297,41.278480529785156,87.20156860351562,126.16000366210938,12.909832000732422,19.9827823638916,73.78970336914062
2017-09-15,217.21568500777204,137.19895006910764,41.49887175941643,87.20962612550913,125.98999786376953,12.9436493594694,19.915952682495117,73.8058401399286,217.65240478515625,137.6986083984375,41.82487487792969,87.30691528320312,125.52999877929688,12.969012260437012,19.915952682495117,73.78970336914062
2017-09-18,218.01926229600497,137.85830805291477,42.1325171264247,86.95831261362186,124.70999908447266,12.952102661132812,19.941011086729194,73.8058401399286,218.11534118652344,137.51817321777344,42.40801239013672,86.96641540527344,124.36000061035156,12.952102661132812,19.96607208251953,73.78970336914062
2017-09-19,218.35991184000716,137.76380699655252,42.531989418906456,86.99071234958939,124.48999786376953,12.969012686879688,19.91594887734224,73.80582515438005,218.33370971679688,137.75436401367188,42.51821517944336,86.86910247802734,124.62000274658203,12.926740646362305,19.907594680786133,73.82196807861328
2017-09-20,218.4210659244812,137.70711424869546,42.5733145307398,86.95019037814514,124.68000030517578,12.969012853443243,19.899241573194814,73.82196807861328,218.41232299804688,137.32919311523438,41.95344924926758,86.69886779785156,123.62000274658203,13.03664779663086,20.066322326660156,73.82196807861328
2017-09-21,218.25504699942346,137.2347110817188,41.89834468275521,86.73939107690185,122.55999755859375,12.969013526203257,20.04961431739459,73.80582515438005,217.82705688476562,136.48831176757812,41.87538528442383,86.58535766601562,122.68000030517578,12.985921859741211,20.007844924926758,73.82196807861328
2017-09-22,217.53016287852802,136.05366965822935,41.68713243997679,86.86105086984617,123.02999877929688,13.019738657697895,19.96607395935703,73.82196807861328,217.8708038330078,136.35601806640625,42.0452766418457,86.73944091796875,123.23999786376953,13.03664779663086,19.99113655090332,73.82196807861328
2017-09-25,217.6175118181515,135.81746476293688,42.04528461364534,86.83668268286702,122.77999877929688,13.062011025928967,20.066321963459885,73.82196807861328,217.42535400390625,134.91989135742188,41.20043182373047,86.99882507324219,124.52999877929688,13.256462097167969,20.108091354370117,73.82196807861328
2017-09-26,217.85325587338986,135.60960496697115,41.595296923458,86.91776382668674,123.56999969482422,13.146555193816516,20.183277139814674,73.80582515438005,217.55628967285156,135.26947021484375,41.25092697143555,86.92587280273438,123.13999938964844,13.138100624084473,20.174922943115234,73.82196807861328
2017-09-27,218.25506607895477,135.98754534151286,41.737643427888095,86.49619842245217,122.04000091552734,13.10428287262484,20.291879672951584,73.82196807861328,218.40354919433594,136.48831176757812,42.18302917480469,86.47998046875,121.9800033569336,13.087373733520508,20.275171279907227,73.82196807861328
2017-09-28,218.12404681566025,136.1575920274379,42.09578190676255,86.37457257368627,122.04000091552734,13.129645775009207,20.241752965098982,73.80583953857422,218.66558837890625,136.4410400390625,42.45392608642578,86.46375274658203,122.20999908447266,13.087373733520508,20.216691970825195,73.80583953857422
2017-09-29,218.65687388117044,136.71504737098957,42.56412405651264,86.55296153955251,122.29000091552734,13.05355662387609,20.19163130746297,73.82199036384758,219.43423461914062,137.4236602783203,42.84880447387695,86.35838317871094,121.58000183105469,13.019739151000977,20.19998550415039,73.83812713623047
2017-10-02,219.66133501937134,137.6315083523917,43.08298363586998,86.40628065339966,121.16999816894531,12.89292286242683,20.300233820650178,73.84134674072266,220.38629150390625,137.54647827148438,43.13349151611328,86.2601318359375,120.7699966430664,12.909832000732422,20.31694221496582,73.84134674072266
2017-10-03,220.3862739216219,137.72598203889382,43.25746249510266,86.28450811753135,120.72000122070312,12.909831607250009,20.31694031698285,73.82519251522348,220.85792541503906,137.83935546875,43.27582931518555,86.38194274902344,120.83000183105469,12.918285369873047,20.30858612060547,73.84134674072266
2017-10-04,220.70944693575927,137.5748733361533,43.21154654328441,86.46312398740727,121.20999908447266,12.926741353031476,20.283527374267578,73.8252182006836,221.11996459960938,137.97169494628906,43.340110778808594,86.35757446289062,121.16999816894531,12.935195922851562,20.283527374267578,73.8252182006836
2017-10-05,221.45186859770155,138.47242492200715,43.51918128643562,86.39009470169323,121.1500015258789,13.028193751810347,20.35035859916384,73.82519251522348,222.4301300048828,139.32276916503906,43.386024475097656,86.26830291748047,120.5199966430664,13.078920364379883,20.392127990722656,73.84134674072266
2017-10-06,221.98466107631256,138.85031918471225,43.3171509950948,86.04087465959267,120.26000213623047,12.909832988671818,20.425547047330188,73.8413724318032,222.17681884765625,139.51168823242188,43.560508728027344,86.16266632080078,121.08999633789062,12.876014709472656,20.358715057373047,73.8252182006836
2017-10-09,222.40395875357316,139.6912395311605,43.7028474324718,86.23577473212445,121.63999938964844,12.876014462649874,20.35035899343849,73.8252182006836,221.8100128173828,139.35110473632812,43.87732696533203,86.2601318359375,122.08000183105469,12.884469032287598,20.32529640197754,73.8252182006836
2017-10-10,222.3777281817695,139.82349520162856,44.29057158164785,86.30883710575154,122.62000274658203,13.011284894503532,20.25846135688147,73.8252182006836,222.3951873779297,139.45501708984375,44.102317810058594,86.29259490966797,122.4000015258789,13.03664779663086,20.216691970825195,73.8252182006836
2017-10-11,222.29912037898842,139.38895200338982,44.033439555637564,86.41440226997443,122.56999969482422,13.062010765075684,20.1832771592142,73.8413724318032,222.7445831298828,139.8708038330078,44.41454315185547,86.39004516601562,122.79000091552734,13.062010765075684,20.158214569091797,73.8252182006836
2017-10-12,222.43011595511425,139.66290537119454,44.46046516524573,86.44689533326058,122.83999633789062,12.994376459844046,20.19998550415039,73.84141875328062,222.4126434326172,139.61566162109375,44.322715759277344,86.47125244140625,122.88999938964844,13.045103073120117,20.19998550415039,73.8575668334961
2017-10-13,222.84935102131928,140.18257921379737,44.5936256905058,86.73105634267553,123.66000366210938,13.163463345728628,20.133153524051135,73.8575668334961,222.6833953857422,140.15423583984375,44.62576675415039,86.76353454589844,123.81999969482422,13.171917915344238,20.19998550415039,73.8575668334961
2017-10-16,222.91052901548102,140.50374304178206,44.80483149059639,86.60926476479341,123.81999969482422,13.231097153325267,20.233400325804176,73.84134674072266,222.9803924560547,140.63601684570312,44.86452102661133,86.61738586425781,122.97000122070312,13.205734252929688,20.25010871887207,73.84134674072266
2017-10-17,222.9279734690156,140.58882008655385,44.84156481154972,86.48742719720774,122.02999877929688,13.188826560974121,20.316940326356224,73.84141875328062,223.13760375976562,140.81556701660156,44.85533905029297,86.5848617553711,122.12999725341797,13.188826560974121,20.30023193359375,73.8575668334961
2017-10-18,223.51320028799114,140.9572992602861,45.02064514160156,86.31694123350805,121.70999908447266,13.163462146793732,20.32529486564023,73.8575668334961,223.35598754882812,140.6455078125,45.02064514160156,86.36566162109375,121.66999816894531,13.180371284484863,20.275171279907227,73.8575668334961
2017-10-19,222.5785740825621,139.82352044635664,44.66708144672282,86.60112772295253,122.19999694824219,13.104282839393138,20.233400354382663,73.8575668334961,223.4170684814453,140.1258544921875,44.928802490234375,86.4549789428711,122.38999938964844,13.12119197845459,20.225046157836914,73.8575668334961
2017-10-20,224.2119206013549,140.69276003181574,45.300725023804866,86.17893257779357,121.68000030517578,13.112737049825592,20.308589891635037,73.85751062699728,224.57000732421875,140.50379943847656,45.172157287597656,86.09774017333984,121.61000061035156,13.188826560974121,20.34200668334961,73.87366485595703
2017-10-23,224.89322883296725,140.79667576173847,45.387963943024864,86.13834814220614,120.9800033569336,13.180371991674928,20.40883641470787,73.87372107474941,223.69659423828125,139.58731079101562,45.34204864501953,86.17894744873047,121.80000305175781,13.188826560974121,20.3670654296875,73.8575668334961
2017-10-24,224.1246056918486,139.8613184570835,45.45683697815152,85.9678197292107,121.26000213623047,13.205735126227411,20.392129887314223,73.85751398582434,224.08966064453125,139.8235321044922,45.6175422668457,85.91910552978516,121.33000183105469,13.3240966796875,20.400484085083008,73.88981628417969
2017-10-25,223.75775317683716,139.5495077755472,45.28235536537553,85.63494096949957,121.30999755859375,13.324096992296164,20.350358963012695,73.87366821551873,222.9803924560547,139.29440307617188,45.038997650146484,85.78108978271484,121.3499984741211,13.341005325317383,20.350358963012695,73.88981628417969
2017-10-26,223.59179742215292,139.20937782704868,45.1354290182755,85.86229010036368,121.16000366210938,13.307188831959882,20.417189750342434,73.87366821551873,223.26861572265625,138.85035705566406,45.2823600769043,85.66742706298828,120.33000183105469,13.400187492370605,20.567562103271484,73.88981628417969
2017-10-27,224.01101405953938,141.18401864276166,45.64968506329413,85.75675473587619,120.37999725341797,13.324095722335354,20.642746314096037,73.87366821551873,225.0940704345703,142.89414978027344,46.19149398803711,85.94349670410156,120.9000015258789,13.467820167541504,20.617685317993164,73.88981628417969
2017-10-30,224.01109894128388,142.79030427673413,45.64968223083635,86.13832211636227,120.37999725341797,13.510092175530149,20.642748663526323,73.87366485595703,224.2556610107422,143.21546936035156,46.20985794067383,86.25199890136719,121.12999725341797,13.501638412475586,20.517438888549805,73.87366485595703
2017-10-31,224.63118258968325,143.67839457694737,46.393525681170274,86.26015591858327,120.81999969482422,13.493184614631488,20.550855657459852,73.87366821551873,224.60498046875,143.75396728515625,46.65524673461914,86.19520568847656,120.66999816894531,13.535456657409668,20.534147262573242,73.88981628417969
2017-11-01,225.38240065372474,144.33023327443172,46.98125123119408,86.1333611706733,120.9800033569336,13.620000494583287,20.59262277597505,73.89791107177734,224.90199279785156,143.7066650390625,46.531272888183594,86.24720764160156,121.11000061035156,13.54391098022461,20.57591438293457,73.89791107177734
2017-11-02,224.83209085797372,143.54612801283722,46.5174982576451,86.34479234428615,121.29000091552734,13.518547368277337,20.58426857945481,73.89789572266135,224.9893035888672,143.43275451660156,46.751670837402344,86.36105346679688,121.19000244140625,13.62845516204834,20.57591438293457,73.88172912597656
2017-11-03,225.14650410247782,143.95234669183205,47.00420532977998,86.47491236096937,121.36000061035156,13.645362492309848,20.550855230326693,73.88172912597656,225.74046325683594,144.8121337890625,47.265926361083984,86.49931335449219,120.62000274658203,13.712997436523438,20.626041412353516,73.88172912597656
2017-11-06,225.6094359811802,144.6987234347723,47.77100877436693,86.58061620125224,120.72000122070312,13.755271270890741,20.651100558216672,73.88174447173465,226.08984375,145.30340576171875,47.87661361694336,86.60501098632812,121.6500015258789,13.975085258483887,20.57591438293457,73.89791107177734
2017-11-07,226.1946689399576,145.1900860338037,47.75263722206157,86.6212601419056,121.51000213623047,13.907451171784988,20.634395630164036,73.88174447173465,225.93264770507812,145.3885040283203,47.78018569946289,86.63752746582031,121.20999908447266,13.890542030334473,20.609333038330078,73.89791107177734
2017-11-08,225.75790711573666,145.3128740719149,47.76182074860444,86.67818326525807,121.94999694824219,13.873631724556732,20.600976943969727,73.89791107177734,226.31689453125,145.9742431640625,47.89038848876953,86.53181457519531,121.62999725341797,13.865177154541016,20.600976943969727,73.89791107177734
2017-11-09,225.11161032535176,144.77430118753284,47.8903839213593,86.41798911775254,121.8499984741211,13.856723747433444,20.584270874763963,73.89789572266135,225.4959259033203,145.20892333984375,46.95828628540039,86.49931335449219,122.12999725341797,13.890542030334473,20.517438888549805,73.88172912597656
2017-11-10,225.1116761135767,144.86884650220867,47.0730784302016,86.19842192720968,121.98999786376953,13.882086294572451,20.500728607177734,73.89791107177734,225.4261016845703,145.19952392578125,47.22919464111328,86.0601806640625,121.12999725341797,13.865177154541016,20.500728607177734,73.89791107177734
2017-11-13,224.74475179722094,144.65157495178806,47.05012090645842,86.12528083712084,121.43000030517578,13.882085916419895,20.517438888549805,73.9140715060687,225.63565063476562,145.3790740966797,47.426631927490234,86.01956176757812,121.30999755859375,13.822905540466309,20.517438888549805,73.89791107177734
2017-11-14,224.8320804677906,144.86884545198237,47.321023597015945,86.04391702352632,120.9000015258789,13.789086601279081,20.425546710739948,73.9140715060687,225.11158752441406,144.84994506835938,47.426631927490234,86.1415023803711,121.55999755859375,13.636907577514648,20.37542152404785,73.89791107177734
2017-11-15,224.14209128859287,144.2263644693832,47.05930743685629,86.4260828220223,122.12999725341797,13.636907411570542,20.34200443207543,73.89791107177734,223.98487854003906,144.169677734375,46.985843658447266,86.45047760009766,121.41000366210938,13.619999885559082,20.3670654296875,73.89791107177734
2017-11-16,224.9281424421125,144.8972072702775,47.187868500806395,86.31227506265964,121.44999694824219,13.586182841529546,20.383773793730864,73.89787918449835,225.88893127441406,146.0120849609375,48.15210723876953,86.23095703125,121.4000015258789,13.577728271484375,20.392127990722656,73.9140396118164
2017-11-17,225.53951917816778,146.04985987332424,47.950073033539674,86.3854802398984,122.1500015258789,13.63690801998996,20.358713180437707,73.89791107177734,225.22506713867188,145.45462036132812,47.40826416015625,86.34481811523438,122.86000061035156,13.797541618347168,20.333650588989258,73.89791107177734
2017-11-20,225.4697091570141,145.55861262816205,47.63325711738393,86.23911720851504,122.30000305175781,13.653818094490768,20.37541923393148,73.89787918449835,225.60943603515625,145.34130859375,47.98221969604492,86.20658874511719,121.30999755859375,13.687636375427246,20.433897018432617,73.9140396118164
2017-11-21,226.37808728873543,146.03096728485642,48.23016414557626,86.34478896653488,121.66999816894531,13.712997076604562,20.42554284980319,73.9140549611932,227.0855712890625,146.91909790039062,48.47351837158203,86.22280883789062,121.51000213623047,13.780632019042969,20.40883445739746,73.93022155761719
2017-11-22,227.0942910420056,147.0513432944299,48.58831166060978,86.31227629582648,122.26000213623047,13.780631415896469,20.350357483879385,73.9140549611932,226.88467407226562,147.0985870361328,48.156700134277344,86.49931335449219,122.62999725341797,13.856720924377441,20.25010871887207,73.93022155761719
2017-11-24,227.37378827509912,147.24972098511608,48.262305813453686,86.41797565072476,122.36000061035156,13.890540829480747,20.166568765799266,73.93020620488315,227.40870666503906,147.6370849609375,48.56534957885742,86.42610931396484,122.31999969482422,13.898995399475098,20.158214569091797,73.9140396118164
2017-11-27,227.45236345579315,147.5899147867371,48.060278987251905,86.46678636023006,123.26000213623047,13.89899518695118,20.10809285351163,73.9140396118164,227.29515075683594,147.57101440429688,47.81233215332031,86.48304748535156,122.83000183105469,13.873631477355957,20.183279037475586,73.9140396118164
2017-11-28,227.7581445066441,147.90170034135338,47.95466841185921,86.61315984092585,123.05000305175781,13.797540172764242,20.20834311430324,73.91406884085504,229.60108947753906,147.94894409179688,47.77100372314453,86.49931335449219,122.80999755859375,13.814449310302734,20.266820907592773,73.94639587402344
2017-11-29,229.7320525704751,147.77887000849617,47.7250949476955,86.2146751748698,122.23999786376953,13.789087660710667,20.27517320786557,73.93022155761719,229.46128845214844,145.3695831298828,45.74611282348633,86.22280883789062,122.04000091552734,13.721452713012695,20.258464813232422,73.93022155761719
2017-11-30,230.37847619517157,145.98371168688337,46.23740901330084,86.16589196903092,121.44000244140625,13.729907401590053,20.233404507240262,73.9463819882912,231.47027587890625,146.58839416503906,46.03078842163086,85.95446014404297,121.0999984741211,13.662272453308105,20.208343505859375,73.93022155761719
2017-12-01,231.25187025317766,145.6908386335489,45.686417596894195,86.0847665120188,120.94000244140625,13.73836078472305,20.250111013451107,73.94317061748386,230.9898223876953,145.96484375,45.631317138671875,86.27208709716797,121.58999633789062,13.780632019042969,20.191633224487305,73.9350814819336
2017-12-04,232.6056759761227,146.88136014393373,46.02160357191639,86.04405463464283,121.1500015258789,13.704542601395792,20.258464813232422,73.93507187624287,230.7103271484375,144.28311157226562,44.6624870300293,86.23136901855469,121.18000030517578,13.61154556274414,20.258464813232422,73.94316101074219
2017-12-05,229.8805694580078,144.2547020935111,44.483414928836474,86.09291767565102,120.0999984741211,13.5946364238823,20.300234165178694,73.94317429178216,229.8805694580078,144.37753295898438,44.6624870300293,86.29652404785156,120.31999969482422,13.61154556274414,20.291881561279297,73.95126342773438
2017-12-06,229.97659857098364,143.83893950427776,44.2676139282494,86.49197852371596,120.04000091552734,13.569273594967688,20.308589891635037,73.9512501452415,229.9241943359375,145.02940368652344,44.76350402832031,86.47569274902344,120.06999969482422,13.383277893066406,20.34200668334961,73.94316101074219
2017-12-07,230.64920043945312,145.0199847746441,45.14460657910556,86.47569619596597,119.01000213623047,13.417094937432783,20.375421513281967,73.94317429178216,230.64920043945312,145.52073669433594,45.20429611206055,86.32095336914062,118.48999786376953,13.425549507141113,20.38377571105957,73.95126342773438
2017-12-08,231.60119700357745,146.5883728355197,45.635908924428655,86.30466950992138,118.48999786376953,13.510091467481415,20.400484063586482,73.95125999116924,231.9069061279297,146.1632080078125,44.997676849365234,86.25580596923828,118.4800033569336,13.493183135986328,20.417192459106445,73.95934295654297
2017-12-11,232.60568237304688,146.22936342787773,45.10787640934002,86.30467079506069,118.37000274658203,13.518546811552028,20.400484063586482,73.95934639348373,232.60568237304688,147.2969970703125,45.27317428588867,86.19879150390625,118.01000213623047,13.52700138092041,20.417192459106445,73.95126342773438
2017-12-12,233.39185386457132,147.2308608628415,45.13083274607918,86.11737280193029,117.6500015258789,13.543911563009559,20.45896149741886,73.96743209211927,233.0162811279297,147.0985870361328,44.82778549194336,86.12551879882812,118.1500015258789,13.40864086151123,20.450607299804688,73.95934295654297
2017-12-13,233.2608154572358,147.69387156846224,45.052777979542235,86.24765462189039,118.19000244140625,13.408640022020547,20.4171890801114,73.95934639348373,232.99005126953125,147.382080078125,44.85533905029297,86.47569274902344,119.16999816894531,13.349459648132324,20.30858612060547,73.95126342773438
2017-12-14,233.28699142018422,147.63715800656385,44.937990859048796,86.32094255771247,119.0999984741211,13.298733560374961,20.35035899343849,73.95934295654297,232.03797912597656,147.27813720703125,44.83697509765625,86.44310760498047,118.93000030517578,13.391732215881348,20.32529640197754,73.95934295654297
2017-12-15,233.03963870240307,147.85444721099066,44.965537529692384,86.31279979776211,119.41000366210938,13.44245802227378,20.350356677377412,73.95934860794621,233.97021484375,148.95042419433594,45.57162857055664,86.42681884765625,119.18000030517578,13.391732215881348,20.40883445739746,73.96743774414062
2017-12-18,235.36610742514497,149.93417883235168,45.92370284819247,86.35353408529956,119.62999725341797,13.476275378562462,20.327726749204814,73.9593390026615,235.4539031982422,150.19927978515625,46.37544250488281,86.23136901855469,119.7300033569336,13.450912475585938,20.377899169921875,73.97551727294922
2017-12-19,235.69968900306878,149.91525808938528,46.30559107219681,86.01965165246037,119.66999816894531,13.501638692300313,20.369535056063967,73.96904593984381,234.5496368408203,149.30931091308594,46.3521614074707,85.8404769897461,119.81999969482422,13.55236530303955,20.31936264038086,73.97714233398438
2017-12-20,235.51538110817063,149.82999228681913,46.82717938185044,85.5961281734263,119.9800033569336,13.560820216860142,20.32772578249639,73.96095572144247,234.42678833007812,149.14830017089844,46.65486526489258,85.58798217773438,120.13999938964844,13.62845516204834,20.294279098510742,73.97714233398438
2017-12-21,235.05002902454035,149.35660731218977,46.65487248485331,85.59937552660703,120.06999969482422,13.603090912536013,20.319363966507797,73.96904593984381,234.90956115722656,149.16725158691406,46.16122055053711,85.6483154296875,120.30999755859375,13.636907577514648,20.285917282104492,73.97714233398438
2017-12-22,234.92718321653447,148.94000564416297,46.077387048460814,85.64016657336924,120.66999816894531,13.67072603608981,20.311003237954427,73.98521262971154,234.84817504882812,148.99681091308594,46.17984390258789,85.68095397949219,120.94000244140625,13.696089744567871,20.294279098510742,73.9933090209961
2017-12-26,234.44431077412563,148.16365974023816,45.644281971128514,85.68913782655217,121.55000305175781,13.73836179467114,20.28591753562901,73.9933335155468,234.56723022460938,148.1920623779297,45.65825271606445,85.71360778808594,121.7699966430664,13.898995399475098,20.277555465698242,73.98523712158203
2017-12-27,234.73399229080826,148.20150528858525,45.63962164222484,85.8359293304987,122.0,13.93281078338623,20.227384313871468,73.99331359254641,234.6813201904297,148.21096801757812,45.80727767944336,86.08063507080078,122.2300033569336,13.93281078338623,20.235746383666992,74.00140380859375
2017-12-28,235.1817292803327,148.68438796054062,46.06341591977376,85.9990793303552,122.81999969482422,13.983538792974716,20.177209854125977,73.99331359254641,235.16415405273438,148.39088439941406,45.97492980957031,85.974609375,122.8499984741211,14.000446319580078,20.177209854125977,74.00140380859375
2017-12-29,235.7435927507426,148.523444692207,45.974934213586685,86.03175076415943,123.69999694824219,14.051173456735262,20.101955666879064,73.9933335155468,234.27748107910156,147.47250366210938,45.5511360168457,86.11331939697266,123.6500015258789,14.042718887329102,20.09359359741211,73.98523712158203
2018-01-02,235.13779463458457,148.22990254562927,45.872478801389235,86.00724395593402,124.66000366210938,14.101897947555388,20.00997543334961,73.9933090209961,235.95423889160156,150.05722045898438,46.74335861206055,85.82778930664062,125.1500015258789,14.110352516174316,20.00997543334961,73.9933090209961
2018-01-03,236.12114844966464,150.1992929353214,46.93429835356433,85.93382221551715,125.05000305175781,14.152626707083982,20.051783502716614,74.00945281982422,237.44679260253906,151.5153350830078,47.404666900634766,85.91751098632812,124.81999969482422,14.194899559020996,20.08523178100586,74.00945281982422
2018-01-04,238.08757744045107,152.03604896763068,47.6794272821325,85.72991351888813,124.88999938964844,14.186444529830771,20.02670122765334,74.0176010131836,238.44749450683594,151.78041076660156,47.646827697753906,85.87673950195312,125.45999908447266,14.177989959716797,20.018339157104492,74.0176010131836
2018-01-05,239.23764887382802,152.49998300784918,47.823802400339545,85.87670655670759,124.93000030517578,14.118808205058647,20.051785022980955,74.00950462091522,240.0365447998047,153.30474853515625,47.954200744628906,85.77066802978516,125.33000183105469,14.1272611618042,20.03506088256836,74.0176010131836
2018-01-08,239.93997419586478,153.30471514989387,47.954204716609524,85.81145750024622,125.19999694824219,14.118807792663574,20.11867879332808,74.00950919098281,240.4755096435547,153.9011993408203,48.28485870361328,85.72988891601562,125.30999755859375,14.118807792663574,20.12704086303711,74.02569580078125
2018-01-09,240.8969627258512,154.20419386909234,48.326770363722375,85.5830675901426,124.48999786376953,14.118809253298801,20.16048978244227,74.00950919098281,241.01988220214844,153.9106903076172,47.8331184387207,85.3220443725586,124.7300033569336,14.211806297302246,20.168851852416992,74.02569580078125
2018-01-10,240.26473637048736,153.2289818956677,47.413979185572025,85.06918996913076,125.16999816894531,14.262533187866211,20.068508222646727,74.01760558375112,240.65101623535156,153.55088806152344,47.19975280761719,85.2975845336914,125.02999877929688,14.262533187866211,20.11867904663086,74.02569580078125
2018-01-11,241.20416646404138,153.81602678878824,47.376723734875085,85.25679687071892,125.37000274658203,14.27944096175786,20.051785022980955,74.02569122971416,242.40689086914062,154.6018524169922,47.42329406738281,85.35468292236328,125.44000244140625,14.25407886505127,20.03506088256836,74.0176010131836
2018-01-12,242.67029577236767,154.46929282252498,47.41397843166421,85.17522852459531,126.01000213623047,14.279439569801957,19.90127060070098,74.03380424067981,243.98715209960938,155.73800659179688,47.665462493896484,85.2975845336914,126.95999908447266,14.347074508666992,19.826013565063477,74.04190063476562
2018-01-16,245.24253818450373,156.77000951001182,48.126513867215884,85.43625110473849,126.5999984741211,14.287894495284593,19.784203003905485,74.02569580078125,243.1531219482422,155.2930145263672,47.88434600830078,85.33837127685547,127.16999816894531,14.279439926147461,19.717308044433594,74.02569580078125
2018-01-17,244.08370257733014,156.03151034349398,48.433886818086386,85.20785547591659,126.7699966430664,14.270985817222332,19.767478942871094,74.02570784659402,245.4707794189453,156.9688262939453,49.31407928466797,85.1507568359375,126.13999938964844,14.29634952545166,19.767478942871094,74.04190063476562
2018-01-18,245.35657429991412,156.72267530308872,49.33270908683244,84.92238684803559,126.12999725341797,14.29634952545166,19.750755562627692,74.03380424067981,245.05809020996094,156.99725341796875,49.67733383178711,84.88159942626953,125.86000061035156,14.29634952545166,19.742393493652344,74.04190063476562
2018-01-19,245.63756026225914,157.4611450946003,49.966071248762496,84.83261943596877,126.56999969482422,14.270987510681152,19.7340320080662,74.04188377133241,246.173095703125,157.4895477294922,49.723899841308594,84.66132354736328,126.41999816894531,14.270987510681152,19.775840759277344,74.04998016357422
2018-01-22,245.96243468466326,157.4327395450257,49.891560712053845,84.72661684749323,126.51000213623047,14.27944014047451,19.725670366835317,74.05805969238281,248.17474365234375,159.17483520507812,50.2129020690918,84.62873077392578,126.6500015258789,14.304803848266602,19.708946228027344,74.05805969238281
2018-01-23,248.21861368775413,159.66720032315794,50.3572716695865,84.82448220466252,126.52999877929688,14.347073742722406,19.70058408154454,74.05805969238281,248.70147705078125,160.49090576171875,50.53889846801758,84.87342834472656,127.27999877929688,14.406255722045898,19.658775329589844,74.05805969238281
2018-01-24,249.3423251815439,160.83175762528785,50.03592876824861,84.72659882583736,128.38999938964844,14.414710033886587,19.491538166790015,74.0661849975586,248.60488891601562,159.44944763183594,49.51433181762695,84.71028137207031,128.8300018310547,14.55843448638916,19.466453552246094,74.0661849975586
2018-01-25,249.46524709816148,160.54769726785224,50.10112496235036,84.62057031398717,128.69000244140625,14.592253919658868,19.374473208842208,74.0661849975586,248.71023559570312,159.39260864257812,48.71330642700195,84.89791107177734,127.97000122070312,14.473893165588379,19.491539001464844,74.0661849975586
2018-01-26,249.5443230492065,160.28261736783267,49.458445233194155,84.79998893069437,128.24000549316406,14.524617085488096,19.458090081298046,74.06616507619516,251.58982849121094,161.83535766601562,50.26412582397461,84.64500427246094,128.07000732421875,14.583797454833984,19.44972801208496,74.08235168457031
2018-01-29,251.01910249168148,161.49450869067098,50.147699232807106,84.42475601011051,127.58000183105469,14.549978796834289,19.516624958000058,74.08237161028741,249.92172241210938,161.0495147705078,50.17098617553711,84.43291473388672,127.3499984741211,14.541525840759277,19.499900817871094,74.0661849975586
2018-01-30,248.09569731750025,159.58200107714234,49.30941374455403,84.3595462791518,127.91000366210938,14.507708909651429,19.416281133354776,74.05805648613241,247.35826110839844,159.72401428222656,49.188331604003906,84.23719024658203,126.80000305175781,14.44007396697998,19.466453552246094,74.07424926757812
2018-01-31,248.2098154832068,160.62347811095896,49.7471904535573,84.37585500721877,127.44999694824219,14.448528043496315,19.407919822458517,74.07426146825156,247.48114013671875,160.38677978515625,49.602821350097656,84.26165771484375,127.6500015258789,14.456982612609863,19.441368103027344,74.08235168457031
2018-02-01,246.75258911100426,159.15591165031978,49.17435843869342,84.23547881438367,127.18000030517578,14.473891742595534,19.43300365687129,74.0628615935338,247.20030212402344,159.0233612060547,49.30010223388672,83.82696533203125,128.07000732421875,14.600707054138184,19.341022491455078,74.07906341552734
2018-02-02,245.883399577148,158.398514969745,48.853028548157866,83.57367875278422,126.80999755859375,14.46543636538992,19.45808982849121,74.08723449707031,241.8187255859375,155.8516387939453,47.926265716552734,83.51648712158203,126.38999938964844,14.363983154296875,19.45808982849121,74.08723449707031
2018-02-05,240.06292679944846,154.3935619690327,47.40932256658405,83.54106007574613,126.81999969482422,14.330168165873598,19.524987666575097,74.09526523752088,231.70526123046875,149.70692443847656,45.76536178588867,84.20285034179688,126.70999908447266,14.228714942932129,19.541711807250977,74.07906341552734
2018-02-06,228.20239896435808,147.5198550600366,45.36485593118177,84.11291493176437,126.54000091552734,14.152625330673553,19.633689805006213,74.07102647885961,236.2703399658203,153.67401123046875,47.451236724853516,83.83512878417969,125.37999725341797,14.144170761108398,19.583518981933594,74.08723449707031
2018-02-07,235.71726560370294,153.18165037576267,46.93429824244309,83.94957435046864,125.4800033569336,14.161080714745994,19.625326374076852,74.07912744866975,234.98861694335938,151.68572998046875,46.1984748840332,83.59008026123047,124.79000091552734,13.983539581298828,19.734031677246094,74.09532928466797
2018-02-08,235.28710323131492,152.07393722493904,46.42667661810886,83.36130236249885,124.91999816894531,14.008899772811123,19.667136719488713,74.07913048796496,226.17445373535156,145.28543090820312,44.35892105102539,83.66360473632812,124.9800033569336,13.839813232421875,19.734031677246094,74.08723449707031
2018-02-09,228.95734067037915,147.33996242738695,45.24843385394422,83.4266136677757,124.6500015258789,13.789086601279081,19.74239324119018,74.07911060362699,229.57188415527344,147.79443359375,45.5185432434082,83.51648712158203,124.7699966430664,13.636907577514648,19.750755310058594,74.1034164428711
2018-02-12,231.61747121653497,149.30927645624536,45.77933897788459,83.5165065794451,125.19000244140625,13.704543572952115,19.73403351041041,74.1034164428711,232.943115234375,150.41702270507812,46.48255920410156,83.49199676513672,125.37000274658203,13.721452713012695,19.683862686157227,74.1034164428711
2018-02-13,231.7403623395533,149.5554871828765,46.221759703638504,83.55736946158223,125.66999816894531,13.687636256551368,19.59188130506849,74.08721461055706,233.5225067138672,151.1934356689453,46.3894157409668,83.63090515136719,126.08000183105469,13.746816635131836,19.575157165527344,74.1034164428711
2018-02-14,232.0388312280291,150.30340210606565,46.04944294955103,83.38580762813525,126.47000122070312,13.687634936629344,19.625325520056666,74.09531243594103,236.67416381835938,154.0242919921875,47.3767204284668,83.12435913085938,128.22999572753906,13.958174705505371,19.424640655517578,74.1034164428711
2018-02-15,238.4124355383196,155.40664133646132,47.744634856855896,83.14065318936885,128.42999267578125,13.907450063380226,19.382832837054085,74.11153411865234,239.6941680908203,156.88363647460938,47.972835540771484,83.14881896972656,128.3800048828125,13.983539581298828,19.341022491455078,74.11153411865234
2018-02-16,239.07084883629025,156.3723238363266,47.78654475751565,83.41033579614539,128.3000030517578,13.958174838383922,19.4413670898267,74.10342851914305,239.76437377929688,156.18296813964844,47.8703727722168,83.34497833251953,127.95999908447266,14.00890064239502,19.474815368652344,74.11963653564453
2018-02-20,238.81631338365295,155.6337757633213,47.893660594508724,83.18150736681194,127.27999877929688,14.042717687785764,19.566794336960914,74.11153252739379,238.2632293701172,156.49534606933594,48.82042694091797,83.25504302978516,126.23999786376953,14.051172256469727,19.600242614746094,74.11963653564453
2018-02-21,238.7020694980846,157.26233956795636,49.01136549595812,83.33678378212971,126.36000061035156,14.042719134068872,19.616966379982873,74.1196381270771,237.07794189453125,156.05044555664062,48.28951644897461,83.00997161865234,125.66000366210938,14.03426456451416,19.675500869750977,74.11153411865234
2018-02-22,237.99978217029056,156.73214239099192,48.433881186978496,83.14070316824004,125.91999816894531,14.068080757306749,19.625328883902718,74.11963653564453,237.38523864746094,156.03152465820312,48.12651062011719,83.12435913085938,126.30000305175781,14.161079406738281,19.608606338500977,74.11963653564453
2018-02-23,238.60558689681895,157.29074686325617,48.64811174478774,83.34493863981284,126.05999755859375,14.161080210342309,19.642053350241653,74.12774498961087,241.16905212402344,159.22219848632812,49.206966400146484,83.44297790527344,126.13999938964844,14.25407886505127,19.650415420532227,74.13584899902344
2018-02-26,242.24013191492972,159.97018704256226,49.45843986778205,83.63091964932718,126.44999694824219,14.28789492343334,19.642054112543683,74.12773436234816,243.9696044921875,161.33355712890625,50.19892120361328,83.54104614257812,126.44999694824219,14.330167770385742,19.625329971313477,74.11963653564453
2018-02-27,244.15388299543363,161.3808766793341,50.11975686709814,83.57370178427747,126.05999755859375,14.30480503697537,19.675498285144407,74.1196471617463,240.92320251464844,159.33580017089844,50.01264190673828,83.27957153320312,125.12999725341797,14.186444282531738,19.750755310058594,74.13584899902344
2018-02-28,242.02061880237406,160.24472973620394,50.26878223416453,83.37767630609504,125.08999633789062,14.24562396574918,19.77584165384771,74.13582452109523,238.482666015625,158.3132781982422,49.61678695678711,83.47571563720703,125.0,14.03426456451416,19.809289932250977,74.14392852783203
2018-03-01,238.2719705350681,158.39849446045145,49.63541959619364,83.59759820552107,124.1500015258789,13.966628592443177,19.851097200528724,74.13498495678598,235.01495361328125,155.72853088378906,48.82508087158203,83.83489990234375,124.72000122070312,14.059625625610352,19.742393493652344,74.15120697021484
2018-03-02,233.34693091903503,153.853904706434,48.326758570075526,83.72853148386916,125.66999816894531,13.966628592443177,19.683861537703656,74.14313932754658,236.22645568847656,157.15821838378906,49.588836669921875,83.52395629882812,125.38999938964844,14.059625625610352,19.658775329589844,74.15935516357422
2018-03-05,235.04131119345968,156.4197055958498,49.38393135311433,83.75306438856228,125.3499984741211,13.983538777003231,19.70058408154454,74.15935516357422,238.95675659179688,158.90029907226562,50.16166687011719,83.41756439208984,125.18000030517578,14.144170761108398,19.658775329589844,74.15935516357422
2018-03-06,239.93114362799335,159.6766728578498,50.61806591794008,83.44213372117555,126.19999694824219,14.17799041824619,19.616966813750945,74.15935516357422,239.56243896484375,159.57252502441406,50.897491455078125,83.4094009399414,126.52999877929688,14.194899559020996,19.608606338500977,74.15935516357422
2018-03-07,237.40287505154694,158.35118188553227,50.42712577103763,83.59761287125279,126.22000122070312,14.152625064520715,19.5835206353201,74.15125033900489,239.47471618652344,159.94178771972656,51.11637878417969,83.4094009399414,125.72000122070312,14.042718887329102,19.591882705688477,74.15935516357422
2018-03-08,240.15063585578204,160.6045225100492,51.41909281050189,83.5239417420768,125.69000244140625,14.000445939688168,19.61696480777494,74.15120697021484,240.6334991455078,160.82228088378906,51.13966369628906,83.58122253417969,125.41999816894531,13.958174705505371,19.717308044433594,74.15120697021484
2018-03-09,242.0381499475418,161.96793703435898,51.49825624748926,83.37665132063715,124.94000244140625,14.017355311389503,19.734034854707403,74.15935419860817,244.8210906982422,163.9467315673828,52.1269645690918,83.40119934082031,125.54000091552734,14.09344482421875,19.692224502563477,74.16746520996094
2018-03-12,245.11094194215474,164.4295299290147,52.471593990646284,83.46666411756078,125.04000091552734,14.034264237213677,19.69222366866698,74.1755599975586,244.51394653320312,164.81771850585938,52.65787887573242,83.59759521484375,125.54000091552734,14.06808090209961,19.667139053344727,74.1755599975586
2018-03-13,245.67269621102778,165.19647457731904,52.932648613415246,83.72850958259781,125.66999816894531,14.068081477672148,19.65041452720029,74.15933797840115,242.9336395263672,162.57386779785156,51.922054290771484,83.7366943359375,125.77999877929688,14.025810241699219,19.616966247558594,74.1755599975586
2018-03-14,243.89054440125355,163.42591978930426,52.14094019485014,83.68759259180386,125.48999786376953,14.042719381106105,19.625329971313477,74.15933797840115,241.68699645996094,162.54539489746094,51.95000076293945,83.90035247802734,125.69999694824219,14.025810241699219,19.625329971313477,74.1755599975586
2018-03-15,242.1962355854701,162.6590806013036,52.085050083355625,83.88402240632722,125.12000274658203,14.042719628441342,19.65041168696328,74.1755762213137,241.42367553710938,162.4034423828125,51.90342330932617,83.8676528930664,124.9000015258789,14.017355918884277,19.70058250427246,74.16746520996094
2018-03-16,241.9498400999178,162.67801545649425,52.01054020818789,83.7612854572921,124.83999633789062,14.000445959783523,19.700582896848097,74.17555140591155,241.6854248046875,161.9205780029297,51.88479995727539,83.76947021484375,124.5999984741211,14.06808090209961,19.750755310058594,74.18366241455078
2018-03-19,240.93625086908648,160.36247877479033,51.49825642437464,83.58942234713089,124.56999969482422,14.034265637346582,19.683863193494087,74.17555140591155,238.41537475585938,158.4658203125,51.0418586730957,83.68761444091797,124.87000274658203,13.975085258483887,19.667139053344727,74.18366241455078
2018-03-20,238.81200848856804,158.53220224258357,51.06980637873227,83.54031956665017,124.41000366210938,14.06808090209961,19.72566968677532,74.18367100713732,238.82083129882812,158.98739624023438,51.3864860534668,83.52395629882812,124.30999755859375,14.06808090209961,19.784202575683594,74.1755599975586
2018-03-21,238.7767869849174,158.57009797545274,51.32128861229952,83.41756491192518,125.4000015258789,14.16953442101056,19.717311153177718,74.18365238149218,238.36251831054688,158.29507446289062,51.49360275268555,83.58122253417969,126.4800033569336,14.3217134475708,19.625329971313477,74.19175720214844
2018-03-22,236.14129640944108,156.1044586392178,50.73915186308459,83.89216347146429,126.08999633789062,14.228715437137174,19.650415420532227,74.18364379281951,232.40408325195312,154.3879852294922,50.10578536987305,83.92489624023438,125.9800033569336,14.211806297302246,19.650415420532227,74.19985961914062
2018-03-23,232.84475290377557,154.20779622905314,50.040578733397375,83.84309930197807,127.81999969482422,14.287892483367644,19.60860519092076,74.19986628758973,227.450439453125,150.31964111328125,48.48044967651367,84.03948974609375,127.61000061035156,14.338618278503418,19.583518981933594,74.20797729492188
2018-03-26,231.04667911183574,153.36380382992144,49.53295876318373,83.8921773246112,128.0500030517578,14.363983646519287,19.516625211984756,74.19985961914062,233.6732940673828,155.9053192138672,50.40849304199219,83.81034851074219,128.27999877929688,14.347074508666992,19.491539001464844,74.19985961914062
2018-03-27,234.60766848369053,157.06223331432022,50.79969070993917,83.90037840644341,127.2300033569336,14.380892895323385,19.583518981933594,74.2160873413086,229.69815063476562,150.86016845703125,48.67139434814453,84.28498077392578,127.48999786376953,14.287894248962402,19.583518981933594,74.2160873413086
2018-03-28,229.83037357461598,149.99718622738624,48.377998223361104,84.45678317071572,126.4800033569336,14.270986178506915,19.65041341359319,74.21607875133628,229.0194549560547,149.12472534179688,47.59095001220703,84.2685775756836,125.7300033569336,14.228714942932129,19.759117126464844,74.22418975830078
2018-03-29,230.15641224241278,149.93080474719224,48.00543038736572,84.29312773326754,125.41999816894531,14.245622662414533,19.7005831487756,74.22419546529248,231.94569396972656,151.8559112548828,48.56428146362305,84.44042205810547,125.79000091552734,14.355528831481934,19.742393493652344,74.24041748046875
2018-04-02,231.41684187863495,150.77486648346974,48.15911863001787,84.3789599451975,126.6500015258789,14.32171299778978,19.68386085765346,74.23637390136719,226.93923950195312,147.47467041015625,46.78527069091797,84.52650451660156,127.26000213623047,14.161079406738281,19.734031677246094,74.23637390136719
2018-04-03,228.1732379441203,148.7643685700227,47.404659864239825,84.39537317189583,126.54000091552734,14.220260126792576,19.767478942871094,74.2363612880899,229.84793090820312,149.13421630859375,47.646827697753906,84.25602722167969,126.30000305175781,14.23716926574707,19.767478942871094,74.22824096679688
2018-04-04,226.30462916904324,146.25128897206122,46.47323919209424,84.42814663498261,127.5,14.144171679260902,19.7340325130569,74.2282494972925,232.30709838867188,151.48606872558594,48.228965759277344,84.20683288574219,126.44999694824219,14.177989959716797,19.759117126464844,74.2444839477539
2018-04-05,234.06112092397936,152.99390070720273,48.54565576401753,84.07569647803348,125.44999694824219,14.161080455812167,19.80092679242729,74.25260925292969,234.14047241210938,152.34902954101562,47.698062896728516,83.99372863769531,125.80000305175781,14.245624542236328,19.834373474121094,74.25260925292969
2018-04-06,232.18375127749687,150.67052937774895,46.99949396566023,84.26420520677466,126.56999969482422,14.186443608934175,19.759117126464844,74.25260925292969,228.9224853515625,148.5367889404297,46.319557189941406,84.36256408691406,126.38999938964844,14.144170761108398,19.759117126464844,74.25260925292969
2018-04-09,230.3768567335203,149.81705363035536,46.79458530575454,84.21502538392213,126.44999694824219,14.24562393429068,19.700584158623357,74.26073455810547,230.0507354736328,149.57997131347656,46.6362419128418,84.37896728515625,126.81999969482422,14.3217134475708,19.708946228027344,74.26073455810547
2018-04-10,232.93293347707709,151.9318131017785,47.763259246418336,84.27237267675658,127.0199966430664,14.456983582120158,19.650413260218574,74.26072957570085,233.70858764648438,152.88014221191406,48.06131362915039,84.23139190673828,127.12000274658203,14.566889762878418,19.658775329589844,74.25260925292969
2018-04-11,232.22780953419007,151.92230088987702,47.80983541131131,84.3953757385842,128.08999633789062,14.600708350630379,19.64204978942871,74.26883697509766,232.48342895507812,151.9981689453125,48.03803253173828,84.31340789794922,128.11000061035156,14.676797866821289,19.64204978942871,74.26883697509766
2018-04-12,233.80558156532558,152.91802810661116,48.35471140685818,84.19865587779539,127.25,14.566890187554662,19.7173093706921,74.26071665373951,234.3961181640625,153.82843017578125,48.83439254760742,84.01012420654297,126.62000274658203,14.6176176071167,19.683862686157227,74.26883697509766
2018-04-13,235.7006061362064,154.59662744431162,49.225595076910444,83.93632536420161,127.06999969482422,14.626069068908691,19.692223161114637,74.26883697509766,233.70858764648438,153.03187561035156,48.37800216674805,84.08386993408203,127.44999694824219,14.626069068908691,19.683862686157227,74.26883697509766
2018-04-16,235.33922430803474,154.1034797826683,48.573601882825265,83.87892634782649,127.73999786376953,14.651432640332157,19.600243702639503,74.28511047363281,235.6300811767578,154.1983184814453,48.475799560546875,84.04286193847656,127.62999725341797,14.575343132019043,19.616966247558594,74.28511047363281
2018-04-17,237.39293495805802,155.75357858609453,48.78316915150464,84.00191130361968,127.0199966430664,14.549979179468263,19.65041452720029,74.276990148006,238.15097045898438,157.51747131347656,49.36064910888672,84.09207153320312,127.75,14.583797454833984,19.616966247558594,74.28511047363281
2018-04-18,238.5916858634493,157.51747634960722,48.922881665079004,83.91988178544311,128.32000732421875,14.778249131538528,19.633689121476035,74.28510549353945,238.3272705078125,157.83990478515625,48.801795959472656,83.76414489746094,127.8499984741211,14.854338645935059,19.658775329589844,74.27698516845703
2018-04-19,237.6749728150779,157.04332653582017,47.68874946480211,83.56750351457553,127.80999755859375,14.88815800034125,19.642051015665015,74.293212890625,237.00511169433594,156.38897705078125,46.626930236816406,83.53472137451172,127.5999984741211,14.795159339904785,19.717308044433594,74.293212890625
2018-04-20,236.93463445126508,155.99072329657875,46.57103932133002,83.42813102661069,126.69000244140625,14.710615039279801,19.809288861576146,74.28509256695563,234.99549865722656,153.91387939453125,46.09135818481445,83.25599670410156,126.62999725341797,14.769795417785645,19.834373474121094,74.293212890625
2018-04-23,235.56841780577912,154.6629858962945,46.24039051810769,83.18222514830752,125.62000274658203,14.66834309918476,19.901270046123813,74.293212890625,234.96023559570312,153.52499389648438,45.49525451660156,83.17402648925781,125.62000274658203,14.761340141296387,19.95980453491211,74.293212890625
2018-04-24,235.98261340103326,154.25524261534662,45.984250675296586,83.05923912978012,125.77999877929688,14.727521512839246,19.951445134933774,74.29320117921903,231.79586791992188,150.2722625732422,45.26240158081055,83.07563018798828,126.2300033569336,14.685250282287598,19.934720993041992,74.30131530761719
2018-04-25,231.73416611286592,150.5377531870203,45.40210659427647,82.94452567325722,125.2300033569336,14.668343919533896,20.009977086555644,74.30131266129834,232.36878967285156,150.452392578125,45.03419494628906,82.89533996582031,125.41000366210938,14.710615158081055,20.018339157104492,74.30943298339844
2018-04-26,233.3912690074155,152.39647469856942,45.825909880101825,83.09204534185581,125.54000091552734,14.795158633282721,19.976525406653806,74.30943796592965,234.73101806640625,153.6198272705078,45.97959518432617,83.13302612304688,124.97000122070312,14.786704063415527,20.110315322875977,74.31755828857422
2018-04-27,235.33924313749466,155.87683436567752,46.61760886830571,83.2068065095857,125.19999694824219,14.727523933093742,20.152126488779125,74.31753275631709,234.951416015625,153.7146453857422,45.6815299987793,83.27237701416016,125.5,14.778249740600586,20.09359359741211,74.32565307617188
2018-04-30,235.5683758116827,154.07504221148793,45.63961956366398,83.31340750757899,124.41000366210938,14.74443365775798,20.177209854125977,74.32567861121879,233.14447021484375,152.6240997314453,45.2484245300293,83.36258697509766,124.58999633789062,14.845885276794434,20.177209854125977,74.31755828857422
2018-05-01,232.5803406831274,152.22576978175906,45.13664969471733,83.35516559700822,123.9000015258789,14.769794711041863,20.2775544532702,74.31511999132681,233.55873107910156,154.36898803710938,45.97492980957031,83.23197937011719,123.70999908447266,14.761340141296387,20.311002731323242,74.32324981689453
2018-05-02,233.3647897889404,154.63453695834895,45.88178923710626,83.26479683888009,123.9000015258789,14.735978044604261,20.311003135120856,74.32324386899813,231.98977661132812,153.4586181640625,45.64427947998047,83.24837493896484,123.6500015258789,14.761340141296387,20.402982711791992,74.33136749267578
2018-05-03,231.16132400218362,152.68100049746667,45.12734173500197,83.42088667116037,124.66000366210938,14.76133999221835,20.32772470966138,74.33949731759289,231.47862243652344,153.43966674804688,45.75605010986328,83.46194458007812,124.27999877929688,14.854338645935059,20.31936264038086,74.33136749267578
2018-05-04,230.50899674677927,152.77583782576932,45.41608538388249,83.56046706171777,124.0999984741211,14.837429113825088,20.39462082056255,74.34764099121094,234.4753875732422,156.3510284423828,46.94361877441406,83.47013092041016,124.54000091552734,14.955791473388672,20.344449996948242,74.34764099121094
2018-05-07,235.2422657435835,157.0812195735443,47.08332174401474,83.46190433085427,124.5,15.01497209463561,20.402981309840705,74.3395111647795,235.26870727539062,157.6502227783203,47.195091247558594,83.4290542602539,124.56999969482422,14.94733715057373,20.38625717163086,74.34764099121094
2018-05-08,234.89849893127885,157.31829167453236,47.09730048559936,83.29768094397915,124.13999938964844,15.031881613595377,20.4698774962425,74.3476212133289,235.26870727539062,157.48899841308594,47.5257568359375,83.28946685791016,124.58999633789062,14.989608764648438,20.461515426635742,74.35575103759766
2018-05-09,235.9385486756778,157.77354930932154,47.63751775283616,83.1005630493164,124.44999694824219,15.065699456434325,20.43643081271717,74.33949138906016,237.54273986816406,159.20553588867188,48.201026916503906,83.1005630493164,124.33000183105469,15.124879837036133,20.461515426635742,74.35575103759766
2018-05-10,238.28316684656053,159.71759869881342,48.387314677963744,83.29772255285282,125.22000122070312,15.15869655335886,20.369537353515625,74.35575103759766,239.76394653320312,160.8555908203125,49.002052307128906,83.27308654785156,125.18000030517578,15.200967788696289,20.369537353515625,74.35575103759766
2018-05-11,239.8872861478894,160.66590089887276,48.75522286730947,83.33054488176836,125.56999969482422,15.175607095399434,20.311003565873197,74.37200448489621,240.49546813964844,160.70384216308594,48.62482452392578,83.2812728881836,125.0,15.107972145080566,20.336088180541992,74.35575103759766
2018-05-14,240.9273905187562,161.07367474082392,49.500365043979144,83.14983502066171,125.16000366210938,15.133331405472745,20.285916598761204,74.35575103759766,240.61009216308594,160.9788360595703,49.4724235534668,83.1005630493164,124.48999786376953,15.217875480651855,20.361173629760742,74.35575103759766
2018-05-15,239.3848901863238,159.7081355714449,49.26284906045534,82.78028514180632,122.81999969482422,15.209420420783738,20.52005106350407,74.36391759535381,238.9530029296875,159.19602966308594,48.9182243347168,82.64067077636719,122.4800033569336,15.234784126281738,20.486602783203125,74.3720474243164
2018-05-16,238.98826881675424,159.4046144970717,49.05328191461151,82.53389317935763,122.37999725341797,15.226331562262628,20.536773681640625,74.3720276439028,239.9578094482422,160.24862670898438,49.61213302612305,82.46819305419922,122.29000091552734,15.319330215454102,20.536773681640625,74.38015747070312
2018-05-17,239.69346684548864,159.68913009445174,49.425851452597584,82.50108263431868,122.2300033569336,15.361599706016943,20.570219292530457,74.38015747070312,239.7551727294922,159.63223266601562,49.28614044189453,82.41896057128906,122.36000061035156,15.336236000061035,20.561857223510742,74.38015747070312
2018-05-18,239.4113658661193,159.01579374197925,48.783165991392906,82.5749679675751,122.05000305175781,15.344693183898926,20.628752513005164,74.38826751708984,239.15574645996094,158.8071746826172,48.690025329589844,82.73921203613281,122.41000366210938,15.344693183898926,20.603666305541992,74.38826751708984
2018-05-21,240.6365742714875,160.04003802270097,49.40255869477294,82.69817980302874,122.16000366210938,15.38696419411672,20.620393173570367,74.38826751708984,240.95387268066406,159.69863891601562,49.388587951660156,82.7967300415039,122.4800033569336,15.463053703308105,20.586946487426758,74.38826751708984
2018-05-22,241.473904138964,160.42882595790715,49.82635502272121,82.79672031489045,122.69999694824219,15.547596336100083,20.570220694082412,74.39639734240613,240.2839813232422,159.48997497558594,49.74252700805664,82.76387023925781,122.41000366210938,15.479961395263672,20.578582763671875,74.38826751708984
2018-05-23,239.0147067417322,158.2760939197653,49.23490317545246,83.0184458696946,122.13999938964844,15.471506928119974,20.687285227637254,74.40452264708796,240.9449920654297,160.8365936279297,49.79841232299805,83.14163208007812,122.54000091552734,15.564505577087402,20.662199020385742,74.39639282226562
2018-05-24,240.54838622347975,160.7891845703125,49.789101620814954,83.33052758254074,123.0999984741211,15.54759616903705,20.65383770865647,74.40450598022143,240.451416015625,160.7891845703125,49.94278335571289,83.35516357421875,123.58999633789062,15.463053703308105,20.637113571166992,74.41263580322266
2018-05-25,239.8784637451172,160.77023934091653,49.956757969404464,83.60972530221164,123.66000366210938,15.336235723185618,20.737457275390625,74.41264511501316,239.8784637451172,160.95042419433594,50.441097259521484,83.68363952636719,123.20999908447266,15.234784126281738,20.737457275390625,74.42076873779297
2018-05-29,238.25671437855638,160.22019562641287,50.203582848119574,84.05318012664227,122.83999633789062,15.192513201814025,20.83780130706354,74.41264511501316,237.1196746826172,160.23916625976562,50.035926818847656,84.58698272705078,123.19000244140625,15.09106159210205,20.879610061645508,74.42076873779297
2018-05-30,238.42419735328477,160.81765366711244,50.417811778533306,84.23385342612896,123.16999816894531,15.158695705383181,20.779268444391523,74.41263580322266,240.2839813232422,161.3866424560547,50.33863830566406,84.22563934326172,123.37000274658203,15.285511016845703,20.720735549926758,74.41263580322266
2018-05-31,239.87850739405306,161.38660514383605,50.12907819253315,84.23387280759971,123.26000213623047,15.29396616042687,20.720734148453474,74.43705438740527,238.81199645996094,161.2823028564453,49.91950988769531,84.18460083007812,123.0999984741211,15.243240356445312,20.704010009765625,74.42892456054688
2018-06-01,240.10767825190814,162.08838069681786,50.315354549252845,83.80775867246008,122.58000183105469,15.167151237912991,20.72909680071325,74.43380737304688,241.1565704345703,163.81434631347656,51.00926208496094,83.87358856201172,122.48999786376953,15.1417875289917,20.737457275390625,74.43380737304688
2018-06-04,241.97635371471327,164.2316541147718,51.088434300353875,83.78302987218622,122.8499984741211,15.124877775212761,20.67056313046974,74.43378402233512,242.30247497558594,165.29379272460938,51.35854721069336,83.57731628417969,122.37000274658203,14.964245796203613,20.720735549926758,74.44192504882812
2018-06-05,242.43458106982055,165.6825894790961,51.5168909194744,83.79952193974802,122.55000305175781,14.938882958456412,20.737456945688322,74.44192504882812,242.47866821289062,165.8058624267578,51.64728927612305,83.79129791259766,122.8499984741211,14.989608764648438,20.695648193359375,74.44192504882812
2018-06-06,243.08693803970908,165.97655465259714,51.69850647947029,83.56910232782678,123.08000183105469,14.981153668764982,20.612027364932768,74.44194840209381,244.50601196289062,166.7731475830078,51.97793197631836,83.45390319824219,122.91999816894531,15.040335655212402,20.637113571166992,74.43380737304688
2018-06-07,244.9907462065433,166.80157404377957,52.071076281382354,83.45390393360984,122.95999908447266,15.040336491397934,20.56185780700933,74.44192504882812,244.47950744628906,165.41700744628906,51.563453674316406,83.80773162841797,122.86000061035156,15.099516868591309,20.595304489135742,74.44192504882812
2018-06-08,244.0211403793715,164.63936849022133,50.995295507391845,83.71724292732644,123.08000183105469,15.09951616166876,20.637114582159555,74.45822143554688,245.20223999023438,165.42648315429688,51.21417999267578,83.69255828857422,123.01000213623047,15.09106159210205,20.603666305541992,74.45822143554688
2018-06-11,245.4226304914903,165.30325014559486,51.102407884498255,83.54442250885063,123.0999984741211,14.998063184781147,20.603667706257372,74.4582195520477,245.5283966064453,165.87225341796875,51.15829086303711,83.6102523803711,123.2300033569336,15.08260726928711,20.620391845703125,74.46635437011719
2018-06-12,245.9426311585828,166.09981869630116,51.21883291018526,83.49506032065412,122.94999694824219,15.023429040885741,20.620390269868157,74.46635437011719,245.84568786621094,166.74468994140625,51.311973571777344,83.5608901977539,122.81999969482422,15.0741548538208,20.662199020385742,74.46635437011719
2018-06-13,246.08377601657364,167.00079104903122,51.24211837463723,83.58560295353182,122.83999633789062,15.040336163703788,20.64547780134976,74.45822143554688,245.0613250732422,166.73526000976562,51.20486068725586,83.46217346191406,123.19000244140625,15.133333206176758,20.628753662109375,74.45822143554688
2018-06-14,245.92504974497967,167.50339828818468,51.41442925879701,83.61844930071635,123.62999725341797,15.091061110569228,20.754181699465704,74.47450972741527,245.67825317382812,168.42327880859375,51.28403091430664,83.72541809082031,123.37999725341797,14.964245796203613,20.896333694458008,74.48265075683594
2018-06-15,244.89555787415404,167.78787727710858,51.204861205744145,83.90649707153587,122.18000030517578,14.854337677223482,20.871247991748763,74.48265075683594,245.36480712890625,167.83529663085938,51.367862701416016,83.79129791259766,121.33999633789062,14.600707054138184,20.879610061645508,74.48265075683594
2018-06-18,243.91276179336904,166.77850020850585,50.72517954879578,83.89828839756912,121.3499984741211,14.626071524148939,20.904696271335744,74.49078604202816,244.86012268066406,167.7383575439453,50.74846649169922,83.83245849609375,121.11000061035156,14.727524757385254,20.879610061645508,74.4745101928711
2018-06-19,242.5936397822496,165.61906658811495,49.858956064991595,84.0792958432822,120.80999755859375,14.54997942506662,20.963227389151903,74.49076080322266,243.9217071533203,167.26318359375,50.14303970336914,84.05461120605469,120.80000305175781,14.575343132019043,20.938142776489258,74.49076080322266
2018-06-20,244.60343224923864,168.03295061402073,50.58081048773518,84.02170206477297,120.79000091552734,14.642978566545533,20.93814386495788,74.49892660589128,244.33782958984375,168.45111083984375,50.4550666809082,83.78307342529297,120.26000213623047,14.55843448638916,20.954866409301758,74.48265075683594
2018-06-21,244.32892742841975,168.87881525962894,50.9254357137198,83.91468741693802,119.91999816894531,14.473892952916376,20.93814404292734,74.50704285664911,242.8060760498047,166.98760986328125,49.826358795166016,84.00519561767578,120.05000305175781,14.448529243469238,20.896333694458008,74.49076080322266
2018-06-22,244.06330844702353,167.54827575546196,50.18495575961831,83.89826091329158,120.20999908447266,14.651434041145423,20.837799577858778,74.50705765430665,243.24874877929688,166.61692810058594,49.640071868896484,84.02169036865234,120.33999633789062,14.735978126525879,20.821075439453125,74.49891662597656
2018-06-25,242.09773266274908,165.10580785913325,48.946160840218326,84.11217908057313,120.0,14.558435193197894,20.804350716862587,74.51515197753906,239.93740844726562,162.8629608154297,47.847084045410156,84.1368637084961,119.88999938964844,14.566889762878418,20.787628173828125,74.51515197753906
2018-06-26,240.50411165309322,163.46171194259352,48.3034871936192,84.15334863599874,119.27999877929688,14.609163540550119,20.837800801502656,74.50704956054688,240.46868896484375,163.5282440185547,48.28951644897461,84.17803955078125,119.26000213623047,14.710615158081055,20.896333694458008,74.50704956054688
2018-06-27,241.0530619154473,164.2220216399969,48.51770740916131,84.39196440004828,118.95999908447266,14.795158633282721,20.938143435840953,74.52332305908203,238.4766082763672,161.30441284179688,47.106605529785156,84.49893951416016,118.58000183105469,14.786704063415527,21.021760940551758,74.52332305908203
2018-06-28,238.4235381930181,161.1048578152334,46.999492706890756,84.49071667798542,118.58999633789062,14.828977160651775,21.030123010003173,74.52332305908203,239.84014892578125,162.69195556640625,47.58163070678711,84.41665649414062,118.22000122070312,14.778249740600586,21.021760940551758,74.52332305908203
2018-06-29,240.92909341827357,163.47121911848802,47.99146351777563,84.40842201664128,118.43000030517578,14.879702206511851,20.921421487489187,74.53959655761719,240.1853790283203,163.12908935546875,47.814491271972656,84.35082244873047,118.6500015258789,14.94733715057373,20.85452651977539,74.53959655761719
2018-07-02,238.61826608752668,161.59903063796187,47.20441006095489,84.43324194497526,118.18000030517578,14.828975251800463,20.996676757415713,74.53718359276264,240.69888305664062,164.22203063964844,47.8331184387207,84.29309844970703,117.45999908447266,14.634523391723633,20.954866409301758,74.52903747558594
2018-07-03,241.5930725641536,164.83976512147632,48.070624712067946,84.32607353162014,118.41000366210938,14.735978361006119,20.904696017642287,74.53714338414301,239.848876953125,162.32131958007812,46.994834899902344,84.50743865966797,118.6500015258789,14.6176176071167,20.887971878051758,74.54529571533203
2018-07-05,240.97334204813754,163.3762174695716,47.567666199519245,84.48272389835769,118.91999816894531,14.651433124879203,20.837799577858778,74.54529571533203,241.80557250976562,164.33607482910156,48.261573791503906,84.51569366455078,119.05000305175781,14.70215892791748,20.821075439453125,74.54529571533203
2018-07-06,241.83209357848466,164.71618665896477,48.159117502247966,84.61461999524502,118.97000122070312,14.600708852418146,20.745818838828065,74.55343214320622,243.8507537841797,166.8925018310547,48.87630844116211,84.58988952636719,118.86000061035156,14.769795417785645,20.754180908203125,74.56158447265625
2018-07-09,244.85125842529408,167.75739565227062,49.25818766251297,84.39199470356625,119.6500015258789,14.80361403761998,20.712373806611648,74.55343214320622,246.04652404785156,168.39413452148438,49.24421691894531,84.37550354003906,119.1500015258789,14.845885276794434,20.762544631958008,74.56158447265625
2018-07-10,246.4981344115885,168.70772330692532,49.30941322123535,84.29311594643474,118.88999938964844,14.89661111375761,20.821077273097977,74.56977081298828,246.9319610595703,168.5176544189453,49.775123596191406,84.30960083007812,118.93000030517578,14.812067031860352,20.770906448364258,74.56977081298828
2018-07-11,245.38254542362452,167.19664189546,48.969457895798485,84.46622824962455,118.44999694824219,14.685251655580183,20.770907230105387,74.56162469754892,245.1257781982422,167.66232299804688,48.405948638916016,84.48271942138672,117.63999938964844,14.29634952545166,20.91305923461914,74.56977081298828
2018-07-12,246.38299417963543,168.40360162928044,48.41991873562062,84.37557035085432,118.0,14.389347568891775,20.92978286743164,74.56977081298828,247.34805297851562,170.55142211914062,48.992740631103516,84.44976806640625,118.12999725341797,14.372438430786133,20.92978286743164,74.56977081298828
2018-07-13,247.1710182641425,170.54186308031592,49.062596087594784,84.54042858861152,117.62000274658203,14.380892261992878,20.9715923861551,74.58607896997165,247.54286193847656,170.6939239501953,48.89028549194336,84.58988952636719,117.61000061035156,14.397801399230957,20.90469741821289,74.57792663574219
2018-07-16,247.58713231385073,170.73196340342054,48.89959655914756,84.40854641448395,117.51000213623047,14.220260141419411,20.862885863558127,74.58606719970703,247.32150268554688,170.28529357910156,48.74125671386719,84.44976806640625,117.55000305175781,14.09344482421875,20.871246337890625,74.58606719970703
2018-07-17,246.551204508345,168.479634274446,48.38731399316756,84.49922726109871,116.72000122070312,14.05962510446075,20.904693431934206,74.59421331424196,248.32196044921875,171.3212127685547,49.383934020996094,84.40029907226562,116.27999877929688,14.110352516174316,20.963226318359375,74.58606719970703
2018-07-18,248.40171700765376,171.34019190227087,49.737878465340934,84.44151806998354,116.02999877929688,14.127261475087101,21.030124337269456,74.5860616497431,248.8444061279297,170.99806213378906,49.886905670166016,84.3343505859375,116.30999755859375,14.23716926574707,20.98831558227539,74.59420776367188
2018-07-19,248.18034885597547,170.38035096737119,49.658700666937584,84.39203546585908,115.12999725341797,14.177989383808736,21.097017716862737,74.59422651082963,247.9058837890625,170.14276123046875,49.723899841308594,84.56515502929688,115.80999755859375,14.220260620117188,21.030122756958008,74.60237884521484
2018-07-20,247.70219359511609,170.65596151128764,49.66335988811171,84.46616806967825,116.4000015258789,14.287895169426633,20.896335022180544,74.61050415039062,247.6225128173828,170.10475158691406,49.67267608642578,84.26831817626953,116.55999755859375,14.3217134475708,20.86288833618164,74.61050415039062
2018-07-23,247.41898931255392,169.60102219819188,49.37927517117562,84.16949493504467,116.25,14.372438430786133,20.862887010584256,74.61868351398527,248.08302307128906,170.6464080810547,49.640071868896484,83.85623168945312,116.0,14.372438430786133,20.896333694458008,74.60237884521484
2018-07-24,249.49070268000807,172.40463052056805,50.11044794285496,83.8397045810949,116.22000122070312,14.414710964206389,20.896335347857384,74.61050764133122,249.33131408691406,171.3497314453125,49.020687103271484,83.91390228271484,116.04000091552734,14.448529243469238,20.90469741821289,74.61865997314453
2018-07-25,249.08340399758183,171.42573571016183,49.04862118035724,84.01286645702018,116.79000091552734,14.524617922698702,20.854528046973797,74.61865648182248,251.45623779296875,173.74461364746094,49.26750564575195,83.85623168945312,116.68000030517578,14.64297866821289,20.80435562133789,74.61050415039062
2018-07-26,250.73905246712084,171.38774984714377,49.45844702640837,83.93861484775677,116.23999786376953,14.609162003442073,20.8796077287489,74.63495841836395,250.8629913330078,171.11215209960938,49.994014739990234,83.76549530029297,115.7699966430664,14.64297866821289,20.946502685546875,74.61865997314453
2018-07-27,251.19062823019235,172.1955379971898,50.119758337676764,83.95509115348213,115.91999816894531,14.651432393021304,20.938143282457073,74.63495635986328,249.1631317138672,168.80274963378906,49.747188568115234,83.89738464355469,115.83000183105469,14.583797454833984,20.921419143676758,74.63495635986328
2018-07-30,249.24274438650986,168.81220512928624,49.896216316924765,83.73253090290555,115.80000305175781,14.676797159784211,20.879609479773645,74.64315861695347,247.86155700683594,166.41729736328125,49.40721893310547,83.79023742675781,115.6500015258789,14.668342590332031,20.846162796020508,74.6268539428711
2018-07-31,248.62304812545446,167.0731293315069,49.770477089197456,83.92213844946976,115.47000122070312,14.659886961862735,20.87124773846123,74.64311981201172,249.08343505859375,167.69085693359375,49.31407928466797,83.90564727783203,115.98999786376953,14.583797454833984,20.887971878051758,74.64311981201172
2018-08-01,249.28704229026565,168.08050280891155,49.584187767151896,83.6413675481715,115.62999725341797,14.423164232558895,20.91305923461914,74.63905865424562,248.66726684570312,168.3275909423828,49.52830123901367,83.70744323730469,115.13999938964844,14.372438430786133,20.91305923461914,74.647216796875
2018-08-02,247.36582285557148,167.13961806470147,49.132455687791136,83.76521443457435,115.16999816894531,14.330167300995004,20.988314005105668,74.65536499023438,250.02195739746094,170.61793518066406,50.02661895751953,83.80651092529297,114.5199966430664,14.456982612609863,21.030122756958008,74.65536499023438
2018-08-03,250.14585496093795,170.9410127771182,50.07784387999537,83.87265045422046,115.08999633789062,14.49079941111536,21.063572436934358,74.65536499023438,251.0932159423828,171.14059448242188,50.10578536987305,84.02133178710938,114.91999816894531,14.507708549499512,21.04684829711914,74.65536499023438
2018-08-06,251.128690386701,171.02659371457545,50.08715887264816,84.07909230199601,114.55999755859375,14.558434567025095,21.09701588529654,74.67170044096147,252.01406860351562,172.14801025390625,50.37124252319336,84.06256866455078,114.33000183105469,14.533072471618652,21.080291748046875,74.66353607177734
2018-08-07,252.67810121530914,172.63266026574556,50.5156070160297,84.01305466535696,114.8499984741211,14.668342376199167,21.030121999028477,74.67167663574219,252.84629821777344,172.7752227783203,50.711204528808594,83.88915252685547,114.58999633789062,14.64297866821289,21.055208206176758,74.67167663574219
2018-08-08,252.67815635114414,172.53765938521263,50.64600244325014,83.91392871237387,114.75,14.626068908214643,21.0552089650104,74.67170044096147,252.7401123046875,172.9843292236328,50.869544982910156,83.96349334716797,114.91000366210938,14.465436935424805,21.030122756958008,74.66353607177734
2018-08-09,252.80201123908088,172.87979125976562,50.576148251391096,84.09564784904093,115.0199966430664,14.507707318655205,21.063572331679836,74.67167663574219,252.39474487304688,172.87979125976562,50.375892639160156,84.19477081298828,114.73999786376953,14.406255722045898,21.15555191040039,74.67167663574219
2018-08-10,250.9604415393712,171.710869061366,49.29544620810141,84.41778651101285,114.80999755859375,14.406255722045898,21.314426675040057,74.68802642822266,250.70367431640625,171.55882263183594,49.192989349365234,84.55821228027344,114.69000244140625,14.406255722045898,21.30606460571289,74.68802642822266
2018-08-13,250.97813090933042,171.87244831605864,49.225591536028965,84.50863758639963,113.80999755859375,14.347075296622474,21.297702283663263,74.69618225097656,249.76516723632812,171.36875915527344,49.248878479003906,84.53341674804688,112.95999908447266,14.330167770385742,21.31442642211914,74.69618225097656
2018-08-14,250.49120289007564,172.0244514770634,49.48639486572028,84.51687998515672,113.25,14.431618337968638,21.32278756131429,74.69616119115233,251.35885620117188,172.44261169433594,49.13245391845703,84.45079803466797,113.06999969482422,14.355528831481934,21.39804458618164,74.6798324584961
2018-08-15,250.01308960069466,171.07408817731056,48.648109258217346,84.63256183528883,112.16999816894531,14.194897911551513,21.456577473322568,74.68801788234659,249.4818572998047,170.3328094482422,48.31745529174805,84.65734100341797,111.19000244140625,14.042718887329102,21.39804458618164,74.69618225097656
2018-08-16,250.91613552227457,171.64434720911845,48.63880337282316,84.67384827803706,111.45999908447266,14.101901180473389,21.37295888430846,74.70434039201795,251.50048828125,170.89356994628906,48.24294662475586,84.6325454711914,111.0999984741211,14.152626991271973,21.38132095336914,74.69618225097656
2018-08-17,251.2968851103208,170.4468712629918,47.7213515181138,84.706875920457,111.69000244140625,14.26253371680703,21.31442800177312,74.70431518554688,252.3859100341797,170.93154907226562,47.889007568359375,84.66557312011719,112.12999725341797,14.211806297302246,21.272619247436523,74.70431518554688
2018-08-20,252.83751266551045,171.31169391491724,47.87968592299721,84.83075531436813,112.37999725341797,14.203350987838082,21.272618859822195,74.70431518554688,252.92605590820312,170.7794952392578,47.82380294799805,84.92987823486328,112.69000244140625,14.23716926574707,21.22244644165039,74.70431518554688
2018-08-21,253.4395147594175,171.29273034662617,48.06131358039224,84.85555756126806,112.7699966430664,14.304804423341528,21.155550177572657,74.72066589415539,253.51919555664062,171.40676879882812,48.81110763549805,84.81425476074219,113.0199966430664,14.262533187866211,21.097017288208008,74.7125015258789
2018-08-22,253.11185465317376,171.045616717673,48.60620363655149,85.04553651532966,113.38999938964844,14.389347427242607,21.038484573364258,74.72066589415539,253.36862182617188,172.07200622558594,48.992740631103516,84.97119903564453,113.2699966430664,14.465436935424805,21.038484573364258,74.7125015258789
2018-08-23,253.19155760642926,171.76784041610492,48.99739334664413,85.0042315689751,112.68000030517578,14.397802732514414,21.138828859452147,74.73697662353516,253.03219604492188,171.82485961914062,49.053279876708984,84.96292877197266,112.19999694824219,14.44007396697998,21.17227554321289,74.73697662353516
2018-08-24,253.60769270562974,172.39508897697198,49.337363459023834,84.81427909447336,113.25,14.600707580053815,21.11374249946526,74.73697662353516,254.5550537109375,173.42147827148438,49.80307388305664,84.98773956298828,114.16000366210938,14.549980163574219,21.07193374633789,74.73697662353516
2018-08-27,255.75038142221396,174.29582348578282,50.11976199176952,84.87208223604124,114.12000274658203,14.575343346811984,21.03848640724862,74.73698333735503,256.56494140625,175.1891632080078,50.580814361572266,84.79774475097656,114.58999633789062,14.600707054138184,20.98831558227539,74.74514770507812
2018-08-28,257.02523321330386,175.65483512048132,50.90215331365361,84.64906800405764,114.76000213623047,14.634522870481138,20.913058547364663,74.73698333735503,256.6888122558594,175.4457550048828,50.771751403808594,84.6077651977539,113.68000030517578,14.541525840759277,20.98831558227539,74.74514770507812
2018-08-29,256.9012714179143,175.749854783659,50.832292545885124,84.63252798196213,114.16000366210938,14.617616460368419,20.988314687792922,74.7533053575145,258.0699768066406,177.4700164794922,51.060489654541016,84.58296966552734,114.19999694824219,14.70215892791748,20.954866409301758,74.73697662353516
2018-08-30,257.5919235454238,177.1279234942175,50.91145519774923,84.69863269173672,113.91999816894531,14.727523673433788,20.996676250376836,74.75332318063424,257.0252685546875,177.15643310546875,50.515602111816406,84.73992919921875,113.63999938964844,14.676797866821289,20.971590042114258,74.76964569091797
2018-08-31,256.6179593889367,176.9378211033388,50.43178457011645,84.9298919921131,113.72000122070312,14.735977452130292,21.038485720812645,74.7614974975586,257.0340881347656,177.38449096679688,50.7344970703125,84.75643157958984,113.51000213623047,14.693704605102539,21.06357192993164,74.7614974975586
2018-09-04,256.61802144760213,176.84278502857953,50.520263756431795,84.63727564207507,112.75,14.710612979459215,21.172276050132037,74.7598363127647,256.5914611816406,176.62420654296875,51.10240173339844,84.56278228759766,112.93000030517578,14.609161376953125,21.15555191040039,74.76801300048828
2018-09-05,256.23725057590366,176.31058790432024,51.07912113629807,84.54618018057914,113.36000061035156,14.617616718880345,21.080291748046875,74.76801860728206,255.9008026123047,174.3433380126953,50.82297897338867,84.55445861816406,113.31999969482422,14.549980163574219,21.080291748046875,74.75984191894531
2018-09-06,256.007039241489,174.4194242958276,50.55751925961966,84.60415826484525,113.88999938964844,14.566888537971634,21.06356920569872,74.78439129005699,255.13052368164062,172.78480529785156,49.5050163269043,84.72830963134766,113.54000091552734,14.465436935424805,21.080291748046875,74.77621459960938
2018-09-07,254.0858507118014,171.5397873070904,49.31874003303414,84.43035306235281,113.26000213623047,14.406258136637398,21.11374206928157,74.78435579553485,254.63478088378906,172.1195068359375,49.28614044189453,84.34758758544922,113.2300033569336,14.499255180358887,21.13882827758789,74.79252624511719
2018-09-10,255.64400512276245,173.10786611229807,49.64007193181098,84.33100191211634,113.26000213623047,14.575343871814017,21.097017288208008,74.78435579553485,255.07737731933594,172.69921875,49.76581573486328,84.397216796875,113.1500015258789,14.549980163574219,21.097017288208008,74.79252624511719
2018-09-11,254.43098321591773,172.0054392810412,49.36530434394688,84.23171299733873,112.6500015258789,14.541527193435323,21.11374282836914,74.78436544719037,255.9184112548828,174.02969360351562,49.141761779785156,84.09101104736328,113.22000122070312,14.693704605102539,21.11374282836914,74.80071258544922
2018-09-12,255.92742451264513,173.77315678807778,48.47114328858883,84.22345322452898,113.12000274658203,14.727524390281282,21.088655393964192,74.79253589782718,255.9805450439453,173.5165557861328,48.57825469970703,84.19034576416016,114.16999816894531,14.795159339904785,21.038484573364258,74.80071258544922
2018-09-13,257.04295190384914,174.5999472892127,49.21627415062013,84.306211628992,114.72000122070312,14.752885744062603,20.946505485548204,74.81705972370806,257.4944763183594,175.36973571777344,49.17435836791992,84.18206024169922,113.76000213623047,14.634523391723633,20.97995376586914,74.80071258544922
2018-09-14,257.69814941620206,175.49321432204331,49.44912875556404,84.01651577571569,113.79000091552734,14.575342502691568,21.005037386781787,74.81706937747231,257.5387878417969,174.85647583007812,49.681983947753906,84.02478790283203,113.0199966430664,14.541525840759277,21.055208206176758,74.80889892578125
2018-09-17,257.4857236145753,174.56191000240187,49.34667989742479,83.93375682607638,113.5999984741211,14.617616800323551,20.96322847892455,74.80890157731417,256.17535400390625,172.33807373046875,49.01136779785156,84.04135131835938,113.61000061035156,14.524618148803711,20.954866409301758,74.82524871826172
2018-09-18,256.3878005462383,172.48066536925043,49.137108063602376,83.93374987771529,113.79000091552734,14.668341882887196,20.946505232379558,74.82524871826172,257.56536865234375,173.76364135742188,49.383934020996094,83.6937255859375,113.44000244140625,14.659887313842773,20.98831558227539,74.82524871826172
2018-09-19,257.61849919719697,173.79215927805865,49.38858943371058,83.6440987650298,113.94000244140625,14.659889067759188,20.988315835949376,74.81707202929482,257.83984375,173.63059997558594,49.49570083618164,83.55305480957031,113.87999725341797,14.752887725830078,20.97995376586914,74.82524871826172
2018-09-20,259.09712105504974,174.82802544250478,49.94744314648275,83.45366959557812,114.20999908447266,14.78670439350945,20.854523463163396,74.83340656504502,259.9293518066406,175.55029296875,50.13372802734375,83.56126403808594,114.2699966430664,14.752887725830078,20.829437255859375,74.84158325195312
2018-09-21,260.6702248801384,176.02552170523325,50.068521333600934,83.51165589579095,112.87000274658203,14.820522342884303,20.91305783384574,74.83340656504502,259.69189453125,174.59048461914062,49.88223648071289,83.59442138671875,113.48999786376953,14.786704063415527,20.896333694458008,74.84158325195312
2018-09-24,259.1137115939335,173.32418508658094,49.65404515445941,83.47021135058934,113.68000030517578,14.938883416109835,20.82943873180879,74.84158388350373,258.8291015625,175.07598876953125,50.236183166503906,83.5033187866211,113.47000122070312,15.006518363952637,20.896333694458008,74.8497543334961
2018-09-25,259.2826480794176,174.999871755384,49.86361432247517,83.40403637848328,113.75,15.048788612160642,20.879610953603283,74.84158388350373,258.58892822265625,175.31405639648438,49.43516159057617,83.42059326171875,113.6500015258789,15.040335655212402,20.91305923461914,74.8497543334961
2018-09-26,258.7313131778317,175.46633556860786,49.21161710465354,83.50335931501,113.11000061035156,15.006517443463427,20.95486582633573,74.8579310204732,257.81524658203125,175.43777465820312,48.99739074707031,83.6937255859375,113.05000305175781,14.972699165344238,20.921419143676758,74.8497543334961
2018-09-27,258.2866480000463,176.15184568928296,49.19299454017882,83.63578912341188,112.0999984741211,15.023426516227424,21.04684753752045,74.86614227294922,258.5356750488281,176.9230194091797,49.30476760864258,83.6937255859375,112.05000305175781,15.040335655212402,21.07193374633789,74.86614227294922
2018-09-28,257.913024857578,176.42789865699967,49.174363615596334,83.8344374192974,112.16000366210938,15.08260728469234,21.155551328416827,74.85796558219697,258.5622863769531,176.8848876953125,49.57487487792969,83.73511505126953,112.76000213623047,15.192513465881348,21.12210464477539,74.86614227294922
2018-10-01,259.7986373779872,177.9131495717101,49.71925104963885,83.62230439121375,112.4000015258789,15.209421631918019,21.130467295704673,74.87101745605469,259.460693359375,177.2467041015625,49.70528030395508,83.52278137207031,112.56999969482422,15.479961395263672,21.15555191040039,74.87101745605469
2018-10-02,259.3094177246094,177.09441084769074,49.49104610272233,83.64716785567484,113.69999694824219,15.539141242170567,21.21408538442255,74.87103555718026,259.3094177246094,176.8468780517578,49.66801834106445,83.73839569091797,113.87000274658203,15.530688285827637,21.18899917602539,74.87921905517578
2018-10-03,260.35885464256023,177.5894179140749,49.99866992760815,83.58086810521603,113.87000274658203,15.556052268460547,21.22244543008849,74.87921905517578,259.4516906738281,177.03721618652344,49.85895538330078,83.11643981933594,113.41999816894531,15.67441463470459,21.25589370727539,74.87921905517578
2018-10-04,258.9714428347122,176.32316301121148,49.4351607693345,82.91738532009758,113.83000183105469,15.691321004121175,21.264257431030273,74.8956069946289,257.4239196777344,173.63833618164062,48.736595153808594,82.90079498291016,113.4800033569336,15.505325317382812,21.264257431030273,74.8956069946289
2018-10-05,257.6462100766158,173.61933809129275,48.55031256497239,82.78472259453949,113.80999755859375,15.505326305436427,21.24753405205832,74.90377044677734,255.98306274414062,171.5152587890625,47.628204345703125,82.70178985595703,113.80000305175781,15.471508026123047,21.239171981811523,74.90377044677734
2018-10-08,255.29821821295369,170.9154760295584,47.171808055417934,82.78466740212038,112.25,15.353145949027823,21.32279032575984,74.90377044677734,255.98306274414062,170.46800231933594,47.06935119628906,82.73490905761719,112.54000091552734,15.429235458374023,21.264257431030273,74.90377044677734
2018-10-09,255.60062166798622,170.59174463519832,46.938953246565646,82.75981076712554,112.37000274658203,15.488415852842477,21.33115073604428,74.9037967404934,255.6094970703125,171.0201873779297,46.980865478515625,82.89250183105469,112.5999984741211,15.539141654968262,21.25589370727539,74.8956069946289
2018-10-10,255.10257478593394,169.95383665040103,46.165873460652875,82.6934507177677,112.47000122070312,15.496869299584832,21.23080825805664,74.91200256347656,247.51611328125,163.49880981445312,44.84791564941406,82.9339599609375,112.87999725341797,15.234784126281738,21.23080825805664,74.91200256347656
2018-10-11,246.43107052946968,162.82286844277954,44.852575816788004,83.11639504806156,114.19999694824219,15.141788259638238,21.147191107313443,74.92013549804688,242.064208984375,161.47093200683594,44.452064514160156,83.27397155761719,115.77999877929688,15.006518363952637,21.11374282836914,74.92013549804688
2018-10-12,246.155331736026,165.8218415904784,45.75139645882652,83.1744155883789,115.58000183105469,15.133334407485597,21.163911314645286,74.92013549804688,245.42605590820312,165.96466064453125,45.33225631713867,83.1744155883789,115.2300033569336,15.124879837036133,21.180635452270508,74.92013549804688
2018-10-15,245.07028903016487,165.38397562816647,45.12734190779558,83.25739461624467,116.12000274658203,15.141787988501893,21.13046646118164,74.92835998535156,244.04750061035156,163.95587158203125,44.838600158691406,83.2242202758789,116.0,15.158697128295898,21.13046646118164,74.92835998535156
2018-10-16,246.00425407612462,165.67904446532552,45.318287003258064,83.15791172917757,116.48999786376953,15.14178667803241,21.08029379153981,74.92834756930405,249.3839111328125,168.7256622314453,46.3568229675293,83.2159652709961,115.80000305175781,15.226330757141113,21.13882827758789,74.93653106689453
2018-10-17,249.41941166358663,169.54443996739752,46.80389498872421,83.19935991791385,115.88999938964844,15.192513201814025,21.20572313878954,74.92834756930405,249.42831420898438,168.79229736328125,46.12861633300781,82.9754409790039,115.79000091552734,15.09106159210205,21.24753189086914,74.93653106689453
2018-10-18,248.49443661830605,168.15442267346393,45.83987789545155,82.93392874527864,115.83000183105469,14.930427797909452,21.272620717532615,74.94472081142973,245.82627868652344,164.87930297851562,44.927085876464844,83.12467956542969,115.91999816894531,14.92197322845459,21.339515686035156,74.93653106689453
2018-10-19,246.47562692449912,166.2122459202444,45.173906259553796,83.11639721443095,116.2300033569336,15.01497293400103,21.331152977356663,74.9447021484375,245.69296264648438,164.72702026367188,44.27974319458008,83.0251693725586,116.01000213623047,15.006518363952637,21.297704696655273,74.9447021484375
2018-10-22,246.3599268625698,165.71716064642507,44.59643116279609,83.11642242469713,115.56999969482422,14.9557930133467,21.339514359590193,74.94472585650665,244.59005737304688,165.57435607910156,44.51725769042969,83.04177856445312,115.70999908447266,15.023427963256836,21.372961044311523,74.96110534667969
2018-10-23,240.97910616405136,162.46111037883819,43.34832439324186,83.47304587497301,117.16000366210938,14.828976103047118,21.356239826886256,74.94472585650665,243.3448486328125,164.96505737304688,44.34028625488281,83.25741577148438,116.38999938964844,14.693704605102539,21.339515686035156,74.96110534667969
2018-10-24,243.0959351083187,164.77458866231902,43.483382767737126,83.48961590430103,116.37999725341797,14.761340243444234,21.456579461605862,74.96930694580078,235.9719696044922,157.4150848388672,41.36439895629883,83.70524597167969,116.66000366210938,14.592253684997559,21.448217391967773,74.96930694580078
2018-10-25,237.8040420361195,159.86193464041557,41.74162673532582,83.55596104682351,116.58000183105469,14.642979374965323,21.456579284299295,74.96922725382926,240.2053680419922,162.86094665527344,42.5333366394043,83.5062026977539,116.4000015258789,14.651433944702148,21.506750106811523,74.9774169921875
2018-10-26,236.50559671818039,157.28178691216328,41.564659820288966,83.82137914129427,116.83000183105469,14.575344444528836,21.53183649344694,74.98567199707031,235.9808349609375,158.67181396484375,41.764915466308594,83.87943267822266,116.7699966430664,14.761340141296387,21.448217391967773,74.98567199707031
2018-10-29,239.06697033859635,161.09965004048695,42.37965531833336,83.77157706853549,116.41000366210938,14.702158410493016,21.498388037242535,74.98567199707031,234.67340087890625,155.40626525878906,41.28523635864258,83.87109375,116.30999755859375,14.609161376953125,21.506750106811523,74.98567199707031
2018-10-30,234.5044631035441,154.949243166997,41.44357511177291,83.71354647453892,115.8499984741211,14.473892098944667,21.54019910060336,74.99385549561134,238.1509246826172,157.96730041503906,43.04096221923828,83.68866729736328,115.80000305175781,14.533072471618652,21.598731994628906,74.98567199707031
2018-10-31,240.71234277026565,160.53790995771806,43.83732422705786,83.4398537331966,114.88999938964844,14.473889753105407,21.623820368305854,74.99384307861328,240.69456481933594,161.68040466308594,43.525299072265625,83.4813232421875,115.1500015258789,14.338618278503418,21.59037208557129,74.99384307861328
2018-11-01,241.55723572088397,161.91836520423394,43.93047027115052,83.41152886937923,116.33000183105469,14.406257430203528,21.50675028453268,75.01024627685547,243.25596618652344,163.81297302246094,45.62565612792969,83.55281829833984,116.62999725341797,14.23716926574707,21.448217391967773,75.01024627685547
2018-11-02,244.35883203457692,163.30841743706063,45.53250225173398,83.35335390839043,116.61000061035156,14.237170254745513,21.464939702255926,75.00204309831345,241.81520080566406,161.261474609375,44.899139404296875,83.08739471435547,116.6500015258789,14.203351974487305,21.49838638305664,75.01024627685547
2018-11-05,242.30434908918804,161.47091111427312,44.750115919545564,83.24525704613907,116.27999877929688,14.279442037806186,21.49838694824282,75.01025995472779,243.14927673339844,160.86158752441406,44.48466110229492,83.13720703125,116.37000274658203,14.194899559020996,21.490026473999023,75.01846313476562
2018-11-06,243.08701262334208,160.87112931316187,44.498635248962984,83.1954245615225,116.44000244140625,14.228713172692222,21.46493796561134,75.01846313476562,244.68789672851562,162.08026123046875,44.945716857910156,83.04582214355469,116.04000091552734,14.135714530944824,21.439851760864258,75.01846313476562
2018-11-07,246.85804397609732,164.02247547360042,45.499908447265625,83.18711155470032,116.26000213623047,14.211805323339982,21.339511699040713,75.02664184570312,249.9264373779297,167.164306640625,45.499908447265625,83.04582214355469,116.02999877929688,14.101899147033691,21.39804458618164,75.02664184570312
2018-11-08,249.12581331936272,166.38363163929924,45.0062529793294,83.11229141504242,115.7699966430664,14.09344543501115,21.43985464080293,75.03489685058594,249.47268676757812,166.0980224609375,45.29033660888672,82.929443359375,115.77999877929688,14.017355918884277,21.523473739624023,75.03489685058594
2018-11-09,248.16535324771868,164.54611267909692,44.66628894672009,83.05411046834469,114.5999984741211,13.856722584525297,21.582007273345035,75.0430587226588,247.0358428955078,163.2989044189453,44.47068786621094,83.25357818603516,114.4800033569336,13.865177154541016,21.565284729003906,75.05126190185547
2018-11-12,246.52900453980493,162.15645846488442,43.69295148362018,83.4281405645448,114.01000213623047,13.949719651239684,21.699075518912686,75.0512405914182,242.4200439453125,158.35769653320312,42.524017333984375,83.50294494628906,113.66000366210938,13.831358909606934,21.75760841369629,75.04303741455078
2018-11-13,242.88240555311336,159.10030584395386,42.868648624133115,83.46138505210338,113.72000122070312,13.772179675891952,21.699074297660253,75.0430587226588,241.96633911132812,158.49098205566406,43.07355880737305,83.5694351196289,113.69999694824219,13.450912475585938,21.682350158691406,75.05126190185547
2018-11-14,243.834079644037,160.06188569908852,43.76747246136768,83.46967019146992,113.52999877929688,13.611545843020162,21.682350843871486,75.0512405914182,240.31211853027344,157.28184509277344,43.29710388183594,83.74394226074219,114.63999938964844,13.569272994995117,21.607093811035156,75.04303741455078
2018-11-15,239.0491568741506,156.99622180307256,43.101499229783144,83.95174168598788,114.83000183105469,13.670726299974312,21.690712988582945,75.0676498413086,242.8201446533203,160.0333251953125,44.66628646850586,83.80213928222656,114.7699966430664,13.54391098022461,21.657264709472656,75.0676498413086
2018-11-16,241.72626414950847,158.47189742410555,42.89658995941357,83.9933078170943,115.83000183105469,13.687635537519977,21.52347258983335,75.07585144042969,243.45167541503906,159.47157287597656,43.90718078613281,84.05979919433594,115.62000274658203,13.62845516204834,21.49838638305664,75.07585144042969
2018-11-19,242.8469064738273,158.70997535031617,43.674320205597674,83.99327955279192,115.44999694824219,13.552365647143581,21.481666564941406,75.07585301917626,239.33384704589844,154.29237365722656,42.25856018066406,84.18444061279297,115.66999816894531,13.62845516204834,21.481666564941406,75.0676498413086
2018-11-20,236.00746255389294,150.7791683624586,41.071004321120164,84.20939011123508,115.94000244140625,13.476274728842363,21.506752973636782,75.08406829833984,234.90463256835938,151.53131103515625,42.221309661865234,84.16783142089844,115.66999816894531,13.214189529418945,21.59037208557129,75.08406829833984
2018-11-21,236.45220506168295,153.61635728282297,42.840707491123304,84.09304385986697,115.94000244140625,13.315642110239182,21.548563327054985,75.1086212645149,235.7051239013672,152.68331909179688,42.407596588134766,84.1512222290039,115.86000061035156,13.3240966796875,21.59037208557129,75.10041809082031
2018-11-23,234.06861109703652,151.46470603529107,42.039682909619025,84.3257042129287,115.76000213623047,12.960558826039668,21.590368912979514,75.10041809082031,234.13087463378906,151.57896423339844,42.34705352783203,84.20103454589844,115.7699966430664,12.935195922851562,21.632179260253906,75.10041809082031
2018-11-26,236.3810366819656,153.70203750344191,43.068905020912915,84.1013139600927,115.83999633789062,12.977467849339714,21.5903692413662,75.10868835449219,237.91078186035156,155.08253479003906,43.18998718261719,84.13455963134766,115.63999938964844,12.994376182556152,21.673988342285156,75.10868835449219
2018-11-27,236.8790184862919,154.23518887325832,42.81276067901345,84.10963185351798,115.55000305175781,12.95210305475593,21.657265927149805,75.10868835449219,238.71115112304688,155.60617065429688,43.255184173583984,84.21768188476562,114.94999694824219,12.943649291992188,21.73252296447754,75.10868835449219
2018-11-28,239.77847091805359,156.7296156515834,43.683638401922,84.15119512372353,114.76000213623047,12.943649718216502,21.74088322778256,75.10866251502691,244.2075958251953,160.6140594482422,44.40082931518555,84.2093734741211,115.37999725341797,12.90137767791748,21.623817443847656,75.11685943603516
2018-11-29,243.4338443710822,159.93808831482045,44.13537883433238,84.43377510859946,115.97000122070312,12.95210438639314,21.61545829762221,75.12509155273438,243.6739959716797,160.0904083251953,43.98169708251953,84.42546844482422,115.73999786376953,12.985921859741211,21.59037208557129,75.12509155273438
2018-11-30,243.52278892831978,160.3094290995242,43.925803477970945,84.55016059885828,115.41999816894531,12.859105704043339,21.640540063956895,75.14149633304248,245.1592559814453,161.25196838378906,45.05747985839844,84.59171295166016,115.54000091552734,12.926740646362305,21.673988342285156,75.13329315185547
2018-12-03,249.27706444528062,164.8127117446104,46.04013273735982,84.4851123170323,116.5999984741211,13.248007709018339,21.64053981126928,75.13080596923828,248.40545654296875,164.07009887695312,45.84918975830078,84.776611328125,116.41000366210938,13.222644805908203,21.682350158691406,75.13080596923828
2018-12-04,247.57834595211617,163.2132079750364,45.41141725612719,84.92653832956633,117.37000274658203,13.29027839763133,21.556923566729882,75.13899230957031,240.35653686523438,157.7769012451172,43.59514617919922,85.1680679321289,117.12000274658203,13.231097221374512,21.640541076660156,75.13899230957031
2018-12-06,236.50559510086424,154.59696694011802,42.32375952550814,85.49285046579084,117.37999725341797,13.062010798011638,21.632179260253906,75.15545654296875,239.99197387695312,158.8907928466797,43.33900833129883,85.38457489013672,117.13999938964844,13.12119197845459,21.632179260253906,75.15545654296875
2018-12-07,239.65396675054097,158.19577033667778,43.17601237001512,85.35959296581676,117.62000274658203,13.357914829026793,21.590366868038615,75.16368865966797,234.41549682617188,153.64488220214844,41.69505310058594,85.63443756103516,118.08999633789062,13.273370742797852,21.57364273071289,75.16368865966797
2018-12-10,234.23760261616204,153.35926854667193,41.62519721613596,85.65109501996473,117.69999694824219,13.155009417134913,21.615457676150104,75.17185974121094,234.8601837158203,155.25389099121094,42.17939376831055,85.68441009521484,117.68000030517578,13.062010765075684,21.71579933166504,75.17185974121094
2018-12-11,238.05305993563306,157.78638694660157,42.947820305056304,85.48454987298852,117.66999816894531,13.205735569396525,21.732521697707238,75.1719059235341,234.9135284423828,155.76800537109375,42.38896560668945,85.4678955078125,117.54000091552734,13.138100624084473,21.77433204650879,75.16368865966797
2018-12-12,237.8840488644376,158.04347030619365,43.059584401637316,85.32626450890673,117.69999694824219,13.197281431295957,21.740882796517155,75.18012237548828,236.09637451171875,157.13900756835938,43.03164291381836,85.23464965820312,117.79000091552734,13.095829010009766,21.690711975097656,75.18012237548828
2018-12-13,237.03917653874748,158.16724500583982,43.306411979580155,85.33460688433962,117.54000091552734,13.070465207121268,21.707434518969716,75.18830108642578,236.01638793945312,157.18661499023438,42.887271881103516,85.28463745117188,117.52999877929688,13.264915466308594,21.690711975097656,75.18830108642578
2018-12-14,233.8730104348904,155.3872106215959,42.2119934634534,85.42621518294811,116.62999725341797,13.171917749881603,21.81614080040861,75.18830831269172,231.658447265625,153.3592987060547,42.221309661865234,85.41788482666016,117.05999755859375,13.062010765075684,21.77433204650879,75.19652557373047
2018-12-17,230.7067150296598,152.70234695216084,42.1188551917736,85.50120894976581,117.37000274658203,13.112736822766951,21.724161402108262,75.19655568488953,227.1136016845703,149.88421630859375,41.82080078125,85.66777801513672,117.87000274658203,12.909832000732422,21.71579933166504,75.20477294921875
2018-12-18,228.75011653111562,151.04573876680175,42.15145800610496,85.7537323049394,117.8499984741211,12.909833313474826,21.665624950105148,75.20477294921875,226.86460876464844,150.82676696777344,42.323768615722656,85.87892150878906,118.1500015258789,12.63929271697998,21.707433700561523,75.20477294921875
2018-12-19,226.9446197617869,150.59832307959036,41.98845696988759,85.97070530745465,118.23999786376953,12.698473223431145,21.64054229257791,75.2129673329058,223.4671173095703,147.12327575683594,40.488868713378906,86.17935180664062,117.43000030517578,12.690018653869629,21.71579933166504,75.1965103149414
2018-12-20,222.22199466662704,146.76144973870086,40.682527596613774,86.33791380638303,119.11000061035156,12.664655988481776,21.59036985037936,75.21297454833984,219.8295440673828,144.9906005859375,40.165157318115234,86.07084655761719,119.23999786376953,12.57165813446045,21.548561096191406,75.21297454833984
2018-12-21,220.72866428014692,145.7141759333399,40.37399848778257,86.12930080255742,119.19000244140625,12.478659169528228,21.590368737357,75.22940826416016,215.3253936767578,140.49684143066406,39.47216033935547,86.14599609375,118.72000122070312,12.461750030517578,21.690711975097656,75.22940826416016
2018-12-24,213.84032507460728,139.47616993139565,39.1351574093974,86.27949712274471,119.56999969482422,12.426637963946357,21.653524338554508,75.23768615722656,209.63580322265625,137.01280212402344,38.42792510986328,86.36296081542969,120.0199966430664,12.323867797851562,21.5943603515625,75.23768615722656
2018-12-26,211.09396462178614,138.5213574124602,38.8218790799001,86.35463708465453,120.62000274658203,12.306738830502864,21.619716706133033,75.23763363124294,220.2276153564453,145.56773376464844,40.587589263916016,85.95403289794922,119.66000366210938,12.597921371459961,21.704235076904297,75.22940826416016
2018-12-27,216.998192653221,143.57220516546255,39.913576848819844,86.32123862771986,120.56999969482422,12.452329286460412,21.687331556654506,75.24591873878754,221.9183807373047,146.1310577392578,40.94357681274414,86.17101287841797,120.56999969482422,12.478021621704102,21.611265182495117,75.254150390625
2018-12-28,223.26923912477056,147.18133625556132,41.17141304711566,86.31285588115264,120.80000305175781,12.409508490106475,21.5267470469189,75.26239013671875,221.6321563720703,146.0546875,41.22362518310547,86.63834381103516,121.05999755859375,12.375251770019531,21.55210304260254,75.26239013671875
2018-12-31,223.2513302461389,147.4868135147517,41.61759256384978,86.53823287024694,120.9800033569336,12.418072135162967,21.56900811446512,75.27056121826172,223.57337951660156,147.2863006591797,41.427730560302734,86.9638671875,121.25,12.409507751464844,21.509845733642578,75.27056121826172
2019-01-02,220.0487067791242,144.16419755857441,40.57809898559754,87.05565597617253,121.3499984741211,12.2639176494005,21.687331319138845,75.27885344353776,223.80593872070312,147.8783416748047,41.73150634765625,87.1474609375,121.33000183105469,12.443765640258789,21.670427322387695,75.26239013671875
2019-01-03,222.06154839494693,145.70142743498377,40.635062439174625,87.18082542866557,121.77999877929688,12.537970971373783,21.645073414721992,75.27883194757386,218.46534729003906,143.04710388183594,39.225341796875,87.84014892578125,122.43000030517578,12.546534538269043,21.55210304260254,75.28706359863281
2019-01-04,221.48903377701097,145.453183156539,39.90408618021816,87.25597225942786,121.31999969482422,12.683564397536738,21.653523735182766,75.29524993896484,225.78302001953125,149.16732788085938,41.0527458190918,87.13078308105469,121.44000244140625,12.71782112121582,21.518293380737305,75.29524993896484
2019-01-07,226.05139025273738,149.53969028568113,41.25685212173471,87.23093277419231,122.16000366210938,12.812026023864746,21.433779299986114,75.28702457107984,227.563232421875,150.9432373046875,41.84542465209961,86.88875579833984,121.86000061035156,12.812026023864746,21.42532730102539,75.29524993896484
2019-01-08,229.74599353972656,152.3276486002206,42.19666806290854,86.79691917918146,121.1500015258789,12.89766757473892,21.484486997456585,75.29524993896484,229.7012481689453,152.30856323242188,41.60335159301758,86.6717300415039,121.52999877929688,12.9404878616333,21.492938995361328,75.29524993896484
2019-01-09,230.40792306192012,152.90053792476,42.05902086140152,86.66341276832962,121.44999694824219,13.060386568577043,21.425326947338903,75.30348158575664,230.7747039794922,153.5498046875,42.66657638549805,86.72183990478516,122.30999755859375,13.197413444519043,21.290098190307617,75.29524993896484
2019-01-10,229.2450116148356,152.38499862678634,42.36754390621141,86.85534648754731,121.9800033569336,13.1374651265812,21.349259556578694,75.31998485681484,231.58880615234375,153.98904418945312,43.108001708984375,86.68008422851562,121.58999633789062,13.16315746307373,21.416873931884766,75.30352783203125
2019-01-11,230.5152680383381,153.08196363406662,42.83744347836737,86.91380620626337,121.73999786376953,13.137464346726462,21.40842086147843,75.31996154785156,231.67823791503906,153.42568969726562,43.463985443115234,86.9388427734375,121.80000305175781,13.120335578918457,21.43377685546875,75.31996154785156
2019-01-14,229.78172036067835,152.1272010319672,42.91339386579865,86.97221313142194,122.1500015258789,13.077515990012277,21.416872859475202,75.32818644936884,230.26480102539062,152.06991577148438,42.71878433227539,86.88875579833984,122.08999633789062,13.009001731872559,21.43377685546875,75.31172943115234
2019-01-15,230.64050814572695,152.7668643537107,43.008321789473165,87.03897327956165,122.27999877929688,13.094642816308511,21.476037737713142,75.32820129394531,232.90379333496094,155.03927612304688,42.832698822021484,86.80529022216797,121.87999725341797,13.111771583557129,21.509845733642578,75.32820129394531
2019-01-16,233.3332136885603,155.2970768819006,42.92763313720768,86.70518350471124,122.04000091552734,13.146029686109449,21.51829421520199,75.33641815185547,233.46742248535156,155.01065063476562,42.495697021484375,86.75525665283203,122.2699966430664,13.180286407470703,21.535198211669922,75.33641815185547
2019-01-17,232.59965398203775,154.5141275370947,42.201415961076506,86.7135136250303,122.02999877929688,13.103209005024754,21.535198211669922,75.34463412912108,235.2386474609375,156.23275756835938,43.02256393432617,86.59667205810547,122.11000061035156,13.188850402832031,21.535198211669922,75.35285949707031
2019-01-18,237.0457750313044,157.3307719310709,43.41177452671806,86.47146140086976,121.2300033569336,13.240234980995778,21.543651342010254,75.35285949707031,238.36973571777344,157.77952575683594,44.08578109741211,86.32123565673828,121.0199966430664,13.32587718963623,21.602813720703125,75.35285949707031
2019-01-22,236.9026116326025,156.64335843180731,43.677583971052165,86.5632680726543,121.18000030517578,13.231670379638672,21.661976099395996,75.35289048110685,235.1492156982422,154.61920166015625,42.8089714050293,86.62168884277344,121.44999694824219,13.231670379638672,21.602813720703125,75.36112213134766
2019-01-23,236.17803449701725,155.4116684862577,43.10800148803988,86.47145453934613,120.95999908447266,13.26592801709108,21.594361423354712,75.36935378158847,235.6412811279297,154.81968688964844,42.63809585571289,86.57994842529297,121.27999877929688,13.214543342590332,21.55210304260254,75.36112213134766
2019-01-24,235.46234089582398,155.32570818269798,43.72979415444635,86.84705243918657,121.16000366210938,13.188850400834788,21.577459928716248,75.37756394468174,235.76649475097656,155.82220458984375,45.149009704589844,86.85540008544922,121.08999633789062,13.248800277709961,21.67888069152832,75.38579559326172
2019-01-25,237.60932299896712,157.07299980169913,45.30563791938592,86.70514820097469,122.0199966430664,13.248799752059872,21.59436303887132,75.3775634765625,237.76141357421875,157.68406677246094,45.989139556884766,86.65507507324219,122.86000061035156,13.317313194274902,21.501394271850586,75.3775634765625
2019-01-28,235.62335558879,155.65035447765231,44.21869074540431,86.62166347550507,122.75,13.154592474609059,21.501390996978667,75.39402724184171,235.954345703125,155.7362823486328,45.13002395629883,86.68008422851562,123.29000091552734,13.13746452331543,21.518293380737305,75.38579559326172
2019-01-29,236.09752558671568,155.8222176294789,45.19172713945804,86.74687863123249,123.70999908447266,13.214543592958314,21.51829475143334,75.38579559326172,235.6412811279297,154.2659149169922,44.531959533691406,86.93048858642578,123.9800033569336,13.265928268432617,21.52674674987793,75.38579559326172
2019-01-30,237.15307247227437,156.01319726203363,45.267675142334234,86.83867924310805,123.91000366210938,13.334440971703449,21.52674668723693,75.39402817797796,239.37161254882812,158.19012451171875,45.87997817993164,87.13078308105469,124.69000244140625,13.36013412475586,21.416873931884766,75.40225982666016
2019-01-31,239.3090095010756,159.16393392447338,45.69485187705972,87.33108844922069,125.18000030517578,13.428648096235001,21.39151686891348,75.40225982666016,241.473876953125,160.5579376220703,45.84674072265625,87.53138732910156,124.75,13.291621208190918,21.459131240844727,75.40225982666016
2019-02-01,241.67065780851223,159.76549543367247,45.96540703766232,87.37248995811797,124.88999938964844,13.317313271194516,21.425324860906,75.41793099079668,241.59014892578125,159.88006591796875,46.43056869506836,87.06304168701172,124.5,13.411519050598145,21.459131240844727,75.40968322753906
2019-02-04,241.63493888694768,159.9086996103543,46.40209217273457,86.95431452857983,123.98999786376953,13.300185061649017,21.518293380737305,75.40965995413161,243.2899169921875,161.86602783203125,46.65840530395508,86.87068176269531,123.95999908447266,13.420083999633789,21.518293380737305,75.41790771484375
2019-02-05,243.71928179711728,162.08565708189914,46.6441682019052,86.97940540144985,124.29000091552734,13.343005356054253,21.56055533797202,75.41790771484375,244.30970764160156,163.29824829101562,46.91946792602539,87.02122497558594,124.27999877929688,13.36013412475586,21.57745933532715,75.41790771484375
2019-02-06,244.032462050691,163.336433581131,47.5507540962086,87.21357183715875,124.16000366210938,13.317312108937951,21.59436338536525,75.42618521943385,243.9877166748047,162.81129455566406,48.082366943359375,87.08811950683594,123.44000244140625,13.3772611618042,21.661977767944336,75.43443298339844
2019-02-07,242.37742652272038,161.38863885122132,47.41310786604178,87.33064747615863,123.80000305175781,13.351570445109944,21.67888045078037,75.43443298339844,241.66177368164062,160.6248016357422,47.04762649536133,87.37246704101562,123.73999786376953,13.248800277709961,21.712688446044922,75.43443298339844
2019-02-08,240.4183223771915,159.22129561583432,46.264447816068596,87.50628698744869,124.05000305175781,13.283057038087177,21.712688447025283,75.450927734375,241.95700073242188,160.93992614746094,46.91946792602539,87.48956298828125,124.20999908447266,13.265928268432617,21.7380428314209,75.450927734375
2019-02-11,242.6099969413012,161.52231927400283,47.0523631658328,87.35576629638672,123.19000244140625,13.163158065164318,21.788756785132282,75.4509128630394,242.09112548828125,160.78712463378906,47.12356185913086,87.35576629638672,123.5999984741211,13.188850402832031,21.82256317138672,75.44266510009766
2019-02-12,243.70142775610952,161.96156246488516,47.73587014513877,87.2971757528527,123.95999908447266,13.31731376065161,21.805658583951253,75.45091208821718,245.20431518554688,163.1645965576172,48.172550201416016,87.23863220214844,123.86000061035156,13.265928268432617,21.746496200561523,75.45915985107422
2019-02-13,246.03629437805574,163.89027248269616,48.34342074933559,87.03794897677767,123.83999633789062,13.317312844389429,21.822560487658137,75.45915985107422,246.00050354003906,163.27920532226562,48.28646469116211,87.02122497558594,123.37000274658203,13.343005180358887,21.86482048034668,75.45915985107422
2019-02-14,244.91806536618728,162.69672277432053,48.082364943454685,87.48957384894649,123.83999633789062,13.325876492703014,21.839462280273438,75.47565460205078,245.45481872558594,163.4796600341797,48.42885971069336,87.4310302734375,124.05999755859375,13.3772611618042,21.839462280273438,75.47565460205078
2019-02-15,247.22599775525475,164.72089595792002,48.7753549724821,87.27210764798743,124.58999633789062,13.505725587333872,21.831013261960365,75.48390236551064,248.12953186035156,164.1671142578125,48.67567825317383,87.34738159179688,124.80000305175781,13.62562370300293,21.79720687866211,75.47565460205078
2019-02-19,247.33339021467367,163.66103416098252,48.49531017860939,87.5062607231936,125.9800033569336,13.608495963957989,21.79720682215236,75.49214935302734,248.5589599609375,164.49169921875,48.61872100830078,87.4979019165039,126.69999694824219,13.659880638122559,21.712688446044922,75.49214935302734
2019-02-20,248.52322892328903,164.6063326512354,48.856049145996906,87.49795444501885,127.0,13.63418812610007,21.73804146056379,75.49214935302734,249.0599822998047,164.46311950683594,49.060150146484375,87.4812240600586,126.4800033569336,13.702701568603516,21.729589462280273,75.49214935302734
2019-02-21,248.42482818267058,164.0238547817858,49.00793612625222,87.23030427733859,126.1500015258789,13.745521545410156,21.712689815219125,75.50863686230763,248.17434692382812,163.86154174804688,48.756370544433594,87.22193908691406,125.05000305175781,13.745521545410156,21.746496200561523,75.5003890991211
2019-02-22,248.79152370679947,164.2148650398717,49.17881156662118,87.39759127757424,125.52999877929688,13.822599723330201,21.74649483023742,75.50864371555708,249.7129669189453,165.0741729736328,49.449363708496094,87.4812240600586,125.5,13.779779434204102,21.7380428314209,75.51689147949219
2019-02-25,251.13536329032226,166.33449921523496,50.15660461483168,87.33901640231359,125.77999877929688,13.72839539236643,21.704237816486845,75.51688423775356,250.0529022216797,165.67568969726562,49.900291442871094,87.34738159179688,125.37000274658203,13.574239730834961,21.721141815185547,75.50863647460938
2019-02-26,249.70400535498007,165.27469755744522,49.71517213202277,87.60662841796875,125.33000183105469,13.608496314294866,21.687329942852593,75.51689147949219,249.8739776611328,165.84756469726562,49.57752227783203,87.60662841796875,125.58000183105469,13.634188652038574,21.636619567871094,75.51689147949219
2019-02-27,249.15831243309327,165.08369845515168,49.34969219002102,87.45609448506976,125.16999816894531,13.677009231850889,21.611266311603714,75.52510070800781,249.7666473388672,165.7425079345703,49.069644927978516,87.29718780517578,124.69000244140625,13.702701568603516,21.653526306152344,75.52510070800781
2019-02-28,249.55196439728053,165.22694051742988,48.79909201607154,87.26375823091016,124.70999908447266,13.685571630600053,21.645072939314826,75.53338584146226,249.30148315429688,165.36061096191406,49.04591369628906,87.07140350341797,123.98999786376953,13.66844367980957,21.670427322387695,75.54163360595703
2019-03-01,250.87592925092025,166.5541207455064,49.48734233090103,86.92810840738471,123.4800033569336,13.659880168653029,21.661975384667087,75.54988861083984,250.85804748535156,166.50637817382812,49.49683380126953,86.78565979003906,121.87999725341797,13.514288902282715,21.754945755004883,75.54988861083984
2019-03-04,251.9135967161056,167.60436722649663,49.829086472640356,86.91974269895627,121.55999755859375,13.608496278535068,21.78030014038086,75.54164123535156,249.9455108642578,166.53500366210938,49.52056121826172,87.0538101196289,121.55999755859375,13.557110786437988,21.78030014038086,75.54164123535156
2019-03-05,250.070835547476,166.6591033935547,49.36867673096562,86.95328082867714,121.37999725341797,13.608495750797918,21.81410628721973,75.54988861083984,249.6056365966797,166.6591033935547,49.28798294067383,87.10411071777344,121.72000122070312,13.62562370300293,21.839462280273438,75.54988861083984
2019-03-06,249.72193751100994,166.82139981870796,49.22153213157204,87.13759090612007,121.43000030517578,13.565673651422939,21.831010282588867,75.5581283569336,248.0937957763672,165.71383666992188,48.457340240478516,87.34707641601562,121.61000061035156,13.548544883728027,21.839462280273438,75.5581283569336
2019-03-07,247.64651660427654,165.2937476490403,48.17729518933371,87.51469463053142,121.2699966430664,13.565674391425913,21.93243657927027,75.57466125488281,246.01840209960938,163.68014526367188,47.930477142333984,87.640380859375,121.51000213623047,13.514288902282715,22.033857345581055,75.57466125488281
2019-03-08,244.16661570345593,161.84698563581597,47.194761882897545,87.7241589776128,122.69999694824219,13.394390364591494,21.96623992919922,75.58292388916016,245.5263671875,163.43194580078125,47.91623306274414,87.76605224609375,122.83999633789062,13.505724906921387,21.96623992919922,75.58292388916016
2019-03-11,246.24204997563308,164.10981204922217,48.16780506106113,87.75766844060647,122.5199966430664,13.539981665780655,21.932433246933435,75.58292388916016,249.08680725097656,166.83096313476562,48.93674087524414,87.69901275634766,122.23999786376953,13.522852897644043,21.915529251098633,75.58292388916016
2019-03-12,249.6413993075936,167.27020781357135,49.08862867558724,87.76604192206935,122.54000091552734,13.574238991222554,21.890174031222443,75.5912094116211,250.02606201171875,167.7476043701172,49.17881393432617,87.94200897216797,122.9800033569336,13.608495712280273,21.87327003479004,75.5912094116211
2019-03-13,250.91170489447018,168.6164499943116,49.449361074695645,87.8498614654363,123.55999755859375,13.642751948180935,21.83946496366805,75.59943389892578,251.6810302734375,169.00790405273438,49.3781623840332,87.90852355957031,123.83999633789062,13.694136619567871,21.7718505859375,75.59943389892578
2019-03-14,251.70794996595424,169.1224926441927,49.316463217657116,87.86662986525023,122.33000183105469,13.702702097184924,21.831010282588867,75.59943389892578,251.5200958251953,168.7214813232422,49.102867126464844,87.7828369140625,122.41000366210938,13.634188652038574,21.839462280273438,75.59943389892578
2019-03-15,252.07090555265356,169.38027324696452,49.71516772048292,88.05098949774838,123.05999755859375,13.557110822062759,21.822560430136328,75.60771179199219,252.76275634765625,170.28733825683594,50.41765594482422,88.05936431884766,122.97000122070312,13.634188652038574,21.80565643310547,75.60771179199219
2019-03-18,252.97835455068642,170.2146362582028,50.46037329514564,87.97552741880438,123.30000305175781,13.685572799605325,21.76339614483178,75.6077189576218,253.67919921875,170.69290161132812,50.280006408691406,87.94200897216797,123.04000091552734,13.702701568603516,21.78030014038086,75.61598205566406
2019-03-19,254.73936038466377,171.3911695145269,50.65973543147014,87.79959175454026,123.72000122070312,13.77977974749711,21.74649375660564,75.62424515370633,253.7419891357422,171.26683044433594,50.85908889770508,87.88338470458984,123.37999725341797,13.736959457397461,21.754945755004883,75.61598205566406
2019-03-20,253.52652051874023,171.27639999764403,50.916041327511856,88.00906342740839,123.66000366210938,13.74552270725813,21.763396850750528,75.62424515370633,252.97840881347656,171.9459686279297,50.42240524291992,88.49507141113281,124.18000030517578,13.839729309082031,21.6281681060791,75.61598205566406
2019-03-21,252.16076368445215,171.42939091138032,50.6122633750828,88.5956105163204,124.36000061035156,13.796907637684493,21.712690645514353,75.63250553425303,255.83570861816406,174.63377380371094,52.15963363647461,88.45315551757812,123.68000030517578,13.771214485168457,21.76340103149414,75.64076232910156
2019-03-22,254.47888460808878,173.87814083036588,51.860600302015506,88.89724976236286,123.93000030517578,13.685572409361807,21.80565643310547,75.64076232910156,250.91175842285156,170.79811096191406,50.669219970703125,89.10673522949219,123.97000122070312,13.651315689086914,21.80565643310547,75.64076232910156
2019-03-25,250.57033824697652,170.17634774811617,50.35121050670595,89.10673703515813,124.55999755859375,13.61705935710188,21.771850051097633,75.64902542684692,250.7230987548828,170.47286987304688,50.028446197509766,89.3329849243164,124.91999816894531,13.702701568603516,21.80565643310547,75.64076232910156
2019-03-26,252.4752137289537,171.79292526591516,50.58378037048509,89.14864583395395,124.4800033569336,13.75408602796979,21.831011655762858,75.64901733398438,252.59202575683594,171.26683044433594,50.493595123291016,89.25757598876953,124.30000305175781,13.728394508361816,21.87327003479004,75.64901733398438
2019-03-27,252.58299573112288,171.52509554713254,50.54581886172819,89.50057156643709,124.3499984741211,13.702701177871573,21.881722330852153,75.64902450001212,251.2711639404297,170.16680908203125,49.757896423339844,89.517333984375,123.6500015258789,13.651315689086914,21.89862632751465,75.65728759765625
2019-03-28,251.90013293967937,170.60681993365233,49.83857537332299,89.49222188844327,122.27999877929688,13.505725549107112,21.96624129977863,75.67382049560547,252.2235870361328,170.55899047851562,49.6629524230957,89.5257339477539,121.9000015258789,13.608495712280273,21.974693298339844,75.67382049560547
2019-03-29,253.73311658007276,171.87900603302663,50.25153529950343,89.21569203847416,122.63999938964844,13.69413657755585,21.957787694003,75.67382049560547,253.81398010253906,171.85031127929688,50.46987533569336,89.3832778930664,122.01000213623047,13.617058753967285,22.00004768371582,75.67382049560547
2019-04-01,255.80866998313059,173.6199014125218,51.23406572219788,89.08769866564069,122.4000015258789,13.702701257376567,21.949336766712484,75.67876323275073,256.823974609375,174.12686157226562,51.713462829589844,88.76863098144531,121.52999877929688,13.745521545410156,21.983144760131836,75.68704223632812
2019-04-02,257.01270157304134,174.31814405784098,51.732449516538104,88.85257224947976,121.72000122070312,13.719830376031831,22.01695143927172,75.68705860741892,256.9497985839844,174.78683471679688,51.75618362426758,88.91974639892578,121.9800033569336,13.779779434204102,22.008501052856445,75.67877960205078
2019-04-03,258.16278854117206,175.7720945453073,52.59157453009764,88.64269256591797,121.7300033569336,13.796907424926758,21.957789301217417,75.68704223632812,257.3541259765625,175.79122924804688,52.9618034362793,88.64269256591797,121.80000305175781,13.796907424926758,21.974693298339844,75.68704223632812
2019-04-04,257.67764571070825,175.83903743439978,52.72921435341177,88.68468421321198,121.0999984741211,13.771214836400622,22.01695006754717,75.70361979730451,258.03704833984375,175.72425842285156,53.01875305175781,88.73506164550781,122.11000061035156,13.805472373962402,22.00004768371582,75.71189880371094
2019-04-05,258.7019475798009,176.2312239396123,53.3272799538648,88.66789417999014,121.87999725341797,13.80547206326979,22.008499685257682,75.70361979730451,259.2859802246094,176.63296508789062,53.41746520996094,88.77705383300781,121.9800033569336,13.848292350769043,22.025402069091797,75.71189880371094
2019-04-08,258.86360058977857,176.34595647155447,53.14216632302506,88.76023493808061,122.97000122070312,13.882549460401826,21.957789004062068,75.72017781011736,259.48358154296875,177.08248901367188,53.526634216308594,88.63428497314453,122.51000213623047,13.899678230285645,21.949337005615234,75.71189880371094
2019-04-09,258.52223568757904,176.47995013432913,53.23234875488556,88.852629576933,123.26000213623047,13.882548041104428,21.915530088259743,75.71189769049265,258.1538391113281,176.4608154296875,52.94281005859375,88.79385375976562,123.1500015258789,13.873985290527344,21.957788467407227,75.72017669677734
2019-04-10,258.567206187481,176.6903473554767,52.82889843107524,88.93655660946717,123.22000122070312,13.91680531130054,21.991598908984567,75.72844938803055,259.0344543457031,177.40774536132812,53.37000274658203,89.00373077392578,123.52999877929688,13.99388313293457,21.92398452758789,75.72017669677734
2019-04-11,259.5194802721649,177.7042448380507,53.37474322859053,88.86102190691858,122.54000091552734,13.959627075793122,21.983144223775206,75.73672374080601,258.96240234375,176.98684692382812,53.317787170410156,88.80224609375,121.94999694824219,13.925371170043945,21.991596221923828,75.74500274658203
2019-04-12,260.57077209913416,177.77125567449082,53.84465763581597,88.4915770248705,121.95999908447266,13.968189239501951,21.90707916126291,75.73672374080601,260.71453857421875,177.7521209716797,54.067745208740234,88.39081573486328,121.83000183105469,13.968189239501953,21.940885543823242,75.74500274658203
2019-04-15,260.78653593400213,177.7617033074857,54.053500447531654,88.40760816072353,121.19999694824219,13.942498207092285,21.915530085552813,75.74499269121269,260.5439453125,177.7808380126953,53.678524017333984,88.50836944580078,121.5999984741211,13.942498207092285,21.93243408203125,75.75326538085938
2019-04-16,261.4243769759953,178.431214397285,54.05824760187182,88.32362918601333,120.37999725341797,13.856857376362838,21.96624076342216,75.75326538085938,260.71453857421875,178.39295959472656,54.98856735229492,88.2060775756836,120.51000213623047,13.89111328125,21.983144760131836,75.75326538085938
2019-04-17,261.8288193872547,179.5886337142038,56.07552783950168,88.16412456382584,120.45999908447266,13.899678370791996,21.96623992919922,75.76985931396484,260.07672119140625,179.01470947265625,55.800228118896484,88.222900390625,120.27999877929688,13.839729309082031,21.96623992919922,75.76985931396484
2019-04-18,260.6606420685019,179.31124210545414,55.92838118590066,88.4412062986892,120.23999786376953,13.848292428719981,22.05075973404897,75.77808380126953,260.5887451171875,179.24427795410156,55.880916595458984,88.43280792236328,120.37000274658203,13.882548332214355,22.084566116333008,75.77808380126953
2019-04-22,259.8250045652705,178.45989805798604,55.567643652437894,88.38239627599,120.45999908447266,13.959626860990747,22.050761343984192,75.77808380126953,260.8133544921875,179.75120544433594,55.83819580078125,88.30682373046875,120.37000274658203,13.951064109802246,22.033857345581055,75.77808380126953
2019-04-23,261.1818141622424,180.21037639242633,56.0660357644258,88.43278253932732,119.66999816894531,13.951062106095462,22.12682640645363,75.77808380126953,263.1585693359375,182.037353515625,56.289119720458984,88.46636962890625,120.12000274658203,13.968189239501953,22.109922409057617,75.77808380126953
2019-04-24,263.0776318077103,182.19041331659886,56.23690732525527,88.71828156152105,120.05999755859375,13.968190894293478,22.16908323840719,75.7946548461914,262.574462890625,181.4634552001953,56.768516540527344,88.80224609375,120.47000122070312,13.9168062210083,22.21979522705078,75.7946548461914
2019-04-25,262.47562269905654,182.8216895307369,56.44100414984659,88.77707856333416,120.72000122070312,13.933935204220626,22.25360435155851,75.81121063232422,262.4127197265625,182.19993591308594,55.64833068847656,88.69310760498047,120.56999969482422,13.89111328125,22.262056350708008,75.81121063232422
2019-04-26,262.45767619654384,181.91303917358647,54.442716303792295,88.97859247570094,121.26000213623047,13.82259946940654,22.22824615232247,75.81119016841147,263.6347351074219,182.36260986328125,54.969581604003906,88.92821502685547,121.37000274658203,13.728394508361816,22.236698150634766,75.80291748046875
2019-04-29,263.7245806707295,182.36256542825964,54.84617376893669,88.76868085172589,120.87999725341797,13.754086593343704,22.23669976137601,75.81121063232422,264.04803466796875,182.71649169921875,54.6800422668457,88.74349212646484,120.83000183105469,13.736959457397461,22.185989379882812,75.81121063232422
2019-04-30,263.706646787458,181.2434375182005,54.75598763639548,88.69303524606535,120.88999938964844,13.796908203250272,22.109921872356768,75.81946563720703,264.182861328125,181.3008270263672,55.178428649902344,88.91974639892578,121.19999694824219,13.779779434204102,22.11837387084961,75.81946563720703
2019-05-01,264.8119019337827,182.4869339033953,55.62934527927948,88.9298730120525,121.02999877929688,13.762650978061506,22.093018171936432,75.82280731201172,262.19720458984375,180.71734619140625,54.755985260009766,88.87939453125,120.4000015258789,13.736959457397461,22.14373016357422,75.82280731201172
2019-05-02,262.08036361263817,180.65992612668325,54.7607309666687,88.78682542719868,119.69000244140625,13.642752647874204,22.152180848074916,75.83939652838835,261.631103515625,179.93296813964844,55.273353576660156,88.62696838378906,119.94000244140625,13.582802772521973,22.194440841674805,75.83110809326172
2019-05-03,263.10463197802125,181.4251601065977,55.61510942593045,88.72797393873437,120.55999755859375,13.61705910415868,22.202892782681783,75.83939361572266,264.19183349609375,182.8025665283203,55.766998291015625,88.74480438232422,120.6500015258789,13.5913667678833,22.109922409057617,75.83939361572266
2019-05-06,259.8968915051246,178.91909811164209,53.93958929493384,89.08133418018485,120.61000061035156,13.531418484319051,22.16063362400186,75.84765625,263.1046142578125,181.6834716796875,54.874656677246094,88.97196197509766,120.80999755859375,13.634188652038574,22.126827239990234,75.84765625
2019-05-07,260.70562286447625,179.70342226295506,54.22437467775559,89.19070073137165,121.0199966430664,13.497160696309454,22.152180550126616,75.85599517822266,258.7109069824219,178.144287109375,53.62156677246094,89.27483367919922,121.20999908447266,13.46290397644043,22.14373016357422,75.85599517822266
2019-05-08,258.3514709472656,177.56075794727235,53.27032426927758,89.35897387616531,121.54000091552734,13.454339631372838,22.135277333493793,75.85599517822266,258.3514709472656,177.69467163085938,53.237098693847656,89.10657501220703,120.91000366210938,13.480031967163086,22.152179718017578,75.85599517822266
2019-05-09,256.2849771773048,175.71467962467898,52.33051187006268,89.43471127544342,120.95999908447266,13.437211387391013,22.152180790493738,75.87256913579775,257.5698547363281,176.73817443847656,52.48714828491211,89.3421630859375,121.19999694824219,13.411519050598145,22.109922409057617,75.8642807006836
2019-05-10,256.6352472217009,176.10681838233123,52.116918025178585,89.38421350921068,121.41000366210938,13.411518700559824,22.07611656260959,75.88087463378906,258.86358642578125,176.9581298828125,52.4301872253418,89.28325653076172,121.43000030517578,13.437211036682129,22.101470947265625,75.88087463378906
2019-05-13,253.7599925849476,172.45290472385992,50.66922454306922,89.66187806509633,122.62999725341797,13.53998254563522,22.03385656809294,75.88080757338966,252.3582763671875,170.81724548339844,49.999961853027344,89.72918701171875,122.66999816894531,13.368698120117188,22.101470947265625,75.87251281738281
2019-05-14,253.37366265002794,171.7163811358771,50.730929062283565,89.66182829030964,122.5999984741211,13.497160214132487,22.135277333493793,75.88916939712648,254.6405792236328,172.69203186035156,51.28152847290039,89.64500427246094,122.45999908447266,13.548544883728027,22.152179718017578,75.88087463378906
2019-05-15,253.01433551780383,171.55374984623415,50.6787188685182,89.97315336446,122.70999908447266,13.58280147562339,22.177537084781505,75.88916015625,256.1322021484375,175.13116455078125,51.75618362426758,89.93108367919922,122.38999938964844,13.66844367980957,22.160633087158203,75.88916015625
2019-05-16,256.83291966966533,175.20773126997005,51.010976133411106,89.72917054442122,122.02999877929688,13.75408592971473,22.194439232728985,75.89744567871094,258.5041809082031,176.89122009277344,51.02521514892578,89.75440979003906,121.51000213623047,13.745521545410156,22.21979522705078,75.89744567871094
2019-05-17,256.2040296890674,175.14079338981594,50.251538857510546,89.94794308887322,121.02999877929688,13.711265345795363,22.228247817772193,75.91401070171474,256.8329772949219,175.08338928222656,50.04269027709961,89.79650115966797,120.6500015258789,13.617058753967285,22.2705078125,75.90571594238281
2019-05-20,255.23363545743854,172.64422026534834,48.462088433699186,89.81327012667157,120.51000213623047,13.694136580343592,22.2620530721235,75.92232674407906,255.1348114013672,172.127685546875,48.05388641357422,89.64500427246094,120.63999938964844,13.677008628845215,22.25360107421875,75.91403198242188
2019-05-21,256.82398306292055,173.61027703727237,49.09337753514446,89.58613706826876,120.08000183105469,13.694137008595876,22.28740882873535,75.92232674407906,257.43499755859375,173.92593383789062,49.15033721923828,89.5440673828125,120.36000061035156,13.685572624206543,22.28740882873535,75.91403198242188
2019-05-22,256.48259057914987,172.95989611114788,48.381393868995254,89.68706034942895,120.3499984741211,13.608494887330467,22.28741127423742,75.93061065673828,256.6443176269531,173.1511993408203,48.28646469116211,89.81326293945312,120.23999786376953,13.488595962524414,22.30431365966797,75.93061065673828
2019-05-23,254.42496455238847,171.16162602794665,47.41785517747237,90.03209106860466,120.81999969482422,13.334440891061258,22.363477116393955,75.93889457107628,253.50848388671875,170.50161743164062,47.48430633544922,90.36021423339844,121.16999816894531,13.205978393554688,22.262056350708008,75.94718933105469
2019-05-24,254.94603703413463,171.41988758229837,47.87351733775345,90.30129120875819,121.12999725341797,13.265927183299542,22.22824776245148,75.94718933105469,254.08346557617188,170.41552734375,47.19476318359375,90.33494567871094,121.30000305175781,13.385826110839844,22.185989379882812,75.94718933105469
2019-05-28,254.362126304382,170.8937821365755,47.465322448163086,90.54524154582684,120.80000305175781,13.531417631975403,22.228245378834238,75.95547485351562,251.72047424316406,169.77464294433594,46.777076721191406,90.73033142089844,120.83000183105469,13.497160911560059,22.27895736694336,75.95547485351562
2019-05-29,250.60619383962467,168.72247974913233,46.387856125095375,90.94066171446747,121.11000061035156,13.488597092216603,22.312765954683652,75.9637696131762,250.0311279296875,168.3781280517578,46.9337043762207,90.6966781616211,120.87000274658203,13.445775985717773,22.329669952392578,75.95547485351562
2019-05-30,250.78591983240716,168.8276396508908,47.085592671051,90.74719676080325,120.95999908447266,13.462904856776698,22.346571504765517,75.9720976927562,250.71405029296875,169.08590698242188,47.29444122314453,91.02484130859375,121.69000244140625,13.308749198913574,22.338119506835938,75.98039245605469
2019-05-31,248.17123097409964,167.09634196531633,46.79605108866353,91.33612501293922,122.55000305175781,13.146029174557805,22.304313899553417,75.98039245605469,247.33558654785156,166.3885040283203,46.625179290771484,91.63059997558594,123.33000183105469,12.957616806030273,22.24515151977539,75.98039245605469
2019-06-03,247.37159172372733,165.938934438959,47.13780230496431,91.78485190189096,124.08999633789062,13.068951526122456,22.228248004079095,75.9770736694336,246.70669555664062,162.72499084472656,46.572967529296875,92.07147216796875,125.11000061035156,12.914795875549316,22.126827239990234,75.9770736694336
2019-06-04,248.99787195128627,164.55198004444745,47.313421458485884,91.68370604364847,124.87999725341797,12.931924684294165,22.143730941782277,75.98534924772017,252.06182861328125,167.30679321289062,48.4810676574707,91.73428344726562,125.1500015258789,12.991873741149902,22.101470947265625,75.99365997314453
2019-06-05,253.6792433328334,168.90420468217627,48.90351355122759,91.85230167671305,126.18000030517578,12.923360928464314,22.08456564037044,75.99365997314453,254.2453155517578,168.55029296875,48.110843658447266,91.73428344726562,125.47000122070312,12.726384162902832,22.177536010742188,75.99365997314453
2019-06-06,254.54178226538465,168.83722993913486,48.19153512279178,91.81012909765106,125.93000030517578,12.752076868778072,22.101470947265625,76.00195483813376,255.89852905273438,169.88941955566406,48.775360107421875,91.71739959716797,125.87999725341797,12.949052810668945,22.101470947265625,76.01856994628906
2019-06-07,256.91383395209493,170.7980963574995,49.04591292665279,92.22322484683298,126.79000091552734,12.889103579363791,22.02540343774087,76.018573549898,258.45928955078125,173.1702880859375,49.406646728515625,92.07991790771484,126.58999633789062,12.991873741149902,22.008501052856445,76.01026916503906
2019-06-10,260.0047272218072,174.32769644014897,50.0236965104828,91.76800175218287,125.45999908447266,12.966181190223486,22.042309344782623,76.02690124511719,259.64532470703125,175.18856811523438,50.6407470703125,91.62469482421875,125.33000183105469,12.957616806030273,22.033857345581055,76.02690124511719
2019-06-11,261.4602393124991,177.01557892892305,51.43341450924916,91.56568571085053,124.94000244140625,13.000438377974817,22.042308807373047,76.01856994628906,259.58233642578125,175.427734375,50.82585906982422,91.62469482421875,125.18000030517578,13.043258666992188,22.042308807373047,76.01856994628906
2019-06-12,259.3489587282743,174.9494273422117,50.341709675334016,91.6921309683035,125.5999984741211,12.95761768566803,22.067664563706263,76.02690124511719,259.12432861328125,174.4137725830078,49.72466278076172,91.86073303222656,125.83000183105469,12.863411903381348,22.101470947265625,76.02690124511719
2019-06-13,260.0318153787915,175.14077141313354,50.056922853357484,91.94499573632967,126.02999877929688,13.103208503064652,22.11837387084961,76.0435081226171,260.19354248046875,175.4468536376953,49.97148513793945,92.08830261230469,126.5999984741211,13.026130676269531,22.11837387084961,76.05181884765625
2019-06-14,259.90594482421875,174.5477267239581,48.694660820482625,92.0208941420647,127.20999908447266,13.086079169473706,22.194439771127133,76.06013488769531,259.90594482421875,174.70077514648438,48.72789001464844,92.15576934814453,126.55999755859375,13.077515602111816,22.236698150634766,76.06013488769531
2019-06-17,260.13950274162505,175.08336182227706,48.704159403373474,92.138916015625,126.69999694824219,13.068951215116979,22.20289313766364,76.06013488769531,260.0047302246094,175.75294494628906,48.42885971069336,92.138916015625,126.4800033569336,13.017565727233887,22.24515151977539,76.06013488769531
2019-06-18,261.8197473625696,177.82860421526382,48.85604750235387,92.51825688437717,127.58000183105469,13.051822530436928,22.21979499286984,76.06013488769531,262.72723388671875,178.30686950683594,50.3986701965332,92.3159408569336,127.12000274658203,13.171721458435059,22.27895736694336,76.06013488769531
2019-06-19,262.8620279852303,178.54600458051914,50.669226670938116,92.12207100922997,126.7699966430664,13.094643982772407,22.23669838750462,76.06844732240414,263.3202819824219,178.9764404296875,50.517337799072266,92.56885528564453,127.88999938964844,13.146029472351074,22.177536010742188,76.07675170898438
2019-06-20,265.9978445130148,181.4729850498021,51.62801978919248,92.76273317854911,130.41000366210938,13.334441223474876,22.050760806368547,76.0850601196289,265.8360900878906,180.64080810546875,51.101158142089844,92.7205810546875,131.11000061035156,13.411519050598145,22.042308807373047,76.0850601196289
2019-06-21,265.5670871606895,180.4303448144189,50.849593806179776,92.5014026433576,131.77000427246094,13.437211601069073,22.025402838554996,76.0850601196289,265.44970703125,180.37295532226562,50.85908889770508,92.34123229980469,131.97999572753906,13.445775985717773,21.93243408203125,76.0850601196289
2019-06-24,265.6574273212025,180.73343255273963,50.98249547534089,92.50984428696718,132.77000427246094,13.46290380344918,21.92398232250839,76.09337615966797,265.1247253417969,180.3787384033203,50.95401382446289,92.66158294677734,133.94000244140625,13.505724906921387,21.89862632751465,76.09337615966797
2019-06-25,265.1788831412484,180.25412523127173,50.93977548917942,92.7543084570215,134.89999389648438,13.565673651422939,21.898626626988115,76.10168054657551,262.5243835449219,177.28231811523438,50.07115936279297,92.80488586425781,134.1999969482422,13.548544883728027,21.949337005615234,76.09337615966797
2019-06-26,263.41817988550474,178.46141342151023,51.1676103593445,92.68683932078865,132.99000549316406,13.617058753967285,21.957787931165367,76.10168225463633,262.2624816894531,178.10670471191406,51.55207824707031,92.4255142211914,132.97000122070312,13.617058753967285,21.96623992919922,76.10999298095703
2019-06-27,263.020892537568,178.7490599053068,51.89383667667115,92.53514088261716,132.3800048828125,13.6341875222068,21.957787931165367,76.10999298095703,263.19244384765625,178.7873992919922,52.245079040527344,92.70374298095703,132.83999633789062,13.617058753967285,21.96623992919922,76.10999298095703
2019-06-28,264.167557504222,179.21874813107718,52.92382903370305,92.61941374727263,133.0500030517578,13.668444729864541,21.949337005615234,76.12661211766944,264.5467834472656,179.01744079589844,52.29728698730469,92.74585723876953,133.1999969482422,13.471467971801758,21.949337005615234,76.11830139160156
2019-07-01,267.86945491993043,182.44940397503714,54.63257375291048,92.73913450122345,131.55999755859375,13.608495240069939,22.01695203543345,76.12246274281922,266.9485168457031,181.4332275390625,53.77345275878906,92.62935638427734,130.6199951171875,13.46290397644043,22.109922409057617,76.11414337158203
2019-07-02,266.9033612093092,181.37576676557964,53.62631822715621,92.73063967102343,131.27000427246094,13.4286477025841,22.07611709931001,76.12250518798828,267.64373779296875,182.1522674560547,53.14216995239258,92.95864868164062,133.41000366210938,13.240235328674316,22.093019485473633,76.12250518798828
2019-07-03,268.3209220345233,182.61240666571888,53.07571793538245,93.06848099189705,133.61000061035156,13.32587783048235,22.07611709931001,76.14744567871094,269.7835998535156,183.5231170654297,52.94756317138672,93.13603973388672,133.6300048828125,13.368698120117188,22.093019485473633,76.14744567871094
2019-07-05,268.5556549615941,182.2672940123617,52.33051068538942,92.59557889200646,131.4600067138672,13.368697906411699,22.20289176694744,76.13912200927734,269.4765930175781,183.1492462158203,52.558345794677734,92.54490661621094,132.13999938964844,13.394391059875488,22.21134376525879,76.13912200927734
2019-07-08,268.16743147205943,181.96051031978268,52.05996208873164,92.67996788518388,132.17999267578125,13.428646647649977,22.236697078409247,76.14744773203499,267.9958801269531,181.86465454101562,52.21659851074219,92.45196533203125,131.2899932861328,13.3772611618042,22.25360107421875,76.13912200927734
2019-07-09,266.84019265047795,181.0018600272989,51.86534973342477,92.46041267345517,131.42999267578125,13.36013493901375,22.27895981144556,76.14744567871094,268.3299560546875,182.77536010742188,52.58207702636719,92.39286041259766,131.75,13.420083999633789,22.2705078125,76.14744567871094
2019-07-10,269.39525371892086,183.88741334729346,53.14691530892271,92.47732183821586,132.94000244140625,13.599931964800898,22.219796002753828,76.14739657587987,269.6119384765625,184.5968017578125,53.10419464111328,92.44354248046875,133.8300018310547,13.71126651763916,22.177536010742188,76.15571594238281
2019-07-11,270.25314782826575,184.87479537267646,53.4032278244587,92.32532837157777,133.5800018310547,13.711266128391902,22.16908401233986,76.16409096445766,270.2441101074219,184.4625701904297,53.251338958740234,91.98754119873047,132.6999969482422,13.719830513000488,22.177536010742188,76.17241668701172
2019-07-12,270.73161735765416,184.66391240609337,53.45544259453139,91.97909790675922,132.88999938964844,13.719830589310268,22.177537083784642,76.18071746826172,271.45391845703125,185.5266876220703,54.2291259765625,92.08888244628906,133.52999877929688,13.7540864944458,22.135278701782227,76.18071746826172
2019-07-15,271.8872920895059,185.958034231412,54.54239479123632,92.1648870166352,133.17999267578125,13.762650548667692,22.135278166576448,76.18071746826172,271.544189453125,186.12100219726562,54.665802001953125,92.28311157226562,133.52999877929688,13.608495712280273,22.169084548950195,76.18071746826172
2019-07-16,271.45399780135625,185.89094870162975,54.37152339053205,91.98756031242861,133.17999267578125,13.5828020876097,22.228247817772193,76.18073067451877,270.6684875488281,185.16236877441406,54.10097122192383,92.08045196533203,132.39999389648438,13.46290397644043,22.2705078125,76.18905639648438
2019-07-17,270.641387055438,185.1623581783531,54.480688629241314,92.24087995817573,133.0,13.505725213902936,22.262054682907976,76.18905639648438,268.8265686035156,184.25164794921875,54.29557418823242,92.5111083984375,134.5800018310547,13.343005180358887,22.228246688842773,76.18905639648438
2019-07-18,268.3299433311183,183.37929606614497,54.41898014579716,92.40977973958525,133.8300018310547,13.32587810744612,22.228247166721886,76.19737468374862,269.8106689453125,184.4625701904297,55.273353576660156,92.73912048339844,136.47999572753906,13.248800277709961,22.109922409057617,76.21401977539062
2019-07-19,270.903180082799,185.7280295199724,55.47746014793542,92.54490447675926,135.4499969482422,13.257362932677088,22.211343228943516,76.20570040490186,268.3118896484375,183.1109161376953,55.278106689453125,92.57024383544922,134.47000122070312,13.32587718963623,22.21979522705078,76.21401977539062
2019-07-22,268.7091319171699,183.52310355916498,55.65308593720646,92.71377246215614,134.55999755859375,13.274492827889642,22.245152352409015,76.20570040490186,268.9709777832031,184.56802368164062,56.38405227661133,92.61243438720703,134.4499969482422,13.28305721282959,22.262056350708008,76.21401977539062
2019-07-23,270.0905461773964,185.57461729784944,56.768519279918884,92.511129121438,134.42999267578125,13.257363570228334,22.33812141565901,76.20570373535156,270.89410400390625,185.7759246826172,57.01059341430664,92.46045684814453,133.69000244140625,13.368698120117188,22.363475799560547,76.20570373535156
2019-07-24,270.1356727072155,185.06651933569205,57.39031529391702,92.58709645790537,134.58999633789062,13.394391412558573,22.355025412962643,76.21402535245625,272.16717529296875,187.0796661376953,58.52947998046875,92.59554290771484,134.3699951171875,13.308749198913574,22.363475799560547,76.22235107421875
2019-07-25,271.71581505222247,186.4470040816855,58.178236668260844,92.48577782350858,134.24000549316406,13.343005530535626,22.34657263941188,76.22233806427789,270.8670959472656,185.30621337890625,57.471004486083984,92.43511199951172,133.4199981689453,13.257363319396973,22.40573501586914,76.23898315429688
2019-07-26,271.5532415968484,186.48534749534707,57.90768401186303,92.4688634405334,134.24000549316406,13.265928832276968,22.414188385811904,76.23900174475305,272.6818542480469,187.2139129638672,57.35234069824219,92.41819763183594,133.63999938964844,13.274493217468262,22.439542770385742,76.23068237304688
2019-07-29,272.5644676648038,187.0413358287591,57.25741256059246,92.5702213799647,134.05999755859375,13.32587718963623,22.47334969091301,76.24730682373047,272.18524169921875,186.57159423828125,57.54695129394531,92.5026626586914,134.52999877929688,13.32587718963623,22.456445693969727,76.24730682373047
2019-07-30,270.7858119974368,185.143228377665,56.9299041567878,92.57868598582263,134.75999450683594,13.343004096580566,22.47334969091301,76.23898110361299,271.51715087890625,185.76634216308594,57.2906379699707,92.54490661621094,134.97999572753906,13.402953147888184,22.456445693969727,76.24730682373047
2019-07-31,271.7609178303265,186.26479042436566,57.03432567702983,92.51952267572939,135.02999877929688,13.428647742060491,22.46489804970445,76.25566101074219,268.546630859375,183.19712829589844,55.5771369934082,92.78131103515625,133.2100067138672,13.317313194274902,22.5916748046875,76.25566101074219
2019-08-01,268.70014633011544,183.51348771011567,55.42524415018967,92.92009570720735,132.4199981689453,13.231670963574336,22.65083796234869,76.26814942605974,266.2081604003906,182.2864227294922,54.45695495605469,93.83373260498047,136.41000366210938,12.949052810668945,22.52406120300293,76.2764892578125
2019-08-02,265.31430025667504,180.91557349411016,54.01552931270448,93.85067735699826,135.38999938964844,13.060386574457995,22.532512904345495,76.2764892578125,264.2037353515625,179.60223388671875,53.716495513916016,94.02832794189453,135.88999938964844,12.966180801391602,22.473350524902344,76.2764892578125
2019-08-05,260.11357002634685,175.84433662234596,52.25931334040461,94.5951024137076,137.92999267578125,12.82915380114966,22.38037979686418,76.2764977916702,256.25823974609375,173.25599670410156,51.40019226074219,94.8404312133789,137.7899932861328,12.854846954345703,22.363475799560547,76.26815795898438
2019-08-06,258.1453280546701,174.85696064058618,52.368487386878236,94.64581451328671,138.3300018310547,12.889104204551753,22.388830184936523,76.2764892578125,259.8517761230469,175.681396484375,52.21659851074219,94.99266052246094,138.91000366210938,12.786334037780762,22.388830184936523,76.2764892578125
2019-08-07,256.7819852077057,173.7736726548356,51.57106875120295,95.65250697936338,141.27999877929688,12.65787007807243,22.346572878059433,76.27646330027598,260.00531005859375,176.63043212890625,52.50138854980469,94.99266052246094,141.02000427246094,12.623613357543945,22.37192726135254,76.29313659667969
2019-08-08,261.495037348534,177.42610848888714,52.94755617517289,94.73891570407034,140.89999389648438,12.623613784409462,22.405734181024137,76.3014907836914,265.1065979003906,180.47459411621094,53.84465026855469,95.00116729736328,141.72999572753906,12.692127227783203,22.388830184936523,76.3014907836914
2019-08-09,264.1676091836573,179.61184906351534,53.35101720691676,95.06881996073383,141.27999877929688,12.803462028503418,22.363475799560547,76.29313659667969,263.30084228515625,178.77783203125,52.914337158203125,94.85733032226562,141.25999450683594,12.803462028503418,22.363475799560547,76.29313659667969
2019-08-12,261.80202916869314,177.67535278018582,52.420698331429776,95.20418594648149,141.6699981689453,12.80346195393141,22.338120877528358,76.30150387082202,260.0955810546875,176.72630310058594,52.28779602050781,95.45796966552734,142.6300048828125,12.709256172180176,22.346572875976562,76.3098373413086
2019-08-13,259.79763351897674,176.57291966962129,52.14539731210046,95.474884178246,143.1699981689453,12.734947966292276,22.346573472201033,76.30150296732766,264.1405334472656,180.59922790527344,53.787696838378906,95.11958312988281,141.77999877929688,13.009001731872559,22.447994232177734,76.31817626953125
2019-08-14,260.0955384148288,177.69454118625669,52.4491769408764,95.6694425667536,142.89999389648438,12.846282745182112,22.439542825350514,76.31817717322303,256.3304748535156,175.20205688476562,52.055213928222656,95.75404357910156,142.75,12.812026023864746,22.498706817626953,76.3098373413086
2019-08-15,257.2153040110724,175.43215054803335,52.377973207374346,95.88096411309212,142.9600067138672,12.734948509613298,22.481801452385987,76.33485195485109,257.00762939453125,175.00076293945312,51.998252868652344,96.36316680908203,143.6999969482422,12.709256172180176,22.515607833862305,76.34318542480469
2019-08-16,258.6599898772652,176.59207070247422,52.56784021486843,96.02474230164577,142.75,12.709255607489938,22.574772957143967,76.34319522639461,260.7998352050781,177.80953979492188,53.270328521728516,96.10933685302734,142.77999877929688,12.700691223144531,22.532514572143555,76.3348617553711
2019-08-19,263.81556523033254,180.37876471364373,54.42372955477096,95.62714913326064,141.3300018310547,12.760641098022461,22.54941886421498,76.35153505884638,263.94195556640625,180.63758850097656,54.14842987060547,95.65252685546875,141.11000061035156,12.760641098022461,22.58322525024414,76.3348617553711
2019-08-20,263.43619054261586,180.1870405216625,54.0629999971066,96.03319998430588,141.77000427246094,12.76920474301805,22.591676955965752,76.34318542480469,261.9193420410156,179.23797607421875,53.83991241455078,96.07550048828125,142.2100067138672,12.794897079467773,22.532514572143555,76.34318542480469
2019-08-21,264.07731753557846,180.8101076643862,54.38575900551686,95.82169342041016,141.6199951171875,12.914796794393443,22.540964959906358,76.34319522639461,264.05023193359375,180.82928466796875,54.3905029296875,95.82169342041016,141.75999450683594,12.837718963623047,22.55786895751953,76.3348617553711
2019-08-22,264.75444001961625,181.16484421107228,54.46645438163505,95.6355907751209,141.38999938964844,12.837719104009892,22.540964126586914,76.35150056438245,263.9689025878906,180.2445526123047,54.319313049316406,95.6102066040039,141.39999389648438,12.777770042419434,22.540964126586914,76.3598403930664
2019-08-23,262.6689373961537,179.01744533458427,53.588338742337,95.70330700252462,141.83999633789062,12.657870079464205,22.56631922036871,76.35987181453761,257.1883850097656,174.5405731201172,52.0694465637207,96.25318145751953,144.1699981689453,12.683563232421875,22.414186477661133,76.35153198242188
2019-08-26,259.37325938101276,176.52499329387103,52.86212138764324,96.21084184369153,144.35000610351562,12.803460775472551,22.498708186554037,76.36817386032499,260.0323791503906,177.1768798828125,52.60580825805664,96.16007995605469,144.19000244140625,12.67499828338623,22.532514572143555,76.3598403930664
2019-08-27,261.42287531434596,178.41351052537289,53.01875574607815,96.27856290080791,144.3000030517578,12.700692037251207,22.498705449151075,76.36820983886719,259.01214599609375,176.802978515625,52.482398986816406,96.57465362548828,145.57000732421875,12.760641098022461,22.515607833862305,76.36820983886719
2019-08-28,258.35305014787957,176.22782650357368,52.245074696299895,96.73533162201818,145.38999938964844,12.863411377388601,22.549418328020494,76.36817386032499,260.83599853515625,177.4357147216797,52.81940460205078,96.60843658447266,145.16000366210938,12.87197494506836,22.566322326660156,76.3598403930664
2019-08-29,263.3911301931494,179.6405549892558,53.721239952642094,96.52385126948502,145.39999389648438,12.871974207523545,22.591674565138355,76.37654113769531,264.1676025390625,180.1486358642578,53.963314056396484,96.4223403930664,144.1199951171875,12.906230926513672,22.6254825592041,76.37654113769531
2019-08-30,265.6483375587326,181.1168994889403,54.50917174268037,96.25315010797418,143.83999633789062,12.863411258728679,22.64238661556651,76.38487243652344,264.05023193359375,179.71728515625,54.309818267822266,96.44772338867188,143.75,12.700691223144531,22.71000099182129,76.38487243652344
2019-09-03,262.3528412178477,178.51896914509211,53.78294313941758,96.49857391269774,144.9600067138672,12.56366486245975,22.811420138167314,76.39990234375,262.5063171386719,177.9725341796875,53.450687408447266,96.65957641601562,145.75,12.63217830657959,22.760709762573242,76.39990234375
2019-09-04,264.6732746057014,179.68852357801504,54.3335419300641,96.55790469214459,145.5399932861328,12.80346055960693,22.66774147766025,76.39989567901907,265.4858703613281,180.54171752929688,55.02653503417969,96.81211853027344,146.66000366210938,12.931923866271973,22.61703109741211,76.39154052734375
2019-09-05,267.9688277765969,182.53572020989742,56.222665866431136,96.25284348562175,144.97999572753906,12.983309316527459,22.549416184610056,76.40825749615418,268.8988037109375,183.84906005859375,56.69731903076172,96.03253173828125,143.13999938964844,12.914795875549316,22.6254825592041,76.39990234375
2019-09-06,269.21478476498777,184.1557580379817,56.78750617150782,96.04096550968292,143.63999938964844,12.829153878597552,22.591674029416033,76.40826416015625,269.1064147949219,183.66683959960938,56.744789123535156,96.09181213378906,141.9199981689453,12.949052810668945,22.633934020996094,76.40826416015625
2019-09-09,270.09057074583126,184.2420621500428,56.977366151717526,95.63424725628776,142.3699951171875,13.017566117327542,22.600126803293556,76.40826416015625,269.2418518066406,183.28341674804688,56.96312713623047,95.49866485595703,141.38999938964844,13.068951606750488,22.5916748046875,76.40826416015625
2019-09-10,268.4834677166774,182.29604927998884,56.654600609676706,95.3546406114825,141.22999572753906,13.094643027561304,22.6085790986951,76.42496490478516,269.1787109375,182.75619506835938,57.07704162597656,94.80384826660156,140.17999267578125,13.086078643798828,22.61703109741211,76.42496490478516
2019-09-11,269.4855997010253,183.10131176586452,57.304880943631474,94.71909258231983,140.33999633789062,13.111772671606019,22.68464469909668,76.41666412353516,271.0927429199219,184.47216796875,57.80326461791992,94.71061706542969,141.02999877929688,12.991873741149902,22.68464469909668,76.41666412353516
2019-09-12,271.9956454793237,185.60337998409477,58.22569981073031,94.99021751781088,142.67999267578125,12.812025367460917,22.718451857908395,76.4333267211914,272.0317687988281,185.2390899658203,57.8934440612793,94.49874114990234,141.32000732421875,12.9404878616333,22.61703109741211,76.4333267211914
2019-09-13,272.4741315317824,184.97059321888827,57.81275902115881,94.1428662242707,141.72999572753906,12.966181013863473,22.574773250723332,76.44168187470412,271.85113525390625,184.57754516601562,57.86497116088867,93.63444519042969,140.14999389648438,12.9404878616333,22.58322525024414,76.4333267211914
2019-09-16,270.7226346420475,183.38891369092974,57.38081697668176,93.97336940658478,141.60000610351562,13.42864750937024,22.650836705385142,76.44168187470412,271.0115661621094,183.75318908691406,57.475746154785156,94.0411605834961,141.32000732421875,13.514288902282715,22.68464469909668,76.4333267211914
2019-09-17,270.8128506801717,183.77234209672974,57.243166587640985,94.09203464682054,141.82000732421875,13.514289136068276,22.66774363339816,76.44166564941406,271.69769287109375,184.6351318359375,57.70832824707031,94.28692626953125,141.60000610351562,13.257363319396973,22.58322525024414,76.44166564941406
2019-09-18,271.3095130844703,184.25169803864532,57.694095978361595,94.54114184554496,141.92999267578125,13.214542562487578,22.61703139459822,76.45004938545588,271.86029052734375,184.5584716796875,57.77003860473633,94.3208236694336,140.7100067138672,13.171721458435059,22.667741775512695,76.45840454101562
2019-09-19,272.24853581465317,184.88436560377437,57.931423344347394,94.54964283987033,141.57000732421875,13.283056434118992,22.61703109741211,76.47511485213509,271.84222412109375,184.8651885986328,57.53746032714844,94.36322021484375,141.27999877929688,13.240235328674316,22.61703109741211,76.45840454101562
2019-09-20,272.44450325727587,185.12399899637325,57.6703623478242,94.5157658255895,141.61000061035156,13.257363319396973,22.676193237304688,76.46673583984375,270.5578308105469,182.90953063964844,56.45999526977539,94.90555572509766,142.9499969482422,13.257363319396973,22.676193237304688,76.46673583984375
2019-09-23,269.89566087758845,182.85579969187748,56.39828574001084,95.02417139830895,143.22000122070312,13.25736366943522,22.726903376844568,76.46674028010555,270.49432373046875,182.9902801513672,56.94413757324219,95.04112243652344,143.75,13.291621208190918,22.71000099182129,76.48344421386719
2019-09-24,271.58282618385135,183.82594406913967,57.366581497343084,95.09193965593678,143.2100067138672,13.248799065330175,22.693096935281712,76.48344421386719,268.371826171875,180.5599822998047,56.09925842285156,95.515625,144.50999450683594,13.13746452331543,22.6254825592041,76.48344421386719
2019-09-25,268.4534446997761,180.3774430862392,55.82395838705957,95.40544752403348,144.0800018310547,13.000437603267214,22.735356506611446,76.48344421386719,269.95916748046875,182.58677673339844,57.05805587768555,94.88855743408203,141.8300018310547,13.060386657714844,22.80297088623047,76.48344421386719
2019-09-26,269.9681805505696,182.34665567523547,57.100779159157895,95.11737718320201,142.19000244140625,13.034694322486517,22.777616261529815,76.491782177541,269.396728515625,181.91439819335938,57.25741195678711,95.09195709228516,141.7899932861328,13.060386657714844,22.862133026123047,76.50013732910156
2019-09-27,270.1496138053091,182.25057220712569,56.81124306097057,95.10043859991151,140.35000610351562,12.94048829047749,22.853683176161056,76.5084861075488,267.9454650878906,179.65701293945312,55.899906158447266,95.2275390625,141.05999755859375,13.009001731872559,22.828327178955078,76.50013732910156
2019-09-30,268.4624736286267,180.3870423073261,56.289112293264616,95.08343097223123,139.77000427246094,12.931924428679368,22.90439224243164,76.50014273707585,269.1881103515625,181.36683654785156,56.54542541503906,95.30374908447266,138.8699951171875,12.880538940429688,22.90439224243164,76.50849151611328
2019-10-01,270.0679131700186,182.0296904723706,56.93939590313921,94.92269642465638,138.07000732421875,12.897668098341589,22.95510394087698,76.51434148347496,265.98614501953125,179.88760375976562,56.16096496582031,95.56768035888672,139.6300048828125,12.87197494506836,22.828327178955078,76.50597381591797
2019-10-02,264.4079467960568,178.66760455089127,55.6388475077583,95.66955365783039,140.7899932861328,12.87197565141529,22.84523034306284,76.51434148347496,261.28765869140625,176.7944793701172,55.2448844909668,95.89868927001953,141.25999450683594,12.760641098022461,22.81142234802246,76.50597381591797
2019-10-03,261.0607830524935,176.77530495445313,55.240132010602174,96.03448839408561,141.36000061035156,12.674999661836745,22.819874884148717,76.52273737086111,263.42822265625,178.73489379882812,56.09450912475586,96.39940643310547,141.89999389648438,12.743513107299805,22.80297088623047,76.5311050415039
2019-10-04,264.0813577711008,179.70503973411192,56.44575756887941,96.39091694455415,141.47999572753906,12.829153237265563,22.80296814383451,76.52273737086111,266.9930114746094,181.36683654785156,57.08179473876953,96.58610534667969,141.89999389648438,12.846282005310059,22.78606414794922,76.5311050415039
2019-10-07,266.1947699330452,180.84815212530867,57.005849649070754,96.37394206944464,141.16000366210938,12.854847168210899,22.777616796597115,76.53943634033203,265.84100341796875,180.8193359375,56.79700469970703,96.26361846923828,140.69000244140625,12.829154014587402,22.828327178955078,76.53943634033203
2019-10-08,263.9907184423583,179.6858680555262,56.1941860980716,96.59457031019153,142.02999877929688,12.769204530437442,22.81987464382643,76.53943634033203,261.7139892578125,178.1105194091797,55.306583404541016,96.46726989746094,141.9199981689453,12.820590019226074,22.862133026123047,76.53943634033203
2019-10-09,263.72771007618655,179.61857637896352,56.094506694440454,96.36546871140523,142.16000366210938,12.94048834809856,22.819874106525738,76.54780400769627,264.1993713378906,179.84910583496094,56.27962112426758,96.22119140625,142.0500030517578,12.854846954345703,22.845230102539062,76.53943634033203
2019-10-10,264.117604480698,179.89718476629992,56.431511122071825,95.94962202582833,141.58999633789062,12.9404878616333,22.786064681289343,76.56455177748182,265.98614501953125,181.2419891357422,56.81597900390625,95.61864471435547,140.80999755859375,12.9404878616333,22.75225830078125,76.55619049072266
2019-10-11,268.73454237201105,183.30722628327746,57.955149478467526,95.1603372923604,139.97000122070312,12.99187343348212,22.667741775512695,76.56455993652344,268.7436218261719,183.57618713378906,58.111785888671875,94.96514892578125,140.02999877929688,13.094643592834473,22.667741775512695,76.56455993652344
2019-10-14,268.42617702704035,183.31680117087058,58.111785950520066,95.26215765208016,140.4499969482422,13.009001518969711,22.718451380118747,76.55619049072266,268.4443359375,183.55694580078125,58.19722366333008,95.22821044921875,140.58999633789062,13.03469467163086,22.735355377197266,76.55619049072266
2019-10-15,269.4875763726098,184.1237590120807,58.46303072487413,95.18581465015832,140.27000427246094,13.017566642854899,22.743808152911377,76.55619864887326,271.1021423339844,185.8912353515625,59.35538101196289,94.76996612548828,139.61000061035156,13.000438690185547,22.667741775512695,76.56455993652344
2019-10-16,270.63941529110076,185.25720236267813,58.975656943290566,94.91421415332185,140.13999938964844,12.966181056095417,22.650836107241116,76.56456171181769,270.6666259765625,185.4300994873047,58.491512298583984,94.95664978027344,140.41000366210938,13.017565727233887,22.608577728271484,76.57292938232422
2019-10-17,271.8276926759577,186.5443837302758,59.14178299121422,94.88030795395562,140.5,13.009001732966276,22.53251320189984,76.57292352886358,271.4648742675781,185.92001342773438,58.52947998046875,94.92273712158203,140.61000061035156,13.068951606750488,22.52406120300293,76.58129119873047
2019-10-18,270.92966490395844,185.58381522205525,58.434547467638446,94.98214008224183,140.5,13.103207760925125,22.490254763641328,76.57292352886358,270.2765808105469,184.1333465576172,57.95514678955078,95.00759887695312,140.4600067138672,13.060386657714844,22.439542770385742,76.58129119873047
2019-10-21,271.5918531611871,185.11314037913849,58.38233902185998,94.76147908996838,140.72000122070312,13.000438377974817,22.43109131060867,76.58967590332031,272.1088562011719,185.76632690429688,59.04210662841797,94.65963745117188,139.7899932861328,13.043258666992188,22.456445693969727,76.58967590332031
2019-10-22,272.6440029315517,186.4964141755508,59.246204292148704,94.88875385706234,140.1300048828125,13.103207760925125,22.49025589287237,76.58967590332031,271.2199401855469,184.28709411621094,58.59592819213867,94.8802719116211,140.1999969482422,13.060386657714844,22.507158279418945,76.58967590332031
2019-10-23,270.965950615548,183.91242145142508,57.56593673225247,95.06699720676664,140.58999633789062,13.043258397192698,22.515609203366264,76.58130823159233,272.0090637207031,184.6424560546875,57.57543182373047,94.91423797607422,140.52999877929688,13.223106384277344,22.498706817626953,76.58967590332031
2019-10-24,272.94331115214135,185.95844656143063,58.434548748553524,94.95669911455606,141.02000427246094,13.265928054124144,22.490255944835702,76.5980013507421,272.4534912109375,186.43873596191406,59.099063873291016,94.89729309082031,141.52999877929688,13.291621208190918,22.566322326660156,76.60636901855469
2019-10-25,271.88215940170795,185.47811868016754,59.36012162139918,94.96516714710285,142.7899932861328,13.308749061232678,22.574770807475385,76.5980013507421,273.5693054199219,187.92759704589844,60.295188903808594,94.69359588623047,141.86000061035156,13.368698120117188,22.5916748046875,76.60636901855469
2019-10-28,274.78461687497287,188.80176072349929,60.80307119610386,94.36258647089868,141.25,13.385826636489933,22.574769973754883,76.6063901310562,275.11114501953125,189.78155517578125,61.211273193359375,94.33712768554688,140.63999938964844,13.317313194274902,22.574769973754883,76.5980224609375
2019-10-29,274.8391577345471,189.4645500499634,61.31568939740339,94.45599007018599,140.0,13.2231069474242,22.574772713925952,76.60638605347123,275.0296325683594,188.3118438720703,60.793575286865234,94.42204284667969,140.25,13.291621208190918,22.566322326660156,76.61475372314453
2019-10-30,275.22919747728037,188.67687409420128,61.116340657566546,94.49837069943705,140.5399932861328,13.291620603055495,22.566319824157567,76.61474662391956,275.87322998046875,189.2244110107422,60.86003112792969,94.8802719116211,141.02000427246094,13.205978393554688,22.515607833862305,76.62310791015625
2019-10-31,275.8641227568858,189.7719257229799,60.689146053631845,95.14336822800563,141.97999572753906,13.171722589357554,22.49025452247294,76.62312494398796,275.1384582519531,189.31085205078125,60.51352310180664,95.48283386230469,142.42999267578125,13.128901481628418,22.473350524902344,76.6314926147461
2019-11-01,276.58073316174546,190.12734233853791,60.99292794619412,95.34518007746881,142.2100067138672,13.20597889596866,22.481803061085014,76.63064575195312,277.6873474121094,191.03028869628906,61.761863708496094,95.30268096923828,142.55999755859375,13.368698120117188,22.46489906311035,76.63064575195312
2019-11-04,279.2383466387265,192.29822528651096,62.76813469341549,94.87768637070126,142.25999450683594,13.480032317537148,22.49870521067501,76.6306424408288,278.8029479980469,192.21177673339844,63.076656341552734,94.81819152832031,142.14999389648438,13.454339981079102,22.549415588378906,76.63902282714844
2019-11-05,279.0025497152499,192.45195480141126,63.20955927531011,94.45271407592624,140.64999389648438,13.497160346455834,22.591674029416033,76.63064575195312,278.4945983886719,192.31747436523438,63.109886169433594,94.3082275390625,139.85000610351562,13.488595962524414,22.633934020996094,76.63064575195312
2019-11-06,278.494543609944,192.09656718119248,62.90578097487757,94.50371723848731,140.1199951171875,13.454339725219384,22.608578026048058,76.63902282714844,278.55804443359375,191.88523864746094,62.72541046142578,94.58020782470703,140.4499969482422,13.343005180358887,22.633934020996094,76.63902282714844
2019-11-07,279.8913641578595,192.84578608381594,63.53232169533545,94.09576890054095,140.11000061035156,13.394391059667479,22.650836705385142,76.64739535504525,279.53759765625,192.52879333496094,63.09563446044922,93.82379150390625,138.27000427246094,13.334441184997559,22.68464469909668,76.65576934814453
2019-11-08,279.1929285346173,192.1829507541898,62.806108939077674,93.73879579261829,137.72999572753906,13.214543280593496,22.743807375736523,76.65576934814453,280.22698974609375,193.29721069335938,63.22854995727539,93.69629669189453,137.38999938964844,13.368698120117188,22.735355377197266,76.65576934814453
2019-11-11,278.8483051362286,192.31746880393052,62.69219299483538,93.90879793182805,137.61000061035156,13.240236104874553,22.710003436826472,76.65576934814453,279.6918640136719,193.03790283203125,62.97223663330078,93.79830932617188,137.05999755859375,13.28305721282959,22.70155143737793,76.65576934814453
2019-11-12,280.05472917772806,193.20119036883776,63.24753426943912,93.78976670139062,137.02999877929688,13.308749160824089,22.735355377197266,76.66414642333984,280.281494140625,193.5950164794922,63.10513687133789,93.84076690673828,137.42999267578125,13.291621208190918,22.735355377197266,76.66414642333984
2019-11-13,279.2927585959564,192.9226627488632,62.73965270638243,94.1892646304319,137.8000030517578,13.24023536759683,22.752258002145258,76.66414642333984,280.3721618652344,193.64309692382812,63.21430587768555,94.09577178955078,137.97999572753906,13.317313194274902,22.72690200805664,76.66414642333984
2019-11-14,280.0910183287371,192.91302618611647,63.06716600341785,94.50373445489059,138.38999938964844,13.35157105070046,22.743807373921733,76.66415837091964,280.7803649902344,193.48936462402344,63.10039520263672,94.57172393798828,138.55999755859375,13.274493217468262,22.71000099182129,76.67253875732422
2019-11-15,282.1137105902836,194.66129663876333,63.95952026934054,94.41873454519488,138.02999877929688,13.257362971467845,22.676190494234415,76.67252680843842,282.8121643066406,194.9110565185547,63.74117660522461,94.49523162841797,138.2100067138672,13.343005180358887,22.659286499023438,76.66414642333984
2019-11-18,282.5763929760045,194.60365466690814,63.712693132856465,94.64820664790614,138.44000244140625,13.265927450158468,22.64238709356314,76.67254946670168,283.0208435058594,195.0647430419922,63.779144287109375,94.65670776367188,138.6199951171875,13.205978393554688,22.61703109741211,76.68092346191406
2019-11-19,283.6193815961007,195.80434789254411,64.10665835779272,94.6736934298446,138.1300048828125,13.14602851339157,22.62548529840596,76.68091275136695,282.9390869140625,195.35287475585938,63.56081008911133,94.8351821899414,138.69000244140625,13.086078643798828,22.64238929748535,76.67253875732422
2019-11-20,282.3496639476608,194.84380147711423,63.2427960127896,95.02218011798855,138.52999877929688,13.154593156077382,22.650839684970965,76.68092346191406,281.8870544433594,194.18099975585938,62.93901824951172,95.18366241455078,138.75999450683594,13.257363319396973,22.64238929748535,76.68092346191406
2019-11-21,281.9958415043259,193.969693084288,62.654217208377936,94.95420271674418,138.38999938964844,13.30018334140783,22.642386854846983,76.6893038494892,281.4334411621094,193.74876403808594,62.25075912475586,94.9457015991211,138.0,13.3772611618042,22.676193237304688,76.68092346191406
2019-11-22,282.1772483826184,194.22900561166898,62.49757231118444,94.99668515905357,138.3699951171875,13.402954841871859,22.659290367905903,76.68929290771484,282.059326171875,193.87359619140625,62.14158248901367,94.92869567871094,137.74000549316406,13.368698120117188,22.74380874633789,76.68929290771484
2019-11-25,282.98453205746335,194.70934949128005,62.68268874269514,94.93721630272832,137.32000732421875,13.317313445857513,22.760709762573242,76.6976732940943,284.2453308105469,196.16943359375,63.57503890991211,94.9712142944336,137.0800018310547,13.368698120117188,22.760709762573242,76.68929290771484
2019-11-26,284.28156776356354,196.29427640427195,63.432648390919695,95.11566671040781,136.97999572753906,13.394391311314918,22.75225937427578,76.69767761230469,284.8892822265625,196.5440216064453,63.370941162109375,95.149658203125,137.74000549316406,13.445775985717773,22.735355377197266,76.69767761230469
2019-11-27,285.3700145636202,197.05314845566176,63.62724700700518,94.9541843397568,137.02999877929688,13.428646647649977,22.769163131713867,76.70605776823145,286.1591796875,197.91766357421875,63.79812240600586,94.90319061279297,137.00999450683594,13.3772611618042,22.769163131713867,76.71443176269531
2019-11-29,285.59683323960326,197.41815079284834,63.44688490522948,94.86920503360976,137.10000610351562,13.257362021447495,22.777616742532278,76.70605776823145,285.09796142578125,197.01470947265625,63.086151123046875,94.82670593261719,137.86000061035156,13.111771583557129,22.74380874633789,76.71443176269531
2019-12-02,285.3518958206147,197.02430400753673,63.21905302387612,94.36709885870098,137.32000732421875,13.180285800667079,22.7184513206633,76.71189117308542,282.67608642578125,194.9974822998047,62.26499557495117,94.48625946044922,137.7899932861328,13.094643592834473,22.650836944580078,76.72027587890625
2019-12-03,279.9640166629559,192.3174623338657,61.064124066658,94.97139856739939,139.0399932861328,13.077516205110541,22.6254825592041,76.72031403127953,280.7803649902344,193.47015380859375,61.39163589477539,95.3288803100586,139.11000061035156,13.103208541870117,22.6254825592041,76.71192932128906
2019-12-04,281.8235316935288,194.45958159966167,62.179564367636345,95.13312582362516,139.16000366210938,13.257363707377639,22.566319884912158,76.72027587890625,282.51287841796875,194.44996643066406,62.29348373413086,94.96289825439453,138.9199981689453,13.308749198913574,22.600126266479492,76.72027587890625
2019-12-05,283.2113460311746,195.14159087234447,62.58775924244127,94.6053659469435,138.8000030517578,13.343005569485356,22.583221969496893,76.73707580566406,283.0208435058594,194.83421325683594,62.66844940185547,94.74154663085938,139.0,13.334441184997559,22.549415588378906,76.73707580566406
2019-12-06,284.9256316357635,196.25583846621763,63.2855087516655,94.37559489731959,137.75999450683594,13.308749446521794,22.61703002436407,76.72868469736743,285.6059265136719,196.91864013671875,63.59878158569336,94.45220184326172,137.6199951171875,13.420083999633789,22.633934020996094,76.73707580566406
2019-12-09,285.21586750080536,196.56320548946195,63.631995368769594,94.65648251631691,137.8000030517578,13.394389581090358,22.600125730066793,76.73709228833852,284.7079162597656,196.02528381347656,63.17158126831055,94.52880859375,137.5800018310547,13.402953147888184,22.608577728271484,76.7454833984375
2019-12-10,284.6534053349827,196.12140571292034,63.408917722034964,94.60539076823507,138.25,13.411518488264582,22.574773250723332,76.7454833984375,284.3903503417969,195.86204528808594,63.42315673828125,94.41813659667969,137.97000122070312,13.46290397644043,22.58322525024414,76.7454833984375
2019-12-11,284.8439568182491,196.30389039546958,63.88356833609328,94.56286546731907,138.1999969482422,13.445774248855583,22.566321196746067,76.7454833984375,285.1977233886719,196.89944458007812,64.7806625366211,94.80970001220703,138.9199981689453,13.402953147888184,22.498706817626953,76.7454833984375
2019-12-12,285.20687172961357,196.69768222182503,64.87084224422502,94.71602141962641,139.77999877929688,13.411518354989926,22.490256187143146,76.76223754882812,287.65594482421875,198.36907958984375,66.64129638671875,94.06063842773438,138.42999267578125,13.522852897644043,22.532514572143555,76.76223754882812
2019-12-13,287.42002857849036,198.26344294889714,66.63655245627123,94.3159913403734,138.52000427246094,13.531417710992532,22.464900188910466,76.75386810799485,287.8282165527344,199.02230834960938,66.3849868774414,94.61389923095703,139.0500030517578,13.5913667678833,22.532514572143555,76.7454833984375
2019-12-16,289.5516578841208,200.32867640263422,67.20140141167956,94.37558476911967,139.1999969482422,13.677009056561861,22.473349451722957,76.75384644109786,289.8056335449219,201.02029418945312,66.92610168457031,94.17131042480469,139.0399932861328,13.685572624206543,22.490253448486328,76.76223754882812
2019-12-17,290.18664767916056,201.27968582302137,67.40075346994864,94.28195111787905,139.02000427246094,13.702701257376567,22.51561057332177,76.76224395266857,289.8691711425781,201.13560485839844,67.30582427978516,94.17981719970703,139.00999450683594,13.745521545410156,22.532514572143555,76.75385284423828
2019-12-18,290.2591048310666,201.30849180171253,67.4956755661715,94.1202747191786,138.86000061035156,13.779779648414463,22.5578675892209,76.77063751220703,289.88720703125,201.28927612304688,67.07323455810547,93.92450714111328,139.02000427246094,13.7540864944458,22.574769973754883,76.77063751220703
2019-12-19,290.07766829054526,201.3757155090542,67.3675193236857,93.8614139423384,139.0399932861328,13.771214175566971,22.583221972048797,76.77065276576236,291.075439453125,202.54762268066406,67.46245574951172,93.99778747558594,139.3800048828125,13.814034461975098,22.574769973754883,76.77903747558594
2019-12-20,292.1054650052227,203.50823196288925,67.82792952852259,93.85288856433604,139.3699951171875,13.788343040886815,22.617030562565407,76.78324890136719,292.3515930175781,203.36415100097656,68.11272430419922,93.99778747558594,139.52000427246094,13.796907424926758,22.650836944580078,76.78324890136719
2019-12-23,293.13553655427705,204.08421416623082,68.95679542926855,94.02334814212236,139.52999877929688,13.765582849488466,22.73360077211,76.77484723322408,292.79827880859375,203.90130615234375,68.450927734375,93.91254425048828,139.9499969482422,13.80038833618164,22.638769149780273,76.78324890136719
2019-12-24,293.0260982506087,204.0842168231319,68.61955793629473,93.79324491537488,140.44000244140625,13.800388337008293,22.647390355839967,76.79165649414062,292.8073425292969,204.0072021484375,68.59065246582031,94.07452392578125,141.27000427246094,13.861298561096191,22.638769149780273,76.79165649414062
2019-12-26,293.1901602146185,204.3345174381464,68.66292066762024,94.10856745613538,142.05999755859375,13.896103360855392,22.621526698588635,76.78325189977794,294.36602783203125,205.80738830566406,68.77372741699219,94.21084594726562,142.3800048828125,13.965713500976562,22.604284286499023,76.800048828125
2019-12-27,295.0952016079266,206.5293316042524,69.02425863000015,94.28757200572672,142.25999450683594,13.974416222888703,22.51807400458353,76.79165649414062,294.2930603027344,205.63406372070312,68.53765869140625,94.34723663330078,142.3300018310547,13.991819381713867,22.492210388183594,76.79165649414062
2019-12-30,294.3752190438764,205.52818831276454,68.65327163983854,94.02335533741869,142.55999755859375,14.061429207028137,22.449106216430664,76.8084504965962,292.670654296875,204.28636169433594,68.04141235351562,94.28759002685547,142.6300048828125,13.965713500976562,22.449106216430664,76.800048828125
2019-12-31,292.16925296260575,203.6317109189937,67.81017605875448,94.13417458583294,143.30999755859375,13.878700256347656,22.380136500168394,76.81684575647208,293.3815612792969,204.67138671875,68.1281509399414,93.9466552734375,142.89999389648438,13.878700256347656,22.388757705688477,76.800048828125
2020-01-02,294.9130269972677,206.3945739224965,69.2747706446572,94.34726027520759,143.86000061035156,13.89610481262207,22.45772553526793,76.81685467820925,296.1253356933594,208.0888671875,69.70355224609375,94.38135528564453,143.9499969482422,13.89610481262207,22.466346740722656,76.82525634765625
2020-01-03,292.74359626818324,205.3356530998865,68.6773739192914,94.73935423663904,145.75,14.122339372002719,22.51807400458353,76.82525634765625,293.88299560546875,206.1827850341797,68.5617446899414,95.0121078491211,145.86000061035156,14.061429977416992,22.492210388183594,76.82525634765625
2020-01-06,292.1328118215423,204.56556497727038,67.69454778550295,95.17405528647255,148.44000244140625,14.165847458474236,22.43186188845066,76.82524279345297,295.0041198730469,207.5113067626953,67.8294448852539,94.90982055664062,147.38999938964844,14.08753490447998,22.44048309326172,76.81684112548828
2020-01-07,294.4390032296372,207.58828468928186,68.52802737949375,94.89276678423018,147.57000732421875,14.061429468617561,22.500831624687457,76.82524279345297,294.1746826171875,207.48239135742188,68.96162414550781,94.7734375,147.97000122070312,14.078832626342773,22.51807403564453,76.81684112548828
2020-01-08,294.3660894233574,207.45353046860188,68.95679565065109,94.8586521141371,148.49000549316406,14.070132064727087,22.54393772185057,76.82524701321445,295.74249267578125,209.0419158935547,69.07723999023438,94.55180358886719,146.86000061035156,13.869999885559082,22.57842254638672,76.83364868164062
2020-01-09,297.30119760730037,210.7650201359087,69.95889753371732,94.33873903414937,146.07000732421875,13.79168638006052,22.621524810791016,76.8420181274414,297.7478332519531,210.8131561279297,69.47229766845703,94.6200180053711,146.02999877929688,13.809088706970215,22.621524810791016,76.8420181274414
2020-01-10,298.33111551766575,211.64107019627426,69.86735740078653,94.68819728991582,146.22000122070312,13.800387128601274,22.638769110678243,76.83361646253836,296.8908996582031,210.27407836914062,68.8941650390625,94.82457733154297,146.91000366210938,13.809088706970215,22.604284286499023,76.8420181274414
2020-01-13,297.51071075550203,211.14050559485497,69.47231122546523,94.70525788493325,146.35000610351562,13.756882413231772,22.63014790463344,76.8420181274414,298.93267822265625,212.70001220703125,69.85773468017578,94.71378326416016,145.82000732421875,13.704673767089844,22.604284286499023,76.8420181274414
2020-01-14,298.4952101168568,212.59412035993765,69.94443239027295,94.76489449288786,145.4199981689453,13.765582084655762,22.647390326513463,76.8420181274414,298.47698974609375,211.8625030517578,70.00225067138672,94.9012680053711,145.69000244140625,13.765582084655762,22.612905502319336,76.8420181274414
2020-01-15,298.38587734482564,211.9780363815891,69.71802499512722,95.0803042185785,146.2100067138672,13.730776974661952,22.56980134025268,76.85041809082031,299.15155029296875,211.94915771484375,68.96644592285156,95.13996887207031,146.5399932861328,13.695971488952637,22.57842254638672,76.85041809082031
2020-01-16,300.5278990481638,213.00809446050664,69.60720612359127,94.99506322366273,146.27000427246094,13.70467370173351,22.57842232245213,76.85044519839388,301.63995361328125,213.98037719726562,70.07935333251953,94.94392395019531,146.30999755859375,13.678569793701172,22.612905502319336,76.86724853515625
2020-01-17,302.3510385750234,214.943019373761,70.38286093749747,94.72226686016067,146.50999450683594,13.687269148739794,22.66463256373439,76.86724261011639,302.57891845703125,215.03929138183594,70.368408203125,94.86717224121094,146.5800018310547,13.722075462341309,22.690494537353516,76.85884094238281
2020-01-21,301.62178693577914,214.44243566990113,70.0889810118627,95.0802900997709,145.77000427246094,13.652464291146547,22.638768926141676,76.86724853515625,301.98638916015625,214.94302368164062,70.42622375488281,95.24223327636719,146.74000549316406,13.643763542175293,22.67325210571289,76.86724853515625
2020-01-22,302.84315842409643,216.03083166997536,70.93691546369935,95.24221133158986,146.67999267578125,13.574152811690993,22.647388468730938,76.86724853515625,302.0227966308594,215.510986328125,71.00436401367188,95.25926208496094,146.7899932861328,13.461034774780273,22.656009674072266,76.86724853515625
2020-01-23,301.3755576490368,215.38583305580516,71.20669737248568,95.48939942762736,147.0,13.32181269631972,22.699115772828026,76.87560272216797,302.3691101074219,216.20408630371094,71.44758605957031,95.4979248046875,147.1199951171875,13.347916603088379,22.716358184814453,76.87560272216797
2020-01-24,303.02540197392955,217.2149161773528,72.41595180883495,95.61726051908889,146.89999389648438,13.217395203275272,22.74221993483863,76.88400438606035,299.68011474609375,214.3846893310547,71.1344223022461,95.83887481689453,147.97999572753906,13.147784233093262,22.75084114074707,76.87560272216797
2020-01-27,294.44798875528124,209.5424841584409,68.82671630429257,96.47812968594307,149.24000549316406,12.912847773428549,22.759460481074395,76.8756391646444,294.87640380859375,209.95643615722656,68.26785278320312,96.48664855957031,148.99000549316406,12.904146194458008,22.785324096679688,76.88404083251953
2020-01-28,296.2984568633764,211.43890576550353,69.01461743405682,96.39289102265849,148.36000061035156,12.91284765202234,22.81118606795822,76.88404083251953,297.966552734375,213.1813201904297,69.9781723022461,96.16275787353516,147.66000366210938,12.965055465698242,22.785324096679688,76.88404083251953
2020-01-29,299.3247726958283,214.36541898599006,69.69392128593972,96.29064386407092,147.6999969482422,12.973757166565852,22.82843016579997,76.88403912820954,297.7204895019531,213.5279083251953,68.91343688964844,96.62306213378906,148.4600067138672,12.904146194458008,22.819808959960938,76.89244079589844
2020-01-30,295.6603946749964,212.1513273728753,68.21486745232646,96.78498688787128,148.69000244140625,12.764924115957342,22.785325964380828,76.89244079589844,298.6866455078125,214.28843688964844,68.75446319580078,96.716796875,148.47000122070312,12.791028022766113,22.75084114074707,76.89244079589844
2020-01-31,298.06685040639036,215.1836740824446,68.1425981760551,96.92988317756799,148.8800048828125,12.677909596925717,22.716356467134776,76.90084246358734,293.2631530761719,210.8902130126953,66.27812194824219,97.20263671875,149.3300018310547,12.68661117553711,22.656009674072266,76.89244079589844
2020-02-03,294.73979049796515,211.9202931979845,66.56719381922584,96.96620453009875,148.66000366210938,12.582194822266167,22.742219954639857,76.90758272772615,295.441650390625,214.07666015625,67.18386840820312,97.11983489990234,148.36000061035156,12.451674461364746,22.768083572387695,76.89917755126953
2020-02-04,299.0421847479902,217.00310393852186,68.99052035613936,96.65041941332433,146.97000122070312,12.582195146573893,22.785324117900725,76.90758272772615,299.944580078125,218.9765625,69.34703826904297,96.55653381347656,146.42999267578125,12.469077110290527,22.802566528320312,76.89917755126953
2020-02-05,302.8704711762649,221.6142177177759,70.58038749319824,96.19808098126853,146.3800048828125,12.651806576602214,22.862914806191565,76.9075887729279,303.40826416015625,219.69851684570312,70.72492218017578,96.13833618164062,146.61000061035156,12.660508155822754,22.888776779174805,76.91600036621094
2020-02-06,304.365386197161,220.2472666224085,70.82128249036744,96.11272602395982,147.27999877929688,12.643105127774378,22.888778733095037,76.91600399469905,304.42919921875,221.59500122070312,70.77310180664062,96.20661163330078,147.39999389648438,12.712716102600098,22.931884765625,76.9244155883789
2020-02-07,303.3718697108561,220.60348304061307,70.07451629499661,96.59922935347858,147.8300018310547,12.634403804136044,22.923263352527165,76.9244155883789,302.8067321777344,220.64198303222656,69.1543197631836,96.66751098632812,147.7899932861328,12.643104553222656,22.983610153198242,76.9244155883789
2020-02-10,301.9225963763189,219.91036970968705,68.6918174734038,96.8723299052827,148.2100067138672,12.547389539172565,23.00085260359476,76.92441195949398,305.06732177734375,223.30856323242188,70.2431411743164,96.85526275634766,148.1699981689453,12.529986381530762,23.018095016479492,76.91600036621094
2020-02-11,306.41637021168424,224.54078189506916,70.87909489057611,96.72724696385731,148.02999877929688,12.617000066592206,23.00947187310319,76.91600399469905,305.59600830078125,223.34707641601562,71.7270278930664,96.62482452392578,147.66000366210938,12.573493003845215,22.992229461669922,76.9244155883789
2020-02-12,307.02702899526753,224.66587616022818,72.26179174258235,96.41999698529261,147.4199981689453,12.747520446777344,22.983608064232563,76.92437344510815,307.5648498535156,225.52264404296875,72.7387466430664,96.3773193359375,147.5399932861328,12.747520446777344,23.052576065063477,76.93278503417969
2020-02-13,306.1427992264959,223.95354530665193,72.24252297565565,96.428512186582,148.24000549316406,12.764924303921685,23.05257609555604,76.94120025634766,307.23663330078125,225.23388671875,72.91219329833984,96.462646484375,148.3800048828125,12.75622272491455,23.078439712524414,76.94120025634766
2020-02-14,307.6469704852974,225.59008960695718,73.23016438461585,96.6760115210781,148.74000549316406,12.773625182367047,23.078439702356427,76.94961184651783,307.72900390625,225.87889099121094,72.59903717041016,96.70162200927734,149.0,12.747520446777344,23.0698184967041,76.94120025634766
2020-02-18,306.73543871652276,224.78140014489773,71.14406758275338,96.82965226540469,149.8800048828125,12.747521213289854,23.156030654907227,76.94120388794843,306.93597412109375,225.96546936035156,71.51021575927734,96.85526275634766,150.91000366210938,12.843236923217773,23.156030654907227,76.94961547851562
2020-02-19,307.90211788539574,227.31321643870044,72.62312004765518,96.752816536128,151.0,12.89544449424488,23.199134826660156,76.94961547851562,308.4034423828125,228.1314697265625,73.35060119628906,96.83816528320312,151.7899932861328,12.965055465698242,23.199134826660156,76.94961547851562
2020-02-20,307.85646314336725,227.6308740369332,73.03746170311301,96.98327167710231,152.0,12.973755952684936,23.22499825943438,76.95802706908282,307.1363830566406,226.0135955810547,72.19435119628906,97.11983489990234,152.41000366210938,12.912846565246582,23.268102645874023,76.94961547851562
2020-02-21,305.78739481387316,224.88731289044486,71.71739449252448,97.375933651847,154.42999267578125,12.843237243431664,23.224996717159833,76.95801023270874,303.9734802246094,221.67202758789062,70.07453155517578,97.51249694824219,154.6999969482422,12.860639572143555,23.130165100097656,76.96641540527344
2020-02-24,294.54832373659,213.4027462416078,66.8562465990943,98.32331033103509,158.5,12.599598374454844,23.16464993267187,76.96644350571155,293.89202880859375,213.1235809326172,66.89960479736328,98.27210235595703,156.08999633789062,12.6170015335083,23.13878631591797,76.95803833007812
2020-02-25,295.27757219253857,214.91414523856622,67.68972803805306,98.2464801771278,155.1199951171875,12.59089665540962,23.13016529194353,76.96644350571155,284.98651123046875,207.328369140625,64.97250366210938,98.54520416259766,153.3000030517578,12.382062911987305,23.0698184967041,76.95803833007812
2020-02-26,286.38112799579915,208.61834956856265,65.53137224411603,98.33182842739608,153.82000732421875,12.347256709866482,23.095682134004644,76.97486114501953,283.9382629394531,208.3969268798828,65.36274719238281,98.4939956665039,153.97000122070312,12.26024341583252,23.087060928344727,76.97486114501953
2020-02-27,278.43268874388383,203.0252317935276,63.59461386668119,99.1255618301208,155.5800018310547,12.025305939645197,22.96636605718305,76.97484551966909,271.1861267089844,197.96163940429688,62.351627349853516,98.97193145751953,154.0,12.051410675048828,22.949125289916992,76.99166870117188
2020-02-28,263.15560884540804,191.2230486537657,60.02946500144453,99.76571478944237,152.7100067138672,11.851279513462865,22.949125463310352,76.9832534790039,270.04669189453125,198.11570739746094,63.58016586303711,100.08151245117188,148.3800048828125,11.842577934265137,22.871536254882812,76.9832534790039
2020-03-02,271.8241810091955,201.08068262730416,64.40399957586241,100.44898366252721,150.0,11.946993276327984,22.76808355256395,76.99756856106313,281.74151611328125,208.33914184570312,65.7818832397461,100.01317596435547,149.1999969482422,12.112319946289062,22.75084114074707,77.00598907470703
2020-03-03,282.11520716459734,209.003389634755,66.02759959805644,100.11568114957299,150.83999633789062,12.147125498109363,22.7508396441733,77.00599254336136,273.6745300292969,201.6582794189453,63.62352752685547,101.17528533935547,153.88999938964844,12.138423919677734,22.656009674072266,77.0228271484375
2020-03-04,279.03425638312916,205.35488097309138,64.8857815823706,101.320577001016,154.39999389648438,12.22543874855422,22.733598709106445,77.03966869070995,285.1778869628906,210.07191467285156,66.88516235351562,100.95313262939453,154.16000366210938,12.147126197814941,22.733598709106445,77.05650329589844
2020-03-05,277.99522810355086,204.74843219637864,65.04476349246427,101.6880112187111,156.05999755859375,12.129722579719584,22.62152500085518,77.06492085587227,275.69818115234375,203.6894989013672,64.78460693359375,101.85037231445312,157.49000549316406,12.016605377197266,22.56117820739746,77.0733413696289
2020-03-06,267.2118271902237,197.02793142770298,62.87676040453744,103.37993916692835,158.3300018310547,11.816474469402399,22.35427457925797,77.06492085587227,271.1404724121094,200.2528533935547,63.536800384521484,102.88431549072266,157.5500030517578,11.625043869018555,22.43186378479004,77.0733413696289
2020-03-09,250.94126219037892,186.25571076647086,58.131268437491855,105.31975081750015,158.60000610351562,10.720099449157715,22.190475463867188,77.09860342554616,249.96595764160156,186.3423614501953,58.251712799072266,103.8072509765625,157.80999755859375,10.720099449157715,22.190475463867188,77.10701751708984
2020-03-10,259.4548490211814,193.6008010919967,60.47751902952913,103.29450116717976,156.17999267578125,11.02464847758061,22.337032009248894,77.09017944335938,262.900390625,196.48878479003906,61.84095001220703,101.9016342163086,154.47999572753906,11.059453964233398,22.51807403564453,77.09017944335938
2020-03-11,255.86356189562727,191.9065362300721,59.80302524744628,102.7732332814225,156.25,11.007244150588829,22.4491077141045,77.09018291103182,250.08450317382812,187.9307403564453,58.502227783203125,100.8847427368164,153.92999267578125,10.859320640563965,22.55255889892578,77.10701751708984
2020-03-12,233.3489613279396,175.29099584868476,54.41194083930153,102.67069643331007,151.52999877929688,10.450357246716719,22.630147595885926,77.09020050110645,226.15707397460938,170.69911193847656,52.325843811035156,100.93601989746094,147.7899932861328,10.4242525100708,22.793947219848633,77.1154556274414
2020-03-13,239.8115818422406,180.08506471110036,55.55857056140034,100.66259936246115,149.4199981689453,10.676594422457132,22.906017510004556,77.11544504121787,245.4903564453125,185.1582794189453,57.39896011352539,100.27806091308594,143.27999877929688,10.537371635437012,23.65604591369629,77.13228607177734
2020-03-16,219.84017685426716,167.64747559955362,50.68298539164086,102.56815809129907,137.55999755859375,9.884767975584797,22.97498720263263,77.14913706980306,218.62786865234375,162.97857666015625,49.12684631347656,102.92705535888672,141.63999938964844,9.90217113494873,22.897397994995117,77.14071655273438
2020-03-17,223.35869921057358,168.9182069521346,49.99403807258215,102.46562784734053,140.17999267578125,9.893467944794745,23.216377091805988,77.14913706980306,230.43209838867188,175.3391571044922,53.1063232421875,100.3464126586914,143.55999755859375,9.74554443359375,23.302587509155273,77.14071655273438
2020-03-18,215.34645080566406,165.20231138074408,49.14129424333609,99.63713452923511,141.75,9.51060860673467,23.47500389446308,77.15753936767578,218.7646484375,170.00599670410156,48.693241119384766,98.95352172851562,140.6999969482422,9.42359447479248,23.65604591369629,77.15753936767578
2020-03-19,218.0809829271714,169.12995390621245,48.317458088150225,99.24407002505852,139.0800018310547,9.380086672725868,24.906091572476075,77.14913706980306,219.2294921875,171.02639770507812,49.555625915527344,99.27825164794922,138.0399932861328,9.623725891113281,24.216411590576172,77.14071655273438
2020-03-20,222.37071486608463,174.9540837622137,51.622449451499264,100.52587353336432,140.7100067138672,9.849962559461535,24.138824472651475,77.14070067323233,209.78196716308594,164.3262939453125,48.68842315673828,101.80765533447266,140.11000061035156,9.519309997558594,24.147445678710938,77.16596221923828
2020-03-23,209.22269612416616,164.8887365225988,49.3580954732717,102.07251874407076,142.67999267578125,9.414891787478936,24.018128937735455,77.13228190943349,204.41824340820312,164.44497680664062,50.49509048461914,103.01249694824219,146.3000030517578,9.632426261901855,24.112958908081055,77.14911651611328
2020-03-24,214.9348561536564,173.5614805023816,53.718180712998375,102.13232772373395,153.5,9.832559331083262,23.750877219321914,77.13228190943349,222.939208984375,177.1791534423828,55.70792007446289,102.31178283691406,153.39999389648438,9.84126091003418,23.837087631225586,77.14911651611328
2020-03-25,224.51625036542322,177.91234353116005,56.24269360762606,102.33740042105869,152.5800018310547,9.876065718827823,23.750877746319095,77.14069600128794,226.2766571044922,175.86715698242188,55.28877639770508,102.37158203125,151.3000030517578,10.006586074829102,23.61294174194336,77.14911651611328
2020-03-26,228.77974835482536,177.38177379165785,56.27160099299828,102.70488786322169,153.30999755859375,9.980482355493885,23.406036960188604,77.13228190943349,239.48890686035156,185.12841796875,58.641944885253906,102.61943054199219,153.24000549316406,9.971780776977539,23.233617782592773,77.14911651611328
2020-03-27,232.21804924789328,180.33373263115413,56.62329693990658,103.23468557369148,153.0,9.815156809079797,23.34569046936774,77.1491206793656,232.35557556152344,178.76126098632812,55.39958190917969,103.37995910644531,152.25,9.936976432800293,23.043954849243164,77.13228607177734
2020-03-30,234.44602980585432,180.45916242068188,56.42577025384392,104.07212732533779,152.41000366210938,9.858663812492582,23.181890709765234,77.14070016408586,239.90145874023438,185.263427734375,57.5723991394043,103.61923217773438,152.9199981689453,9.910872459411621,23.14740753173828,77.13228607177734
2020-03-31,238.90206639274638,184.9547174851546,57.68802626690261,103.78160986105495,151.36000061035156,9.997884919961507,23.25947989515628,77.14071655273438,236.3256378173828,183.68128967285156,56.43540573120117,103.8072509765625,148.0500030517578,9.78905200958252,23.130165100097656,77.14071655273438
2020-04-01,227.36771002403904,178.24998520367816,54.652834578282935,104.48651505051951,148.1999969482422,9.667232949924934,23.268100748895247,77.14237457487374,225.6898193359375,175.8767852783203,53.63628387451172,104.2298583984375,149.4499969482422,9.510608673095703,23.276721954345703,77.13394927978516
2020-04-02,224.80962736839078,174.84455843155314,53.15932082112814,104.52071155739857,151.1999969482422,9.615024889158263,23.380174394839354,77.13396209364848,230.897705078125,179.44622802734375,55.08161544799805,104.24694061279297,151.89999389648438,9.693337440490723,23.397415161132812,77.14238739013672
2020-04-03,229.91666012342145,179.00244968850615,54.922627289984476,104.40948101841663,152.22999572753906,9.902170944569908,23.500869780526173,77.12554533564581,227.56028747558594,176.8993682861328,53.97834396362305,104.32392883300781,152.64999389648438,9.936976432800293,23.5267333984375,77.11712646484375
2020-04-06,236.40816732964865,183.75849134675707,56.478770277739045,103.97317557119621,154.16000366210938,9.945676242056042,23.50948882835023,77.13393646312223,242.8446502685547,189.54676818847656,59.34534454345703,103.85340118408203,156.8800048828125,9.989182472229004,23.535350799560547,77.1255111694336
2020-04-07,251.41750778727922,195.2289258635497,61.52297208058515,103.13476944654852,155.3300018310547,10.119704365679588,23.2853448534641,77.1339807116216,243.09225463867188,189.46958923339844,59.16226577758789,103.39142608642578,156.0399932861328,10.058794975280762,23.319828033447266,77.10871124267578
2020-04-08,245.6869025598369,191.1578290474795,60.217356413080076,103.17750933746814,155.91000366210938,10.050093205044533,23.33707028049644,77.11712646484375,251.2523651123047,193.49244689941406,61.12310028076172,103.2630615234375,154.64999389648438,10.032690048217773,23.406038284301758,77.11712646484375
2020-04-09,254.50737795290667,195.20964419193913,61.75905090549013,103.21176367124987,158.0800018310547,10.05009339670144,23.233617782592773,77.11712372656787,255.07586669921875,193.772216796875,59.677772521972656,103.48553466796875,158.69000244140625,10.058794975280762,23.233617782592773,77.10027313232422
2020-04-13,254.1039856856062,192.9425526091154,59.41761080997977,103.39139306599822,159.1699981689453,10.137106713305153,23.22499844532712,77.10027587000177,252.7469940185547,195.86563110351562,60.458248138427734,103.2630615234375,161.41000366210938,10.23282241821289,23.199134826660156,77.11712646484375
2020-04-14,257.62486426592324,199.9174236171041,61.966204097316584,103.38288716386882,162.72999572753906,10.224121728103686,23.121544086291205,77.1002417149838,260.2012939453125,204.38404846191406,63.10319900512695,103.4000015258789,162.67999267578125,10.145809173583984,23.0698184967041,77.1255111694336
2020-04-15,254.49824549327255,201.1233207046582,61.691600062520465,103.96459921074943,161.8000030517578,9.980483500545347,23.31982629565328,77.11712646484375,254.67245483398438,202.039794921875,61.402530670166016,104.32392883300781,161.85000610351562,9.936976432800293,23.242237091064453,77.11712646484375
2020-04-16,255.94680322305484,204.22008677410423,62.462436048509616,104.46937995933693,161.8800048828125,9.963080276502371,23.293966088705236,77.11713654119765,255.90097045898438,205.72503662109375,63.03093719482422,104.4351577758789,161.7100067138672,9.910872459411621,23.345691680908203,77.10871124267578
2020-04-17,261.658962878332,208.54192973946107,64.24983528407029,104.34961861022222,159.72000122070312,9.910871892905716,23.293966283675122,77.11709230236104,262.8142395019531,207.69297790527344,63.647613525390625,104.1613998413086,158.57000732421875,9.954378128051758,23.28534507751465,77.1255111694336
2020-04-20,259.11925837284326,205.83113422414328,62.63587628061162,104.35816275850891,158.6199951171875,9.771648852136826,23.33707049426233,77.12554533564581,258.1840515136719,205.23301696777344,62.29863357543945,104.4351577758789,159.6999969482422,9.78905200958252,23.362934112548828,77.11712646484375
2020-04-21,253.72809067077185,203.16855155775067,61.23872663571867,104.8629488267123,157.60000610351562,9.484503216991452,23.44914239299353,77.1339706330668,250.3448028564453,197.6600341796875,59.5091438293457,104.72606658935547,158.61000061035156,9.327878952026367,23.397415161132812,77.11712646484375
2020-04-22,255.21331111234483,201.7214586373907,61.257998467186844,104.4864997756546,160.5,9.475802930616107,23.362933705007784,77.12554533564581,255.90097045898438,203.5254669189453,62.871952056884766,104.40094757080078,161.72999572753906,9.458399772644043,23.466384887695312,77.11712646484375
2020-04-23,257.17543239680975,204.3165290973986,62.85268682596333,104.34963171943129,162.38999938964844,9.571517742740904,23.483627309464364,77.1255111694336,255.88262939453125,203.0913543701172,62.2938232421875,104.46940612792969,163.33999633789062,9.432295799255371,23.475006103515625,77.1255111694336
2020-04-24,257.39560066112443,203.52542316050253,62.28899631039997,104.28118760580018,163.1300048828125,9.423594341089192,23.44914433401362,77.12554533564581,259.44940185546875,206.2941436767578,63.5512580871582,104.49507141113281,162.63999938964844,9.310476303100586,23.423280715942383,77.11712646484375
2020-04-27,261.420615255831,208.5612649924583,64.1823829132318,104.24698863178125,161.8800048828125,9.179954967252602,23.328449288166833,77.11712646484375,263.190185546875,207.9534912109375,64.3365478515625,103.93899536132812,161.55999755859375,9.13644790649414,23.362934112548828,77.11712646484375
2020-04-28,266.83019054311086,209.65137833959244,65.42053725469319,104.16142624100372,160.88999938964844,9.179955669936687,23.25948125465233,77.12554533564581,261.97991943359375,204.0367431640625,63.90775680541992,104.39241790771484,160.83999633789062,9.145150184631348,23.33707046508789,77.11712646484375
2020-04-29,267.2978148114988,208.56125422254138,65.05921753001994,104.40096691913195,160.10000610351562,9.32787946117341,23.259479501934592,77.12555541309975,268.8381652832031,211.2720947265625,66.90924835205078,104.34107971191406,161.72999572753906,9.310476303100586,23.242237091064453,77.10871124267578
2020-04-30,267.462857175173,212.18853634004532,66.53345742300623,104.41806406617091,160.22000122070312,9.406192024096082,23.250860833295153,77.10866700867243,266.3351135253906,211.18524169921875,64.42808532714844,104.09295654296875,158.8000030517578,9.484503746032715,23.095684051513672,77.1255111694336
2020-05-01,261.5947967015309,206.93090628411198,63.04539138778474,104.30537102097689,158.0,9.406191311990032,23.095683817088393,77.12891371730848,259.2842712402344,205.23301696777344,61.39289474487305,104.23685455322266,159.77999877929688,9.36268424987793,23.121545791625977,77.112060546875
2020-05-04,257.40472721224256,203.99814349807002,61.13755508361661,104.21115811988103,160.3300018310547,9.345281233275772,23.216375129455887,77.12891371730848,259.99951171875,207.62545776367188,62.072200775146484,104.25398254394531,160.33999633789062,9.475802421569824,23.250858306884766,77.112060546875
2020-05-05,262.81434034545913,209.7671473886203,62.95385165126928,104.01417779595539,160.16000366210938,9.606323375609394,23.27672385202734,77.112060546875,262.4017333984375,209.97938537597656,62.881587982177734,104.1769027709961,161.02000427246094,9.719441413879395,23.268102645874023,77.112060546875
2020-05-06,264.09793589455825,211.65797394294648,63.64761503309596,103.62021274788002,158.99000549316406,9.667232307308904,23.3370705136761,77.12890998324629,260.6229553222656,211.2720947265625,63.618709564208984,103.79150390625,158.9499969482422,9.528010368347168,23.380176544189453,77.1204833984375
2020-05-07,263.8320410550969,213.99261474609375,64.79906012730125,103.88571001643858,159.5,9.710739374993095,23.406038704204818,77.12891371730848,263.7678527832031,213.99261474609375,64.19683837890625,104.42526245117188,161.38999938964844,9.588920593261719,23.311208724975586,77.112060546875
2020-05-08,266.8944094168429,215.66156722780917,64.90505770723433,104.15977766650701,161.0800018310547,9.67593397567018,23.302587509155273,77.112060546875,268.1322021484375,216.9253387451172,65.83488464355469,104.08269500732422,160.4199981689453,9.78905200958252,23.302587509155273,77.112060546875
2020-05-11,266.206792766085,215.6037058473167,65.19893627694844,104.06556322555238,160.33999633789062,9.762948603175529,23.345691466941542,77.11205681362873,268.187255859375,218.8644256591797,65.86860656738281,103.79150390625,159.4199981689453,9.65853214263916,23.388795852661133,77.1204833984375
2020-05-12,269.37000418111256,219.46251531178982,66.29257583780188,103.7401266948707,160.3000030517578,9.658531819034344,23.293966088705236,77.11205681362873,262.8418273925781,214.28199768066406,64.05712890625,104.13408660888672,160.0399932861328,9.580219268798828,23.345691680908203,77.1204833984375
2020-05-13,262.2824804769914,214.80296664173116,64.52444005192879,104.26254036569178,160.94000244140625,9.5628162977976,23.293965875212645,77.1204833984375,258.1932067871094,211.60011291503906,62.920127868652344,104.34818267822266,161.5800018310547,9.484503746032715,23.388795852661133,77.1204833984375
2020-05-14,255.76347804149395,210.2784210438102,62.44317884337302,104.52803478688593,161.52999877929688,9.493205708323494,23.440523118182483,77.12049492272108,261.2830810546875,214.00221252441406,64.68344116210938,104.51090240478516,163.00999450683594,9.64983081817627,23.41465950012207,77.12892150878906
2020-05-15,258.89919065123917,211.05986788943042,62.510622187605655,104.6564918437139,164.02000427246094,9.754246011859262,23.380174436787325,77.12048713209174,262.48419189453125,215.3914337158203,63.209197998046875,104.4423828125,163.92999267578125,9.74554443359375,23.431900024414062,77.112060546875
2020-05-18,268.6915050760796,218.29521869842316,64.82796947071583,104.19403814445782,164.3300018310547,9.963079456068073,23.345689911958488,77.112060546875,270.47943115234375,219.40463256835938,65.93124389648438,103.8000717163086,162.69000244140625,10.0239896774292,23.242237091064453,77.112060546875
2020-05-19,269.88340997902395,219.66509150995978,65.90232998473742,103.77436383963938,163.60000610351562,10.041391813414206,23.216375361247465,77.12048713209174,267.70123291015625,218.854736328125,65.68553161621094,104.09124755859375,164.25999450683594,9.997884750366211,23.22499656677246,77.112060546875
2020-05-20,271.2312398155431,221.40157751308575,67.14050184250533,103.9456587415873,164.5399932861328,10.14580923857497,23.130165120561387,77.12048713209174,272.24896240234375,223.22488403320312,68.06551361083984,104.116943359375,164.64999389648438,10.171913146972656,23.14740753173828,77.112060546875
2020-05-21,272.12068909653203,223.27311144943278,67.90170538242096,104.2196982873556,163.4600067138672,10.198016537396573,23.138788027430863,77.11205681362873,270.36944580078125,220.79379272460938,66.34074401855469,104.18544006347656,162.25,10.128405570983887,23.199134826660156,77.1204833984375
2020-05-22,270.08516244349306,220.3886146113909,66.37447712962398,104.23681560308312,162.8800048828125,10.015289115820293,23.27672385202734,77.12048713209174,270.8828430175781,221.55592346191406,66.48046875,104.38240814208984,163.2100067138672,10.050094604492188,23.268102645874023,77.112060546875
2020-05-26,276.8333877387792,225.12537573858546,68.06070002412577,104.05699147159702,162.5800018310547,10.154510498046875,23.11292481993807,77.1204833984375,274.22027587890625,220.9578094482422,67.05377960205078,104.1083755493164,160.88999938964844,10.154510498046875,23.095684051513672,77.1204833984375
2020-05-27,277.00767242380675,220.6201798492537,67.07786842519923,104.04843164246269,159.4199981689453,10.076197490220768,23.087060928344727,77.112060546875,278.30047607421875,222.16371154785156,68.06551361083984,104.19403076171875,161.17999267578125,10.0239896774292,23.087060928344727,77.112060546875
2020-05-28,279.3273381718324,221.0253005355716,67.68971859308795,104.00558400311111,162.1199951171875,10.0326915093061,23.03533381552418,77.112060546875,277.7869873046875,221.87425231933594,66.61053466796875,104.09979248046875,161.72000122070312,10.07619857788086,22.966365814208984,77.112060546875
2020-05-29,277.31936982817837,222.2505564874424,66.85625404619412,104.2710900605146,162.5800018310547,10.050092797050315,22.914642352613015,77.112060546875,279.0247802734375,225.12539672851562,67.945068359375,104.4338150024414,162.91000366210938,10.250224113464355,22.931884765625,77.112060546875
2020-06-01,278.3828651183529,224.25718826216152,67.88244594761561,104.26409607219102,162.9199981689453,10.206718949262967,22.871534525671898,77.11205681362873,280.1524353027344,225.80072021484375,67.84391021728516,104.39268493652344,163.66000366210938,10.311136245727539,22.802566528320312,77.1204833984375
2020-06-02,281.06940446353366,226.22514694751698,68.1666928047493,104.27264219986914,163.88999938964844,10.380746275317412,22.759462376368617,77.1204833984375,282.47222900390625,227.31527709960938,69.17842102050781,104.22120666503906,162.60000610351562,10.4242525100708,22.776704788208008,77.1204833984375
2020-06-03,284.4526664557033,227.9230564380085,70.22869473747616,103.87829189407597,160.33999633789062,10.398148603253121,22.742220333842774,77.11205681362873,286.2314147949219,228.337890625,71.08625793457031,103.60395812988281,159.60000610351562,10.4242525100708,22.638769149780273,77.1204833984375
2020-06-04,285.2503028822557,227.9905644471948,70.76829197600587,103.44106745047449,161.13999938964844,10.43295415757763,22.656011728074,77.1204833984375,285.4795227050781,226.73643493652344,71.8715591430664,103.19245147705078,161.27999877929688,10.511266708374023,22.55255889892578,77.1204833984375
2020-06-05,290.8616019107014,227.88447038261765,73.38914280858731,102.53232408132344,158.72000122070312,10.693995542593946,22.552556781090157,77.11204902048061,292.79620361328125,231.23202514648438,73.56739807128906,102.67806243896484,158.00999450683594,10.720099449157715,22.595661163330078,77.10362243652344
2020-06-08,293.60304767799335,231.0873154069286,73.89983575214814,102.59233982649619,158.89999389648438,10.711398118224038,22.552558879516177,77.12048713209174,296.3353576660156,233.02639770507812,73.34579467773438,102.78952026367188,159.72000122070312,10.650487899780273,22.535316467285156,77.112060546875
2020-06-09,293.67650345846687,232.1678190782725,72.54123308867464,103.19248041084651,161.10000610351562,10.598280851290573,22.535314740033648,77.112060546875,294.12579345703125,234.71466064453125,73.48069763183594,103.15818786621094,161.25999450683594,10.685294151306152,22.466346740722656,77.112060546875
2020-06-10,294.70338803982554,236.40285830274783,73.9287471353643,103.3981859791441,162.10000610351562,10.693996304419624,22.40599842730076,77.10363022881994,292.4845275878906,237.5315704345703,73.85648345947266,103.9297103881836,163.57000732421875,10.754905700683594,22.354272842407227,77.1204833984375
2020-06-11,285.5712867925123,233.61481468532207,72.01126321552661,104.31553625197293,163.35000610351562,10.519967893636926,22.449107743030027,77.11204902048061,275.6231384277344,225.76205444335938,69.32294464111328,104.29839324951172,162.38999938964844,10.40684986114502,22.57842254638672,77.10362243652344
2020-06-12,282.6188812960742,230.65317733072695,71.3030545916857,104.10975420524284,163.41000366210938,10.51126683076096,22.56980114562963,77.1204833984375,278.9238586425781,227.55645751953125,70.30095672607422,104.06688690185547,162.6199951171875,10.450357437133789,22.638769149780273,77.1204833984375
2020-06-15,273.24832261847223,224.23784466597658,68.759272097312,104.29834877176756,160.52000427246094,10.319836870026208,22.656011718328408,77.1204833984375,281.5277404785156,230.32518005371094,71.21151733398438,103.98114776611328,162.3300018310547,10.546072959899902,22.54393768310547,77.1204833984375
2020-06-16,289.2571484357814,235.1776628133525,73.13862976873685,103.59541348033446,161.85000610351562,10.685294017920794,22.561179910355065,77.11205681362873,286.94659423828125,234.28048706054688,72.32442474365234,103.76687622070312,162.25,10.633086204528809,22.612905502319336,77.1204833984375
2020-06-17,287.9643521488298,235.77583611994174,73.00372272472862,103.86970009527845,162.0,10.598280461336877,22.621526727903984,77.11205681362873,285.7546691894531,235.0233612060547,73.09044647216797,103.9297103881836,162.55999755859375,10.580877304077148,22.63014793395996,77.1204833984375
2020-06-18,284.24169706401284,234.7049632384603,72.95072237336194,104.16978387684378,162.1999969482422,10.563474858012718,22.6818733608416,77.12048713209174,285.86456298828125,235.6600341796875,72.98926544189453,104.16120910644531,162.24000549316406,10.641786575317383,22.716358184814453,77.112060546875
2020-06-19,289.323611161699,238.02360083023623,73.76012110988987,103.92972899429243,162.8699951171875,10.789711123190074,22.673251922016192,77.112060546875,284.23095703125,235.62147521972656,72.64720916748047,104.19548797607422,164.02999877929688,10.728801727294922,22.742219924926758,77.112060546875
2020-06-22,283.6323733290194,235.4899769043614,72.66167761546497,104.29836911583469,165.05999755859375,10.77230797534486,22.69049280906706,77.112060546875,286.05438232421875,238.4471435546875,73.31207275390625,104.10118865966797,165.08999633789062,10.8419189453125,22.621524810791016,77.112060546875
2020-06-23,288.69733429029844,240.04170503853615,73.80830472017081,103.99830183268857,165.6300048828125,10.859321013163564,22.500833296836298,77.112060546875,287.3712158203125,240.47657775878906,73.55296325683594,104.06688690185547,166.47999572753906,10.78971004486084,22.54393768310547,77.112060546875
2020-06-24,285.3359654871181,239.72284846521796,73.1579011809414,103.98117531263547,166.00999450683594,10.754904849714775,22.595663129220117,77.112060546875,280.04071044921875,235.51905822753906,72.01126861572266,104.26408386230469,165.89999389648438,10.519968032836914,22.647390365600586,77.112060546875
2020-06-25,279.4697872300513,235.60598561260514,72.11242449046387,104.41838963278477,165.88999938964844,10.502564571216027,22.71635623519779,77.11205681362873,283.0429382324219,237.7610321044922,72.50267028808594,104.28121948242188,165.8000030517578,10.615682601928711,22.68187141418457,77.1204833984375
2020-06-26,281.94708210428337,237.51942949256085,72.5026893920226,104.41838668586223,164.8699951171875,10.563475285285818,22.699115772828026,77.112060546875,276.3202819824219,232.14630126953125,71.14407348632812,104.56412506103516,166.5399932861328,10.485162734985352,22.716358184814453,77.112060546875
2020-06-29,277.5727234684733,231.90474745989056,71.37049963101806,104.52982858680787,166.55999755859375,10.57217604861543,22.65600949542612,77.112060546875,280.3815002441406,234.67828369140625,71.86672973632812,104.6669921875,166.6300048828125,10.65919017791748,22.724977493286133,77.112060546875
2020-06-30,279.94863284970944,234.6106070254222,72.30995789525595,104.71844240944627,166.30999755859375,10.633086526084675,22.750841334900695,77.112060546875,283.9730224609375,239.2782745361328,73.6155776977539,104.47840118408203,167.3699951171875,10.71139907836914,22.690494537353516,77.112060546875
2020-07-01,285.08739818187286,239.31694810806633,73.66375995657529,104.28104513288878,167.0500030517578,10.77230841565027,22.681873535751826,77.112060546875,285.9622497558594,242.0711669921875,72.77247619628906,104.31536865234375,166.6199951171875,10.798412322998047,22.638769149780273,77.112060546875
2020-07-02,289.38803604130976,244.51611034175,73.77456924250802,104.20384129243095,166.1999969482422,10.85062052401551,22.621524852706955,77.1204833984375,287.5370178222656,243.71400451660156,73.8853759765625,104.44409942626953,166.97999572753906,10.8419189453125,22.656009674072266,77.1204833984375
2020-07-06,291.34967608377184,246.86445275514865,75.23918620459838,104.17807292625302,167.75,10.928933143615723,22.518075699381072,77.112060546875,291.97589111328125,249.70565795898438,75.92330932617188,104.28961944580078,167.97999572753906,10.928933143615723,22.535316467285156,77.112060546875
2020-07-07,290.43791531370204,249.4543908463046,75.71131552056876,104.3668520813681,167.41000366210938,10.885426652431018,22.54393773151836,77.112060546875,288.9644470214844,247.98545837402344,74.97901916503906,104.62427520751953,169.0399932861328,10.937634468078613,22.58704376220703,77.112060546875
2020-07-08,289.72884039147516,249.3094064021136,75.65832186538371,104.444068932389,170.32000732421875,11.0072446901583,22.535314740033648,77.12048713209174,291.1746826171875,251.2518310546875,76.05338287353516,104.46122741699219,170.08999633789062,11.076855659484863,22.466346740722656,77.112060546875
2020-07-09,291.78247001320926,253.16532186684177,76.36171578045662,104.48696284121945,170.47999572753906,11.102961862815603,22.449107704447908,77.112060546875,289.51702880859375,253.36825561523438,77.37345123291016,104.79586791992188,169.6300048828125,10.94633674621582,22.54393768310547,77.112060546875
2020-07-10,289.45251680342045,253.22335943203498,77.35900806793519,104.8988403871068,169.9499969482422,10.981140903203896,22.492212314762657,77.1204833984375,292.4731140136719,255.09815979003906,77.06993865966797,104.58993530273438,169.19000244140625,11.015946388244629,22.50945472717285,77.1204833984375
2020-07-13,294.8122255722936,257.9393477492997,78.24065840850632,104.43551605838896,170.2899932861328,11.033349406176372,22.4749698638916,77.11205681362873,289.9405822753906,249.8506622314453,75.96185302734375,104.7015151977539,169.39999389648438,10.902828216552734,22.4749698638916,77.1204833984375
2020-07-14,288.5223761645233,247.32827358685552,75.46078868113658,104.83877927236652,168.97000122070312,10.85062066073725,22.49221057924235,77.1204833984375,293.69793701171875,251.61904907226562,77.2385482788086,104.69290924072266,170.19000244140625,10.955037117004395,22.43186378479004,77.1204833984375
2020-07-15,296.91194993690715,253.02999212113633,77.71552153460853,104.53847842640101,169.6199951171875,10.9811414770434,22.328411153328965,77.11205681362873,296.396240234375,252.13125610351562,76.8868637084961,104.65860748291016,170.33999633789062,11.08555793762207,22.371517181396484,77.1204833984375
2020-07-16,294.49919068416483,249.34808203778064,76.16419294392995,104.82161375343622,169.8000030517578,11.024647644879725,22.397378983144026,77.12048713209174,295.42010498046875,250.41111755371094,76.82904815673828,104.73580169677734,168.72999572753906,10.998543739318848,22.449106216430664,77.112060546875
2020-07-17,296.42389995374253,250.86527387658973,77.33491959891506,104.78730493093013,169.94000244140625,10.998544060638373,22.388756017560684,77.11205681362873,296.27655029296875,250.7010040283203,77.1855697631836,104.71007537841797,170.1199951171875,11.015946388244629,22.354272842407227,77.1204833984375
2020-07-20,296.0094429242622,251.33883143939602,77.30119225378581,104.85597058309548,170.75999450683594,10.972438627278292,22.35427470883401,77.1204833984375,298.6708984375,257.81365966796875,78.72725677490234,104.77874755859375,170.94000244140625,11.007244110107422,22.31978988647461,77.1204833984375
2020-07-21,300.632362197425,259.3791251644478,79.53181218182971,104.82163355471506,172.52999877929688,11.163870811462402,22.29393019520442,77.1204833984375,299.3062438964844,255.12701416015625,78.33218383789062,104.89027404785156,173.0,11.163870811462402,22.181856155395508,77.1204833984375
2020-07-22,298.94720120561465,255.61991992355135,78.58752746966263,105.01897146526761,174.0500030517578,11.15516885467229,22.112888345452955,77.112060546875,301.0100402832031,256.0257873535156,78.90550231933594,104.9245834350586,175.6300048828125,11.233481407165527,22.121509552001953,77.112060546875
2020-07-23,300.6509058773969,255.61993170517167,78.92477855576139,105.0532983736551,176.1699981689453,11.233481341178509,22.138750269795207,77.11205681362873,297.4184875488281,249.33839416503906,77.60470581054688,105.02755737304688,177.17999267578125,11.207377433776855,22.07840347290039,77.1204833984375
2020-07-24,295.56736989715625,245.5018464097939,76.38581477297282,104.94176487410394,179.13999938964844,11.198675223098917,22.026676391644287,77.12048713209174,295.5028991699219,246.97076416015625,76.82423400878906,104.97608184814453,178.6999969482422,11.22477912902832,21.983572006225586,77.112060546875
2020-07-27,296.19361733148213,248.61360947222738,78.56825719412916,105.06185933121571,181.85000610351562,11.303092192981538,21.837015132502636,77.112060546875,297.6578674316406,251.37747192382812,79.92205047607422,104.81301879882812,182.22999572753906,11.32919692993164,21.819772720336914,77.112060546875
2020-07-28,296.93029101258077,250.59468688564115,78.82360388680995,104.94174536321437,182.02000427246094,11.27698732958826,21.837015171421708,77.11205681362873,295.76995849609375,248.1787109375,77.84559631347656,105.06187438964844,183.75,11.268285751342773,21.854257583618164,77.1204833984375
2020-07-29,296.64485042658015,249.71528018175377,78.53935738119188,105.0704537984045,184.00999450683594,11.311793771964906,21.793910931904232,77.11205681362873,299.4075927734375,251.0392303466797,79.80642700195312,105.19916534423828,185.1300048828125,11.32919692993164,21.750804901123047,77.1204833984375
2020-07-30,296.44227447076116,249.0774532585277,79.11267401489037,105.32788088263341,183.44000244140625,11.189974530039489,21.724941181163977,77.12048713209174,298.33935546875,252.35353088378906,80.5580062866211,105.34503936767578,183.75999450683594,11.198676109313965,21.664592742919922,77.112060546875
2020-07-31,300.1258761780566,256.97295679520306,80.71698176934963,105.23350974445975,184.50999450683594,11.250883678266463,21.681836944271982,77.11205681362873,300.69683837890625,256.85699462890625,80.08103942871094,105.37080383300781,185.42999267578125,11.259584426879883,21.79391098022461,77.1204833984375
2020-08-03,302.35455324026356,258.9926095304385,80.61581157594053,105.21615943963675,185.0500030517578,11.311794156946046,21.88874095949959,77.112060546875,302.7873840332031,260.32623291015625,81.50709533691406,105.3192138671875,185.63999938964844,11.372703552246094,21.79391098022461,77.112060546875
2020-08-04,301.9309475225113,259.8237008188815,81.54564338997066,105.48243400525163,185.61000061035156,11.311793213221177,21.845636750216137,77.1204833984375,303.95697021484375,261.2926330566406,82.69227600097656,105.67994689941406,189.58999633789062,11.433612823486328,21.71632194519043,77.1204833984375
2020-08-05,305.2554171505095,261.77582414920806,82.69227795187219,105.41371815816403,191.64999389648438,11.668550291623347,21.60424425424408,77.112060546875,305.84478759765625,261.9400939941406,82.76454162597656,105.32784271240234,191.35000610351562,11.529328346252441,21.62148666381836,77.112060546875
2020-08-06,305.2645475255263,261.74688693072375,82.73081712148375,105.53394215479692,193.74000549316406,11.642446452007402,21.630107868605503,77.112060546875,307.8891296386719,265.4095153808594,82.62001037597656,105.44806671142578,193.88999938964844,11.616342544555664,21.62148666381836,77.112060546875
2020-08-07,306.9222424636981,264.86827313898436,82.49474900203042,105.48243302807154,192.7100067138672,11.538029344662244,21.76804731343552,77.1204833984375,308.1102294921875,262.34600830078125,81.67091369628906,105.22480010986328,190.80999755859375,11.459716796875,21.750804901123047,77.1204833984375
2020-08-10,308.56148325207386,262.6359892995956,81.93588208418856,105.37078553745664,191.1999969482422,11.538029225144665,21.785287857055664,77.11205681362873,309.0311584472656,261.2250671386719,81.72871398925781,105.1131591796875,190.14999389648438,11.520626068115234,21.785287857055664,77.1204833984375
2020-08-11,310.2098820833046,260.0653338621166,81.7431641924029,104.73531578766745,183.57000732421875,11.511924725438718,21.776668334249532,77.112060546875,306.48016357421875,256.277099609375,80.57244873046875,104.75249481201172,179.94000244140625,11.337897300720215,21.819772720336914,77.112060546875
2020-08-12,308.91146746286313,258.4321538139539,81.28547999537618,104.46909847110797,182.61000061035156,11.442313639665297,21.750804901123047,77.112060546875,310.7532958984375,262.722900390625,83.10659790039062,104.4433364868164,179.10000610351562,11.459716796875,21.750804901123047,77.112060546875
2020-08-13,309.98892606516085,263.4959951861173,83.06324664368331,104.4261353087752,181.55999755859375,11.494522162399289,21.69907929886765,77.1204833984375,310.1915283203125,263.3220520019531,82.31649017333984,104.22862243652344,183.3300018310547,11.520626068115234,21.742183685302734,77.1204833984375
2020-08-14,309.80472777793506,263.9404520425129,82.55256418757286,104.32309236853001,183.44000244140625,11.52932764662995,21.69907952312861,77.112060546875,310.2007141113281,263.0127258300781,82.22976684570312,104.2801513671875,182.5399932861328,11.520626068115234,21.707700729370117,77.112060546875
2020-08-17,311.2136919707807,264.72329265771594,83.18369373750419,104.5034500761788,184.69000244140625,11.60764065678892,21.655973383064513,77.12048713209174,311.1860656738281,266.06658935546875,83.42939758300781,104.45191955566406,186.5,11.712057113647461,21.61286735534668,77.112060546875
2020-08-18,311.5821378053685,267.12960933131745,83.77627297692884,104.56355149184158,189.17999267578125,11.72075875904171,21.483552942862705,77.1204833984375,311.8584289550781,268.62750244140625,82.91389465332031,104.63224792480469,188.17999267578125,11.738161087036133,21.49217414855957,77.1204833984375
2020-08-19,312.2359484919656,268.5889470057557,83.07286778646673,104.68374952129524,187.2100067138672,11.73816127556066,21.50941597755849,77.1204833984375,310.5599060058594,266.8204650878906,82.40802001953125,104.49481964111328,182.24000549316406,11.70335578918457,21.664592742919922,77.1204833984375
2020-08-20,308.8377131218765,266.02792784397764,81.50709713944157,104.81258154681589,181.19000244140625,11.590236487116613,21.716320167212594,77.11205681362873,311.52679443359375,270.5216369628906,81.74798583984375,104.79540252685547,183.5,11.685952186584473,21.604246139526367,77.1204833984375
2020-08-21,311.1953037485117,270.71500467864485,81.71908678868101,104.86409878402716,182.13999938964844,11.55543276338788,21.724943141853128,77.1204833984375,312.6319274902344,272.3965148925781,82.34058380126953,104.87268829345703,182.02999877929688,11.572835922241211,21.707700729370117,77.1204833984375
2020-08-24,315.06311760311377,275.6628683241252,83.26076093202713,104.84694967609784,182.91000366210938,11.659848145838296,21.64735370628016,77.11205681362873,315.79986572265625,274.0973205566406,83.07286071777344,104.72672271728516,181.0,11.633744239807129,21.742183685302734,77.1204833984375
2020-08-25,316.3615713629793,273.32406729956034,83.26558036742901,104.39179438432076,181.05999755859375,11.738161341673338,21.673213948383356,77.112060546875,316.9049072265625,276.2522277832031,84.01233673095703,104.47767639160156,181.22000122070312,11.729459762573242,21.664592742919922,77.112060546875
2020-08-26,317.4943564112972,277.49909334907994,84.22433384317013,104.37460943360837,180.25999450683594,11.729459000357993,21.716320208483435,77.112060546875,320.0821228027344,282.1474304199219,84.47967529296875,104.43472290039062,183.36000061035156,11.755563735961914,21.638731002807617,77.112060546875
2020-08-27,320.94785991195465,283.12336564188365,84.76873230088587,104.65803497657282,185.0,11.781668084886489,21.569762771475737,77.112060546875,320.7820739746094,281.26788330078125,83.29449462890625,104.06548309326172,181.24000549316406,11.712057113647461,21.664592742919922,77.112060546875
2020-08-28,321.80420702373715,282.50492177324173,83.54019317886336,104.26298929866239,183.97999572753906,11.764266080013456,21.518036121323316,77.11205681362873,322.8540344238281,282.6982116699219,84.61937713623047,104.23722076416016,184.38999938964844,11.790369987487793,21.49217414855957,77.1204833984375
2020-08-31,322.6422984405211,283.2200131571455,84.35922897874623,104.2543814812584,184.7899932861328,11.833876351029843,21.466310501098633,77.11205681362873,321.6845397949219,284.96917724609375,84.48930358886719,104.34884643554688,184.8300018310547,11.781667709350586,21.466310501098633,77.1204833984375
2020-09-01,322.5132963995055,287.61709768256185,85.13006348604216,104.32996804122791,186.99000549316406,11.825175218861666,21.380100138952322,77.1204833984375,324.71429443359375,289.8398132324219,86.14661407470703,104.69091033935547,185.0500030517578,11.799071311950684,21.509416580200195,77.1204833984375
2020-09-02,326.6206116646277,293.08683237877307,87.587133984307,104.60495031536794,183.75,11.781667499834617,21.595625176543827,77.1204833984375,329.4109802246094,292.5843200683594,88.43024444580078,104.83698272705078,182.6199951171875,11.64244556427002,21.587005615234375,77.1204833984375
2020-09-03,327.7256853866652,288.08095897355446,87.11498942392075,104.91429976829936,182.3000030517578,11.572835156290095,21.612867334776777,77.12048713209174,318.07452392578125,277.750244140625,83.73291015625,104.97445678710938,181.13999938964844,11.538029670715332,21.595624923706055,77.112060546875
2020-09-04,318.75605256613443,275.9624750809595,83.05360647286892,104.69947947918524,180.9499969482422,11.503223792258357,21.67321608156886,77.11205681362873,315.47760009765625,274.04901123046875,82.58146667480469,104.39009857177734,181.63999938964844,11.433612823486328,21.630111694335938,77.1204833984375
2020-09-08,310.0810183653904,263.0708013495206,79.39691465100775,104.6221374580953,179.5,11.12906462652218,21.73356247915033,77.11205681362873,306.8578186035156,260.8771057128906,78.91995239257812,104.6135482788086,181.2899932861328,11.155168533325195,21.742183685302734,77.1204833984375
2020-09-09,310.8545526760322,266.3759134362451,80.85671436901063,104.63931444163143,182.5,11.189973459003362,21.724943141853128,77.12048713209174,312.91741943359375,268.5406188964844,81.17950439453125,104.56196594238281,183.0500030517578,11.259584426879883,21.707700729370117,77.112060546875
2020-09-10,314.78685053527204,271.49776270032766,82.13340195927749,104.42450148454132,184.22999572753906,11.250883660512317,21.612868891277135,77.112060546875,307.4840087890625,263.1867980957031,80.15811920166016,104.69091033935547,182.4600067138672,11.146467208862305,21.750804901123047,77.112060546875
2020-09-11,309.26138178450964,264.935948179579,80.84226274822808,104.74243923966816,183.13999938964844,11.189973644513046,21.69907952312861,77.12047560443777,307.64056396484375,261.3603210449219,80.00396728515625,104.85416412353516,182.4499969482422,11.22477912902832,21.707700729370117,77.10362243652344
2020-09-14,310.7992477225099,265.1388877146155,81.87808033103813,104.86275852276648,183.57000732421875,11.207377499610535,21.63872911749019,77.11205681362873,311.6925354003906,265.9120178222656,81.80581665039062,104.75963592529297,183.88999938964844,11.233481407165527,21.65597152709961,77.1204833984375
2020-09-15,314.14218543935834,269.6519176702054,82.95243289878806,104.6994796688863,184.4600067138672,11.250883492896573,21.638730781196816,77.11204902048061,313.267333984375,269.680908203125,83.52574920654297,104.70806884765625,183.4499969482422,11.294389724731445,21.673213958740234,77.10362243652344
2020-09-16,314.50143147881846,270.47342130961704,84.06052697890152,104.84558893232143,184.97999572753906,11.372703177457232,21.63873271421286,77.10363022881994,312.024169921875,265.3805236816406,82.49957275390625,104.6479263305664,183.97000122070312,11.50322437286377,21.699079513549805,77.1204833984375
2020-09-17,307.1801021515254,258.55766907170937,80.2255714563455,104.88855507951448,181.9199981689453,11.442313659312745,21.72493947693737,77.11205681362873,309.27978515625,261.2345886230469,82.3116683959961,104.68229675292969,182.9600067138672,11.633744239807129,21.62148666381836,77.1204833984375
2020-09-18,310.0833240814501,262.65525804629056,82.78862898269529,104.71667837609156,183.07000732421875,11.633743547799444,21.64735221862793,77.11204902048061,305.7192077636719,257.9006042480469,81.06868743896484,104.5877685546875,183.1999969482422,11.685952186584473,21.64735221862793,77.10362243652344
2020-09-21,301.1424482202814,253.64842827014834,79.70042711542757,104.8542039990443,179.83999633789062,11.529328851355375,21.759426165149094,77.10362243652344,302.3166809082031,258.51904296875,81.10722351074219,104.77685546875,179.52000427246094,11.398808479309082,21.802532196044922,77.10362243652344
2020-09-22,303.79599750028683,260.91571998677773,81.58901665933243,104.77685546875,179.6300048828125,11.416210553035889,21.81115132000872,77.12047560443777,305.3955383300781,263.3220520019531,81.77208709716797,104.77685546875,178.64999389648438,11.346599578857422,21.88011932373047,77.10362243652344
2020-09-23,305.95029107636867,263.00314239075476,81.85397888103495,104.77685546875,176.97999572753906,11.311792674612473,21.940465738378215,77.11204902048061,298.3131103515625,255.2816925048828,79.90278625488281,104.77685546875,174.7899932861328,11.21607780456543,22.000812530517578,77.10362243652344
2020-09-24,297.0001276478436,252.60474564076068,79.15602437778675,104.81983443704875,174.36000061035156,11.181272458372433,22.018054898393057,77.112060546875,299.10821533203125,256.4703063964844,80.60135650634766,104.82843017578125,175.44000244140625,11.268285751342773,21.966327667236328,77.112060546875
2020-09-25,298.25759348900306,256.9728534724651,80.38937064272193,104.89712280134135,174.41000366210938,11.24218184643449,22.043916680867802,77.11204902048061,303.94390869140625,262.4329528808594,81.53600311279297,104.91431427001953,174.94000244140625,11.268285751342773,22.026674270629883,77.10362243652344
2020-09-28,308.09538490645014,267.28429694651027,82.79826065926393,104.87997084426502,175.8300018310547,11.303092005736904,21.940467591216564,77.112060546875,308.99224853515625,267.88348388671875,83.6076431274414,104.89715576171875,176.6999969482422,11.364002227783203,21.95770835876465,77.112060546875
2020-09-29,308.78884527571864,267.32300239118837,83.41012324023724,104.95726532080748,177.19000244140625,11.294390801403262,21.897361969782366,77.10363396165826,307.3094787597656,266.675537109375,84.05088806152344,104.97445678710938,178.19000244140625,11.233481407165527,21.854257583618164,77.112060546875
2020-09-30,307.9752282610911,266.8687203661687,83.89190806397245,104.87138148841925,177.7100067138672,11.259584941369042,21.897361969782366,77.11204902048061,309.6395263671875,268.5019226074219,83.92562866210938,104.69091033935547,177.1199951171875,11.364002227783203,21.854257583618164,77.10362243652344
2020-10-01,312.2283039383906,272.31914057892124,85.52993640762621,104.50942173622543,178.7100067138672,11.294390098058868,21.837015132502636,77.10362243652344,311.6273193359375,272.763671875,85.99726104736328,104.75020599365234,178.6999969482422,11.22477912902832,21.819772720336914,77.10362243652344
2020-10-02,306.69000965854815,266.74306496429404,84.0846091940151,104.83618501193956,178.69000244140625,11.033350122246867,21.87150001525879,77.11204902048061,308.66864013671875,265.0905456542969,83.41975402832031,104.6469955444336,178.5399932861328,11.08555793762207,21.87150001525879,77.10362243652344
2020-10-05,310.7212096486976,267.05227864443094,84.20986874370374,104.3546716415692,179.02000427246094,11.285690248935781,21.785289754751698,77.11204902048061,314.1422424316406,270.743896484375,86.26224517822266,103.98489379882812,179.41000366210938,11.372703552246094,21.776668548583984,77.10362243652344
2020-10-06,314.2809115493329,270.05784139208856,86.05507001462428,104.01069052630164,180.16000366210938,11.485821146431238,21.742183529308413,77.10363396165826,309.6763916015625,265.9120178222656,85.50584411621094,104.22567749023438,177.3000030517578,11.416210174560547,21.83701515197754,77.112060546875
2020-10-07,312.62593551915137,268.5502828158838,86.79702053630218,104.02786343351714,177.08999633789062,11.451015218270149,21.819772710595615,77.10362243652344,315.06689453125,270.5120544433594,87.33660888671875,103.92466735839844,177.22000122070312,11.459716796875,21.8111515045166,77.10362243652344
2020-10-08,316.9992592418316,272.90865190404514,88.2808913433035,104.04504844908928,178.17999267578125,11.564134342814546,21.811151757897143,77.10362243652344,317.859130859375,271.9519348144531,88.4061508178711,104.11384582519531,177.85000610351562,11.572835922241211,21.802532196044922,77.10362243652344
2020-10-09,319.50498071538817,273.5948309130464,89.7406814117328,104.02784954286743,180.1300048828125,11.59893964080856,21.6990775751429,77.10362243652344,320.6977233886719,276.1074523925781,89.92375183105469,104.06224822998047,181.0800018310547,11.607641220092773,21.673213958740234,77.10362243652344
2020-10-12,323.23107167134015,280.7846765810854,91.17156159759291,104.10525962074601,180.57000732421875,11.598938803305922,21.664592985420978,77.10363396165826,325.85693359375,284.63092041015625,91.50880432128906,104.17405700683594,180.55999755859375,11.485820770263672,21.64735221862793,77.112060546875
2020-10-13,325.7182319216309,286.42860514999035,91.5714419852084,104.28585128991811,178.55999755859375,11.503223994773817,21.742183723913122,77.11204902048061,323.7303466796875,284.6214294433594,91.23419189453125,104.40625,177.72000122070312,11.511924743652344,21.776668548583984,77.10362243652344
2020-10-14,324.30363883511666,285.423420825431,91.62442684876575,104.46645488341483,179.08999633789062,11.555432131517524,21.733560814827502,77.10362243652344,321.6962585449219,282.2439880371094,90.75241088867188,104.4406509399414,178.27000427246094,11.590237617492676,21.72494125366211,77.10362243652344
2020-10-15,317.7944619067174,277.5472971156975,89.08546833408262,104.55246095824174,177.7100067138672,11.433614098463005,21.828392028808594,77.11204902048061,321.2987060546875,280.3498229980469,90.40071868896484,104.32887268066406,178.9199981689453,11.625043869018555,21.828392028808594,77.10362243652344
2020-10-16,322.648589773227,281.992696521591,91.0655622908631,104.32884994344833,179.22000122070312,11.529327837860135,21.793910989865758,77.112060546875,321.1045227050781,278.81329345703125,89.83702850341797,104.2686538696289,178.3000030517578,11.546730995178223,21.802532196044922,77.112060546875
2020-10-19,322.36198948401005,280.7267511204607,90.50188832815891,104.07084523336961,179.41000366210938,11.625042333305354,21.69907928921508,77.112060546875,316.22265625,274.2615966796875,89.393798828125,104.09664916992188,178.38999938964844,11.555431365966797,21.733562469482422,77.112060546875
2020-10-20,317.5633049958053,274.9961184692675,90.0201128909182,103.96764924988638,178.5399932861328,11.572834160740378,21.681835153846794,77.10362243652344,317.4893493652344,274.8511657714844,89.466064453125,103.87305450439453,179.25,11.685952186584473,21.664592742919922,77.10362243652344
2020-10-21,317.4431044735385,275.10242791455397,89.61059694855635,103.74406731558345,180.47000122070312,11.659848589442978,21.595625135726294,77.10362243652344,316.88836669921875,274.6385498046875,88.89274597167969,103.73546600341797,180.60000610351562,11.590237617492676,21.552520751953125,77.10362243652344
2020-10-22,317.1010016263074,275.4695390091383,88.9312877166778,103.64951930816326,178.8800048828125,11.598939960275215,21.587005413799346,77.10363396165826,318.6265869140625,274.6287841796875,88.85902404785156,103.37433624267578,178.8300018310547,11.625043869018555,21.638731002807617,77.112060546875
2020-10-23,319.84711952294293,275.198942920618,88.75784806407667,103.35712981870554,179.08999633789062,11.625042969738125,21.578384409598076,77.112060546875,319.70843505859375,275.1699523925781,88.64704132080078,103.52051544189453,178.63999938964844,11.538029670715332,21.587005615234375,77.112060546875
2020-10-26,316.333567187947,272.8893580043621,87.95810635081584,103.74408242630845,178.75,11.45971768538468,21.630109565392985,77.10363396165826,313.8001708984375,271.0435485839844,86.74884033203125,103.7956771850586,178.5500030517578,11.372703552246094,21.664592742919922,77.112060546875
2020-10-27,314.1422764667609,272.03895649879405,87.45223211029777,103.94190721617255,178.7100067138672,11.433613144644392,21.60424425424408,77.10362243652344,312.7183837890625,273.15997314453125,86.45013427734375,104.02790069580078,179.02000427246094,11.45101547241211,21.62148666381836,77.10362243652344
2020-10-28,307.05992076846246,268.66621736451685,84.96627229891534,104.18267165263345,176.4499969482422,11.189973441345332,21.750803004190363,77.11204902048061,302.03009033203125,262.51031494140625,83.66065216064453,104.01927947998047,176.1300048828125,11.146467208862305,21.759424209594727,77.10362243652344
2020-10-29,302.26110998803335,263.82462976777094,83.76663288182469,103.98488022709381,175.02000427246094,10.894126913283875,21.811149639082537,77.10363396165826,305.0996398925781,267.1007080078125,85.72747039794922,103.58070373535156,175.39999389648438,11.007244110107422,21.84563446044922,77.112060546875
2020-10-30,303.52783260839107,265.1195207094076,84.69165571502806,103.53769352132224,177.17999267578125,11.02464726643607,21.828393984729335,77.112060546875,301.9190368652344,260.32623291015625,84.2869644165039,103.24530792236328,176.1999969482422,11.007244110107422,21.87150001525879,77.112060546875
2020-11-02,305.3030090332031,262.71327351609733,85.03853083379892,103.55165314275692,177.4499969482422,10.989842935830476,21.9146022585482,77.10363396165826,305.3030090332031,260.9061279296875,84.94217681884766,103.4225845336914,177.91000366210938,11.207377433776855,21.89735984802246,77.112060546875
2020-11-03,308.5299804346644,262.8195357753075,85.67447813466985,103.26767904127067,178.9499969482422,11.31179351479391,21.75080493008084,77.10363396165826,310.69354248046875,265.41912841796875,86.71029663085938,103.19023132324219,178.9199981689453,11.27698802947998,21.776668548583984,77.112060546875
2020-11-04,315.1593778065313,274.05866644513554,88.59887014744342,104.05934143066406,178.92999267578125,11.355301412017555,21.78528971606476,77.11204902048061,317.6373291015625,277.26708984375,89.8900375366211,104.05934143066406,178.82000732421875,11.398808479309082,21.742183685302734,77.10362243652344
2020-11-05,322.907491721787,283.6645554752687,92.21219757751862,104.10238661780811,181.0,11.494522536573745,21.561141937148005,77.10363396165826,323.83209228515625,284.49566650390625,93.46000671386719,104.04215240478516,182.92999267578125,11.45101547241211,21.5352783203125,77.112060546875
2020-11-06,323.5454798982403,283.8385065209368,93.315466589032,103.71514477549871,183.39999389648438,11.44231433680944,21.483552902320113,77.11204902048061,323.7581481933594,284.708251953125,94.91014862060547,103.6893310546875,183.19000244140625,11.407508850097656,21.45768928527832,77.10362243652344
2020-11-09,336.5268178489835,287.64605743551107,97.23232555603789,102.90626365166197,176.4199981689453,11.694653683240887,21.43182695151466,77.112060546875,327.8263244628906,278.89056396484375,93.87433624267578,102.92347717285156,175.0800018310547,11.546730995178223,21.595624923706055,77.112060546875
2020-11-10,326.8370947712311,275.585592558968,93.32028418876588,102.58789210518177,176.75,11.67725150787594,21.55252054035607,77.10362243652344,327.34564208984375,273.8944091796875,90.9692153930664,102.63091278076172,175.66000366210938,11.772966384887695,21.595624923706055,77.10362243652344
2020-11-11,329.5275920192219,276.41662421306324,92.50125237447625,102.63952182695289,174.6999969482422,11.877383222463543,21.655971482966923,77.10362243652344,329.7772521972656,280.0212707519531,94.16820526123047,102.7944107055664,174.89999389648438,11.764266014099121,21.62148666381836,77.10362243652344
2020-11-12,328.7693928828868,280.98766676986247,94.27902210375932,103.10419744756413,176.0399932861328,11.807771474033757,21.638729073392643,77.11204902048061,326.5780944824219,278.70697021484375,93.15166473388672,103.37955474853516,175.9600067138672,11.668549537658691,21.62148666381836,77.10362243652344
2020-11-13,328.48288202805907,280.41757126067967,94.35128670511219,103.33649990400693,177.64999389648438,11.66855035945914,21.595625166351677,77.10363396165826,331.0995178222656,281.1520080566406,94.52472686767578,103.24185180664062,177.16000366210938,11.616342544555664,21.578384399414062,77.112060546875
2020-11-16,333.762310414162,280.85236889928893,95.26666348835407,103.17297443251556,177.22999572753906,11.78166878779569,21.5611438373273,77.10363396165826,335.232421875,283.3456726074219,97.18413543701172,103.16436767578125,177.14999389648438,11.720759391784668,21.52665901184082,77.112060546875
2020-11-17,332.82842818706325,283.53892523768616,96.9576973399966,103.36236370805031,177.25,11.659848031737273,21.474931737165836,77.10363396165826,333.4294128417969,282.4468994140625,96.06640625,103.43119812011719,176.5,11.755563735961914,21.49217414855957,77.112060546875
2020-11-18,333.697561213107,281.89614508655745,96.57710748854713,103.50001390869302,176.25999450683594,11.799071121204904,21.48355295297803,77.112060546875,329.4166564941406,280.35955810546875,95.58946228027344,103.39675903320312,175.49000549316406,11.772966384887695,21.500795364379883,77.112060546875
2020-11-19,328.7879360767462,279.8087077505035,95.08841056270126,103.50863647460938,174.3000030517578,11.729459320853907,21.56114211930315,77.112060546875,330.8035583496094,282.5532531738281,96.83726501464844,103.50863647460938,175.16000366210938,11.772966384887695,21.466310501098633,77.112060546875
2020-11-20,330.54466445649757,282.4758445198724,97.0347782609787,103.56025588559567,176.1199951171875,11.799071124531048,21.457689325772105,77.10363396165826,328.53826904296875,280.6203918457031,96.34583282470703,103.6893310546875,175.69000244140625,11.833876609802246,21.49217414855957,77.112060546875
2020-11-23,330.3412386076394,281.6158651847637,97.08296308887167,103.55164537211192,175.10000610351562,11.886084235100492,21.423207824035345,77.112060546875,330.5076599121094,280.6301574707031,97.82971954345703,103.4828109741211,172.22999572753906,11.868681907653809,21.52665901184082,77.112060546875
2020-11-24,333.0503479254816,281.69314387810886,98.47048912805477,103.40536096868371,169.3000030517578,12.02530651634575,21.500797451206477,77.10363396165826,335.8334045410156,284.572998046875,98.1380615234375,103.3193130493164,169.58999633789062,12.12102222442627,21.423208236694336,77.112060546875
2020-11-25,335.75020670349176,285.63601463555347,98.23440888330627,103.39677938617777,169.97999572753906,12.208035913329608,21.423208199503957,77.10362243652344,335.3156433105469,286.3221435546875,98.13323974609375,103.35375213623047,169.50999450683594,12.225439071655273,21.388723373413086,77.10362243652344
2020-11-27,336.40661695536556,288.2839640336523,98.81254400646739,103.52586935437246,166.89999389648438,12.17323131255235,21.380100473343923,77.10363396165826,336.24945068359375,288.96044921875,99.448486328125,103.6635513305664,167.7899932861328,12.199336051940918,21.345617294311523,77.112060546875
2020-11-30,335.47279650501997,289.2792776101499,99.61230222794019,103.6205174019317,166.67999267578125,12.208036102914283,21.28527029568484,77.10362243652344,334.7608642578125,289.54986572265625,100.50359344482422,103.5947036743164,166.6699981689453,12.12972354888916,21.397342681884766,77.10362243652344
2020-12-01,338.00624890506265,291.82095179431667,101.47678800364956,103.30192400473769,169.75999450683594,12.164528267692388,21.311130922442267,77.0977554321289,338.42230224609375,293.2608642578125,102.32952880859375,103.0436019897461,170.17999267578125,12.094917297363281,21.207679748535156,77.0977554321289
2020-12-02,337.3127522431998,292.09152566494623,102.29098708049153,102.94888395894462,170.57000732421875,12.060112068142802,21.23354359995641,77.09771970541459,339.13421630859375,293.63775634765625,102.7390365600586,102.87139129638672,171.4600067138672,12.147126197814941,21.18181800842285,77.10614013671875
2020-12-03,339.03258456312386,293.94696439192273,103.39906865523463,103.02639360512859,172.63999938964844,12.121021660321727,21.069744110107422,77.10614013671875,339.0418395996094,294.0532531738281,102.70049285888672,103.14694213867188,172.80999755859375,12.164527893066406,21.069744110107422,77.10614013671875
2020-12-04,339.62423252861316,294.10157996888324,103.32198449992069,102.81974014572934,172.77999877929688,12.190633838987923,21.043882165631242,77.10614375816569,341.9634704589844,295.2515869140625,105.6971435546875,102.74224090576172,172.32000732421875,12.216737747192383,21.09560775756836,77.11457061767578
2020-12-07,341.1960744141505,295.4352427472378,106.38610120605576,102.99190429306661,172.55999755859375,12.155828351439215,21.104227097655723,77.10617586733504,341.26080322265625,296.9234924316406,106.29937744140625,103.060791015625,174.88999938964844,12.216737747192383,21.130090713500977,77.0977554321289
2020-12-08,339.99411677063375,296.44995158477576,106.24636364630676,103.2502428663334,175.50999450683594,12.208035659173134,21.11285023795108,77.0977554321289,342.2593994140625,297.92852783203125,106.43907165527344,103.16413116455078,175.5,12.234140396118164,21.155956268310547,77.0977554321289
2020-12-09,342.9158669849853,297.71588317593665,105.88985226341407,102.97470537562873,173.9199981689453,12.286348787705654,21.13009049299322,77.10617586733504,339.1897277832031,291.1830749511719,103.14372253417969,103.01776123046875,172.5,12.242841720581055,21.164573669433594,77.0977554321289
2020-12-10,337.82129446332254,289.1536067186027,102.21871959840306,103.10385056885046,172.89999389648438,12.35595951391232,21.16457385859512,77.10617586733504,339.0787658691406,292.35235595703125,103.22081756591797,103.25023651123047,172.1699981689453,12.425570487976074,21.10422706604004,77.0977554321289
2020-12-11,337.38674768616795,290.699840928819,102.53187212613199,103.39664254764118,172.25,12.37336190892209,21.13871385616676,77.09771970541459,338.6811828613281,291.70489501953125,102.38251495361328,103.45691680908203,172.49000549316406,12.390764236450195,21.155956268310547,77.10614013671875
2020-12-14,340.844683926744,292.8935940648919,103.29307379949061,103.18997673248275,171.91000366210938,12.434272067191111,21.043882165631242,77.0977554321289,337.1647644042969,293.82135009765625,103.42797088623047,103.39663696289062,171.5399932861328,12.425570487976074,21.09560775756836,77.0977554321289
2020-12-15,339.69829722459764,296.07303550095884,104.73359221860812,103.26748118499663,173.42999267578125,12.451675037728842,21.05250164701909,77.0977554321289,341.7231750488281,296.9621276855469,105.05156707763672,103.2933120727539,173.94000244140625,12.521286010742188,21.02663803100586,77.0977554321289
2020-12-16,341.93578357691985,297.35832790563893,105.4899866463626,103.06080446040772,174.1300048828125,12.556092072019691,20.97491267459513,77.09771970541459,342.2593994140625,298.5953063964844,105.00820922851562,103.20718383789062,174.89999389648438,12.590897560119629,21.000776290893555,77.10614013671875
2020-12-17,343.8959099470601,300.18986457531184,105.66823863034979,103.3820790465831,177.14999389648438,12.704015541733472,20.880081187092497,77.09771970541459,344.17327880859375,300.54742431640625,104.98411560058594,103.13221740722656,176.74000549316406,12.738821029663086,20.888702392578125,77.10614013671875
2020-12-18,344.461170106029,301.1852074445999,105.11900997011374,103.20978561755324,176.64999389648438,12.764924370027083,20.923189153672332,77.10614013671875,342.799072265625,299.63897705078125,104.6227798461914,103.04608154296875,176.44000244140625,12.782326698303223,20.914567947387695,77.10614013671875
2020-12-21,338.88995381488303,296.6968099330535,103.02281617798519,103.20978084002009,176.2899932861328,12.52998626481238,21.009399356316955,77.09771970541459,341.57342529296875,299.0784606933594,104.09496307373047,103.11500549316406,175.8800048828125,12.651805877685547,20.957672119140625,77.10614013671875
2020-12-22,341.8983673411588,299.97888340783595,104.25990262867674,103.24422459841794,176.1999969482422,12.564791544534113,20.983533700842326,77.10614013671875,340.9976806640625,299.8917541503906,103.91060638427734,103.28730010986328,174.49000549316406,12.51258373260498,21.069744110107422,77.10614013671875
2020-12-23,341.96333381663726,299.9400419452799,104.06100501152072,103.08916539947283,175.10000610351562,12.590895980752704,20.97491455078125,77.0977554321289,341.3040771484375,298.38134765625,103.1343994140625,103.07192993164062,175.64999389648438,12.669208526611328,20.97491455078125,77.0977554321289
2020-12-24,341.77771744079797,298.6427877632281,103.43032279806027,103.16670684637177,175.5500030517578,12.643103606448415,20.974914569998145,77.10614013671875,342.6319885253906,299.69805908203125,104.24049377441406,103.2184066772461,176.35000610351562,12.70401382446289,20.992156982421875,77.10614013671875
2020-12-28,345.17611443159626,302.30236444379983,105.40967413459158,103.05471263578058,177.25999450683594,12.695312874189808,20.957672157574414,77.09771970541459,345.5754089355469,302.7186584472656,104.03189849853516,103.2270278930664,175.7100067138672,12.625701904296875,20.992156982421875,77.10614013671875
2020-12-29,347.09821664709926,304.04495619915394,104.63345628563243,103.08053050902552,176.25,12.643104997381672,20.923187255859375,77.10614013671875,344.9161376953125,302.98968505859375,103.7699203491211,103.20977020263672,176.35000610351562,12.660508155822754,20.923187255859375,77.10614013671875
2020-12-30,345.7332289197448,304.1515422088258,104.37633827844995,103.16670621930632,176.44000244140625,12.651806894924906,20.86284062171128,77.0977554321289,345.4082336425781,302.99945068359375,105.68620300292969,103.27871704101562,177.6999969482422,12.738821029663086,20.836977005004883,77.0977554321289
2020-12-31,345.2132645868987,302.90253333655266,105.73956579890701,103.26147574695071,178.07000732421875,12.704014723460798,20.836978716136638,77.09771970541459,347.1632080078125,303.74481201171875,105.96272277832031,103.3476333618164,178.36000061035156,12.791028022766113,20.89732551574707,77.10614013671875
2021-01-04,348.4910332362678,305.071236411445,106.99606138418795,103.11499473420062,181.97000122070312,12.91284705088783,20.80249391001435,77.10614013671875,342.43695068359375,299.4560241699219,106.17618560791016,103.37347412109375,182.3300018310547,12.721416473388672,20.914567947387695,77.10614013671875
2021-01-05,341.79617780811327,298.4685595752302,105.97727467527207,103.27869255678279,182.8699951171875,12.956354850997586,20.862842747852703,77.0977554321289,344.79534912109375,301.9248046875,108.03424072265625,103.13221740722656,182.8699951171875,13.078173637390137,20.793874740600586,77.0977554321289
2021-01-06,343.291214067815,297.2196266305306,107.13189247027928,102.63253738727038,181.49000549316406,13.095577239990234,20.845600306734102,77.09771970541459,346.8568115234375,297.742431640625,107.704345703125,102.52914428710938,179.89999389648438,13.095577239990234,20.76801109313965,77.10614013671875
2021-01-07,349.2245372676321,300.39512444280655,109.54300919333528,102.16726684570312,179.69000244140625,13.147783978994516,20.871459981606865,77.09771970541459,352.0101623535156,304.9454040527344,112.1481704711914,102.16726684570312,179.47999572753906,13.156485557556152,20.888702392578125,77.10614013671875
2021-01-08,353.39376410680273,307.2302314187697,114.06444087086244,101.96907342699649,176.8300018310547,13.243501029395881,20.854219256164885,77.0977554321289,354.0158996582031,308.86639404296875,111.7455062866211,101.87429809570312,173.33999633789062,13.260903358459473,20.923187255859375,77.0977554321289
2021-01-11,350.8495752953006,305.9135892944069,111.30888876258742,101.79679998174502,172.13999938964844,13.12168077040149,21.06974408916804,77.09771970541459,351.6295471191406,304.4032897949219,113.4192123413086,101.67617797851562,173.0,13.16518783569336,21.052501678466797,77.10614013671875
2021-01-12,351.8152146876118,304.44202606910045,114.40403939760049,101.46934674367525,173.1300048828125,13.304409166189247,21.043882781751698,77.10617586733504,351.7037658691406,303.91925048828125,113.94801330566406,101.65889739990234,174.1199951171875,13.417527198791504,20.940431594848633,77.0977554321289
2021-01-13,351.6294773146356,304.1805196299968,114.73391994312165,101.81397762004038,173.67999267578125,13.391423479683475,21.00077820784275,77.0977554321289,352.65087890625,305.9715881347656,113.3318862915039,102.01214599609375,173.3699951171875,13.382721900939941,21.0093994140625,77.0977554321289
2021-01-14,353.3936919642144,306.41694864804754,115.00560636198311,102.00355607279842,173.44000244140625,13.365319571729257,21.0438825464341,77.09771970541459,351.4158935546875,304.33544921875,116.15052032470703,101.779541015625,173.27999877929688,13.504542350769043,20.966293334960938,77.10614013671875
2021-01-15,349.8003436061598,304.1225063350417,115.84972663575589,101.99491058633558,172.83999633789062,13.391422897191463,21.052501478753793,77.09771970541459,348.8532409667969,301.9248046875,113.88978576660156,102.05522155761719,171.1300048828125,13.3131103515625,21.10422706604004,77.10614013671875
2021-01-19,351.304439515749,304.23864358090657,116.06803703715573,101.90879045843565,172.7100067138672,13.38272183382273,21.026639957739658,77.09771970541459,351.59228515625,306.329833984375,117.79996490478516,102.11557006835938,172.5800018310547,13.35661792755127,21.043882369995117,77.10614013671875
2021-01-20,353.87651262058415,309.94105200190813,119.38150180139645,102.00353643557482,174.3699951171875,13.400124738484447,21.061124772546076,77.09771970541459,356.4578857421875,313.45538330078125,117.30998229980469,102.15862274169922,175.38999938964844,13.36531925201416,21.035261154174805,77.10614013671875
2021-01-21,357.01500286554875,314.791416370408,118.82358698490248,101.98629937604393,175.11000061035156,13.391423412522624,20.97491477570733,77.09771970541459,356.7828674316406,315.9628601074219,119.12437438964844,102.01214599609375,175.27999877929688,13.35661792755127,20.940431594848633,77.10614013671875
2021-01-22,354.93512517961597,314.9269017124123,117.88729291099932,102.09833811998803,172.88999938964844,13.139083162684363,20.992156972809482,77.0977554321289,355.5201110839844,315.0527648925781,116.88306427001953,102.16726684570312,173.89999389648438,13.13038158416748,20.983535766601562,77.0977554321289
2021-01-25,356.25356805531067,318.43163593412686,117.9697512087378,102.31374282044868,174.82000732421875,13.139084313054436,20.992157001623,77.09771970541459,356.922119140625,317.6571044921875,117.34393310546875,102.5808334350586,174.0500030517578,13.269604682922363,21.0093994140625,77.10614013671875
2021-01-26,357.8693456849632,318.3736136693543,117.14019020906197,102.47743405255116,173.97999572753906,13.313111814954082,20.974912612193155,77.0977554321289,356.3651123046875,318.12188720703125,115.31608581542969,102.54635620117188,173.6199951171875,13.295708656311035,20.94904899597168,77.0977554321289
2021-01-27,353.05015999751345,315.8660588444002,112.97774153037506,102.71870071253275,172.92999267578125,13.278306517351353,21.04388240870202,77.10617586733504,347.65533447265625,309.2536315917969,109.68368530273438,102.66700744628906,172.52000427246094,13.260903358459473,21.078367233276367,77.0977554321289
2021-01-28,349.46605821559444,310.4540876739916,112.1433140628365,102.52911915573767,174.27999877929688,13.400124469271303,21.05250164701909,77.09771970541459,350.64532470703125,311.0833740234375,111.9783706665039,102.3998794555664,172.67999267578125,13.199993133544922,21.02663803100586,77.10614013671875
2021-01-29,348.78814770996314,309.3987887174759,112.06568406691134,102.10693650685259,174.8699951171875,13.347916016560859,21.009397296040483,77.09771970541459,343.6254577636719,304.5387268066406,109.93595123291016,102.21894073486328,172.61000061035156,13.217394828796387,21.052501678466797,77.10614013671875
2021-02-01,347.01459668411917,307.9755967788546,111.64847098826284,102.22586390063273,175.02000427246094,13.408825754261679,21.104229031879186,77.10614013671875,349.3452453613281,312.1483154296875,114.24393463134766,102.34656524658203,174.22999572753906,13.469735145568848,21.155956268310547,77.10614013671875
2021-02-02,352.52087154806475,315.1108585701582,116.029225390882,102.0275562676883,172.49000549316406,13.574151992797852,21.18181800842285,77.0977554321289,354.28509521484375,317.2407531738281,115.80606842041016,102.0879135131836,172.11000061035156,13.574151992797852,21.18181800842285,77.0977554321289
2021-02-03,355.11158757378746,319.3126501199401,116.34457775600288,101.94995328513828,172.36000061035156,13.6002565444843,21.190437295646127,77.10617586733504,354.5637512207031,315.98223876953125,113.6278305053711,101.83787536621094,171.85000610351562,13.669867515563965,21.173194885253906,77.0977554321289
2021-02-04,355.59439688401244,317.3763206460709,113.37070200387163,101.71716858839072,168.2899932861328,13.669867142089267,21.23354153138125,77.09771970541459,358.5935974121094,319.7192077636719,114.9425277709961,101.80338287353516,168.14999389648438,13.73947811126709,21.26802635192871,77.10614013671875
2021-02-05,360.4599180558391,320.66797280716975,115.6750856578673,101.7775431553297,168.99000549316406,13.843894190617792,21.199060644570825,77.10614013671875,360.0049133300781,320.8034973144531,114.10810852050781,101.5878677368164,169.80999755859375,13.809088706970215,21.147335052490234,77.10614013671875
2021-02-08,361.4534777465929,322.4881000643742,115.22876050060715,101.57060789332292,171.97999572753906,13.922207393862621,21.155954339893388,77.09771970541459,362.6048889160156,322.9527893066406,117.92124938964844,101.6309585571289,171.52000427246094,14.02662467956543,21.13871192932129,77.10614013671875
2021-02-09,361.769153490128,322.02344061396997,117.42641147978395,101.74304416255907,172.57000732421875,14.017923233960996,21.05250164701909,77.09771970541459,362.3634338378906,322.8851013183594,117.57195281982422,101.70855712890625,172.0800018310547,14.078832626342773,21.02663803100586,77.10614013671875
2021-02-10,364.09979957873327,324.31792089699087,118.61497909162195,101.82061341614677,173.14999389648438,14.096236549630035,20.992156748513707,77.10617586733504,362.20556640625,322.1492919921875,117.87272644042969,101.96717834472656,172.7100067138672,14.052728652954102,21.01801872253418,77.0977554321289
2021-02-11,363.28265332168206,323.67889346135837,119.19229591957011,101.96717827822562,172.6999969482422,14.104935569271971,20.992157001623,77.09771970541459,362.79052734375,323.9209289550781,122.23892974853516,101.88958740234375,171.2100067138672,14.02662467956543,21.0093994140625,77.10614013671875
2021-02-12,361.9920325190132,323.07868540357345,121.80231338240667,101.63958190903594,170.2899932861328,14.044027014437333,21.069744057694574,77.0977554321289,364.5826721191406,325.7314147949219,123.49542236328125,101.5533676147461,170.69000244140625,14.200652122497559,21.02663803100586,77.0977554321289
2021-02-16,365.8083200461877,326.5251777019855,125.15459030112514,101.10504790971048,168.13999938964844,14.31376966758085,21.035259236343602,77.09771970541459,364.2669372558594,324.8503112792969,124.25223541259766,100.82054138183594,168.24000549316406,14.392082214355469,21.02663803100586,77.10614013671875
2021-02-17,362.5212660866274,321.87817742268214,122.96663356875698,100.88949584960938,166.9199981689453,14.322469972873726,21.130090692406643,77.09771970541459,364.3504943847656,323.2916564941406,121.84597778320312,100.88949584960938,166.3300018310547,14.435588836669922,21.11284828186035,77.10614013671875
2021-02-18,361.7506089186291,319.7095755017615,120.42938359432071,100.72568629186134,166.97999572753906,14.505200633375331,21.061124782250577,77.0977554321289,362.79986572265625,321.8782043457031,120.55066680908203,100.88087463378906,166.32000732421875,14.383381843566895,21.043882369995117,77.0977554321289
2021-02-19,364.05338233465426,323.223915842976,122.3990318748065,100.57913859516657,166.75999450683594,14.452991156102298,20.992156982421875,77.09771970541459,362.1591491699219,320.4743957519531,123.15583801269531,100.47567749023438,167.00999450683594,14.374678611755371,20.992156982421875,77.10614013671875
2021-02-22,359.4014513169295,316.0983480624215,121.54034012679655,100.39807342377634,168.5399932861328,14.53130545073193,20.94905114728634,77.0977554321289,359.37359619140625,312.1676940917969,118.65380096435547,100.31185913085938,169.50999450683594,14.696630477905273,20.93181037902832,77.0977554321289
2021-02-23,357.1728509983925,306.9010549106596,116.40763811744549,100.24290140407537,169.47999572753906,14.66182449742126,20.94904899597168,77.0977554321289,359.8099060058594,311.23834228515625,117.51374053955078,100.38947296142578,169.1199951171875,14.766240119934082,20.94904899597168,77.0977554321289
2021-02-24,358.7235712258007,308.58565412132145,116.4173361197376,99.8894066354554,167.64999389648438,14.818449869307486,20.983535953337842,77.097698402196,363.77484130859375,313.803955078125,121.29292297363281,100.25151062011719,169.0,14.992476463317871,20.914567947387695,77.08927154541016
2021-02-25,362.51200240283123,311.15121547282814,119.84722661665397,99.67385604758094,166.9199981689453,14.931567312703988,20.8542209621367,77.08932856910963,355.0093688964844,302.8638916015625,114.5301742553711,98.9151611328125,165.82000732421875,14.870657920837402,20.983535766601562,77.0977554321289
2021-02-26,356.8850463128118,305.78771702281585,116.49495613426971,99.26866057635962,165.0,14.757538707600194,21.02663790492942,77.0977554321289,353.1801452636719,304.1322021484375,116.89276123046875,99.8031997680664,161.80999755859375,14.55740737915039,21.13871192932129,77.0977554321289
2021-03-01,358.03639956573255,309.0986863548367,118.70716700969824,99.61341744663311,163.02999877929688,14.61831701097024,21.121471444022973,77.097698402196,361.74127197265625,313.28106689453125,120.40998077392578,99.69105529785156,161.52999877929688,14.435588836669922,21.155956268310547,77.08927154541016
2021-03-02,361.9641337209318,313.9200764118382,120.642840326736,99.60477201641443,161.92999267578125,14.505201595058661,21.147335238098123,77.097698402196,358.91851806640625,308.2564392089844,116.70841979980469,99.87220001220703,162.41000366210938,14.496500015258789,21.078367233276367,77.08927154541016
2021-03-03,358.22212100889243,307.1623773128053,116.84910607764283,99.39772848605018,160.61000061035156,14.557407570120617,21.147333134607337,77.08932856910963,354.1643981933594,299.3107604980469,113.03111267089844,99.33734130859375,160.6199951171875,14.583512306213379,21.13871192932129,77.0977554321289
2021-03-04,353.97876827034526,298.94294673589053,112.43925472276278,99.32873197389767,160.60000610351562,14.627018812852613,21.181815955522637,77.0977554321289,349.7817687988281,294.41204833984375,107.54425811767578,98.84563446044922,159.0399932861328,14.809748649597168,21.276647567749023,77.0977554321289
2021-03-05,353.2730320198999,297.0259576251309,110.31437006124376,98.44879642496879,159.66000366210938,15.018582155246284,21.328374892600287,77.08932856910963,356.2165222167969,298.8460693359375,110.9935531616211,98.70759582519531,159.13999938964844,15.114297866821289,21.354238510131836,77.0977554321289
2021-03-08,357.17284694203045,298.3039161618704,110.38713185055971,98.4746563267324,158.5800018310547,15.018581127252613,21.423206127113367,77.08927154541016,354.44293212890625,290.384521484375,104.89543151855469,98.31937408447266,157.49000549316406,14.905462265014648,21.474931716918945,77.08927154541016
2021-03-09,358.277918893154,297.6746172502684,108.77164866798849,98.75074752378752,160.75,14.983774812823572,21.380100483336502,77.08927154541016,359.50360107421875,301.8376159667969,111.1099853515625,98.7852554321289,160.83999633789062,14.905462265014648,21.354238510131836,77.08927154541016
2021-03-10,361.84342629734385,306.08780216084256,112.81279703527323,98.78520776671895,161.05999755859375,14.940269347728485,21.336997967397217,77.08927154541016,361.74127197265625,300.97601318359375,108.85411834716797,98.99224853515625,161.66000366210938,15.001178741455078,21.31975555419922,77.08927154541016
2021-03-11,364.201964598063,305.71022694287797,112.19182661272173,98.98363531984884,161.47000122070312,15.08819313683572,21.29389016698797,77.08932856910963,365.4090576171875,307.9079284667969,113.42891693115234,98.95775604248047,161.52000427246094,15.227415084838867,21.21630096435547,77.0977554321289
2021-03-12,364.05339494438545,303.8610316001151,111.33799470208287,98.32803331223488,159.5399932861328,15.140401330286878,21.34561748801746,77.08927154541016,365.90118408203125,305.4100646972656,112.0123291015625,98.24176025390625,161.49000549316406,15.157804489135742,21.28527069091797,77.08927154541016
2021-03-15,366.15186917399524,305.729659265036,112.6575517386146,98.30215400289849,162.30999755859375,15.079491804309567,21.3456172743344,77.08927154541016,368.083251953125,308.67279052734375,114.42828369140625,98.36254119873047,162.1999969482422,15.105596542358398,21.3283748626709,77.08927154541016
2021-03-16,368.69603871329787,310.8607052243403,115.57320181677301,98.47467887403623,162.36000061035156,15.02728125456145,21.33699606850265,77.08927154541016,367.6189270019531,310.366943359375,115.679931640625,98.34527587890625,162.35000610351562,15.044684410095215,21.3283748626709,77.08927154541016
2021-03-17,366.33762904443535,307.3367435684353,113.86554701970991,97.97436318806292,162.27000427246094,15.018579676794566,21.336996476828155,77.08932856910963,368.87255859375,311.64495849609375,116.76663970947266,98.18140411376953,163.50999450683594,15.044684410095215,21.224924087524414,77.0977554321289
2021-03-18,366.2911796002453,306.7751732608116,115.07351473683393,97.39633759469365,161.14999389648438,14.835852940696373,21.328374892600287,77.08927154541016,363.50555419921875,302.09906005859375,112.08995056152344,97.5688705444336,162.55999755859375,14.331172943115234,21.354238510131836,77.08927154541016
2021-03-19,363.205513182998,301.9344118163235,112.25490127367051,97.36181498462764,162.55999755859375,14.42688803027359,21.38872360882657,77.097698402196,362.8328857421875,303.1639709472656,113.36585235595703,97.50846862792969,163.24000549316406,14.64442253112793,21.36286163330078,77.08927154541016
2021-03-22,363.3452527508921,305.553499993313,114.8940258376527,97.75865143031926,162.27000427246094,14.661824542953076,21.328376760798218,77.08927154541016,365.7301025390625,308.8493347167969,116.06804656982422,97.82766723632812,163.0,14.618316650390625,21.31975555419922,77.08927154541016
2021-03-23,365.09668084256,309.9350378767081,116.2038793785718,98.04333248837044,162.4499969482422,14.339872852350005,21.41458489107877,77.0977554321289,362.8515625,307.5019226074219,113.16209411621094,98.31076049804688,161.80999755859375,14.209352493286133,21.449068069458008,77.0977554321289
2021-03-24,364.248968775631,308.86877378090526,114.8988656106931,98.11234746952097,162.2100067138672,14.426887208969672,21.492174158678957,77.08927154541016,361.0070495605469,302.31585693359375,111.2215576171875,98.4401626586914,162.3699951171875,14.583512306213379,21.500795364379883,77.08927154541016
2021-03-25,359.5724129695901,300.4740667310642,109.74676373097519,98.49192204476729,163.05999755859375,14.392083679670774,21.500795172731713,77.08927154541016,363.03790283203125,301.7923889160156,111.62908172607422,98.31076049804688,161.77999877929688,14.252860069274902,21.561141967773438,77.08927154541016
2021-03-26,364.18379370268866,301.5791269506835,111.95411652082826,98.04333548730992,161.7100067138672,14.531305190204375,21.55252073153617,77.08927154541016,368.8883056640625,306.3193359375,117.22750854492188,97.98294830322266,162.24000549316406,14.592214584350586,21.5352783203125,77.08927154541016
2021-03-29,367.4163456691813,305.7862170590706,116.12625239879658,98.06920223899772,161.4600067138672,14.513902473434452,21.54389958705289,77.08927154541016,368.7019348144531,306.23211669921875,115.35004425048828,97.64649200439453,160.30999755859375,14.609618186950684,21.587005615234375,77.08927154541016
2021-03-30,367.4349359437374,304.27397607290493,114.81154916799157,97.37906489743854,157.94000244140625,14.435587999657127,21.65597319213193,77.08932856910963,367.7237243652344,304.6907958984375,114.85520935058594,97.56022644042969,157.57000732421875,14.374678611755371,21.673213958740234,77.0977554321289
2021-03-31,368.29203631973724,306.47440914710774,115.83517920779676,97.53435644539887,158.05999755859375,14.357276729980075,21.647350322294898,77.08927154541016,369.21429443359375,309.3534240722656,118.15411376953125,97.42221069335938,159.9600067138672,14.45299243927002,21.65597152709961,77.08927154541016
2021-04-01,371.14265609357545,313.1726619288036,120.33235527000801,97.72432992147716,161.55999755859375,14.635721082667036,21.595625145942922,77.0977554321289,373.2014465332031,314.626708984375,122.70951080322266,97.85381317138672,161.97999572753906,14.696630477905273,21.561141967773438,77.0977554321289
2021-04-05,375.8564897892532,317.10827954372763,124.70340635627596,97.51718154971717,161.52000427246094,14.600916866473062,21.543899738413916,77.08927154541016,378.5580749511719,320.9081726074219,124.75192260742188,97.57760620117188,161.9199981689453,14.479096412658691,21.49217414855957,77.08927154541016
2021-04-06,377.9991164320186,320.5980024249018,123.92718076603002,97.78476661478014,162.7899932861328,14.644422523244845,21.474930029356006,77.08087158203125,378.33447265625,320.68524169921875,123.04424285888672,98.05236053466797,163.22000122070312,14.531305313110352,21.440446853637695,77.08087158203125
2021-04-07,378.16678511784755,320.2102351043702,123.06849945436922,98.03507611553341,162.82000732421875,14.531304747160087,21.423206117002138,77.08929844175721,378.7723083496094,321.4607238769531,122.76287078857422,97.99191284179688,162.75999450683594,14.574810981750488,21.466310501098633,77.08087158203125
2021-04-08,380.02062094317336,324.31076017304844,124.39777841292863,98.16458544161914,164.1699981689453,14.583510984626207,21.41458532670507,77.08084468862431,380.57025146484375,324.8148193359375,124.5239028930664,98.32859802246094,164.50999450683594,14.653121948242188,21.37148094177246,77.08927154541016
2021-04-09,380.4491519037927,323.4576177958282,123.70402535843151,98.00917833606219,162.75,14.60961653353372,21.423208199503957,77.08087158203125,383.3370361328125,326.78253173828125,124.2328109741211,98.0696029663086,163.27000427246094,14.60091495513916,21.388723373413086,77.08087158203125
2021-04-12,382.74084817389485,325.74543542996855,123.63125469312361,97.9919025902221,162.72999572753906,14.679229162328879,21.371480688821144,77.08087158203125,383.476806640625,326.35614013671875,122.79197692871094,98.00917053222656,162.27999877929688,14.609618186950684,21.38010025024414,77.08087158203125
2021-04-13,383.374318989603,327.8779028481073,123.77680116730693,98.03506316105363,163.17999267578125,14.696629151706736,21.362859655947332,77.08929844175721,384.6133117675781,330.1656188964844,122.5494155883789,98.41487884521484,163.42999267578125,14.766240119934082,21.30251121520996,77.08087158203125
2021-04-14,384.58539585907903,330.40802884439285,122.61732801248709,98.25088122005441,162.77000427246094,14.905463536630489,21.285268772890216,77.08087158203125,383.2998352050781,326.20098876953125,121.3753890991211,98.2940444946289,162.72000122070312,15.105596542358398,21.276647567749023,77.08087158203125
2021-04-15,385.433112724498,329.07022829320124,122.70951361068525,98.60476415794454,164.07000732421875,15.157802970993382,21.259405157466635,77.08927154541016,387.4173889160156,331.1446533203125,122.93267059326172,98.92414855957031,165.35000610351562,15.201309204101562,21.276647567749023,77.08927154541016
2021-04-16,388.7030468977185,331.66816639458983,123.00544376775584,98.63069799205513,166.24000549316406,15.21871241765676,21.25078582763672,77.08084468862431,388.7123718261719,331.532470703125,122.452392578125,98.6565933227539,166.35000610351562,15.175206184387207,21.25078582763672,77.08927154541016
2021-04-19,387.78069983654575,329.9621636897054,121.53063455099625,98.49257677270657,165.91000366210938,15.210011037035569,21.14733312406448,77.08087158203125,386.8025207519531,328.4984130859375,119.4203109741211,98.5530014038086,165.88999938964844,15.192607879638672,21.130090713500977,77.08087158203125
2021-04-20,385.59152639170094,327.8391444375239,119.00309730583903,98.52713590377795,165.64999389648438,15.27092144562335,21.138711698185002,77.08087158203125,383.9705810546875,326.1039733886719,117.7466049194336,98.84652709960938,166.47999572753906,15.166505813598633,21.164573669433594,77.08087158203125
2021-04-21,383.3556830388797,324.82446872643175,118.00372796554997,98.8378602827917,167.17999267578125,15.00117924981964,21.207679927282907,77.08087158203125,387.60369873046875,328.89581298828125,120.85145568847656,98.89828491210938,168.1300048828125,15.105596542358398,21.13871192932129,77.08087158203125
2021-04-22,387.43601353904774,328.50814233144524,120.79808989531193,98.88968660846847,167.11000061035156,15.183908848459083,21.164575616124477,77.08084468862431,384.06365966796875,324.9311828613281,118.17837524414062,98.97601318359375,167.0399932861328,15.227415084838867,21.199060440063477,77.08927154541016
2021-04-23,384.62268347334305,325.5611805627224,118.74597599891837,98.95874242397525,167.3699951171875,15.21001168155753,21.10422920738019,77.08927154541016,388.2279052734375,329.0218200683594,120.89511108398438,98.84652709960938,166.39999389648438,15.349233627319336,21.078367233276367,77.08927154541016
2021-04-26,388.8800379124394,329.2642070255575,121.02610148557021,98.80333692543273,166.6300048828125,15.288321909369392,21.10422920738019,77.08087158203125,389.03839111328125,331.1641540527344,122.96178436279297,98.74291229248047,166.83999633789062,15.453648567199707,21.078367233276367,77.08087158203125
2021-04-27,389.33648125494796,331.4549606694149,123.27226879131366,98.60480945235827,166.9199981689453,15.531963480379257,21.095605839659623,77.08084468862431,388.95452880859375,329.7294921875,122.24378204345703,98.35447692871094,166.4199981689453,15.584171295166016,21.086984634399414,77.08927154541016
2021-04-28,389.22463427069863,329.3998070416593,121.86052948744508,98.36309848562438,165.75,15.566768326330502,21.121471806265355,77.08087158203125,388.8426818847656,328.6146240234375,120.2886962890625,98.48394775390625,166.91000366210938,15.610276222229004,21.0093994140625,77.08087158203125
2021-04-29,391.5629909520302,331.88149212607755,121.86537397783036,98.01782061005173,165.5800018310547,15.79300467005366,21.02663992864998,77.08087158203125,391.3207702636719,329.79736328125,121.39965057373047,98.31130981445312,166.22000122070312,15.714692115783691,21.01801872253418,77.08087158203125
2021-04-30,389.05707214653626,327.35452560683456,119.37178867155066,98.35447209409458,165.86000061035156,15.514560322231501,21.07836493788623,77.08084468862431,388.7496337890625,327.6356201171875,117.88728332519531,98.39762878417969,165.66000366210938,15.584171295166016,21.19043731689453,77.08927154541016
2021-05-03,390.73387217038277,328.8375934849349,118.65379214605646,98.43561821577792,167.61000061035156,15.732094002233636,21.13871378778839,77.08084468862431,389.5880432128906,325.8907165527344,116.51920318603516,98.565185546875,167.80999755859375,15.758198738098145,21.09560775756836,77.08927154541016
2021-05-04,387.60376353614816,323.3413342392819,115.22390685303837,98.76386005600145,167.69000244140625,15.949627061982568,21.164573701280265,77.08087158203125,387.1845397949219,320.026123046875,115.07351684570312,98.69476318359375,166.5800018310547,16.001834869384766,21.19043731689453,77.08087158203125
2021-05-05,388.8241183887439,322.07152127850503,116.32516134437759,98.59112896929369,166.6300048828125,16.08885078441736,21.190439214399596,77.08084468862431,387.3056335449219,318.9501647949219,115.5829086303711,98.81571197509766,167.27000427246094,16.062746047973633,21.18181800842285,77.08927154541016
2021-05-06,387.3802108160868,318.6884636389985,115.3403376060186,98.7465832807694,167.9499969482422,16.132358049320832,21.12147161966736,77.08084468862431,390.3985595703125,321.3542175292969,116.53376770019531,98.85887145996094,170.05999755859375,16.14105796813965,21.078367233276367,77.08927154541016
2021-05-07,391.16236490015007,324.12650640824586,118.16382184960948,99.09206521116265,171.52999877929688,16.167163352763847,21.018017227735033,77.07245115011591,393.2397766113281,323.96173095703125,118.17837524414062,98.89339447021484,171.58999633789062,16.297683715820312,20.923187255859375,77.08087158203125
2021-05-10,393.59381081117,322.58526574806535,116.96553865298151,98.93661871219292,172.74000549316406,16.4021009892795,20.880081228346057,77.07245115011591,389.3457946777344,315.78033447265625,112.93893432617188,98.69476318359375,172.11000061035156,16.184566497802734,20.923187255859375,77.08087158203125
2021-05-11,384.8368673639602,309.905902951794,109.62547512320724,98.54792747970443,170.55999755859375,16.141058497021675,20.905946731567383,77.07245115011591,385.87091064453125,315.3440246582031,113.15724182128906,98.53065490722656,172.13999938964844,16.358592987060547,20.905946731567383,77.08087158203125
2021-05-12,383.0948540805935,310.4196815194903,110.66850671727286,98.16782910055652,171.42999267578125,16.36729341292062,21.000776101129553,77.0808767923478,377.67303466796875,307.1820068359375,108.49026489257812,98.05553436279297,170.42999267578125,16.341190338134766,21.06112289428711,77.07245635986328
2021-05-13,379.21952621514686,310.1192245133992,110.30951003959774,98.17651575029423,170.35000610351562,16.036642117703774,21.043880441681345,77.07245635986328,382.20989990234375,309.5569763183594,109.72249603271484,98.38381958007812,171.1300048828125,15.888718605041504,21.02663803100586,77.07245635986328
2021-05-14,384.9393967974584,312.7170903364963,111.41561188557381,98.53067373842191,172.0500030517578,16.088850394833734,20.957672363114497,77.07245635986328,388.0788269042969,316.3909912109375,113.20089721679688,98.59977722167969,172.69000244140625,16.01923942565918,20.940431594848633,77.07245635986328
2021-05-17,386.97028771615726,314.6849106165879,111.5368987702632,98.5306423750652,173.3000030517578,16.114954269948857,20.949051128199287,77.07245115011591,387.09136962890625,314.4716491699219,111.93955993652344,98.50473022460938,174.6999969482422,16.219369888305664,20.914567947387695,77.08087158203125
2021-05-18,387.352244805697,315.4216545891111,112.99713973286967,98.4960906444345,175.17999267578125,16.24547525018578,20.819734573364258,77.08087158203125,383.75634765625,312.3487548828125,111.32343292236328,98.50473022460938,175.0399932861328,16.14105796813965,20.819734573364258,77.08087158203125
2021-05-19,379.0798024141684,306.9590411530746,108.805592524135,98.48743626618007,175.13999938964844,15.862614497392894,20.862842354006826,77.07245635986328,382.7502136230469,312.7073669433594,113.31732940673828,98.21102905273438,175.16000366210938,15.810406684875488,20.914567947387695,77.07245635986328
2021-05-20,383.6258484249689,314.1906157389141,114.2487932024257,98.38381131755278,175.32000732421875,15.784301549023267,20.862840590880293,77.07245635986328,386.8677673339844,318.7563171386719,116.13111114501953,98.61702728271484,175.9600067138672,15.645079612731934,20.811113357543945,77.07245635986328
2021-05-21,388.34894297284785,320.3071847296511,116.81514368552818,98.71202179596328,176.5800018310547,15.801705614925499,20.836978697088956,77.07245115011591,386.5509948730469,316.9919738769531,115.54409790039062,98.65155792236328,176.0399932861328,15.793004035949707,20.880083084106445,77.08087158203125
2021-05-24,388.7867646935149,319.2796667771913,116.5774295275422,98.70339834812799,176.14999389648438,15.845211424411277,20.84559820031368,77.07245635986328,390.4915771484375,322.323486328125,118.08133697509766,98.74658966064453,176.35000610351562,16.01053810119629,20.82835578918457,77.07245635986328
2021-05-25,391.5722490957163,323.8358082662319,119.10982273647475,98.85026971811916,176.14999389648438,16.001836388107208,20.802492141723633,77.07245635986328,389.625244140625,322.7695007324219,118.85755157470703,99.1093978881836,177.9499969482422,15.958330154418945,20.802492141723633,77.07245635986328
2021-05-26,390.2122315674567,323.43828770635344,118.85755284238421,99.04029214959927,178.3699951171875,15.923524030071315,20.85422110962674,77.0808767923478,390.3985595703125,323.8938903808594,118.97883605957031,98.99710083007812,177.63999938964844,15.984435081481934,20.880083084106445,77.07245635986328
2021-05-27,391.42328278237954,323.4480270791408,118.75083370438901,98.78114187818915,177.38999938964844,16.06274618610492,20.880081419302,77.07245115011591,390.6034851074219,322.6822204589844,119.55130004882812,98.82433319091797,177.7100067138672,16.236774444580078,20.86284065246582,77.08087158203125
2021-05-28,392.16855054454425,323.8841633687067,119.91028833735774,98.78116023650703,177.4600067138672,16.245475889871194,20.949051089930606,77.07245115011591,391.30218505859375,323.6999816894531,120.8902587890625,98.81571197509766,178.3800048828125,16.184566497802734,20.880083084106445,77.08087158203125
2021-06-01,393.65901283958925,325.02799863948223,121.75378701871286,98.70243462017598,178.75999450683594,16.49781518946513,20.81973269912394,77.07245635986328,390.9574279785156,322.6239929199219,120.71075439453125,98.79751586914062,177.89999389648438,16.471712112426758,20.845596313476562,77.07245635986328
2021-06-02,391.6095674253817,323.04082791067566,120.55552379689496,98.9012589295434,178.33999633789062,16.541322200188915,20.88007948828671,77.0808767923478,391.5722961425781,323.25408935546875,121.41905975341797,98.90990447998047,178.77000427246094,16.558725357055664,20.845596313476562,77.07245635986328
2021-06-03,389.26191717934057,320.42351966107435,120.1625652728712,98.82347321525158,175.8300018310547,16.54132294992533,20.93181016408837,77.07245635986328,390.11895751953125,319.890380859375,119.34268951416016,98.65924072265625,175.27000427246094,16.419504165649414,20.97491455078125,77.07245635986328
2021-06-04,391.9635773504691,321.68372949020727,120.48760841049135,98.90989837742917,176.64999389648438,16.593530400732437,20.89732551574707,77.07245115011591,393.68701171875,325.31884765625,122.001220703125,99.20378112792969,177.16000366210938,16.602231979370117,20.89732551574707,77.08087158203125
2021-06-07,393.6776507018846,324.7856443932228,121.7052795254262,99.08277829208673,176.9600067138672,16.689247255108228,20.871460213720496,77.07244510857711,393.3050231933594,326.2881774902344,121.38024139404297,99.1259994506836,177.8699951171875,16.628337860107422,20.86284065246582,77.06401824951172
2021-06-08,394.1620257580678,328.0331332217233,122.21466861415747,99.43714678622763,177.22999572753906,16.619636417703894,20.897323598063753,77.06401824951172,393.3888244628906,326.4433898925781,120.38086700439453,99.41121673583984,177.32000732421875,16.793663024902344,20.888702392578125,77.06401824951172
2021-06-09,394.2272616788116,327.81008464896746,120.86600384845131,99.76561903846505,177.3800048828125,16.78496374184373,20.836978725648695,77.07244510857711,392.80194091796875,326.52081298828125,120.00731658935547,99.72240447998047,176.97999572753906,16.715351104736328,20.905946731567383,77.06401824951172
2021-06-10,394.0223149057569,326.86008283223407,120.04128099612785,99.50633165868315,176.6999969482422,16.81106503116787,20.940429625491905,77.06401824951172,394.6278381347656,329.92327880859375,121.57430267333984,100.07681274414062,177.74000549316406,16.776260375976562,20.888702392578125,77.06401824951172
2021-06-11,395.1775688004502,329.9329650472229,122.00607676979412,100.00767605304885,176.3300018310547,16.715347036981097,20.94905095136255,77.0640294995677,395.280029296875,330.7860107421875,122.001220703125,99.92988586425781,175.74000549316406,16.724048614501953,20.992156982421875,77.07245635986328
2021-06-14,395.3917787091995,331.2125224070112,122.25348028258932,99.82612989888348,173.16000366210938,16.584829963923603,20.957672138373315,77.06401824951172,396.1650085449219,333.9558410644531,123.65066528320312,99.61868286132812,174.7100067138672,16.628337860107422,20.97491455078125,77.06401824951172
2021-06-15,396.3140447697688,333.606894906958,123.2722615631978,99.56684932296274,174.77999877929688,16.55002377862229,20.98353577621001,77.06401824951172,395.4383544921875,331.7748107910156,122.58336639404297,99.63599395751953,174.0500030517578,16.558725357055664,20.992156982421875,77.06401824951172
2021-06-16,395.5781373986484,332.2400925756048,122.96662828079967,99.67920833183936,173.91000366210938,16.51521860250395,20.99215449857821,77.0640294995677,393.23052978515625,330.5631103515625,121.55004119873047,98.95314025878906,171.11000061035156,16.463010787963867,21.164573669433594,77.07245635986328
2021-06-17,392.82063411530976,329.55501284677644,121.09886923478471,99.10868604331415,167.02000427246094,16.36729375276997,21.259406860343763,77.07244510857711,393.10009765625,334.760498046875,122.9229736328125,99.30748748779297,165.85000610351562,16.03664207458496,21.3283748626709,77.06401824951172
2021-06-18,389.82512979232945,333.1028181318173,121.87022921425087,99.43718425187886,166.13999938964844,16.10625154631329,21.38872147612679,77.0640294995677,387.7969970703125,332.1334533691406,119.79385375976562,99.86936950683594,164.92999267578125,16.201967239379883,21.397342681884766,77.07245635986328
2021-06-21,389.5540951870982,332.3245645247563,119.7890024369131,99.62734205946573,166.52000427246094,16.158462280958595,21.328375086099644,77.07244510857711,393.34869384765625,334.1976013183594,120.10919189453125,99.54954528808594,166.9499969482422,16.402101516723633,21.29389190673828,77.06401824951172
2021-06-22,393.33938339648705,333.993841259903,120.2062232891368,99.43715822356407,166.35000610351562,16.428205490112305,21.3197538404722,77.06401824951172,395.4516296386719,337.31292724609375,120.89511108398438,99.73104095458984,166.25,16.428205490112305,21.25940704345703,77.06401824951172
2021-06-23,395.5263432061953,337.25471171207795,121.2492433369789,99.61866989674179,166.97000122070312,16.593530775851256,21.233543465283827,77.06401824951172,394.97491455078125,337.4779052734375,121.5063705444336,99.53223419189453,166.13999938964844,16.532621383666992,21.29389190673828,77.06401824951172
2021-06-24,397.11522847080494,339.4092323186821,122.7046422264806,99.53224471285138,167.0,16.454308713884654,21.276647567749023,77.0640294995677,397.3114929199219,339.56451416015625,123.49056243896484,99.51495361328125,166.0399932861328,16.593530654907227,21.276647567749023,77.07245635986328
2021-06-25,398.05922899461444,340.1273593549169,123.74285146308434,99.58408567613552,167.4499969482422,16.62833734716773,21.233543455409635,77.0640294995677,398.7228088378906,339.14715576171875,123.00544738769531,99.30748748779297,166.58999633789062,16.5239200592041,21.28527069091797,77.07245635986328
2021-06-28,399.2462640059079,340.42823251693966,123.96600306708572,99.49767153986897,166.67999267578125,16.532623802304617,21.30251146833345,77.07244510857711,399.5266418457031,343.2717590332031,125.989013671875,99.61868286132812,166.5800018310547,16.515220642089844,21.29389190673828,77.06401824951172
2021-06-29,399.9098343658785,343.09707100698824,125.98900565175853,99.4890609569438,164.33999633789062,16.58482907613626,21.354238500151343,77.06401824951172,399.7416076660156,344.51397705078125,127.08539581298828,99.67057800292969,164.8300018310547,16.593530654907227,21.345617294311523,77.06401824951172
2021-06-30,399.2835916114196,344.3586487172076,126.90591900383211,99.81754054472773,164.57000732421875,16.567428220285695,21.37148071898384,77.07244510857711,400.0780334472656,343.970458984375,127.22125244140625,99.82617950439453,165.6300048828125,16.75015640258789,21.405963897705078,77.06401824951172
2021-07-01,400.83506919032,343.62120059607673,126.89619621626716,99.79758451695588,166.64999389648438,17.037301750017807,21.41458491131747,77.0640294995677,402.2930908203125,344.1064453125,125.34376525878906,99.75434112548828,166.1999969482422,16.811065673828125,21.466310501098633,77.07245635986328
2021-07-02,403.4519996550773,345.9987820147585,126.35287723951362,99.87544586503432,167.35000610351562,16.854572314314563,21.449068251916145,77.06401824951172,405.36798095703125,348.0562438964844,126.03752899169922,100.11763000488281,167.2899932861328,16.967689514160156,21.38010025024414,77.06401824951172
2021-07-06,405.42411100289456,348.65799892493936,126.6002629926618,100.23872220679516,169.27000427246094,16.845870415320903,21.43182731256338,77.05562591552734,404.6296691894531,349.560546875,125.99870300292969,100.64524841308594,168.1199951171875,16.506515502929688,21.45768928527832,77.05562591552734
2021-07-07,405.31193822358387,351.75392146589843,126.73127221893549,100.83554161873656,168.72000122070312,16.523919528536165,21.46631053146897,77.05562591552734,406.05963134765625,350.2981872558594,124.25223541259766,100.9393310546875,168.75999450683594,16.306385040283203,21.49217414855957,77.05562591552734
2021-07-08,400.7509751205796,345.24188295951797,121.76835058222404,101.12958654108891,169.82000732421875,16.297682720021953,21.397342691943052,77.05559139044631,402.7510986328125,348.1824645996094,122.58822631835938,101.19878387451172,168.64999389648438,16.445606231689453,21.405963897705078,77.06401824951172
2021-07-09,404.2558173257462,347.6002282403716,123.25285401111034,100.78365283792058,168.83999633789062,16.532619999606958,21.371480921819536,77.06401824951172,407.05035400390625,350.3564147949219,124.67914581298828,100.68851470947266,169.2100067138672,16.63703727722168,21.354238510131836,77.06401824951172
2021-07-12,406.9662269112006,351.7538449384998,125.26615237727782,100.77501430688564,168.6999969482422,16.523921204131906,21.397342661743856,77.05559139044631,408.50836181640625,351.7247314453125,126.31404113769531,100.6366195678711,169.0,16.663143157958984,21.38010025024414,77.06401824951172
2021-07-13,407.72328794262097,351.3462264168953,125.95018960086252,100.68848570533339,169.50999450683594,16.6892452448768,21.47493175738027,77.05559139044631,407.11578369140625,351.7247314453125,126.04236602783203,100.32520294189453,169.22000122070312,16.8023624420166,21.509416580200195,77.06401824951172
2021-07-14,408.8074721795963,354.06360134594,127.42015119166541,100.60198444540993,170.91000366210938,16.854571750900718,21.414585103467104,77.05562591552734,407.7232971191406,352.3555603027344,125.7658462524414,100.75767517089844,171.0399932861328,16.63703727722168,21.405963897705078,77.05562591552734
2021-07-15,406.3868250791765,352.2682541126906,124.9265683822012,101.01715363666901,170.88999938964844,16.55872561115968,21.449068089729295,77.05559139044631,406.33074951171875,349.8808288574219,122.3165512084961,101.1814956665039,171.07000732421875,16.550024032592773,21.466310501098633,77.06401824951172
2021-07-16,407.50838463044124,350.7348139072601,123.05880428467603,100.91340246084394,170.64999389648438,16.67184281321663,21.474931737165836,77.05559139044631,403.1436462402344,347.0469665527344,119.75505065917969,101.16423797607422,169.41000366210938,16.550024032592773,21.49217414855957,77.06401824951172
2021-07-19,398.3303448309812,343.6017324357535,117.97946681302619,101.8388777424335,169.50999450683594,16.315085986325375,21.492175830681322,77.05562591552734,397.1900939941406,344.2034606933594,119.73079681396484,102.02916717529297,169.61000061035156,15.888718605041504,21.52665901184082,77.05562591552734
2021-07-20,397.8536396448114,345.1350937044425,120.17226172274623,102.47027463450046,170.50999450683594,15.940929275063906,21.58700557443313,77.05562591552734,402.8819580078125,348.20184326171875,121.19589233398438,101.89940643310547,169.38999938964844,16.123659133911133,21.552520751953125,77.05562591552734
2021-07-21,404.0782727663207,347.77490435850655,121.76834863447495,101.48425743899877,168.3300018310547,16.288981141729,21.569763365660435,77.05562591552734,406.143798828125,350.8901672363281,124.67914581298828,101.31126403808594,168.75999450683594,16.445606231689453,21.500795364379883,77.05562591552734
2021-07-22,406.3213884076943,351.09390553080846,123.90779062991031,101.31127559535867,168.49000549316406,16.480413955876852,21.431829030406963,77.05559139044631,406.99432373046875,353.2095947265625,123.92719268798828,101.54481506347656,169.08999633789062,16.576128005981445,21.52665901184082,77.06401824951172
2021-07-23,408.91960818789283,354.5294392236291,124.49479357638529,101.18152889440887,168.5,16.619636919759248,21.526657114700665,77.05562591552734,411.1814270019531,357.33416748046875,124.82953643798828,101.38911437988281,168.55999755859375,16.663143157958984,21.5352783203125,77.05562591552734
2021-07-26,410.5926462837905,356.6451112644814,124.2425288315572,101.5447962477487,168.5800018310547,16.62833660530994,21.500795323837313,77.05559139044631,412.19085693359375,357.6156005859375,124.6888427734375,101.31990814208984,168.16000366210938,16.784961700439453,21.466310501098633,77.06401824951172
2021-07-27,411.15341783224966,357.3535470119616,123.8592779916068,101.73507670387677,168.72999572753906,16.79366084281955,21.431827545166016,77.06405277836843,410.312255859375,353.6753845214844,122.4863510131836,101.75237274169922,168.44000244140625,16.689245223999023,21.431827545166016,77.05562591552734
2021-07-28,410.93839316496434,354.81089455029075,122.88415941726367,101.56207677764758,168.25999450683594,16.758857472669792,21.46631091748958,77.05562591552734,410.1439514160156,355.0340881347656,124.6742935180664,101.83885955810547,169.2899932861328,16.767559051513672,21.37148094177246,77.05562591552734
2021-07-29,411.0693616907412,354.47123494762224,124.79558852218642,101.46695792485656,170.6999969482422,16.915482470460283,21.311132674255514,77.05559139044631,411.8450927734375,355.6649475097656,127.01264953613281,101.52750396728516,171.1699981689453,17.063405990600586,21.29389190673828,77.06401824951172
2021-07-30,409.28415602981516,351.7441324187549,125.7124949586111,101.7004712513963,170.72000122070312,17.002495827747342,21.311132480912587,77.05562591552734,409.8449401855469,353.811279296875,127.65788269042969,101.81291198730469,169.82000732421875,16.967689514160156,21.354238510131836,77.05562591552734
2021-08-02,411.5553422417352,355.47083858690587,128.749435389555,101.97390295795265,169.3000030517578,16.932883557332424,21.311132451007396,77.05562591552734,408.985107421875,353.8404235839844,128.5602264404297,102.259521484375,169.61000061035156,16.784961700439453,21.3283748626709,77.05562591552734
2021-08-03,409.7794757496443,354.5002602709564,128.8173369367836,102.28549194335938,169.4199981689453,16.558726258168956,21.311132460983846,77.05562591552734,412.31231689453125,355.985107421875,129.7245330810547,102.28549194335938,169.49000549316406,16.706649780273438,21.33699607849121,77.05562591552734
2021-08-04,411.03187281061224,355.94635621743237,130.11261888685345,102.58841134301277,171.27999877929688,16.506515874988814,21.276649321728456,77.05562591552734,410.2841796875,356.4995422363281,131.14109802246094,102.259521484375,169.52999877929688,16.436904907226562,21.37148094177246,77.05562591552734
2021-08-05,411.4431070974712,357.3148147722832,131.55833086868208,102.04315859247092,169.3699951171875,16.50651754009571,21.37148094177246,77.05562591552734,412.8824462890625,358.7608642578125,130.99557495117188,101.88736724853516,168.86000061035156,16.680545806884766,21.37148094177246,77.05562591552734
2021-08-06,413.2002671340216,357.49916233742056,130.02045631243325,101.38536731638455,165.83999633789062,16.71534930317212,21.46631053146897,77.05559139044631,413.56475830078125,357.1885986328125,130.29212951660156,101.2901611328125,164.63999938964844,16.541322708129883,21.49217414855957,77.06401824951172
2021-08-09,413.53671760242094,357.64471717626753,130.5395646668496,101.43728713221323,163.00999450683594,16.306385040283203,21.483552730968327,77.05559139044631,413.2283020019531,357.8485412597656,129.89920043945312,101.07377624511719,161.72000122070312,16.306385040283203,21.5352783203125,77.06401824951172
2021-08-10,413.6769396016709,358.36287930445565,130.31153660419557,101.15168077528769,161.38999938964844,16.410802228310455,21.57838436881313,77.06405277836843,413.74237060546875,356.0142822265625,128.23516845703125,100.88336944580078,161.77000427246094,16.602231979370117,21.552520751953125,77.05562591552734
2021-08-11,414.80780947459465,357.27599068075955,128.76398379222493,100.9526098191024,163.14999389648438,16.49781558742027,21.51803614157832,77.05562591552734,414.7704162597656,355.4029235839844,127.89559173583984,100.99588775634766,164.0,16.75015640258789,21.509416580200195,77.05562591552734
2021-08-12,414.62089804805976,354.89820232961824,127.23578679736183,100.89202117919922,163.64999389648438,16.654438911287954,21.5352783203125,77.05562591552734,416.01348876953125,356.68389892578125,126.4983901977539,100.89202117919922,164.0399932861328,16.689245223999023,21.5352783203125,77.05562591552734
2021-08-13,416.4620332334132,357.0333345975948,126.58570872318403,101.04779733766404,165.02000427246094,16.715349438387864,21.474931929709967,77.06401824951172,416.7704772949219,357.9358825683594,127.3231201171875,101.47189331054688,166.38999938964844,16.593530654907227,21.431827545166016,77.06401824951172
2021-08-16,415.4713908619817,356.8197869708104,126.80403201974792,101.7402383928524,166.72999572753906,16.454308328013223,21.431827302431813,77.05559177609976,417.75189208984375,358.09112548828125,126.7749252319336,101.69696044921875,167.22000122070312,16.550024032592773,21.449068069458008,77.04716491699219
2021-08-17,415.2003978250957,355.3447533442099,125.59605658313893,101.67964056118461,167.2899932861328,16.44560685949321,21.518035959988467,77.06401863520733,415.01348876953125,354.9371643066406,124.3735122680664,101.64501953125,166.97000122070312,16.367294311523438,21.578384399414062,77.04716491699219
2021-08-18,414.00409506381163,354.4032895790549,124.26678187745398,101.6017507811584,167.24000549316406,16.41950440510122,21.561141988149608,77.04716491699219,410.47119140625,351.52093505859375,122.7677230834961,101.59309387207031,167.10000610351562,16.175865173339844,21.578384399414062,77.04716491699219
2021-08-19,407.7513380397817,349.5896181779967,121.78775289155631,101.80945832631153,167.24000549316406,15.906121644501434,21.638730791528996,77.04716453138091,411.1066589355469,353.21923828125,123.84471893310547,101.818115234375,166.61000061035156,15.949627876281738,21.681835174560547,77.06401824951172
2021-08-20,411.4524984131377,354.2868322168747,124.13579813387099,101.81811419789034,166.8000030517578,15.749498235712494,21.681833497187053,77.05559139044631,414.37786865234375,356.8780517578125,124.37836456298828,101.72290802001953,166.6999969482422,15.575469970703125,21.65597152709961,77.06401824951172
2021-08-23,416.0602189821948,357.9164688468706,125.8094800502212,101.69693498348738,168.82000732421875,15.98443453455504,21.569765043698922,77.05559177609976,418.02294921875,362.21575927734375,127.95377349853516,101.74886322021484,168.72999572753906,16.14105796813965,21.52665901184082,77.04716491699219
2021-08-24,418.6865539550781,362.80775483823464,128.25942287822605,101.61903430803615,169.0399932861328,16.28028044463191,21.535278552988284,77.04716491699219,418.6865539550781,363.3221130371094,128.04110717773438,101.47189331054688,168.64999389648438,16.48041343688965,21.509416580200195,77.04716491699219
2021-08-25,418.87344589815075,363.5743827826378,128.48258490166626,101.43728713221323,167.8800048828125,16.515218989686037,21.543899738413916,77.04716491699219,419.5650634765625,363.7393493652344,129.43344116210938,101.07377624511719,167.47999572753906,16.628337860107422,21.49217414855957,77.04716491699219
2021-08-26,419.2846772641112,362.88542164881795,129.35096895011628,101.02184800504229,167.2100067138672,16.51521924455753,21.526657135093117,77.05562591552734,417.08831787109375,361.4296875,129.63233947753906,101.07377624511719,167.6699981689453,16.49781608581543,21.552520751953125,77.05562591552734
2021-08-27,417.8921060042868,362.0604253337661,129.77788901774133,101.07379056359123,167.5800018310547,16.593530914140114,21.561142109118638,77.05562591552734,420.8175048828125,364.9427795410156,131.9755401611328,101.4026870727539,170.19000244140625,16.706649780273438,21.45768928527832,77.05562591552734
2021-08-30,421.4904164695936,365.7288667468394,132.78086111762983,101.38538433859013,169.66000366210938,16.732752736138153,21.45768928527832,77.05562591552734,422.6680603027344,369.0382385253906,132.3927459716797,101.60176086425781,169.35000610351562,16.767559051513672,21.45768928527832,77.05562591552734
2021-08-31,422.5746165039233,369.2808678418203,132.72750606462677,101.54982293896767,169.22999572753906,16.680543645821256,21.423206106882784,77.04716491699219,422.0418701171875,368.7373962402344,131.38853454589844,101.41133880615234,169.69000244140625,16.689245223999023,21.45768928527832,77.04716491699219
2021-09-01,422.9764722664043,369.79529288814643,132.019228437693,101.54990685026365,169.94000244140625,16.541324234808727,21.405963907759315,77.05559177609976,422.2661437988281,369.3488464355469,131.18479919433594,101.45463562011719,169.6999969482422,16.61093521118164,21.41458511352539,77.04716491699219
2021-09-02,423.686814177093,370.6977473620195,131.41279793290568,101.56722676427854,169.5,16.828467176582556,21.38872360882657,77.04716453138091,423.5653076171875,369.174072265625,131.50497436523438,101.57588958740234,169.25,16.8023624420166,21.36286163330078,77.06401824951172
2021-09-03,422.43445331796556,368.02897543352884,131.37885045119106,101.34204447580626,170.58999633789062,16.854571402646886,21.31113434760022,77.05559177609976,423.4625244140625,370.30963134765625,132.5819854736328,101.33338165283203,171.05999755859375,16.819765090942383,21.31975555419922,77.04716491699219
2021-09-07,423.1166832249812,370.41631491144716,132.77601086604133,100.97829083372214,169.55999755859375,16.689247255108228,21.397344617081284,77.05559177609976,421.9483947753906,370.8336181640625,132.31028747558594,100.93498992919922,167.7100067138672,16.628337860107422,21.423208236694336,77.04716491699219
2021-09-08,421.41576589120996,370.65890324655936,131.62138298158268,101.07353371245415,168.02000427246094,16.845872113121334,21.466310490958918,77.04716491699219,421.4344482421875,369.5428466796875,130.5637969970703,101.21211242675781,167.2899932861328,16.75015640258789,21.45768928527832,77.04716491699219
2021-09-09,421.2381203442714,369.76613774278206,130.64144280863442,101.2554262766399,168.1699981689453,16.637039439344186,21.405963897705078,77.04716491699219,419.63055419921875,368.2715759277344,131.10231018066406,101.49793243408203,168.02999877929688,16.628337860107422,21.405963897705078,77.04716491699219
2021-09-10,421.55580611377326,369.979739755906,132.20356587270305,101.27271565021177,167.80999755859375,16.87197595788313,21.3973408285814,77.04719905268625,416.3218688964844,365.4766540527344,132.09197998046875,101.17744445800781,167.17999267578125,16.84587287902832,21.440446853637695,77.05562591552734
2021-09-13,419.3127250750678,367.8056561829559,133.16897014190138,101.27276996611782,167.4499969482422,16.96768926035641,21.466308824344747,77.04719905268625,417.3873596191406,365.2241516113281,133.08164978027344,101.29875183105469,167.74000549316406,16.976390838623047,21.440446853637695,77.05562591552734
2021-09-14,418.82672304337876,366.7090392721534,133.53282549081604,101.47194809869242,168.22000122070312,17.028598903281353,21.38009841855888,77.05559177609976,415.13494873046875,364.185791015625,133.16897583007812,101.6798095703125,168.82000732421875,16.967689514160156,21.440446853637695,77.04716491699219
2021-09-15,415.555451086405,364.6420111582431,133.07194864880756,101.61919630260678,168.1300048828125,17.220032632613194,21.405963887642738,77.04716491699219,418.60235595703125,366.8935241699219,133.63470458984375,101.50659942626953,167.8300018310547,17.246135711669922,21.397342681884766,77.04716491699219
2021-09-16,418.07903168064803,365.563941041,132.5722430987142,101.15150491207736,164.3800048828125,17.141718419300943,21.500795354256436,77.05562591552734,417.9388427734375,367.1458435058594,133.8287353515625,101.18614959716797,164.02999877929688,17.12431526184082,21.49217414855957,77.05562591552734
2021-09-17,417.16807262421446,366.67021493341787,133.41152430460463,100.93498536680931,163.86000061035156,17.07210628479573,21.52665715545297,77.04716491699219,413.86761474609375,362.7979431152344,131.4709930419922,100.89167785644531,163.77000427246094,16.985092163085938,21.56976318359375,77.04716491699219
2021-09-20,407.75436793021106,357.01138745369525,128.66206037109455,101.2554444795575,164.2899932861328,16.79366161936317,21.595625166351677,77.04719905268625,406.9667663574219,355.30145263671875,128.26910400390625,101.40267944335938,164.94000244140625,16.784961700439453,21.578384399414062,77.05562591552734
2021-09-21,409.30144322368784,357.12797879738775,129.09384525967496,101.43734278796275,165.80999755859375,16.776259367106984,21.56976317339752,77.04716491699219,406.58233642578125,355.7386474609375,128.54078674316406,101.34207153320312,166.0399932861328,16.8023624420166,21.561141967773438,77.04716491699219
2021-09-22,408.85136298150707,356.65196933235103,129.2248457379522,101.3420761530067,165.88999938964844,16.985093815914095,21.578382284209336,77.04716491699219,410.5484619140625,359.06146240234375,130.8597412109375,101.43734741210938,165.4199981689453,16.99379539489746,21.62148666381836,77.04716491699219
2021-09-23,412.41431229246786,360.21751377392695,131.703882446551,100.96962325177473,164.10000610351562,17.054703802699837,21.55252073153617,77.04719905268625,415.5365905761719,362.3743896484375,132.5043487548828,100.51924896240234,163.50999450683594,17.25483512878418,21.5352783203125,77.05562591552734
2021-09-24,413.9051347076099,360.1106592295025,131.46615733345982,100.38067081857265,163.0,17.202628588757896,21.604246129241414,77.05559177609976,416.2210693359375,362.7144470214844,132.14535522460938,100.21611022949219,163.3000030517578,17.333148956298828,21.595624923706055,77.04716491699219
2021-09-27,415.1897452245322,359.67354601295983,130.85002718011614,99.9476318359375,163.85000610351562,17.524578728501567,21.630107868605503,77.05559177609976,415.0303649902344,359.81927490234375,131.6747589111328,99.9476318359375,163.63999938964844,17.568086624145508,21.62148666381836,77.04716491699219
2021-09-28,412.2642780676356,355.2722416593605,128.87555630241448,99.5838768559755,162.72999572753906,17.69860775879585,21.681837101074404,77.05559177609976,406.6666564941406,349.63714599609375,126.37226867675781,99.5665512084961,162.0500030517578,17.428865432739258,21.699079513549805,77.04716491699219
2021-09-29,408.0449684995728,350.90020673587804,126.45473838347746,99.77440626775889,162.35000610351562,17.428864675717026,21.768047166962827,77.04719905268625,407.35113525390625,349.0639343261719,124.46569061279297,99.67047882080078,161.32000732421875,17.446266174316406,21.854257583618164,77.05562591552734
2021-09-30,408.8232109595568,350.7058843035633,125.2613146518795,99.57522368697735,162.66000366210938,17.341850797277544,21.837015132502636,77.04719905268625,402.37237548828125,347.7814636230469,124.32499694824219,99.791748046875,164.22000122070312,17.559385299682617,21.819772720336914,77.05562591552734
2021-10-01,404.0975980601775,348.40332487128245,124.91200849616571,99.98241426324752,164.27000427246094,17.620292812980043,21.75080493008084,77.05562591552734,407.15423583984375,349.9383850097656,124.43171691894531,100.19908905029297,164.58999633789062,17.794321060180664,21.776668548583984,77.05562591552734
2021-10-04,405.9915029365621,348.3256447001927,123.49541337749092,100.02572845073075,163.69000244140625,17.95094655194003,21.707700729370117,77.04717775691944,401.9034729003906,342.5934143066406,121.19103240966797,100.07772827148438,165.36000061035156,18.08146858215332,21.707700729370117,77.03875732421875
2021-10-05,403.4037355215152,343.6523900245953,122.16130450577491,99.92175319335591,163.94000244140625,18.194586052367196,21.76804731343552,77.03874448569476,406.0853576660156,347.2180480957031,122.89385986328125,99.7657470703125,164.58999633789062,18.30770492553711,21.750804901123047,77.04716491699219
2021-10-06,402.49426854273986,344.01185558060564,121.4724126052711,99.80042452063502,164.22999572753906,18.107570379836776,21.83701512275364,77.03874448569476,407.7731018066406,349.44293212890625,123.26740264892578,99.79175567626953,165.02999877929688,18.003154754638672,21.8111515045166,77.04716491699219
2021-10-07,411.0454050378357,352.48386870945467,125.00903387788043,99.56637303378317,164.02000427246094,18.011856605968045,21.802532196044922,77.03874448569476,411.2985534667969,352.6490478515625,124.80043029785156,99.39303588867188,164.16000366210938,18.22939109802246,21.802532196044922,77.04716491699219
2021-10-08,412.06743842451107,353.7274875690188,125.35833275222912,99.341043642463,166.32000732421875,18.316403445956418,21.768045446222207,77.04716491699219,410.5484619140625,350.8905334472656,123.58760070800781,99.1763687133789,164.22999572753906,18.290300369262695,21.785287857055664,77.04716491699219
2021-10-11,409.8921065328173,349.35541514023294,122.95691902790625,99.00302280489299,164.0399932861328,18.473030216430978,21.793908872725982,77.03874448569476,407.576171875,348.19927978515625,122.85018920898438,98.93368530273438,163.9199981689453,18.412120819091797,21.84563446044922,77.04716491699219
2021-10-12,408.4951467022772,349.64691210021607,123.57303529552419,99.10706353223333,164.57000732421875,18.473030216430978,21.854257603047007,77.03874448569476,406.572998046875,346.9848327636719,121.60824584960938,99.38440704345703,164.66000366210938,18.412120819091797,21.87150001525879,77.04716491699219
2021-10-13,407.5949901170963,349.2874922387302,122.69495484622098,99.44504417790574,165.27999877929688,18.403415950748553,21.811151699889766,77.03874448569476,408.0356750488281,349.7635498046875,122.64643859863281,99.5750503540039,167.58999633789062,18.51653480529785,21.750804901123047,77.04716491699219
2021-10-14,411.69235787459854,353.34861252410167,125.41170458493237,99.6877304409657,168.19000244140625,18.690560788007218,21.724942926981278,77.04717775691944,414.8990478515625,356.20501708984375,126.32859802246094,99.80907440185547,168.0,18.707963943481445,21.750804901123047,77.03875732421875
2021-10-15,417.00870250976914,357.41945343905405,127.34738057634735,99.44503912848134,165.38999938964844,18.881994756360555,21.742182020319706,77.03874448569476,418.058837890625,358.4493103027344,127.38618469238281,99.31503295898438,165.3300018310547,18.864591598510742,21.72494125366211,77.04716491699219
2021-10-18,416.27732497087453,357.1570147702311,126.41106075352822,99.02036262592785,165.4199981689453,18.96030897373556,21.74218367563099,77.03875732421875,419.2964782714844,362.0537109375,128.39039611816406,99.1763687133789,164.9199981689453,18.751474380493164,21.733562469482422,77.03875732421875
2021-10-19,420.9185646143034,363.1224554291939,128.565070312,99.03769679457358,166.5,18.70796687147411,21.6645927636172,77.03875732421875,422.5312805175781,364.7935485839844,129.86036682128906,98.8210220336914,165.4499969482422,18.794981002807617,21.681835174560547,77.03875732421875
2021-10-20,422.99078957769177,365.2502908972937,129.5207719268106,98.82104858671805,166.2100067138672,18.716667335384855,21.673214190980914,77.04717775691944,424.1909484863281,364.3175964355469,129.28790283203125,98.77771759033203,166.89999389648438,19.003812789916992,21.64735221862793,77.03875732421875
2021-10-21,423.5908483463569,363.52083540407114,128.41952563548227,98.7170209937916,166.6999969482422,18.786280058127893,21.647353920450563,77.03875732421875,425.2973327636719,366.5423889160156,130.76272583007812,98.5176773071289,166.75,18.7166690826416,21.699079513549805,77.03875732421875
2021-10-22,424.86601382430814,365.2891022902149,130.5977684156364,98.61299875690672,168.6699981689453,18.803682327270508,21.664591087577634,77.03875732421875,424.85662841796875,363.4625549316406,129.60809326171875,98.76900482177734,167.77000427246094,18.803682327270508,21.65597152709961,77.03875732421875
2021-10-25,425.9442973142117,364.8810195167244,130.19510529796264,98.78637356229302,168.66000366210938,18.942902880724827,21.699079503963382,77.04716491699219,427.13507080078125,367.1836242675781,130.26303100585938,98.89037322998047,168.92999267578125,18.899394989013672,21.690458297729492,77.04716491699219
2021-10-26,428.68217522735085,369.4182966859178,131.73297881924623,98.9076885882119,167.8800048828125,18.899396133143956,21.69045808306651,77.03875370337758,427.5195007324219,368.33984375,131.00527954101562,99.01168823242188,167.67999267578125,18.925500869750977,21.733562469482422,77.03032684326172
2021-10-27,427.9789361517596,368.78675373553443,130.24849674761592,99.35837744362873,167.72999572753906,18.725369505112905,21.690456431693285,77.03875370337758,425.62548828125,369.19482421875,129.89920043945312,99.5663833618164,168.1199951171875,18.57744598388672,21.72494125366211,77.03032684326172
2021-10-28,427.05070773419686,371.0893573713803,131.53406647194743,99.4624255298925,168.97999572753906,18.60354767961254,21.66459292366212,77.03874448569476,429.7323303222656,373.2947998046875,132.3733367919922,99.3064193725586,168.0800018310547,18.673158645629883,21.595624923706055,77.04716491699219
2021-10-29,427.4350712129975,370.2247402089012,131.34485770911616,99.03766595205678,166.2899932861328,18.57744598388672,21.655976838815644,77.03874448569476,430.604248046875,375.1311340332031,132.7517547607422,99.34967803955078,166.64999389648438,18.57744598388672,21.768049240112305,77.04716491699219
2021-11-01,431.5887642564896,375.5682866192368,132.87304394672773,99.06437175724629,167.3800048828125,18.7166690826416,21.759426312886745,77.03874448569476,431.3450012207031,376.4135437011719,134.2750701904297,99.34191131591797,167.52000427246094,18.7166690826416,21.699079513549805,77.04716491699219
2021-11-02,431.5138469111382,375.80140507193687,134.2605274362125,99.45464159285588,167.42999267578125,18.655757919987657,21.733562488810573,77.03875370337758,433.08905029296875,377.9874267578125,135.75473022460938,99.5847396850586,167.16000366210938,18.768875122070312,21.750804901123047,77.03032684326172
2021-11-03,432.52643344894864,378.47321356359595,135.9148462195761,99.60210577617597,165.33999633789062,18.473028544744558,21.768047519124448,77.03875370337758,435.7331237792969,382.0,137.09857177734375,99.27252960205078,165.77000427246094,18.290300369262695,21.699079513549805,77.03032684326172
2021-11-04,436.33313266603705,383.26314430394444,138.40356009359215,99.44597993955354,167.50999450683594,18.673159609837445,21.78528953060649,77.03875732421875,437.7864685058594,386.89678955078125,142.77459716796875,99.81024932861328,167.64999389648438,18.177181243896484,21.8111515045166,77.03875732421875
2021-11-05,440.0086692059953,388.664986564109,143.929200229191,100.03577396609985,168.4199981689453,18.255493311394456,21.837015366774423,77.03875732421875,439.3054504394531,387.26593017578125,143.89039611816406,100.35668182373047,169.83999633789062,18.429521560668945,21.79391098022461,77.03875732421875
2021-11-08,440.40253164977514,387.23681030878004,144.82669813793248,100.19187637439691,170.42999267578125,18.438223156746997,21.76804731343552,77.03874448569476,439.6805419921875,386.7413024902344,146.4810028076172,99.92301177978516,170.4499969482422,18.542638778686523,21.750804901123047,77.04716491699219
2021-11-09,440.0461982673925,387.81006185572306,147.97039070414263,100.34798190163947,170.72999572753906,18.533938101720533,21.733560814827502,77.03875370337758,438.2272033691406,384.0792541503906,146.67507934570312,100.38267517089844,171.2899932861328,18.690563201904297,21.72494125366211,77.03032684326172
2021-11-10,436.53942763125457,381.31021202374023,143.78367412452198,100.20922509705026,173.6699981689453,18.664460107208125,21.776667967057985,77.03875370337758,434.7016906738281,378.43438720703125,142.04689025878906,99.5240478515625,173.14999389648438,18.455625534057617,21.95770835876465,77.03032684326172
2021-11-11,436.1924978999976,381.4073523210302,144.32701687635236,99.52401745195692,173.97999572753906,18.586149215698242,21.9577084179222,77.03875732421875,434.8423156738281,379.483642578125,144.60354614257812,99.20310974121094,174.1199951171875,18.586149215698242,22.009435653686523,77.03875732421875
2021-11-12,436.1081050332003,380.63012828503423,145.07414427188158,99.56740179614356,173.50999450683594,18.499133940961006,22.01805683002207,77.03033046370683,438.1239929199219,383.4768371582031,146.07351684570312,99.41128540039062,174.4499969482422,18.560043334960938,21.983572006225586,77.03875732421875
2021-11-15,439.40856410960447,384.6523652393564,147.04861271965515,99.35057884421042,174.10000610351562,18.42952271514554,21.99219282629438,77.03875732421875,438.2740173339844,383.3893127441406,145.87945556640625,99.02099609375,174.17999267578125,18.568744659423828,22.104265213012695,77.03875732421875
2021-11-16,438.01152112700873,382.66067673603766,145.48651256027873,99.02967760891222,173.97000122070312,18.551340357124218,22.138749873786434,77.03875370337758,440.0086669921875,386.1194763183594,147.771484375,98.93427276611328,172.9199981689453,18.542638778686523,22.190475463867188,77.03032684326172
2021-11-17,439.7461325975495,386.4400083579313,147.81999240536288,98.93429295970478,174.24000549316406,18.525237126784454,22.173233265239453,77.03032684326172,438.9397888183594,386.32342529296875,146.8933868408203,99.2898941040039,174.5,18.3773136138916,22.147371292114258,77.03032684326172
2021-11-18,439.97114731825366,388.36380376999676,150.3038666248631,99.1424186930228,173.9600067138672,18.429521306822327,22.130129073857272,77.03033046370683,440.43060302734375,390.32635498046875,150.5076141357422,99.35057830810547,173.94000244140625,18.438222885131836,22.087024688720703,77.03875732421875
2021-11-19,440.31806790988196,391.9586113099856,150.21168586429718,99.67152056444792,173.69000244140625,18.316404459723966,22.155994198966866,77.03875732421875,439.64300537109375,392.502685546875,151.45848083496094,99.6194839477539,172.61000061035156,18.142377853393555,22.199098587036133,77.03875732421875
2021-11-22,441.5182563851529,394.03774784218194,152.1328057205778,99.15978614635334,169.89999389648438,18.16847853523671,22.28530669822344,77.03033046370683,438.40533447265625,387.9460144042969,149.17349243164062,98.89091491699219,168.74000549316406,18.27289581298828,22.311168670654297,77.03875732421875
2021-11-23,438.0771663973215,386.7898566580349,148.38758347999297,98.71744003891826,167.27999877929688,18.368613955488474,22.319790129222994,77.03032684326172,438.9866638183594,386.17779541015625,148.09165954589844,98.48326873779297,167.27999877929688,18.60354995727539,22.302549362182617,77.03032684326172
2021-11-24,436.98954456020806,383.70024480865015,146.67506410578878,98.50062778586107,166.5800018310547,18.56874567938195,22.39737891120856,77.03033046370683,440.1587219238281,387.4213562011719,149.5858612060547,98.7868423461914,167.1199951171875,18.533939361572266,22.388757705688477,77.03875732421875
2021-11-26,433.50149668510204,384.8467762847315,146.81576380737522,99.72353170313147,168.60000610351562,17.924843846979517,22.250820379677506,77.03032684326172,430.3417053222656,380.076416015625,145.248779296875,100.06178283691406,166.85000610351562,17.428865432739258,22.216337203979492,77.03032684326172
2021-11-29,435.12354340402334,384.63298453085525,147.72783820722168,99.47201898709879,166.83999633789062,17.811724973059388,22.2680663968324,77.03033046370683,435.6204833984375,388.3249206542969,151.08010864257812,99.83628845214844,166.6199951171875,17.428865432739258,22.259445190429688,77.03875732421875
2021-11-30,433.1827469437874,387.44078141295927,150.4542576578175,100.45208148869186,167.77000427246094,17.150420125256545,22.11288838246607,77.03875370337758,427.1444396972656,382.621826171875,147.91700744628906,100.43473815917969,165.5,16.950288772583008,22.155994415283203,77.03032684326172
2021-12-01,432.84521097923056,386.95497556634797,150.70651726574346,100.0771198354304,166.83999633789062,17.1852235840356,22.155990413262927,77.03875732421875,422.4000549316406,376.1123046875,147.39306640625,100.62393951416016,166.16000366210938,16.8023624420166,22.216337203979492,77.03875732421875
2021-12-02,422.61574691393747,374.8298193835273,145.7824173016773,100.59792199784305,165.88999938964844,16.776262158819478,22.15599422690308,77.03875732421875,428.86968994140625,378.8229675292969,147.77630615234375,100.40696716308594,165.24000549316406,16.950288772583008,22.22496223449707,77.03875732421875
2021-12-03,430.52934500421367,380.18323734532777,148.8145101358592,100.24204701131049,165.49000549316406,17.202627151904522,22.23357961399186,77.03875370337758,425.13800048828125,372.23583984375,146.09776306152344,100.99718475341797,166.6300048828125,16.967689514160156,22.216337203979492,77.03032684326172
2021-12-06,427.6788574056175,372.7215760878553,145.33126762029715,100.84961540668522,166.13999938964844,17.00249761980374,22.242200861600697,77.03875370337758,430.1729431152344,375.218505859375,145.5398712158203,100.49374389648438,166.22000122070312,17.263538360595703,22.250822067260742,77.03032684326172
2021-12-07,435.442440658666,381.8543506899871,148.93579394313127,100.21599063110985,166.1999969482422,17.43756562565559,22.319791990921665,77.03875370337758,439.071044921875,386.5178527832031,152.59854125976562,100.11183166503906,166.80999755859375,17.524578094482422,22.259445190429688,77.03032684326172
2021-12-08,439.4648728181905,386.84819604677244,151.76411094565054,99.96427921766987,166.50999450683594,17.594189084001123,22.224962423463595,77.03033046370683,440.23370361328125,388.2472229003906,151.9387664794922,99.79068756103516,166.89999389648438,17.7595157623291,22.155994415283203,77.03875732421875
2021-12-09,438.9491577219033,387.02301998348895,150.92483352209365,100.03373786245498,166.5399932861328,17.628994733229092,22.20771792570628,77.03032684326172,437.2614440917969,382.5343933105469,148.26144409179688,100.04241943359375,165.8800048828125,17.48977279663086,22.23358154296875,77.03032684326172
2021-12-10,439.9617692478392,385.3421676711023,150.93451864063812,100.19863411447996,166.72000122070312,17.585485982098923,22.242202975105403,77.03875732421875,441.3775634765625,386.6926574707031,149.2025909423828,100.11183166503906,166.5800018310547,17.689903259277344,22.199098587036133,77.03875732421875
2021-12-13,440.86191039613635,386.6830692096892,149.7265555374678,100.36355891657435,166.89999389648438,17.689904140019983,22.20771770355281,77.03033046370683,437.46771240234375,381.1062927246094,145.3312530517578,100.5892333984375,167.0,17.602890014648438,22.268064498901367,77.03875732421875
2021-12-14,434.20476780499797,376.28728003763007,143.46835061598298,100.38092212419699,165.33999633789062,17.446266174316406,22.250821875879858,77.03875732421875,434.4579162597656,377.1617126464844,144.49197387695312,100.41564178466797,165.44000244140625,17.446266174316406,22.311168670654297,77.03875732421875
2021-12-15,434.5141971486355,376.9090040378662,144.64721666095403,100.17259563201775,165.27000427246094,17.402760951092077,22.319788187714785,77.03033046370683,441.246337890625,385.75994873046875,150.46881103515625,100.26806640625,166.14999389648438,17.533281326293945,22.276683807373047,77.03875732421875
2021-12-16,443.0934854498481,386.7218756836491,151.2062234647332,100.41230082201025,167.00999450683594,17.60289090407878,22.181856155395508,77.03032684326172,437.355224609375,375.84033203125,143.92922973632812,100.55998992919922,168.16000366210938,17.637697219848633,22.181856155395508,77.03032684326172
2021-12-17,434.2811459384775,372.43018093982033,142.6581792749394,100.88140033110696,168.72999572753906,17.5506842265087,22.207717522802707,77.03875732421875,432.7004089355469,373.96527099609375,143.25489807128906,100.78583526611328,167.8000030517578,17.428865432739258,22.337032318115234,77.03875732421875
2021-12-20,427.62887521925904,369.24804728232675,141.39321215681272,100.95093462353545,167.8800048828125,17.220028711627652,22.28530669822344,77.03032684326172,428.0993347167969,370.33758544921875,142.178466796875,100.6989974975586,167.08999633789062,17.30704116821289,22.311168670654297,77.03032684326172
2021-12-21,431.5148339230484,373.6061413324086,145.20238653152785,100.33411373238043,167.69000244140625,17.498475911500975,22.302549341893535,77.03033848248289,435.7019348144531,378.6258239746094,147.31427001953125,100.29936218261719,167.02000427246094,17.672502517700195,22.285306930541992,77.02191162109375
2021-12-22,435.44797367017134,378.33401801404176,146.3436689655031,100.45573389995884,167.5800018310547,17.7334126776978,22.242202975105403,77.03033848248289,440.0584716796875,383.2369689941406,149.06521606445312,100.3949203491211,168.58999633789062,17.881336212158203,22.199098587036133,77.02191162109375
2021-12-23,441.0558028110541,383.58724190976255,149.47493394645545,100.32542281394215,168.69000244140625,17.88133507104363,22.250824162844452,77.02191162109375,442.7965087890625,386.12628173828125,150.3479766845703,100.18641662597656,168.97000122070312,17.97705078125,22.181856155395508,77.02191162109375
2021-12-27,444.17028879957417,387.4200861977094,150.86006855159602,100.15167304794785,168.9600067138672,17.977051044253955,22.2249602868056,77.02189998314587,449.0630798339844,392.50787353515625,154.3961181640625,100.22117614746094,169.3699951171875,18.20328712463379,22.190475463867188,77.03032684326172
2021-12-28,449.4958929694086,393.40282784093364,155.01555171692095,100.38623603547673,169.3300018310547,18.255495964063318,22.20771599897331,77.03033848248289,448.69610595703125,390.6886901855469,152.87442016601562,100.20378875732422,168.63999938964844,18.168481826782227,22.216337203979492,77.02191162109375
2021-12-29,448.7996819684215,390.82488316984586,152.70370837957168,99.88236099147402,167.36000061035156,18.14237596470647,22.190477597209888,77.02191162109375,449.2701416015625,390.63031005859375,152.85003662109375,99.69123077392578,168.58999633789062,18.2554931640625,22.155994415283203,77.02191162109375
2021-12-30,449.6934621372565,390.4162826957751,152.68906976796617,99.89102941226022,168.42999267578125,18.246794384369547,22.190475463867188,77.02189998314587,448.0280456542969,389.46295166015625,151.1136932373047,100.0213394165039,169.8000030517578,18.168481826782227,22.190475463867188,77.03032684326172
2021-12-31,447.53874202831184,388.7916603229614,151.2063601789323,100.04739238414103,170.52999877929688,18.185884214736085,22.147373143769876,77.02189998314587,446.8988952636719,387.0308837890625,150.60646057128906,99.90838623046875,170.9600067138672,18.08146858215332,22.095645904541016,77.03032684326172
2022-01-03,448.15975083339737,388.19825960966415,151.83066510128702,99.36109647734528,168.86000061035156,18.029258729513057,22.190475514197967,77.03033848248289,449.4864501953125,390.7567443847656,153.92791748046875,98.97883605957031,168.3300018310547,18.151079177856445,22.23358154296875,77.02191162109375
2022-01-04,450.9072851460478,391.30155766728365,154.61072765413073,98.75296190398831,168.89999389648438,18.272896585746658,22.250822067260742,77.02189998314587,449.3359375,385.6884765625,153.12802124023438,98.92671966552734,169.57000732421875,18.36861228942871,22.250822067260742,77.03032684326172
2022-01-05,448.96894028365364,384.00552916746227,151.9330934697128,98.94407371178187,170.6199951171875,18.446925468050836,22.17323499555632,77.03032684326172,440.7076721191406,373.8397216796875,147.8751678466797,98.50968933105469,169.05999755859375,18.290300369262695,22.22496223449707,77.03032684326172
2022-01-06,440.2466667010779,372.020529806364,147.7532385485294,98.28381380514219,167.16000366210938,18.44692611694336,22.216338878798947,77.03032684326172,440.293701171875,373.5769958496094,149.34324645996094,98.26644134521484,166.99000549316406,18.44692611694336,22.24220085144043,77.03032684326172
2022-01-07,440.30313360714865,373.58670460586774,149.0603574101314,98.13609168365558,167.3699951171875,18.446924853129378,22.190477560066903,77.03032684326172,438.5530090332031,369.53009033203125,144.80247497558594,97.94496154785156,167.75,18.48172950744629,22.121509552001953,77.03032684326172
2022-01-10,435.36331312046167,364.6271924939485,142.90518690028264,97.69305592299699,167.36000061035156,18.455627313120967,22.216339060860363,77.02191162109375,438.0072937011719,369.7733154296875,144.98779296875,97.91893768310547,168.25999450683594,18.403419494628906,22.173233032226562,77.02191162109375
2022-01-11,437.74373029781276,369.0437150608484,144.59761950973308,97.87549005512558,168.44000244140625,18.52523592822835,22.164612243134762,77.02190920284413,441.9966735839844,375.32806396484375,147.9141845703125,98.15349578857422,170.2899932861328,18.76017189025879,22.07840347290039,77.01348876953125
2022-01-12,443.7280116585806,377.89626785911645,149.16276734680292,98.31853409279323,170.19000244140625,18.855890405862723,22.0094358285885,77.02191162109375,443.1916809082031,376.81646728515625,149.17739868164062,98.17084503173828,170.74000549316406,18.908098220825195,21.931846618652344,77.02191162109375
2022-01-13,444.2925567024861,378.19784650025264,152.1720807932905,98.23168358315662,170.08999633789062,18.890692096992076,21.871497908158226,77.02189998314587,437.0851135253906,367.3899841308594,146.5826873779297,98.48362731933594,170.16000366210938,18.707963943481445,21.9232234954834,77.03032684326172
2022-01-14,433.94247281173614,364.8704215155353,145.57796048477624,98.23169464096102,170.22000122070312,18.821082825017395,21.931846414857766,77.02189998314587,437.263916015625,369.67608642578125,149.6895294189453,97.80599975585938,169.6699981689453,18.95160484313965,21.983572006225586,77.03032684326172
2022-01-18,432.57806714158636,363.8684414821431,147.1533260811283,97.38894497737225,169.63999938964844,19.021214816096734,22.069783957034996,77.03033606396869,429.52008056640625,360.47332763671875,142.99298095703125,97.0675048828125,169.38999938964844,19.09952735900879,22.121509552001953,77.01348876953125
2022-01-19,431.06331069209193,362.029832788458,144.31959598800356,97.22393799815991,170.38999938964844,19.238751476122143,22.061159144591585,77.03032684326172,425.06024169921875,356.5140380859375,139.04234313964844,97.3021240234375,172.0800018310547,19.20394515991211,22.069780349731445,77.03032684326172
2022-01-20,426.9419932565545,359.734037581992,140.18853859749933,97.45846560259973,172.30999755859375,19.2474534344642,22.06116086829966,77.03032684326172,420.3555603027344,351.88348388671875,134.78448486328125,97.51058959960938,171.64999389648438,19.134334564208984,22.138750076293945,77.03032684326172
2022-01-21,419.2358828982697,349.6946830737125,134.12603467785118,98.05792966569402,172.0399932861328,19.19524153675919,22.052539855233945,77.02191162109375,412.1037292480469,342.1262512207031,132.54090881347656,98.07530212402344,171.08999633789062,19.151735305786133,22.07840347290039,77.02191162109375
2022-01-24,406.5052754832323,336.5034209388335,129.83399473732098,98.379346507646,171.77999877929688,19.021216215750076,22.173233265239453,77.01347955084094,413.8538513183594,343.69244384765625,134.2382049560547,97.9884033203125,172.02999877929688,19.10822868347168,22.147371292114258,77.03032684326172
2022-01-25,407.47438716618876,337.2427024792045,130.438787271556,98.07531599411743,171.9499969482422,19.09082732616333,22.20772001033674,77.02190920284413,408.80108642578125,335.72509765625,128.92193603515625,97.85812377929688,172.5800018310547,19.282257080078125,22.155994415283203,77.01348876953125
2022-01-26,414.6818862839636,343.31309150880196,132.88231655732497,97.87548261776931,171.38999938964844,19.430180990042754,22.164609787561798,77.01349118751651,407.7755432128906,335.19989013671875,130.7801971435547,97.1630859375,169.7899932861328,19.325763702392578,22.276683807373047,77.02191162109375
2022-01-27,412.36723366568094,339.8984675125725,132.09217965417193,97.39765242728417,168.02000427246094,19.49109115346602,22.423242357775838,77.01347955084094,405.761962890625,331.8241882324219,125.19567108154297,97.57140350341797,167.60000610351562,19.421480178833008,22.466346740722656,77.03032684326172
2022-01-28,407.1168944257264,333.70165598123504,125.05909662985579,97.43243614758364,166.55999755859375,19.552000036200536,22.449105963778408,77.02190920284413,415.8392333984375,342.233154296875,127.63431549072266,97.79731750488281,167.10000610351562,19.43888282775879,22.457725524902344,77.01348876953125
2022-01-31,415.17113717300543,343.59518904683466,128.49759699333038,97.61487682623323,167.7899932861328,19.51719309415238,22.388758130365044,77.02189998314587,423.32891845703125,353.17730712890625,134.32110595703125,97.79731750488281,168.08999633789062,19.50849151611328,22.302549362182617,77.03032684326172
2022-02-01,424.05345661872343,354.51978388230384,135.24293669870343,97.8303496994979,168.57000732421875,19.447583405182538,22.24220085144043,77.01349118751651,426.1893615722656,355.58013916015625,134.89663696289062,97.66512298583984,168.22999572753906,19.58680534362793,22.24220085144043,77.02191162109375
2022-02-02,428.5886396673794,359.70481264846654,137.86204512099687,97.74338366783685,168.33999633789062,19.682522329494844,22.155994415283203,77.02189998314587,430.329345703125,358.4693298339844,138.34002685546875,97.86512756347656,168.83999633789062,19.665119171142578,22.155994415283203,77.03032684326172
2022-02-03,424.30741975423217,348.78019330152955,134.9259237943328,97.4303342454924,168.30999755859375,19.473688130068602,22.078403433112257,77.02189998314587,420.21441650390625,343.93560791015625,132.20437622070312,97.44772338867188,168.60000610351562,19.70862579345703,22.04391860961914,77.03032684326172
2022-02-04,419.97923360740066,344.4512021440884,131.65810420966392,96.89115806884908,168.0399932861328,19.830444978281857,22.06978029622468,77.02190920284413,422.1903991699219,348.27435302734375,132.92132568359375,96.69984436035156,168.86000061035156,19.865249633789062,22.026674270629883,77.01348876953125
2022-02-07,422.95254768054906,348.8677094298636,133.52611868268383,96.72593688964844,169.4499969482422,19.847846863036462,22.061161011406988,77.02190920284413,420.8354797363281,345.4726257324219,133.1310577392578,96.72593688964844,170.11000061035156,19.908756256103516,22.035297393798828,77.01348876953125
2022-02-08,420.33677354523064,344.33447295829444,132.26289246880344,96.46506926402223,170.10000610351562,19.760830934346053,22.061159144591585,77.02191162109375,424.29803466796875,349.3541564941406,135.8574676513672,96.41289520263672,170.6300048828125,19.73472785949707,22.069780349731445,77.02191162109375
2022-02-09,428.32517855026134,353.8679667596408,137.92546318270144,96.63896128658799,170.67999267578125,19.769535446417795,22.03529740374586,77.01348876953125,430.50811767578125,356.7572021484375,140.58847045898438,96.54330444335938,171.2100067138672,19.93486213684082,22.04391860961914,77.01348876953125
2022-02-10,424.67435811188443,349.74321634779176,137.4718461222877,96.18679230586011,170.52000427246094,19.926158380224297,22.138750269795207,77.01348876953125,422.7737121582031,348.682861328125,136.37933349609375,95.65633392333984,170.55999755859375,19.8304443359375,22.07840347290039,77.01348876953125
2022-02-11,422.85849404433793,348.6828074792176,136.56469979677192,96.06505732367857,170.75,19.882651812155085,22.121507442192865,77.01348876953125,414.437255859375,337.62200927734375,129.37066650390625,96.64768981933594,173.80999755859375,20.12628936767578,22.173233032226562,77.01348876953125
2022-02-14,413.9291560964369,337.0676295367606,129.80472788454475,96.12592694219803,173.77999877929688,20.013172682895455,22.224960337214593,77.01347751907322,413.0823059082031,338.0404357910156,129.28285217285156,95.97809600830078,174.74000549316406,20.2307071685791,22.23358154296875,77.00505065917969
2022-02-15,417.51401451434305,343.31308852518026,132.17998384924613,95.69980659072102,173.10000610351562,19.934859585368578,22.181854471056813,77.01349118751651,419.7439880371094,346.4455261230469,136.31593322753906,95.69110870361328,173.0800018310547,19.900054931640625,22.147371292114258,77.02191162109375
2022-02-16,417.7021502270157,344.19830964180295,134.59912181349608,95.93458844921643,173.49000549316406,20.065378924853047,22.138750036204097,77.02191162109375,420.21441650390625,346.3579406738281,136.2866668701172,95.89110565185547,174.86000061035156,19.926156997680664,22.104265213012695,77.02191162109375
2022-02-17,417.03413227878895,343.1476750723119,134.5942479332972,96.11720426498236,176.6999969482422,19.978367111005934,22.112886428833008,77.02190920284413,411.2380676269531,336.0559387207031,130.8240966796875,96.4041748046875,177.25,20.09148597717285,22.112886428833008,77.01348876953125
2022-02-18,411.4921744012356,336.98985930484275,131.26306543973232,96.56071058638288,177.07000732421875,20.004471222538395,22.130128647919623,77.02191162109375,408.5753479003906,332.2231140136719,129.37066650390625,96.71723937988281,177.1199951171875,20.169797897338867,22.173233032226562,77.02191162109375
2022-02-22,406.37358261467153,329.2851455895957,127.92698079514103,96.49986186160729,177.6699981689453,20.57876421322445,22.16461374245152,77.01349118751651,404.1906433105469,328.88629150390625,128.4829864501953,96.70856475830078,177.49000549316406,20.456945419311523,22.181856155395508,77.02191162109375
2022-02-23,407.0980794779474,332.0382416486685,130.58998194929828,96.35201540924439,177.38999938964844,20.535255449662035,22.147371099637642,77.01348876953125,397.0208435058594,320.46185302734375,125.79071044921875,96.20417785644531,178.2899932861328,20.648372650146484,22.207717895507812,77.01348876953125
2022-02-24,386.7365259239518,310.1694684544113,120.92313431329411,96.97813013100182,182.58999633789062,21.51851362421666,22.44910614432906,77.02190920284413,402.99560546875,331.230712890625,130.10711669921875,96.43028259277344,177.13999938964844,20.735389709472656,22.388757705688477,77.01348876953125
2022-02-25,404.22823397331,332.0285404288966,129.99493498408296,96.28243093351745,176.4199981689453,20.439539463413617,22.354273007449542,77.02190920284413,411.8873291015625,336.36724853515625,131.92147827148438,96.4041748046875,176.5500030517578,20.422136306762695,22.276683807373047,77.01348876953125
2022-02-28,406.50529284633944,333.1958540080665,129.9607829537427,97.0650764868528,178.86000061035156,20.787596506167127,22.35427469858378,77.02190920284413,410.8335266113281,337.3691711425781,130.78504943847656,97.4998779296875,178.3800048828125,20.77019500732422,22.311168670654297,77.01348876953125
2022-03-01,409.3374027412006,336.3476849169218,130.3363550058616,98.00559409180266,179.0500030517578,21.300977345620083,22.41462307448657,77.04044302837416,404.57635498046875,332.2035217285156,126.65885925292969,98.44949340820312,181.6199951171875,21.605525970458984,22.483591079711914,77.03202056884766
2022-03-02,406.8251817399771,333.75036921925533,127.6050664554404,97.88373587652092,180.1300048828125,22.031893181209586,22.518073973451006,77.04044302837416,412.0190734863281,337.7778015136719,130.80458068847656,96.96983337402344,179.72999572753906,22.31033706665039,22.466346740722656,77.03202056884766
2022-03-03,414.446680076633,340.41407433832154,131.2142656139411,97.21353662661949,179.9600067138672,22.37124622377655,22.526695280556993,77.04045104980469,409.9678955078125,332.9526672363281,127.98548889160156,97.38761138916016,180.8000030517578,22.55397605895996,22.55255889892578,77.04045104980469
2022-03-04,406.2418252656333,330.5985306165319,126.59057553427921,98.2493032831951,182.11000061035156,23.1717727981957,22.802566696419493,77.03202858940124,406.63702392578125,328.1275939941406,124.5421142578125,98.35375213623047,183.67999267578125,23.502426147460938,22.724977493286133,77.04045104980469
2022-03-07,406.05359214668294,328.1178218819508,124.7177038003871,97.89242823725999,184.4499969482422,23.71126136971541,22.78532559858811,77.02359969963871,394.649658203125,316.02581787109375,118.34305572509766,97.93594360351562,186.41000366210938,24.015810012817383,22.888776779174805,77.04045104980469
2022-03-08,394.82848568696517,315.23783128014855,118.5283938000302,97.37020018361353,188.35000610351562,24.43347384132878,22.845672607421875,77.04045104980469,391.6575927734375,314.556884765625,120.1281509399414,97.30056762695312,191.50999450683594,24.424772262573242,22.845672607421875,77.04045104980469
2022-03-09,400.02232727972273,322.7284579772235,124.3128830556312,96.90018888540719,186.0399932861328,23.27618891520433,22.630146016116367,77.04045104980469,402.158203125,325.8803405761719,125.34687042236328,96.69999694824219,185.82000732421875,22.484363555908203,22.621524810791016,77.04045104980469
2022-03-10,397.55711352812676,321.82372966537287,123.02039028201183,96.36925044704122,186.8800048828125,22.884625493947755,22.681871477442357,77.04045104980469,400.3422546386719,322.261474609375,122.63508605957031,96.25609588623047,186.39999389648438,22.21462059020996,22.733598709106445,77.04045104980469
2022-03-11,402.82627933719436,325.2285581449521,124.46407813859184,96.1516716991137,183.74000549316406,22.388649765804765,22.750840997319997,77.04044302837416,395.25189208984375,315.57830810546875,119.87940216064453,96.2300033569336,185.08999633789062,22.597482681274414,22.854293823242188,77.03202056884766
2022-03-14,396.0234396841189,314.34290265565807,119.76235428322009,95.45538265209112,183.02999877929688,22.07539989497988,22.81118778402056,77.03202858940124,392.3632507324219,309.5177917480469,116.41651916503906,95.01148986816406,182.3000030517578,21.936176300048828,22.845672607421875,77.04045104980469
2022-03-15,394.96955062340055,312.15408832569585,117.5041512989538,95.51628279125613,179.10000610351562,21.34448446382012,22.759462163414618,77.04044143595372,400.991455078125,319.22637939453125,121.2938232421875,94.96794128417969,178.88999938964844,21.396692276000977,22.819808959960938,77.02359008789062
2022-03-16,404.49170046381727,323.1370646980165,123.4837302680951,94.87221100149459,179.1300048828125,21.69253942467338,22.733598877817432,77.03202858940124,409.8831481933594,331.0654296875,127.71723175048828,94.83739471435547,180.00999450683594,21.21396255493164,22.656009674072266,77.04045104980469
2022-03-17,407.9730846505351,329.16848355779564,126.45402785691218,94.89828644186558,181.16000366210938,21.988387569647045,22.64739031672305,77.03202858940124,415.01116943359375,335.07342529296875,128.5171356201172,94.65457916259766,180.88999938964844,22.232025146484375,22.604284286499023,77.04045104980469
2022-03-18,413.4028311487186,333.4195268869599,127.4294764487565,94.8112823039894,179.92999267578125,22.223323837815162,22.724979556248787,77.04044302837416,419.5566711425781,341.93157958984375,131.2923126220703,94.93313598632812,179.3000030517578,22.336441040039062,22.63014793395996,77.03202056884766
2022-03-21,419.386903149418,341.0979546293715,130.91675653042924,94.24552323708373,179.3300018310547,22.841120324909653,22.647390181195654,77.03202056884766,419.4341125488281,340.9810485839844,130.9850311279297,93.69718170166016,180.6699981689453,23.171772003173828,22.716358184814453,77.03202056884766
2022-03-22,420.8213779356856,341.4777283646636,130.9996703488252,93.30547790871566,179.60000610351562,23.15437036951169,22.690494557015175,77.04044302837416,424.3419189453125,347.6821594238281,131.88734436035156,93.18362426757812,179.36000061035156,23.119564056396484,22.70773696899414,77.03202056884766
2022-03-23,421.81246957458256,344.8089089212396,130.6143671024419,93.40992554138319,180.2899932861328,23.59814124251657,22.768081885889064,77.03203018024773,418.8771057128906,342.685546875,128.5902862548828,93.810302734375,181.80999755859375,23.69385528564453,22.733598709106445,77.04888153076172
2022-03-24,420.897026967389,344.60428887839834,130.1315193617589,93.26200589705807,182.35000610351562,23.711260340079708,22.785324064787844,77.04045264082512,425.1914978027344,350.30224609375,134.84788513183594,93.28811645507812,183.1300048828125,23.458919525146484,22.75946044921875,77.04888153076172
2022-03-25,425.8237756229709,350.243853940656,134.6625344485088,92.86157923327504,181.80999755859375,23.389310572224403,22.7508411605558,77.04887191725908,427.2678527832031,350.0101013183594,134.28697204589844,92.33064270019531,182.3800048828125,23.632949829101562,22.768083572387695,77.03202056884766
2022-03-28,426.6732093991703,350.00033128092554,133.3066446632623,92.47864682655721,180.3800048828125,23.04125298964906,22.89739627581184,77.04044302837416,430.3070068359375,355.4255676269531,135.26243591308594,92.5395736694336,179.05999755859375,22.606184005737305,22.83704948425293,77.03202056884766
2022-03-29,434.18623279666707,359.31190007061673,137.7498438646144,92.76586052182823,177.02000427246094,22.11020662659899,22.630145848061318,77.04044302837416,435.63031005859375,361.5423889160156,138.32049560546875,93.00086212158203,179.13999938964844,22.693199157714844,22.699113845825195,77.03202056884766
2022-03-30,434.48834654789084,359.68200152367945,137.52061803545874,92.80937732830694,179.75999450683594,23.08476181609903,22.561180134118644,77.03203018024773,432.9404602050781,357.5489196777344,134.3064727783203,93.36642456054688,180.5800018310547,23.102163314819336,22.57842254638672,77.04888153076172
2022-03-31,432.1758685328461,357.6949804858477,134.0041027188685,93.50570342715925,180.91000366210938,22.962940059683014,22.656011338090735,77.04888153076172,426.27685546875,353.1171569824219,131.5849609375,93.54051971435547,180.64999389648438,22.67579460144043,22.67325210571289,77.04888153076172
2022-04-01,427.8530993439852,353.38013902507805,132.0726961393579,92.63513551900168,179.5500030517578,22.710599918582712,22.733600586962588,77.04045264082512,427.4850158691406,352.4450988769531,129.45358276367188,92.93140411376953,179.5,22.82371711730957,22.70773696899414,77.04888153076172
2022-04-04,427.683210068739,353.28282187398673,129.77546842906352,93.02726890184383,180.24000549316406,23.284891891296,22.785325770961734,77.03202858940124,431.1470947265625,359.7015380859375,131.58982849121094,92.87042236328125,180.3699951171875,23.258787155151367,22.811187744140625,77.04045104980469
2022-04-05,429.6558116325977,358.250252800888,130.67776227916602,92.60027592342004,180.91000366210938,23.467618750132786,22.802569956689126,77.03202056884766,425.70111083984375,351.71466064453125,125.91263580322266,91.76376342773438,179.24000549316406,23.06735610961914,22.931884765625,77.03202056884766
2022-04-06,421.7935816863143,346.4062347899626,123.27889638973875,91.18869338793661,179.77999877929688,23.371906761477202,22.897398055138204,77.04045104980469,421.4443359375,344.078369140625,123.30816650390625,91.44139099121094,179.66000366210938,22.884628295898438,22.949125289916992,77.04045104980469
2022-04-07,420.5666126114327,343.08484310536005,122.76677953464697,91.21480560302734,179.8699951171875,22.910734306219613,22.93188266598034,77.03202858940124,423.5680236816406,344.8965148925781,123.32766723632812,91.21480560302734,180.33999633789062,22.962942123413086,22.992229461669922,77.04045104980469
2022-04-08,422.8129864370016,343.1627857534905,122.6350839578562,90.69196472331453,180.52000427246094,22.95424067285161,23.06119746307614,77.03202056884766,422.4354553222656,340.0751647949219,120.39640045166016,90.75296020507812,181.47000122070312,23.25008773803711,22.992229461669922,77.03202056884766
2022-04-11,419.1696679234195,335.8480363263463,118.64543986015431,90.43058961927075,183.1699981689453,23.00644887790492,23.03533364360225,77.04045104980469,415.2149963378906,332.0299377441406,117.68949127197266,90.31731414794922,182.3699951171875,23.058656692504883,23.043954849243164,77.04045104980469
2022-04-12,418.1975577653763,336.77328177821795,120.04523629333126,90.78781571580144,184.0399932861328,23.53723057401994,23.02671416678292,77.03202858940124,413.67657470703125,330.6272888183594,117.0554428100586,90.75296020507812,183.77000427246094,23.746065139770508,23.121545791625977,77.04045104980469
2022-04-13,413.4311873130841,330.9682157478457,118.17722776100413,91.0056862647204,184.5,23.95490175181558,23.156028857775052,77.03202858940124,418.4146728515625,337.3479919433594,119.83551025390625,90.95339965820312,184.64999389648438,24.268150329589844,23.02671241760254,77.04045104980469
2022-04-14,418.64119283709516,337.4355777753882,120.45492497302921,90.82268937766855,184.27999877929688,24.146329511237507,23.104301483355197,77.03202056884766,413.2046813964844,329.6337585449219,116.1872787475586,90.13430786132812,184.0399932861328,24.450878143310547,23.130165100097656,77.03202056884766
2022-04-18,412.2796514632989,328.58191656925595,115.69954882375885,90.21275790559079,185.9499969482422,24.71191927486763,23.173269333622493,77.03202858940124,413.37451171875,329.8870849609375,118.1772232055664,89.8729248046875,184.61000061035156,24.72932243347168,23.22499656677246,77.04045104980469
2022-04-19,413.2707073837323,329.2442113806773,117.50903347770068,89.5243699186725,183.19000244140625,24.250747040142397,23.268100748895247,77.03202056884766,420.0475158691406,337.26031494140625,120.69392395019531,89.28038787841797,181.82000732421875,24.0941219329834,23.276721954345703,77.03202056884766
2022-04-20,421.82193478222695,338.068698508038,122.69849355223198,89.64635387194778,181.58999633789062,24.172433472323497,23.138784375693596,77.03203018024773,419.73602294921875,332.3415222167969,120.47443389892578,89.97747802734375,182.7100067138672,24.120223999023438,23.1129207611084,77.04888153076172
2022-04-21,423.3509483444846,336.2181551269493,121.95226649884137,89.72477118034926,181.77000427246094,24.146328092075326,23.078439310254325,77.04888153076172,413.45947265625,325.465087890625,117.1725082397461,89.48078918457031,182.05999755859375,24.085418701171875,23.1818904876709,77.04888153076172
2022-04-22,412.37412370691203,325.6208654467017,117.03593837546477,89.25423866126137,180.72000122070312,23.86788583713037,23.259481235231533,77.03202858940124,402.11456298828125,316.94244384765625,114.48509979248047,89.52436065673828,180.2899932861328,23.62424659729004,23.319828033447266,77.04045104980469
2022-04-25,399.87760832355883,315.3159264323357,113.71935824081454,90.23017860381262,177.1699981689453,22.94553826071155,23.431900024414062,77.03203018024773,404.44580078125,321.01385498046875,116.46527862548828,90.09947204589844,177.0500030517578,23.450218200683594,23.431900024414062,77.04888153076172
2022-04-26,401.9163240296101,318.95871630604034,115.26059235285693,90.70941439464723,177.9499969482422,23.589440935799853,23.492248371378835,77.04045104980469,392.7327575683594,308.897216796875,111.50018310546875,90.70069885253906,177.32000732421875,23.77216911315918,23.578458786010742,77.04045104980469
2022-04-27,393.8086609873536,308.99451321317423,110.20769936100459,90.64840564443635,176.4600067138672,23.641647253622505,23.750877613230024,77.04045104980469,393.83697509765625,308.5270080566406,110.96367645263672,90.19529724121094,175.97999572753906,23.9374942779541,23.72501564025879,77.04045104980469
2022-04-28,398.5751272035263,313.48469173785213,113.35355928999695,89.8903195259946,175.9199981689453,23.885285616868792,23.897434456896093,77.04044660377203,403.7851257324219,319.4845886230469,117.29930114746094,90.06459045410156,176.92999267578125,24.137624740600586,23.862951278686523,77.05730438232422
2022-04-29,399.80207204922027,315.28674394766375,115.07037075733733,89.40238637930234,178.07000732421875,24.285548597836087,23.793985338502456,77.04887993956721,388.8629455566406,305.10833740234375,112.10497283935547,89.58537292480469,176.91000366210938,23.954896926879883,23.76812171936035,77.04045104980469
2022-05-02,388.929072135393,304.69924800360195,112.12448117666234,89.11863036373272,173.61000061035156,23.71996071874919,23.862951046475022,77.05731042069833,391.2037353515625,310.2024230957031,115.36788940429688,88.91796875,173.6300048828125,24.320356369018555,23.888813018798828,77.04888153076172
2022-05-03,391.7039196895496,310.2218488222658,114.96795957298217,89.44140617949823,173.88999938964844,24.12892441484223,23.776740846358837,77.05730882932974,392.9969787597656,310.5335388183594,116.31409454345703,89.02264404296875,174.08999633789062,23.981000900268555,23.8457088470459,77.04045104980469
2022-05-04,393.65769528593023,311.0107952993053,117.05056885194992,88.98772180032321,174.32000732421875,24.485683191984627,23.79398381566274,77.04044660377203,404.9649353027344,321.0333557128906,120.3037338256836,89.59841918945312,175.8000030517578,24.72932243347168,23.64742660522461,77.05730438232422
2022-05-05,400.7081751004019,316.71844594551925,118.2942766865687,88.89177213676427,177.55999755859375,24.92945428848742,23.79398325761231,77.05730438232422,390.5713195800781,304.86474609375,114.65580749511719,88.69983673095703,175.1300048828125,24.59880256652832,23.8457088470459,77.05730438232422
2022-05-06,388.01350785652954,302.8680460761537,113.68522333561246,88.24615975470932,175.38999938964844,24.624902725219727,23.819845018723974,77.04887549304812,388.2400207519531,301.21221923828125,113.48037719726562,88.19380950927734,175.4199981689453,24.624902725219727,23.888813018798828,77.05730438232422
2022-05-09,382.3504814055953,295.59212653180623,111.02221108206902,88.23743946543811,174.27000427246094,24.14632776804495,23.91467664572697,77.06573288127571,375.8096618652344,289.4266357421875,107.73490142822266,88.84813690185547,172.8800048828125,23.511127471923828,23.89743423461914,77.04888153076172
2022-05-10,381.77465875186067,296.595496474969,111.01732430095085,89.25819637796171,173.8000030517578,23.6590498119162,23.880191627403217,77.05731042069833,376.67791748046875,292.9429626464844,110.51984405517578,89.14478302001953,171.4199981689453,23.371904373168945,23.949159622192383,77.04888153076172
2022-05-11,375.71530920049423,290.68319437612166,109.44684174998984,88.92668476698896,172.50999450683594,23.92009277299629,23.888812859054536,77.04888153076172,370.6940612792969,284.2547302246094,107.13011932373047,89.69441986083984,172.82000732421875,23.946197509765625,23.97502326965332,77.04888153076172
2022-05-12,367.5038249274551,279.9788270613995,105.96443084562227,89.96486366141056,172.07000732421875,23.798273998592837,24.069856245562413,77.05730438232422,370.3070373535156,283.5826416015625,107.6373519897461,89.99103546142578,170.1699981689453,24.059314727783203,24.181928634643555,77.05730438232422
2022-05-13,374.4315896864937,288.03394787771657,109.8418980291206,89.74673840502052,168.30999755859375,24.242043449087056,24.199169317389885,77.04886062915506,379.1602478027344,294.09228515625,113.2803955078125,89.51990509033203,168.7899932861328,24.38996696472168,24.112958908081055,77.06571197509766
2022-05-16,377.5180173546355,292.34874379462224,112.19763622256588,89.84276745872593,168.42999267578125,24.45957999117452,24.078476143005734,77.05730438232422,377.621826171875,290.6831970214844,111.45140838623047,89.89511108398438,170.39999389648438,24.790231704711914,24.018129348754883,77.05730438232422
2022-05-17,383.70016285890136,296.53695364221903,114.49485093143359,89.29309975944825,170.44000244140625,24.79022912194696,23.85433193215761,77.04887549304812,385.3896484375,298.2122497558594,116.78231048583984,89.21458435058594,169.3300018310547,24.52048683166504,23.819847106933594,77.05730438232422
2022-05-18,380.8403727574415,293.70265421999056,114.8606575915688,89.2145862824541,169.00999450683594,24.59009785513312,23.87157231346833,77.05730438232422,369.8540344238281,283.5729675292969,111.20267486572266,89.85145568847656,169.4199981689453,23.989702224731445,23.940540313720703,77.05730438232422
2022-05-19,366.79595164216687,281.77105612186665,110.45644306948515,90.64534478757544,171.5500030517578,23.815677171917834,23.75950069156318,77.06575171103128,367.5887756347656,282.0534973144531,111.23193359375,90.17423248291016,171.91000366210938,24.294252395629883,23.690532684326172,77.07418060302734
2022-05-20,371.1659411793916,285.51123134311183,113.17310012053775,90.12189663031151,171.7100067138672,24.33775736461303,23.733636866126076,77.06575171103128,367.7492370605469,281.1768798828125,111.28558349609375,90.59300231933594,172.02999877929688,24.329055786132812,23.742258071899414,77.07418060302734
2022-05-23,370.7695124155736,282.2191085702212,110.8612664188304,90.35745565554025,173.1300048828125,24.398670205315753,23.578458989933242,77.06575171103128,374.6298522949219,285.8521728515625,112.17813873291016,90.04338073730469,172.8300018310547,24.51178741455078,23.5267333984375,77.07418060302734
2022-05-24,370.51472368444104,280.6411741346291,110.33450610579226,90.50577217062455,173.47000122070312,24.494382858276367,23.50086779072883,77.0741408627477,371.7700500488281,279.7742919921875,109.21759796142578,90.8198471069336,174.1300048828125,24.494382858276367,23.457761764526367,77.06571197509766
2022-05-25,370.278726265349,278.28408246900483,108.74938677204246,91.14265121067467,172.7899932861328,24.503084579407908,23.56121633449218,77.06575171103128,375.0545654296875,283.6898498535156,111.49043273925781,91.00305938720703,173.0800018310547,24.668411254882812,23.543973922729492,77.07418060302734
2022-05-26,376.2815783765453,282.8911554322837,110.4125442614596,91.05541749093923,172.1300048828125,24.63360559752367,23.500869711475755,77.06570912655876,382.5486755371094,291.5500793457031,115.21669006347656,90.9594497680664,172.75999450683594,24.938154220581055,23.466384887695312,77.09099578857422
2022-05-27,385.0026351628093,294.6766659935086,117.1042225165481,91.125200443418,173.49000549316406,24.90335134328391,23.431901912162346,77.0826094950234,391.93988037109375,301.066162109375,119.7867431640625,91.0903091430664,172.85000610351562,25.2340030670166,23.41465950012207,77.07418060302734
2022-05-31,390.3259612932842,301.0369313919927,119.55262470993227,90.40108986699947,172.7100067138672,25.616862190004007,23.483625380247844,77.08256975039772,389.74078369140625,300.2674560546875,119.28925323486328,90.13935852050781,171.13999938964844,25.059972763061523,23.457761764526367,77.06571197509766
2022-06-01,391.8549734040455,302.40051240627986,119.84037881324261,90.20833998190827,172.2100067138672,25.286210754710776,23.4836250783751,77.08343759237799,386.58831787109375,298.04669189453125,117.32855987548828,89.63182067871094,172.22999572753906,25.181795120239258,23.638803482055664,77.06657409667969
2022-06-02,386.42789374965014,296.92664928605205,117.20664243497791,89.89389241337614,173.66000366210938,25.42543108158649,23.526731638668736,77.07500331102176,393.9503173828125,306.2089538574219,121.47428894042969,89.76286315917969,174.35000610351562,25.756084442138672,23.431900024414062,77.08343505859375
2022-06-03,389.240487364167,300.99800962712317,118.82591622148344,89.41345641983904,173.52999877929688,25.642966977276796,23.49224641799218,77.07500584452885,387.4849548339844,298.2415771484375,117.89434814453125,89.5881576538086,172.5800018310547,25.999723434448242,23.535350799560547,77.06657409667969
2022-06-06,391.48687393580764,302.67326610201565,119.84526935713528,89.36976976880187,172.80999755859375,26.025826523622474,23.526733204861397,77.07500457763672,388.664794921875,299.2350158691406,117.99188995361328,88.91554260253906,171.82000732421875,26.11284065246582,23.587080001831055,77.07500457763672
2022-06-07,385.1819749982957,295.9136400649913,116.50918851394152,89.15141231238105,172.11000061035156,26.025826415930222,23.67328682584714,77.07500584452885,392.3929138183594,301.8161315917969,118.93321228027344,89.2737045288086,172.94000244140625,26.286867141723633,23.561214447021484,77.06657409667969
2022-06-08,390.68451274322166,301.0173383852463,118.38693877379538,89.10769746893101,172.88999938964844,26.33037694807799,23.58707978880264,77.08343632534728,388.126708984375,299.6440124511719,116.45552825927734,88.94172668457031,172.77999877929688,26.521806716918945,23.630184173583984,77.07500457763672
2022-06-09,386.3523433395128,297.9590629986376,115.67029195719127,88.82818708749214,172.4499969482422,26.330373793957335,23.647426261282906,77.08343505859375,378.89599609375,291.6182556152344,113.35844421386719,88.86312866210938,172.22999572753906,26.565311431884766,23.80260467529297,77.08343505859375
2022-06-10,372.70440234363315,286.0176516344523,111.24656169430847,88.40890966020415,170.88999938964844,26.408687074741312,23.94916131812085,77.08343759237799,367.90966796875,281.3326721191406,109.16395568847656,87.9896240234375,174.5399932861328,26.304269790649414,23.992265701293945,77.06657409667969
2022-06-13,358.5184668650851,272.4789956879142,105.22309573628613,87.05494515568815,171.17999267578125,26.095436978684997,24.138824298100804,77.07500457763672,353.9408264160156,268.2518005371094,103.09658813476562,86.42601013183594,169.92999267578125,26.0084228515625,24.225034713745117,77.07500457763672
2022-06-14,355.6869276147928,270.44331562942807,104.28175996651933,86.61820328214405,169.61000061035156,26.06933401680764,24.173307019655574,77.06657409667969,352.874267578125,268.7388000488281,103.85255432128906,85.73594665527344,168.57000732421875,25.72127914428711,24.276758193969727,77.06657409667969
2022-06-15,356.16833403207096,272.1575818938242,105.11578853845744,86.43476467103653,170.39999389648438,25.75608495140848,24.225033166458726,77.06657282992616,357.905029296875,275.44970703125,105.75471496582031,86.93267059326172,170.77000427246094,25.73868179321289,24.08709716796875,77.07500457763672
2022-06-16,349.70299946215493,268.4271234740811,102.50155498546194,86.08535275421985,170.55999755859375,25.71257706493,24.03537236994884,77.07498559163756,346.05975341796875,264.3363037109375,99.48737335205078,87.50045013427734,172.69000244140625,25.85179901123047,23.854331970214844,77.09184265136719
2022-06-17,346.47397650063243,265.10576498452855,99.98486530640228,87.57907280981655,172.14999389648438,25.582056383763437,24.06123737122614,77.08343505859375,346.80572509765625,267.550537109375,100.30188751220703,87.52665710449219,171.27000427246094,24.929452896118164,24.095722198486328,77.08343505859375
2022-06-21,352.521725834006,272.0268994799265,102.30645726508439,87.05494312853985,171.05999755859375,25.086078121827406,24.000886927427175,77.09188715819002,355.5361022949219,274.3006896972656,103.14535522460938,87.0724105834961,170.6300048828125,24.86854362487793,24.00950813293457,77.1003189086914
2022-06-22,351.3178660517575,271.8024357299077,101.15541032188163,88.08570789932772,171.61000061035156,24.10282214690056,24.009508091623562,77.10027186792428,354.89154052734375,273.9006042480469,101.6919174194336,88.17306518554688,171.30999755859375,24.424772262573242,23.97502326965332,77.10870361328125
2022-06-23,357.0243321478926,276.3793984020338,102.19914845093196,88.71465434508971,171.38999938964844,24.450877854780387,24.009508122617948,77.10870361328125,358.370361328125,277.9798583984375,101.1651611328125,88.67098236083984,170.25999450683594,23.8765869140625,24.000886917114258,77.10870361328125
2022-06-24,361.5364704588315,280.80006451551657,102.84295700002706,88.5574197645783,170.24000549316406,24.0071056466074,23.983642797423613,77.10870614263429,369.764404296875,287.5043640136719,105.42793273925781,88.35651397705078,170.08999633789062,24.102821350097656,23.949159622192383,77.09184265136719
2022-06-27,370.683832618729,288.8608509108106,106.41314513379996,87.84986736896761,170.60000610351562,24.024510325918985,23.91467665599707,77.10027439700075,368.3519592285156,285.396484375,105.07676696777344,87.85860443115234,169.89999389648438,24.050613403320312,23.906055450439453,77.09184265136719
2022-06-28,369.9065529188097,285.9331824998259,105.53523435091891,87.76250988488367,170.07000732421875,24.111521051440562,24.018129116910362,77.10027186792428,360.8254699707031,276.70135498046875,102.42838287353516,87.97215270996094,169.6199951171875,24.337757110595703,24.043991088867188,77.10870361328125
2022-06-29,361.3752782573753,276.5647011190199,101.51146096709941,88.12062044860556,170.5800018310547,24.47697937622273,24.104339425153952,77.09183885858211,360.5316162109375,276.9550476074219,100.62378692626953,88.67967224121094,169.49000549316406,23.92009162902832,24.181928634643555,77.11713409423828
2022-06-30,356.64516179349505,273.9786543814577,99.04841057189654,89.18635317098567,169.50999450683594,23.69385677549002,24.199171221744542,77.11714688951035,357.6025695800781,273.5199890136719,99.36543273925781,89.3610610961914,168.4600067138672,23.18047523498535,24.104339599609375,77.12557220458984
2022-07-01,356.94850998659183,272.2220228817609,97.64374402371274,90.21400786977786,167.13999938964844,23.493727623209946,24.259517844133153,77.11968994140625,361.384765625,275.3253173828125,95.59040069580078,90.31898498535156,168.32000732421875,23.293596267700195,24.181928634643555,77.11968994140625
2022-07-05,356.3039839830467,271.59754200839905,93.15661564372037,90.76518620927705,167.17999267578125,22.68449860322225,24.526771545410156,77.11968994140625,362.06732177734375,280.0389099121094,96.09275817871094,90.65145874023438,164.75,21.727346420288086,24.526771545410156,77.11968994140625
2022-07-06,362.2094581257224,280.419402086532,96.0683844072274,90.98388314506016,164.32000732421875,21.65773466922221,24.62159921780849,77.11968994140625,363.29010009765625,281.83441162109375,96.74633026123047,89.88157653808594,162.13999938964844,21.4053955078125,24.63884162902832,77.11968994140625
2022-07-07,365.0626968664323,282.6444776054049,99.04354192815391,89.90785405737175,162.42999267578125,21.997087389802147,24.63884163923515,77.12812657754615,368.73114013671875,287.8654479980469,101.21394348144531,89.33045959472656,162.22999572753906,22.29293441772461,24.647462844848633,77.11968994140625
2022-07-08,367.1006548819058,285.0353208882049,99.71173168911534,89.08546804401641,162.35000610351562,22.501765862383373,24.65608593937852,77.11965794611628,368.4277648925781,288.2264709472656,101.76020050048828,88.78801727294922,162.3000030517578,22.684494018554688,24.63022232055664,77.11122131347656
2022-07-11,365.7546798643806,285.8161060220792,100.19945812352161,89.2604458114173,161.92999267578125,22.701900605534014,24.880231633483668,77.11125330526636,364.21905517578125,282.0687255859375,99.32154083251953,89.48790740966797,161.42999267578125,22.6409912109375,24.914714813232422,77.11968994140625
2022-07-12,363.6692331147653,283.3178548991353,100.30676221608695,89.96031689910437,161.22000122070312,22.057997858520917,24.90609359741211,77.11965794611628,360.99609375,279.33624267578125,99.28252410888672,89.69786071777344,160.8300018310547,21.614227294921875,24.90609359741211,77.11122131347656
2022-07-13,355.56452982281553,273.8322492499436,97.39500059540606,89.15547569127993,160.10000610351562,21.675136445761613,24.95781912326047,77.11122131347656,359.1002502441406,278.76043701171875,100.06776428222656,90.08280944824219,161.60000610351562,21.736045837402344,24.854366302490234,77.11122131347656
2022-07-14,354.1521096552973,276.1645338959018,99.77025690784362,89.40918678674838,159.02000427246094,21.29227613869642,25.121616774012452,77.1028231043943,358.2281799316406,279.75579833984375,102.17964935302734,89.58415985107422,159.3300018310547,21.53591537475586,25.02678680419922,77.11968994140625
2022-07-15,362.6265260152687,282.74207403045335,103.64770905578828,89.64536430284272,159.00999450683594,21.736045210672188,24.940578655648178,77.11965794611628,365.0721740722656,284.8304443359375,104.75973510742188,89.89031982421875,159.00999450683594,21.81435775756836,24.880231857299805,77.11122131347656
2022-07-18,368.1529146526756,287.6117085612143,106.28146153158443,89.60160148847422,160.0800018310547,22.362547679183248,24.725051900401517,77.11122131347656,362.05780029296875,282.4200134277344,103.98424530029297,89.62784576416016,159.16000366210938,22.223325729370117,24.742294311523438,77.11122131347656
2022-07-19,365.97267860433266,286.0405209277583,105.74496288942895,89.51413413978374,159.47000122070312,21.979685367603555,24.55263332340591,77.11965794611628,371.8403015136719,291.1053466796875,108.73475646972656,89.21669006347656,159.5399932861328,22.31033706665039,24.58711814880371,77.11122131347656
2022-07-20,372.02984989964705,291.52494548414666,108.37870467666579,89.65413147053111,159.7100067138672,22.249426525585196,24.561254343220824,77.11965794611628,374.2100524902344,295.7212219238281,111.29533386230469,89.12921905517578,158.0399932861328,22.29293441772461,24.656085968017578,77.11122131347656
2022-07-21,373.63182056702766,296.1798855228456,111.76844195607944,89.48793184303615,158.30999755859375,21.823059852299664,24.69056933634315,77.11965355668794,378.02069091796875,299.96630859375,113.1633529663086,90.1440658569336,160.27000427246094,21.91877555847168,24.58711814880371,77.13652038574219
2022-07-22,378.1440056178114,299.0392748591571,112.78291846772301,90.9838636331027,160.5500030517578,21.857866915140757,24.58711811086705,77.13658289225395,374.5134582519531,294.70635986328125,110.6027603149414,91.17633056640625,160.6699981689453,21.657733917236328,24.55263328552246,77.14501953125
2022-07-25,375.13906335562353,294.7356547965479,109.90530579862536,90.61643306696692,160.63999938964844,21.91877317092133,24.47504239351811,77.13652038574219,374.96844482421875,293.0278625488281,109.91993713378906,90.8526382446289,160.22999572753906,22.049293518066406,24.51814842224121,77.13652038574219
2022-07-26,373.3285099278068,291.32977998348684,109.598035697477,91.46505045909728,160.22999572753906,22.388649083881237,24.638841448195894,77.13652038574219,370.53216552734375,287.2701110839844,108.26165008544922,90.88764953613281,160.0399932861328,22.092802047729492,24.707809448242188,77.13652038574219
2022-07-27,373.8214115297532,291.82747960619065,109.9833354237883,91.10635995823186,160.02000427246094,22.301635636111627,24.6560844052224,77.13652038574219,380.1535339355469,299.4100646972656,113.32917022705078,91.07136535644531,161.6699981689453,22.597482681274414,24.500905990600586,77.13652038574219
2022-07-28,380.95930457713075,299.1953693285458,113.5632870940914,91.94619834768135,163.30999755859375,22.771512348750186,24.51815029191678,77.14501953125,384.9216003417969,302.33770751953125,114.7143325805664,91.97244262695312,163.63999938964844,22.614887237548828,24.483665466308594,77.14501953125
2022-07-29,386.352936564959,303.8796571496862,113.51451791539208,91.78875026338417,163.88999938964844,22.92813604661357,24.535389566564625,77.1449828596433,390.53326416015625,307.8514709472656,115.6702880859375,92.00746154785156,164.10000610351562,22.719303131103516,24.38883399963379,77.1534194946289
2022-08-01,387.8411758992656,306.08506268864676,114.61677895335006,92.2738799579391,164.97999572753906,22.14501191446068,24.302621830865164,77.150870240038,389.3768005371094,307.6659851074219,115.90438842773438,92.5455551147461,165.02999877929688,22.258129119873047,24.29400062561035,77.15930938720703
2022-08-02,387.8127450392465,305.3726912440391,114.58753147444406,92.51048485373018,165.66000366210938,22.284233843663653,24.354348983455836,77.15930953767055,386.8079528808594,306.7486572265625,115.66541290283203,91.26602935791016,164.0500030517578,22.14501190185547,24.449180603027344,77.16775512695312
2022-08-03,388.931285023342,308.42718156480026,115.54835511888956,91.12582328644642,164.77000427246094,22.319036935529816,24.492284805007348,77.17620056573924,392.86517333984375,315.10223388671875,118.43084716796875,91.64288330078125,164.4499969482422,21.95357894897461,24.51814842224121,77.15930938720703
2022-08-04,392.7892368751873,315.1803636806415,118.31378177898509,91.73929874497512,165.52999877929688,21.831760138023828,24.509527563251133,77.18466171645713,392.59967041015625,316.57586669921875,119.63552856445312,92.10737609863281,167.1699981689453,21.71864128112793,24.36297035217285,77.17621612548828
2022-08-05,388.32467805695944,311.4915231177822,117.73825863476308,90.90670371942244,164.99000549316406,21.44020017075589,24.604358632508625,77.19308471679688,391.9362487792969,313.9897766113281,118.8210220336914,90.7752456665039,165.2899932861328,21.64033317565918,24.569873809814453,77.19308471679688
2022-08-08,393.62353883393126,314.907078320585,117.32369799997991,91.14334620740237,166.02999877929688,21.596822405365966,24.509526973882206,77.18466860338069,391.4812316894531,312.9748229980469,116.76768493652344,91.30986022949219,166.69000244140625,21.901371002197266,24.535388946533203,77.20155334472656
2022-08-09,390.75132095945645,311.0816452057415,114.25585506212316,91.05573169352073,167.47999572753906,22.127608617117044,24.449180410560224,77.18464556969184,389.9266357421875,309.4324035644531,111.88060760498047,91.03820037841797,167.1999969482422,22.0841007232666,24.5095272064209,77.19308471679688
2022-08-10,396.9696030117307,316.76126202887053,114.84114178752083,91.45009386869776,167.38999938964844,22.118906687843893,24.242277145385742,77.19310775300414,398.1165771484375,318.0689392089844,116.41162872314453,91.09078216552734,166.77999877929688,22.388648986816406,24.242277145385742,77.20155334472656
2022-08-11,400.9603347598482,320.3915377881437,117.22615073665881,91.30107010289977,167.16000366210938,22.658392108374652,24.164687693237763,77.20999893644898,398.1165771484375,316.2635498046875,116.38725280761719,90.48603820800781,166.33999633789062,22.82371711730957,24.259517669677734,77.20155334472656
2022-08-12,400.0503656332881,318.3129056437859,117.0505726640279,90.8366322921273,167.1699981689453,22.675793839627175,24.337104818628134,77.20995990249456,404.8563232421875,322.42138671875,119.674560546875,90.84539794921875,167.8699951171875,22.7018985748291,24.354347229003906,77.21839904785156
2022-08-15,402.6477624067124,321.4747554105668,118.95271324999166,91.29234617479263,165.99000549316406,22.03189343629663,24.431937807691465,77.20999145507812,406.5247497558594,325.0269470214844,120.21593475341797,91.13459777832031,165.7100067138672,22.4234561920166,24.569873809814453,77.20999145507812
2022-08-16,405.45355110579476,324.05108255008014,119.59164290626218,90.95934519226851,165.30999755859375,22.49306766598037,24.604358622344044,77.22684463530426,407.3209533691406,324.2657775878906,118.86004638671875,91.02945709228516,165.4199981689453,22.17111587524414,24.56125259399414,77.21839904785156
2022-08-17,403.7283584655346,321.13322746982783,117.19687827770566,90.53862410717905,165.2100067138672,22.197219727754355,24.6043586629596,77.22684463530426,404.4298095703125,320.56719970703125,116.30921173095703,90.41593170166016,164.35000610351562,22.258129119873047,24.59573745727539,77.21839904785156
2022-08-18,404.62877901944364,320.51845907611624,116.1921539972543,90.66129930965845,164.60000610351562,22.44955915869302,24.638839382575267,77.24375811783081,405.60516357421875,321.33819580078125,117.93335723876953,90.59119415283203,163.9199981689453,22.597482681274414,24.785396575927734,77.252197265625
2022-08-19,402.8467196760706,318.3031614705781,116.4311424669156,89.93393356337506,163.64999389648438,22.53657163932977,24.923336048635196,77.24375811783081,400.1546325683594,315.0729675292969,114.61190795898438,89.81124114990234,162.72000122070312,22.58877944946289,24.94057846069336,77.252197265625
2022-08-22,395.32982515838415,310.81817780266437,112.37322064747202,89.74112481364868,161.66000366210938,22.46696195009052,25.009545913562636,77.24375063992522,391.8225402832031,306.77801513671875,110.61739349365234,89.41686248779297,161.63999938964844,22.78891372680664,25.14748191833496,77.26063537597656
2022-08-23,391.3958862975145,306.54376837538723,110.61739304505328,89.26788865879935,161.9600067138672,22.989046228019223,25.138860856285817,77.26065152424839,390.8745422363281,306.5242614746094,111.33435821533203,89.1977767944336,162.77000427246094,23.163074493408203,25.044029235839844,77.24376678466797
2022-08-24,390.64698231789686,306.0460655965721,111.11488659622349,88.9874625515856,162.44000244140625,23.241384895711523,25.14748208210633,77.26066604087458,392.1257629394531,307.4123229980469,111.26119995117188,88.89982604980469,163.25,23.40671157836914,25.06127166748047,77.26911163330078
2022-08-25,393.6140779290685,309.1884071663571,111.4660327356119,88.96992415843776,163.97000122070312,23.47632201062633,25.052650675275878,77.26908770775513,397.6617126464844,312.84796142578125,114.99720764160156,89.4694595336914,163.75,23.076059341430664,25.01816749572754,77.27752685546875
2022-08-26,397.5478287573556,312.55524449489485,114.74847932867209,89.26788619079927,163.1199951171875,23.067356382524665,24.880229185404865,77.26908770775513,384.20111083984375,300.0249328613281,108.60306549072266,89.36428833007812,161.75999450683594,23.171772003173828,25.112995147705078,77.27752685546875
2022-08-29,381.2531987151374,297.2728587954886,107.73978303211328,89.02250155089413,161.8800048828125,23.206578861837027,25.104377503543194,77.27752685546875,381.6607971191406,297.06793212890625,106.58873748779297,88.85598754882812,161.86000061035156,23.511127471923828,25.121618270874023,77.27752685546875
2022-08-30,382.8172261577202,298.7172280617715,107.67149869346179,88.8560021953043,161.27000427246094,23.084762314673853,25.061269561008004,77.28597259521484,377.470947265625,293.7597351074219,105.3694076538086,88.8297119140625,160.50999450683594,22.8585262298584,25.112995147705078,77.28597259521484
2022-08-31,379.10137171228644,296.658070136426,106.01320913053263,88.69822803534153,159.5,22.519171521950952,25.173345739615048,77.29443374196876,374.5987548828125,292.0519104003906,104.6524429321289,88.46160888671875,159.27000427246094,22.37994956970215,25.09575653076172,77.3028793334961
2022-09-01,372.428046300128,289.56341798178005,101.95528291715118,87.87252148636816,158.1699981689453,22.057996089690867,25.25093632070018,77.31895446777344,375.7742004394531,292.17877197265625,102.36498260498047,87.75839233398438,157.8699951171875,21.901371002197266,25.319904327392578,77.31895446777344
2022-09-02,379.43307616071115,295.04792447226936,103.66234348335378,88.10956438903344,159.35000610351562,22.214620176266838,25.21644934382466,77.31896465957557,371.8117980957031,288.0508728027344,101.36026000976562,88.25003051757812,159.25999450683594,22.049293518066406,25.328521728515625,77.32742309570312
2022-09-06,372.6554995418325,288.52902944390166,101.37000266899673,87.71447227256459,159.1699981689453,22.12760846858263,25.457837816045632,77.31896465957557,370.408935546875,285.9819641113281,100.22871398925781,87.2667236328125,158.3300018310547,21.91877555847168,25.475078582763672,77.32742309570312
2022-09-07,370.0960516856913,286.46012838191547,100.45307842413422,87.60916018940809,158.14999389648438,21.640331498939023,25.552668366805605,77.31893553327707,377.0632629394531,291.7591552734375,101.82847595214844,87.8374252319336,159.94000244140625,21.396692276000977,25.294038772583008,77.33584594726562
2022-09-08,374.7978759378246,289.6903525885628,100.85302136448942,87.82863807895319,159.5399932861328,21.501108926431613,25.40611286726107,77.35275268554688,379.5279846191406,293.2718200683594,103.2087631225586,87.51258087158203,158.97999572753906,21.483707427978516,25.345766067504883,77.35275268554688
2022-09-09,381.7649670625823,295.5260862300546,104.70121603159878,87.70574318400023,159.72000122070312,21.805656590247672,25.173343647819483,77.34429425371307,385.4239501953125,299.683349609375,105.76934814453125,87.52137756347656,159.82000732421875,22.092802047729492,25.164722442626953,77.35275268554688
2022-09-12,387.49043025851944,301.0594269306587,106.20342366808104,87.7671914145493,161.0399932861328,22.32774124408867,25.026790628084385,77.35279589993814,389.5663757324219,303.2453918457031,106.03271484375,87.31066131591797,160.6300048828125,22.39735221862793,25.035411834716797,77.3443374633789
2022-09-13,380.90236081015905,294.5209158923819,102.33572755236112,86.70487871348165,158.47000122070312,22.336442816584817,25.268174994150016,77.34431207530554,372.6270446777344,286.6163024902344,99.72148895263672,86.81900787353516,158.5399932861328,22.28423500061035,25.3802490234375,77.3612289428711
2022-09-14,373.9257465690702,287.7580500540228,100.59939885702835,86.68730112977266,158.67999267578125,22.371247990229527,25.311280961558676,77.3612289428711,374.0489807128906,288.89007568359375,100.80424499511719,86.8628921508789,157.92999267578125,22.37994956970215,25.328521728515625,77.3612289428711
2022-09-15,372.4943332407687,286.9773782296725,100.22385236192403,86.62585490845494,156.75999450683594,21.962284091124552,25.354387273802477,77.36967981236516,369.80224609375,284.0790100097656,99.0093994140625,86.56439971923828,154.97999572753906,21.727346420288086,25.345766067504883,77.3865966796875
2022-09-16,365.6295510878898,280.78050327354885,98.03394031000687,86.4941783282637,154.66000366210938,21.736046724234573,25.43197648615385,77.3865966796875,366.9811096191406,282.3419189453125,99.45323944091797,86.63465118408203,155.83999633789062,21.649032592773438,25.345766067504883,77.3865966796875
2022-09-19,363.84008189633505,279.70131415985463,98.18025265665426,86.30980681238056,154.8699951171875,21.29227390744599,25.43197455189154,77.3865966796875,369.82696533203125,284.54058837890625,100.1067886352539,86.38882446289062,155.9600067138672,21.71864128112793,25.328521728515625,77.3865966796875
2022-09-20,366.5051996914192,282.0378998122083,99.10693812819142,85.77426146725827,155.02999877929688,21.657732900683786,25.457839956247202,77.39502320283404,365.5819396972656,282.2725524902344,98.72163391113281,85.85327911376953,155.07000732421875,21.69253921508789,25.44921875,77.37811279296875
2022-09-21,367.504555601014,283.1132455183981,98.97524304093452,86.00254711870039,155.97000122070312,21.866566307858182,25.56991157823741,77.38660569547129,359.20477294921875,277.2181091308594,97.8973617553711,86.19569396972656,155.7899932861328,21.56201934814453,25.69922637939453,77.39505767822266
2022-09-22,358.4337649769324,275.6929801181912,97.39500588621253,85.30014954798959,156.25999450683594,21.901372500800907,25.66474323899811,77.41195311267502,356.1875,273.80615234375,95.18558502197266,84.89629364013672,155.6999969482422,21.622928619384766,25.73371124267578,77.42886352539062
2022-09-23,352.722940486398,271.3425285725791,94.1174477781661,84.86121994671475,153.89999389648438,20.952921031264673,25.906129323047317,77.42041154497954,350.2196960449219,269.3481750488281,93.8248062133789,85.0016860961914,153.00999450683594,20.892011642456055,26.138896942138672,77.42886352539062
2022-09-26,348.7538180681722,268.8789156867109,93.83944384488731,84.53633640418242,153.22000122070312,20.804998225036968,26.242349064768543,77.42887483168879,346.7550048828125,268.2336730957031,92.7322998046875,83.58816528320312,151.22999572753906,20.404735565185547,26.432010650634766,77.4119644165039
2022-09-27,350.2862710344236,271.5967278751962,94.18085149279567,83.614520738713,152.25,20.709284968909493,26.37166386753775,77.4288508342186,345.869873046875,268.3412170410156,93.43462371826172,83.01752471923828,151.5399932861328,20.622272491455078,26.440631866455078,77.43730926513672
2022-09-28,346.82164844241146,268.32168776244924,92.5323245111383,84.19400349469616,153.1999969482422,20.778892450087415,26.466498328396273,77.43731946103459,352.67529296875,273.67913818359375,94.62468719482422,84.8875732421875,154.69000244140625,21.19655990600586,26.095794677734375,77.4457778930664
2022-09-29,349.1346285560483,269.69033479435024,92.85423157712616,84.26420388183375,154.13999938964844,21.187860486794467,26.130274173755563,77.46272277832031,345.308349609375,265.7895812988281,91.6446533203125,84.49246215820312,154.66000366210938,21.0660400390625,25.992338180541992,77.46272277832031
2022-09-30,344.36596930372804,264.9683877032516,90.5521438746992,84.86118591831222,154.94000244140625,20.900714104089353,26.09579099761554,77.46272277832031,339.9685974121094,261.28271484375,90.28876495361328,84.27296447753906,154.6699981689453,20.80499839782715,25.992338180541992,77.46272277832031
2022-10-03,343.6806881754969,263.052202223666,91.33739045079899,85.07963140625972,155.44000244140625,21.274873733520508,26.009582886491902,77.46692490691044,348.9442138671875,267.4124450683594,93.52729797363281,85.27315521240234,158.42999267578125,21.274873733520508,25.871646881103516,77.44151306152344
2022-10-04,354.45516931282157,272.7503114179168,96.39514820422178,85.61621683563905,159.17999267578125,21.683838283727074,25.707846250760955,77.46692657470703,359.75677490234375,275.8200988769531,97.52668762207031,85.44908142089844,160.6999969482422,21.849164962768555,25.518184661865234,77.46692657470703
2022-10-05,355.3975589353477,272.05626158200477,96.1025147142467,84.93887836922079,159.32000732421875,21.927476043879008,25.794057806477706,77.46692657470703,358.91925048828125,275.67352294921875,98.49240112304688,84.63980102539062,159.80999755859375,22.240724563598633,25.759572982788086,77.46692657470703
2022-10-06,357.52004633285617,274.67631791285686,98.19976555233679,84.49908799392463,159.41000366210938,22.197221379746818,25.91475091056639,77.49232896901972,355.2166748046875,273.503173828125,97.8193359375,84.17362213134766,159.6300048828125,22.37994956970215,26.018203735351562,77.48385620117188
2022-10-07,351.19054873616767,268.86912454819236,94.94171736748328,83.73377396250427,158.4600067138672,22.388651150219818,26.069930824643226,77.48385620117188,345.308349609375,263.08154296875,91.98606872558594,83.76016235351562,157.8800048828125,22.614887237548828,26.12165641784668,77.48385620117188
2022-10-10,346.4218681376383,263.277039731882,91.82511518926974,83.63702143356986,155.94000244140625,22.701902140772706,26.22510720323079,77.50081402435306,342.6717224121094,260.4516906738281,88.91336059570312,83.26757049560547,155.47999572753906,22.362548828125,26.233728408813477,77.49234771728516
2022-10-11,340.9775545535183,258.77996563092654,87.25019836171718,83.54908753895064,155.49000549316406,22.136311721712854,26.216487922939496,77.49234771728516,340.50164794921875,256.8735656738281,86.1089096069336,83.47871398925781,155.16000366210938,22.04059600830078,26.250972747802734,77.49234771728516
2022-10-12,340.9109745209168,257.50899316310165,86.11866166095834,83.36428764599903,155.50999450683594,22.04059600830078,26.25959230969159,77.50081402435306,339.3785400390625,256.7855529785156,85.59191131591797,83.75133514404297,155.99000549316406,22.04059600830078,26.250972747802734,77.49234771728516
2022-10-13,332.38271336985196,249.45333399672413,82.29973882598891,82.66939460505624,153.47999572753906,21.892670241439184,26.345803064898366,77.50927320326763,348.3351135253906,262.8078308105469,88.2110366821289,83.39949798583984,154.91000366210938,22.345142364501953,26.07855224609375,77.51774597167969
2022-10-14,350.7907569397952,265.1345429834363,89.05479650131353,83.84813956731816,154.02000427246094,22.16241170824905,26.147519665204346,77.51774597167969,340.39697265625,254.90846252441406,84.45061492919922,82.93330383300781,152.97999572753906,21.901371002197266,26.259592056274414,77.51774597167969
2022-10-17,346.4695719640728,260.8719944809917,86.66492785601936,83.53146110972598,154.9199981689453,22.05799787645736,26.07854858738216,77.52621227726306,349.1441650390625,263.32586669921875,86.45032501220703,83.0212631225586,153.4199981689453,21.849164962768555,25.992338180541992,77.51774597167969
2022-10-18,357.0536821558411,270.34536935380896,88.99627619541769,83.24115249462326,154.0800018310547,21.736046079560506,25.931993271863664,77.51774597167969,353.2464294433594,265.4083251953125,86.4698257446289,83.23236083984375,153.75,21.614227294921875,25.97509765625,77.51774597167969
2022-10-19,351.2094821189524,263.8930174905795,86.02598585791736,82.58140047183313,152.08999633789062,21.47500560542988,26.13027576703016,77.52621227726306,350.74310302734375,264.44049072265625,87.16727447509766,82.36148834228516,151.69000244140625,21.605525970458984,26.16476058959961,77.51774597167969
2022-10-20,350.2958089110657,263.5507064687454,87.8842513200308,82.16800007552776,151.9199981689453,21.805656794192938,26.130277690926164,77.53471308741833,347.80206298828125,263.0912170410156,87.85986328125,81.74576568603516,151.4499969482422,21.622928619384766,26.182004928588867,77.5516586303711
2022-10-21,347.5260408349085,261.986617180999,87.46968025544014,81.45550777035868,151.97999572753906,21.535915383633522,26.268212319962473,77.55164569227881,356.2541809082031,269.2602233886719,90.88867950439453,81.9305191040039,154.14999389648438,21.649032592773438,25.957857131958008,77.56011199951172
2022-10-24,357.77707959447656,269.52410039705074,90.62041673416584,81.90410780215072,153.4499969482422,21.640330896491626,26.044065667965334,77.5516586303711,360.61346435546875,272.2223815917969,91.17642974853516,81.82493591308594,153.64999389648438,21.709941864013672,25.983718872070312,77.5516586303711
2022-10-25,360.53735873384517,273.16100158374826,91.28373896339772,82.72219421818929,153.9600067138672,21.71864344567311,25.81992161889117,77.5516586303711,366.3719787597656,277.8536376953125,92.6201171875,82.84534454345703,154.0,21.831762313842773,25.69922637939453,77.5516586303711
2022-10-26,363.2308833811119,272.2321955769183,91.08376666921737,83.04765826426637,154.77999877929688,21.944877540778283,25.595774028645714,77.56010022926982,363.6116027832031,271.71405029296875,91.71293640136719,83.26757049560547,154.97999572753906,22.240724563598633,25.431974411010742,77.56857299804688
2022-10-27,364.6111129190357,270.59958454005965,92.86887124742815,83.53145347583371,154.7100067138672,22.27553367614746,25.587154174260544,77.58552137083255,361.6700134277344,266.7672424316406,90.56678009033203,83.85692596435547,154.74000549316406,22.27553367614746,25.630258560180664,77.593994140625
2022-10-28,361.5652682350303,266.14161205508304,90.78624677628665,83.32035736105843,152.9600067138672,22.03189137654349,25.673364639282227,77.59399828294008,370.27435302734375,274.9305419921875,94.0247802734375,83.42591094970703,153.16000366210938,22.014488220214844,25.673364639282227,77.58552551269531
2022-10-31,367.81868945232327,272.6819802841649,93.25417277657756,83.06525085376376,152.16000366210938,21.823059972193512,25.845781379150033,77.59399828294008,367.5997619628906,271.7336730957031,92.28846740722656,83.04766082763672,151.91000366210938,21.857866287231445,25.888887405395508,77.58552551269531
2022-11-01,371.3404256632253,275.204224129554,94.27840806737527,83.71144760334477,153.82000732421875,22.27553265423522,25.725089679720554,77.60932267725236,365.9912109375,268.9571228027344,92.9273910522461,83.03266143798828,153.4600067138672,22.188518524169922,25.880268096923828,77.59233856201172
2022-11-02,365.40111675587,268.9277677479085,93.63947909793964,83.13842521478738,154.16000366210938,22.16241292134847,25.794055395838335,77.61779022216797,356.8062438964844,259.7380065917969,90.2643814086914,82.89159393310547,152.38999938964844,22.388648986816406,25.992338180541992,77.61779022216797
2022-11-03,353.5700586148132,257.12770571951796,88.89385372417411,82.15109477404833,150.6999969482422,22.188518161431585,26.20786476135254,77.63476393474876,353.1322326660156,254.66404724121094,89.20600128173828,82.53015899658203,151.80999755859375,22.371246337890625,26.20786476135254,77.64324951171875
2022-11-04,358.8335775577456,259.5913715372942,92.53232297676634,82.5477997511497,154.9499969482422,23.032553479409575,25.888889642261116,77.6517404895534,358.21490478515625,258.7603759765625,93.3517074584961,82.3538589477539,156.47000122070312,23.12826919555664,25.716468811035156,77.66023254394531
2022-11-07,359.5093069084671,259.8064715479662,93.89796902638413,82.45963374541017,156.22000122070312,23.119564666428502,25.61301443247138,77.6602330822828,361.6413879394531,261.6053161621094,95.19532775878906,82.06293487548828,155.85000610351562,22.92813491821289,25.569910049438477,77.65174102783203
2022-11-08,362.74546276276726,263.1206707578258,96.95604615537498,82.29217105557771,155.99000549316406,22.92813449657451,25.595774059490456,77.66023254394531,363.59259033203125,263.51171875,97.24868774414062,82.60952758789062,159.4499969482422,22.649690628051758,25.45783805847168,77.66023254394531
2022-11-09,361.622403460563,261.7715798487891,95.95620347043776,82.52134701058262,159.36000061035156,22.371246826867015,25.5871522908956,77.69419691797718,356.1018981933594,257.4308776855469,94.60518646240234,82.89159393310547,158.64999389648438,22.127609252929688,25.647499084472656,77.70268249511719
2022-11-10,369.3510291752628,269.8370496054912,100.11654789861458,84.12579789310529,162.00999450683594,22.240727488360218,25.22507129083692,77.70268958517032,375.67108154296875,276.4263000488281,104.27201080322266,84.75169372558594,163.47999572753906,22.327741622924805,25.06127166748047,77.711181640625
2022-11-11,376.5277606911573,276.24049229556425,104.62316985970686,84.36378768254839,163.91000366210938,22.788914745683346,24.83712423245709,77.71117454979701,379.30706787109375,281.51971435546875,107.69100189208984,84.57536315917969,164.55999755859375,22.754108428955078,24.699188232421875,77.70268249511719
2022-11-14,377.5462142284,279.4666506715696,107.22766680792166,84.48721798770214,164.1999969482422,22.640990944576725,24.854366513900914,77.71966660447681,376.0804138183594,279.0560607910156,106.6716537475586,84.37261962890625,164.9199981689453,22.41475486755371,24.811262130737305,77.70268249511719
2022-11-15,381.8198514474499,285.6746318321595,111.45629341899765,84.7869206569809,165.27000427246094,22.423455457969766,24.61297785201018,77.71965789794922,379.28802490234375,282.917724609375,110.03211975097656,84.99848937988281,165.5,22.67579460144043,24.725051879882812,77.71965789794922
2022-11-16,377.6604299906343,280.9624604558637,107.67149633268973,85.39520820634648,165.41000366210938,22.388649876105273,24.656084081061202,77.71967261751473,376.39453125,279.0560607910156,106.07173919677734,85.62440490722656,165.1199951171875,22.4234561920166,24.67332649230957,77.72816467285156
2022-11-17,371.64500584373235,274.5981177562604,103.98912804315842,85.09547779078187,163.7899932861328,22.171112287447638,24.854368376097668,77.74515479388506,375.24285888671875,278.4402160644531,106.87161254882812,85.04258728027344,163.9199981689453,22.049293518066406,24.768157958984375,77.75364685058594
2022-11-18,378.5741867367159,281.45132801777515,108.61282554549197,85.04260278622193,163.3800048828125,21.666437397304914,24.785398282671192,77.74515479388506,376.94659423828125,278.4499816894531,107.06671905517578,84.74287414550781,162.7899932861328,21.89267349243164,24.83712387084961,77.75364685058594
2022-11-21,375.62353581760493,277.0617186327833,105.6913048360088,85.10428354273559,162.44000244140625,21.51851072699535,25.0267865729318,77.7621078491211,375.575927734375,275.58551025390625,105.19381713867188,84.68995666503906,161.8800048828125,21.81435775756836,25.052648544311523,77.7621078491211
2022-11-22,377.5176776993283,276.3187789752924,106.06686680683293,85.05138141680354,162.3000030517578,22.023192849561028,24.97506159137405,77.76214491219227,380.6300964355469,279.55474853515625,108.25189971923828,85.17479705810547,162.07000732421875,22.04059600830078,24.897472381591797,77.77912902832031
2022-11-23,380.29695819857307,279.5742388647001,108.23239135074313,85.28938470746996,161.69000244140625,21.753448994915825,24.828503219465908,77.78759596518749,383.0286865234375,282.3605041503906,109.19322204589844,85.63318634033203,163.0800018310547,21.736045837402344,24.63884162902832,77.79608154296875
2022-11-25,382.46702560328106,280.7669108324779,108.59329706298892,85.39519700261161,162.85000610351562,21.840463746774,24.70780962958079,77.8045735982903,382.94293212890625,280.5029602050781,107.91047668457031,85.60676574707031,163.22000122070312,21.54461669921875,24.63884162902832,77.79608154296875
2022-11-28,379.8591259436192,278.52823025811415,106.56435406375054,85.70374427453615,162.92999267578125,21.248768254012937,24.621598908672826,77.8045883178711,376.8323669433594,276.38720703125,105.36453247070312,85.64203643798828,161.92999267578125,21.414094924926758,24.819883346557617,77.8045883178711
2022-11-29,376.96558433179973,276.61197244287877,105.76446945824974,85.2982132625254,162.6999969482422,21.683837636486864,24.828504601300267,77.82155440060683,376.18511962890625,274.29498291015625,105.07676696777344,85.28057861328125,162.72999572753906,21.69253921508789,24.86298942565918,77.83003997802734
2022-11-30,376.4325522787015,274.5589724039487,105.41330123922384,85.13073943598117,163.69000244140625,22.084101489571236,24.759535249662402,77.82155440060683,388.03515625,286.7989501953125,111.07097625732422,86.04754638671875,164.80999755859375,22.17981719970703,24.664705276489258,77.83003997802734
2022-12-01,389.07260830077985,287.1215205427985,111.77818529418616,86.21004247705004,167.47999572753906,22.36254509846606,24.406074737178923,77.84707641601562,387.7496032714844,287.1508483886719,110.71493530273438,86.98735046386719,167.83999633789062,22.06669807434082,24.36297035217285,77.84707641601562
2022-12-02,382.86685419503635,282.0867843893096,107.98364377003526,86.49271461948582,166.17999267578125,21.944879522355933,24.449180736513203,77.86410053393776,387.30230712890625,286.007080078125,109.19322204589844,87.16402435302734,167.25999450683594,21.831762313842773,24.337106704711914,77.8555908203125
2022-12-05,384.48494250767516,283.88568080095115,108.72011714962947,86.64288830343412,166.5500030517578,21.988386856329857,24.354348560668836,77.86408233642578,380.33502197265625,281.20697021484375,107.89097595214844,86.2807388305664,164.38999938964844,21.266172409057617,24.535388946533203,77.86408233642578
2022-12-06,380.1732617355015,281.05045709162715,107.79830268872563,86.50157630313981,165.1999969482422,21.240069067900066,24.483665279160256,77.88113985654978,374.85260009765625,275.3801574707031,105.52547454833984,86.81072998046875,164.83999633789062,20.92681884765625,24.55263328552246,77.88965606689453
2022-12-07,374.0054437050733,274.1972647022958,104.59391104930623,87.16406388181312,165.47000122070312,20.97032648296399,24.457803482017813,77.89816578127409,374.21484375,274.25592041015625,105.50109100341797,87.57038116455078,166.3300018310547,20.822402954101562,24.47504425048828,77.88965606689453
2022-12-08,376.09948257287107,275.6049734050564,105.90590691715654,87.11104691940233,166.5800018310547,20.95292242931043,24.449178631439203,77.91519273000601,377.1464538574219,277.5015869140625,108.18849182128906,87.07571411132812,166.47000122070312,20.787595748901367,24.397451400756836,77.94073486328125
2022-12-09,375.90905369871786,276.48491532642936,107.8812152142039,86.81953938897837,167.25999450683594,20.822401300903618,24.431938191409454,77.93220520019531,374.32904052734375,275.7321472167969,107.32032012939453,86.4308853149414,167.05999755859375,20.81369972229004,24.449180603027344,77.93220520019531
2022-12-12,375.1189991811709,275.908093532643,106.70091367174969,86.82835548113418,166.44000244140625,20.874609389141057,24.43193985341332,77.9492510730279,379.7257995605469,279.19293212890625,109.23223876953125,86.30720520019531,165.67999267578125,21.039936065673828,24.46642303466797,77.94073486328125
2022-12-13,390.45280046353844,290.01541591406703,114.14856299170044,87.57032831495535,169.2100067138672,21.353186296222702,24.164687683370268,77.9492510730279,382.600341796875,282.1943359375,111.05147552490234,87.08451080322266,168.50999450683594,21.387990951538086,24.250896453857422,77.94073486328125
2022-12-14,382.257673780074,281.607678370785,110.73932928959277,87.13753639432669,168.42999267578125,21.4314975787022,24.216413673067496,77.95776949486847,380.1541748046875,280.1021423339844,109.13957214355469,87.32302856445312,168.10000610351562,21.55331802368164,24.138824462890625,77.9662857055664
2022-12-15,375.2999935975968,276.01563277082005,107.2813166830706,87.44870442851031,165.72999572753906,21.501109304463697,24.190549523494795,77.97477428486508,370.85504150390625,270.69732666015625,104.98410034179688,87.49295806884766,165.35000610351562,21.29227638244629,24.36297035217285,77.98328399658203
2022-12-16,368.3028770994123,270.0228249280898,104.52075309131342,86.88228759395872,166.02000427246094,20.987728760647695,24.380212550878866,77.99180020426213,366.4765625,268.1164245605469,104.16958618164062,87.27169799804688,166.7899932861328,21.022533416748047,24.40607452392578,77.98328399658203
2022-12-19,366.6678648941245,268.3858829093709,104.16514256472367,86.77607662338691,166.7100067138672,21.03566565585388,24.37737609357455,78.00124889698299,363.3690185546875,264.348388671875,102.93688201904297,86.56366729736328,166.32000732421875,20.98314094543457,24.41216278076172,77.99271392822266
2022-12-20,362.61370366432016,263.1821914650864,101.78755566441559,85.9176511006705,168.10000610351562,20.913110432126206,24.28170988541451,78.00978507473125,363.8663024902344,264.142578125,102.43374633789062,85.93534851074219,169.0800018310547,21.079435348510742,24.24692153930664,78.0012435913086
2022-12-21,366.45747677877307,265.1813077297633,103.07500856899382,86.28932332089758,169.0399932861328,21.245759202522834,24.28171093960373,78.01832999698274,369.3069152832031,267.9742431640625,104.72254943847656,86.04151916503906,168.8000030517578,21.350805282592773,24.307802200317383,78.0097885131836
2022-12-22,366.2662563964438,264.9657495187062,102.59652687297077,86.05921575539472,167.75999450683594,21.28077507011036,24.35128551142123,78.04393693227061,364.0383605957031,261.4182434082031,100.3817138671875,86.01496887207031,166.75999450683594,21.079435348510742,24.342588424682617,78.06101989746094
2022-12-23,363.0152466207401,260.15405720930426,99.67633526918945,85.60787479885619,166.8800048828125,21.1669720136527,24.359980265285525,78.05247841486577,366.1324157714844,262.0061950683594,100.3718490600586,85.62557220458984,167.25999450683594,21.4646053314209,24.33388900756836,78.06101989746094
2022-12-27,366.017616610939,261.39863634460903,99.67633592492253,85.15651085112304,167.88999938964844,21.018156637643695,24.351282755065267,78.06101989746094,364.6885070800781,258.3019104003906,98.57632446289062,84.90870666503906,168.6699981689453,21.65719223022461,24.325191497802734,78.06101989746094
2022-12-28,364.6215818081712,257.9001022699389,98.1373051795908,85.03259085179162,168.0500030517578,21.44709723517095,24.28170980091048,78.08663177490234,360.1562194824219,254.89157104492188,97.32340240478516,84.70513153076172,167.91000366210938,21.412080764770508,24.41216278076172,78.08663177490234
2022-12-29,362.9961320141737,257.69428953978155,98.86735608645465,84.93525586983684,168.5399932861328,21.2370056208852,24.30780008222285,78.11225472113199,366.6391906738281,261.1046142578125,100.50010681152344,85.12110900878906,168.85000610351562,21.385822296142578,24.264314651489258,78.12079620361328
2022-12-30,363.961883087202,258.3411677601905,99.0005424921934,84.83791586743374,169.25999450683594,21.27201794692354,24.229526306050868,78.11224365234375,365.6734313964844,260.9479064941406,100.10548400878906,84.7671127319336,169.63999938964844,21.578405380249023,24.1860408782959,78.11224365234375
2023-01-03,367.52841345608357,263.2703795073479,101.90100286720323,85.7671662277619,171.32000732421875,21.324544425473544,24.412162566793697,78.12079620361328,364.13397216796875,259.18389892578125,99.33596801757812,85.43085479736328,171.05999755859375,21.061925888061523,24.446950912475586,78.12079620361328
2023-01-04,366.3905264117615,261.30064187756807,101.17095803505049,86.1477283297639,172.86000061035156,20.790554567890272,24.32519319142641,78.12078513361467,366.94512939453125,260.41864013671875,101.86154174804688,86.08577728271484,172.6699981689453,20.68550682067871,24.359981536865234,78.11224365234375
2023-01-05,364.9945470716449,258.75267965136567,100.63329043832114,85.58130236001111,170.82000732421875,20.6154763059854,24.525223584466033,78.13788604736328,362.757080078125,256.3419189453125,100.03643035888672,85.96186065673828,170.52000427246094,20.580461502075195,24.586101531982422,78.13788604736328
2023-01-06,365.8455090657922,258.0765705578795,101.6888943458633,85.99727383095463,171.75999450683594,20.74678626090147,24.57740311757285,78.13786734860064,371.0758361816406,263.41741943359375,104.41178131103516,87.06814575195312,173.7100067138672,20.69426155090332,24.264314651489258,78.12932586669922
2023-01-09,373.2655709052982,265.40672993298676,106.34049913217189,86.96194557231959,174.50999450683594,21.00940238350003,24.15995386196688,78.13788948491708,370.86553955078125,265.12255859375,106.685791015625,87.28939819335938,174.10000610351562,20.93937110900879,24.11646842956543,78.14643096923828
2023-01-10,370.28219867133123,264.0935545337913,106.31090699152809,86.92656056288234,174.61000061035156,20.983140029436832,24.11646736955201,78.14642753130872,373.4662780761719,267.3666687011719,108.0718994140625,86.74070739746094,174.74000549316406,20.93937110900879,24.133861541748047,78.13788604736328
2023-01-11,375.0440257972263,268.4348714453479,107.95351734913474,86.99733755625915,174.75999450683594,21.184479847731335,24.12516445565003,78.14642753130872,378.1898498535156,271.9921569824219,109.3396224975586,87.2982406616211,174.6199951171875,21.31578826904297,24.133861541748047,78.13788604736328
2023-01-12,379.2895306207411,272.55075772684324,110.23738050484206,87.58145616649378,176.00999450683594,21.490867614746094,23.977318062755145,78.189120869685,379.5668029785156,273.4621276855469,110.977294921875,88.07706451416016,176.63999938964844,21.490867614746094,23.899045944213867,78.19766235351562
2023-01-13,376.3730941204777,270.96322776853043,109.78849611926945,87.84694524556579,176.9600067138672,21.4558517780209,23.959923465385277,78.19763527693942,381.0392761230469,275.3437194824219,111.37683868408203,87.60798645019531,178.75999450683594,21.70096206665039,23.890348434448242,78.2061767578125
2023-01-17,381.0201591163604,275.14768251608376,111.10061236626335,87.31596653365935,178.2100067138672,21.770993500487837,23.864260062166338,78.2061767578125,380.34124755859375,275.90228271484375,112.037841796875,87.33366394042969,177.58999633789062,21.849777221679688,23.959924697875977,78.2061767578125
2023-01-18,381.526947386791,277.4408347282873,113.03918866328137,88.38682199070796,178.9199981689453,21.963578753687425,23.76859376765703,78.21471405029297,374.33642578125,272.3155822753906,111.33738708496094,88.51956939697266,177.0800018310547,21.613422393798828,23.959924697875977,78.21471405029297
2023-01-19,372.2997219516563,270.6888397747378,110.28670818976394,88.34258834988056,178.3699951171875,21.735977945322812,23.916440116956288,78.24035114113273,371.6112976074219,269.6402587890625,108.614501953125,88.3514404296875,179.88999938964844,21.832271575927734,23.899045944213867,78.24888610839844
2023-01-20,373.00734634342695,271.2474001259053,109.63065033245837,87.9000729050174,179.05999755859375,21.902302022402186,23.968619525035987,78.25743865966797,378.5340881347656,277.0194396972656,112.1463623046875,87.76731872558594,179.2899932861328,21.963579177856445,23.8642578125,78.25743865966797
2023-01-23,379.3373361629709,277.8622856509869,112.96026119723453,87.47524063524689,178.35000610351562,21.998595507538983,23.9251372033275,78.26598014338397,383.0760192871094,283.1737365722656,117.43428039550781,87.48409271240234,179.6300048828125,22.016103744506836,23.899045944213867,78.25743865966797
2023-01-24,381.40268604904264,281.55677882468814,115.87059267462858,87.59914468323288,179.55999755859375,22.042365637201843,23.90774200746217,78.27451743540703,382.66485595703125,282.5955505371094,116.60064697265625,87.9885482788086,180.27999877929688,21.8935489654541,23.872955322265625,78.26597595214844
2023-01-25,378.6010544265812,278.08759877286985,114.59794279025309,88.05049779910003,179.35000610351562,21.86728637908032,23.864258486342614,78.28302532150849,382.8082580566406,281.96832275390625,116.71902465820312,88.08589935302734,181.11000061035156,21.832271575927734,23.7946834564209,78.27449035644531
2023-01-26,385.46642861189923,285.3883692964734,118.23831410830425,87.91777031126784,180.14999389648438,21.972334663760147,23.8294709509268,78.30865822509385,387.01544189453125,287.4659118652344,118.81051635742188,87.76731872558594,179.47000122070312,21.928564071655273,23.855562210083008,78.31719970703125
2023-01-27,385.97324291614746,286.15284005270786,116.85221322517378,87.43986877732415,179.27000427246094,21.989841966560334,23.93383386553363,78.32573699951172,387.90472412109375,290.3275451660156,118.03114318847656,87.63456726074219,179.22000122070312,21.683454513549805,23.890348434448242,78.32573699951172
2023-01-30,385.1509087422322,287.06422753687195,116.30467773598814,87.38674082473875,179.2899932861328,21.534638283291578,23.899045692342224,78.32573699951172,383.0377502441406,284.4574890136719,115.20467376708984,87.36019134521484,178.75999450683594,21.403329849243164,23.977317810058594,78.32573699951172
2023-01-31,383.5540574493801,284.4966154172271,114.88403662776516,87.75847985064726,178.82000732421875,21.420836140539002,23.959925162042794,78.33428192138672,388.6696472167969,288.7203063964844,116.95580291748047,87.80272674560547,179.41000366210938,21.770994186401367,23.925138473510742,78.33428192138672
2023-02-01,387.45531934075285,288.5145165990588,117.57240460234615,87.98188360626779,179.75,21.604670322798405,23.855560799123968,78.35657099277006,392.8003845214844,294.8941650390625,122.47063446044922,88.43421173095703,181.6699981689453,21.359560012817383,23.699016571044922,78.33943176269531
2023-02-02,396.68245506156615,301.41104382361254,123.84687689054078,88.70912303254852,181.0800018310547,21.53463803021735,23.759895918643206,78.37372589111328,398.5183410644531,305.4779357910156,125.08992767333984,88.3987045288086,177.89999389648438,21.201988220214844,23.855562210083008,78.37372589111328
2023-02-03,393.5556701552829,298.83375951333676,122.45582790227166,87.63594284237807,174.9199981689453,21.044419920494065,24.046894025700386,78.39086151123047,394.2823791503906,300.0489196777344,122.79125213623047,87.44969177246094,173.4600067138672,20.668001174926758,24.168651580810547,78.39086151123047
2023-02-06,391.8346679352162,297.4323878201747,120.8280181099049,86.82886973342826,174.11000061035156,20.694260186081788,24.264316765794625,78.39940643310547,391.8728942871094,297.5107727050781,120.74909210205078,86.69583129882812,173.82000732421875,20.729276657104492,24.307802200317383,78.39940643310547
2023-02-07,390.9548666867422,297.383319099846,121.12399072253858,86.60712330806902,173.72000122070312,20.77304689354166,24.359980940303593,78.40802001953125,396.9979553222656,303.6747741699219,124.37467956542969,86.48295593261719,173.97999572753906,21.12320327758789,24.264314651489258,78.40802001953125
2023-02-08,395.02826801613645,302.36168852809453,123.81727043206261,86.57169229228363,174.94000244140625,21.149462972245658,24.246919843843376,78.41658636696589,392.65692138671875,298.2751770019531,121.9378890991211,86.80229187011719,174.41000366210938,21.16697120666504,24.2904052734375,78.40802001953125
2023-02-09,396.25217230001425,302.65563587730645,124.1477620276728,87.02399823562553,175.49000549316406,21.07067786009447,24.099072911415846,78.4337158203125,389.2528991699219,295.6390075683594,122.42129516601562,86.41202545166016,173.02999877929688,21.000646591186523,24.255617141723633,78.4337158203125
2023-02-10,388.0768126828916,293.4830431320697,121.0351901022424,86.34106647156992,173.6300048828125,21.12320170213866,24.264313979122115,78.44229888916016,390.16131591796875,293.6986389160156,120.36433410644531,85.99517059326172,173.36000061035156,21.298280715942383,24.33388900756836,78.44229888916016
2023-02-13,390.81149214644563,295.10004452804384,120.88227834415362,86.00408126139993,172.6999969482422,21.140710921691436,24.342586768010154,78.45943450927734,394.74139404296875,298.4025573730469,122.1746597290039,86.19920349121094,172.47999572753906,21.254512786865234,24.264314651489258,78.45943450927734
2023-02-14,393.2210725630297,296.8247315897238,121.34596146264612,85.93308922151364,171.97000122070312,21.114451073752672,24.28170988541451,78.45943450927734,394.55975341796875,300.607421875,124.80382537841797,85.80892181396484,172.61000061035156,21.32454490661621,24.24692153930664,78.45943450927734
2023-02-15,392.3700513500147,298.7944917715508,123.16121595399454,85.65812885992177,170.60000610351562,21.114451138489645,24.42955695375512,78.47654724121094,395.84100341796875,302.910400390625,124.79889678955078,85.55169677734375,170.88999938964844,21.096942901611328,24.41216278076172,78.47654724121094
2023-02-16,390.8783796232902,298.28498343279347,122.22399039905784,85.34772432617268,170.33999633789062,21.035663604736328,24.47304051293738,78.5194320678711,390.3907165527344,297.2265930175781,121.41008758544922,85.26789855957031,170.75,21.035663604736328,24.446950912475586,78.5194320678711
2023-02-17,388.26803395095567,295.0412308426414,120.55672077138848,85.08164076610596,169.8699951171875,20.685506464523336,24.516525095335222,78.52798461914062,389.41546630859375,295.1294250488281,119.752685546875,85.50736236572266,171.25999450683594,20.878093719482422,24.429555892944336,78.52798461914062
2023-02-21,385.39947527197734,291.3075128776228,117.89795468793531,84.92200672276384,171.1999969482422,20.991893603724904,24.464342328638182,78.53655096334015,381.6034240722656,288.1421813964844,116.11229705810547,84.57611083984375,170.6199951171875,20.904354095458984,24.507827758789062,78.52798461914062
2023-02-22,382.0145255408099,288.7203131204909,116.32934377961084,84.8244363657415,170.80999755859375,20.85183210822173,24.507829411232876,78.53656516761184,381.0774841308594,288.35772705078125,115.54503631591797,84.72687530517578,169.66000366210938,20.632984161376953,24.586101531982422,78.5537109375
2023-02-23,383.96517386295295,292.0033086469198,119.50109681969829,84.75349943315611,169.83999633789062,20.79055404663086,24.58610004830767,78.57939910888672,383.1046142578125,290.8763427734375,119.63921356201172,85.0550537109375,169.57000732421875,20.79055404663086,24.594797134399414,78.57939910888672
2023-02-24,378.0942785897589,285.9176956757983,117.25176596405083,84.51403544746032,168.4199981689453,20.580461280739307,24.77743148803711,78.58797454833984,379.01220703125,286.0058898925781,117.50334167480469,84.54064178466797,168.35000610351562,20.720523834228516,24.77743148803711,78.58797454833984
2023-02-27,382.3492272761536,289.1613320021509,119.36792516824087,84.84219997096734,168.8800048828125,20.79930663076682,24.681763154367655,78.58799890051027,380.3030090332031,288.053955078125,118.03114318847656,84.7978515625,169.00999450683594,20.73802947998047,24.646976470947266,78.59656524658203
2023-02-28,379.82499112745273,287.4267764126198,117.695724653942,84.54064099522842,168.77999877929688,20.869340052076776,24.620886447278973,78.6051254272461,378.8974914550781,287.68157958984375,118.09033966064453,84.9308853149414,169.77999877929688,20.79930877685547,24.716552734375,78.6051254272461
2023-03-01,378.0846868266854,287.387613022248,118.60333597203379,84.55405805871258,170.9499969482422,20.913108095954716,24.577404445365843,78.61804808433143,377.44403076171875,285.3688659667969,118.16925048828125,84.25189208984375,170.75999450683594,21.158218383789062,24.586101531982422,78.60945129394531
2023-03-02,375.4743186281051,282.8797300624582,116.59077815461332,83.79864591130699,170.52000427246094,21.140712509895195,24.751339419537484,78.64378965686237,380.3795471191406,287.7305908203125,119.21500396728516,83.9052963256836,170.66000366210938,21.079435348510742,24.716552734375,78.63519287109375
2023-03-03,382.1962358283126,289.47491316481114,119.22486900267714,84.34966851043724,171.4499969482422,21.026909608428905,24.67307027506519,78.64380799738278,386.4799499511719,293.6789855957031,120.83295440673828,84.58073425292969,172.49000549316406,21.412080764770508,24.620887756347656,78.65240478515625
2023-03-06,387.30225445436355,294.9138281640149,121.16838459148236,84.77620111450454,172.32000732421875,21.14071054523942,24.594798618599,78.66101837158203,386.7476806640625,294.0122375488281,119.75761413574219,84.42959594726562,171.6199951171875,21.307035446166992,24.586101531982422,78.66101837158203
2023-03-07,386.69989002886615,294.06126431559863,119.81187256570402,84.5807084475854,170.4199981689453,21.184480546543035,24.65567513695811,78.66961516190807,380.8193359375,290.40594482421875,118.42083740234375,84.43851470947266,168.6199951171875,20.869338989257812,24.890491485595703,78.66101837158203
2023-03-08,380.9341721144572,290.8273005687011,119.03742913963052,84.76734535650239,168.61000061035156,20.755537033081055,24.88179588317871,78.6781997680664,381.4409484863281,291.8562927246094,121.51860809326172,84.41185760498047,168.5399932861328,20.755537033081055,24.88179588317871,78.6781997680664
2023-03-09,382.2249589763906,292.3560656900784,121.3064976193409,84.55406277474961,169.75,20.834322779201607,24.829612133351823,78.69537353515625,374.40338134765625,286.79962158203125,119.19034576416016,84.93621826171875,170.1999969482422,20.50167465209961,24.812219619750977,78.69537353515625
2023-03-10,373.8583166785041,286.96617449163693,119.60469709557506,86.03822135166584,171.92999267578125,20.53669068922559,24.655675888061523,78.71255493164062,369.00091552734375,282.7718811035156,117.26163482666016,86.5003662109375,173.8699951171875,20.720523834228516,24.655675888061523,78.71255493164062
2023-03-13,365.08059523708437,280.98838499588663,115.78180594891201,87.94011776036174,176.66000366210938,20.396627071692325,24.490433836978085,78.75555065508131,368.47503662109375,284.86907958984375,117.18270874023438,87.54907989501953,177.86000061035156,20.589214324951172,24.429555892944336,78.72976684570312
2023-03-14,373.3898317252391,288.4165306342406,119.07688023238373,87.17580595999506,177.35000610351562,20.457907320900638,24.446950065182424,78.74696196244345,374.5659484863281,291.4152526855469,120.68989562988281,86.7225570678711,176.8300018310547,20.326597213745117,24.429555892944336,78.73836517333984
2023-03-15,368.9818486133687,288.80856358255966,118.87958363663898,88.21563154633992,178.86000061035156,19.915162807509507,24.76003905606684,78.77272950661686,372.2232971191406,292.9440612792969,119.3333969116211,87.97566986083984,178.2100067138672,19.853885650634766,24.69046401977539,78.78132629394531
2023-03-16,369.8710404113854,292.0326786060645,118.65266526477122,88.45558838696071,179.50999450683594,19.652546173436527,24.69046299860759,78.80712937249021,378.75396728515625,300.666259765625,124.10830688476562,87.18470001220703,178.57000732421875,19.915163040161133,24.66437339782715,78.81571960449219
2023-03-17,377.4255889740926,300.5780518528827,124.25136092130624,87.86015785738476,181.02000427246094,19.985194082463106,24.603494896497047,78.80711719409709,374.3253173828125,299.2452697753906,123.47692108154297,88.21565246582031,183.77000427246094,19.853885650634766,24.525222778320312,78.83290100097656
2023-03-20,375.1028011958168,298.62890724672246,123.81234416982566,88.3578415553626,184.19000244140625,19.86263931989057,24.403466580987846,78.83291779746818,377.9247131347656,300.3072509765625,124.719970703125,87.86015319824219,183.83999633789062,19.93267059326172,24.38607406616211,78.84151458740234
2023-03-21,381.28418093617404,302.24082881743965,125.72625112695803,87.25579739036039,182.64999389648438,19.99394859476123,24.3425863051225,78.83291779746818,382.8871154785156,304.5964050292969,125.11458587646484,87.0958251953125,180.3699951171875,20.002702713012695,24.37737464904785,78.84151458740234
2023-03-22,382.71428861761933,304.52768643281496,125.30203696918417,86.94475255167879,180.39999389648438,20.072733608485184,24.342587446425657,78.85009919456587,376.36016845703125,300.4544982910156,124.310546875,88.24230194091797,183.44000244140625,20.055225372314453,24.194740295410156,78.85869598388672
2023-03-23,379.22048781510506,304.1841703718912,126.68813959450102,88.10010040151761,183.91000366210938,20.204042423764434,24.15995339542487,78.87586520209452,377.37762451171875,304.0173034667969,127.6155014038086,88.7488784790039,185.74000549316406,20.002702713012695,24.229528427124023,78.89305877685547
2023-03-24,376.10105243097433,303.5953103540764,126.86572318048016,89.26433375642922,185.61000061035156,19.985193111251288,24.351283391103834,78.9016499439987,379.85400390625,305.1362609863281,125.5979995727539,88.77552795410156,183.64999389648438,20.0989933013916,24.37737464904785,78.91024017333984
2023-03-27,382.1288028794633,305.833089590293,125.92356028088074,87.93124772675363,181.14999389648438,20.16902659395294,24.342584643994332,78.90170288085938,380.56427001953125,303.045654296875,124.13296508789062,87.68240356445312,181.9499969482422,20.475412368774414,24.299100875854492,78.90170288085938
2023-03-28,379.8731772141997,302.4666204694985,123.6446243745658,87.4957475524907,182.30999755859375,20.431646115383124,24.24692009282576,78.91885375976562,379.71002197265625,301.43603515625,123.26972961425781,87.62905883789062,183.44000244140625,20.57170867919922,24.212133407592773,78.91885375976562
2023-03-29,383.8660584843338,305.1264302220419,125.11458911503185,87.30022246783474,182.49000549316406,20.615476530736316,24.273014068603516,78.91885375976562,385.2290344238281,306.932373046875,127.107421875,87.47796630859375,182.52999877929688,20.440399169921875,24.273014068603516,78.91885375976562
2023-03-30,387.8590304445402,309.40566534682836,128.41461598277692,87.39801203479847,182.75,20.554197853566926,24.15995216369629,78.93603515625,387.4847106933594,309.8375244140625,128.92762756347656,87.61131286621094,184.17999267578125,20.589214324951172,24.15995216369629,78.93603515625
2023-03-31,388.4061147934353,310.0632752598357,127.94599709562506,87.75348656273397,184.11000061035156,20.59796974638517,24.21213485199841,78.93604077953353,392.9461364746094,314.9903564453125,129.82537841796875,88.0912094116211,183.22000122070312,20.781801223754883,24.24692153930664,78.91885375976562
2023-04-03,392.4278257842298,312.8703585335609,129.1643904848332,87.9896841809869,183.85000610351562,21.158219750831186,24.203436571732635,78.94645219168396,394.4434814453125,314.2248229980469,129.08546447753906,88.50617218017578,184.5399932861328,21.12320327758789,24.133861541748047,78.93782043457031
2023-04-04,395.08658715925804,314.6665077964357,129.3469096478748,88.13217430746448,184.72000122070312,21.14946594256891,24.13386285721384,78.94647979736328,392.2550964355469,313.1648254394531,127.10250854492188,89.07609558105469,187.97999572753906,21.096942901611328,24.038196563720703,78.94647979736328
2023-04-05,391.52554275858984,312.2127972814154,125.80023941066061,89.40558314399883,188.33999633789062,21.09694244965105,24.04689107177419,78.9896240234375,391.2279968261719,310.0731506347656,124.87781524658203,89.45010375976562,187.8300018310547,21.17572784423828,24.107769012451172,78.9896240234375
2023-04-06,390.4313714897771,308.4242421889301,123.63475857075944,89.48573720627995,186.88999938964844,21.12320290319026,24.168649461708856,79.00688462831215,392.7541809082031,312.1637268066406,124.50292205810547,89.47683715820312,186.49000549316406,21.114450454711914,24.125164031982422,78.99825286865234
2023-04-10,390.277787817443,309.2388628884362,123.36839684600666,88.77332530188954,185.17999267578125,21.053171627622284,24.29040590992941,79.01552977978764,393.15728759765625,311.9870300292969,126.38724517822266,88.59522247314453,185.11000061035156,21.114450454711914,24.264314651489258,79.00690460205078
2023-04-11,393.7812271299072,311.9477567831826,126.84598418401588,88.66647780322647,185.91000366210938,21.114452204787348,24.168649848593954,79.01549530029297,393.2629089355469,309.9847717285156,125.71638488769531,88.55961608886719,186.27999877929688,21.228252410888672,24.177345275878906,79.01549530029297
2023-04-12,395.32654344418415,311.93793154691537,126.80159686264378,88.96924495478706,187.5399932861328,21.315789726907717,24.046892166137695,79.03274536132812,391.65997314453125,307.24639892578125,123.48184967041016,88.81785583496094,187.19000244140625,21.394575119018555,24.046892166137695,79.03274536132812
2023-04-13,392.7444905245143,309.00329632515286,123.81233791127227,88.96032685095484,189.75999450683594,21.47336051112939,23.916439903340674,79.06727204361144,396.8621826171875,313.26300048828125,124.47826385498047,88.52398681640625,189.72000122070312,21.394575119018555,23.933834075927734,79.07589721679688
2023-04-14,396.2287697684171,311.71219883461987,124.40921346880113,88.23014403922605,188.0800018310547,21.385820693270478,23.97731650302535,79.07589721679688,395.892822265625,312.674072265625,124.34508514404297,88.08766174316406,186.36000061035156,21.420835494995117,24.072982788085938,79.07589721679688
2023-04-17,395.80637894641507,312.261854645645,123.22041099335854,87.74928060711,185.88999938964844,21.350804295576314,24.159953608653364,79.08454603626079,397.3133239746094,312.9390869140625,124.25628662109375,87.52665710449219,185.52999877929688,21.333297729492188,24.194740295410156,79.09317779541016
2023-04-18,398.8874765900454,315.0492322620022,125.38590011208102,87.55335140932128,185.24000549316406,21.3420510928936,24.15125444064864,79.09317488179362,397.572509765625,312.9586486816406,124.8136978149414,87.66911315917969,186.25,21.37706756591797,24.107769012451172,79.101806640625
2023-04-19,395.6624479202901,310.55404166149606,123.10202020440843,87.46434032234842,184.35000610351562,21.105697704680118,24.142557991958395,79.11907487529871,397.5053405761719,312.81146240234375,123.62982940673828,87.48214721679688,185.36000061035156,21.079435348510742,24.15995216369629,79.11044311523438
2023-04-20,394.69301944461137,309.8473756449807,122.82578490234339,87.96297896026269,186.13999938964844,20.895601272583008,24.142557991958395,79.15360335275369,395.33612060546875,310.42645263671875,123.7679443359375,87.98969268798828,186.08999633789062,20.895601272583008,24.15995216369629,79.17086029052734
2023-04-21,395.6336418065236,310.0633393438064,122.9145714930802,88.17669760132436,184.97999572753906,20.939370946009163,24.12516445565003,79.16221618652344,395.64324951171875,310.7503662109375,122.5002212524414,87.7759780883789,184.25,20.851831436157227,24.133861541748047,79.16221618652344
2023-04-24,395.44169241406223,310.52460416943904,122.23386208780059,88.0164280772147,184.07000732421875,20.799308114825305,24.09907344804619,79.1794920514664,396.0559997558594,310.1025695800781,121.84416961669922,88.20343780517578,184.80999755859375,21.018156051635742,24.05558967590332,79.17086029052734
2023-04-25,394.088292257947,308.47324274414126,120.88227832285438,88.70208980781275,184.83999633789062,20.84307815111224,24.10777197385563,79.17084136129581,389.76904296875,304.2528076171875,117.9818115234375,89.07609558105469,185.75,20.720523834228516,24.168651580810547,79.16221618652344
2023-04-26,390.3833550986097,307.63900335088084,119.18047500873483,89.05830602356703,186.6300048828125,20.67675481342621,23.97731734696623,79.17085737512099,388.1181335449219,306.0980529785156,118.80558776855469,88.72882080078125,184.74000549316406,20.40538215637207,24.090377807617188,79.17948913574219
2023-04-27,390.65211692803183,309.85723831198396,118.93876244643792,88.363694391681,183.89999389648438,20.405382085006586,24.15125592708281,79.20538330078125,395.8448181152344,314.4211730957031,119.95491027832031,88.14997100830078,184.75,20.431644439697266,24.09907341003418,79.20538330078125
2023-04-28,394.9617574024191,314.18551113317454,120.60603767603304,88.68426170801507,184.7899932861328,20.387873039037842,24.17734531343858,79.19675153956423,399.2234191894531,316.5901794433594,121.9625473022461,88.8089370727539,184.8000030517578,20.62422752380371,24.133861541748047,79.20538330078125
2023-05-01,398.78194148395835,316.1289565631733,122.31771174856252,88.46885272677477,186.0500030517578,20.475412676933637,24.151255427384804,79.2166271222553,398.8203430175781,316.22711181640625,122.89484405517578,87.763671875,183.97000122070312,20.44915199279785,24.255617141723633,79.20796203613281
2023-05-02,398.11002828382885,316.1583963914901,122.85538411535819,88.06717201052369,184.64999389648438,20.291580693891504,24.29040658689066,79.21663196097765,394.337890625,313.4691162109375,121.8293685913086,88.90624237060547,187.52000427246094,19.985193252563477,24.194740295410156,79.19064331054688
2023-05-03,394.83694265774216,313.83221822361713,121.19798092970909,89.14725213753353,187.61000061035156,19.766347584127836,24.107770958577213,79.2079372391715,391.631103515625,311.4177551269531,120.57151794433594,89.4864501953125,189.11000061035156,19.731332778930664,24.064287185668945,79.19927215576172
2023-05-04,390.5849268562114,311.19196354787306,120.00917831796963,89.24543918998127,188.86000061035156,19.731330188092116,24.090377807617188,79.23394584731219,388.85723876953125,310.3184509277344,120.16703033447266,89.46859741210938,190.44000244140625,19.81011390686035,24.090377807617188,79.22528076171875
2023-05-05,392.48541888407567,312.57585336332846,120.51726472273238,88.9508661338857,186.55999755859375,20.05522538691605,24.13386179280015,79.24259948730469,396.0559997558594,316.9140625,122.70740509033203,88.986572265625,187.4600067138672,20.25656509399414,24.05558967590332,79.24259948730469
2023-05-08,396.3823322476967,316.4528560062947,122.31278393177489,88.4331570286386,187.82000732421875,20.457905331294345,24.029498204836138,79.25128173828125,396.16156005859375,317.6993408203125,123.38812255859375,88.44208526611328,187.69000244140625,20.35285758972168,24.090377807617188,79.25128173828125
2023-05-09,394.6162031980649,316.0405787750842,121.92802307960895,88.43316638815324,188.1199951171875,20.282826553022282,24.186044095426563,79.26859092693267,394.4242248535156,315.687255859375,121.48407745361328,88.33497619628906,189.02000427246094,20.414134979248047,24.168651580810547,79.25992584228516
2023-05-10,397.25577792419296,318.1213864238547,122.76660323980717,88.73664871280884,188.97999572753906,20.344103472117524,24.09907277414656,79.2772579193287,396.26715087890625,319.1225280761719,122.47063446044922,88.9955062866211,188.75,20.35285758972168,24.125164031982422,79.26859283447266
2023-05-11,395.4032868637811,319.67218699558043,122.12534381144752,89.5221707689125,188.44000244140625,20.055225752844162,24.246921325219798,79.32056427001953,395.5760498046875,320.1629333496094,121.38542938232422,89.32579040527344,187.1300048828125,20.002702713012695,24.281709671020508,79.32056427001953
2023-05-12,396.8142810526254,320.6928702621586,121.80964146188938,89.25439608735137,187.42999267578125,20.01145774275786,24.325192940001994,79.33789825439453,395.0577697753906,319.0145263671875,121.24730682373047,88.79022979736328,186.80999755859375,19.84513282775879,24.43825340270996,79.33789825439453
2023-05-15,395.6624389099318,319.4856645520145,121.42488310770669,88.54030099172398,187.3000030517578,19.967685181642704,24.394766737972994,79.33791439910435,396.42071533203125,320.7419738769531,124.42400360107422,88.59385681152344,187.2100067138672,20.07273292541504,24.368677139282227,79.34657287597656
2023-05-16,395.31689334176326,320.0254851709617,124.0195219150217,88.25462596270268,186.5800018310547,20.02896300318012,24.394767548468156,79.3465567295048,393.7715759277344,321.1051330566406,124.3944091796875,88.30818176269531,184.8699951171875,19.853885650634766,24.429555892944336,79.33789825439453
2023-05-17,395.7872502342352,322.1650573359087,125.57827236461425,88.36173530648638,184.30999755859375,20.02896355761592,24.481736713180855,79.35523986816406,398.55157470703125,324.99176025390625,127.75855255126953,88.02253723144531,184.22999572753906,20.090242385864258,24.473039627075195,79.35523986816406
2023-05-18,398.23480532655367,325.3843724071153,128.3504836668674,87.70118557676977,182.10000610351562,19.89765419202455,24.603495028596733,79.38989448361197,402.3908996582031,331.0279541015625,132.23748779296875,87.47802734375,181.83999633789062,19.906408309936523,24.655675888061523,79.3985595703125
2023-05-19,403.29311788250186,331.2438869159886,131.9711271508207,87.16564548169221,182.25,20.063981089045377,24.612191133032496,79.40722465701302,401.80535888671875,330.28204345703125,131.5074462890625,87.14778900146484,183.63999938964844,19.88014793395996,24.586101531982422,79.3985595703125
2023-05-22,401.8245977682805,330.0268852313511,130.37290278326878,87.16559118668381,183.22000122070312,19.818870090402307,24.60349464416504,79.40721130371094,401.96856689453125,331.39117431640625,131.39892578125,86.987060546875,183.2100067138672,19.897655487060547,24.60349464416504,79.40721130371094
2023-05-23,400.32725913165393,329.6735122617162,130.6294146843015,86.86210547670565,182.77999877929688,19.941425626233766,24.664371914240583,79.40721130371094,397.4573669433594,327.1903076171875,129.50474548339844,87.12989807128906,183.42999267578125,19.9764404296875,24.67306900024414,79.40721130371094
2023-05-24,395.8543837451471,325.23711571274725,126.99889514068855,87.23702255897916,183.5399932861328,20.055224524608978,24.68176435350788,79.41586977943088,394.5777893066406,325.5119323730469,127.60069274902344,86.90674591064453,181.9499969482422,19.985193252563477,24.76003646850586,79.40721130371094
2023-05-25,398.0811934806872,332.8634256751795,136.07517538599052,86.74606845546117,181.17999267578125,19.740084760468886,24.820917513314075,79.46787071454207,397.99481201171875,333.43267822265625,138.5711669921875,86.36223602294922,180.1999969482422,19.670053482055664,24.873098373413086,79.4592056274414
2023-05-26,398.64745889564364,334.4534083996253,139.8832677234589,86.22833296395241,181.00999450683594,19.90640786280263,24.838307699295136,79.48519706982675,403.1490783691406,341.9519958496094,145.3783721923828,86.52290344238281,180.9199981689453,19.985193252563477,24.864398956298828,79.47653198242188
2023-05-30,405.07840112218025,346.18223261994183,148.6241189503773,86.78178584153508,181.72000122070312,19.661298973727217,24.80352164958906,79.4938488017694,403.3027038574219,343.5027770996094,146.07882690429688,87.20132446289062,182.0399932861328,19.521236419677734,24.838308334350586,79.48518371582031
2023-05-31,401.4790359496369,341.9225324839208,143.78017233033694,87.25488686617516,182.38999938964844,19.398682780301012,24.907885484272228,79.50251007080078,401.0663146972656,341.549560546875,142.38912963867188,87.53160095214844,182.32000732421875,19.30238914489746,24.88179588317871,79.50251007080078
2023-06-01,401.29661257093727,341.2943614506893,142.91199228553094,87.79286219959933,182.80999755859375,19.39868286474043,24.838310408664555,79.54685974121094,404.8768005371094,345.4951477050781,144.52993774414062,87.77496337890625,183.75999450683594,19.617530822753906,24.586101531982422,79.54685974121094
2023-06-02,407.44919955900986,347.25205955281666,145.90125639568777,87.62285485038306,183.52999877929688,19.810114379289708,24.70785768176421,79.55558013916016,410.7318420410156,348.0863342285156,144.17478942871094,87.07705688476562,181.0500030517578,19.87139320373535,24.847007751464844,79.55558013916016
2023-06-05,411.0773593229492,347.8703928659199,143.3263418673486,86.71916436196423,180.7899932861328,19.967685301006984,24.907883825006582,79.56428039892847,409.94476318359375,348.3316955566406,142.369384765625,87.05022430419922,182.13999938964844,19.81886863708496,24.80352210998535,79.55558013916016
2023-06-06,409.53204325524,347.7231936940905,141.57029363797855,87.0860203568816,182.36000061035156,19.740085073633743,24.916582570903287,79.57299041748047,410.83740234375,348.2728271484375,143.3756866455078,87.10391235351562,182.33999633789062,19.84513282775879,24.88179588317871,79.57299041748047
2023-06-07,411.2309690598289,348.5575048261277,144.4707532846095,86.98757682367551,181.94000244140625,19.91516174542511,24.829611882808518,79.58167266845703,409.4168701171875,342.3642883300781,142.5568389892578,86.46862030029297,180.14999389648438,19.92391586303711,24.890491485595703,79.58167266845703
2023-06-08,409.4840283285931,342.6586309114903,142.69495210938902,86.62074132039169,182.0,19.967685086984247,24.777433229839634,79.61645232990952,411.8932189941406,346.6140441894531,144.20437622070312,87.05022430419922,182.52999877929688,19.95893096923828,24.69046401977539,79.62515258789062
2023-06-09,412.6899118726264,348.06659414360695,145.94071036238705,86.75492201801623,182.36000061035156,19.93266981343254,24.7426462840317,79.62519561134137,412.63232421875,347.9389953613281,144.86537170410156,86.73703002929688,182.0399932861328,19.836376190185547,24.768735885620117,79.63389587402344
2023-06-12,413.61131547404943,349.59780119658103,146.5129247336397,86.87127672360413,181.8000030517578,19.60877517642537,24.760037315487093,79.64253997802734,416.3756103515625,353.8182067871094,149.1470184326172,86.8802261352539,181.8800048828125,19.565006256103516,24.77743148803711,79.64253997802734
2023-06-13,417.8345851160925,356.5664003624832,151.6627138076164,87.0144115110553,182.10000610351562,19.871393957860423,24.699159622192383,79.65123474088655,419.1207580566406,356.5369567871094,151.2089080810547,86.26282501220703,180.5399932861328,19.82762336730957,24.699159622192383,79.6599349975586
2023-06-14,419.45671780561304,356.54675233361814,150.75507857381606,86.52232209940433,181.69000244140625,19.958931042160362,24.60349528161732,79.66864501741594,419.619873046875,359.1280822753906,153.507568359375,86.37916564941406,180.63999938964844,19.87139320373535,24.577404022216797,79.6773452758789
2023-06-15,418.8040313332803,357.86195327861964,151.95868803033397,86.88916903857145,180.27999877929688,19.985194644870838,24.586100551697587,79.71215057373047,424.82220458984375,363.40740966796875,152.4026336669922,87.05022430419922,181.91000366210938,20.291582107543945,24.43825340270996,79.71215057373047
2023-06-16,426.804818584776,365.8218711900571,153.70488385328937,86.62074120776157,181.92999267578125,20.37912125238774,24.446950450615756,79.72956360330299,423.3751220703125,361.1205139160156,151.3174285888672,86.67443084716797,181.6300048828125,20.54544448852539,24.48173713684082,79.72086334228516
2023-06-20,421.4387253030806,359.66983684959825,150.69591236359287,86.83549875818721,180.05999755859375,20.344104084211207,24.560010486961207,79.72954947990422,421.1785888671875,360.603515625,150.78469848632812,86.93392181396484,179.75,20.36161231994629,24.551313400268555,79.73824310302734
2023-06-21,420.1959468611093,359.4634590270858,149.9954455092452,86.70125848552509,179.14999389648438,20.33535074983295,24.577403465427775,79.74694336250401,419.0205993652344,355.6893615722656,147.33175659179688,87.01441955566406,179.49000549316406,20.65924644470215,24.43825340270996,79.73824310302734
2023-06-22,418.06681362984074,354.4412029254088,146.15775904282768,86.75494522357465,178.36000061035156,20.326597596488135,24.490434432997493,79.77302551269531,420.5331115722656,359.8861389160156,148.0618133544922,86.52230834960938,177.7100067138672,20.27407455444336,24.525222778320312,79.77302551269531
2023-06-23,417.08410091737835,355.99400579954005,145.7631242859563,87.21128610228655,179.60000610351562,19.897654586132475,24.62088754255192,79.78173065185547,417.3538513183594,356.318359375,145.54608154296875,86.8802261352539,178.1999969482422,20.055225372314453,24.655675888061523,79.78173065185547
2023-06-26,416.7855154988048,355.78764942462146,146.2860070239243,87.10393537579691,179.0500030517578,20.028961044953167,24.62958526611328,79.79913704412131,415.6487121582031,351.5417785644531,144.875244140625,87.09498596191406,178.50999450683594,20.081485748291016,24.62958526611328,79.79044342041016
2023-06-27,416.5253768197751,353.08485397686843,145.44742866817174,87.07706066394061,179.07000732421875,19.950178498395513,24.5426133481771,79.8078384399414,420.20556640625,357.58624267578125,149.47256469726562,86.79074096679688,177.69000244140625,19.757591247558594,24.56870460510254,79.8078384399414
2023-06-28,419.12662231723505,355.76802304065137,146.9173917232687,86.91600673373581,177.22999572753906,19.63503860570361,24.67306917539539,79.82520668256575,420.4176025390625,358.2840881347656,148.12098693847656,87.13969421386719,177.27999877929688,19.69631576538086,24.681764602661133,79.81651306152344
2023-06-29,420.00325329466176,357.9892028503114,148.79185218657514,86.35232179507139,175.8300018310547,19.661297998738583,24.7861270904541,79.85133636894305,422.0745544433594,357.56658935546875,147.90394592285156,86.24494934082031,177.08999633789062,19.705068588256836,24.7861270904541,79.84263610839844
2023-06-30,425.28267848094407,361.242418880044,149.7093299903306,86.27178318588189,177.69000244140625,19.79260781341105,24.72525003298761,79.86870574951172,427.0553283691406,363.0803527832031,150.20260620117188,86.4328384399414,178.27000427246094,19.87139320373535,24.681764602661133,79.86870574951172
2023-07-03,426.70853977944085,363.7191380479652,151.11025941886086,86.38977925387327,178.61000061035156,19.958931042160362,24.716552310450716,79.88005820037247,427.54669189453125,363.93536376953125,151.53448486328125,86.05792236328125,178.47000122070312,19.87139320373535,24.707855224609375,79.8887939453125
2023-07-05,425.7354801650757,362.372725830964,150.2026059167044,86.05793021543576,179.41000366210938,20.055225138995457,24.71655375213268,79.89755249023438,426.91082763671875,363.92559814453125,148.67344665527344,85.64535522460938,177.83999633789062,19.993947982788086,24.8209171295166,79.89755249023438
2023-07-06,423.3365733138423,360.220251816887,146.3451896053529,84.9906181972392,177.50999450683594,19.9764388294296,24.76003646850586,79.92374420166016,423.5677795410156,361.1539306640625,146.90753173828125,84.94577026367188,177.30999755859375,19.950178146362305,24.76003646850586,79.92374420166016
2023-07-07,422.575470909433,360.92792588819304,147.02591903171214,84.82919353942603,178.3800048828125,19.95893197383686,24.690463469751645,79.9324951171875,422.4983825683594,359.95489501953125,147.045654296875,84.8381576538086,178.63999938964844,20.11650276184082,24.551313400268555,79.9324951171875
2023-07-10,422.1419392054069,359.67971589726346,147.5685188653656,84.97268274977421,178.3699951171875,20.11650391217932,24.58609902347975,79.94120779615174,423.5677795410156,360.0728454589844,149.1272735595703,85.27763366699219,178.77999877929688,20.160274505615234,24.490432739257812,79.94994354248047
2023-07-11,424.32893908451956,360.4954841759857,150.13356174355278,85.43907329343241,179.42999267578125,20.291581349523728,24.46434257862095,79.95869445800781,426.2653503417969,361.851806640625,149.28514099121094,85.4570083618164,179.4499969482422,20.39662742614746,24.429555892944336,79.95869445800781
2023-07-12,430.0515505672172,365.95022361188575,151.46542130219885,86.02205537522123,181.17999267578125,20.589215079359494,24.255617855172815,79.96740713710692,429.695068359375,366.4219970703125,152.42237854003906,86.29112243652344,181.8800048828125,20.54544448852539,24.142559051513672,79.97614288330078
2023-07-13,431.50622355890425,369.5965346545085,154.2869410239486,86.71268700257026,181.9600067138672,20.615475936093116,24.055589927774967,80.0023345062485,433.10546875,372.6433410644531,156.0824737548828,87.0086669921875,182.00999450683594,20.83432388305664,23.977317810058594,80.01107025146484
2023-07-14,433.9918445617416,373.0758237437194,156.55600685219935,86.82030051510095,181.58999633789062,20.860586459876092,23.99471028719436,80.01108542011971,432.83575439453125,372.56475830078125,154.79006958007812,86.57813262939453,181.42999267578125,20.69426155090332,24.020801544189453,80.01982116699219
2023-07-17,432.6912500682276,373.2821706367002,155.11565483060335,86.64092425237381,180.99000549316406,20.59796820771679,24.04689177881295,80.02852630615234,434.3386535644531,376.0439453125,157.67083740234375,86.72164916992188,181.55999755859375,20.527936935424805,23.99471092224121,80.02852630615234
2023-07-18,434.01112689880694,375.40517013121564,156.98023488466558,86.9996676326888,182.7899932861328,20.545444360629922,24.01210594177246,80.03726205041112,437.5660705566406,379.12030029296875,158.1049041748047,86.8202896118164,183.63999938964844,20.79930877685547,24.01210594177246,80.02852630615234
2023-07-19,438.3559839057652,380.18170336657397,158.2726230043991,86.98174948165305,183.4499969482422,20.97438598236104,24.09907192681168,80.04600524902344,438.5390319824219,379.0317687988281,156.447509765625,87.11627960205078,183.6699981689453,20.913108825683594,24.107769012451172,80.04600524902344
2023-07-20,437.54673021651973,376.04401778523453,153.54704217732774,86.66782786932927,183.72999572753906,21.044419160392852,24.16865107816321,80.08095444965927,435.6295471191406,370.29443359375,150.91294860839844,86.42566680908203,182.74000549316406,20.97438621520996,24.24692153930664,80.08968353271484
2023-07-21,437.34439535359957,372.67281210959555,152.4125073905155,86.61400867793003,182.05999755859375,20.98314042284171,24.299103381615918,80.08968353271484,435.6295471191406,369.1837463378906,151.72190856933594,86.4974136352539,182.17999267578125,21.08818817138672,24.316495895385742,80.08968353271484
2023-07-24,436.77604624077406,370.1567901180446,151.91920932626593,86.64988536109334,182.22000122070312,21.23700328432303,24.377373765448645,80.0984115600586,437.57568359375,369.77349853515625,151.8501434326172,86.29112243652344,181.39999389648438,21.4646053314209,24.40346336364746,80.0984115600586
2023-07-25,437.3059083742901,370.48114209864303,152.38291754080313,85.95030639699071,181.72000122070312,21.403329630552303,24.4730392772435,80.11587533219652,438.770263671875,372.27972412109375,154.28695678710938,86.12968444824219,182.41000366210938,21.543392181396484,24.37737464904785,80.10713958740234
2023-07-26,437.8357951870991,371.2378700393192,152.93536909224804,86.32700682528355,182.66000366210938,21.438344955444336,24.36868014984953,80.12462721618171,438.8377380371094,371.0412902832031,152.5999298095703,86.42566680908203,183.3000030517578,21.438344955444336,24.307802200317383,80.11589813232422
2023-07-27,442.2192143317386,376.49612252032574,156.5165599923958,86.09380454040684,181.63999938964844,21.420837100491582,24.438253748016834,80.15081778164307,435.92822265625,370.15679931640625,155.3425750732422,85.4839096069336,180.4199981689453,21.385822296142578,24.533918380737305,80.15955352783203
2023-07-28,439.1941631701477,374.2060793430186,158.00625057061234,85.681245594614,181.47999572753906,21.368313228598034,24.507829242928924,80.16828155517578,440.19610595703125,376.8990783691406,158.3416748046875,85.76197052001953,181.86000061035156,21.51712989807129,24.49913215637207,80.16828155517578
2023-07-31,440.6681140687776,377.2037699714263,158.5389937604439,85.72607443805317,182.42999267578125,21.543392412979482,24.525221470220156,80.1770248413086,441.0342102050781,377.09564208984375,158.46006774902344,85.86957550048828,182.35000610351562,21.60466957092285,24.542613983154297,80.1770248413086
2023-08-01,439.5698819163366,375.74917375026934,157.52284107528095,85.4577599317245,180.85000610351562,21.464606929837398,24.64697880168412,80.19808197021484,439.772216796875,376.220947265625,158.37127685546875,85.36784362792969,180.4600067138672,21.490867614746094,24.655675888061523,80.19808197021484
2023-08-02,436.660370149276,372.7515087651388,156.63495269143235,85.11608360226617,180.57000732421875,21.44709627866663,24.69915983148498,80.20684814453125,433.6545715332031,367.965087890625,152.56048583984375,85.19700622558594,179.60000610351562,21.16697120666504,24.742645263671875,80.20684814453125
2023-08-03,431.64112757810364,365.5570778539925,150.4295199847057,84.62151432122933,179.44000244140625,21.166973130601423,24.77742919080451,80.24193572998047,432.4118347167969,367.3753356933594,152.1165313720703,84.56756591796875,179.5399932861328,21.36831283569336,24.725248336791992,80.24193572998047
2023-08-04,434.22310003969983,369.3016578121889,152.14612484469745,84.88229242816945,180.25,21.394575731016293,24.577403385440515,80.25070230680763,430.4562072753906,365.65533447265625,152.17572021484375,85.46675872802734,180.19000244140625,21.403329849243164,24.60349464416504,80.25947570800781
2023-08-07,432.28658168791264,367.4638565778944,153.4089101402094,85.3588510946393,180.14999389648438,21.44709723517095,24.620887756347656,80.26824910920801,434.21337890625,368.7513732910156,153.8134002685547,85.25994110107422,179.77999877929688,21.412080764770508,24.620887756347656,80.25947570800781
2023-08-08,431.6796137883657,366.2451507614084,151.83042108336193,85.70053803711005,178.63999938964844,21.131957868483422,24.768734440260758,80.27703094482422,432.3251037597656,365.6161193847656,151.2779541015625,85.6915512084961,178.63999938964844,21.385822296142578,24.73394775390625,80.27703094482422
2023-08-09,432.59491357535535,365.9010914931724,151.11025543055393,85.69154262085674,178.67999267578125,21.490868765200677,24.72524936005397,80.28579711914062,429.4349670410156,361.59625244140625,148.2788543701172,85.74549102783203,177.7899932861328,21.534639358520508,24.751338958740234,80.28579711914062
2023-08-10,431.78568982839784,364.6037487888542,149.10755756836423,85.7454750712873,178.22000122070312,21.49962088597212,24.699158314085462,80.31209644848394,429.5891418457031,362.26458740234375,147.9532928466797,85.08907318115234,177.60000610351562,21.420835494995117,24.794824600219727,80.32964324951172
2023-08-11,427.72008989099777,359.70918530416867,146.01963320279512,84.73843638346204,177.6999969482422,21.37706817763598,24.820918150145776,80.32964271551631,429.3385925292969,359.95489501953125,144.2438507080078,84.6395263671875,177.60000610351562,21.385822296142578,24.847007751464844,80.33840942382812
2023-08-14,428.42330273221825,359.15880428458615,143.4940575569287,84.504638671875,176.86000061035156,21.245756456554552,24.968761905324317,80.33842508416237,431.7084655761719,363.994384765625,148.63400268554688,84.504638671875,177.05999755859375,21.280771255493164,24.933975219726562,80.34719848632812
2023-08-15,429.9358890851779,363.02135465299926,148.52546367031275,84.41470999245674,176.75,21.158219213835412,24.8817947845624,80.34719125926792,426.67962646484375,360.1318359375,146.84832763671875,84.34278106689453,176.58999633789062,21.02691078186035,24.942672729492188,80.35596466064453
2023-08-16,426.2653150386881,359.5911991284184,146.9667235643193,84.32479027305689,176.6199951171875,21.08818777601234,24.942673958315403,80.36472267232945,423.5485534667969,356.318359375,144.52993774414062,84.01907348632812,175.57000732421875,20.93937110900879,25.012248992919922,80.37348937988281
2023-08-17,425.01294414487614,357.71403918779725,145.78285602941426,83.99212334155489,176.52999877929688,21.149466472154884,24.93397454768584,80.39981788626739,420.3211975097656,352.4263610839844,143.55323791503906,83.91119384765625,175.3000030517578,20.99189567565918,25.003549575805664,80.40858459472656
2023-08-18,417.5080258452247,349.1633574955248,141.8563877903618,84.06403098939282,175.8300018310547,21.044418871737413,25.03833876765613,80.4173583984375,420.5234680175781,351.9841003417969,144.16493225097656,84.1629409790039,175.3300018310547,21.140710830688477,25.020944595336914,80.4173583984375
2023-08-21,421.5349994297979,353.4484804799617,145.20078742343327,83.76731715455598,175.89999389648438,21.272019644243834,25.003551059769762,80.42611694335938,423.2594909667969,357.655029296875,149.00888061523438,83.64142608642578,175.80999755859375,21.08818817138672,24.994853973388672,80.42611694335938
2023-08-22,425.032225506542,360.2595950388818,150.99188022343796,83.5694789873352,175.8300018310547,21.175728297886383,25.04703500323804,80.44368703755096,422.1131286621094,357.1440124511719,147.5192108154297,83.67737579345703,176.10000610351562,21.096942901611328,25.081823348999023,80.4349136352539
2023-08-23,423.17286834168584,358.32334581662815,147.34162929406304,84.18991606767361,177.32000732421875,21.00940239962627,25.107914437543243,80.44367258316609,426.81451416015625,362.7756042480469,150.71563720703125,84.58555603027344,177.88999938964844,21.140710830688477,24.994853973388672,80.45244598388672
2023-08-24,428.41372832126285,366.24509019972004,154.3560008584218,84.32480718249546,177.66000366210938,21.044418192455723,25.12530640846362,80.47876739501953,420.89923095703125,355.02105712890625,146.81874084472656,84.27085876464844,177.85000610351562,21.158218383789062,25.194881439208984,80.47876739501953
2023-08-25,422.62369316256587,355.8564620160863,146.6115725245794,84.15393518874286,177.5800018310547,21.298281561327588,25.194883131162815,80.48755592075126,423.8664855957031,357.7729797363281,147.08511352539062,84.24385833740234,177.6199951171875,21.36831283569336,25.229671478271484,80.49632263183594
2023-08-28,426.05336574379237,360.69197609475015,148.33803301592607,84.44169247012222,177.64999389648438,21.385820767099094,25.21227518758392,80.50506632168728,426.5543518066406,360.4659423828125,148.90036010742188,84.47765350341797,178.1300048828125,21.333297729492188,25.18618392944336,80.51383972167969
2023-08-29,426.44835885508,360.26943235388745,148.33802745347208,84.27984186425304,178.02999877929688,21.33329704572393,25.28185157677962,80.52263561103783,432.7200927734375,368.3385314941406,152.71832275390625,85.08010864257812,179.8699951171875,21.412080764770508,25.047035217285156,80.50508880615234
2023-08-30,433.05737382451,368.4466070521001,152.64927536692988,85.18800409525254,180.5800018310547,21.517130350922262,24.968761232345994,80.52261352539062,434.5024719238281,370.3926086425781,153.49771118164062,85.07111358642578,180.32000732421875,21.438344955444336,25.003549575805664,80.52261352539062
2023-08-31,435.11898360214246,370.471296535716,152.76766007494143,85.17004570061235,180.3699951171875,21.525882720947266,25.099217482649546,80.5664905744626,433.8665771484375,371.5032653808594,154.11923217773438,85.24198150634766,180.02000427246094,21.525882720947266,25.125307083129883,80.57526397705078
2023-09-01,436.5833515582069,373.87197434790266,155.3129552190556,85.252777860271,180.8000030517578,21.744732205895513,25.06442863490682,80.58846282958984,434.6758117675781,371.1101989746094,154.109375,84.72090911865234,180.11000061035156,21.779747009277344,25.281850814819336,80.58846282958984
2023-09-05,434.23266409054196,370.30420061660834,153.5371738664645,84.47749338218074,179.3300018310547,21.919810707450964,25.360121162139055,80.6061019897461,432.79718017578125,371.5819091796875,154.47439575195312,84.2070541381836,178.63999938964844,21.884794235229492,25.412302017211914,80.6061019897461
2023-09-06,431.9879277285903,370.80540934857504,153.912038801025,84.35130765141989,178.3300018310547,21.849777385168657,25.4036072614401,80.61491424498638,429.8877258300781,368.3089904785156,152.67884826660156,83.99071502685547,177.8300018310547,21.93731689453125,25.421001434326172,80.6061019897461
2023-09-07,426.8915375451562,363.8567908141635,149.1963368931864,84.18905124552901,178.30999755859375,21.876040728853816,25.4731828533716,80.64134185879482,428.56787109375,365.675048828125,149.2949981689453,84.2791976928711,178.02000427246094,21.8935489654541,25.48187828063965,80.65015411376953
2023-09-08,428.6159849900901,365.62590082593965,148.91023982996808,84.48654318983398,178.36000061035156,21.902302092592574,25.473184122732192,80.65013855238965,429.2132873535156,366.18609619140625,148.35777282714844,84.29723358154297,178.0800018310547,21.93731689453125,25.507970809936523,80.65895080566406
2023-09-11,431.8337979292306,369.21324644388017,150.14342959898832,84.11689416301492,178.97000122070312,22.103640966763255,25.394910388560387,80.6765685904331,432.0361328125,370.5007629394531,148.46629333496094,84.1529541015625,178.41000366210938,22.06862449645996,25.386213302612305,80.65895080566406
2023-09-12,430.5909909482861,368.8299383335772,147.4008168431814,84.18001118967547,177.11000061035156,22.138658897959367,25.45579020385524,80.67656677524418,429.6661071777344,366.39251708984375,147.3514862060547,84.2701644897461,177.49000549316406,22.147411346435547,25.429698944091797,80.68537902832031
2023-09-13,429.8877204342684,366.6284042357523,147.30214605253374,84.14395422776606,177.52999877929688,22.19118087531135,25.421000797598822,80.68537781844489,430.1671142578125,367.78814697265625,148.5452117919922,84.36932373046875,177.0800018310547,22.21744155883789,25.447092056274414,80.69418334960938
2023-09-14,432.6334271290332,369.5375911776395,150.044755443106,84.43241223164016,176.5,22.366259162353437,25.542757844382496,80.72061157226562,433.8761901855469,370.7956237792969,149.3541717529297,84.17999267578125,177.1699981689453,22.401275634765625,25.603635787963867,80.72061157226562
2023-09-15,432.2935551441486,369.4589563099792,148.2097773861005,84.04479234213117,178.5500030517578,22.322490620708606,25.58624267578125,80.73823547363281,428.6487121582031,364.44647216796875,144.8357696533203,83.9185791015625,178.33999633789062,22.348752975463867,25.58624267578125,80.73823547363281
2023-09-18,428.3393267614431,363.5074482335583,143.47431997512103,83.81041577579603,178.82000732421875,22.410029519657545,25.56884854213485,80.75585967696342,428.90008544921875,364.82635498046875,145.31918334960938,83.99972534179688,179.38999938964844,22.339998245239258,25.54275894165039,80.7470474243164
2023-09-19,427.9815868766938,363.50752673963694,144.77658796734286,83.81041095852895,179.5399932861328,22.39252250997659,25.525363461353706,80.7558822631836,428.0105895996094,364.0488586425781,144.06626892089844,83.6932144165039,179.22000122070312,22.357507705688477,25.560150146484375,80.7558822631836
2023-09-20,429.2674693964477,365.11188593011985,144.67792522126794,83.92759343080728,179.33999633789062,22.234950786961303,25.52536367227366,80.7646713256836,424.0757751464844,358.8027648925781,141.69854736328125,83.6301040649414,179.35000610351562,22.173673629760742,25.603635787963867,80.7646713256836
2023-09-21,421.2333281262123,355.1216065339352,139.66624664628267,83.053156926823,177.86000061035156,22.226195819728943,25.65581724517731,80.79991119665647,417.0664367675781,352.2278747558594,138.86712646484375,83.00808715820312,178.0500030517578,22.103641510009766,25.621028900146484,80.80872344970703
2023-09-22,418.09131961695476,353.9700308914129,140.21872226310782,83.08920822338554,178.64999389648438,22.226195134006698,25.681907653808594,80.81754302978516,416.12872314453125,352.277099609375,140.05101013183594,83.33261108398438,178.6199951171875,22.12114906311035,25.681907653808594,80.81754302978516
2023-09-25,414.920205158679,351.3124427906293,139.40973122438345,82.80074946627714,178.41000366210938,22.05112021844254,25.760182024521452,80.83513671411268,417.87860107421875,353.95025634765625,141.0375518798828,82.71961975097656,177.6999969482422,22.016103744506836,25.77757453918457,80.82632446289062
2023-09-26,414.8428197503268,351.37149964651775,139.73529940658628,82.87287402830464,176.8300018310547,21.9110560702274,25.794968457311786,80.83515930175781,411.7394104003906,348.63525390625,138.8079376220703,82.69258117675781,176.27999877929688,21.98984146118164,25.855846405029297,80.83515930175781
2023-09-27,412.9092244496163,349.7869158699708,139.9424801739709,82.90891421498337,175.27000427246094,22.129904476301242,25.916722403067592,80.86160278320312,411.90374755859375,349.4522705078125,140.08059692382812,82.32295227050781,174.10000610351562,22.112396240234375,25.977602005004883,80.86160278320312
2023-09-28,411.35270706101295,348.536874378989,139.82408313244338,82.13364560865448,173.91000366210938,22.12990454721661,25.88193490674175,80.87921021556147,414.291748046875,352.3755187988281,142.3496551513672,82.54832458496094,173.22999572753906,22.08613395690918,25.838449478149414,80.88801574707031
2023-09-29,417.3372277775056,355.84996349396636,144.5595396669662,82.89088541992233,173.9199981689453,22.147410549479122,25.786271370666473,80.8968276977539,413.2863464355469,352.63140869140625,143.03038024902344,82.56635284423828,171.4499969482422,21.849777221679688,25.855846405029297,80.8968276977539
2023-10-02,412.4548865420046,352.8971481752992,143.31649827046556,82.14967950213604,170.22999572753906,21.858531865500613,25.960207337026375,80.91806894358503,413.1219787597656,355.5743408203125,144.26358032226562,81.8966064453125,169.64999389648438,21.683454513549805,26.055871963500977,80.90922546386719
2023-10-03,410.94664397430034,353.13337228482897,143.33620000484538,81.7249039200194,169.13999938964844,21.63092902947226,26.090661579046817,80.92691802978516,407.59185791015625,349.3341369628906,141.05726623535156,81.21875762939453,169.16000366210938,21.587160110473633,26.08196449279785,80.92691802978516
2023-10-04,408.0559363281981,350.17073233689933,141.9155817125841,81.47181909056954,169.2100067138672,21.34205145157972,25.99499554062001,80.92691026855508,410.5599365234375,354.0881042480469,143.25729370117188,81.73393249511719,169.13999938964844,20.98314094543457,26.003692626953125,80.93576049804688
2023-10-05,410.269877205424,354.0782930886823,143.33620465320968,81.92375805530534,168.74000549316406,20.8080631268,25.968905768996997,80.9800032245428,410.4052429199219,353.0448303222656,143.25729370117188,81.88760375976562,168.8300018310547,20.860586166381836,25.916723251342773,80.98885345458984
2023-10-06,407.9592344326086,350.0525901245861,142.69495555725354,81.1374155741659,169.1699981689453,20.9918941474579,26.01238915433309,80.99770368463689,415.27789306640625,358.9601745605469,146.35507202148438,81.4085693359375,169.6999969482422,20.93937110900879,25.86454200744629,80.98885345458984
2023-10-09,413.3830108074734,356.597960109658,144.8160238845088,82.02316326636439,171.17999267578125,21.237005013175164,25.93411852603743,80.9977035522461,417.9366455078125,360.7909240722656,145.98016357421875,82.44796752929688,172.82000732421875,21.37706756591797,25.855846405029297,80.9977035522461
2023-10-10,418.5649967058061,361.12556647967915,146.50304697027988,82.03221280176858,172.0800018310547,21.342051473763483,25.83844951387152,81.00655378227867,420.11187744140625,362.7889709472656,147.7855682373047,82.28528594970703,172.52999877929688,21.32454490661621,25.794965744018555,80.9977035522461
2023-10-11,421.17537943505704,364.1177707543256,148.61426407829376,82.61065369403778,173.60000610351562,21.245758810834808,25.777571572557573,81.00653738188039,421.8327941894531,365.37762451171875,149.38377380371094,82.73719024658203,173.7899932861328,21.201988220214844,25.794965744018555,81.015380859375
2023-10-12,422.44187816631086,365.8795378416843,149.79814843240962,82.55642042118761,174.05999755859375,21.28952711689571,25.881935259414504,81.0508041381836,419.2611083984375,364.10784912109375,150.14344787597656,81.94181823730469,173.25999450683594,21.193233489990234,26.012388229370117,81.0508041381836
2023-10-13,420.75965970754623,364.7378190364302,150.37032412779138,82.5383577770832,176.88999938964844,21.56089936809317,26.012389076660842,81.05963884498192,417.1728515625,359.53106689453125,146.38465881347656,82.46604919433594,178.8300018310547,21.75348663330078,26.029783248901367,81.06848907470703
2023-10-16,419.4158131019472,360.85000143865125,146.55238620915452,81.98700660423326,177.83999633789062,21.709715198019914,25.9776028552727,81.08618177258354,421.5621032714844,363.5960998535156,148.07167053222656,81.97796630859375,177.9600067138672,21.683454513549805,25.916723251342773,81.07733154296875
2023-10-17,418.4393454760135,360.05278192643203,144.6187384352215,81.2548947001412,178.3699951171875,21.639684155038918,25.986298707233168,81.08617401123047,421.5427551269531,362.4051818847656,146.3254852294922,81.17354583740234,178.2899932861328,21.744731903076172,25.9254207611084,81.08617401123047
2023-10-18,419.77349041439385,359.9149426875973,143.47434248218786,80.94761115248092,180.88999938964844,21.902302092592574,25.986297395221076,81.09503936767578,415.9256286621094,357.651123046875,143.3954315185547,80.79396057128906,180.8699951171875,21.93731689453125,26.021085739135742,81.09503936767578
2023-10-19,416.64111990263626,359.06847962452343,145.26986805629178,80.56799428385492,181.0399932861328,21.84977733443347,25.99499473086464,81.13044738769531,412.27117919921875,354.3046569824219,142.41873168945312,80.3962631225586,183.08999633789062,22.164918899536133,25.942813873291016,81.13044738769531
2023-10-20,411.83610400929126,353.80263100200693,142.28058844536335,80.68546243057116,183.42999267578125,22.121150266339093,25.951509475708008,81.14811706542969,407.20513916015625,349.0191345214844,140.18910217285156,80.8662338256836,183.58999633789062,21.998594284057617,25.951509475708008,81.14811706542969
2023-10-23,405.67760643648245,347.70025266627835,139.24203017780704,80.5770126357483,183.50999450683594,21.963577782716886,25.95151124810074,81.1658250226061,406.4993896484375,350.07232666015625,140.68240356445312,81.245849609375,182.97000122070312,21.858530044555664,25.82105827331543,81.15697479248047
2023-10-24,408.61670687631084,351.88334538295214,141.0770148406976,81.18258700130671,182.07000732421875,21.744733354196356,25.916723883660516,81.17466836950031,409.5641784667969,353.47784423828125,142.32994079589844,81.39047241210938,182.9499969482422,21.62217903137207,25.96890640258789,81.16582489013672
2023-10-25,407.88192884542195,351.08609066287613,140.8796848339221,80.96564943081191,183.4199981689453,21.692209165984103,26.038480758666992,81.18350995817305,403.6860046386719,344.826171875,136.81507873535156,80.67642211914062,183.72000122070312,21.779747009277344,26.038480758666992,81.1746597290039
2023-10-26,402.6225515026816,343.6253716602287,137.22945670394904,80.75780183117223,183.39999389648438,21.587160722714792,26.081963433189195,81.21890271925044,398.8520202636719,338.2513122558594,135.61151123046875,81.29106903076172,184.00999450683594,21.595914840698242,26.09935760498047,81.21005249023438
2023-10-27,400.43762562519,340.9776731493146,137.17025234888578,81.2277900690435,183.75999450683594,21.727223449587473,26.047176960133474,81.22775930424184,397.0441589355469,339.87530517578125,136.4500732421875,81.41759490966797,186.14999389648438,21.884794235229492,26.0645694732666,81.23660278320312
2023-10-30,399.8284803456642,342.3556989748793,136.54874300313344,81.01991727726329,185.5399932861328,21.72722496009553,26.021086838445296,81.23661790829208,401.79107666015625,343.70416259765625,136.10479736328125,81.14645385742188,185.10000610351562,21.534639358520508,25.960208892822266,81.24546813964844
2023-10-31,402.361504611754,343.7336964353076,136.10478933545642,81.19162663176807,185.0800018310547,21.543392019584353,26.04717759388776,81.24546813964844,404.314453125,345.3478698730469,137.0814666748047,80.97470092773438,184.08999633789062,21.455852508544922,26.11675262451172,81.24546813964844
2023-11-01,405.28123407598383,346.18454949199486,137.3281090975007,81.20946615755582,183.91000366210938,21.66594663929822,26.203718680485768,81.27035522460938,408.6263427734375,351.3420715332031,140.4949493408203,81.90736389160156,183.50999450683594,21.490867614746094,26.12544822692871,81.27035522460938
2023-11-02,412.41622487157895,355.84997109811536,143.66177414869793,82.53272545307398,184.1300048828125,21.49086755632288,25.95151324918791,81.29700469970703,416.45745849609375,357.7200622558594,144.1353302001953,82.41490173339844,184.1199951171875,21.718469619750977,25.994997024536133,81.29700469970703
2023-11-03,418.7584345746445,359.0094151473788,145.6052868578077,83.42098662952733,184.47999572753906,21.61342368915438,25.78627060398362,81.30587768554688,420.2569580078125,361.9228210449219,147.4994659423828,83.04937744140625,184.7899932861328,21.60466957092285,25.751483917236328,81.30587768554688
2023-11-06,421.01102787683624,362.6905918342425,147.73622524110058,82.74117945318399,184.13999938964844,21.77974517233593,25.73409076432725,81.32367092049827,421.2237243652344,363.3992614746094,147.93353271484375,82.5689697265625,183.35000610351562,21.69220733642578,25.77757453918457,81.31478118896484
2023-11-07,421.223666855701,364.44257180716573,147.64744556165988,82.83181842114651,182.25,21.36831497363374,25.890633265884986,81.33255767822266,422.4224853515625,366.8343505859375,148.86090087890625,83.040283203125,182.58999633789062,21.228252410888672,25.86454200744629,81.33255767822266
2023-11-08,423.0219303160148,367.2082765996101,149.33444024274183,83.05841782575841,182.00999450683594,21.14071235349652,25.908028924901163,81.35032802441022,422.7319030761719,367.07049560546875,149.3936309814453,83.37564086914062,180.77000427246094,20.99189567565918,25.855846405029297,81.34143829345703
2023-11-09,423.8727442351021,367.7595181376134,150.9030709993982,83.23060875934573,180.97999572753906,21.000648265478965,25.864543023532775,81.3769745285971,419.4351501464844,364.2456970214844,149.1272735595703,82.55084228515625,181.49000549316406,20.93937110900879,25.96890640258789,81.3858642578125
2023-11-10,421.5041020397778,365.96820760826813,151.1891874723866,82.89528083736074,180.50999450683594,21.01815598154745,25.951509475708008,81.39476776123047,425.9803466796875,372.434814453125,155.1649932861328,82.6415023803711,179.50999450683594,21.044418334960938,25.951509475708008,81.39476776123047
2023-11-13,424.64616313137293,370.85991188861345,154.1981602426158,82.32427364010056,179.39999389648438,21.026911254420234,25.96020868272129,81.40365600585938,425.57427978515625,371.2732849121094,154.2178955078125,82.59617614746094,180.50999450683594,21.350805282592773,25.916723251342773,81.40365600585938
2023-11-14,431.50073527138204,377.6710039696422,157.7398765981804,83.77444601139507,181.6999969482422,21.394573655765385,25.6645150493551,81.41253662109375,433.8307189941406,379.2655029296875,158.92373657226562,83.837890625,182.1199951171875,21.31578826904297,25.507970809936523,81.41253662109375
2023-11-15,435.16489156652574,381.15534626237616,160.04841754771076,83.43002258012537,182.02999877929688,21.1844819624899,25.58624161585503,81.43919605945258,434.7491760253906,379.5509948730469,159.04214477539062,83.185302734375,181.63999938964844,21.17572784423828,25.603635787963867,81.43031311035156
2023-11-16,434.30447059030485,378.78324741297644,158.47979905799653,83.67475236336905,182.85000610351562,20.91310981321068,25.586242213915252,81.4658432006836,435.28094482421875,379.87579345703125,159.63406372070312,83.81070709228516,183.69000244140625,20.668001174926758,25.621028900146484,81.4658432006836
2023-11-17,435.29066217211755,379.1473710700725,159.01252764600662,83.91039469915118,183.9600067138672,20.76429390691496,25.56015039644854,81.47476047620171,435.8224182128906,379.9643249511719,160.38385009765625,83.86507415771484,183.6699981689453,20.965635299682617,25.48187828063965,81.48365020751953
2023-11-20,435.57099160312566,379.9742034582197,160.6008838817857,83.69286213342158,182.32000732421875,21.14946701063489,25.43839475940765,81.49253993883735,439.1771545410156,384.59039306640625,162.68251037597656,83.98290252685547,183.3699951171875,21.228252410888672,25.403606414794922,81.48365020751953
2023-11-21,438.13302355551457,382.8876193000648,161.4887820285361,84.08258642642652,185.57000732421875,21.245759202522834,25.342729737013304,81.51918941252396,438.22003173828125,382.3561096191406,160.28518676757812,84.0916519165039,185.35000610351562,21.350805282592773,25.429698944091797,81.51029968261719
2023-11-22,439.87321460582723,384.4230645764553,161.0645649420593,84.21854715142902,185.47000122070312,20.869337900244066,25.5514530975346,81.55475765158364,439.911865234375,383.92108154296875,159.9398956298828,84.06446838378906,184.55999755859375,21.16697120666504,25.516666412353516,81.54586791992188
2023-11-24,439.9602117787139,383.51751122375975,160.0582881093131,83.70192751769959,185.47000122070312,21.10569617498085,25.44709184556083,81.55474853515625,440.18255615234375,383.3797302246094,159.58473205566406,83.6294174194336,185.52000427246094,21.02691078186035,25.403606414794922,81.55474853515625
2023-11-27,439.55420100976517,382.887680528046,159.05199846703132,83.88323297624673,186.55999755859375,20.956877811725754,25.394910601002625,81.56363677978516,439.3898620605469,383.045166015625,159.486083984375,84.26390075683594,186.77000427246094,20.8868465423584,25.351425170898438,81.56363677978516
2023-11-28,439.00310690168646,382.29705727580426,158.69682963525415,84.1641581615558,187.89999389648438,20.9918941635707,25.307943135724013,81.58140563964844,439.82489013671875,384.0490417480469,158.56857299804688,84.63545989990234,189.25999450683594,21.140710830688477,25.26445770263672,81.58140563964844
2023-11-29,441.9711138199376,386.5096965719259,160.61076419577083,84.94362752404032,189.16000366210938,21.219496617221214,25.281851238186867,81.5903091430664,439.51544189453125,383.6750183105469,160.02870178222656,85.07958221435547,189.5399932861328,21.289527893066406,25.29054832458496,81.5903091430664
2023-11-30,440.35665713551293,383.9407456818497,160.65020975441823,84.7623819741792,188.88999938964844,21.359560077643394,25.4210020656172,81.6258544921875,441.24609375,382.7104187011719,158.3219451904297,84.66268920898438,188.75,20.930618286132812,25.47318458557129,81.6258544921875
2023-12-01,440.6370255353667,381.6474735109709,157.84840190397256,84.64357764592954,188.80999755859375,20.96563398697662,25.490577356338076,81.65175355862085,443.8564758300781,383.8030090332031,158.9632110595703,85.46147918701172,192.00999450683594,20.83432388305664,25.394912719726562,81.64282989501953
2023-12-04,440.4726232624604,380.01353822930184,157.10850209488817,85.13432552481578,189.60000610351562,20.67675498391462,25.525364982938505,81.65175355862085,441.52642822265625,380.23992919921875,156.6448211669922,85.10706329345703,187.86000061035156,20.69426155090332,25.507970809936523,81.64282989501953
2023-12-05,440.14391844231596,378.34037966512943,155.40177030597627,85.47057086436321,187.5500030517578,20.69426085207788,25.542757844382496,81.66961315363264,441.4394226074219,381.1947326660156,156.6448211669922,85.70684814453125,187.14999389648438,20.51042938232422,25.603635787963867,81.66068267822266
2023-12-06,443.57603770145914,384.12777611720855,158.50938866743374,85.89769896914044,188.32000732421875,20.326597361540784,25.5688482508073,81.66961669921875,439.6605224609375,378.98992919921875,155.38201904296875,86.061279296875,187.83999633789062,20.011457443237305,25.664514541625977,81.66961669921875
2023-12-07,441.7391409339485,381.96240485355264,156.73360120869688,85.8795117994205,188.4499969482422,20.10774779713894,25.57754286890907,81.70532989501953,443.01531982421875,384.2852478027344,158.93362426757812,85.93403625488281,188.14999389648438,20.046470642089844,25.525362014770508,81.70532989501953
2023-12-08,442.270939116598,382.5529483580109,158.67709846804397,85.45239598314998,185.92999267578125,20.169026786499433,25.664514331435015,81.72317504882812,444.91998291015625,385.99786376953125,160.2950439453125,85.37969207763672,185.63999938964844,20.134010314941406,25.621028900146484,81.72317504882812
2023-12-11,444.42680041904015,385.5746580939018,161.3309280154029,85.19794375392036,184.5,20.011457062101726,25.67321120423114,81.74103546142578,446.6504211425781,389.295166015625,164.14260864257812,85.38878631591797,183.58999633789062,20.063980102539062,25.65581703186035,81.74103546142578
2023-12-12,446.30240990232363,389.33446950101325,163.3533647758533,85.37969950928964,183.83999633789062,19.84513075524108,25.621029362640428,81.74995912401958,448.6903991699219,392.3955383300781,165.87893676757812,85.57054901123047,183.49000549316406,19.757591247558594,25.58624267578125,81.74103546142578
2023-12-13,449.0674408996175,393.3305592665899,166.04663320144988,85.82499988101662,183.82000732421875,19.78385355414231,25.568848199192583,81.74996185302734,454.8778991699219,397.3857116699219,167.83229064941406,86.84282684326172,187.6300048828125,19.985193252563477,25.368820190429688,81.74996185302734
2023-12-14,456.8114895469167,398.6062319416691,169.3121386975508,87.29126939891111,188.86000061035156,20.23905685919492,25.212274799965634,81.78565979003906,456.3377685546875,397.041259765625,170.93008422851562,87.56471252441406,188.72999572753906,20.317840576171875,25.134002685546875,81.78565979003906
2023-12-15,455.7417439978948,397.81888515217855,171.55161206636745,87.40063776228934,188.52000427246094,20.317841119305054,25.247063070473796,81.80353056154057,455.58642578125,398.96063232421875,171.7390594482422,87.49178314208984,187.0,20.35285758972168,25.299243927001953,81.81245422363281
2023-12-18,457.1881393985243,399.35309710444824,172.2581306630571,87.32772744277452,187.5,20.60909402816036,25.27703882610527,81.82231903076172,458.1491394042969,401.4734802246094,172.03977966308594,87.30038452148438,187.85000610351562,20.498884201049805,25.295543670654297,81.82231903076172
2023-12-19,458.69273602664884,401.92718799546697,171.9008474082396,87.44622835349105,188.22999572753906,20.452964729417566,25.23077901910033,81.83129072524414,460.9350891113281,403.5248718261719,172.61544799804688,87.4644546508789,189.1300048828125,20.655014038085938,25.18451690673828,81.82231903076172
2023-12-20,460.0808576886502,402.7260026011045,171.55347822637253,87.66497819104895,188.69000244140625,20.71930411232746,25.212273634902775,81.84025573730469,454.54779052734375,397.528564453125,167.81175231933594,87.8928451538086,188.10000610351562,20.416229248046875,25.295543670654297,81.84025573730469
2023-12-21,457.5278509164755,401.4538395044679,171.05722551454866,88.08426305495837,189.2100067138672,20.36112355063506,25.147508369274536,81.88511704955619,458.8577575683594,402.154052734375,171.96038818359375,87.75613403320312,189.42999267578125,20.452964782714844,25.129003524780273,81.89408874511719
2023-12-22,459.98374941589714,403.36704094129067,172.79411171639558,87.92018841479829,191.60000610351562,20.56317453062377,25.082743052478666,81.89408843156333,459.7799072265625,402.7555847167969,171.98025512695312,87.6740951538086,190.27000427246094,20.416229248046875,25.1197509765625,81.9030532836914
2023-12-26,460.18765521976536,403.61363564115584,172.476487540145,87.6376296359574,190.97000122070312,20.397858847304413,25.091996769988217,81.9209976196289,461.72137451171875,405.22119140625,174.35231018066406,87.72877502441406,191.72000122070312,20.61827850341797,25.064239501953125,81.9209976196289
2023-12-27,461.5175089754055,405.5034441047349,175.02720826775013,88.10246548508582,191.77000427246094,20.65501443541393,25.017979589789164,81.9209976196289,462.5561828613281,406.046142578125,174.54087829589844,88.41236114501953,192.58999633789062,20.526437759399414,24.934709548950195,81.9209976196289
2023-12-28,462.9153955785237,407.20059203535254,175.2951773098309,88.23008909409118,192.33999633789062,20.480516834608938,24.962462230102812,81.96582841576502,462.73095703125,405.8487243652344,174.50119018554688,88.07513427734375,191.47000122070312,20.351940155029297,25.017976760864258,81.97480010986328
2023-12-29,462.5367960308314,405.8289987195395,174.6997021849666,87.81990185069434,190.99000549316406,20.38867691771545,25.054987079274763,81.98377180396155,461.391357421875,404.0923156738281,173.55831909179688,87.85636138916016,191.1699981689453,20.241731643676758,25.064239501953125,81.97480010986328
2024-01-02,458.3335624378489,400.461137079369,171.05722751868723,87.4462000171793,191.44000244140625,20.33357127860641,25.2492830723909,81.9837875366211,458.8092041015625,397.25421142578125,167.70257568359375,87.52822875976562,190.72000122070312,20.076417922973633,25.27703857421875,81.9837875366211
2024-01-03,456.6542463475319,394.62945935762554,165.10223691437562,87.14544426948011,188.77000427246094,20.195809509276533,25.3695620233742,81.99276749047978,455.0622863769531,393.0506591796875,164.72508239746094,87.73789978027344,189.1300048828125,20.33357048034668,25.360309600830078,82.01070404052734
2024-01-04,454.5865557790852,391.1857455865472,163.0477451479712,87.2183527697864,189.0800018310547,20.29683651637702,25.3695620233742,82.03761291503906,453.596435546875,391.0278625488281,163.75242614746094,87.20923614501953,189.32000732421875,20.223363876342773,25.360309600830078,82.03761291503906
2024-01-05,453.8003122508208,391.19559581132245,164.2387534913077,86.8902359008789,189.67999267578125,20.333570895168503,25.37881444591832,82.05554914962272,454.2177429199219,391.4916076660156,164.83425903320312,86.8902359008789,189.35000610351562,20.324386596679688,25.360309600830078,82.04657745361328
2024-01-08,454.71281340697016,392.7151704947561,166.14434216989625,86.9449164396219,187.2100067138672,19.929472814614247,25.33255184710388,82.0555419921875,460.7021484375,399.58294677734375,170.67015075683594,87.18190002441406,187.8699951171875,20.03049659729004,25.314048767089844,82.0555419921875
2024-01-09,458.05202403896755,396.58324247290847,169.25087102445704,87.06338056115644,188.67999267578125,20.168256345131706,25.34180525733764,82.07349348641156,460.003173828125,400.3723449707031,171.12669372558594,87.14541625976562,187.92999267578125,20.177440643310547,25.397319793701172,82.06452178955078
2024-01-10,460.27499186871785,400.68799909803846,171.7519677195094,87.30952176987316,188.13999938964844,20.278466988044087,25.388066742605318,82.08245849609375,462.6047058105469,403.0857849121094,171.28549194335938,87.00873565673828,187.5,20.03968048095703,25.351057052612305,82.08245849609375
2024-01-11,463.60455806414546,404.35873128129447,171.97033010647056,87.13632616518078,188.02000427246094,20.269281457164062,25.397319416817716,82.12730407714844,462.40087890625,403.924560546875,172.25814819335938,87.47357177734375,187.8699951171875,20.18662452697754,25.36956214904785,82.12730407714844
2024-01-12,463.847256832393,404.96072984474205,172.44671224040758,87.71055603027344,190.6699981689453,20.480517332098216,25.351057680064898,82.13625383108322,462.7212219238281,404.1318664550781,171.6527099609375,87.71055603027344,189.7100067138672,20.260099411010742,25.397319793701172,82.14522552490234
2024-01-16,461.3427529504032,402.8983611364545,171.9901687821739,87.3550751757311,189.14999389648438,20.351939455432525,25.563856880488085,82.15420532226562,461.02239990234375,404.0923156738281,174.38209533691406,86.99960327148438,187.91000366210938,20.085601806640625,25.61937141418457,82.15420532226562
2024-01-17,458.00353981867966,400.7867328397497,173.17122886703498,86.74439156724222,187.30999755859375,19.957022720161078,25.674884292560172,82.16317796264855,458.45977783203125,401.81292724609375,173.3300323486328,86.71704864501953,185.83999633789062,20.058048248291016,25.637874603271484,82.17214965820312
2024-01-18,460.12938495584103,405.0790927808669,178.3223206802502,86.68059790204671,186.36000061035156,20.058047858565494,25.6748827623469,82.19905137644666,462.5367431640625,407.516357421875,178.95751953125,86.52565002441406,187.3699951171875,20.18662452697754,25.665630340576172,82.20802307128906
2024-01-19,463.66277131466796,409.71677910237185,181.0219065309838,86.38889086208808,188.25999450683594,20.260098982005335,25.665631886996078,82.21697998046875,468.30279541015625,415.5977783203125,185.77597045898438,86.53472900390625,187.92999267578125,20.149890899658203,25.628623962402344,82.21697998046875
2024-01-22,469.8366288012055,417.79822938691245,187.39374390207826,86.8446414783278,187.22999572753906,20.103969328794662,25.61937152334626,82.2259521484375,469.29302978515625,416.1405029296875,186.6394500732422,86.799072265625,187.22000122070312,20.232547760009766,25.637874603271484,82.2259521484375
2024-01-23,469.836566173897,416.831207947934,186.60969019481144,86.58944652070608,187.4499969482422,20.250913134596924,25.674885172877666,82.23494720458984,470.6616516113281,417.8673095703125,187.59225463867188,86.58032989501953,187.9499969482422,20.342754364013672,25.7026424407959,82.23494720458984
2024-01-24,473.525295727068,421.77483440398146,189.77576027891303,86.89932640466189,188.3300018310547,20.471334133863248,25.508344236854697,82.2439193725586,471.1761779785156,420.1861572265625,190.9270477294922,86.33422088623047,186.39999389648438,20.517253875732422,25.628623962402344,82.2439193725586
2024-01-25,473.30196574868353,422.68264997969175,194.33132753018202,86.63501175471906,187.33999633789062,20.62746221859095,25.647127904959437,82.28874206542969,473.7388000488281,420.6993103027344,190.9270477294922,86.70792388916016,187.13999938964844,20.673383712768555,25.7026424407959,82.28874206542969
2024-01-26,473.3117152908374,418.8145565309628,187.74114223837088,86.63499895764163,187.27000427246094,20.581541987885934,25.665632750238256,82.29774475097656,473.1369934082031,418.1929016113281,186.85781860351562,86.55296325683594,187.00999450683594,20.76522445678711,25.7026424407959,82.29774475097656
2024-01-29,473.4475958586122,418.6468527875806,187.30443079613488,86.81727709676976,188.30999755859375,20.6641975774971,25.767407634552594,82.30670166015625,476.8839111328125,422.4754333496094,189.0512237548828,87.0724868774414,188.3300018310547,20.59072494506836,25.7026424407959,82.30670166015625
2024-01-30,476.1947836172532,421.43933884792625,188.68400263774345,87.21836770530918,189.6999969482422,20.590726040602735,25.68413734436035,82.31566619873047,476.51513671875,419.6631774902344,187.17539978027344,87.19102478027344,188.58999633789062,20.728487014770508,25.68413734436035,82.31566619873047
2024-01-31,474.31155855924624,415.2721531538391,184.3368502948136,87.58292809207133,189.3699951171875,20.682568167806433,25.63787406636568,82.33360243247476,468.7396545410156,411.4435729980469,184.47579956054688,87.92017364501953,188.4499969482422,20.50806999206543,25.7489013671875,82.32463073730469
2024-02-01,470.43839078044346,413.2395011756799,185.32934470221767,88.26372113412839,189.7100067138672,20.49888593012032,25.730396952139326,82.3660659790039,474.87457275390625,416.2885437011719,186.16305541992188,88.46473693847656,190.41000366210938,20.260099411010742,25.61937141418457,82.3660659790039
2024-02-02,475.311459671469,418.1830657905494,186.80819283199637,87.47795106299156,188.07000732421875,20.05804949350664,25.79516105153908,82.38410949707031,479.87384033203125,423.32403564453125,189.7856903076172,87.31348419189453,188.61000061035156,20.03049659729004,25.850675582885742,82.38410949707031
2024-02-05,479.24278207992484,423.3832317302422,192.08827401493625,86.71043362202803,186.8800048828125,20.012129675350415,25.96170272406262,82.39311418346092,478.1264343261719,422.7714538574219,193.48770141601562,86.46372985839844,187.57000732421875,20.1131534576416,25.989459991455078,82.38410949707031
2024-02-06,479.0680669349689,423.9160989320108,194.38095379681812,86.56425055429585,187.94000244140625,20.15907338473252,25.998711547745533,82.4021224975586,479.5146179199219,421.9228820800781,191.29428100585938,86.92973327636719,188.5500030517578,20.18662452697754,25.915441513061523,82.4021224975586
2024-02-07,481.75695184930976,424.7054500501672,192.24707531236004,86.7743911743164,188.4499969482422,20.177441645087494,25.9061906211617,82.4201214815195,483.5139465332031,426.2644958496094,195.1551055908203,86.7743911743164,188.5,20.278467178344727,25.887685775756836,82.4111099243164
2024-02-08,483.51398020972,426.382944683857,196.08804830175168,86.5825188298803,187.91000366210938,20.287652060881037,25.961701859121934,82.45618638860022,483.7275390625,427.053955078125,197.93408203125,86.49114990234375,188.3300018310547,20.3886775970459,25.915441513061523,82.44718170166016
2024-02-09,484.2322563033971,428.1887404371573,199.64117855047905,86.28098021802936,187.55999755859375,20.42541230191412,25.924695592216437,82.4561538696289,486.5231628417969,431.25750732421875,202.32093811035156,86.33580017089844,187.60000610351562,20.44378089904785,25.89693832397461,82.4561538696289
2024-02-12,486.49406987855394,431.14892949261775,202.66831360491165,86.40892131779901,186.60000610351562,20.40704329081205,25.933946483480188,82.47418212890625,486.30963134765625,429.57012939453125,201.536865234375,86.41806030273438,187.11000061035156,20.452964782714844,25.924694061279297,82.47418212890625
2024-02-13,480.04846760997253,421.6169602202019,195.6910410906544,85.77843674666755,185.35000610351562,20.38867627015537,26.072729723260785,82.47418212890625,479.61163330078125,422.8701171875,197.80506896972656,85.46778106689453,184.52999877929688,20.33357048034668,26.12824249267578,82.47418212890625
2024-02-14,482.2423403647749,425.5442569952469,200.48481833072154,85.55917945263961,184.27000427246094,20.361124936954717,26.128242005131654,82.49219512939453,483.97021484375,427.478271484375,201.7750701904297,85.78760528564453,184.4199981689453,20.14070701599121,26.081981658935547,82.49219512939453
2024-02-15,484.6690979139186,428.1689524677369,203.0653177732186,86.16220334074761,185.60000610351562,20.15907338473252,26.007962801108963,82.54628115225735,487.3094482421875,428.7511291503906,201.10015869140625,86.025146484375,185.66000366210938,20.18662452697754,25.980205535888672,82.53726959228516
2024-02-16,487.0085316428908,429.12612415809764,202.7973283889866,85.52263292982265,185.0800018310547,20.159075121483653,26.072730028913313,82.54627027839913,484.8826599121094,424.8633728027344,200.23667907714844,85.65055084228516,186.33999633789062,20.232547760009766,25.989459991455078,82.5552749633789
2024-02-20,483.14507545774694,422.87014237875525,198.76779112578586,85.82413238972612,187.9600067138672,20.223362873241925,25.906189451878987,82.5732892067424,482.21319580078125,421.6564636230469,196.2964630126953,85.79672241210938,187.47000122070312,20.122337341308594,25.952449798583984,82.56427764892578
2024-02-21,480.9124325062878,418.9231370059664,194.17252610021418,85.86070917942698,187.8800048828125,20.204994201660156,25.943198905681076,82.57330322265625,482.6499938964844,419.9690856933594,195.03599548339844,85.52263641357422,187.47999572753906,20.204994201660156,25.924694061279297,82.57330322265625
2024-02-22,489.250850130992,428.73137801666724,205.62595886148344,85.49521982931292,187.55999755859375,20.13152272830786,25.961701985363764,82.60934248243959,492.6386413574219,432.2639465332031,208.35533142089844,85.53176879882812,187.55999755859375,20.260099411010742,25.924694061279297,82.61834716796875
2024-02-23,494.35685563775104,433.8230462005295,210.4395861392079,85.55916181853387,187.55999755859375,20.04886635332148,25.915441890842516,82.61833066658606,492.97845458984375,430.9910888671875,207.05516052246094,85.92464447021484,188.6199951171875,19.966209411621094,25.943199157714844,82.6273422241211
2024-02-26,493.4152350521733,431.80017024641353,209.0203110478036,85.9337792711945,187.7899932861328,20.03049676676861,25.89693832397461,82.63635378165613,491.1728820800781,430.7640686035156,208.77218627929688,85.79672241210938,188.1999969482422,20.149890899658203,25.89693832397461,82.6273422241211
2024-02-27,491.86214231163,431.8692503640229,209.42722623827538,85.66882498120236,188.5800018310547,20.232546196497342,25.915441513061523,82.6453628540039,492.08538818359375,431.8001708984375,208.16676330566406,85.60486602783203,188.0,20.306018829345703,25.915441513061523,82.6453628540039
2024-02-28,490.5322390639573,429.65889008544724,206.052744843872,85.70535663879865,188.33999633789062,20.287652217406997,25.952449689269667,82.6543960571289,491.4350280761719,429.5010070800781,205.854248046875,85.9155044555664,188.33999633789062,20.223363876342773,25.93394660949707,82.6543960571289
2024-02-29,493.19203416880555,432.4218263244893,208.22631668319755,85.97947968065816,189.63999938964844,20.14989057637291,25.90618995399684,82.69041442871094,493.20172119140625,433.1816101074219,210.3601837158203,86.08912658691406,189.30999755859375,20.195810317993164,25.989459991455078,82.69041442871094
2024-03-01,494.0753617325155,434.06966686859715,212.5138998603408,85.97825323185069,190.27000427246094,20.260097752641588,26.007964349031166,82.7039883045565,497.8320007324219,439.7039794921875,218.8857421875,86.48212432861328,192.88999938964844,20.29683494567871,25.943199157714844,82.71302795410156
2024-03-04,497.03610351614157,439.7039937666643,222.3197973683985,86.188967293926,194.14999389648438,20.434596675776113,25.943199157714844,82.72208404541016,497.29815673828125,438.13507080078125,222.40911865234375,86.28974151611328,196.00999450683594,20.36112403869629,25.943199157714844,82.72208404541016
2024-03-05,495.2984852488147,435.0959254018696,220.69209771490156,86.72948729395715,197.44000244140625,20.315204031701303,25.933946357373323,82.73113059649448,492.3280944824219,430.2707214355469,219.00485229492188,86.82109832763672,197.19000244140625,20.204994201660156,25.915441513061523,82.72208404541016
2024-03-06,495.59937641592427,434.48414693490355,223.44132579753185,86.97684172541393,198.0800018310547,20.37949222077691,25.85992953533597,82.74921299001544,494.82281494140625,432.97442626953125,224.6521759033203,87.03180694580078,198.80999755859375,20.37030792236328,25.822919845581055,82.74017333984375
2024-03-07,498.11356939849594,436.55630255352224,228.0068147422056,87.20587311322298,199.5399932861328,20.35194049191988,25.776659931206652,82.7853755893701,499.7346496582031,439.546142578125,232.41351318359375,87.17839050292969,199.94000244140625,20.425413131713867,25.693389892578125,82.77632904052734
2024-03-08,500.36563844693006,439.9013398799173,235.15281024546758,87.3249710282745,200.88999938964844,20.388676934498413,25.637875482320027,82.78538513183594,496.7351379394531,433.2013244628906,223.30238342285156,87.24252319335938,201.6300048828125,20.36112403869629,25.7026424407959,82.78538513183594
2024-03-11,495.53145243574386,431.71142232671815,220.4737359919475,87.2700113038833,201.7100067138672,20.342756770650315,25.71189319139556,82.80348014384447,496.3080139160156,431.593017578125,219.3224334716797,87.1325912475586,202.0,20.53562355041504,25.730396270751953,82.79443359375
2024-03-12,498.41443934118087,433.901940644511,222.86567985993835,86.88522188133682,200.4199981689453,20.471333886833484,25.767406211444314,82.81250954233397,501.6469421386719,437.77984619140625,226.26002502441406,86.7752914428711,199.7899932861328,20.48051643371582,25.7489013671875,82.8215560913086
2024-03-13,501.9672573875113,436.78325473745014,224.17575519082328,86.64704468615629,200.44000244140625,20.61827918235651,25.730398052561263,82.8306026402832,500.8606262207031,434.4150695800781,221.78384399414062,86.58291625976562,201.19000244140625,20.76522445678711,25.721145629882812,82.8215560913086
2024-03-14,501.83132111592977,435.64850056359603,221.10894715227045,86.26229194890156,200.3699951171875,20.77440950782887,25.776658098395778,82.85774230957031,499.8705139160156,433.3197937011719,217.81385803222656,85.94164276123047,200.35000610351562,20.829513549804688,25.859928131103516,82.85774230957031
2024-03-15,496.80813351794416,430.2904743925129,215.3127505475806,85.87749941587153,199.94000244140625,20.801959090003898,25.896938198459267,82.87582397460938,496.4381103515625,428.1689758300781,216.20599365234375,85.79505157470703,199.7100067138672,20.902984619140625,25.887685775756836,82.87582397460938
2024-03-18,500.4985887866016,433.4876884393745,220.50352105038152,85.76754362208077,199.66000366210938,21.040745952059865,25.896937046260966,82.88488006591797,499.3885192871094,432.25262451171875,216.6427001953125,85.69425201416016,200.02999877929688,21.095849990844727,25.943199157714844,82.88488006591797
2024-03-19,498.6972103635703,430.2468145521752,214.1019056106808,85.86835810841131,199.6199951171875,21.077483560304486,26.017217510444254,82.89392281048987,502.1636962890625,433.32952880859375,216.1663055419922,85.94164276123047,199.8000030517578,21.086666107177734,26.007965087890625,82.90296936035156
2024-03-20,502.22213711517423,434.5250931534227,217.2084417846082,86.03322752754353,199.16000366210938,20.93971966866902,26.081983123069527,82.90297817193881,506.8083801269531,438.4674072265625,219.630126953125,86.14315795898438,202.17999267578125,21.03156089782715,25.887685775756836,82.91201782226562
2024-03-21,509.64192900671355,443.51637126483735,226.86544976806698,86.30807558517672,203.8800048828125,21.03156229854915,25.98020652837707,82.93914794921875,508.4831848144531,440.5423278808594,224.6124725341797,86.15233612060547,201.97000122070312,21.004011154174805,26.0634765625,82.93914794921875
2024-03-22,508.3955498176283,440.02851230460703,223.90778848927945,86.62869568003548,201.32000732421875,20.96727503915628,26.146748199823282,82.94817352294922,507.51922607421875,441.04620361328125,225.93247985839844,86.57373046875,200.35000610351562,20.857065200805664,26.202260971069336,82.94817352294922
2024-03-25,506.14624650613894,438.2500541325225,223.53064482428073,86.49130982460963,201.19000244140625,20.93971966866902,26.137495040893555,82.97531772517482,506.1170654296875,439.44561767578125,225.37669372558594,86.3447265625,200.99000549316406,21.03156089782715,26.137495040893555,82.96627807617188
2024-03-26,507.5386980888141,440.96713872520985,227.08378972623052,86.31723722281924,202.64999389648438,21.03156296284374,26.109738024882834,82.97533416748047,505.1822814941406,438.02276611328125,223.2825164794922,86.47297668457031,201.63999938964844,20.866249084472656,26.1560001373291,82.97533416748047
2024-03-27,508.00612262936903,441.10545662114936,224.890370463862,86.57374906917362,202.32000732421875,20.765224381604995,26.183753983600894,83.02055549998315,509.427734375,439.5146789550781,223.203125,86.80278015136719,203.10000610351562,20.847881317138672,26.174503326416016,83.02960205078125
2024-03-28,509.46668962011773,439.46534778476365,222.6274761432897,86.6103994725708,204.5399932861328,20.930537874490145,26.202259693760396,83.02960205078125,509.3303527832031,438.7045593261719,223.30238342285156,86.7203369140625,205.72000122070312,21.095849990844727,26.24852180480957,83.02960205078125
2024-04-01,510.07042079723595,439.65308146497904,223.80855481583015,86.35831760942366,208.67999267578125,21.178506022476064,26.257773559263274,83.05230712890625,508.4442443847656,439.6333312988281,226.23025512695312,85.9356689453125,207.82000732421875,21.196874618530273,26.350296020507812,83.05230712890625
2024-04-02,504.627181070464,434.8215114618378,222.5679259751035,85.54976951595098,209.07000732421875,21.343822309576407,26.331790815205878,83.07048034667969,505.2114562988281,435.8392028808594,223.3222198486328,85.75190734863281,210.88999938964844,21.38974380493164,26.31328773498535,83.07048034667969
2024-04-03,504.1208992573895,433.71485768745384,221.0593294751266,85.40276290863534,210.57000732421875,21.555055126755523,26.285528970211573,83.07956005426414,505.7665100097656,436.8173522949219,224.21548461914062,85.85298156738281,212.74000549316406,21.646896362304688,26.19300651550293,83.07048034667969
2024-04-04,509.76856679026787,440.996824784503,227.3815546711229,86.03673662976227,212.0,21.619344482024054,26.118988904679824,83.1068115234375,499.5930480957031,430.1381530761719,218.24063110351562,86.1469955444336,211.52000427246094,21.70199966430664,26.19300651550293,83.1068115234375
2024-04-05,500.9464745680228,431.56099787372034,219.56063914050736,85.67839281978459,212.49000549316406,21.803025784344708,26.28553126203206,83.1249771118164,504.8121643066406,435.2069091796875,220.96998596191406,85.57732391357422,215.13999938964844,21.812210083007812,26.220766067504883,83.1249771118164
2024-04-08,505.51342294474244,436.13561556539395,223.20311594138687,85.3660188028499,215.97999572753906,21.86731453948036,26.2115112329796,83.14314342727901,505.09466552734375,435.3352966308594,221.3868408203125,85.38439178466797,216.47999572753906,21.80302619934082,26.183753967285156,83.13406372070312
2024-04-09,506.82786095826793,437.66708927505294,223.66959552544787,85.6324564172089,217.80999755859375,21.84894767984853,26.11898879499254,83.14313507080078,505.6788635253906,436.9458312988281,222.41905212402344,85.7243423461914,217.6699981689453,21.68363380432129,26.174503326416016,83.14313507080078
2024-04-10,499.9922143304957,431.7783023964343,219.34230516727246,84.9984722931645,215.3699951171875,21.711183476169158,26.35954777729851,83.15222165184396,500.61541748046875,433.1319274902344,220.48367309570312,84.58500671386719,215.61000061035156,21.793840408325195,26.452070236206055,83.16130828857422
2024-04-11,502.1344876196163,434.99935255997985,221.80369188661558,84.74123523696895,216.85000610351562,21.766289171826823,26.424313220388356,83.18855285644531,504.3935546875,440.04827880859375,225.60496520996094,84.46559143066406,219.8000030517578,21.757104873657227,26.4705753326416,83.18855285644531
2024-04-12,500.8588329878134,435.829374285995,221.8235433830039,84.90661371832032,221.8699951171875,22.005074430693394,26.664871466968002,83.19764709472656,497.4313049316406,433.0331726074219,219.02468872070312,84.81472778320312,216.88999938964844,21.784656524658203,26.68337631225586,83.19764709472656
2024-04-15,501.5989207934361,436.7778950777009,222.0716674663678,84.2358605636589,217.94000244140625,21.747921744091926,26.69262731475987,83.20674130366886,491.199462890625,425.9093322753906,215.72959899902344,84.27261352539062,220.9499969482422,21.812210083007812,26.72963523864746,83.21582794189453
2024-04-16,491.6765860412786,425.7512302498661,215.6998380533928,83.90512629523292,220.17999267578125,21.729552899923174,26.729635742214647,83.23399355877619,490.3036193847656,425.9488525390625,217.51611328125,83.94187927246094,221.22000122070312,21.77547264099121,26.766645431518555,83.22490692138672
2024-04-17,492.7574157801548,427.92490809219123,217.8634778689038,84.24508400648018,221.0500030517578,21.65608114244899,26.7203842381124,83.24309612726667,487.4018859863281,420.75164794921875,210.8068084716797,84.47478485107422,219.58999633789062,21.4356632232666,26.68337631225586,83.23401641845703
2024-04-18,488.7943295112607,421.3938920422411,209.3875382749785,84.3920764354931,221.30999755859375,21.463216536038296,26.683376921801354,83.27034686689838,486.39892578125,418.3507080078125,207.06509399414062,84.18075561523438,220.33999633789062,21.42647933959961,26.738889694213867,83.27942657470703
2024-04-19,486.3210167619427,417.17492743365193,205.16940649258424,84.38286400527647,220.49000549316406,21.481582473679666,26.683376921801354,83.28850555419922,482.1534423828125,409.69537353515625,197.7157440185547,84.29098510742188,221.02999877929688,21.527503967285156,26.738889694213867,83.28850555419922
2024-04-22,484.7533503648902,412.3235850098198,199.46253577888126,84.134824158712,216.35000610351562,21.362190093757125,26.803655015104326,83.30667114257812,486.5937194824219,413.8155517578125,201.49716186523438,84.30020904541016,215.57000732421875,21.527503967285156,26.74814224243164,83.30667114257812
2024-04-23,488.5996095177476,415.74220734573504,202.9561481233984,84.18994358734618,213.9600067138672,21.334636712599462,26.72038375135576,83.31573486328125,492.3679504394531,419.9908447265625,206.24131774902344,84.41046142578125,215.0399932861328,21.61934471130371,26.637115478515625,83.31573486328125
2024-04-24,493.25400289949073,423.0834744692618,211.04499379760134,84.21752884355557,214.75999450683594,21.573424462219354,26.65561879326353,83.31573486328125,492.13421630859375,421.4136657714844,206.4794921875,84.15320587158203,214.63999938964844,21.591793060302734,26.664871215820312,83.31573486328125
2024-04-25,486.0678630419317,414.230497882568,205.53662096513136,83.69378211863793,214.47000122070312,21.573424473079413,26.711132714929537,83.36119079589844,490.2646484375,419.3782653808594,210.60829162597656,83.83160400390625,215.9199981689453,21.711185455322266,26.609357833862305,83.36119079589844
2024-04-26,493.0495298783495,422.5103887021801,210.93582132755816,84.02454921614029,216.77000427246094,21.839763055272574,26.69262731475987,83.37027050352557,494.90936279296875,425.8500061035156,216.0074920654297,84.0613021850586,216.6199951171875,21.72955322265625,26.72963523864746,83.36119079589844
2024-04-29,496.69138120674205,427.9545963388399,215.8487003402694,84.25425611904619,216.02000427246094,21.81221099310579,26.69262823173235,83.37934875488281,496.66217041015625,427.5791320800781,216.74195861816406,84.4012680053711,216.17999267578125,21.711185455322266,26.646366119384766,83.37934875488281
2024-04-30,495.2015209263445,425.9982141906258,215.7097529673929,84.07970865874417,213.3800048828125,21.536688759789076,26.729636227532215,83.388427734375,488.79437255859375,419.5166015625,212.484130859375,84.0062026977539,211.8699951171875,21.4356632232666,26.81290626525879,83.388427734375
2024-05-01,488.2101579548078,418.09383507210157,209.55625463275928,84.25591718118154,212.9600067138672,21.325452865565317,26.80365360806087,83.41397903111479,487.20721435546875,416.4833068847656,206.2909393310547,84.33885192871094,213.7899932861328,21.123403549194336,26.7851505279541,83.40485382080078
2024-05-02,490.90730120185356,420.21806262347377,209.7845373901383,84.33884724504195,211.89999389648438,21.14177058209338,26.692627491043165,83.45047760009766,491.7641906738281,421.7989501953125,210.43959045410156,84.735107421875,213.1300048828125,21.196874618530273,26.581600189208984,83.45047760009766
2024-05-03,497.7332427499149,429.2488772612245,214.30039613342024,85.34333263000383,212.88999938964844,21.25197932009774,26.461321365980954,83.45958709716797,497.8598327636719,430.2764587402344,216.09681701660156,85.2051010131836,212.9600067138672,21.224428176879883,26.50758171081543,83.45958709716797
2024-05-06,500.25510463599915,432.07473911225696,217.7245210839211,85.24193111565343,215.13999938964844,21.307085304943246,26.48907914927795,83.46870534578142,503.00103759765625,434.989501953125,220.99977111816406,85.27879333496094,215.1999969482422,21.463214874267578,26.535341262817383,83.45958709716797
2024-05-07,503.9651034446084,435.43408847265937,220.88068122132427,85.5829265167097,214.52000427246094,21.362190169875056,26.535340219827717,83.47784469307592,503.55615234375,435.0586242675781,219.07432556152344,85.49998474121094,214.2100067138672,21.444847106933594,26.609357833862305,83.46871948242188
2024-05-08,501.7255612666122,432.44036175201296,217.30766863423787,85.3156804664397,213.6199951171875,21.22442860966218,26.646366119384766,83.48697662353516,503.6048583984375,434.8017883300781,219.73928833007812,85.26038360595703,213.5800018310547,21.334636688232422,26.646366119384766,83.48697662353516
2024-05-09,503.7898682306733,435.068517003567,219.8286394448781,85.24196936370687,214.47999572753906,21.343820912550584,26.62786397689654,83.52346689354594,506.5065612792969,435.7502746582031,218.3299560546875,85.5184326171875,216.9499969482422,21.417293548583984,26.55384635925293,83.53258514404297
2024-05-10,508.10342768254765,437.25210737649155,221.28759972657318,85.3341106807901,219.22000122070312,21.454030649631502,26.58160031517014,83.53258514404297,507.158935546875,436.77783203125,221.6250457763672,85.24195861816406,218.7100067138672,21.380558013916016,26.590852737426758,83.53258514404297
2024-05-13,508.8337334335511,438.6847440218973,222.31979718918691,85.46311208478224,217.05999755859375,21.41729454746333,26.544592265076986,83.54170181630629,507.22705078125,437.7856140136719,221.58534240722656,85.34331512451172,216.25999450683594,21.518320083618164,26.581600189208984,83.55082702636719
2024-05-14,507.42181386177714,437.3608171056989,221.2677481251755,85.50920544971552,217.30999755859375,21.389743894886866,26.544593559927826,83.56907699299799,509.5542907714844,440.60162353515625,225.37669372558594,85.5921401977539,218.08999633789062,21.42647933959961,26.52608871459961,83.55995178222656
2024-05-15,512.0178797101214,443.0717526114495,227.5502776982746,86.08975660153533,219.05999755859375,21.426477773155543,26.424313762489664,83.5782093790353,515.8641357421875,447.48834228515625,232.14553833007812,86.2372055053711,220.88999938964844,21.499950408935547,26.359548568725586,83.56908416748047
2024-05-16,515.9614786446474,447.30057313923777,232.09593040029347,86.26488685140114,220.13999938964844,21.555055618286133,26.424314498901367,83.61470077280632,514.802734375,446.5793151855469,230.4582977294922,86.07136535644531,220.02999877929688,21.555055618286133,26.424314498901367,83.60557556152344
2024-05-17,514.9195214966393,446.70776275246817,231.83786207396662,85.93311433750947,222.17999267578125,21.66526456173759,26.470576613392957,83.62381026816166,515.542724609375,446.3619689941406,228.52291870117188,85.8041000366211,223.66000366210938,21.77547264099121,26.424314498901367,83.61468505859375
2024-05-20,515.6596602461204,446.5793218760035,229.73376880330727,85.68431192143895,223.7899932861328,21.812210344352177,26.44281793961048,83.63294219970703,516.1367797851562,449.47430419921875,233.23728942871094,85.67509460449219,224.55999755859375,21.968339920043945,26.461322784423828,83.63294219970703
2024-05-21,515.3772666864285,447.6266980809167,231.21259455922402,85.93310246249945,224.77000427246094,21.87649917602539,26.4705752068305,83.6511769061238,517.402587890625,450.35369873046875,232.90975952148438,85.896240234375,224.22999572753906,21.87649917602539,26.461322784423828,83.64205169677734
2024-05-22,516.7112486575287,450.6105333507106,235.1329603680171,85.68428982338283,223.08999633789062,21.70200047990246,26.507584120028618,83.66030883789062,515.9127807617188,450.26470947265625,234.8153533935547,85.78565216064453,220.11000061035156,21.564239501953125,26.544593811035156,83.66030883789062
2024-05-23,518.9605372397859,455.04688311196617,242.31864105424387,85.82251542897299,218.77999877929688,21.738737239557206,26.489077982758477,83.70593216174682,512.1444091796875,448.2392272949219,238.02113342285156,85.48155212402344,215.72000122070312,21.454030990600586,26.60010528564453,83.71505737304688
2024-05-24,513.9848806494027,449.8497773775448,239.71830761158304,85.39861875491255,216.9600067138672,21.52750240391391,26.526086680987977,83.71507150595816,515.5331420898438,452.4779968261719,242.42782592773438,85.5921401977539,215.9199981689453,21.600975036621094,26.516834259033203,83.72418975830078
2024-05-28,516.3412489766735,453.6932608661482,245.8320920679135,85.66587265011145,218.42999267578125,21.904050753266578,26.424313345891814,83.71505737304688,515.893310546875,454.1872863769531,247.95603942871094,85.11295318603516,218.19000244140625,21.98670768737793,26.479827880859375,83.71505737304688
2024-05-29,511.87174962966077,450.0375023855627,244.25402499863375,84.9009968216218,216.9199981689453,21.876497246410455,26.55384531556348,83.72415878711703,512.2807006835938,450.98602294921875,243.80738830566406,84.6982650756836,216.16000366210938,21.757104873657227,26.62786293029785,83.73328399658203
2024-05-30,510.7423397089747,450.0572632581326,243.64860707059995,84.9839454895634,216.69000244140625,21.610159571179622,26.544593811035156,83.74243118462442,508.8824768066406,446.1544494628906,240.4527587890625,85.12217712402344,216.57000732421875,21.472396850585938,26.544593811035156,83.75155639648438
2024-05-31,509.8367164200918,446.3817458895466,241.5444997555296,85.38020099044718,217.77000427246094,21.582607743064816,26.47982836599825,83.76979064941406,513.5173950195312,445.32452392578125,238.67617797851562,85.5184326171875,215.3000030517578,21.371374130249023,26.52608871459961,83.76979064941406
2024-06-03,515.1240809646227,449.13837209312464,243.2615454294276,85.63487717769787,215.9199981689453,21.353004577054595,26.49832984183737,83.80187836698902,513.9360961914062,447.715576171875,241.6536865234375,86.07852935791016,217.22000122070312,21.06829833984375,26.387304306030273,83.78355407714844
2024-06-04,512.6312623824123,447.4586887576052,241.47503504024567,86.3650804480696,216.24000549316406,20.884618098324808,26.44281720026884,83.80183410644531,514.5105590820312,448.9407653808594,240.78028869628906,86.54993438720703,215.27000427246094,20.857065200805664,26.396556854248047,83.80183410644531
2024-06-05,516.8281493311971,452.507661370221,245.67329523203568,86.66083037342943,216.69000244140625,20.875432386181828,26.415060295221384,83.82020079586995,520.6256713867188,457.9913330078125,252.50169372558594,86.86417388916016,217.82000732421875,20.930538177490234,26.433565139770508,83.81103515625
2024-06-06,520.927446289771,458.67307087921665,253.60336581912054,86.71630813388222,218.36000061035156,21.031562238197022,26.44281720026884,83.82936369840272,520.6158447265625,457.8332214355469,250.51669311523438,86.82722473144531,219.42999267578125,21.2060604095459,26.396556854248047,83.82019805908203
2024-06-07,519.6420681166458,457.467661590533,250.3479805488139,86.08780186646639,215.07000732421875,21.0131926948118,26.572348270140246,83.85684967041016,519.98291015625,457.4281311035156,250.31820678710938,85.91218566894531,211.60000610351562,20.902984619140625,26.618610382080078,83.85684967041016
2024-06-10,519.1747616812378,456.3017739959468,249.21652106386932,85.75502993055743,213.1300048828125,21.04074653687074,26.729636660756327,83.86599457989813,521.589599609375,459.2757873535156,253.94081115722656,85.72730255126953,213.5399932861328,21.2060604095459,26.68337631225586,83.87516021728516
2024-06-11,520.0414093421914,458.001193404112,253.08726435195507,85.87519044860132,213.9499969482422,21.19687544796927,26.75739237886175,83.89350401766174,522.8457641601562,462.4276428222656,253.56365966796875,86.1801986694336,214.14999389648438,21.17850685119629,26.720382690429688,83.88433837890625
2024-06-12,527.4028804771598,466.35015084591646,258.61549039158274,86.95661340156516,216.47000122070312,21.435662295109076,26.489077982758477,83.90265655517578,527.1399536132812,468.4843444824219,261.1165771484375,86.66084289550781,214.72000122070312,21.25197982788086,26.60010528564453,83.90265655517578
2024-06-13,528.8829186945259,472.0117938199952,264.788825327042,87.04903281289313,214.44000244140625,21.35300644183122,26.461321821678894,83.9209774655692,528.2012939453125,471.02374267578125,265.2056579589844,87.23388671875,212.97000122070312,21.270349502563477,26.701879501342773,83.91181182861328
2024-06-14,526.6725890295746,470.8260932107854,263.4092717229549,87.35403558220798,215.33999633789062,21.34382030092597,26.859166593645487,83.93931795350618,528.522705078125,473.4642028808594,265.880615234375,87.43721771240234,215.72999572753906,21.18769073486328,26.82215690612793,83.95764923095703
2024-06-17,527.8410283318889,473.7309763615581,268.67941448967514,87.0120432189916,214.89999389648438,21.160141831382592,26.812905652276342,83.966796875,532.7291259765625,479.2640686035156,270.4361572265625,87.03053283691406,214.61000061035156,21.261165618896484,26.75739288330078,83.966796875
2024-06-18,532.7875604635906,479.2146698362232,271.4683339398485,87.17843683036531,214.3800048828125,21.24279644915332,26.78515193402625,83.97596467229855,534.0826416015625,479.4122619628906,274.6840515136719,87.40950775146484,215.47000122070312,21.4356632232666,26.74814224243164,83.9851303100586
2024-06-20,535.0076850141029,480.6078143162827,277.125590828217,86.97507953014532,216.32000732421875,21.50913553798024,26.803654470084567,83.99430509769259,532.6317749023438,475.7169494628906,266.9028625488281,87.18766784667969,218.16000366210938,21.481582641601562,26.859169006347656,84.00346374511719
2024-06-21,531.810221745453,475.4403240994677,263.5779988224247,87.35405026875323,217.8300018310547,21.45403030631091,26.905428184558897,84.03095245361328,531.9176635742188,474.4423828125,262.9031066894531,87.20616149902344,214.77999877929688,21.307085037231445,26.923933029174805,84.03095245361328
2024-06-24,531.7418545665156,473.2172197227776,259.5385157656854,87.22465845276726,215.5500030517578,21.35300596195284,26.831409454345703,84.04928588867188,530.1885986328125,469.041015625,253.86141967773438,87.28011322021484,215.6300048828125,21.481582641601562,26.831409454345703,84.04928588867188
2024-06-25,531.4096852385123,471.129079616459,256.5808658437398,87.2246505358342,214.9600067138672,21.40811006625922,26.886924509760014,84.05845152753301,532.2302856445312,474.40472412109375,259.8064880371094,87.35404968261719,214.55999755859375,21.27953338623047,26.859169006347656,84.04928588867188
2024-06-26,531.1166742934914,473.58334212660935,259.6476730861759,86.90116207809474,212.38999938964844,21.343819907662294,26.988698959350586,84.05845642089844,532.8945922851562,475.38446044921875,258.95294189453125,86.82722473144531,212.5800018310547,21.316267013549805,26.988698959350586,84.05845642089844
2024-06-27,532.7577451835803,475.1370763918568,258.4467308506896,86.99357389015151,214.7100067138672,21.49076768164137,26.914680841643968,84.07677459716797,533.734619140625,476.6116027832031,256.91827392578125,87.02130126953125,214.99000549316406,21.42647933959961,26.951688766479492,84.07677459716797
2024-06-28,534.5063503169283,477.40334252534984,258.5261558398166,87.21541419259084,215.63999938964844,21.536687751820903,26.970193611256818,84.104248046875,531.6343383789062,474.1375732421875,258.7445068359375,86.55917358398438,215.00999450683594,21.334636688232422,26.951688766479492,84.104248046875
2024-07-01,533.0118486999152,475.05793318372764,259.0422808921922,86.07246217788462,215.25,21.47239809903324,26.905428544825334,84.13370513916016,532.7285766601562,476.9184265136719,259.0522155761719,85.91485595703125,215.57000732421875,21.61016082763672,26.960941314697266,84.13370513916016
2024-07-02,531.1263396875488,475.4240826231297,257.04734675010684,86.27639627016099,215.3300018310547,21.6928163598536,26.960940953687505,84.14293670654297,536.3135375976562,481.9259033203125,261.6525573730469,86.23931121826172,215.55999755859375,21.637710571289062,26.923933029174805,84.14293670654297
2024-07-03,536.0010100914286,481.17380338161604,262.1091064443778,86.45254702335471,217.33999633789062,21.67444794185662,26.859168377728633,84.1705322265625,538.7069702148438,485.94378662109375,267.5976257324219,86.81411743164062,217.99000549316406,21.757104873657227,26.81290626525879,84.1705322265625
2024-07-05,539.0098526062544,486.7849168172166,269.1855869172091,87.12005902712208,219.5800018310547,21.84894794029907,26.75739237886175,84.20735559041833,541.8134765625,491.0105895996094,267.69683837890625,87.29621124267578,220.92999267578125,21.839763641357422,26.720382690429688,84.19815063476562
2024-07-08,542.5949943367658,491.3766928056572,270.7934488138165,87.26838165256257,219.63999938964844,21.637712974032734,26.72038331988867,84.20734015101549,542.438720703125,492.17828369140625,272.1531677246094,87.32401275634766,218.19000244140625,21.54587173461914,26.766645431518555,84.21654510498047
2024-07-09,543.396013525926,493.6925021081496,274.2175667014279,87.18495222376814,218.57000732421875,21.52750421308762,26.785150636859015,84.22574303762282,542.9661865234375,492.6039123535156,272.7486572265625,87.2034912109375,218.55999755859375,21.39892578125,26.803653717041016,84.21654510498047
2024-07-10,544.1872136667199,494.5237508797434,276.04378579057527,87.27766086876277,220.13999938964844,21.35300603884606,26.79440105975616,84.24414452824057,548.3389282226562,497.7400207519531,279.16021728515625,87.28693389892578,219.36000061035156,21.39892578125,26.775897979736328,84.23493957519531
2024-07-11,548.4560949063842,497.84886011902,280.87724100453755,87.90809775209226,222.64999389648438,21.380557372491158,26.6001057886141,84.244140625,543.6107788085938,486.824462890625,268.9870910644531,87.84320068359375,223.25,21.472396850585938,26.637115478515625,84.244140625
2024-07-12,544.7342644743289,487.3984860685638,269.76124111448087,87.86173867417817,222.02999877929688,21.398926352276753,26.57234931457086,84.28096008300781,547.0396728515625,489.68450927734375,272.3913879394531,88.02861785888672,223.11000061035156,21.38974380493164,26.544593811035156,84.28096008300781
2024-07-15,549.0325654558818,491.45594988459715,274.33666548195947,87.80612758539458,223.38999938964844,21.29790230889097,26.544592390862775,84.29017248647875,548.5441284179688,491.000732421875,271.7760009765625,87.75050354003906,223.8300018310547,21.233613967895508,26.590852737426758,84.29937744140625
2024-07-16,549.8531491181022,492.45546558304693,273.2449260115055,87.90809344619241,225.4499969482422,21.059114475623538,26.646365506247356,84.30858239633373,551.797119140625,491.1887512207031,271.65692138671875,88.1398696899414,228.2899932861328,21.17850685119629,26.590852737426758,84.29937744140625
2024-07-17,545.8772131422685,483.2123115964839,261.8113493869745,88.01007081894645,228.7899932861328,21.224428343128736,26.47982775509225,84.31778265772819,544.0602416992188,476.7698669433594,252.31312561035156,88.21403503417969,227.22999572753906,21.17850685119629,26.4705753326416,84.32698059082031
2024-07-18,545.5939606590898,480.4909023481686,257.18629801963726,88.01935334031604,227.7100067138672,21.178506581289085,26.52608754634954,84.3269919437597,539.8792114257812,474.5135803222656,253.6232147216797,87.9637222290039,225.77999877929688,21.022377014160156,26.590852737426758,84.33619689941406
2024-07-19,539.6446767543289,474.1771324025522,252.94831196009204,87.73194365744573,221.52000427246094,20.948904504717575,26.627863290312337,84.37300500397008,536.2940063476562,470.3077087402344,246.27871704101562,87.68559265136719,221.72999572753906,20.7376708984375,26.664871215820312,84.36380004882812
2024-07-22,540.2113152231016,476.1663358493662,251.1022683446203,87.78756756283072,221.5800018310547,20.664199427458406,26.65561854185428,84.37300482270985,541.8231811523438,477.3143005371094,255.786865234375,87.60214233398438,221.8000030517578,20.792776107788086,26.646366119384766,84.38220977783203
2024-07-23,541.7157629327536,476.41370644097475,253.0674135259634,87.722676702473,222.33999633789062,20.664199075152766,26.692626953125,84.38220977783203,540.973388671875,475.63189697265625,252.9483184814453,87.66704559326172,222.5800018310547,20.599910736083984,26.692626953125,84.38220977783203
2024-07-24,536.1670544374522,468.9024513256549,248.71035695857682,87.82467080418196,223.47000122070312,20.618277839126286,26.627863541111463,84.4098129272461,528.7135009765625,458.57080078125,239.1724395751953,87.47236633300781,221.8000030517578,20.59072494506836,26.68337631225586,84.4098129272461
2024-07-25,528.8307523766035,458.9073044861217,237.207283711049,87.64850660569111,219.02000427246094,20.471334148866248,26.68337631225586,84.4098129272461,525.958740234375,453.51385498046875,234.78558349609375,87.66704559326172,218.3300018310547,20.636646270751953,26.68337631225586,84.4098129272461
2024-07-26,529.7392217162956,457.8484139466182,240.40312312515164,88.03789332273332,219.9600067138672,20.544807266207794,26.65561879326353,84.45582580566406,531.8492431640625,458.16510009765625,238.5074462890625,88.0842514038086,220.6300048828125,20.425413131713867,26.664871215820312,84.45582580566406
2024-07-29,533.3927971337158,460.8766312425985,240.62148032311066,88.30675982646314,221.25999450683594,20.471333203142613,26.75739453992444,84.46503076050841,532.1619262695312,459.0854187011719,236.81028747558594,88.23258972167969,220.32000732421875,20.33357048034668,26.738889694213867,84.45582580566406
2024-07-30,533.6272524601584,461.01518280406907,238.41812909837833,88.3345561462159,221.41000366210938,20.18662635699794,26.785150150148116,84.47420891920959,529.4657592773438,452.7815246582031,227.74876403808594,88.41799926757812,222.52000427246094,20.269283294677734,26.75739288330078,84.46500396728516
2024-07-31,536.2842643515584,463.0141686161788,240.68103318167215,88.67759604610384,223.72999572753906,20.5448058888059,26.600105411518093,84.47423163007348,538.0719604492188,466.18096923828125,245.13735961914062,89.06697845458984,226.5500030517578,20.7376708984375,26.609357833862305,84.48343658447266
2024-08-01,539.7913062018092,466.86389265459763,242.20946818802514,89.2706276804801,226.74000549316406,20.719302522760064,26.674122235132646,84.49453816056085,530.452392578125,454.88946533203125,229.27720642089844,89.44731140136719,225.77000427246094,20.489700317382812,26.701879501342773,84.50377655029297
2024-08-02,523.3603002519518,446.2104252259462,218.27040937293384,90.37722786610732,227.9499969482422,20.260098733452292,26.48907790869877,84.54071946632476,520.5762329101562,444.0926208496094,216.7915802001953,90.83287811279297,225.33999633789062,20.1131534576416,26.433565139770508,84.54996490478516
2024-08-05,499.8078827767836,420.30213280152026,199.47246073039653,91.4931139420149,220.55999755859375,19.76415877536881,26.202260054017724,84.54996490478516,505.4151306152344,430.85150146484375,211.70997619628906,90.92587280273438,222.47999572753906,20.076417922973633,26.28553009033203,84.54996490478516
2024-08-06,507.21253555376086,432.6922358150409,214.91574493778515,90.70266477192901,221.5,19.837631564140302,26.39655647564053,84.55923542692034,510.0748291015625,434.9683532714844,215.828857421875,90.11682891845703,220.6999969482422,19.911104202270508,26.368799209594727,84.56847381591797
2024-08-07,516.248598311969,441.85608592677744,223.00462857446576,89.85647472621586,221.94000244140625,20.030497348450556,26.442819344698,84.57771439819535,506.66546630859375,430.2577209472656,209.8837890625,89.7913818359375,220.5500030517578,20.094785690307617,26.424314498901367,84.58695983886719
2024-08-08,511.7941139882875,436.48248198323597,215.9678106714227,89.4194381264503,222.72999572753906,20.140706202274043,26.489078286924716,84.586953018528,518.3782958984375,443.41973876953125,223.2229766845703,89.52172088623047,224.00999450683594,20.278467178344727,26.461322784423828,84.59619140625
2024-08-09,517.5576103421191,442.1034884926195,223.01453768397008,89.9959526433334,224.82000732421875,20.42541246929064,26.442817562045068,84.61470794677734,520.6640625,445.73541259765625,223.16342163085938,89.88436889648438,224.55999755859375,20.397859573364258,26.433565139770508,84.61470794677734
2024-08-12,521.8558860240913,446.7052794147843,223.50087125701103,89.77276805627314,226.13999938964844,20.53562232146867,26.470574828868756,84.62392645095046,520.9376220703125,446.69537353515625,225.25759887695312,90.13542938232422,228.41000366210938,20.682567596435547,26.433565139770508,84.64241027832031
2024-08-13,524.122235093717,451.08929276754145,228.82067114533064,90.5074052707136,228.07000732421875,20.59991014672325,26.396557520025432,84.64241929311498,529.5047607421875,457.77911376953125,234.41836547851562,90.5353012084961,228.05999755859375,20.489700317382812,26.294782638549805,84.65166473388672
2024-08-14,530.2960824274743,458.69948537304487,236.91947229992545,90.4980844008541,226.5500030517578,20.49888501425523,26.30403543817505,84.65167317057114,531.17529296875,457.9275817871094,234.6168670654297,90.65616607666016,226.1999969482422,20.36112403869629,26.322540283203125,84.6609115600586
2024-08-15,536.7922766972661,463.89498501162524,238.9937909544247,89.92156837805034,226.50999450683594,20.48970056526622,26.461324064955704,84.67013549804688,540.2797241210938,469.4962463378906,244.52200317382812,90.08895111083984,226.91000366210938,20.526437759399414,26.415061950683594,84.67013549804688
2024-08-16,538.6678476452682,467.71492303753774,242.37821873252818,90.27492601041534,229.99000549316406,20.407043872006387,26.350295281972244,84.697871119434,541.4910278320312,470.09991455078125,244.85946655273438,90.265625,231.99000549316406,20.397859573364258,26.28553009033203,84.71636199951172
2024-08-19,541.901367537868,470.23847926625564,243.94635398411518,90.2377244408902,230.14999389648438,20.416229656254444,26.248522471284577,84.72560743955059,546.6685180664062,476.275146484375,249.45472717285156,90.38650512695312,231.61000061035156,20.28765296936035,26.146747589111328,84.71636199951172
2024-08-20,546.2190851764095,475.36472760047764,248.27364505631897,90.6096734815815,233.7100067138672,20.34275517541722,26.100484359806995,84.72561726294992,545.7794799804688,475.2756652832031,246.19932556152344,90.74915313720703,232.4600067138672,20.204994201660156,26.054224014282227,84.73485565185547
2024-08-21,546.8248322343893,476.0574073595781,246.73527388378324,90.84217657513393,231.69000244140625,20.269283450605933,26.054224931671364,84.75335693359375,547.6551513671875,477.49237060546875,248.7500457763672,90.93516540527344,232.14999389648438,20.10396957397461,25.97095489501953,84.75335693359375
2024-08-22,549.5501570030477,479.8080927390778,250.6258702333486,90.71198650165209,230.35000610351562,20.085601806640625,26.017216594050552,84.75335693359375,543.3567504882812,469.9217834472656,240.60162353515625,90.5167007446289,229.3699951171875,20.085601806640625,26.09123420715332,84.75335693359375
2024-08-23,546.5902786774961,474.2661580883122,244.00591437095733,90.70268978262817,231.0399932861328,20.29683562542965,26.091233368865648,84.79032135009766,549.130126953125,475.0182800292969,246.52685546875,90.93516540527344,232.02000427246094,20.44378089904785,25.869178771972656,84.79032135009766
2024-08-26,550.1559715338451,474.47403729011756,245.6336126517284,91.0932351602667,233.4499969482422,20.682566933155815,25.915441639078406,84.79954528808594,547.8212280273438,470.40667724609375,240.75051879882812,90.82356262207031,232.75999450683594,20.655014038085938,25.924694061279297,84.79954528808594
2024-08-27,546.5512887213379,468.7738357857168,238.8647530390585,90.5818119783189,231.69000244140625,20.618279501719705,25.915442557527832,84.81806182861328,548.5734252929688,471.8119812011719,243.1721954345703,90.78638458251953,233.38999938964844,20.55398941040039,25.8414249420166,84.81806182861328
2024-08-28,548.2315922971716,471.3468628213856,242.666037086161,90.80495340643094,232.0,20.34275426990701,25.989459991455078,84.82728576660156,545.3888549804688,466.4581298828125,239.08311462402344,90.73986053466797,231.75,20.306018829345703,25.989459991455078,84.82728576660156
2024-08-29,547.3521942445709,468.36807210677364,238.66625296392476,90.53530440715544,231.9499969482422,20.416229412530697,26.072729236752508,84.83653120737017,545.4375,465.7752685546875,236.12545776367188,90.58180236816406,232.9499969482422,20.53562355041504,26.081981658935547,84.82728576660156
2024-08-30,547.8016709409602,470.1098416754634,240.63140106673845,90.60039042902984,232.52999877929688,20.388675760265826,26.137495292350593,84.88274244907548,550.6443481445312,471.3270568847656,241.6338348388672,90.265625,231.2899932861328,20.306018829345703,26.1560001373291,84.87349700927734
2024-09-03,547.508549729637,468.28892418329235,237.07824986588486,90.75810825349632,230.3800048828125,19.975391043875973,26.146748199823282,84.8976435286933,539.3126220703125,457.0171203613281,223.50086975097656,90.86070251464844,230.2899932861328,19.901918411254883,26.202260971069336,84.90692901611328
2024-09-04,537.4760847370844,453.9097517280565,220.1660804157421,90.96326865779668,229.7899932861328,19.810078405169623,26.155999145243513,84.91621398925781,538.208740234375,455.82958984375,222.9649200439453,91.39229583740234,230.42999267578125,19.754974365234375,26.072729110717773,84.91621398925781
2024-09-05,538.1502077884983,454.20660310052904,220.39435527583524,91.634790473619,232.72000122070312,19.89273501644721,26.035720825195312,84.92550659179688,536.8997802734375,456.255126953125,222.57785034179688,91.6068115234375,232.35000610351562,19.800893783569336,26.035720825195312,84.92550659179688
2024-09-06,537.2221796738046,455.5524424798757,221.67468767068024,91.64411544605404,231.8300018310547,19.85600080160698,26.06347668857946,84.97190856933594,527.8637084960938,444.03326416015625,213.38731384277344,91.73738098144531,230.6300048828125,19.534557342529297,26.072729110717773,84.97190856933594
2024-09-09,532.0544335310877,448.3579440515888,216.82135330820083,91.6814346040202,231.25999450683594,19.525372305490837,26.146746044411604,84.98119405624306,533.773681640625,449.743408203125,218.21084594726562,91.86796569824219,231.60000610351562,19.58966064453125,26.183753967285156,84.97190856933594
2024-09-10,535.6786451567546,451.50491342000015,218.96514721093752,91.877283240792,232.38999938964844,19.57129218553409,26.2022589374457,84.98119959649631,536.0986938476562,453.8998107910156,220.27525329589844,92.25967407226562,232.6199951171875,19.304954528808594,26.19300651550293,84.99976348876953
2024-09-11,536.0108196239122,455.1368141392579,222.1113747014966,92.07314485585479,231.72000122070312,19.461083380746917,26.220766067504883,84.99976348876953,541.5985107421875,463.75640869140625,231.6492919921875,92.19438934326172,232.25,19.479450225830078,26.220766067504883,84.99976348876953
2024-09-12,542.1749203516514,463.7861380430132,231.1728934319709,92.11976654085242,234.6300048828125,19.672318422246924,26.183755009652998,85.0090560913086,546.1605834960938,468.3087158203125,232.14553833007812,92.04515838623047,236.3300018310547,19.856000900268555,26.109737396240234,85.0090560913086
2024-09-13,546.7662020730168,467.57637427019046,233.23728817489274,92.29697397227639,238.1300048828125,19.938654267035453,26.035719422164522,85.04617258256468,549.0130004882812,470.40667724609375,235.13296508789062,92.22235870361328,238.67999267578125,19.89273452758789,26.072729110717773,85.05545806884766
2024-09-16,548.7492552395013,468.2789916995769,231.63936689589102,92.32496477040765,238.72999572753906,20.021311883859756,25.97095514652677,85.06472727106907,549.8238525390625,468.3284606933594,232.04629516601562,92.4648666381836,238.66000366210938,20.03968048095703,25.989459991455078,85.07401275634766
2024-09-17,552.031423916307,471.3468249743636,234.83521019084165,92.40890472402428,238.0800018310547,20.01212853126871,26.017216342606975,85.09260610539636,550.0484008789062,468.57586669921875,231.96688842773438,92.29698181152344,237.33999633789062,20.177440643310547,26.072729110717773,85.08332061767578
2024-09-18,550.7030274298603,469.7733253245315,233.12810118063953,92.08245795928713,238.19000244140625,20.131521298125456,25.989461210033838,85.09260452977344,548.4171752929688,466.5471496582031,229.3268280029297,91.89591979980469,235.50999450683594,20.048864364624023,26.100486755371094,85.10188293457031
2024-09-19,557.8049085738365,477.6011982117997,238.17000682227996,91.64410957949498,238.24000549316406,20.296835379018486,26.072730028913313,85.11117502198523,557.7755737304688,478.3434143066406,239.28160095214844,91.8213119506836,239.1699981689453,20.40704345703125,25.989459991455078,85.1204605102539
2024-09-20,556.4096197933483,477.4824523914932,237.00878254763322,91.69075598341037,241.11000061035156,20.351939418024866,26.044973247832225,85.14829965689047,556.8113403320312,477.4329833984375,236.1155242919922,91.79335021972656,242.2100067138672,20.40704345703125,26.035720825195312,85.15758514404297
2024-09-23,557.8795056148167,478.60932938150205,237.0187045421878,91.6068078087567,242.97000122070312,20.44378214542727,26.06347668857946,85.1668701171875,558.2028198242188,478.6985168457031,237.15765380859375,91.73738098144531,242.67999267578125,20.416229248046875,26.072729110717773,85.1668701171875
2024-09-24,558.9964868304339,480.10571320215763,239.27168970147775,91.48555446000846,243.38999938964844,20.756040573120117,26.017216518569107,85.17616271972656,559.7999877929688,481.0075378417969,241.57427978515625,91.83997344970703,246.07000732421875,20.756040573120117,25.924694061279297,85.17616271972656
2024-09-25,559.6431398003925,480.3832116885974,241.40555638773336,91.65343475269445,246.19000244140625,20.664199908522164,25.924696014467237,85.18543137377398,558.5652465820312,481.4535217285156,243.69822692871094,91.46690368652344,245.72999572753906,20.58154296875,26.100486755371094,85.19470977783203
2024-09-26,562.817932214862,488.93568125355074,253.5835151135826,91.54150553569565,246.44000244140625,20.4437810665749,26.04497072335035,85.19470977783203,560.77978515625,485.07073974609375,250.72511291503906,91.40160369873047,246.97999572753906,20.397859573364258,25.980205535888672,85.19470977783203
2024-09-27,561.8479471107624,486.0914480623736,251.29084611819388,91.61612692390426,246.30999755859375,20.370307529192303,25.9246945478659,85.2225570678711,559.966552734375,482.3751525878906,245.88172912597656,91.76535034179688,245.02000427246094,20.498884201049805,25.97095489501953,85.2225570678711
2024-09-30,558.9376557740085,481.4139231192811,242.318650113845,91.70007324587561,243.97000122070312,20.42541188757317,25.97095423191541,85.23185729980469,562.21044921875,483.683349609375,243.60890197753906,91.51354217529297,243.05999755859375,20.452964782714844,26.072729110717773,85.23185729980469
2024-10-01,561.8576982708267,483.31665887950265,243.78756489381334,91.82783806840332,245.1999969482422,20.370308058672858,26.15599846630975,85.25142669677734,557.1738891601562,476.9444274902344,237.08819580078125,91.84654998779297,245.61000061035156,20.81114387512207,26.183753967285156,85.25142669677734
2024-10-02,556.282242548741,476.0426111384499,237.37599923402004,91.43498131028281,245.61000061035156,21.04993172855831,26.248522291362224,85.26075744628906,557.4090576171875,477.61834716796875,240.50238037109375,91.58464813232422,245.66000366210938,20.98564338684082,26.294782638549805,85.26075744628906
2024-10-03,555.9392527365582,475.42815712622803,239.7381552328992,91.34142879133252,244.72000122070312,21.013193565847004,26.368799335752964,85.27006474877973,556.3900146484375,477.26153564453125,242.7156524658203,91.11693572998047,245.49000549316406,21.28871726989746,26.3780517578125,85.27938079833984
2024-10-04,560.828843806913,483.0689304247848,247.34070901664364,90.33121672672112,245.0,21.343820571899414,26.553845982591934,85.30734308812539,561.4461669921875,482.9400939941406,245.9611358642578,90.23767852783203,245.0,21.343820571899414,26.52608871459961,85.29802703857422
2024-10-07,559.7999688939893,481.027467695468,244.6807979046705,89.90092998941893,244.5800018310547,21.42647697030224,26.535341388283523,85.30735011700104,556.3704223632812,477.76702880859375,246.35812377929688,89.91028594970703,244.1699981689453,21.637710571289062,26.544593811035156,85.3166732788086
2024-10-08,558.9376197622599,480.30397136476074,247.29107226529075,89.76996269111879,243.7899932861328,21.279532705831677,26.516836542780254,85.32599644061615,561.6322631835938,484.9022521972656,250.62586975097656,89.98509979248047,242.3699951171875,21.132587432861328,26.544593811035156,85.3166732788086
2024-10-09,561.6224751598685,484.6049568617026,251.09235842486788,89.82609639802936,241.16000366210938,20.811144963942038,26.618610867755557,85.32600402832031,565.5223999023438,488.7176513671875,253.23614501953125,89.64836883544922,241.0500030517578,20.94890594482422,26.664871215820312,85.32600402832031
2024-10-10,564.1799758679994,486.43830727293584,250.6159360078574,89.58288657566008,241.77000427246094,21.06829969230787,26.64636624508937,85.3446279391252,564.53271484375,488.16265869140625,252.73988342285156,89.6390151977539,242.82000732421875,21.36219024658203,26.65561866760254,85.33531188964844
2024-10-11,564.4542980317323,486.32930368033,251.70768846501085,89.5454619415708,244.5,21.334636521765205,26.664871341437713,85.38192749023438,567.9132690429688,488.9257507324219,254.76458740234375,89.66706085205078,245.47000122070312,21.380558013916016,26.674123764038086,85.38192749023438
2024-10-14,569.520288010914,491.3141024770898,256.58088293828536,89.29289717172915,245.16000366210938,21.068299169627668,26.75739288330078,85.38191990238978,572.5579223632812,493.028564453125,259.3201904296875,89.50804138183594,245.07000732421875,21.049930572509766,26.75739288330078,85.37259674072266
2024-10-15,572.8224268603595,493.35556948418406,259.0422596712977,89.85415004164531,244.99000549316406,20.599910413439275,26.711132787869097,85.39122768229744,568.1092529296875,486.4383239746094,245.3060760498047,89.96640014648438,245.9199981689453,20.645830154418945,26.775897979736328,85.40055084228516
2024-10-16,568.1093801464922,486.76533460642946,247.95604145093142,90.1347730838116,247.6199951171875,20.59072494506836,26.785151264178204,85.40986689078547,570.57861328125,486.4977722167969,245.46487426757812,90.1067123413086,247.14999389648438,20.59072494506836,26.849916458129883,85.40055084228516
2024-10-17,574.1158386665669,491.97807225486406,253.26590442152494,89.7138486028748,247.75,20.498884377045975,26.92393315504137,85.419189453125,570.6275024414062,486.834716796875,249.6929168701172,89.6390151977539,248.6300048828125,20.61827850341797,26.933185577392578,85.419189453125
2024-10-18,572.3129579783322,489.61946873591097,251.59850688823528,89.78865546932869,250.0,20.544807187684967,26.859169006347656,85.45649723461591,572.822509765625,490.0257873535156,249.62342834472656,89.74188995361328,251.27000427246094,20.50806999206543,26.859169006347656,85.44717407226562
2024-10-21,572.0972566282711,488.8167753413639,249.11727149625088,89.39581228916076,252.74000549316406,20.645831727283355,26.88692395067077,85.45648952159667,571.8817138671875,490.96728515625,250.94346618652344,89.04971313476562,251.22000122070312,20.572359085083008,26.979446411132812,85.46581268310547
2024-10-22,569.3536780068462,488.30143046324906,249.44479323466507,89.16193979631896,253.05999755859375,20.74685570991388,26.98869730444976,85.47515106201172,571.5780029296875,491.50238037109375,249.80209350585938,88.96550750732422,253.92999267578125,20.930538177490234,27.0072021484375,85.47515106201172
2024-10-23,569.5594810059998,489.1537078148346,248.57138244237103,88.70361362526225,253.0800018310547,20.83869677054733,27.090473300890473,85.48447422595603,566.3552856445312,483.970703125,247.14218139648438,88.75973510742188,250.8699951171875,20.81114387512207,27.0997257232666,85.47515106201172
2024-10-24,568.3052337104026,487.68697675640317,248.98824803160127,88.84392616195755,253.27000427246094,20.930538420944423,27.04421185587057,85.49378208561522,567.5801391601562,487.8951110839844,248.184326171875,88.95616912841797,252.8000030517578,20.801959991455078,26.99795150756836,85.48445892333984
2024-10-25,569.8044050522926,490.68981963359516,250.59610051042552,89.15259975555101,252.0,20.86624900594973,27.016455561102756,85.51242061221353,567.3840942382812,490.8681945800781,251.0625762939453,88.75973510742188,253.32000732421875,20.94890594482422,27.090473175048828,85.52174377441406
2024-10-28,570.8528344834444,493.9799130042475,250.87399498370257,88.77844000322769,253.00999450683594,20.361124700348416,27.06271590804938,85.5310669366146,569.1380615234375,490.9474182128906,249.32569885253906,88.55393981933594,253.3300018310547,20.3886775970459,27.090473175048828,85.52174377441406
2024-10-29,568.1778099310847,491.2645459528903,250.0105094341652,88.1797854400766,254.49000549316406,20.351940155029297,27.173743337556502,85.54039001464844,570.0592041015625,495.6646423339844,254.9928741455078,88.59136199951172,256.0899963378906,20.351940155029297,27.0997257232666,85.54039001464844
2024-10-30,569.5888588084969,494.9015658306743,249.85171380334123,88.79716190543478,256.760009765625,20.434596451702642,27.108975497620342,85.5497055053711,568.3346557617188,491.9186096191406,248.79965209960938,88.46041870117188,257.5,20.609094619750977,27.034957885742188,85.5497055053711
2024-10-31,563.9742291931302,487.9546149950835,246.40775273871583,88.32006658695043,255.52000427246094,20.599909515305207,26.997949852581076,85.55901332635776,557.1935424804688,479.50128173828125,239.86717224121094,88.41360473632812,253.50999450683594,20.746854782104492,27.016454696655273,85.5683364868164
2024-11-01,559.8195584319851,481.1364259666195,242.35835698136606,88.54687867840545,254.3300018310547,20.82032830556164,27.02570657827174,85.60484313964844,559.545166015625,483.049072265625,242.91415405273438,87.89006805419922,252.47000122070312,20.526437759399414,27.12748146057129,85.60484313964844
2024-11-04,559.6823223393656,482.4445631601672,243.46995179991544,88.49996806831626,253.32000732421875,20.792776030598592,26.97944499208614,85.62355041503906,558.3399047851562,481.641845703125,242.43775939941406,88.35922241210938,252.8300018310547,20.87543296813965,27.025705337524414,85.62355041503906
2024-11-05,559.251198693126,483.2274099331328,243.4104039120903,88.24661193285615,253.77999877929688,20.994826855474734,26.951688405296604,85.62355041503906,565.0912475585938,487.78607177734375,246.44744873046875,88.40612030029297,253.39999389648438,21.004011154174805,26.91468048095703,85.62355041503906
2024-11-06,577.3396500855225,496.0610489877298,250.39757978300435,87.29895350884398,245.63999938964844,20.535621836342465,27.395795191264973,85.63293558053473,579.142578125,501.0359191894531,252.898681640625,87.4959945678711,245.6999969482422,20.7744083404541,27.349533081054688,85.64228820800781
2024-11-07,581.1416251858423,503.83062073181566,256.4518560901008,87.85252779519168,248.2899932861328,20.829513806215797,27.173743572852512,85.64225919380709,583.6206665039062,508.9244079589844,259.0621032714844,88.19969940185547,249.64999389648438,20.98564338684082,27.12748146057129,85.65161895751953
2024-11-08,584.1692634497057,508.4288018658349,258.8040764121274,88.38737487792969,249.07000732421875,20.7835922129103,27.23850908707573,85.68907315621686,586.1486206054688,509.5189514160156,257.39471435546875,88.38737487792969,247.9600067138672,20.664199829101562,27.31252670288086,85.69843292236328
2024-11-11,587.7361274635068,510.7379273428509,255.98538149096782,88.12464745323929,242.72999572753906,20.407043115032476,27.469812393188477,85.68904876708984,586.707275390625,509.2217102050781,251.6282958984375,88.14341735839844,242.13999938964844,20.33357048034668,27.469812393188477,85.68904876708984
2024-11-12,586.6287817012992,509.15236530324336,251.2015295374938,87.7962315748409,241.2899932861328,20.40704460056543,27.57158686060411,85.69843292236328,584.8846435546875,508.300048828125,249.9708251953125,87.58980560302734,240.0500030517578,20.223363876342773,27.590091705322266,85.69843292236328
2024-11-13,585.3451316888757,507.7946415908849,248.76988881356826,87.98389339025321,241.30999755859375,20.14989048469776,27.599344074954338,85.70774991792048,585.1687622070312,507.6459655761719,245.77255249023438,87.53351593017578,237.6300048828125,20.159074783325195,27.747379302978516,85.71710968017578
2024-11-14,585.296183408181,507.30904134011206,247.6880586764986,87.67427001118928,236.57000732421875,20.31520519365121,27.75663118782905,85.72646944243107,581.4060668945312,504.11798095703125,246.3184051513672,87.52413940429688,237.00999450683594,20.14070701599121,27.85840606689453,85.71710968017578
2024-11-15,577.8491633593196,498.41964553643646,242.3384937302867,87.3552347880499,237.57000732421875,20.186625754283554,27.812145484248614,85.75456087520006,573.9591064453125,492.1069030761719,238.150146484375,87.56166076660156,236.58999633789062,20.03968048095703,27.830650329589844,85.74520111083984
2024-11-18,574.4196493771738,493.652881689858,237.237058421488,87.5241314561586,240.4600067138672,20.22336226086208,27.76588544584189,85.76391451222668,576.3108520507812,495.52587890625,239.7282257080078,87.75870513916016,241.08999633789062,20.498884201049805,27.69186782836914,85.75455474853516
2024-11-19,572.9400384688264,492.94930559999926,239.2915353361375,88.03080844328412,242.75,20.553988995492876,27.673360950708165,85.77327066712544,578.41748046875,498.93499755859375,242.34841918945312,87.94636535644531,243.25,20.563173294067383,27.682613372802734,85.78262329101562
2024-11-20,578.495884693383,498.63769372570533,241.50480113190133,87.70241165263505,243.74000549316406,20.62746204875373,27.80289293611434,85.78263242320587,578.6134643554688,498.6476135253906,240.72071838378906,87.81500244140625,244.6199951171875,20.55398941040039,27.82139778137207,85.7919921875
2024-11-21,581.4550801704302,501.6900305990874,243.67837703971614,87.8806948775383,246.22999572753906,20.728488416779697,27.812144567549478,85.80137634277344,581.7196044921875,500.4413757324219,244.2540283203125,87.76809692382812,246.66000366210938,20.700937271118164,27.91391944885254,85.80137634277344
2024-11-22,581.7098478799927,499.8863672514566,244.12500557922084,87.89006694240737,248.1999969482422,20.581542154177498,28.04344965367773,85.8200851186937,583.5226440429688,501.2440490722656,242.78512573242188,87.82438659667969,249.83999633789062,20.719303131103516,28.061954498291016,85.8294448852539
2024-11-25,587.451946771504,505.3171131868859,244.50216145089468,88.63131856897947,244.27000427246094,20.55398981342187,27.812144081887794,85.82944638561992,585.5020141601562,502.036865234375,241.83233642578125,88.77206420898438,242.47999572753906,20.425413131713867,27.867658615112305,85.83880615234375
2024-11-26,586.7464687495894,503.51346597969416,243.97613598514997,88.58441925048828,242.7100067138672,20.535622967267805,27.876911539114353,85.83880615234375,588.5592651367188,504.732421875,239.609130859375,88.58441925048828,242.9499969482422,20.425413131713867,27.9046688079834,85.83880615234375
2024-11-27,588.3730114334577,503.6026531011734,237.86233322166595,88.94094848632812,244.85000610351562,20.351940063622287,27.701117964408002,85.85749967136898,586.7758178710938,500.7584228515625,236.46290588378906,88.94094848632812,243.49000549316406,20.315204620361328,27.664108276367188,85.86685943603516
2024-11-29,587.5890586237147,501.3827848330466,238.19978432379864,89.25998162390265,245.25,20.407043115032476,27.673362120169866,85.88557434082031,590.4208984375,505.1585388183594,240.31381225585938,89.3162841796875,245.58999633789062,20.33357048034668,27.617849349975586,85.88557434082031
2024-12-02,590.8323780737772,506.4170995466131,241.52465724846957,89.04520895847219,244.4600067138672,20.269281457164062,27.784387588500977,85.9090576171875,591.4791259765625,510.6585998535156,246.0107421875,89.3087387084961,243.44000244140625,20.18662452697754,27.784387588500977,85.9090576171875
2024-12-03,591.2440480710218,509.3306878343324,245.07779625068295,89.40286680213659,244.9600067138672,20.361125205012026,27.710371755080608,85.91845429816199,591.7535400390625,512.2244262695312,246.55662536621094,89.05463409423828,243.92999267578125,20.416229248046875,27.775136947631836,85.92784118652344
2024-12-04,593.4389336760423,515.6434895026028,250.3380529043934,88.82872548698529,244.92999267578125,20.45296409504242,27.821397169246683,85.94661176441137,595.4280395507812,518.5570678710938,250.7350616455078,89.39344024658203,244.6699981689453,20.306018829345703,27.765884399414062,85.93721771240234
2024-12-05,595.4279904670244,518.6065744020088,250.0005986657992,89.1299253212974,244.16000366210938,20.306020074249204,27.654857275198726,85.95601927395293,594.4481201171875,517.1200561523438,246.43753051757812,89.38404846191406,242.86000061035156,20.278467178344727,27.617849349975586,85.9466323852539
2024-12-06,595.212464951605,517.7839983547849,246.0206734034515,89.75112247347373,242.7899932861328,20.149890236852,27.62710263367039,85.98420715332031,595.5750122070312,521.748046875,246.7451934814453,89.66641235351562,242.9499969482422,20.122337341308594,27.69186782836914,85.98420715332031
2024-12-09,595.4574149257465,520.8264281316256,244.37312722866494,89.55345941049409,246.27999877929688,20.351940063622287,27.664109141084545,85.99357604980469,592.5079956054688,517.6849365234375,244.22425842285156,89.3558120727539,245.36000061035156,20.315204620361328,27.738126754760742,85.99357604980469
2024-12-10,593.1842290759141,518.9138358600111,244.5815454530533,89.16758172860749,247.86000061035156,20.324386844293453,27.79364202711041,86.00298082383672,590.6659545898438,515.9209594726562,238.0806884765625,89.19581604003906,248.58999633789062,20.36112403869629,27.802892684936523,86.01237487792969
2024-12-11,593.5859415432025,520.2813419948772,241.8223926214234,89.32757571179017,249.35000610351562,20.498884377045975,27.839901583443094,86.01236451641019,595.2321166992188,525.1571044921875,243.90664672851562,88.9322738647461,250.9600067138672,20.61827850341797,27.895414352416992,86.0217514038086
2024-12-12,594.369747252086,522.9373926926415,242.17969343006087,88.82875558568507,247.80999755859375,20.480517755210283,27.91391840845013,86.03113329211699,592.1650390625,521.7680053710938,241.54449462890625,88.59346008300781,247.27999877929688,20.53562355041504,27.98793601989746,86.04052734375
2024-12-13,594.1934650654297,525.6923406392922,247.64838032891498,88.45228016684084,245.6699981689453,20.526437759399414,27.96017887986522,86.06871795654297,592.0475463867188,525.76171875,247.6186065673828,88.17933654785156,244.2899932861328,20.526437759399414,27.997188568115234,86.06871795654297
2024-12-16,593.8013634964105,528.2887292324265,248.6210151514202,88.33933019392316,245.41000366210938,20.50807048758892,27.98793742431532,86.0781021118164,594.575439453125,533.3329467773438,251.3503875732422,88.20756530761719,244.8800048828125,20.416229248046875,27.950927734375,86.0781021118164
2024-12-17,592.0278913761272,531.5392783661994,248.60117163861338,88.18873764920333,243.8000030517578,20.25091428244025,27.969431049700624,86.08750915527344,592.1258544921875,530.9843139648438,248.0850830078125,88.20756530761719,243.94000244140625,20.278467178344727,27.978683471679688,86.08750915527344
2024-12-18,591.822175937033,530.3402258870792,250.26857988100855,88.19622121549084,243.57000732421875,20.296836766688028,28.015693192399286,86.08750915527344,574.478515625,511.82806396484375,240.17486572265625,87.5257797241211,239.25999450683594,20.094785690307617,28.30251121520996,86.08750915527344
2024-12-19,579.456129686489,516.5056307829288,241.17728858205368,87.23306048153678,239.6699981689453,20.22336412574768,28.28400698436329,86.10918780335716,574.302001953125,509.5487060546875,237.07826232910156,87.12918853759766,239.60000610351562,20.094785690307617,28.35802459716797,86.0997543334961
2024-12-20,571.9778279294948,505.852200874932,235.61926741872483,87.58244806352111,241.41000366210938,20.0856028952443,28.302512131834145,86.12804059095946,581.199951171875,513.998291015625,240.8894500732422,87.45024871826172,242.10000610351562,20.223363876342773,28.219242095947266,86.1374740600586
2024-12-23,580.9443919924163,515.7106302984251,242.77457766879388,87.38414815883924,241.60000610351562,20.190470755439566,28.322710037231445,86.1374740600586,584.680419921875,519.006103515625,248.44692993164062,87.0630874633789,240.9600067138672,20.238842010498047,28.322710037231445,86.1374740600586
2024-12-24,586.0273454449668,520.9515457699987,249.66314786053047,86.88367936552595,241.49000549316406,20.33558545312984,28.33237845588233,86.1563491821289,591.1791381835938,526.0436401367188,250.5902557373047,87.11030578613281,241.44000244140625,20.354934692382812,28.400068283081055,86.1563491821289
2024-12-26,589.4093887705021,524.4158307733787,249.64321404493373,86.83646362181467,242.38999938964844,20.364606934462063,28.371058571180704,86.17520141601562,591.2184448242188,525.6863403320312,250.15162658691406,87.17640686035156,243.07000732421875,20.296886444091797,28.34204864501953,86.17520141601562
2024-12-27,587.4823184826345,522.1229428744699,248.50674598143084,87.11973966149411,241.1999969482422,20.44200223351633,28.293699264526367,86.21295166015625,584.9949340820312,518.6984252929688,247.6294708251953,86.94976806640625,241.39999389648438,20.393630981445312,28.293699264526367,86.21295166015625
2024-12-30,577.9949335439408,511.7005373751371,243.8611928306304,87.37469687626057,241.0800018310547,20.65484109781938,28.36138809373577,86.21295166015625,578.3193359375,511.7997741699219,243.9010772705078,87.45968627929688,240.6300048828125,20.57744598388672,28.322710037231445,86.21295166015625
2024-12-31,579.9808236627084,513.0802310210817,244.74842847509422,87.58244460580745,241.0500030517578,20.577445559970286,28.38072777471627,86.24123736497229,576.21533203125,507.4521179199219,241.41879272460938,87.29915618896484,242.1300048828125,20.683862686157227,28.448415756225586,86.23180389404297
2025-01-02,579.4695486945864,510.49940358547883,243.7615186412358,87.48802636382862,244.22000122070312,20.84832735466469,28.535444831873956,86.25065612792969,574.7994995117188,506.4595031738281,244.03067016601562,87.34638214111328,245.4199981689453,20.887025833129883,28.690160751342773,86.25065612792969
2025-01-03,577.64092396713,509.55634989003045,246.23382633816695,87.44079844684646,244.55999755859375,20.84832771675598,28.65148028016371,86.27896826113823,581.9865112304688,514.7477416992188,251.09869384765625,87.20472717285156,243.49000549316406,20.780607223510742,28.603132247924805,86.26010131835938
2025-01-06,586.2338281568046,520.1476411928097,257.8676320030354,87.10085361117956,242.3300018310547,20.916049771206303,28.41940689086914,86.26953125,585.339111328125,520.6637573242188,259.42279052734375,87.11974334716797,243.19000244140625,20.819305419921875,28.41940689086914,86.26953125
2025-01-07,587.3644406233403,521.7059999662438,262.6028919671659,87.00644826600296,245.52000427246094,20.925722731769362,28.400068012906125,86.28839111328125,578.722412109375,511.3728942871094,253.25196838378906,86.72315979003906,244.55999755859375,20.91604995727539,28.525774002075195,86.28839111328125
2025-01-08,578.7911897402016,511.27374292356757,252.77346226596234,86.60038588690489,245.72000122070312,20.954746874578735,28.670819168767807,86.30726623535156,579.56787109375,511.46234130859375,251.4475860595703,86.87422943115234,245.86000061035156,20.877351760864258,28.63214111328125,86.30726623535156
2025-01-10,576.0185903209236,507.7002616861164,248.63634739773258,86.36431636190683,248.00999450683594,21.525536760271926,28.7578473972887,86.34498187158026,570.7192993164062,503.44195556640625,246.4132537841797,86.24156188964844,248.2100067138672,21.438467025756836,28.77718734741211,86.3355484008789
2025-01-13,566.0787864044993,497.4962392396563,240.32221596756088,86.19434893451438,246.33999633789062,21.525535506081468,28.864215850830078,86.3449935913086,571.6041870117188,501.8240051269531,243.88113403320312,86.0904769897461,245.74000549316406,21.5932559967041,28.864215850830078,86.3449935913086
2025-01-14,574.5242054496483,504.98052179626774,246.96155505237087,86.12823454012278,245.6199951171875,21.50618681244422,28.777188403581267,86.354397096912,572.3907470703125,501.3475646972656,244.6786651611328,86.11878967285156,247.02999877929688,21.583581924438477,28.680490493774414,86.36383056640625
2025-01-15,580.3938376431494,509.23891191733566,248.47684396365517,86.99699498152764,248.2100067138672,21.699676530592406,28.554783157949,86.37328338623047,582.8026123046875,512.8817749023438,250.43077087402344,87.02532958984375,248.8800048828125,21.931861877441406,28.63214111328125,86.37328338623047
2025-01-16,584.1690862304802,515.1448467748171,256.3124411687992,86.94979672064355,250.55999755859375,21.82544272006064,28.690159118690655,86.3827096622076,581.6817016601562,509.2884826660156,251.5074005126953,87.23307800292969,250.60000610351562,21.83511734008789,28.63214111328125,86.37328338623047
2025-01-17,586.9121689712896,518.9861821179226,257.1797620611624,87.36525585898495,249.6999969482422,21.69000154824891,28.70950014287674,86.41099914025499,587.521728515625,517.8843994140625,257.44891357421875,87.29915618896484,249.27000427246094,21.738372802734375,28.738508224487305,86.42042541503906
2025-01-21,590.5597127423754,520.6042324328826,259.9909857331369,87.58246644518175,251.9499969482422,21.564235604750536,28.467755416271757,86.42042541503906,592.899658203125,520.921875,261.5760803222656,87.59191131591797,253.1300048828125,21.631956100463867,28.371057510375977,86.42042541503906
2025-01-22,595.7212772630847,525.6566091124832,265.1748939160972,87.55413390399676,254.2899932861328,21.612606048583984,28.400068784258877,86.42985180867903,596.2325439453125,527.582275390625,266.3412780761719,87.36527252197266,254.42999267578125,21.612606048583984,28.41940689086914,86.43928527832031
2025-01-23,595.6033506126263,525.1304853393235,262.20411079510166,86.99699712964193,253.19000244140625,21.612606678309284,28.43874655946699,86.44871874796159,599.4868774414062,528.7039184570312,266.0222473144531,87.13864135742188,254.07000732421875,21.53521156311035,28.40973663330078,86.43928527832031
2025-01-24,599.5458113037603,529.0810884811151,266.57053678011135,87.11028746736447,255.9600067138672,21.58358226936901,28.274359589535855,86.4770278930664,597.7367553710938,525.7161254882812,260.71875,87.31803131103516,255.64999389648438,21.544885635375977,28.235681533813477,86.4770278930664
2025-01-27,584.798310310645,507.223825099109,241.72782975498282,87.8940655354343,253.86000061035156,21.37074595919339,28.158323796891587,86.4770239199967,589.2815551757812,510.4101257324219,235.07852172851562,87.8846206665039,252.99000549316406,21.21595573425293,28.245349884033203,86.4864501953125
2025-01-28,590.5104687195756,511.4125304134355,237.15207551655934,87.66743222771991,254.22999572753906,21.24497856097226,28.35171727787846,86.49588366625832,594.3448486328125,517.953857421875,239.70413208007812,87.8940658569336,255.17999267578125,21.235305786132812,28.361387252807617,86.4864501953125
2025-01-29,593.5583059073574,518.5992219137866,241.65805853958213,87.9884906676026,254.5500030517578,21.215956200877237,28.43874684183864,86.50530596728633,591.6804809570312,516.9812622070312,238.7869873046875,87.79019165039062,254.1999969482422,21.274002075195312,28.41940689086914,86.4958724975586
2025-01-30,593.7943615542468,519.8399100776113,242.6649284843984,87.97904968261719,257.20001220703125,21.28367560029703,28.33237895586563,86.51474352876764,594.8561401367188,519.1847534179688,244.4095001220703,87.97904968261719,258.04998779296875,21.293350219726562,28.41940689086914,86.50531005859375
2025-01-31,597.2747575383468,523.0261489535886,245.40639671639042,88.00735867227247,259.0799865722656,21.20628077077255,28.49676435837239,86.53361511230469,591.6903686523438,518.4303588867188,242.8643035888672,87.83738708496094,258.55999755859375,21.25465202331543,28.535444259643555,86.53361511230469
2025-02-03,582.6943020815504,509.6755846757201,235.2380407334613,88.0893822491084,259.75,21.351396481875646,28.748177911314464,86.55821228027344,587.70849609375,514.2813110351562,238.03932189941406,87.8999252319336,259.94000244140625,21.419116973876953,28.661149978637695,86.55821228027344
2025-02-04,587.767535135661,514.7974890430145,238.06922527062238,87.71993378915923,261.8299865722656,21.138560908550286,28.516104298131882,86.5676793886385,591.6510620117188,520.5942993164062,240.72097778320312,88.1177978515625,262.5,21.47716522216797,28.400068283081055,86.55821228027344
2025-02-05,590.5302274178379,517.9638671852232,241.36895011643625,88.47778457624972,264.45001220703125,21.312700473977017,28.29370089404732,86.56768798828125,594.0499267578125,522.9566650390625,246.37338256835938,88.62934875488281,264.1300048828125,21.34172248840332,28.35171890258789,86.56768798828125
2025-02-06,595.7901006731433,523.4629031663001,246.41325152110338,88.53463676463538,263.6600036621094,21.361071180311264,28.40973634541795,86.58662414550781,596.1145629882812,525.6863403320312,247.5796356201172,88.52516174316406,263.42999267578125,21.351396560668945,28.332378387451172,86.58662414550781
2025-02-07,596.6750050236558,526.2224024701397,248.78587339823798,88.24095084883324,265.2200012207031,21.457814981633675,28.351718130732657,86.61500452256755,590.6580200195312,519.0557250976562,244.24002075195312,88.23147583007812,263.8999938964844,21.36107063293457,28.458086013793945,86.60553741455078
2025-02-10,593.8631663388722,523.3239005134812,246.23381982720807,88.32621863642493,268.0,21.535211400263698,28.535444541798505,86.62447301022704,594.6693115234375,525.3389282226562,248.84568786621094,88.2125473022461,268.3699951171875,21.670652389526367,28.545114517211914,86.6150131225586
2025-02-11,592.4080280097315,522.0732896066455,246.93164273542016,87.9946663656296,267.70001220703125,21.806095325251228,28.487093812362694,86.62447357177734,595.12158203125,524.0882568359375,249.09490966796875,87.98519134521484,267.3900146484375,21.83511734008789,28.448415756225586,86.62447357177734
2025-02-12,589.1145136580423,518.4403344445669,244.93785457848554,87.39787918096663,267.1499938964844,21.719024203784688,28.516104303582857,86.6339340209961,593.2044677734375,524.39599609375,247.7391357421875,87.3789291381836,267.6700134277344,21.5932559967041,28.467756271362305,86.6339340209961
2025-02-13,594.3055902381474,526.0635838146525,247.23071135382446,87.83361495991899,268.3999938964844,21.544886282559908,28.409735551102905,86.65286254882812,599.4672241210938,531.9398803710938,251.1385498046875,88.03254699707031,270.30999755859375,21.699676513671875,28.235681533813477,86.65286254882812
2025-02-14,599.6736949390985,532.0490173479468,251.21830610044063,88.44936066578792,270.07000732421875,21.82544233371935,28.119643388280764,86.68125915527344,599.437744140625,534.1732177734375,251.7965087890625,88.40199279785156,266.2900085449219,21.7093505859375,28.158323287963867,86.68125915527344
2025-02-18,600.5978525430173,535.7414804029439,253.92986961685904,88.12726911990356,269.67999267578125,21.84479043029146,28.206672950545006,86.69072057499565,601.1975708007812,535.3841552734375,255.4252166748047,87.92833709716797,270.70001220703125,22.02860450744629,28.21634292602539,86.70018768310547
2025-02-19,599.8112758662747,534.5901501639886,255.18596605072426,87.88097794926976,270.67999267578125,22.212418212368277,28.25501985912875,86.70964813232422,602.61328125,535.5331420898438,256.541748046875,88.07044219970703,270.8500061035156,22.20274543762207,28.245349884033203,86.70964813232422
2025-02-20,601.2467721645895,534.7489252091573,257.2694871200038,88.21254965004037,270.2300109863281,22.222093034339714,28.167993255956265,86.71912440245556,600.1063232421875,533.260009765625,257.00030517578125,88.25044250488281,270.989990234375,22.231767654418945,28.022947311401367,86.72858428955078
2025-02-21,599.8899930676969,534.4014759647268,257.5486223012347,88.36408432052937,270.79998779296875,22.15437123027715,28.129314140226953,86.74752141668992,589.842041015625,522.1923828125,249.2145538330078,88.77142333984375,270.739990234375,21.92218589782715,28.119644165039062,86.75698852539062
2025-02-24,591.8869960824046,523.9790766643296,250.52047834774453,88.68618923708061,271.45001220703125,21.844791412353516,28.129314704793806,86.76644897460938,587.157958984375,516.0282592773438,242.6649169921875,88.96090698242188,272.2099914550781,21.844791412353516,28.13898468017578,86.76644897460938
2025-02-25,587.098968367302,515.402907751773,241.95712772044004,89.51980700413067,271.4599914550781,21.815768080996907,28.071295561584673,86.77591608337138,584.2379150390625,509.52667236328125,237.51095581054688,89.66190338134766,268.6199951171875,21.60293197631836,28.032615661621094,86.76644897460938
2025-02-26,585.8994552001853,511.72034015672153,240.8505752945979,89.62401797635577,267.0799865722656,21.477164691516656,28.10997525078834,86.78538513183594,584.5328369140625,510.7574768066406,243.06369018554688,89.90821075439453,269.0299987792969,21.419116973876953,28.090635299682617,86.78538513183594
2025-02-27,586.8040113591791,514.3011549788575,245.30670356181858,89.60505397507403,266.489990234375,21.496512351408914,28.255019364820857,86.79484558105469,575.20263671875,496.5731201171875,228.08029174804688,89.80399322509766,264.92999267578125,21.44814109802246,28.293699264526367,86.79484558105469
2025-02-28,575.7040488167072,496.43413947250224,227.66159792135488,90.07871063613283,262.55999755859375,21.322374626173932,28.33237895586563,86.81377410888672,584.178955078125,504.41473388671875,232.04795837402344,90.29659271240234,263.2699890136719,21.283676147460938,28.41940689086914,86.81377410888672
2025-03-03,586.1452445030724,507.7399630206097,234.63989829057658,89.9878489122254,265.07000732421875,21.370746039578165,28.197002970779472,86.8318099975586,573.9441528320312,493.37689208984375,222.3182373046875,90.62437438964844,266.739990234375,21.148235321044922,28.14865493774414,86.8318099975586
2025-03-04,569.9525786591505,490.5280988504062,221.76994493095202,90.76686274861692,269.010009765625,21.157909861211515,28.051955596109163,86.84130703005412,567.1505126953125,491.8879699707031,224.53134155273438,90.33934020996094,269.05999755859375,21.21595573425293,27.897239685058594,86.8318099975586
2025-03-05,566.9832562516485,492.5331995401363,227.11331477914413,90.3583482083562,267.9700012207031,20.993444552292768,27.636155791543533,86.84131622314453,573.2460327148438,498.3002624511719,228.6884002685547,89.83582305908203,269.6199951171875,21.157909393310547,27.55879783630371,86.84131622314453
2025-03-06,565.7937090893346,490.04170516165766,221.29142400178023,89.788330078125,268.25,21.080514642688616,27.47177124492696,86.86031185300772,563.0703735351562,484.59228515625,219.09825134277344,89.788330078125,268.25,21.051490783691406,27.539459228515625,86.85081481933594
2025-03-07,561.2907933786839,483.5599718062666,219.9157220342445,90.23485171110553,269.0899963378906,21.186932685710044,27.375072767691204,86.87928928327297,566.2262573242188,488.15576171875,224.39178466796875,89.67432403564453,268.3900146484375,21.235305786132812,27.452430725097656,86.88878631591797
2025-03-10,558.0364891964213,479.8774159142813,218.88890704414897,90.19685603910388,267.6199951171875,21.30302638463738,27.423423207496224,86.88877986549319,551.1444702148438,469.23663330078125,213.86453247070312,90.30136108398438,266.0400085449219,21.099863052368164,27.471771240234375,86.89826965332031
2025-03-11,549.9844552948313,468.8594173402994,214.54243073708017,90.3013423933365,268.4700012207031,21.28367622700875,27.326724723751546,86.89827884596163,546.56298828125,468.1149597167969,213.5554962158203,89.97832489013672,269.1600036621094,21.21595573425293,27.317054748535156,86.90777587890625
2025-03-12,552.7077001878538,475.6190975102553,219.63659144463438,89.69332842874276,268.4700012207031,21.235304973681746,27.413752662472064,86.91726684570312,549.4632568359375,473.3956604003906,219.83596801757812,89.71232604980469,270.3299865722656,21.21595573425293,27.384742736816406,86.91726684570312
2025-03-13,549.0896792735167,472.7306091786664,220.0951531366268,89.57930830244874,271.57000732421875,21.157910488782036,27.49111147332149,86.91726958764194,542.138671875,464.8790588378906,218.8689727783203,90.07332611083984,275.1300048828125,21.138561248779297,27.481441497802734,86.9362564086914
2025-03-14,546.7496748611676,470.22918591828943,222.6571897602047,89.84533445983773,276.2699890136719,21.167582292542242,27.433092619015433,86.95525360107422,553.3369140625,476.1153564453125,225.86720275878906,89.75983428955078,275.239990234375,21.25465202331543,27.452430725097656,86.95525360107422
2025-03-17,553.3172833424321,476.06577117794853,225.52824372249796,89.92133046906937,275.5400085449219,21.361072256175984,27.394413554460595,86.97422790527344,557.6039428710938,479.2024230957031,228.24978637695312,89.83582305908203,276.7300109863281,21.399770736694336,27.346065521240234,86.97422790527344
2025-03-18,555.2934322950165,475.8672094425828,225.92701753424848,89.70281277611507,279.8999938964844,21.535210643382975,27.384743013642133,86.97422790527344,551.5770874023438,471.033203125,224.72076416015625,89.94032287597656,279.9599914550781,21.351396560668945,27.326725006103516,86.97422790527344
2025-03-19,553.3566775077279,473.2864979024419,224.7207572425031,89.86433321303738,279.8500061035156,21.399769501434715,27.423422920339423,86.98373413085938,557.5842895507812,477.33636474609375,226.70458984375,90.21585083007812,281.1099853515625,21.48683738708496,27.394412994384766,86.98373413085938
2025-03-20,553.8481847501696,473.35596661844284,224.44162421700315,90.70036401565248,279.489990234375,21.409441995407647,27.53945922381148,86.99324153366432,555.9718017578125,475.7183837890625,226.345703125,90.34884643554688,280.75,21.525535583496094,27.471771240234375,87.00273132324219
2025-03-21,551.5205297947124,470.57665761140777,222.07898827519068,90.49136255274315,279.4599914550781,21.438467371967576,27.539457886403973,87.03121185302734,556.1552734375,477.2867126464844,224.07278442382812,90.2728500366211,278.489990234375,21.399770736694336,27.55879783630371,87.03121185302734
2025-03-24,562.880651498493,484.8576794709337,228.4890244707676,90.0258330286063,278.9100036621094,21.448141362631002,27.558799184042247,87.04070164145253,566.1151733398438,487.76043701171875,229.9145965576172,89.75032043457031,277.25,21.47716522216797,27.607147216796875,87.03121185302734
2025-03-25,567.3181993393742,488.4861096315565,229.73515883309977,89.75032578268396,278.7799987792969,21.535211298775103,27.54912842599624,87.04071044921875,567.4760131835938,490.5438537597656,228.93763732910156,89.90232849121094,278.4700012207031,21.506187438964844,27.57813835144043,87.04071044921875
2025-03-26,567.2098236237739,489.3907581721666,227.6915128917881,89.75032133487096,278.92999267578125,21.554560335688148,27.655496039523246,87.05970607908014,560.701416015625,481.517578125,221.3213348388672,89.69332122802734,278.239990234375,21.47716522216797,27.70384407043457,87.05020904541016
2025-03-27,559.3108687859911,479.5591741727875,218.37052497486494,89.58881714598428,280.54998779296875,21.42879258774491,27.65549737645149,87.05969356141802,559.2122802734375,478.7738342285156,217.07455444335938,89.61731719970703,281.9700012207031,21.53521156311035,27.616817474365234,87.06918334960938
2025-03-28,557.6838635858104,476.9745201773356,216.1274988885019,90.04482999870227,283.82000732421875,21.515862405119385,27.597478019019075,87.08818210536754,547.9507446289062,466.16876220703125,211.51185607910156,90.33934020996094,284.05999755859375,21.467491149902344,27.56846809387207,87.0976791381836
2025-03-31,542.201606334121,459.19026229129486,206.68686867727024,90.71936215563618,287.5299987792969,21.63195593647995,27.56846894053921,87.0976791381836,551.6289672851562,466.1488952636719,210.81402587890625,90.60536193847656,288.1400146484375,21.767396926879883,27.59747886657715,87.0976791381836
2025-04-01,549.715889513425,464.53844262078127,210.30561878632585,90.79979355559071,288.5400085449219,21.815767633181324,27.62648582458496,87.11769104003906,553.18701171875,469.90655517578125,211.83087158203125,90.92369842529297,287.57000732421875,21.777070999145508,27.62648582458496,87.11769104003906
2025-04-02,547.3491617248258,463.36545522057037,208.31182658501734,91.30491956557215,288.2799987792969,21.728697740814503,27.549128419382978,87.11768214136744,556.6878051757812,473.336181640625,213.4259033203125,90.83790588378906,288.1600036621094,21.912511825561523,27.51045036315918,87.12721252441406
2025-04-03,537.5470765410741,453.742637111202,202.0612730671763,91.88630655305707,282.7799987792969,20.993446003727932,26.930264374576815,87.13673400878906,529.2537841796875,447.9967956542969,194.96336364746094,91.77193450927734,286.4200134277344,21.032142639160156,27.026962280273438,87.13673400878906
2025-04-04,516.4045547647906,435.55075905226965,188.114654585681,92.6392207136091,283.6400146484375,20.190471018394952,27.11399108222245,87.16533660888672,498.26971435546875,420.17218017578125,180.23916625976562,92.02925109863281,279.7200012207031,20.267866134643555,27.326725006103516,87.16533660888672
2025-04-07,482.40291724281104,406.24500940343484,172.95185114762114,91.96254684218535,278.8599853515625,20.026005419149477,27.31705447967185,87.18439610743262,497.3821716308594,421.1861877441406,184.32644653320312,90.9332275390625,273.7099914550781,19.948610305786133,27.442760467529297,87.17486572265625
2025-04-08,514.6196468974629,435.57069379132787,192.391358935401,90.4566801556061,277.8699951171875,20.132423272169707,27.326724723751546,87.17485555347153,489.591796875,413.6012878417969,179.3917999267578,90.47573852539062,275.20001220703125,19.50358772277832,27.317054748535156,87.19391632080078
2025-04-09,486.59399925019795,413.1141801222823,181.1961907161622,89.8085937382785,282.2200012207031,19.358471629825175,27.05597018135412,87.18438593713616,541.0084228515625,463.24615478515625,210.176025390625,90.1898193359375,285.3800048828125,20.20981788635254,27.35573387145996,87.19391632080078
2025-04-10,524.7866027854379,450.8796663706337,200.75534065394663,90.08496837816405,288.80999755859375,19.909911218295523,26.95927321442933,87.19391469124189,517.3019409179688,443.54327392578125,195.60137939453125,89.62749481201172,292.3500061035156,19.958282470703125,26.785219192504883,87.20343780517578
2025-04-11,515.7536950429114,442.0222794815872,195.09294812624788,89.08425910059478,297.9599914550781,19.958283024529333,26.40809829132326,87.23201588895743,526.5320434570312,451.71466064453125,200.685546875,89.12238311767578,297.92999267578125,20.248516082763672,26.543476104736328,87.24153900146484
2025-04-14,536.5017912856171,461.7152518499013,205.9790729613912,89.51313822332844,295.5400085449219,20.335585266084294,26.5724836167716,87.24153900146484,531.6401977539062,454.7765197753906,200.984619140625,89.83718872070312,296.2300109863281,20.258190155029297,26.45644760131836,87.24153900146484
2025-04-15,532.1825399641931,455.83027629002765,202.041333339735,89.8276484162954,296.92999267578125,20.20981788635254,26.514465900722314,87.25107447578328,530.151123046875,455.28350830078125,202.29055786132812,90.10404205322266,297.7799987792969,20.20981788635254,26.60149383544922,87.26060485839844
2025-04-16,524.3033791384568,446.3764597793453,192.56083546553202,90.21842561091081,304.6499938964844,20.31623579374698,26.437107362563204,87.26061848701195,518.3668823242188,441.55511474609375,193.7471466064453,90.49481201171875,307.4700012207031,20.46135139465332,26.37908935546875,87.2701416015625
2025-04-17,520.3194821276195,444.5274202476084,195.21258821714738,90.44715096728801,306.30999755859375,20.558096926687572,26.42743788953495,87.30825805664062,519.1065063476562,441.4755554199219,191.9327850341797,90.23747253417969,306.1199951171875,20.674190521240234,26.398427963256836,87.30825805664062
2025-04-21,513.9293312369678,435.6402443758458,188.31403321977635,89.97061507085208,315.0199890136719,20.567770080875174,26.12767466807504,87.30824152908271,506.7503662109375,430.55047607421875,187.2473602294922,89.75140380859375,315.5899963378906,20.500049591064453,26.147014617919922,87.3177719116211
2025-04-22,512.9235348557764,436.2267468236976,189.75955343923044,89.98966201017664,317.489990234375,20.59679412841797,26.19536294608579,87.3177719116211,519.9348754882812,441.8533020019531,191.3047332763672,89.81810760498047,311.1099853515625,20.59679412841797,26.29206085205078,87.3177719116211
2025-04-23,532.9319549297188,455.46243104941027,200.95471529599104,90.5805963114951,304.17999267578125,20.538747604320307,26.37908992864821,87.33683013916016,527.991455078125,451.8737487792969,198.29299926757812,89.91343688964844,303.6499938964844,20.44200325012207,26.53380584716797,87.33683013916016
2025-04-24,529.2734571828396,453.78243704630535,202.58962865332467,90.27559277451833,306.9800109863281,20.558095854111087,26.417766571044922,87.33683013916016,539.1051635742188,464.58819580078125,208.32179260253906,90.39949035644531,308.07000732421875,20.625816345214844,26.417766571044922,87.33683013916016
2025-04-25,539.0657336001437,464.210432874224,206.5373344759374,90.64729309539452,301.7799987792969,20.519397640165472,26.51446448413831,87.36541585193386,543.0003662109375,469.76739501953125,211.31248474121094,90.74259948730469,304.7300109863281,20.65484046936035,26.485454559326172,87.37493896484375
2025-04-28,543.7399439376,470.23458681729716,210.23582777901834,90.63775284424607,304.1499938964844,20.596795507659216,26.475785633819555,87.37494532485238,543.2073974609375,469.6182556152344,209.99656677246094,91.1047592163086,309.07000732421875,20.538747787475586,26.321069717407227,87.38447570800781
2025-04-29,541.2944189414077,467.3914778308246,208.68066646324434,91.05712901951584,305.80999755859375,20.393631893063482,26.350080212008336,87.38447570800781,546.62939453125,472.71978759765625,209.63768005371094,91.41929626464844,306.05999755859375,20.277538299560547,26.408098220825195,87.38447570800781
2025-04-30,539.9729835885655,464.36947606745446,204.38404222100698,91.40021901948805,304.6099853515625,20.142096076588647,26.46611701824763,87.39399719238281,546.8462524414062,472.6601867675781,210.62461853027344,91.56224060058594,303.7699890136719,19.900236129760742,26.50479507446289,87.39399719238281
2025-05-01,552.5952816524762,480.5532529218463,214.26329582522965,91.67985870984447,297.4100036621094,19.900236318416958,26.582153607694885,87.41504669189453,550.7216186523438,478.8334655761719,211.64146423339844,91.16351318359375,297.4599914550781,19.996980667114258,26.65951156616211,87.41504669189453
2025-05-02,556.894803218062,483.66474747370063,217.3138186240555,90.6949899923358,300.1700134277344,20.142097005449067,26.533804512901284,87.43416267248281,558.8966674804688,485.9411926269531,218.3505859375,90.55155944824219,297.9800109863281,20.08405113220215,26.620832443237305,87.4437255859375
2025-05-05,554.7648117792631,481.73622270162116,216.3567796133436,90.5228664891161,305.9200134277344,20.055028186777673,26.48545513078911,87.45328849939219,555.6917724609375,483.058349609375,216.9349822998047,90.38899993896484,306.8800048828125,19.967958450317383,26.57248306274414,87.4437255859375
2025-05-06,550.1892553966732,476.7259901676863,212.98726471685072,90.35076661022133,313.1199951171875,20.29688814995858,26.466118074001304,87.45329719301655,551.0471801757812,478.5650634765625,214.92124938964844,90.61849975585938,315.4800109863281,20.267866134643555,26.408098220825195,87.46286010742188
2025-05-07,552.3784371058738,479.2310866723673,215.05084457742586,90.71412069207297,312.1000061035156,20.219492198790697,26.485455974360267,87.46286010742188,553.3645629882812,480.4438781738281,219.33750915527344,90.8575439453125,310.75,20.01633071899414,26.60149383544922,87.46286010742188
2025-05-08,557.3977713110521,485.6430214704163,222.15873776260625,90.80016786464714,309.760009765625,20.13242269161568,26.61116249171621,87.47240119851118,557.2202758789062,485.4044494628906,221.2615203857422,90.14995574951172,304.6300048828125,20.277538299560547,26.823896408081055,87.48196411132812
2025-05-09,558.6205173502777,487.31305654497106,223.8335156437726,90.31251399132664,307.7900085449219,20.36460684254687,26.73687009402084,87.5106430053711,556.51025390625,485.0863037109375,222.70701599121094,90.2168960571289,306.8399963378906,20.432329177856445,26.746540069580078,87.5106430053711
2025-05-12,573.402558732667,503.99388239825186,235.98570664008844,89.62405255069956,298.3299865722656,20.74191138391744,27.055971151254028,87.5106430053711,574.9014892578125,504.84881591796875,236.67356872558594,89.64317321777344,298.19000244140625,20.567771911621094,27.123659133911133,87.5106430053711
2025-05-13,575.3156554869938,506.15112683099704,238.30847808302332,89.7579120614101,299.0199890136719,20.69353713129394,27.01729222671014,87.52977752685547,578.6981201171875,512.5431518554688,244.79827880859375,89.57623291015625,299.4599914550781,20.887025833129883,26.891584396362305,87.52977752685547
2025-05-14,579.6546629482465,513.7161211405411,246.8817920091362,89.53799491869695,293.6700134277344,20.80963108286372,26.814226230162497,87.52977752685547,579.437744140625,515.6148071289062,247.2207489013672,89.2415771484375,293.1600036621094,20.780607223510742,26.949604034423828,87.52977752685547
2025-05-15,577.4358426248243,513.4676100523011,244.98769441016967,89.61448056542754,294.1000061035156,20.5677713639895,26.862577939377992,87.54889244190184,582.2678833007812,516.1814575195312,246.36341857910156,89.82484436035156,297.8399963378906,20.57744598388672,26.881916046142578,87.5393295288086
2025-05-16,583.0469103495059,517.5830873308704,246.7721453776789,90.17864092506125,292.6199951171875,20.509724210358122,26.8915844041409,87.57757568359375,585.9559936523438,518.4281005859375,245.65562438964844,89.8535385131836,294.239990234375,20.500049591064453,26.959272384643555,87.57757568359375
2025-05-19,579.9405744991373,511.2010686059385,240.65118652431033,89.33718456183446,297.8500061035156,20.49037661440607,26.736869034232754,87.57757568359375,586.596923828125,518.9251708984375,245.24688720703125,89.80571746826172,298.0299987792969,20.471027374267578,26.775548934936523,87.57757568359375
2025-05-20,584.8614155899625,516.4001137065187,243.1135176867126,89.56667676307438,298.3500061035156,20.558095497731653,26.79488675108199,87.58712440515455,584.6246948242188,517.1954345703125,244.77833557128906,89.69098663330078,303.5799865722656,20.732234954833984,26.698190689086914,87.59668731689453
2025-05-21,580.2759146876367,513.2190709308395,242.57520879880636,89.33719876917176,304.54998779296875,20.838655573878174,26.572483345063738,87.60624694824219,574.7733154296875,510.00811767578125,240.72097778320312,89.06946563720703,305.82000732421875,20.70321273803711,26.5821533203125,87.60624694824219
2025-05-22,574.5760959985981,510.62444594761195,240.28233758840025,89.0981472742552,305.0899963378906,20.558095650886948,26.630503484461407,87.61581092803738,575.0001831054688,510.96246337890625,240.06301879882812,89.40412902832031,303.1099853515625,20.59679412841797,26.65951156616211,87.62537384033203
2025-05-23,567.988738706783,503.1886765918508,234.50032456370857,89.79616632860946,308.8599853515625,20.59679506293232,26.533805842682767,87.65406471118845,571.0753173828125,506.2305908203125,236.70347595214844,89.66229248046875,309.75,20.712886810302734,26.46611785888672,87.66362762451172
2025-05-27,577.9387671986972,513.0999064431962,241.73781065096986,89.8630944838809,303.80999755859375,20.58711952420062,26.49512623069847,87.66362762451172,582.9483032226562,518.139892578125,244.21011352539062,90.03520965576172,304.5,20.529071807861328,26.611164093017578,87.66362762451172
2025-05-28,583.3526236048898,519.0940785672615,244.5291193572361,89.85353147895897,304.6400146484375,20.61614161498608,26.669180763872895,87.6731948852539,579.5757446289062,515.8433837890625,241.60821533203125,89.7865982055664,303.80999755859375,20.46135139465332,26.698190689086914,87.6731948852539
2025-05-29,584.8318350718904,523.21968658337,248.22761251903364,90.025656448902,305.739990234375,20.412980564896714,26.572482497488064,87.68273162841797,581.8635864257812,516.8574829101562,243.3228759765625,90.1595230102539,305.6099853515625,20.354934692382812,26.553142547607422,87.68273162841797
2025-05-30,580.7591289651484,516.3703642123456,242.4755027532797,90.22646149892077,303.6400146484375,20.287211635041697,26.60149411370807,87.71144104003906,581.2127685546875,516.0422973632812,239.0063018798828,90.42726135253906,303.6000061035156,20.20014190673828,26.543476104736328,87.71144104003906
2025-06-02,579.6053591727813,514.1834116366912,238.43807295471265,90.17782011457248,309.2099914550781,20.674189442606806,26.427436821218816,87.73637239982219,584.4866943359375,520.1181640625,242.54530334472656,90.1202621459961,311.6700134277344,20.625816345214844,26.35974884033203,87.7267837524414
2025-06-03,584.1218520308094,520.4660102317107,242.72473843923208,90.24498358470038,309.55999755859375,20.62581619043969,26.5047959208108,87.73636808380608,587.81982421875,524.1838989257812,248.0182647705078,90.03392791748047,308.9100036621094,20.76125717163086,26.53380584716797,87.74596405029297
2025-06-04,588.6777258495218,524.889745168766,249.79275328833185,90.37929356330527,309.4100036621094,20.79995627728711,26.46611644571703,87.74596405029297,587.6619873046875,525.645263671875,250.96908569335938,90.69587707519531,310.8999938964844,20.683862686157227,26.417766571044922,87.74596405029297
2025-06-05,589.3384339818148,527.0468212855055,252.95291091529063,90.69587499798835,311.239990234375,20.8386549422167,26.301731897714912,87.75555419921875,584.8219604492188,521.6886596679688,250.52047729492188,90.42726135253906,309.3299865722656,20.780607223510742,26.398427963256836,87.75555419921875
2025-06-06,590.3541332655441,526.8679353376542,252.75352992458153,89.96678189981937,309.0899963378906,20.790281947239244,26.562813929165902,87.78433990478516,590.8275146484375,526.7883911132812,251.946044921875,89.707763671875,305.17999267578125,20.945072174072266,26.53380584716797,87.78433990478516
2025-06-09,591.3993476813894,527.0070935472497,254.2089912607563,89.7173290552505,305.3900146484375,20.93539646062157,26.543475818133523,87.79393918483582,591.3599243164062,527.5637817382812,256.16290283203125,89.8708267211914,306.6199951171875,20.964420318603516,26.46611785888672,87.80352783203125
2025-06-10,591.8924637491524,528.0309659877803,257.55856639661573,90.15863663516875,308.30999755859375,20.983770450203423,26.446776786051025,87.80352964338016,594.7128295898438,531.0530395507812,261.257080078125,90.02432250976562,306.7099914550781,20.91604995727539,26.49512481689453,87.81312561035156
2025-06-11,595.8074157747775,532.4546626717411,262.78232327627563,90.19700049629311,307.5,21.041815928783752,26.446777840387025,87.81312561035156,593.0166625976562,529.2636108398438,261.0676574707031,90.39846801757812,308.3699951171875,21.25465202331543,26.398427963256836,87.81312561035156
2025-06-12,591.6854337777163,527.9514667987352,259.25329846415957,90.74383159658748,311.739990234375,21.225630009887702,26.19536428045645,87.82270812988281,595.37353515625,530.5062255859375,262.3337097167969,90.79180145263672,312.20001220703125,21.25465202331543,26.205034255981445,87.82270812988281
2025-06-13,590.1962907494013,524.5616021772432,256.7510705108053,90.59034625008195,317.260009765625,21.738372360563822,26.369420155167994,87.86109161376953,588.7171020507812,523.8458862304688,256.19281005859375,90.45603942871094,316.2900085449219,21.912511825561523,26.272722244262695,87.86109161376953
2025-06-16,592.0700235861916,527.3650479728419,259.15361401004014,90.3505115474226,314.79998779296875,21.8641414642334,26.20503320261541,87.8706802604521,594.318359375,531.1326293945312,262.5630187988281,90.19701385498047,311.7799987792969,21.8641414642334,26.30173110961914,87.86109161376953
2025-06-17,591.8826171802143,528.5678317630843,261.6259339036176,90.42725763238026,312.6600036621094,22.12534881419561,26.292062207099207,87.87068357439354,589.2398071289062,525.953369140625,260.778564453125,90.63831329345703,311.94000244140625,22.328510284423828,26.475786209106445,87.88027954101562
2025-06-18,590.1371879149127,526.9673174269449,261.9648647208566,90.79180947659964,312.8900146484375,22.4349297230401,26.446777631162526,87.88987150207696,589.1510620117188,525.8638916015625,261.77545166015625,90.69587707519531,310.260009765625,22.38655662536621,26.52413558959961,87.89946746826172
2025-06-20,591.8224395288368,529.1146401876316,264.0284566247524,90.51359856926376,309.3299865722656,22.44460534005627,26.45644676109156,87.92823610159984,587.7673950195312,523.7167358398438,259.462646484375,90.75343322753906,310.1300048828125,22.50265121459961,26.49512481689453,87.91864013671875
2025-06-23,588.5189525073708,524.2849177292203,259.04395773323904,91.01244935431458,310.3399963378906,22.492976635574895,26.611163512911283,87.92824735664452,593.572998046875,529.1017456054688,261.1075439453125,91.07000732421875,311.0799865722656,21.670652389526367,26.38875961303711,87.9378433227539
2025-06-24,597.7072691809916,534.3166475371182,265.1050792415801,90.98366131114877,305.07000732421875,21.186931954803075,26.311399736678876,87.9378433227539,600.1304321289062,537.1928100585938,270.69769287109375,91.38658905029297,306.19000244140625,21.148235321044922,26.253381729125977,87.9378433227539
2025-06-25,601.247995602986,539.4618726543914,272.3724749858838,91.2139016451784,305.30999755859375,21.080514563626622,26.32106970655992,87.95702180772602,600.4666748046875,538.566162109375,274.3463439941406,91.42495727539062,307.1199951171875,21.119211196899414,26.185693740844727,87.94742584228516
2025-06-26,602.3161076886594,540.7456288167091,276.22049560570395,91.59765403699024,305.7699890136719,21.148234430900075,26.069654747393987,87.95702362060547,605.16455078125,543.6018676757812,276.34014892578125,91.75114440917969,306.7799987792969,21.196605682373047,26.07932472229004,87.95702362060547
2025-06-27,606.1636033457827,544.6369129629151,277.3170897493707,91.51130676269531,300.0299987792969,21.157909409308306,26.098666083874413,87.99539184570312,608.1713256835938,545.4629516601562,277.5563659667969,91.51130676269531,301.2200012207031,21.090187072753906,26.127676010131836,87.99539184570312
2025-06-30,610.6142201701539,548.6178491756941,278.8323867689284,91.7127534551019,302.3900146484375,21.099863052368164,26.10833598656795,88.01458589960195,611.0790405273438,548.9960327148438,278.0149230957031,91.87583923339844,304.8299865722656,21.099863052368164,25.992298126220703,88.00499725341797
2025-07-01,609.6054458188352,547.0950210069877,275.9413580572771,91.83063547600953,308.55999755859375,21.128886002068292,25.943949874758456,88.0204086303711,610.88134765625,544.3681640625,274.9843444824219,91.70552825927734,307.54998779296875,21.21595573425293,25.982629776000977,88.0204086303711
2025-07-02,610.4757907292374,543.5421378206258,273.9675166157352,91.4167941374693,308.0400085449219,21.312699213368397,26.050317192408496,88.03002166748047,613.650634765625,548.159912109375,280.3775634765625,91.51303100585938,309.25,21.564233779907227,25.963289260864258,88.03002166748047
2025-07-03,615.628656191773,550.5284872552298,281.9427280638259,91.23394604483452,307.04998779296875,21.602930960215396,26.059986899215076,88.06852743331129,618.4869995117188,553.5538940429688,282.740234375,91.19544982910156,307.1400146484375,21.5545597076416,26.0889949798584,88.07815551757812
2025-07-07,616.5286747873084,550.8669428006658,280.88600804059047,91.05107434027965,305.07000732421875,21.419117967689402,26.137345426785885,88.07814810062597,613.8780517578125,549.3840942382812,278.8922119140625,90.9067153930664,307.3699951171875,21.53521156311035,26.176023483276367,88.08777618408203
2025-07-08,614.5406899285775,550.7275591514004,280.73645253317255,90.66612517006678,306.29998779296875,21.53521148143178,26.253382006579134,88.08777618408203,613.5418090820312,549.6925659179688,282.6006774902344,90.77198791503906,304.1600036621094,21.60293197631836,26.195363998413086,88.08777618408203
2025-07-09,615.945166968477,551.8223265771115,283.84680584862275,90.90672809538673,303.5799865722656,21.51586068331613,26.205033973833963,88.097412109375,617.2210083007812,553.5838623046875,284.53466796875,91.24356079101562,305.5199890136719,21.564233779907227,26.195363998413086,88.097412109375
2025-07-10,617.3595500232223,554.2208201829343,286.99699062209544,91.17619805003389,306.1099853515625,21.448140207971434,26.243711471557617,88.1070253588883,618.9617919921875,552.7877197265625,286.62811279296875,91.19544982910156,306.20001220703125,21.496511459350586,26.243711471557617,88.11665344238281
2025-07-11,615.9154666088177,550.647990624161,285.581380525724,90.88747654839105,308.8599853515625,21.593256913051476,26.29206163580442,88.13591003417969,616.7858276367188,551.543701171875,286.59820556640625,90.77198791503906,309.1400146484375,21.777070999145508,26.321069717407227,88.13591003417969
2025-07-14,616.3308265898004,551.3346156245823,285.4119076872179,90.77199383325615,309.07000732421875,21.786744694407318,26.350079711654185,88.15516641444444,617.9627685546875,553.5440063476562,284.4349670410156,90.7334976196289,308.010009765625,21.5932559967041,26.38875961303711,88.14553833007812
2025-07-15,620.6431287961128,557.5646843377589,290.76527610277265,90.83935838669602,307.7300109863281,21.573907101524117,26.398428035193753,88.15516662597656,615.3220825195312,554.0515747070312,289.89794921875,90.3774185180664,306.7300109863281,21.5545597076416,26.53380584716797,88.15516662597656
2025-07-16,616.9045519994012,554.6089344039383,287.6050806682936,90.52177701290647,307.1099853515625,21.4674901790696,26.562813074298653,88.1647951325359,617.3792724609375,554.6188354492188,288.3826599121094,90.62763977050781,308.260009765625,21.583581924438477,26.43710708618164,88.17442321777344
2025-07-17,617.5573456006476,555.3453881761403,289.15026037161476,90.67577020949183,305.5,21.554559474360456,26.553142547607422,88.18405130301097,621.1574096679688,559.1072387695312,290.80511474609375,90.5987777709961,307.5899963378906,21.757720947265625,26.553142547607422,88.17442321777344
2025-07-18,622.4035753929759,560.4208944407413,292.00142600684444,90.85860965339128,309.239990234375,21.980231375290526,26.427437399170948,88.20328542955066,620.7024536132812,558.56982421875,289.40948486328125,90.84898376464844,308.3900146484375,21.796419143676758,26.51446533203125,88.2129135131836
2025-07-21,621.87939453125,559.3958338406302,289.76836353659513,91.23394674264266,311.8800048828125,21.738372255297527,26.39842824135214,88.232177734375,621.87939453125,561.4658203125,289.6088562011719,91.16658020019531,313.1300048828125,21.748046875,26.340410232543945,88.232177734375
2025-07-22,622.2057439990875,561.5953057671576,288.8412420190242,91.26281870489352,314.4800109863281,21.651302866801515,26.33074024908789,88.24179077148438,621.9683837890625,558.5599365234375,284.48480224609375,91.42642211914062,316.1000061035156,21.7093505859375,26.205034255981445,88.24179077148438
2025-07-23,624.6290041031127,559.6447408565938,284.4150132002157,91.21469395088221,314.0,21.641629563271948,26.26305113242954,88.24179861225056,627.2598876953125,561.107666015625,285.720947265625,91.09921264648438,312.17999267578125,21.651302337646484,26.166353225708008,88.25142669677734
2025-07-24,627.6454884244192,562.4212998555654,286.2991638504088,90.78162968227467,309.2900085449219,21.651303149561677,26.205033133016602,88.25142669677734,627.4674682617188,562.3018798828125,286.9072570800781,90.9644775390625,310.2699890136719,21.670652389526367,26.234041213989258,88.25142669677734
2025-07-25,628.1302418329662,562.2222340881906,285.34213473330783,90.9356050177374,307.82000732421875,21.61260594287945,26.350078857886114,88.2802963256836,630.1181640625,563.6553344726562,286.59820556640625,91.17620086669922,307.3999938964844,21.44814109802246,26.29206085205078,88.2802963256836
2025-07-28,630.4938993278172,565.0188240471344,288.88112426079437,91.01259442120683,306.44000244140625,21.63195575484207,26.495125668725812,88.2995450751114,629.9598388671875,565.4169311523438,290.5060729980469,90.9740982055664,305.4100036621094,21.670652389526367,26.59182357788086,88.2899169921875
2025-07-29,631.3544434316219,568.0243008153843,292.64938090581944,91.10882306011241,305.79998779296875,21.66097696896442,26.707861442928635,88.299560546875,628.29833984375,564.5410766601562,291.9914245605469,91.57077026367188,306.25,21.951210021972656,26.65951156616211,88.299560546875
2025-07-30,628.9509803708415,565.4566306884598,293.8456868205117,91.2531967163086,304.4200134277344,21.854466498585246,26.84323721117072,88.30918884277344,627.5070190429688,565.2974243164062,295.3410339355469,91.2531967163086,300.9599914550781,21.9028377532959,26.920595169067383,88.30918884277344
2025-07-31,632.4522656090571,571.7861703841629,293.78586612292935,91.39755911497022,304.5899963378906,21.719024658203125,26.978612899780273,88.31880187988281,625.1531372070312,562.3018798828125,287.88421630859375,91.33019256591797,302.9599914550781,21.719024658203125,26.978612899780273,88.31880187988281
2025-08-01,619.4364414435403,556.1514446022372,282.03243137530455,92.0726843891036,308.6099853515625,21.71902555193511,26.65951156616211,88.35648345947266,614.9066162109375,551.2251586914062,283.0692138671875,92.38165283203125,309.1099853515625,21.370746612548828,26.65951156616211,88.35648345947266
2025-08-04,618.813325728958,556.3703965814645,285.40195953380737,92.46853440106514,310.79998779296875,21.225629728964815,26.611163251949336,88.36614990234375,624.2530517578125,561.3961791992188,289.28985595703125,92.50715637207031,310.9100036621094,21.293350219726562,26.64984130859375,88.36614990234375
2025-08-05,624.866279158634,562.6799876518158,289.83813529554783,92.34302394532097,310.3699951171875,21.225630717952466,26.678851234346457,88.37580420991759,621.088134765625,557.5845336914062,286.2094421386719,92.4395751953125,311.1600036621094,21.10953712463379,26.64984130859375,88.36614990234375
2025-08-06,622.1562946160922,558.4205125100245,283.9464704089999,92.30441502675748,310.32000732421875,21.322374044407766,26.562812797819095,88.38544940851142,625.845458984375,564.6007690429688,285.7309265136719,92.37200164794922,310.5,21.06116485595703,26.49512481689453,88.39511108398438
2025-08-07,629.2675537310744,568.9299422883823,291.92163657481717,92.37199946138875,311.7200012207031,21.17725652081418,26.50479613569881,88.39511108398438,625.3212890625,566.5115966796875,290.2169494628906,92.30441284179688,313.1199951171875,21.12888526916504,26.475786209106445,88.39511108398438
2025-08-08,627.1114011688534,567.7157577691117,291.02443339237567,92.17888889397678,312.3500061035156,21.196605759571824,26.514465614250074,88.43376446021044,630.1972045898438,571.7960815429688,292.6194763183594,92.09198760986328,313.04998779296875,21.12888526916504,26.52413558959961,88.42410278320312
2025-08-11,630.474150672182,571.9354554685915,293.5964407679444,92.15957866021523,308.6199951171875,21.128885534809175,26.59182280053068,88.43375396728516,628.9509887695312,570.104248046875,292.4898681640625,92.12096405029297,308.54998779296875,21.157909393310547,26.630502700805664,88.43375396728516
2025-08-12,631.2951060550639,572.4031988590039,294.3740209219143,92.0050875474585,308.2200012207031,21.109537470481456,26.60149269798122,88.44340515136719,635.6469116210938,577.269775390625,299.1690979003906,92.10163879394531,308.2699890136719,21.07084083557129,26.49512481689453,88.44340515136719
2025-08-13,637.8424936799373,579.9667330931853,300.9037194877189,92.36233740048641,309.1000061035156,21.099862585685234,26.42743682861328,88.45307159423828,637.82275390625,577.558349609375,300.345458984375,92.42992401123047,309.2099914550781,21.04181671142578,26.42743682861328,88.45307159423828
2025-08-14,635.7457174616427,575.508266162602,297.0756059015608,92.2754381644658,307.92999267578125,21.0805140175159,26.504795638900536,88.47239997419786,637.882080078125,577.1105346679688,300.98345947265625,92.13060760498047,307.25,21.12888526916504,26.52413558959961,88.4627456665039
2025-08-15,638.9106535836406,577.0209239007323,298.4313935006902,92.09197435945299,307.3399963378906,21.00311713947133,26.43710708618164,88.50138092041016,636.3886108398438,574.57275390625,294.73291015625,91.94715118408203,307.42999267578125,21.06116485595703,26.43710708618164,88.50138092041016
2025-08-18,635.814941575414,573.67703945311,294.00519367275,92.01474790232578,307.7900085449219,20.94507207605804,26.485455124175676,88.50138092041016,636.2501220703125,574.3438110351562,295.93914794921875,91.86026000976562,306.95001220703125,21.080514907836914,26.50479507446289,88.50138092041016
2025-08-19,636.0721245937336,573.6272978127284,295.939152750882,91.99543635692817,306.760009765625,20.993445069942435,26.514465056227177,88.52069091796875,632.7984008789062,566.5513916015625,289.9677429199219,92.09198760986328,305.2699890136719,20.91604995727539,26.57248306274414,88.52069091796875
2025-08-20,632.3929060531275,565.6059676042936,289.10044218594834,92.09197675192941,307.5400085449219,21.061165588532777,26.543474417026236,88.53035449781368,631.1170043945312,563.1876220703125,288.06365966796875,92.2271499633789,308.3599853515625,21.148235321044922,26.553142547607422,88.5400161743164
2025-08-21,629.3071240874224,561.6450181787756,286.8873130100017,92.10164055324928,307.8599853515625,21.14823570663197,26.591822526187862,88.5400161743164,628.5850830078125,560.5802001953125,286.56829833984375,91.9568099975586,307.2900085449219,21.274002075195312,26.688520431518555,88.5400161743164
2025-08-22,630.7708500494616,561.9634564557491,286.7377895092313,92.11128842878088,306.5199890136719,21.254651664841056,26.698190596595328,88.57864692141607,638.2380981445312,569.2284545898438,292.7291564941406,92.4685287475586,310.5799865722656,21.36107063293457,26.42743682861328,88.5689926147461
2025-08-25,636.9820621561176,567.6660593438861,292.8388147194147,92.30439488741035,309.6700134277344,21.409443429347768,26.485455137368934,88.57864379882812,635.4292602539062,567.58642578125,293.00830078125,92.28508758544922,309.8299865722656,21.467491149902344,26.64017105102539,88.57864379882812
2025-08-26,635.1622594491828,567.0987131018536,293.9054923433098,92.36233614179444,310.6199951171875,21.332048214237478,26.582153037890166,88.59797954847484,638.0897827148438,569.8653564453125,295.8294982910156,92.52647399902344,312.0799865722656,21.30302619934082,26.57248306274414,88.58831787109375
2025-08-27,637.5062787617181,568.8503542214644,294.9322808631466,92.40094555062275,311.3900146484375,21.28367586567143,26.698191178938448,88.59796142578125,639.543701171875,570.7412109375,296.7366638183594,92.70026397705078,312.7099914550781,21.32237434387207,26.5821533203125,88.59796142578125
2025-08-28,640.1470117905141,571.3582297430389,297.17530163172,92.67130739986099,313.32000732421875,21.341721581779485,26.533804434013067,88.60762786865234,641.80859375,574.3140258789062,297.952880859375,92.91268920898438,315.0299987792969,21.457815170288086,26.485454559326172,88.60762786865234
2025-08-29,640.374480883152,571.9055458127416,294.6431988998613,92.80648457904284,314.7200012207031,21.50618662622724,26.553143949225046,88.64625549316406,637.9810180664062,567.666015625,289.3895568847656,92.83544921875,318.07000732421875,21.48683738708496,26.46611785888672,88.64625549316406
2025-09-02,630.5136938017484,558.6195355636612,282.211870573541,92.4712170056038,320.82000732421875,21.68032711014204,26.659511001322244,88.66759490966797,633.2533569335938,562.9088745117188,285.59136962890625,92.55840301513672,325.5899963378906,21.83511734008789,26.64017105102539,88.66759490966797
2025-09-03,635.6270824559713,566.5015849549442,286.46861180016725,92.56809387426092,327.760009765625,21.767396540835378,26.620833503935135,88.67728424072266,636.6853637695312,567.3375854492188,285.54150390625,92.8780746459961,328.1400146484375,21.641630172729492,26.59182357788086,88.67728424072266
2025-09-04,637.3578424589464,568.0043701424134,284.3551819549917,93.11056284242042,327.0299987792969,21.477164612758827,26.620832725736918,88.68698246481057,642.00634765625,572.4728393554688,288.9608459472656,93.29460906982422,326.69000244140625,21.48683738708496,26.630502700805664,88.6966781616211
2025-09-05,644.3404359625918,577.707586970244,294.1547258697624,93.87583536037201,329.5299987792969,21.419117398900863,26.475784866813466,88.71606571637498,640.1469116210938,573.298828125,292.3702697753906,93.7499008178711,331.04998779296875,21.312700271606445,26.49512481689453,88.72576141357422
2025-09-08,641.5118841129237,575.5977945125156,294.22449550002494,93.98237035744367,333.6600036621094,21.477164409247017,26.4274381718839,88.73544311523438,641.7196044921875,576.0953979492188,295.6001892089844,94.04049682617188,334.82000732421875,21.457815170288086,26.408098220825195,88.73544311523438
2025-09-09,641.8580441132016,576.8915385805233,296.2980337640814,93.99205260092798,337.0299987792969,21.593256623509372,26.427437399170948,88.7451400756836,643.2031860351562,577.7275390625,296.8861999511719,93.81768798828125,334.05999755859375,21.51586151123047,26.51446533203125,88.7451400756836
2025-09-10,646.4570213518696,580.942094267134,299.65757427721803,94.01144573590824,335.7300109863281,21.554559287276145,26.5047959208108,88.74514110646653,645.0625,577.9166870117188,299.8968200683594,94.06956481933594,335.260009765625,21.66097640991211,26.53380584716797,88.75482940673828
2025-09-11,647.0109525903231,580.4443950823623,302.5984387201855,94.19548105620748,333.3699951171875,21.457814827296257,26.504795350857496,88.7645263671875,650.4231567382812,581.2803955078125,302.9872131347656,94.21485900878906,334.760009765625,21.496511459350586,26.44677734375,88.7645263671875
2025-09-12,650.393364548417,582.2358530939185,304.11373245754913,93.99204887068531,335.8800048828125,21.66097675371917,26.543474408950445,88.78391392269302,650.2054443359375,583.8480834960938,303.37603759765625,93.94361877441406,335.4200134277344,21.62228012084961,26.485454559326172,88.79360961914062
2025-09-15,652.4110731340584,585.6195335974215,302.87757898382705,94.10830653042274,336.30999755859375,21.76739603511687,26.437107864960986,88.7936032544427,653.6671142578125,588.843994140625,306.2171936035156,94.09861755371094,338.9100036621094,21.815767288208008,26.398427963256836,88.80329895019531
2025-09-16,654.2210123755038,589.7695130089575,307.47326643078316,94.10829292695017,340.0899963378906,21.95121075278381,26.31139917051495,88.81299591064453,652.7671508789062,588.3463745117188,306.2570495605469,94.15672302246094,339.5899963378906,22.038280487060547,26.234041213989258,88.81299591064453
2025-09-17,652.7770367516476,588.2667613743852,305.5492536715071,94.25359193784952,338.5299987792969,21.970558126495828,26.272721685163074,88.82268524169922,651.9561157226562,587.1720581054688,304.3031311035156,93.95329284667969,336.9700012207031,21.806095123291016,26.321069717407227,88.82268524169922
2025-09-18,654.6364399867887,592.058483907603,312.57738106624697,93.62396287180506,336.2200012207031,21.81576771386335,26.427437393261105,88.84207789828965,655.0023803710938,592.466552734375,315.9867858886719,93.6433334350586,335.6199951171875,21.7093505859375,26.44677734375,88.83238220214844
2025-09-19,656.8877828567474,594.4668964152456,315.41854447782845,93.59490215399141,336.510009765625,21.62228129836479,26.514465614250074,88.87115478515625,658.2465209960938,596.4771728515625,314.7306823730469,93.60458374023438,339.17999267578125,21.53521156311035,26.52413558959961,88.87115478515625
2025-09-22,656.7588899327194,595.56457167487,315.2889315341914,93.60457925856132,342.75,21.448141827855917,26.456446753726798,88.87115604963243,661.3607788085938,600.0083618164062,321.170654296875,93.44959259033203,345.04998779296875,21.53521156311035,26.42743682861328,88.88085174560547
2025-09-23,661.2417286303936,600.1776946146698,322.1575805684194,93.58520111522051,348.2300109863281,21.61260534586979,26.4467781229426,88.88085174560547,657.7606201171875,596.0228881835938,320.7021179199219,93.71112823486328,346.4599914550781,21.757720947265625,26.408098220825195,88.88085174560547
2025-09-24,659.0498612769777,597.3979183069385,320.4030310755668,93.59490566851375,346.70001220703125,21.8254426386118,26.58215388454119,88.89054996944846,655.6678466796875,593.9305419921875,320.1139221191406,93.45928955078125,343.32000732421875,21.9028377532959,26.60149383544922,88.9002456665039
2025-09-25,652.5338627083877,590.0447574609248,315.30889414679046,93.24615490244163,344.3900146484375,21.91251112314518,26.67885130880728,88.9002456665039,652.6429443359375,591.3699340820312,320.0640869140625,93.2558364868164,344.75,22.057626724243164,26.785219192504883,88.9002456665039
2025-09-26,654.0910020825955,592.1868651388552,320.6423124735964,93.23646462409494,345.8299865722656,22.038280688995965,26.746538436973314,88.92931365966797,656.3820190429688,593.8009643554688,320.8217468261719,93.20740509033203,346.739990234375,22.067302703857422,26.688520431518555,88.92931365966797
2025-09-29,658.9010899003678,596.929586249639,323.6429359759998,93.32365127723577,351.7900085449219,21.93186086181796,26.601492775599425,88.92932255276256,658.2266845703125,596.5509643554688,321.65911865234375,93.47864532470703,352.4599914550781,21.88348960876465,26.630502700805664,88.93901824951172
2025-09-30,657.4828203674869,596.2520555976123,321.74883845525466,93.55613352512857,351.1300048828125,21.76739528567434,26.62083378635725,88.93901824951172,660.7061157226562,598.1849975585938,325.3476257324219,93.43988800048828,355.4700012207031,21.796419143676758,26.60149383544922,88.93901824951172
2025-10-01,657.7208144097488,594.9966151966095,323.2740930807438,93.82273795551426,356.1700134277344,21.61260534586979,26.52413559478009,88.95944213867188,662.9574584960938,601.0545043945312,332.6549072265625,93.75472259521484,356.0299987792969,21.757720947265625,26.59182357788086,88.95944213867188
2025-10-02,664.9410037342527,604.8506893778672,338.60640455415097,93.71585221890248,358.260009765625,21.719025020848704,26.572482850393186,88.96916198730469,663.7210693359375,603.5255126953125,337.1907958984375,93.85188293457031,354.7900085449219,21.612606048583984,26.630502700805664,88.96916198730469
2025-10-03,664.4848020775174,604.3027001978111,338.3571626806191,93.86160195174352,357.1199951171875,21.680326461791992,26.601493270810025,88.9983532465622,663.7112426757812,600.9848022460938,335.6356201171875,93.66727447509766,357.6400146484375,21.680326461791992,26.5821533203125,88.9886245727539
2025-10-06,666.1014192164715,606.2355880916678,344.38838436646853,93.4437884272716,362.1600036621094,21.815768018620652,26.746539002990584,89.0080795288086,666.0914916992188,605.498291015625,342.3148498535156,93.39521026611328,364.3800048828125,21.9028377532959,26.707860946655273,89.0080795288086
2025-10-07,667.0138297258598,606.8035939044607,345.21584504143493,93.51180178206434,366.510009765625,21.883489187318318,26.804557586065133,89.0080795288086,663.6219482421875,602.3099975585938,336.0044860839844,93.62840270996094,366.260009765625,21.989906311035156,26.862577438354492,89.0080795288086
2025-10-08,664.7426772273783,603.2066381307736,335.6854967105661,93.80330268548997,371.6499938964844,22.018930435180664,26.9109251937854,89.02753448486328,667.5791625976562,609.2147216796875,344.99652099609375,93.64783477783203,372.29998779296875,22.018930435180664,26.920595169067383,89.02753448486328
2025-10-09,667.9957845708525,609.2545466200572,344.9666025573525,93.56038131602166,373.1400146484375,22.106000342489914,26.959272743845737,89.02753448486328,665.6452026367188,608.4774169921875,344.13916015625,93.5798110961914,365.42999267578125,21.815767288208008,27.104320526123047,89.02753448486328
2025-10-10,666.6071968358344,609.1748739271294,344.8968223515825,93.91017204142788,367.5400085449219,21.631954994561152,27.084980498831733,89.05670809402694,647.6542358398438,587.3545532226562,324.330810546875,94.16280364990234,369.1199951171875,21.351396560668945,26.968942642211914,89.06643676757812
2025-10-13,655.2216030747315,597.497493628088,336.4331583794127,94.15309850458665,376.5,21.573907023206413,27.036631477037584,89.06643557218487,657.5919189453125,599.8190307617188,338.69610595703125,94.21139526367188,378.0899963378906,21.62228012084961,27.065641403198242,89.07616424560547
2025-10-14,651.7701536094826,593.1434568492728,332.0268775404862,94.30854301124195,378.2099914550781,21.34172220576513,27.055971139977526,89.08588549822254,656.78857421875,595.8236694335938,332.46551513671875,94.45429229736328,380.7900085449219,21.380420684814453,26.988283157348633,89.07616424560547
2025-10-15,661.3408732132422,601.8117836952674,341.0388327962946,94.45429442739983,385.92999267578125,21.486837183481494,26.96894291822313,89.09559750705014,659.7044067382812,600.0282592773438,340.7198181152344,94.347412109375,387.3900146484375,21.457815170288086,26.910924911499023,89.08586883544922
2025-10-16,661.340821247798,602.9077579751356,345.0961997669742,94.26968611434175,391.1499938964844,21.496512085484877,26.872247628504883,89.0956039428711,655.2116088867188,597.806396484375,342.2350769042969,94.78466796875,396.45001220703125,21.419116973876953,26.80455780029297,89.0956039428711
2025-10-17,654.0810128478913,595.7738386787643,340.16154929129493,94.69721915144082,397.1400146484375,21.40944351157881,26.833566665649414,89.12480304084661,658.9308471679688,601.7320556640625,341.76654052734375,94.62920379638672,388.989990234375,21.399770736694336,26.833566665649414,89.11508178710938
2025-10-20,661.8367798071084,604.9303809627713,344.92672749029794,94.68750069708929,397.45001220703125,21.438466583149005,26.862576597973664,89.13451385498047,665.7840576171875,609.3143310546875,346.1429443359375,94.7555160522461,403.1499938964844,21.612606048583984,26.901254653930664,89.13451385498047
2025-10-21,665.9229005771253,609.4139706950965,345.9834321257124,94.9207011084044,386.5400085449219,21.44814062892329,26.988283721513042,89.1442425275727,665.7741088867188,609.1549072265625,344.2288818359375,94.93041229248047,377.239990234375,21.390094757080078,27.00762367248535,89.13451385498047
2025-10-22,666.4783066993808,608.5969960402966,341.79644758237896,94.88183663383266,372.75,21.5448845913813,27.036630906518095,89.15398406982422,662.3128051757812,603.286376953125,337.5496826171875,94.9498519897461,377.2799987792969,21.728696823120117,26.978612899780273,89.15398406982422
2025-10-23,662.6301900162397,602.7085014161719,336.0044782828502,94.75550952322136,381.4599914550781,22.04795366931919,27.026963058484686,89.15397503685482,666.2402954101562,608.35791015625,343.7304382324219,94.638916015625,378.7900085449219,22.096324920654297,26.988283157348633,89.1636962890625
2025-10-24,670.9016937183009,613.7481193370727,349.49252084515825,94.75550488181898,378.510009765625,22.1156755201799,26.988283157348633,89.19287109375,671.6851806640625,614.8540649414062,350.0508117675781,94.72635650634766,377.5199890136719,22.106000900268555,26.988283157348633,89.19287109375
2025-10-27,677.1201116013259,622.2471843336021,356.5605387082786,94.58060721587422,371.1300048828125,22.105999821439145,26.968942359623814,89.19287109375,679.6094970703125,625.80419921875,358.823486328125,94.72635650634766,367.010009765625,22.057626724243164,26.959272384643555,89.19287109375
2025-10-28,681.4046232640447,628.0658354818435,358.4944993429237,94.668070578118,361.80999755859375,21.893162117543266,26.988283717268033,89.2123425046974,681.41455078125,630.6165161132812,361.983642578125,94.8138198852539,364.3800048828125,21.85446548461914,26.9399356842041,89.2026138305664
2025-10-29,683.0609104229828,633.276839153424,367.93512656211686,94.76524313080857,369.6499938964844,21.980232786459172,26.988282387822647,89.21233108089204,681.7418823242188,633.4561767578125,367.4665832519531,94.2016830444336,363.0,21.970558166503906,27.094650268554688,89.23178100585938
2025-10-30,678.2805836148408,629.869267455657,366.29025020718115,93.92961260109051,365.0899963378906,21.89316250658676,27.19134924872957,89.23178100585938,674.2440185546875,623.7715454101562,362.60174560546875,94.06564331054688,370.1300048828125,21.98023223876953,27.201017379760742,89.23178100585938
2025-10-31,679.4110606194914,631.8619934183905,365.74196320985106,94.12393700929304,370.4700012207031,22.086651862311687,27.230027592508776,89.25125122070312,676.45556640625,626.7805786132812,361.8939208984375,94.10449981689453,368.1199951171875,22.13502311706543,27.27837562561035,89.25125122070312
2025-11-03,680.0359699637585,632.7986042633725,366.5494502515679,93.98170602793921,368.9100036621094,22.21241833247957,27.32672415844748,89.26392364501953,677.7251586914062,629.7796630859375,364.9643859863281,94.05968475341797,368.7799987792969,22.299488067626953,27.297714233398438,89.26392364501953
2025-11-04,670.5545580097922,621.0117005353788,356.8695806056175,94.12791243938977,363.4800109863281,22.086651316013274,27.375072761597856,89.273681640625,669.6917114257812,616.996337890625,351.665771484375,94.17665100097656,362.32000732421875,22.144697189331055,27.384742736816406,89.273681640625
2025-11-05,669.4337786331213,616.2390515684897,352.0047155962881,94.0109389580774,366.3900146484375,22.13502264965083,27.413752945021205,89.2932005406705,672.012451171875,621.0116577148438,358.3848571777344,93.72827911376953,366.510009765625,22.076976776123047,27.394412994384766,89.28343963623047
2025-11-06,670.9115428502156,619.5270116741043,358.47457979243165,94.07916956109311,367.1600036621094,22.09632628035721,27.30738476718001,89.29320526123047,664.8021850585938,609.44384765625,350.0009460449219,94.20588684082031,366.07000732421875,22.106000900268555,27.249366760253906,89.29320526123047
2025-11-07,662.4218719882706,606.0961466218313,345.4650755234893,94.1181557713887,367.94000244140625,22.183395120160835,27.22035627010351,89.32247924804688,665.4567260742188,607.5209350585938,347.0401611328125,94.244873046875,368.30999755859375,22.15437126159668,27.230026245117188,89.32247924804688
2025-11-10,671.6751969912248,616.6674802752618,356.44088870794985,94.12790563200984,375.92999267578125,22.280140854003108,27.23969678503969,89.34199523925781,675.8406982421875,620.9617919921875,357.67706298828125,94.11815643310547,378.3800048828125,22.39623260498047,27.249366760253906,89.34199523925781
2025-11-11,674.3629519753922,618.3115007347396,354.1480436845172,94.36183730711012,379.9800109863281,22.444604995987937,27.17200957972565,89.34199051792218,677.3878784179688,619.307861328125,349.9610595703125,94.41057586669922,379.8699951171875,22.54134750366211,27.2106876373291,89.33222961425781
2025-11-12,679.1632192686196,622.5659665942537,355.0950896055995,94.36184707051287,380.07000732421875,22.357534486479555,27.278373992669486,89.34199523925781,677.7648315429688,618.8196411132812,354.4271545410156,94.4300765991211,385.989990234375,22.289813995361328,27.220355987548828,89.34199523925781
2025-11-13,674.9085136071693,615.2925422980531,350.5392700907441,94.20589646227747,387.2900085449219,22.338186160879005,27.172009575515375,89.35175323486328,666.5180053710938,606.1858520507812,343.7503967285156,94.15715789794922,382.8699951171875,22.173721313476562,27.14299964904785,89.35175323486328
2025-11-14,659.9127066954921,597.3679290922347,334.2001040797137,94.43007356618698,372.8699951171875,22.202744281074995,27.142998871124533,89.39077758789062,666.4088745117188,606.64404296875,343.909912109375,94.00120544433594,375.9599914550781,22.222091674804688,27.181678771972656,89.39077758789062
2025-11-17,664.1972328051172,604.0934192729386,340.8793121249356,94.0986721260898,374.0400085449219,22.202744077406408,27.23969678503969,89.39077758789062,660.2003173828125,601.4630126953125,339.244384765625,94.1084213256836,371.6499938964844,22.193069458007812,27.249366760253906,89.39077758789062
2025-11-18,656.6596108350068,597.4377215700049,334.70852527188515,94.39106835215789,374.8299865722656,22.22209232724845,27.2493675434931,89.41032409667969,654.65625,594.1397705078125,332.25616455078125,94.26435852050781,374.3500061035156,22.376882553100586,27.27837562561035,89.41032409667969
2025-11-19,655.3505280387882,594.897031094223,333.77144200671535,94.36184331882721,377.7799987792969,22.19306973968222,27.355734661608984,89.42007755737167,657.185302734375,597.6868286132812,338.3870849609375,94.1961441040039,374.9599914550781,22.15437126159668,27.452430725097656,89.41032409667969
2025-11-20,667.3808213360044,609.3940836964333,347.7778290274125,94.29360895099637,375.2900085449219,22.241441784576555,27.413753232076747,89.42005629594607,647.1683349609375,583.5385131835938,324.091552734375,94.42032623291016,374.8500061035156,21.94153594970703,27.471771240234375,89.42981719970703
2025-11-21,649.667590792559,585.3319113971087,323.99187798059404,94.73223114013672,374.0299987792969,21.777069905008478,27.491110625980475,89.44935607910156,653.6149291992188,587.9224853515625,325.1183776855469,94.73223114013672,374.2699890136719,21.796419143676758,27.452430725097656,89.44935607910156
2025-11-24,657.2447591605586,593.1135933516537,327.97945102914935,94.82970972993266,374.8800048828125,21.719025509199344,27.44276074987695,89.44935607910156,663.235107421875,602.9575805664062,338.06805419921875,94.8784408569336,380.20001220703125,21.9028377532959,27.452430725097656,89.44935607910156
2025-11-25,663.1360016067486,601.3136469136847,333.6917016768302,94.97590765790437,380.260009765625,21.73837197352578,27.38474245436686,89.46885681152344,669.4735107421875,606.674072265625,338.955322265625,95.12210845947266,380.0799865722656,21.786745071411133,27.375072479248047,89.46885681152344
2025-11-26,672.0620713400136,610.2808195033393,343.18214999419416,95.01489833759645,381.05999755859375,21.835116353458776,27.394412139202768,89.48836826556001,674.09521484375,612.034423828125,346.63140869140625,95.20008850097656,383.1199951171875,22.018930435180664,27.297714233398438,89.4786148071289
2025-11-28,675.2654787466182,613.8677508272276,348.08691742073904,95.16109551826838,385.9800109863281,22.193070392709974,27.336395478563333,89.50789642333984,677.7747192382812,616.996337890625,351.187255859375,95.03438568115234,387.8800048828125,22.309162139892578,27.27837562561035,89.50789642333984
2025-12-01,673.232272756968,611.3967336448243,347.7679062579651,94.60228064441085,390.6099853515625,22.357535768148527,27.19134931643408,89.52846003004369,674.6802978515625,614.923828125,351.8651428222656,94.52407836914062,389.75,22.367210388183594,27.268707275390625,89.51866912841797
2025-12-02,676.316803165018,617.2055331651553,354.7461817971649,94.49475822411608,388.8699951171875,22.318837105364477,27.288045099406197,89.5382361385661,675.9300537109375,619.7362670898438,358.3150634765625,94.60228729248047,387.239990234375,22.270465850830078,27.259037017822266,89.54802703857422
2025-12-03,674.9779023816353,617.3649627124794,358.58424912835983,94.75871617141401,388.4599914550781,22.396231792643363,27.162339035063304,89.54802449090202,678.2706298828125,621.2507934570312,363.23974609375,94.79782104492188,386.8800048828125,22.376882553100586,27.123659133911133,89.55780792236328
2025-12-04,679.6689755171525,622.6555993528335,362.1331868945121,94.65117326151048,386.9200134277344,22.36721030663812,27.094650839423565,89.56761169433594,678.7664794921875,620.6728515625,360.47833251953125,94.50453186035156,387.1300048828125,22.4349308013916,27.181678771972656,89.56761169433594
2025-12-05,679.8375623637357,622.1077018660956,363.32946583512023,94.52407877682955,389.1199951171875,22.541347768017953,27.152667999267578,89.59697962213403,680.0557861328125,623.2036743164062,363.28961181640625,94.30900573730469,386.44000244140625,22.570371627807617,27.152667999267578,89.58718872070312
2025-12-08,680.9484564225444,624.9273247300189,366.9581829244108,94.25035801606523,387.0199890136719,22.41558035811732,27.152669128291237,89.59697723388672,678.0127563476562,622.0079956054688,367.4067687988281,94.11348724365234,385.4200134277344,22.289813995361328,27.191349029541016,89.59697723388672
2025-12-09,677.5366934232544,620.7426537012356,365.9014655549589,94.25034996872414,385.6199951171875,22.28014020604833,27.210686295089836,89.61653900146484,677.4275512695312,622.7752075195312,367.8553771972656,93.97661590576172,387.3999938964844,22.24144172668457,27.230026245117188,89.61653900146484
2025-12-10,676.9515664343469,621.5795410824109,367.7656717625895,93.9375202265774,385.95001220703125,22.23176694701984,27.23002594587921,89.61653900146484,681.92041015625,625.3258666992188,372.9395751953125,94.2796859741211,389.04998779296875,22.376882553100586,27.084980010986328,89.61653900146484
2025-12-11,679.51034738166,621.5497401616841,368.6329598149789,94.51430272485895,389.0199890136719,22.202744187911367,26.97861318206462,89.6263427734375,683.5072021484375,623.3033447265625,369.7395324707031,94.2894515991211,393.239990234375,22.357534408569336,26.988283157348633,89.6263427734375
2025-12-12,682.5154459360199,619.8160122611713,365.8516189116177,94.03527069091797,399.1600036621094,22.36721002050711,27.026962280273438,89.66548919677734,676.1581420898438,611.3867797851562,353.02154541015625,94.03527069091797,395.44000244140625,22.173721313476562,27.026962280273438,89.66548919677734
2025-12-15,680.1053789946951,616.1195138735233,357.0191163097522,94.25035801606523,397.760009765625,22.135023198860942,26.988283721513042,89.66548919677734,675.1365356445312,608.3179931640625,351.8053283691406,94.11348724365234,395.79998779296875,22.067302703857422,27.00762367248535,89.66548919677734
2025-12-16,673.6488975485244,606.0462710202155,350.4794497135967,94.0841586201462,397.75,21.912511905601086,26.930264868225287,89.67528533935547,673.2918701171875,609.5235595703125,350.8482971191406,94.37744140625,395.8900146484375,21.844791412353516,26.978612899780273,89.67528533935547
2025-12-17,674.3034691132465,610.8287773715621,351.79536576026305,94.2601364449206,398.0799865722656,21.999581926488855,27.065640555745496,89.6850814819336,665.8832397460938,598.2247924804688,338.18768310546875,94.35789489746094,399.2900085449219,22.106000900268555,27.036630630493164,89.6850814819336
2025-12-18,672.0322187932205,607.5806797208244,349.75171194950224,94.60228729248047,398.2799987792969,22.0479543729754,27.007623113558914,89.6998062133789,670.9114990234375,606.8931884765625,346.1728515625,94.60228729248047,398.57000732421875,21.951210021972656,27.055971145629883,89.6998062133789
2025-12-19,673.0134542661981,609.722845815118,349.2233502128212,94.44830145334896,397.9200134277344,22.028605786222883,27.094651615961222,89.71947901912539,676.9923095703125,614.8042602539062,355.125,94.38945007324219,399.0199890136719,22.106000900268555,27.14299964904785,89.72930908203125
2025-12-22,680.3245900087294,619.8862552767364,362.4100036621094,94.31100145841451,406.9800109863281,22.3799991607666,27.020000457763672,89.72930908203125,681.2098999023438,617.7513427734375,359.70001220703125,94.2913818359375,408.2300109863281,22.389999389648438,27.030000686645508,89.72930908203125
2025-12-23,680.3046207584179,616.7437078609482,358.6000061035156,94.08541449326853,410.29998779296875,22.479999542236328,26.969999313354492,89.73913164679607,684.3233032226562,620.6444702148438,363.1600036621094,94.25214385986328,413.6400146484375,22.639999389648438,26.940000534057617,89.72930908203125
2025-12-24,684.313382495532,620.5247726871431,362.70001220703125,94.369854971786,412.25,22.670000076293945,26.940000534057617,89.75878143310547,686.7305297851562,622.460205078125,364.1700134277344,94.49735260009766,411.92999267578125,22.6299991607666,26.950000762939453,89.75878143310547
2025-12-26,686.989161229118,623.1884938656726,366.07000732421875,94.63465115662594,416.4800109863281,22.709999084472656,26.920000076293945,89.7784389806563,686.660888671875,622.4203491210938,365.8599853515625,94.58561706542969,416.739990234375,22.700000762939453,26.969999313354492,89.78826904296875
2025-12-29,683.9055083361335,618.6392040742111,362.6600036621094,94.6935013279293,403.6600036621094,22.59000015258789,26.959999084472656,89.78826904296875,684.2138671875,619.4074096679688,364.2099914550781,94.7229232788086,398.6000061035156,22.489999771118164,26.979999542236328,89.78826904296875
2025-12-30,683.8160334465714,618.3798323976478,365.1600036621094,94.58561565012324,403.6000061035156,22.719999313354492,27.020000457763672,89.79810333251953,683.3783569335938,617.9707641601562,363.30999755859375,94.62484741210938,398.8900146484375,22.639999389648438,27.049999237060547,89.79810333251953
2025-12-31,683.5076844111845,618.1903012408169,364.8299865722656,94.48753635075646,398.6000061035156,22.520000457763672,27.059999465942383,89.81775242566965,678.3152465820312,612.8628540039062,360.1300048828125,94.31100463867188,396.30999755859375,22.360000610351562,27.030000686645508,89.80792236328125
