date,DFII10,DTWEXBGS,T10YIE
2003-01-02,2.43,,1.64
2003-01-03,2.43,,1.62
2003-01-06,2.46,,1.63
2003-01-07,2.42,,1.62
2003-01-08,2.29,,1.71
2003-01-09,2.41,,1.78
2003-01-10,2.41,,1.75
2003-01-13,2.38,,1.77
2003-01-14,2.34,,1.76
2003-01-15,2.3,,1.8
2003-01-16,2.31,,1.79
2003-01-17,2.25,,1.8
2003-01-20,,,
2003-01-21,2.23,,1.78
2003-01-22,2.23,,1.72
2003-01-23,2.2,,1.78
2003-01-24,2.14,,1.8
2003-01-27,2.16,,1.82
2003-01-28,2.19,,1.81
2003-01-29,2.21,,1.85
2003-01-30,2.2,,1.8
2003-01-31,2.19,,1.81
2003-02-03,2.2,,1.81
2003-02-04,2.12,,1.84
2003-02-05,2.12,,1.9
2003-02-06,2.09,,1.88
2003-02-07,2.07,,1.89
2003-02-10,2.06,,1.93
2003-02-11,2.05,,1.93
2003-02-12,2.04,,1.89
2003-02-13,2.01,,1.88
2003-02-14,2.03,,1.92
2003-02-17,,,
2003-02-18,2.05,,1.89
2003-02-19,1.99,,1.89
2003-02-20,1.91,,1.94
2003-02-21,1.93,,1.97
2003-02-24,1.87,,1.99
2003-02-25,1.84,,1.97
2003-02-26,1.84,,1.94
2003-02-27,1.82,,1.94
2003-02-28,1.77,,1.94
2003-03-03,1.77,,1.91
2003-03-04,1.77,,1.88
2003-03-05,1.75,,1.88
2003-03-06,1.74,,1.93
2003-03-07,1.72,,1.91
2003-03-10,1.69,,1.9
2003-03-11,1.68,,1.92
2003-03-12,1.68,,1.92
2003-03-13,1.73,,2.01
2003-03-14,1.89,,1.83
2003-03-17,1.97,,1.85
2003-03-18,2.08,,1.83
2003-03-19,2.15,,1.83
2003-03-20,2.2,,1.81
2003-03-21,2.29,,1.82
2003-03-24,2.18,,1.8
2003-03-25,2.17,,1.8
2003-03-26,2.15,,1.81
2003-03-27,2.1,,1.85
2003-03-28,2.09,,1.83
2003-03-31,2.03,,1.8
2003-04-01,2.02,,1.82
2003-04-02,2.11,,1.83
2003-04-03,2.12,,1.81
2003-04-04,2.16,,1.8
2003-04-07,2.21,,1.82
2003-04-08,2.18,,1.77
2003-04-09,2.13,,1.8
2003-04-10,2.16,,1.79
2003-04-11,2.23,,1.77
2003-04-14,2.22,,1.82
2003-04-15,2.18,,1.8
2003-04-16,2.2,,1.76
2003-04-17,2.22,,1.76
2003-04-18,,,
2003-04-21,2.25,,1.75
2003-04-22,2.27,,1.74
2003-04-23,2.26,,1.76
2003-04-24,2.22,,1.71
2003-04-25,2.18,,1.73
2003-04-28,2.16,,1.76
2003-04-29,2.22,,1.74
2003-04-30,2.16,,1.73
2003-05-01,2.13,,1.75
2003-05-02,2.19,,1.75
2003-05-05,2.19,,1.73
2003-05-06,2.17,,1.67
2003-05-07,2.02,,1.7
2003-05-08,2.0,,1.7
2003-05-09,2.0,,1.69
2003-05-12,1.96,,1.68
2003-05-13,1.94,,1.69
2003-05-14,1.87,,1.66
2003-05-15,1.86,,1.67
2003-05-16,1.84,,1.62
2003-05-19,1.85,,1.61
2003-05-20,1.73,,1.65
2003-05-21,1.73,,1.66
2003-05-22,1.71,,1.63
2003-05-23,1.72,,1.62
2003-05-26,,,
2003-05-27,1.8,,1.61
2003-05-28,1.83,,1.61
2003-05-29,1.76,,1.58
2003-05-30,1.77,,1.6
2003-06-02,1.83,,1.6
2003-06-03,1.76,,1.58
2003-06-04,1.73,,1.57
2003-06-05,1.75,,1.59
2003-06-06,1.76,,1.61
2003-06-09,1.68,,1.61
2003-06-10,1.61,,1.59
2003-06-11,1.62,,1.59
2003-06-12,1.57,,1.61
2003-06-13,1.51,,1.62
2003-06-16,1.59,,1.59
2003-06-17,1.7,,1.57
2003-06-18,1.79,,1.58
2003-06-19,1.74,,1.61
2003-06-20,1.77,,1.63
2003-06-23,1.71,,1.61
2003-06-24,1.68,,1.61
2003-06-25,1.71,,1.67
2003-06-26,1.85,,1.7
2003-06-27,1.9,,1.68
2003-06-30,1.9,,1.64
2003-07-01,1.92,,1.64
2003-07-02,1.96,,1.6
2003-07-03,2.09,,1.58
2003-07-04,,,
2003-07-07,2.14,,1.6
2003-07-08,2.12,,1.63
2003-07-09,2.0,,1.73
2003-07-10,1.94,,1.76
2003-07-11,1.88,,1.78
2003-07-14,1.92,,1.82
2003-07-15,2.06,,1.88
2003-07-16,2.08,,1.89
2003-07-17,2.05,,1.93
2003-07-18,2.04,,1.96
2003-07-21,2.21,,1.98
2003-07-22,2.19,,1.98
2003-07-23,2.11,,2.01
2003-07-24,2.18,,2.02
2003-07-25,2.14,,2.08
2003-07-28,2.27,,2.04
2003-07-29,2.38,,2.04
2003-07-30,2.32,,2.02
2003-07-31,2.41,,2.08
2003-08-01,2.4,,2.04
2003-08-04,2.34,,2.01
2003-08-05,2.43,,2.04
2003-08-06,2.34,,1.98
2003-08-07,2.29,,2.01
2003-08-08,2.27,,2.0
2003-08-11,2.31,,2.07
2003-08-12,2.29,,2.08
2003-08-13,2.41,,2.17
2003-08-14,2.38,,2.17
2003-08-15,2.36,,2.19
2003-08-18,2.33,,2.16
2003-08-19,2.24,,2.14
2003-08-20,2.26,,2.19
2003-08-21,2.29,,2.24
2003-08-22,2.26,,2.22
2003-08-25,2.31,,2.22
2003-08-26,2.28,,2.22
2003-08-27,2.36,,2.18
2003-08-28,2.29,,2.13
2003-08-29,2.29,,2.16
2003-09-01,,,
2003-09-02,2.43,,2.18
2003-09-03,2.4,,2.2
2003-09-04,2.32,,2.2
2003-09-05,2.17,,2.18
2003-09-08,2.24,,2.17
2003-09-09,2.21,,2.16
2003-09-10,2.18,,2.1
2003-09-11,2.22,,2.13
2003-09-12,2.18,,2.09
2003-09-15,2.18,,2.1
2003-09-16,2.26,,2.03
2003-09-17,2.2,,2.0
2003-09-18,2.18,,2.01
2003-09-19,2.17,,2.0
2003-09-22,2.21,,2.05
2003-09-23,2.19,,2.05
2003-09-24,2.13,,2.03
2003-09-25,2.07,,2.05
2003-09-26,1.99,,2.05
2003-09-29,2.03,,2.06
2003-09-30,1.95,,2.01
2003-10-01,1.96,,2.0
2003-10-02,2.01,,2.02
2003-10-03,2.16,,2.05
2003-10-06,2.11,,2.06
2003-10-07,2.17,,2.1
2003-10-08,2.18,,2.09
2003-10-09,2.2,,2.12
2003-10-10,2.14,,2.15
2003-10-13,,,
2003-10-14,2.18,,2.19
2003-10-15,2.2,,2.23
2003-10-16,2.21,,2.26
2003-10-17,2.14,,2.27
2003-10-20,2.13,,2.28
2003-10-21,2.12,,2.26
2003-10-22,2.07,,2.22
2003-10-23,2.03,,2.31
2003-10-24,1.92,,2.32
2003-10-27,1.96,,2.34
2003-10-28,1.91,,2.32
2003-10-29,1.98,,2.33
2003-10-30,1.97,,2.39
2003-10-31,1.93,,2.4
2003-11-03,1.97,,2.43
2003-11-04,1.93,,2.4
2003-11-05,2.02,,2.36
2003-11-06,2.08,,2.37
2003-11-07,2.1,,2.38
2003-11-10,2.09,,2.4
2003-11-11,,,
2003-11-12,2.04,,2.4
2003-11-13,1.94,,2.36
2003-11-14,1.87,,2.35
2003-11-17,1.82,,2.36
2003-11-18,1.83,,2.34
2003-11-19,1.91,,2.33
2003-11-20,1.92,,2.24
2003-11-21,1.93,,2.22
2003-11-24,1.99,,2.24
2003-11-25,1.92,,2.27
2003-11-26,1.96,,2.29
2003-11-27,,,
2003-11-28,2.03,,2.31
2003-12-01,2.08,,2.32
2003-12-02,2.05,,2.33
2003-12-03,2.08,,2.33
2003-12-04,2.04,,2.34
2003-12-05,1.92,,2.31
2003-12-08,1.96,,2.33
2003-12-09,2.0,,2.32
2003-12-10,1.97,,2.33
2003-12-11,1.9,,2.37
2003-12-12,1.91,,2.35
2003-12-15,1.98,,2.3
2003-12-16,1.99,,2.25
2003-12-17,1.96,,2.23
2003-12-18,1.94,,2.22
2003-12-19,1.95,,2.2
2003-12-22,1.98,,2.2
2003-12-23,2.03,,2.25
2003-12-24,1.96,,2.24
2003-12-25,,,
2003-12-26,1.94,,2.23
2003-12-29,1.99,,2.25
2003-12-30,2.01,,2.28
2003-12-31,2.0,,2.27
2004-01-01,,,
2004-01-02,2.06,,2.32
2004-01-05,2.06,,2.35
2004-01-06,1.97,,2.32
2004-01-07,1.94,,2.33
2004-01-08,1.99,,2.28
2004-01-09,1.89,,2.22
2004-01-12,1.89,,2.22
2004-01-13,1.83,,2.22
2004-01-14,1.85,,2.16
2004-01-15,1.82,,2.17
2004-01-16,1.83,,2.21
2004-01-19,,,
2004-01-20,1.84,,2.24
2004-01-21,1.79,,2.26
2004-01-22,1.76,,2.23
2004-01-23,1.82,,2.27
2004-01-26,1.89,,2.27
2004-01-27,1.84,,2.27
2004-01-28,1.92,,2.3
2004-01-29,1.91,,2.31
2004-01-30,1.85,,2.31
2004-02-02,1.84,,2.34
2004-02-03,1.81,,2.32
2004-02-04,1.82,,2.33
2004-02-05,1.85,,2.35
2004-02-06,1.79,,2.33
2004-02-09,1.76,,2.33
2004-02-10,1.79,,2.34
2004-02-11,1.75,,2.3
2004-02-12,1.77,,2.33
2004-02-13,1.74,,2.31
2004-02-16,,,
2004-02-17,1.75,,2.3
2004-02-18,1.75,,2.3
2004-02-19,1.76,,2.29
2004-02-20,1.79,,2.31
2004-02-23,1.76,,2.29
2004-02-24,1.74,,2.3
2004-02-25,1.71,,2.31
2004-02-26,1.69,,2.36
2004-02-27,1.61,,2.38
2004-03-01,1.55,,2.45
2004-03-02,1.58,,2.47
2004-03-03,1.59,,2.48
2004-03-04,1.6,,2.44
2004-03-05,1.46,,2.39
2004-03-08,1.43,,2.35
2004-03-09,1.4,,2.33
2004-03-10,1.45,,2.29
2004-03-11,1.5,,2.24
2004-03-12,1.52,,2.26
2004-03-15,1.47,,2.31
2004-03-16,1.4,,2.3
2004-03-17,1.36,,2.35
2004-03-18,1.37,,2.39
2004-03-19,1.44,,2.36
2004-03-22,1.42,,2.32
2004-03-23,1.41,,2.32
2004-03-24,1.38,,2.35
2004-03-25,1.4,,2.35
2004-03-26,1.47,,2.38
2004-03-29,1.5,,2.41
2004-03-30,1.52,,2.39
2004-03-31,1.48,,2.38
2004-04-01,1.48,,2.43
2004-04-02,1.69,,2.46
2004-04-05,1.75,,2.49
2004-04-06,1.73,,2.46
2004-04-07,1.82,,2.37
2004-04-08,1.8,,2.41
2004-04-09,,,
2004-04-12,1.81,,2.44
2004-04-13,1.88,,2.47
2004-04-14,1.91,,2.49
2004-04-15,1.93,,2.49
2004-04-16,1.87,,2.5
2004-04-19,1.87,,2.52
2004-04-20,1.97,,2.46
2004-04-21,1.96,,2.49
2004-04-22,1.98,,2.42
2004-04-23,2.12,,2.36
2004-04-26,2.03,,2.43
2004-04-27,2.0,,2.43
2004-04-28,2.1,,2.4
2004-04-29,2.15,,2.4
2004-04-30,2.11,,2.42
2004-05-03,2.09,,2.44
2004-05-04,2.1,,2.46
2004-05-05,2.1,,2.51
2004-05-06,2.15,,2.48
2004-05-07,2.24,,2.55
2004-05-10,2.25,,2.56
2004-05-11,2.21,,2.58
2004-05-12,2.17,,2.66
2004-05-13,2.18,,2.67
2004-05-14,2.16,,2.63
2004-05-17,2.07,,2.63
2004-05-18,2.05,,2.69
2004-05-19,2.03,,2.76
2004-05-20,1.96,,2.76
2004-05-21,2.04,,2.72
2004-05-24,2.01,,2.74
2004-05-25,2.03,,2.7
2004-05-26,1.99,,2.68
2004-05-27,1.97,,2.63
2004-05-28,2.0,,2.66
2004-05-31,,,
2004-06-01,1.97,,2.74
2004-06-02,2.04,,2.7
2004-06-03,2.05,,2.66
2004-06-04,2.11,,2.67
2004-06-07,2.11,,2.67
2004-06-08,2.15,,2.63
2004-06-09,2.2,,2.62
2004-06-10,2.18,,2.63
2004-06-11,,,
2004-06-14,2.26,,2.63
2004-06-15,2.16,,2.53
2004-06-16,2.18,,2.56
2004-06-17,2.16,,2.55
2004-06-18,2.15,,2.57
2004-06-21,2.16,,2.54
2004-06-22,2.17,,2.55
2004-06-23,2.18,,2.53
2004-06-24,2.15,,2.51
2004-06-25,2.16,,2.5
2004-06-28,2.23,,2.53
2004-06-29,2.2,,2.5
2004-06-30,2.1,,2.52
2004-07-01,2.04,,2.53
2004-07-02,1.96,,2.52
2004-07-05,,,
2004-07-06,1.97,,2.52
2004-07-07,2.0,,2.5
2004-07-08,2.02,,2.47
2004-07-09,2.02,,2.47
2004-07-12,2.02,,2.44
2004-07-13,2.03,,2.47
2004-07-14,2.02,,2.48
2004-07-15,2.01,,2.49
2004-07-16,1.94,,2.44
2004-07-19,1.96,,2.42
2004-07-20,2.05,,2.42
2004-07-21,2.05,,2.45
2004-07-22,2.03,,2.45
2004-07-23,2.0,,2.45
2004-07-26,2.05,,2.44
2004-07-27,2.15,,2.47
2004-07-28,2.11,,2.5
2004-07-29,2.07,,2.53
2004-07-30,2.01,,2.49
2004-08-02,2.0,,2.48
2004-08-03,1.98,,2.47
2004-08-04,2.0,,2.45
2004-08-05,1.96,,2.47
2004-08-06,1.82,,2.42
2004-08-09,1.85,,2.43
2004-08-10,1.9,,2.42
2004-08-11,1.86,,2.44
2004-08-12,1.81,,2.46
2004-08-13,1.77,,2.45
2004-08-16,1.82,,2.44
2004-08-17,1.82,,2.39
2004-08-18,1.83,,2.4
2004-08-19,1.76,,2.46
2004-08-20,1.79,,2.45
2004-08-23,1.86,,2.42
2004-08-24,1.87,,2.41
2004-08-25,1.88,,2.38
2004-08-26,1.86,,2.36
2004-08-27,1.86,,2.37
2004-08-30,1.83,,2.36
2004-08-31,1.78,,2.35
2004-09-01,1.77,,2.36
2004-09-02,1.83,,2.37
2004-09-03,1.88,,2.42
2004-09-06,,,
2004-09-07,1.86,,2.4
2004-09-08,1.82,,2.36
2004-09-09,1.83,,2.39
2004-09-10,1.83,,2.36
2004-09-13,1.81,,2.35
2004-09-14,1.81,,2.34
2004-09-15,1.86,,2.32
2004-09-16,1.81,,2.27
2004-09-17,1.85,,2.29
2004-09-20,1.8,,2.27
2004-09-21,1.8,,2.25
2004-09-22,1.73,,2.27
2004-09-23,1.76,,2.26
2004-09-24,1.78,,2.26
2004-09-27,1.72,,2.29
2004-09-28,1.7,,2.32
2004-09-29,1.76,,2.34
2004-09-30,1.77,,2.37
2004-10-01,1.83,,2.38
2004-10-04,1.86,,2.33
2004-10-05,1.84,,2.34
2004-10-06,1.9,,2.33
2004-10-07,1.89,,2.37
2004-10-08,1.78,,2.37
2004-10-11,,,
2004-10-12,1.75,,2.37
2004-10-13,1.72,,2.37
2004-10-14,1.68,,2.35
2004-10-15,1.7,,2.37
2004-10-18,1.71,,2.36
2004-10-19,1.7,,2.37
2004-10-20,1.66,,2.35
2004-10-21,1.62,,2.39
2004-10-22,1.64,,2.36
2004-10-25,1.63,,2.36
2004-10-26,1.63,,2.38
2004-10-27,1.73,,2.38
2004-10-28,1.68,,2.41
2004-10-29,1.63,,2.42
2004-11-01,1.67,,2.44
2004-11-02,1.61,,2.49
2004-11-03,1.61,,2.48
2004-11-04,1.65,,2.45
2004-11-05,1.71,,2.5
2004-11-08,1.72,,2.5
2004-11-09,1.74,,2.48
2004-11-10,1.75,,2.5
2004-11-11,,,
2004-11-12,1.71,,2.49
2004-11-15,1.67,,2.53
2004-11-16,1.68,,2.53
2004-11-17,1.63,,2.51
2004-11-18,1.64,,2.48
2004-11-19,1.67,,2.53
2004-11-22,1.62,,2.56
2004-11-23,1.65,,2.54
2004-11-24,1.64,,2.56
2004-11-25,,,
2004-11-26,1.66,,2.58
2004-11-29,1.74,,2.6
2004-11-30,1.75,,2.61
2004-12-01,1.79,,2.59
2004-12-02,1.83,,2.57
2004-12-03,1.73,,2.54
2004-12-06,1.7,,2.54
2004-12-07,1.69,,2.54
2004-12-08,1.62,,2.52
2004-12-09,1.64,,2.55
2004-12-10,1.66,,2.5
2004-12-13,1.65,,2.51
2004-12-14,1.62,,2.52
2004-12-15,1.57,,2.52
2004-12-16,1.64,,2.55
2004-12-17,1.64,,2.57
2004-12-20,1.62,,2.59
2004-12-21,1.59,,2.59
2004-12-22,1.63,,2.58
2004-12-23,1.62,,2.61
2004-12-24,,,
2004-12-27,1.67,,2.63
2004-12-28,1.69,,2.62
2004-12-29,1.73,,2.6
2004-12-30,1.7,,2.57
2004-12-31,1.68,,2.56
2005-01-03,1.7,,2.53
2005-01-04,1.78,,2.51
2005-01-05,1.79,,2.5
2005-01-06,1.76,,2.53
2005-01-07,1.8,,2.49
2005-01-10,1.77,,2.52
2005-01-11,1.76,,2.5
2005-01-12,1.73,,2.52
2005-01-13,1.7,,2.5
2005-01-14,1.72,,2.51
2005-01-17,,,
2005-01-18,1.71,,2.5
2005-01-19,1.7,,2.5
2005-01-20,1.7,,2.47
2005-01-21,1.69,,2.47
2005-01-24,1.68,,2.46
2005-01-25,1.74,,2.46
2005-01-26,1.72,,2.49
2005-01-27,1.72,,2.5
2005-01-28,1.65,,2.51
2005-01-31,1.65,,2.49
2005-02-01,1.67,,2.48
2005-02-02,1.7,,2.45
2005-02-03,1.73,,2.45
2005-02-04,1.65,,2.44
2005-02-07,1.62,,2.45
2005-02-08,1.57,,2.48
2005-02-09,1.49,,2.51
2005-02-10,1.57,,2.5
2005-02-11,1.57,,2.53
2005-02-14,1.54,,2.54
2005-02-15,1.61,,2.49
2005-02-16,1.65,,2.51
2005-02-17,1.65,,2.54
2005-02-18,1.67,,2.6
2005-02-21,,,
2005-02-22,1.67,,2.62
2005-02-23,1.64,,2.63
2005-02-24,1.65,,2.64
2005-02-25,1.64,,2.63
2005-02-28,1.7,,2.66
2005-03-01,1.69,,2.69
2005-03-02,1.69,,2.69
2005-03-03,1.69,,2.7
2005-03-04,1.65,,2.67
2005-03-07,1.63,,2.68
2005-03-08,1.67,,2.71
2005-03-09,1.77,,2.75
2005-03-10,1.76,,2.72
2005-03-11,1.82,,2.74
2005-03-14,1.82,,2.7
2005-03-15,1.82,,2.72
2005-03-16,1.79,,2.73
2005-03-17,1.73,,2.74
2005-03-18,1.77,,2.74
2005-03-21,1.8,,2.73
2005-03-22,1.87,,2.76
2005-03-23,1.92,,2.69
2005-03-24,1.9,,2.7
2005-03-25,,,
2005-03-28,1.94,,2.7
2005-03-29,1.91,,2.69
2005-03-30,1.89,,2.67
2005-03-31,1.79,,2.71
2005-04-01,1.77,,2.69
2005-04-04,1.79,,2.68
2005-04-05,1.81,,2.67
2005-04-06,1.8,,2.64
2005-04-07,1.85,,2.64
2005-04-08,1.84,,2.66
2005-04-11,1.82,,2.63
2005-04-12,1.73,,2.65
2005-04-13,1.74,,2.64
2005-04-14,1.72,,2.65
2005-04-15,1.67,,2.6
2005-04-18,1.66,,2.61
2005-04-19,1.62,,2.59
2005-04-20,1.6,,2.62
2005-04-21,1.66,,2.66
2005-04-22,1.61,,2.65
2005-04-25,1.63,,2.63
2005-04-26,1.66,,2.62
2005-04-27,1.65,,2.6
2005-04-28,1.58,,2.61
2005-04-29,1.61,,2.6
2005-05-02,1.61,,2.6
2005-05-03,1.64,,2.57
2005-05-04,1.63,,2.57
2005-05-05,1.62,,2.57
2005-05-06,1.69,,2.59
2005-05-09,1.69,,2.6
2005-05-10,1.65,,2.58
2005-05-11,1.64,,2.57
2005-05-12,1.66,,2.52
2005-05-13,1.66,,2.46
2005-05-16,1.66,,2.47
2005-05-17,1.64,,2.48
2005-05-18,1.65,,2.42
2005-05-19,1.69,,2.42
2005-05-20,1.67,,2.46
2005-05-23,1.65,,2.42
2005-05-24,1.62,,2.42
2005-05-25,1.66,,2.42
2005-05-26,1.69,,2.39
2005-05-27,1.67,,2.41
2005-05-30,,,
2005-05-31,1.63,,2.37
2005-06-01,1.54,,2.37
2005-06-02,1.55,,2.34
2005-06-03,1.61,,2.37
2005-06-06,1.6,,2.36
2005-06-07,1.6,,2.32
2005-06-08,1.63,,2.32
2005-06-09,1.64,,2.34
2005-06-10,1.74,,2.31
2005-06-13,1.76,,2.33
2005-06-14,1.79,,2.34
2005-06-15,1.79,,2.33
2005-06-16,1.75,,2.34
2005-06-17,1.72,,2.37
2005-06-20,1.74,,2.37
2005-06-21,1.72,,2.34
2005-06-22,1.68,,2.27
2005-06-23,1.68,,2.28
2005-06-24,1.65,,2.27
2005-06-27,1.62,,2.28
2005-06-28,1.67,,2.3
2005-06-29,1.69,,2.3
2005-06-30,1.67,,2.27
2005-07-01,1.75,,2.31
2005-07-04,,,
2005-07-05,1.8,,2.31
2005-07-06,1.78,,2.3
2005-07-07,1.77,,2.28
2005-07-08,1.83,,2.28
2005-07-11,1.81,,2.3
2005-07-12,1.83,,2.32
2005-07-13,1.87,,2.3
2005-07-14,1.94,,2.25
2005-07-15,1.95,,2.23
2005-07-18,1.98,,2.24
2005-07-19,1.92,,2.28
2005-07-20,1.9,,2.27
2005-07-21,1.95,,2.33
2005-07-22,1.89,,2.34
2005-07-25,1.94,,2.31
2005-07-26,1.92,,2.32
2005-07-27,1.92,,2.35
2005-07-28,1.86,,2.34
2005-07-29,1.92,,2.36
2005-08-01,1.95,,2.37
2005-08-02,1.99,,2.35
2005-08-03,1.93,,2.37
2005-08-04,1.94,,2.38
2005-08-05,2.0,,2.4
2005-08-08,2.02,,2.4
2005-08-09,2.02,,2.39
2005-08-10,2.01,,2.39
2005-08-11,1.97,,2.35
2005-08-12,1.91,,2.33
2005-08-15,1.92,,2.35
2005-08-16,1.87,,2.36
2005-08-17,1.91,,2.37
2005-08-18,1.86,,2.35
2005-08-19,1.85,,2.36
2005-08-22,1.86,,2.36
2005-08-23,1.85,,2.35
2005-08-24,1.83,,2.36
2005-08-25,1.8,,2.38
2005-08-26,1.81,,2.39
2005-08-29,1.79,,2.41
2005-08-30,1.71,,2.45
2005-08-31,1.65,,2.37
2005-09-01,1.61,,2.41
2005-09-02,1.59,,2.44
2005-09-05,,,
2005-09-06,1.65,,2.44
2005-09-07,1.69,,2.46
2005-09-08,1.68,,2.47
2005-09-09,1.64,,2.5
2005-09-12,1.69,,2.49
2005-09-13,1.67,,2.47
2005-09-14,1.68,,2.49
2005-09-15,1.71,,2.51
2005-09-16,1.73,,2.53
2005-09-19,1.7,,2.55
2005-09-20,1.74,,2.52
2005-09-21,1.68,,2.51
2005-09-22,1.67,,2.52
2005-09-23,1.74,,2.51
2005-09-26,1.78,,2.52
2005-09-27,1.77,,2.53
2005-09-28,1.73,,2.53
2005-09-29,1.75,,2.54
2005-09-30,1.78,,2.56
2005-10-03,1.84,,2.55
2005-10-04,1.87,,2.51
2005-10-05,1.86,,2.5
2005-10-06,1.91,,2.46
2005-10-07,1.9,,2.45
2005-10-10,,,
2005-10-11,1.92,,2.47
2005-10-12,1.96,,2.49
2005-10-13,1.96,,2.52
2005-10-14,1.98,,2.5
2005-10-17,1.94,,2.56
2005-10-18,1.92,,2.57
2005-10-19,1.92,,2.55
2005-10-20,1.92,,2.54
2005-10-21,1.89,,2.5
2005-10-24,1.93,,2.52
2005-10-25,2.05,,2.49
2005-10-26,2.06,,2.54
2005-10-27,2.01,,2.56
2005-10-28,2.01,,2.57
2005-10-31,2.0,,2.57
2005-11-01,2.0,,2.58
2005-11-02,2.02,,2.59
2005-11-03,2.03,,2.62
2005-11-04,2.06,,2.6
2005-11-07,2.03,,2.62
2005-11-08,2.01,,2.56
2005-11-09,2.08,,2.56
2005-11-10,2.07,,2.48
2005-11-11,,,
2005-11-14,2.14,,2.47
2005-11-15,2.12,,2.44
2005-11-16,2.07,,2.42
2005-11-17,2.04,,2.42
2005-11-18,2.09,,2.41
2005-11-21,2.08,,2.38
2005-11-22,2.03,,2.4
2005-11-23,2.08,,2.39
2005-11-24,,,
2005-11-25,2.05,,2.38
2005-11-28,2.04,,2.37
2005-11-29,2.11,,2.37
2005-11-30,2.12,,2.37
2005-12-01,2.15,,2.37
2005-12-02,2.16,,2.36
2005-12-05,2.17,,2.4
2005-12-06,2.12,,2.37
2005-12-07,2.18,,2.34
2005-12-08,2.14,,2.33
2005-12-09,2.18,,2.36
2005-12-12,2.17,,2.39
2005-12-13,2.16,,2.38
2005-12-14,2.1,,2.35
2005-12-15,2.12,,2.35
2005-12-16,2.11,,2.34
2005-12-19,2.11,,2.34
2005-12-20,2.12,,2.35
2005-12-21,2.14,,2.35
2005-12-22,2.11,,2.33
2005-12-23,2.07,,2.31
2005-12-26,,,
2005-12-27,2.05,,2.29
2005-12-28,2.1,,2.28
2005-12-29,2.07,,2.3
2005-12-30,2.06,,2.33
2006-01-02,,101.4155,
2006-01-03,2.03,100.7558,2.34
2006-01-04,2.01,100.2288,2.35
2006-01-05,2.04,100.2992,2.32
2006-01-06,2.05,100.0241,2.33
2006-01-09,2.05,100.1794,2.33
2006-01-10,2.06,100.1436,2.37
2006-01-11,2.07,99.871,2.39
2006-01-12,2.01,100.0643,2.41
2006-01-13,1.97,99.9675,2.39
2006-01-16,,99.9715,
2006-01-17,1.95,100.2447,2.39
2006-01-18,1.97,100.4085,2.37
2006-01-19,1.97,100.1862,2.41
2006-01-20,1.94,99.9017,2.43
2006-01-23,1.94,99.3783,2.42
2006-01-24,1.97,99.3434,2.43
2006-01-25,2.03,99.348,2.46
2006-01-26,2.01,99.4798,2.52
2006-01-27,2.02,99.6433,2.5
2006-01-30,2.03,99.7144,2.51
2006-01-31,2.0,99.4311,2.53
2006-02-01,2.02,99.6132,2.55
2006-02-02,2.04,99.7916,2.53
2006-02-03,2.0,100.118,2.54
2006-02-06,2.0,100.1372,2.55
2006-02-07,2.02,100.1759,2.55
2006-02-08,2.07,100.4879,2.49
2006-02-09,2.05,100.2117,2.49
2006-02-10,2.09,100.322,2.5
2006-02-13,2.08,100.3955,2.5
2006-02-14,2.14,100.3987,2.48
2006-02-15,2.13,100.4489,2.48
2006-02-16,2.1,100.5183,2.49
2006-02-17,2.03,100.3404,2.51
2006-02-20,,100.3447,
2006-02-21,2.04,100.2346,2.53
2006-02-22,2.01,100.3879,2.52
2006-02-23,2.03,100.1956,2.53
2006-02-24,2.02,100.2594,2.56
2006-02-27,2.04,100.0724,2.55
2006-02-28,2.02,99.7695,2.53
2006-03-01,2.02,99.8355,2.57
2006-03-02,2.05,99.5969,2.59
2006-03-03,2.07,99.7024,2.61
2006-03-06,2.14,99.9834,2.6
2006-03-07,2.16,100.564,2.58
2006-03-08,2.2,100.8565,2.53
2006-03-09,2.2,100.7718,2.54
2006-03-10,2.23,100.9566,2.53
2006-03-13,2.24,100.8563,2.53
2006-03-14,2.17,100.312,2.54
2006-03-15,2.18,100.2121,2.55
2006-03-16,2.12,99.9049,2.53
2006-03-17,2.16,99.8614,2.52
2006-03-20,2.15,100.0491,2.51
2006-03-21,2.23,100.4716,2.48
2006-03-22,2.23,100.496,2.47
2006-03-23,2.24,100.8256,2.49
2006-03-24,2.2,100.7773,2.47
2006-03-27,2.23,100.8359,2.47
2006-03-28,2.3,100.7995,2.49
2006-03-29,2.32,101.0474,2.49
2006-03-30,2.35,100.5698,2.51
2006-03-31,2.35,100.56,2.51
2006-04-03,2.36,100.6204,2.52
2006-04-04,2.38,100.1319,2.49
2006-04-05,2.34,100.0792,2.5
2006-04-06,2.38,100.1578,2.52
2006-04-07,2.43,100.4187,2.54
2006-04-10,2.41,100.4091,2.56
2006-04-11,2.37,100.2903,2.56
2006-04-12,2.41,100.3589,2.57
2006-04-13,2.48,100.4759,2.57
2006-04-14,,100.4697,
2006-04-17,2.43,99.8719,2.58
2006-04-18,2.38,99.6747,2.61
2006-04-19,2.38,99.3467,2.66
2006-04-20,2.42,99.4974,2.62
2006-04-21,2.39,99.4345,2.62
2006-04-24,2.39,99.117,2.6
2006-04-25,2.47,98.9687,2.6
2006-04-26,2.51,98.8907,2.61
2006-04-27,2.45,98.5149,2.64
2006-04-28,2.39,98.1412,2.68
2006-05-01,2.42,97.9085,2.72
2006-05-02,2.43,97.6571,2.69
2006-05-03,2.47,97.5572,2.68
2006-05-04,2.49,97.4878,2.67
2006-05-05,2.45,97.2585,2.67
2006-05-08,2.45,97.1945,2.67
2006-05-09,2.43,96.9578,2.7
2006-05-10,2.43,96.6391,2.7
2006-05-11,2.43,96.5383,2.71
2006-05-12,2.47,96.8788,2.72
2006-05-15,2.47,97.3588,2.68
2006-05-16,2.44,97.1959,2.66
2006-05-17,2.47,97.4725,2.69
2006-05-18,2.41,97.7033,2.67
2006-05-19,2.43,97.933,2.62
2006-05-22,2.43,97.9377,2.61
2006-05-23,2.44,97.7045,2.63
2006-05-24,2.42,98.3936,2.61
2006-05-25,2.46,97.8423,2.61
2006-05-26,2.44,97.8995,2.62
2006-05-29,,97.8936,
2006-05-30,2.45,97.588,2.64
2006-05-31,2.48,97.7705,2.64
2006-06-01,2.46,97.7726,2.65
2006-06-02,2.37,97.5544,2.63
2006-06-05,2.4,97.3681,2.62
2006-06-06,2.44,98.1449,2.57
2006-06-07,2.48,98.1641,2.54
2006-06-08,2.47,98.9313,2.53
2006-06-09,2.45,98.5471,2.53
2006-06-12,2.45,98.5494,2.54
2006-06-13,2.44,98.9201,2.53
2006-06-14,2.5,98.8338,2.55
2006-06-15,2.52,98.8846,2.58
2006-06-16,2.54,98.9127,2.59
2006-06-19,2.58,99.145,2.56
2006-06-20,2.58,99.0117,2.57
2006-06-21,2.59,98.5544,2.57
2006-06-22,2.61,99.0856,2.59
2006-06-23,2.64,99.4216,2.59
2006-06-26,2.67,99.3634,2.58
2006-06-27,2.63,99.219,2.58
2006-06-28,2.68,99.392,2.57
2006-06-29,2.61,99.2158,2.61
2006-06-30,2.54,98.2483,2.61
2006-07-03,2.56,98.0371,2.59
2006-07-04,,98.0221,
2006-07-05,2.63,98.308,2.6
2006-07-06,2.59,98.138,2.6
2006-07-07,2.55,97.7508,2.59
2006-07-10,2.56,97.9813,2.57
2006-07-11,2.53,98.2132,2.57
2006-07-12,2.54,98.5202,2.56
2006-07-13,2.51,98.5583,2.57
2006-07-14,2.5,98.6814,2.57
2006-07-17,2.49,99.0767,2.58
2006-07-18,2.55,99.1341,2.58
2006-07-19,2.49,98.9262,2.57
2006-07-20,2.45,98.6014,2.58
2006-07-21,2.49,98.5221,2.56
2006-07-24,2.49,98.7795,2.56
2006-07-25,2.48,98.9388,2.59
2006-07-26,2.44,98.742,2.6
2006-07-27,2.47,98.2283,2.6
2006-07-28,2.41,98.0539,2.59
2006-07-31,2.41,97.9996,2.58
2006-08-01,2.4,98.1715,2.59
2006-08-02,2.36,97.9432,2.6
2006-08-03,2.35,98.0694,2.61
2006-08-04,2.3,97.6005,2.61
2006-08-07,2.29,97.5088,2.64
2006-08-08,2.27,97.6524,2.66
2006-08-09,2.28,97.4402,2.64
2006-08-10,2.3,97.8887,2.63
2006-08-11,2.33,97.7863,2.64
2006-08-14,2.36,97.9677,2.64
2006-08-15,2.32,97.8043,2.61
2006-08-16,2.28,97.3894,2.59
2006-08-17,2.28,97.3486,2.59
2006-08-18,2.26,97.7577,2.58
2006-08-21,2.23,97.3856,2.59
2006-08-22,2.22,97.6079,2.6
2006-08-23,2.25,97.5731,2.57
2006-08-24,2.28,97.7939,2.53
2006-08-25,2.24,97.8827,2.55
2006-08-28,2.28,97.8467,2.52
2006-08-29,2.29,97.7748,2.5
2006-08-30,2.28,97.5792,2.48
2006-08-31,2.24,97.644,2.5
2006-09-01,2.25,97.5084,2.48
2006-09-04,,97.4981,
2006-09-05,2.31,97.4392,2.47
2006-09-06,2.32,97.6087,2.48
2006-09-07,2.34,97.8108,2.46
2006-09-08,2.35,98.2119,2.43
2006-09-11,2.38,98.3845,2.42
2006-09-12,2.36,98.2781,2.42
2006-09-13,2.35,98.1775,2.42
2006-09-14,2.35,98.0088,2.44
2006-09-15,2.38,98.2104,2.42
2006-09-18,2.39,98.1332,2.42
2006-09-19,2.35,98.1703,2.39
2006-09-20,2.39,98.1556,2.34
2006-09-21,2.31,97.9458,2.34
2006-09-22,2.27,97.8667,2.33
2006-09-25,2.24,97.9909,2.32
2006-09-26,2.25,98.0555,2.34
2006-09-27,2.26,98.0107,2.34
2006-09-28,2.27,98.0381,2.36
2006-09-29,2.27,98.1054,2.37
2006-10-02,2.27,97.9247,2.35
2006-10-03,2.29,98.1267,2.33
2006-10-04,2.27,98.3682,2.3
2006-10-05,2.31,98.2776,2.3
2006-10-06,2.37,98.5619,2.33
2006-10-09,,98.5702,
2006-10-10,2.42,98.9125,2.33
2006-10-11,2.45,98.9146,2.33
2006-10-12,2.44,98.831,2.35
2006-10-13,2.47,98.8002,2.34
2006-10-16,2.45,98.71,2.34
2006-10-17,2.46,98.5354,2.32
2006-10-18,2.46,98.6164,2.31
2006-10-19,2.49,98.2897,2.3
2006-10-20,2.49,98.1629,2.3
2006-10-23,2.53,98.4483,2.3
2006-10-24,2.52,98.349,2.31
2006-10-25,2.44,98.2057,2.34
2006-10-26,2.41,97.8907,2.32
2006-10-27,2.37,97.4914,2.31
2006-10-30,2.39,97.5672,2.29
2006-10-31,2.34,97.3901,2.27
2006-11-01,2.29,97.4949,2.28
2006-11-02,2.32,97.6556,2.28
2006-11-03,2.4,97.7209,2.32
2006-11-06,2.36,97.806,2.35
2006-11-07,2.32,97.4453,2.34
2006-11-08,2.29,97.58,2.35
2006-11-09,2.28,97.5041,2.34
2006-11-10,2.25,97.4638,2.34
2006-11-13,2.29,97.7904,2.32
2006-11-14,2.28,97.7475,2.29
2006-11-15,2.3,97.8359,2.31
2006-11-16,2.38,97.8098,2.28
2006-11-17,2.33,97.9855,2.28
2006-11-20,2.33,98.0254,2.27
2006-11-21,2.31,98.0215,2.27
2006-11-22,2.3,97.5315,2.27
2006-11-23,,97.5314,
2006-11-24,2.27,97.0657,2.28
2006-11-27,2.24,96.9986,2.3
2006-11-28,2.21,96.8428,2.3
2006-11-29,2.22,96.8577,2.3
2006-11-30,2.16,96.5779,2.3
2006-12-01,2.1,96.4585,2.33
2006-12-04,2.11,96.4319,2.32
2006-12-05,2.11,96.2082,2.34
2006-12-06,2.14,96.2839,2.34
2006-12-07,2.15,96.3207,2.34
2006-12-08,2.21,96.6123,2.35
2006-12-11,2.17,96.6646,2.35
2006-12-12,2.15,96.7119,2.34
2006-12-13,2.22,96.7296,2.36
2006-12-14,2.23,96.7946,2.37
2006-12-15,2.29,96.9857,2.31
2006-12-18,2.31,97.1559,2.29
2006-12-19,2.31,96.9313,2.29
2006-12-20,2.32,96.7762,2.28
2006-12-21,2.29,96.9148,2.26
2006-12-22,2.35,97.1113,2.28
2006-12-25,,97.1221,
2006-12-26,2.34,97.1786,2.27
2006-12-27,2.39,97.2076,2.27
2006-12-28,2.41,97.0656,2.29
2006-12-29,2.41,97.0312,2.3
2007-01-01,,97.0323,
2007-01-02,2.38,,2.3
2007-01-03,2.36,97.1281,2.31
2007-01-04,2.36,97.5251,2.26
2007-01-05,2.38,97.7801,2.27
2007-01-08,2.38,97.788,2.28
2007-01-09,2.39,97.9642,2.27
2007-01-10,2.42,98.0943,2.27
2007-01-11,2.43,98.0845,2.31
2007-01-12,2.49,97.921,2.28
2007-01-15,,97.9201,
2007-01-16,2.48,97.9816,2.27
2007-01-17,2.5,97.7509,2.29
2007-01-18,2.47,97.8286,2.28
2007-01-19,2.47,97.6868,2.31
2007-01-22,2.44,97.827,2.32
2007-01-23,2.46,97.8117,2.35
2007-01-24,2.44,97.908,2.37
2007-01-25,2.48,97.8396,2.39
2007-01-26,2.48,98.1491,2.4
2007-01-29,2.5,98.2066,2.4
2007-01-30,2.46,98.1515,2.42
2007-01-31,2.4,97.964,2.43
2007-02-01,2.42,97.7101,2.42
2007-02-02,2.42,97.9743,2.41
2007-02-05,2.41,97.87,2.4
2007-02-06,2.4,97.7357,2.37
2007-02-07,2.4,97.7239,2.34
2007-02-08,2.39,97.8169,2.34
2007-02-09,2.43,97.7076,2.36
2007-02-12,2.46,97.9409,2.34
2007-02-13,2.46,97.7063,2.36
2007-02-14,2.38,97.2779,2.36
2007-02-15,2.38,97.1588,2.32
2007-02-16,2.36,97.164,2.33
2007-02-19,,97.1545,
2007-02-20,2.36,97.321,2.32
2007-02-21,2.33,97.27,2.36
2007-02-22,2.35,97.266,2.38
2007-02-23,2.3,97.1756,2.38
2007-02-26,2.26,97.2281,2.37
2007-02-27,2.14,97.0883,2.36
2007-02-28,2.2,97.2386,2.36
2007-03-01,2.19,97.3358,2.37
2007-03-02,2.15,97.3691,2.37
2007-03-05,2.17,97.6716,2.34
2007-03-06,2.19,97.5123,2.34
2007-03-07,2.16,97.4558,2.34
2007-03-08,2.17,97.5731,2.34
2007-03-09,2.25,97.4559,2.34
2007-03-12,2.22,97.3013,2.34
2007-03-13,2.15,97.2203,2.35
2007-03-14,2.18,97.2759,2.35
2007-03-15,2.17,97.2476,2.37
2007-03-16,2.16,97.0407,2.39
2007-03-19,2.18,97.1062,2.4
2007-03-20,2.17,96.7985,2.39
2007-03-21,2.14,96.6195,2.39
2007-03-22,2.17,96.3893,2.43
2007-03-23,2.19,96.5662,2.43
2007-03-26,2.16,96.5493,2.44
2007-03-27,2.16,96.4558,2.46
2007-03-28,2.17,96.4894,2.45
2007-03-29,2.18,96.5067,2.46
2007-03-30,2.21,96.3183,2.44
2007-04-02,2.21,96.3175,2.44
2007-04-03,2.25,96.3774,2.42
2007-04-04,2.23,96.3646,2.43
2007-04-05,2.22,96.1188,2.46
2007-04-06,2.27,96.2526,2.49
2007-04-09,2.27,96.293,2.48
2007-04-10,2.27,96.1179,2.46
2007-04-11,2.28,96.0293,2.46
2007-04-12,2.28,95.7999,2.46
2007-04-13,2.31,95.711,2.45
2007-04-16,2.3,95.5538,2.44
2007-04-17,2.29,95.3832,2.4
2007-04-18,2.26,95.3109,2.4
2007-04-19,2.27,95.2712,2.41
2007-04-20,2.27,95.1692,2.41
2007-04-23,2.25,95.1833,2.41
2007-04-24,2.21,95.1608,2.42
2007-04-25,2.22,94.8497,2.44
2007-04-26,2.26,95.1653,2.43
2007-04-27,2.25,95.0103,2.46
2007-04-30,2.2,94.8365,2.43
2007-05-01,2.19,95.0037,2.45
2007-05-02,2.22,95.0352,2.43
2007-05-03,2.25,95.0167,2.43
2007-05-04,2.24,94.9118,2.41
2007-05-07,2.27,94.6914,2.37
2007-05-08,2.27,94.8648,2.36
2007-05-09,2.29,94.7933,2.38
2007-05-10,2.27,94.9506,2.38
2007-05-11,2.3,95.0035,2.37
2007-05-14,2.32,94.8267,2.37
2007-05-15,2.37,94.5574,2.34
2007-05-16,2.38,94.8143,2.33
2007-05-17,2.41,94.8339,2.35
2007-05-18,2.46,94.6573,2.35
2007-05-21,2.43,94.7026,2.36
2007-05-22,2.48,94.5753,2.35
2007-05-23,2.5,94.4557,2.36
2007-05-24,2.48,94.7025,2.38
2007-05-25,2.49,94.5022,2.37
2007-05-28,,94.4959,
2007-05-29,2.54,94.3533,2.34
2007-05-30,2.52,94.549,2.36
2007-05-31,2.54,94.3215,2.36
2007-06-01,2.57,94.132,2.38
2007-06-04,2.55,93.9969,2.38
2007-06-05,2.6,93.9986,2.38
2007-06-06,2.58,94.1217,2.39
2007-06-07,2.7,94.3537,2.41
2007-06-08,2.69,94.7599,2.43
2007-06-11,2.72,94.6576,2.42
2007-06-12,2.83,94.6991,2.43
2007-06-13,2.75,94.9011,2.45
2007-06-14,2.77,94.9029,2.46
2007-06-15,2.73,94.6228,2.43
2007-06-18,2.73,94.5475,2.42
2007-06-19,2.67,94.3227,2.42
2007-06-20,2.73,94.3618,2.41
2007-06-21,2.74,94.6073,2.42
2007-06-22,2.7,94.4371,2.44
2007-06-25,2.67,94.5105,2.42
2007-06-26,2.7,94.4678,2.4
2007-06-27,2.7,94.5633,2.39
2007-06-28,2.73,94.2395,2.39
2007-06-29,2.65,94.1393,2.38
2007-07-02,2.61,93.634,2.39
2007-07-03,2.68,93.697,2.37
2007-07-04,,93.6965,
2007-07-05,2.76,93.7653,2.4
2007-07-06,2.79,93.5759,2.4
2007-07-09,2.75,93.5519,2.41
2007-07-10,2.64,93.3339,2.39
2007-07-11,2.71,93.3089,2.38
2007-07-12,2.74,93.1198,2.39
2007-07-13,2.73,93.0133,2.38
2007-07-16,2.69,92.9094,2.36
2007-07-17,2.73,92.9095,2.35
2007-07-18,2.64,92.7959,2.38
2007-07-19,2.65,92.7332,2.39
2007-07-20,2.6,92.7179,2.36
2007-07-23,2.63,92.6585,2.34
2007-07-24,2.58,92.505,2.36
2007-07-25,2.56,92.9189,2.36
2007-07-26,2.47,93.1186,2.32
2007-07-27,2.48,93.5485,2.32
2007-07-30,2.49,93.5918,2.33
2007-07-31,2.44,93.4264,2.34
2007-08-01,2.44,93.4011,2.32
2007-08-02,2.46,93.3038,2.31
2007-08-03,2.44,93.1039,2.27
2007-08-06,2.46,93.1112,2.26
2007-08-07,2.51,93.3171,2.26
2007-08-08,2.58,93.0989,2.26
2007-08-09,2.54,93.441,2.25
2007-08-10,2.56,93.5214,2.25
2007-08-13,2.52,93.6032,2.26
2007-08-14,2.49,94.0416,2.24
2007-08-15,2.46,94.5014,2.23
2007-08-16,2.39,94.9055,2.21
2007-08-17,2.45,94.319,2.23
2007-08-20,2.44,94.2138,2.2
2007-08-21,2.38,94.2676,2.22
2007-08-22,2.42,94.0998,2.21
2007-08-23,2.39,93.9827,2.23
2007-08-24,2.4,93.6863,2.23
2007-08-27,2.38,93.6109,2.22
2007-08-28,2.33,93.8394,2.2
2007-08-29,2.38,93.7174,2.19
2007-08-30,2.32,93.7324,2.19
2007-08-31,2.34,93.6674,2.2
2007-09-03,,93.6691,
2007-09-04,2.36,93.6433,2.2
2007-09-05,2.29,93.5453,2.19
2007-09-06,2.32,93.4468,2.19
2007-09-07,2.19,93.2939,2.19
2007-09-10,2.14,93.2349,2.2
2007-09-11,2.16,92.9244,2.21
2007-09-12,2.18,92.6386,2.23
2007-09-13,2.24,92.6172,2.25
2007-09-14,2.2,92.7083,2.27
2007-09-17,2.21,92.823,2.27
2007-09-18,2.19,92.6584,2.31
2007-09-19,2.21,92.1534,2.32
2007-09-20,2.34,91.4212,2.35
2007-09-21,2.31,91.4854,2.33
2007-09-24,2.33,91.4017,2.3
2007-09-25,2.34,91.3392,2.29
2007-09-26,2.34,91.4335,2.29
2007-09-27,2.27,91.3497,2.31
2007-09-28,2.27,90.9446,2.32
2007-10-01,2.26,90.8801,2.3
2007-10-02,2.23,91.12,2.31
2007-10-03,2.25,91.1038,2.3
2007-10-04,2.24,91.1632,2.3
2007-10-05,2.34,90.7393,2.31
2007-10-08,,90.748,
2007-10-09,2.34,90.8609,2.33
2007-10-10,2.33,90.7154,2.32
2007-10-11,2.32,90.4901,2.34
2007-10-12,2.36,90.5945,2.34
2007-10-15,2.34,90.5387,2.35
2007-10-16,2.31,90.7123,2.35
2007-10-17,2.22,90.515,2.35
2007-10-18,2.2,90.3084,2.32
2007-10-19,2.09,90.1014,2.32
2007-10-22,2.11,90.6777,2.31
2007-10-23,2.11,90.1899,2.3
2007-10-24,2.07,90.2262,2.29
2007-10-25,2.04,89.9925,2.33
2007-10-26,2.05,89.6508,2.36
2007-10-29,2.04,89.4118,2.35
2007-10-30,2.06,89.3252,2.34
2007-10-31,2.14,89.1389,2.34
2007-11-01,2.0,89.1628,2.36
2007-11-02,1.92,88.8924,2.39
2007-11-05,1.94,88.8851,2.41
2007-11-06,1.93,88.4938,2.45
2007-11-07,1.91,88.0631,2.43
2007-11-08,1.88,88.2631,2.4
2007-11-09,1.82,88.4615,2.41
2007-11-12,,88.465,
2007-11-13,1.86,89.1016,2.4
2007-11-14,1.88,88.9671,2.4
2007-11-15,1.81,89.4413,2.36
2007-11-16,1.8,89.3182,2.35
2007-11-19,1.7,89.5262,2.37
2007-11-20,1.68,89.2622,2.38
2007-11-21,1.62,89.3352,2.38
2007-11-22,,89.3269,
2007-11-23,1.63,89.2384,2.38
2007-11-26,1.45,89.145,2.38
2007-11-27,1.58,89.4082,2.37
2007-11-28,1.71,89.4195,2.32
2007-11-29,1.61,89.3681,2.33
2007-11-30,1.63,89.6212,2.34
2007-12-03,1.57,89.6403,2.32
2007-12-04,1.59,89.6672,2.3
2007-12-05,1.66,89.8751,2.26
2007-12-06,1.77,89.9268,2.25
2007-12-07,1.86,89.74,2.26
2007-12-10,1.89,89.6811,2.26
2007-12-11,1.73,89.7176,2.25
2007-12-12,1.78,89.7349,2.27
2007-12-13,1.87,90.1374,2.31
2007-12-14,1.9,90.4345,2.34
2007-12-17,1.86,90.5363,2.34
2007-12-18,1.8,90.5602,2.34
2007-12-19,1.73,90.6147,2.33
2007-12-20,1.74,90.4695,2.3
2007-12-21,1.84,90.3672,2.34
2007-12-24,1.88,90.1788,2.35
2007-12-25,,90.1786,
2007-12-26,1.95,89.9226,2.35
2007-12-27,1.85,89.684,2.36
2007-12-28,1.78,89.4069,2.33
2007-12-31,1.73,89.6304,2.31
2008-01-01,,89.6297,
2008-01-02,1.59,89.3514,2.32
2008-01-03,1.58,89.231,2.33
2008-01-04,1.56,89.2467,2.32
2008-01-07,1.57,89.5718,2.29
2008-01-08,1.57,89.3398,2.29
2008-01-09,1.56,89.6807,2.26
2008-01-10,1.68,89.6226,2.23
2008-01-11,1.56,89.5215,2.26
2008-01-14,1.53,89.2749,2.28
2008-01-15,1.45,89.1555,2.27
2008-01-16,1.5,89.6701,2.24
2008-01-17,1.43,89.6484,2.23
2008-01-18,1.42,89.8993,2.24
2008-01-21,,89.9265,
2008-01-22,1.28,89.84,2.24
2008-01-23,1.31,89.9138,2.2
2008-01-24,1.44,89.203,2.24
2008-01-25,1.34,89.2184,2.27
2008-01-28,1.33,88.9555,2.28
2008-01-29,1.37,88.8342,2.32
2008-01-30,1.45,88.7442,2.33
2008-01-31,1.33,88.6547,2.34
2008-02-01,1.31,88.4824,2.31
2008-02-04,1.38,88.4788,2.3
2008-02-05,1.34,89.076,2.27
2008-02-06,1.36,88.9987,2.25
2008-02-07,1.47,89.4221,2.27
2008-02-08,1.36,89.2226,2.28
2008-02-11,1.32,89.2149,2.3
2008-02-12,1.36,88.9539,2.3
2008-02-13,1.42,89.1382,2.28
2008-02-14,1.57,88.9055,2.28
2008-02-15,1.48,88.9006,2.28
2008-02-18,,88.9004,
2008-02-19,1.56,88.9626,2.33
2008-02-20,1.55,89.2572,2.38
2008-02-21,1.43,88.716,2.34
2008-02-22,1.44,88.7082,2.35
2008-02-25,1.53,88.5373,2.38
2008-02-26,1.44,88.0998,2.44
2008-02-27,1.42,87.3353,2.43
2008-02-28,1.26,87.0363,2.45
2008-02-29,1.1,87.1654,2.43
2008-03-03,1.08,87.2381,2.46
2008-03-04,1.15,87.3039,2.48
2008-03-05,1.16,87.1347,2.54
2008-03-06,1.07,86.9105,2.55
2008-03-07,1.01,87.1258,2.55
2008-03-10,0.9,87.1452,2.56
2008-03-11,1.05,87.1763,2.55
2008-03-12,0.95,86.728,2.54
2008-03-13,1.05,86.3891,2.51
2008-03-14,1.01,86.4301,2.43
2008-03-17,1.05,86.3417,2.29
2008-03-18,1.08,86.1191,2.4
2008-03-19,1.04,86.5755,2.34
2008-03-20,1.02,87.3293,2.32
2008-03-21,,87.2111,
2008-03-24,1.24,87.3103,2.32
2008-03-25,1.25,86.8339,2.26
2008-03-26,1.24,86.5513,2.27
2008-03-27,1.23,86.4583,2.33
2008-03-28,1.13,86.6369,2.34
2008-03-31,1.11,86.6881,2.34
2008-04-01,1.22,87.0276,2.35
2008-04-02,1.26,86.8886,2.34
2008-04-03,1.28,86.6424,2.33
2008-04-04,1.18,86.5108,2.32
2008-04-07,1.23,86.603,2.34
2008-04-08,1.26,86.7369,2.32
2008-04-09,1.19,86.5764,2.3
2008-04-10,1.26,86.5131,2.29
2008-04-11,1.19,86.5029,2.3
2008-04-14,1.23,86.3492,2.3
2008-04-15,1.28,86.4705,2.32
2008-04-16,1.41,85.9037,2.31
2008-04-17,1.44,86.1077,2.31
2008-04-18,1.45,86.5277,2.32
2008-04-21,1.44,86.2979,2.31
2008-04-22,1.43,85.927,2.31
2008-04-23,1.44,86.3841,2.33
2008-04-24,1.56,86.7154,2.31
2008-04-25,1.6,86.8337,2.31
2008-04-28,1.56,86.7635,2.3
2008-04-29,1.56,86.873,2.29
2008-04-30,1.5,86.8907,2.27
2008-05-01,1.52,87.1347,2.26
2008-05-02,1.53,87.2311,2.36
2008-05-05,1.53,87.0636,2.35
2008-05-06,1.55,86.847,2.38
2008-05-07,1.51,87.3421,2.36
2008-05-08,1.43,87.4575,2.36
2008-05-09,1.39,87.2528,2.38
2008-05-12,1.41,87.0403,2.37
2008-05-13,1.51,87.1332,2.39
2008-05-14,1.49,87.3659,2.43
2008-05-15,1.4,87.1823,2.43
2008-05-16,1.41,86.7855,2.44
2008-05-19,1.36,86.8225,2.47
2008-05-20,1.31,86.5627,2.47
2008-05-21,1.3,86.1595,2.51
2008-05-22,1.41,86.3223,2.51
2008-05-23,1.36,86.1922,2.49
2008-05-26,,86.19,
2008-05-27,1.46,86.4459,2.47
2008-05-28,1.58,86.4951,2.45
2008-05-29,1.62,86.5616,2.46
2008-05-30,1.58,86.5504,2.48
2008-06-02,1.51,86.6321,2.47
2008-06-03,1.51,86.8359,2.41
2008-06-04,1.59,87.0999,2.39
2008-06-05,1.63,87.0968,2.43
2008-06-06,1.47,86.8028,2.47
2008-06-09,1.54,86.9096,2.48
2008-06-10,1.62,87.4705,2.49
2008-06-11,1.62,87.2059,2.48
2008-06-12,1.73,87.6187,2.5
2008-06-13,1.77,87.7622,2.5
2008-06-16,1.76,87.3911,2.49
2008-06-17,1.75,87.2103,2.48
2008-06-18,1.68,87.1872,2.48
2008-06-19,1.75,87.0815,2.47
2008-06-20,1.72,86.9036,2.44
2008-06-23,1.75,87.2163,2.44
2008-06-24,1.64,86.9666,2.46
2008-06-25,1.65,87.0535,2.47
2008-06-26,1.55,86.6793,2.52
2008-06-27,1.48,86.643,2.51
2008-06-30,1.48,86.7621,2.51
2008-07-01,1.49,86.8447,2.52
2008-07-02,1.43,86.4782,2.56
2008-07-03,1.42,86.8843,2.57
2008-07-04,,86.8781,
2008-07-07,1.43,86.9617,2.52
2008-07-08,1.45,86.9778,2.46
2008-07-09,1.39,86.5335,2.46
2008-07-10,1.4,86.5122,2.43
2008-07-11,1.48,86.221,2.48
2008-07-14,1.43,86.1079,2.47
2008-07-15,1.4,85.8731,2.47
2008-07-16,1.48,85.9285,2.49
2008-07-17,1.6,85.9387,2.47
2008-07-18,1.65,86.0735,2.46
2008-07-21,1.66,86.0151,2.43
2008-07-22,1.71,86.1909,2.43
2008-07-23,1.8,86.2664,2.36
2008-07-24,1.69,86.4017,2.34
2008-07-25,1.79,86.3916,2.34
2008-07-28,1.7,86.4666,2.36
2008-07-29,1.76,86.8175,2.33
2008-07-30,1.71,86.8167,2.36
2008-07-31,1.65,86.8567,2.34
2008-08-01,1.63,86.8257,2.34
2008-08-04,1.64,87.0611,2.34
2008-08-05,1.74,87.3281,2.3
2008-08-06,1.79,87.6004,2.27
2008-08-07,1.68,87.8732,2.24
2008-08-08,1.72,88.8939,2.22
2008-08-11,1.8,89.035,2.19
2008-08-12,1.72,89.1916,2.19
2008-08-13,1.75,89.3211,2.19
2008-08-14,1.67,89.3675,2.22
2008-08-15,1.66,89.7244,2.18
2008-08-18,1.67,89.5966,2.15
2008-08-19,1.68,89.6465,2.15
2008-08-20,1.6,89.6977,2.19
2008-08-21,1.61,88.9128,2.23
2008-08-22,1.69,89.2381,2.18
2008-08-25,1.64,89.3094,2.15
2008-08-26,1.63,89.7007,2.16
2008-08-27,1.58,89.6419,2.19
2008-08-28,1.62,89.8225,2.17
2008-08-29,1.68,90.0567,2.15
2008-09-01,,90.08,
2008-09-02,1.69,90.8438,2.05
2008-09-03,1.71,90.8286,2.0
2008-09-04,1.7,91.1621,1.94
2008-09-05,1.71,91.341,1.95
2008-09-08,1.68,91.663,1.98
2008-09-09,1.69,91.5779,1.93
2008-09-10,1.7,92.1283,1.95
2008-09-11,1.67,92.4901,1.97
2008-09-12,1.79,91.4706,1.95
2008-09-15,1.7,91.757,1.77
2008-09-16,1.85,92.0594,1.63
2008-09-17,1.81,92.0982,1.6
2008-09-18,1.94,91.7111,1.6
2008-09-19,1.85,91.0014,1.93
2008-09-22,1.85,90.1119,1.98
2008-09-23,1.99,90.1221,1.86
2008-09-24,2.05,90.4602,1.75
2008-09-25,2.09,90.4651,1.79
2008-09-26,2.1,90.6872,1.75
2008-09-29,2.03,91.3961,1.58
2008-09-30,2.25,92.3773,1.6
2008-10-01,2.26,92.511,1.51
2008-10-02,2.17,93.3792,1.49
2008-10-03,2.18,93.5414,1.45
2008-10-06,2.21,95.1629,1.27
2008-10-07,2.32,95.4889,1.18
2008-10-08,2.69,96.9684,1.03
2008-10-09,2.79,96.5143,1.05
2008-10-10,2.97,97.999,0.92
2008-10-13,,97.9686,
2008-10-14,3.05,96.2544,1.03
2008-10-15,3.02,97.2045,1.02
2008-10-16,3.02,98.368,0.97
2008-10-17,2.87,97.7255,1.11
2008-10-20,2.76,98.1605,1.15
2008-10-21,2.63,99.4242,1.13
2008-10-22,2.59,101.2131,1.06
2008-10-23,2.67,101.1071,0.96
2008-10-24,3.02,101.8442,0.74
2008-10-27,3.02,102.3415,0.77
2008-10-28,3.06,102.4236,0.83
2008-10-29,3.05,100.0967,0.88
2008-10-30,3.06,99.4568,0.94
2008-10-31,3.14,99.7662,0.87
2008-11-03,3.09,99.4345,0.87
2008-11-04,2.88,97.9957,0.93
2008-11-05,2.76,98.0953,0.97
2008-11-06,2.81,99.5364,0.94
2008-11-07,2.86,99.3944,0.97
2008-11-10,2.84,99.5897,0.98
2008-11-11,,99.6041,
2008-11-12,2.79,101.1947,0.96
2008-11-13,2.95,101.774,0.89
2008-11-14,2.87,100.9705,0.85
2008-11-17,2.85,101.1029,0.83
2008-11-18,2.92,101.3965,0.61
2008-11-19,2.98,101.8804,0.4
2008-11-20,3.06,103.2737,0.04
2008-11-21,3.15,103.6289,0.05
2008-11-24,3.11,101.502,0.24
2008-11-25,2.79,100.7997,0.32
2008-11-26,2.68,101.2566,0.31
2008-11-27,,101.2564,
2008-11-28,2.6,101.6468,0.33
2008-12-01,2.38,102.1744,0.34
2008-12-02,2.26,101.9891,0.42
2008-12-03,2.14,102.4251,0.53
2008-12-04,1.98,102.0715,0.57
2008-12-05,2.23,103.4902,0.44
2008-12-08,2.47,101.7227,0.3
2008-12-09,2.41,101.7346,0.26
2008-12-10,2.44,101.2913,0.25
2008-12-11,2.35,99.5101,0.29
2008-12-12,2.43,100.319,0.17
2008-12-15,2.43,99.1001,0.1
2008-12-16,2.21,98.4771,0.16
2008-12-17,1.86,96.8227,0.34
2008-12-18,1.85,96.8447,0.23
2008-12-19,1.98,98.1278,0.15
2008-12-22,2.01,98.1643,0.15
2008-12-23,2.03,98.2698,0.15
2008-12-24,2.07,98.2249,0.13
2008-12-25,,98.2419,
2008-12-26,2.03,98.2594,0.13
2008-12-29,2.02,97.9359,0.11
2008-12-30,2.02,98.3833,0.09
2008-12-31,2.14,98.6518,0.11
2009-01-01,,,
2009-01-02,2.29,98.6008,0.17
2009-01-05,2.34,98.9195,0.15
2009-01-06,2.09,98.7871,0.42
2009-01-07,2.05,98.089,0.47
2009-01-08,1.97,98.3223,0.5
2009-01-09,1.87,98.8752,0.56
2009-01-12,1.75,99.6022,0.59
2009-01-13,1.74,100.3597,0.59
2009-01-14,1.79,100.7546,0.45
2009-01-15,1.78,101.4653,0.45
2009-01-16,1.81,100.711,0.55
2009-01-19,,,
2009-01-20,1.82,,0.58
2009-01-21,1.98,102.1007,0.58
2009-01-22,1.97,101.8432,0.65
2009-01-23,1.93,102.1096,0.72
2009-01-26,1.92,100.9764,0.78
2009-01-27,1.77,101.1702,0.82
2009-01-28,1.81,100.5461,0.9
2009-01-29,1.83,101.3398,1.04
2009-01-30,1.73,102.1169,1.14
2009-02-02,1.69,102.5067,1.07
2009-02-03,1.76,101.8506,1.13
2009-02-04,1.78,101.9056,1.17
2009-02-05,1.84,101.9517,1.11
2009-02-06,1.82,101.7455,1.23
2009-02-09,1.66,100.9637,1.41
2009-02-10,1.65,101.7094,1.25
2009-02-11,1.66,102.24,1.12
2009-02-12,1.61,102.598,1.14
2009-02-13,1.68,102.2958,1.21
2009-02-16,,,
2009-02-17,1.53,103.7625,1.11
2009-02-18,1.63,104.0385,1.11
2009-02-19,1.73,103.7656,1.12
2009-02-20,1.67,104.0244,1.11
2009-02-23,1.7,103.7416,1.08
2009-02-24,1.82,103.9829,0.98
2009-02-25,1.98,104.3086,0.97
2009-02-26,2.02,104.1813,0.96
2009-02-27,2.06,104.9284,0.96
2009-03-02,2.0,105.9617,0.91
2009-03-03,2.02,106.0249,0.91
2009-03-04,2.09,105.4558,0.92
2009-03-05,1.98,105.8064,0.85
2009-03-06,2.02,105.3937,0.81
2009-03-09,2.06,106.0182,0.83
2009-03-10,2.15,105.1153,0.84
2009-03-11,2.03,104.8499,0.92
2009-03-12,1.88,104.89,1.01
2009-03-13,1.87,104.1106,1.02
2009-03-16,1.88,103.2005,1.09
2009-03-17,1.9,103.2305,1.12
2009-03-18,1.28,103.0005,1.23
2009-03-19,1.31,100.3951,1.3
2009-03-20,1.43,101.0581,1.22
2009-03-23,1.4,101.103,1.28
2009-03-24,1.36,101.0319,1.32
2009-03-25,1.44,100.9674,1.37
2009-03-26,1.3,101.097,1.46
2009-03-27,1.38,101.8388,1.4
2009-03-30,1.39,102.749,1.34
2009-03-31,1.43,102.3761,1.28
2009-04-01,1.37,102.1252,1.31
2009-04-02,1.44,100.8733,1.33
2009-04-03,1.53,100.6429,1.38
2009-04-06,1.52,100.9428,1.43
2009-04-07,1.61,100.9808,1.32
2009-04-08,1.57,100.8948,1.29
2009-04-09,1.62,100.7988,1.34
2009-04-10,,100.7597,
2009-04-13,1.55,100.1369,1.33
2009-04-14,1.52,99.9097,1.28
2009-04-15,1.55,100.1497,1.27
2009-04-16,1.59,100.0517,1.27
2009-04-17,1.7,100.5719,1.28
2009-04-20,1.66,101.448,1.22
2009-04-21,1.69,101.1794,1.25
2009-04-22,1.65,101.1142,1.33
2009-04-23,1.52,101.0065,1.44
2009-04-24,1.53,100.0244,1.5
2009-04-27,1.48,100.7258,1.47
2009-04-28,1.54,101.3145,1.51
2009-04-29,1.59,100.0009,1.53
2009-04-30,1.69,100.1042,1.47
2009-05-01,1.8,100.0057,1.41
2009-05-04,1.77,99.134,1.42
2009-05-05,1.77,98.8529,1.43
2009-05-06,1.74,98.9044,1.44
2009-05-07,1.74,98.552,1.55
2009-05-08,1.77,98.1269,1.52
2009-05-11,1.7,97.747,1.47
2009-05-12,1.69,97.8269,1.48
2009-05-13,1.67,98.0276,1.44
2009-05-14,1.68,98.1271,1.42
2009-05-15,1.66,98.1063,1.48
2009-05-18,1.66,97.9412,1.56
2009-05-19,1.65,97.2827,1.6
2009-05-20,1.56,96.5707,1.63
2009-05-21,1.67,96.6039,1.68
2009-05-22,1.72,95.8788,1.73
2009-05-25,,,
2009-05-26,1.72,95.988,1.78
2009-05-27,1.83,95.9622,1.88
2009-05-28,1.87,96.1313,1.8
2009-05-29,1.67,95.268,1.8
2009-06-01,1.8,94.8107,1.91
2009-06-02,1.69,94.6556,1.96
2009-06-03,1.68,95.0751,1.88
2009-06-04,1.83,95.2922,1.89
2009-06-05,1.88,96.0412,1.96
2009-06-08,1.94,96.6548,1.97
2009-06-09,1.88,95.9537,1.98
2009-06-10,1.91,96.1277,2.07
2009-06-11,1.89,95.4993,1.99
2009-06-12,1.91,95.836,1.9
2009-06-15,1.9,96.7519,1.86
2009-06-16,1.88,96.2616,1.79
2009-06-17,1.95,96.64,1.73
2009-06-18,1.98,96.1482,1.88
2009-06-19,1.91,96.0325,1.88
2009-06-22,1.89,96.8818,1.83
2009-06-23,1.84,96.5196,1.81
2009-06-24,1.93,96.2369,1.79
2009-06-25,1.82,96.7072,1.73
2009-06-26,1.85,96.1935,1.67
2009-06-29,1.83,96.242,1.68
2009-06-30,1.78,96.3761,1.75
2009-07-01,1.83,95.6581,1.72
2009-07-02,1.87,96.3216,1.64
2009-07-03,,,
2009-07-06,2.03,96.6174,1.49
2009-07-07,1.87,96.6321,1.6
2009-07-08,1.79,97.0204,1.54
2009-07-09,1.87,96.6219,1.57
2009-07-10,1.8,97.0819,1.52
2009-07-13,1.84,96.9995,1.54
2009-07-14,1.86,96.6599,1.64
2009-07-15,1.87,95.8004,1.76
2009-07-16,1.82,95.7241,1.77
2009-07-17,1.81,95.6036,1.86
2009-07-20,1.73,95.0903,1.88
2009-07-21,1.71,95.0564,1.79
2009-07-22,1.75,94.8659,1.83
2009-07-23,1.8,94.532,1.92
2009-07-24,1.81,94.7046,1.89
2009-07-27,1.85,94.6659,1.9
2009-07-28,1.86,94.5592,1.86
2009-07-29,1.84,95.1678,1.85
2009-07-30,1.78,94.8967,1.89
2009-07-31,1.71,94.2526,1.81
2009-08-03,1.78,93.6331,1.88
2009-08-04,1.81,93.7281,1.89
2009-08-05,1.85,93.7848,1.95
2009-08-06,1.87,93.9358,1.92
2009-08-07,1.88,94.4692,2.01
2009-08-10,1.83,94.6087,1.97
2009-08-11,1.8,94.8678,1.91
2009-08-12,1.84,94.5394,1.88
2009-08-13,1.8,94.2392,1.79
2009-08-14,1.85,94.475,1.7
2009-08-17,1.79,95.1024,1.69
2009-08-18,1.78,95.1118,1.73
2009-08-19,1.7,94.4084,1.75
2009-08-20,1.6,94.3492,1.82
2009-08-21,1.69,94.0103,1.87
2009-08-24,1.67,93.9345,1.81
2009-08-25,1.72,93.9066,1.73
2009-08-26,1.72,94.8662,1.72
2009-08-27,1.75,94.7943,1.72
2009-08-28,1.76,94.4489,1.7
2009-08-31,1.76,94.6202,1.64
2009-09-01,1.74,95.2201,1.64
2009-09-02,1.71,95.1575,1.58
2009-09-03,1.69,94.959,1.64
2009-09-04,1.7,94.5811,1.75
2009-09-07,,,
2009-09-08,1.66,93.7323,1.81
2009-09-09,1.66,93.6915,1.82
2009-09-10,1.59,93.6947,1.77
2009-09-11,1.59,93.3225,1.75
2009-09-14,1.65,93.6196,1.77
2009-09-15,1.64,93.4427,1.83
2009-09-16,1.62,92.9072,1.86
2009-09-17,1.62,92.8287,1.8
2009-09-18,1.68,93.1233,1.81
2009-09-21,1.69,93.3547,1.8
2009-09-22,1.65,92.8664,1.81
2009-09-23,1.63,92.979,1.81
2009-09-24,1.64,93.4708,1.76
2009-09-25,1.6,93.5535,1.74
2009-09-28,1.57,93.4669,1.74
2009-09-29,1.59,93.7776,1.72
2009-09-30,1.56,93.1907,1.75
2009-10-01,1.5,93.5995,1.71
2009-10-02,1.54,93.6756,1.7
2009-10-05,1.51,93.3356,1.73
2009-10-06,1.53,92.619,1.74
2009-10-07,1.45,92.794,1.76
2009-10-08,1.49,92.2074,1.78
2009-10-09,1.56,92.2984,1.84
2009-10-12,,,
2009-10-13,1.46,91.8273,1.88
2009-10-14,1.51,91.5047,1.94
2009-10-15,1.5,91.4367,1.99
2009-10-16,1.45,91.6541,1.98
2009-10-19,1.38,91.4406,2.03
2009-10-20,1.37,91.801,1.98
2009-10-21,1.43,91.3805,1.99
2009-10-22,1.49,91.6075,1.95
2009-10-23,1.51,91.7331,2.0
2009-10-26,1.59,92.0998,2.0
2009-10-27,1.49,92.5335,2.0
2009-10-28,1.48,92.8152,1.96
2009-10-29,1.5,92.4708,2.03
2009-10-30,1.41,92.6207,2.0
2009-11-02,1.41,92.4501,2.04
2009-11-03,1.45,92.9037,2.05
2009-11-04,1.45,92.3725,2.12
2009-11-05,1.41,92.3437,2.16
2009-11-06,1.37,92.3848,2.17
2009-11-09,1.3,91.6861,2.22
2009-11-10,1.31,91.6659,2.19
2009-11-11,,,
2009-11-12,1.33,91.9461,2.12
2009-11-13,1.31,91.5754,2.12
2009-11-16,1.21,91.194,2.12
2009-11-17,1.2,91.7419,2.13
2009-11-18,1.21,91.249,2.15
2009-11-19,1.21,91.7827,2.14
2009-11-20,1.21,91.9906,2.15
2009-11-23,1.2,91.4864,2.17
2009-11-24,1.21,91.5539,2.11
2009-11-25,1.16,90.9669,2.12
2009-11-26,,,
2009-11-27,1.15,91.5272,2.06
2009-11-30,1.13,91.3717,2.08
2009-12-01,1.14,90.8323,2.14
2009-12-02,1.18,90.8906,2.14
2009-12-03,1.24,90.9152,2.15
2009-12-04,1.34,91.3806,2.14
2009-12-07,1.31,91.5414,2.13
2009-12-08,1.31,91.9513,2.09
2009-12-09,1.36,92.014,2.09
2009-12-10,1.4,92.0073,2.09
2009-12-11,1.41,92.2946,2.14
2009-12-14,1.37,92.0305,2.19
2009-12-15,1.37,92.3635,2.23
2009-12-16,1.34,92.1496,2.27
2009-12-17,1.28,93.225,2.22
2009-12-18,1.31,93.1632,2.24
2009-12-21,1.39,,2.3
2009-12-22,1.43,93.2903,2.33
2009-12-23,1.46,92.9295,2.31
2009-12-24,1.5,92.8694,2.32
2009-12-25,,,
2009-12-28,1.5,92.6993,2.35
2009-12-29,1.46,92.8838,2.36
2009-12-30,1.44,93.0872,2.36
2009-12-31,1.48,92.9124,2.37
2010-01-01,,,
2010-01-04,1.47,92.3566,2.38
2010-01-05,1.43,92.2236,2.34
2010-01-06,1.48,92.0941,2.37
2010-01-07,1.44,92.3684,2.41
2010-01-08,1.41,92.1485,2.42
2010-01-11,1.47,91.5997,2.38
2010-01-12,1.35,91.7005,2.39
2010-01-13,1.43,91.7272,2.37
2010-01-14,1.4,91.5864,2.36
2010-01-15,1.34,91.7668,2.36
2010-01-18,,,
2010-01-19,1.35,91.9611,2.38
2010-01-20,1.31,92.6766,2.37
2010-01-21,1.29,92.6627,2.33
2010-01-22,1.31,92.943,2.31
2010-01-25,1.33,92.9099,2.33
2010-01-26,1.31,93.3298,2.34
2010-01-27,1.35,93.2835,2.31
2010-01-28,1.35,93.2635,2.33
2010-01-29,1.3,93.7638,2.33
2010-02-01,1.29,93.7321,2.39
2010-02-02,1.26,93.4136,2.41
2010-02-03,1.3,93.6268,2.43
2010-02-04,1.27,94.1401,2.35
2010-02-05,1.32,94.6218,2.27
2010-02-08,1.35,,2.27
2010-02-09,1.37,,2.3
2010-02-10,1.44,,2.28
2010-02-11,1.47,,2.26
2010-02-12,1.46,93.9976,2.23
2010-02-15,,,
2010-02-16,1.42,93.482,2.24
2010-02-17,1.46,93.7171,2.28
2010-02-18,1.48,93.8752,2.31
2010-02-19,1.52,93.9569,2.26
2010-02-22,1.55,93.7402,2.25
2010-02-23,1.5,93.9794,2.19
2010-02-24,1.51,93.9775,2.19
2010-02-25,1.51,94.3797,2.13
2010-02-26,1.48,93.6602,2.13
2010-03-01,1.46,93.7979,2.15
2010-03-02,1.46,93.488,2.16
2010-03-03,1.46,92.9861,2.17
2010-03-04,1.44,93.4079,2.17
2010-03-05,1.48,93.2623,2.21
2010-03-08,1.49,93.2446,2.23
2010-03-09,1.48,93.1941,2.23
2010-03-10,1.49,93.0426,2.24
2010-03-11,1.49,93.0533,2.24
2010-03-12,1.45,92.6616,2.26
2010-03-15,1.46,92.9642,2.25
2010-03-16,1.42,92.595,2.24
2010-03-17,1.4,92.4446,2.25
2010-03-18,1.45,92.7451,2.23
2010-03-19,1.5,93.0407,2.2
2010-03-22,1.48,93.1333,2.19
2010-03-23,1.49,93.006,2.2
2010-03-24,1.6,93.6468,2.24
2010-03-25,1.65,93.5885,2.26
2010-03-26,1.62,93.6873,2.24
2010-03-29,1.66,93.2959,2.22
2010-03-30,1.66,93.2627,2.22
2010-03-31,1.6,92.8987,2.24
2010-04-01,1.61,92.6661,2.28
2010-04-02,1.69,92.9057,2.27
2010-04-05,1.7,92.6644,2.31
2010-04-06,1.68,92.7373,2.3
2010-04-07,1.55,92.7452,2.34
2010-04-08,1.58,92.7211,2.33
2010-04-09,1.56,92.4772,2.34
2010-04-12,1.52,92.243,2.35
2010-04-13,1.5,92.2689,2.34
2010-04-14,1.54,91.9297,2.34
2010-04-15,1.49,92.2029,2.37
2010-04-16,1.46,92.5253,2.33
2010-04-19,1.49,92.8577,2.34
2010-04-20,1.47,92.4338,2.35
2010-04-21,1.42,92.4482,2.35
2010-04-22,1.46,92.7277,2.34
2010-04-23,1.47,92.6622,2.37
2010-04-26,1.46,92.5187,2.37
2010-04-27,1.37,93.0956,2.34
2010-04-28,1.4,93.4856,2.4
2010-04-29,1.31,92.9013,2.45
2010-04-30,1.29,92.8423,2.4
2010-05-03,1.32,93.235,2.4
2010-05-04,1.31,93.8137,2.32
2010-05-05,1.3,94.3968,2.28
2010-05-06,1.25,95.3032,2.16
2010-05-07,1.3,95.2952,2.15
2010-05-10,1.33,94.3096,2.24
2010-05-11,1.31,94.4305,2.25
2010-05-12,1.28,94.5515,2.28
2010-05-13,1.28,94.5071,2.27
2010-05-14,1.26,95.3746,2.18
2010-05-17,1.31,95.9795,2.16
2010-05-18,1.25,95.6212,2.13
2010-05-19,1.32,96.5083,2.04
2010-05-20,1.36,96.9483,1.89
2010-05-21,1.33,96.2911,1.87
2010-05-24,1.35,96.6433,1.88
2010-05-25,1.33,97.5487,1.85
2010-05-26,1.3,97.1879,1.91
2010-05-27,1.33,96.3611,2.01
2010-05-28,1.32,96.3062,1.99
2010-05-31,,,
2010-06-01,1.32,96.6123,1.97
2010-06-02,1.36,96.615,1.99
2010-06-03,1.34,96.461,2.05
2010-06-04,1.26,97.1688,1.94
2010-06-07,1.25,97.503,1.92
2010-06-08,1.29,97.3425,1.89
2010-06-09,1.28,96.8938,1.92
2010-06-10,1.35,96.4877,1.98
2010-06-11,1.29,96.5616,1.95
2010-06-14,1.31,95.8082,1.97
2010-06-15,1.32,95.7049,2.0
2010-06-16,1.28,95.5668,1.99
2010-06-17,1.22,95.4973,1.99
2010-06-18,1.25,95.2981,1.99
2010-06-21,1.24,94.8505,2.02
2010-06-22,1.2,95.1165,1.98
2010-06-23,1.19,95.4853,1.94
2010-06-24,1.23,95.6194,1.91
2010-06-25,1.21,95.4582,1.91
2010-06-28,1.17,95.2696,1.88
2010-06-29,1.14,96.0199,1.83
2010-06-30,1.15,95.9934,1.82
2010-07-01,1.21,95.8018,1.75
2010-07-02,1.27,95.6345,1.73
2010-07-05,,,
2010-07-06,1.26,95.1069,1.69
2010-07-07,1.3,95.1795,1.7
2010-07-08,1.25,94.7734,1.79
2010-07-09,1.26,94.683,1.81
2010-07-12,1.26,94.9598,1.82
2010-07-13,1.28,94.3856,1.87
2010-07-14,1.23,94.3247,1.84
2010-07-15,1.21,94.1988,1.79
2010-07-16,1.25,94.5061,1.71
2010-07-19,1.29,94.602,1.7
2010-07-20,1.28,94.542,1.7
2010-07-21,1.19,94.4496,1.71
2010-07-22,1.21,94.1135,1.75
2010-07-23,1.24,94.1431,1.78
2010-07-26,1.24,93.7556,1.79
2010-07-27,1.26,93.7583,1.82
2010-07-28,1.22,93.7506,1.81
2010-07-29,1.21,93.6004,1.82
2010-07-30,1.14,93.2793,1.8
2010-08-02,1.13,92.7916,1.86
2010-08-03,1.07,92.6258,1.87
2010-08-04,1.12,92.731,1.86
2010-08-05,1.07,92.6401,1.87
2010-08-06,1.04,92.5915,1.82
2010-08-09,1.04,92.6726,1.82
2010-08-10,0.95,93.2197,1.84
2010-08-11,0.95,93.7778,1.77
2010-08-12,1.05,93.8905,1.69
2010-08-13,1.0,94.0457,1.68
2010-08-16,0.95,93.7902,1.63
2010-08-17,1.01,93.4239,1.63
2010-08-18,1.02,93.3719,1.62
2010-08-19,1.02,93.7141,1.56
2010-08-20,1.05,94.2087,1.57
2010-08-23,1.05,94.3295,1.55
2010-08-24,1.01,94.4362,1.49
2010-08-25,1.01,94.7372,1.53
2010-08-26,0.95,94.3523,1.55
2010-08-27,1.05,94.3462,1.61
2010-08-30,0.99,94.5922,1.55
2010-08-31,0.95,94.7204,1.52
2010-09-01,1.02,94.1148,1.56
2010-09-02,1.05,94.0852,1.58
2010-09-03,1.1,93.6952,1.62
2010-09-06,,,
2010-09-07,0.98,94.042,1.63
2010-09-08,1.02,93.7785,1.64
2010-09-09,1.05,93.7033,1.72
2010-09-10,1.02,93.6768,1.79
2010-09-13,0.94,93.0767,1.8
2010-09-14,0.93,92.6182,1.75
2010-09-15,0.97,92.9313,1.77
2010-09-16,1.0,92.9108,1.77
2010-09-17,1.0,92.9418,1.75
2010-09-20,0.94,92.7496,1.78
2010-09-21,0.78,92.6684,1.83
2010-09-22,0.74,92.0647,1.82
2010-09-23,0.77,92.0233,1.79
2010-09-24,0.81,91.5996,1.81
2010-09-27,0.79,91.4803,1.75
2010-09-28,0.69,91.3493,1.79
2010-09-29,0.74,91.1632,1.78
2010-09-30,0.75,91.3415,1.78
2010-10-01,0.75,90.836,1.79
2010-10-04,0.72,91.0015,1.78
2010-10-05,0.65,90.5622,1.85
2010-10-06,0.52,90.1411,1.89
2010-10-07,0.53,90.286,1.88
2010-10-08,0.45,90.1133,1.96
2010-10-11,,,
2010-10-12,0.49,90.2203,1.95
2010-10-13,0.44,89.7779,2.02
2010-10-14,0.41,89.5228,2.11
2010-10-15,0.5,89.6815,2.09
2010-10-18,0.47,89.8484,2.05
2010-10-19,0.44,90.5499,2.06
2010-10-20,0.47,90.1446,2.04
2010-10-21,0.5,90.138,2.07
2010-10-22,0.5,90.4063,2.09
2010-10-25,0.45,89.9328,2.14
2010-10-26,0.52,90.2818,2.15
2010-10-27,0.62,90.8038,2.13
2010-10-28,0.57,90.2407,2.12
2010-10-29,0.5,90.0935,2.13
2010-11-01,0.49,90.0307,2.17
2010-11-02,0.49,89.6847,2.14
2010-11-03,0.5,89.7079,2.17
2010-11-04,0.44,88.9831,2.09
2010-11-05,0.48,89.2441,2.1
2010-11-08,0.48,89.5711,2.12
2010-11-09,0.58,89.558,2.14
2010-11-10,0.56,89.9056,2.09
2010-11-11,,,
2010-11-12,0.71,90.1701,2.05
2010-11-15,0.87,90.4331,2.05
2010-11-16,0.87,91.1102,1.98
2010-11-17,0.84,90.9282,2.05
2010-11-18,0.83,90.649,2.07
2010-11-19,0.77,90.6986,2.11
2010-11-22,0.7,90.7023,2.1
2010-11-23,0.69,91.4318,2.08
2010-11-24,0.8,91.2179,2.13
2010-11-25,,,
2010-11-26,0.75,91.8152,2.12
2010-11-29,0.73,92.1997,2.11
2010-11-30,0.74,92.1494,2.07
2010-12-01,0.83,91.6799,2.14
2010-12-02,0.84,91.2651,2.17
2010-12-03,0.86,90.8788,2.17
2010-12-06,0.79,91.0167,2.16
2010-12-07,0.92,90.9732,2.23
2010-12-08,1.07,91.3376,2.19
2010-12-09,1.09,91.3923,2.14
2010-12-10,1.16,91.2831,2.16
2010-12-13,1.11,90.8837,2.18
2010-12-14,1.27,90.764,2.22
2010-12-15,1.22,91.094,2.31
2010-12-16,1.15,91.3773,2.32
2010-12-17,1.05,91.5555,2.28
2010-12-20,1.07,91.6398,2.29
2010-12-21,1.06,91.519,2.29
2010-12-22,1.03,91.429,2.33
2010-12-23,1.08,91.3013,2.33
2010-12-24,,,
2010-12-27,1.06,91.1963,2.3
2010-12-28,1.17,90.9848,2.33
2010-12-29,1.06,90.7669,2.29
2010-12-30,1.08,90.5146,2.3
2010-12-31,1.0,,2.3
2011-01-03,1.05,89.9524,2.31
2011-01-04,1.01,90.3277,2.35
2011-01-05,1.08,90.5715,2.42
2011-01-06,1.03,90.9125,2.41
2011-01-07,0.98,91.0001,2.36
2011-01-10,0.96,91.03,2.36
2011-01-11,0.97,90.8431,2.4
2011-01-12,0.98,90.4111,2.42
2011-01-13,0.97,89.9019,2.37
2011-01-14,1.0,90.0461,2.35
2011-01-17,,,
2011-01-18,0.99,89.821,2.4
2011-01-19,0.99,89.6948,2.38
2011-01-20,1.22,90.1316,2.25
2011-01-21,1.2,89.7204,2.24
2011-01-24,1.18,89.5375,2.25
2011-01-25,1.11,89.7279,2.24
2011-01-26,1.16,89.5091,2.29
2011-01-27,1.16,89.5728,2.26
2011-01-28,1.09,89.8189,2.27
2011-01-31,1.08,89.694,2.34
2011-02-01,1.11,89.1436,2.37
2011-02-02,1.16,89.0737,2.36
2011-02-03,1.23,89.2522,2.35
2011-02-04,1.3,89.391,2.38
2011-02-07,1.32,89.3556,2.36
2011-02-08,1.39,89.1241,2.36
2011-02-09,1.34,89.4166,2.31
2011-02-10,1.39,89.6266,2.31
2011-02-11,1.36,89.8784,2.28
2011-02-14,1.34,89.8543,2.28
2011-02-15,1.33,89.8871,2.28
2011-02-16,1.37,89.7059,2.25
2011-02-17,1.31,89.4102,2.27
2011-02-18,1.25,89.1974,2.34
2011-02-21,,,
2011-02-22,1.12,89.4617,2.34
2011-02-23,1.1,89.4186,2.39
2011-02-24,1.05,89.2346,2.41
2011-02-25,1.02,89.1664,2.4
2011-02-28,1.03,88.9391,2.39
2011-03-01,1.0,88.831,2.41
2011-03-02,1.01,88.7317,2.45
2011-03-03,1.09,88.637,2.49
2011-03-04,1.0,88.4898,2.49
2011-03-07,1.0,88.5207,2.51
2011-03-08,1.01,88.6454,2.55
2011-03-09,0.98,88.5328,2.5
2011-03-10,0.91,88.8698,2.46
2011-03-11,0.96,88.691,2.44
2011-03-14,0.93,88.5191,2.43
2011-03-15,0.93,88.7845,2.4
2011-03-16,0.85,88.9785,2.37
2011-03-17,0.82,88.6549,2.43
2011-03-18,0.85,88.5221,2.43
2011-03-21,0.9,88.2032,2.44
2011-03-22,0.95,88.0665,2.39
2011-03-23,0.98,88.3328,2.38
2011-03-24,0.95,88.0592,2.47
2011-03-25,1.02,88.1716,2.44
2011-03-28,1.01,88.3058,2.46
2011-03-29,1.03,88.3991,2.47
2011-03-30,1.0,88.2298,2.47
2011-03-31,0.99,88.0299,2.48
2011-04-01,0.94,87.7993,2.52
2011-04-04,0.91,87.8406,2.54
2011-04-05,0.94,87.7483,2.56
2011-04-06,0.99,87.4913,2.57
2011-04-07,0.99,87.532,2.59
2011-04-08,0.95,87.1493,2.64
2011-04-11,0.96,87.094,2.63
2011-04-12,0.9,87.2943,2.62
2011-04-13,0.88,87.2093,2.61
2011-04-14,0.89,87.0802,2.62
2011-04-15,0.82,87.005,2.61
2011-04-18,0.8,87.5081,2.6
2011-04-19,0.76,87.0791,2.63
2011-04-20,0.82,86.5642,2.61
2011-04-21,0.83,86.2256,2.59
2011-04-22,,86.3742,
2011-04-25,0.79,86.4026,2.6
2011-04-26,0.76,86.2576,2.58
2011-04-27,0.81,86.2519,2.58
2011-04-28,0.78,85.8419,2.56
2011-04-29,0.75,85.5999,2.57
2011-05-02,0.75,85.5199,2.56
2011-05-03,0.73,85.6352,2.55
2011-05-04,0.7,85.8917,2.55
2011-05-05,0.7,86.508,2.48
2011-05-06,0.71,86.4575,2.48
2011-05-09,0.69,86.8346,2.48
2011-05-10,0.74,86.6518,2.49
2011-05-11,0.76,86.7195,2.43
2011-05-12,0.79,87.0767,2.43
2011-05-13,0.79,87.4176,2.39
2011-05-16,0.81,87.3311,2.34
2011-05-17,0.82,87.6307,2.3
2011-05-18,0.82,87.295,2.36
2011-05-19,0.91,87.2638,2.26
2011-05-20,0.85,87.3044,2.3
2011-05-23,0.84,87.8941,2.29
2011-05-24,0.79,87.662,2.33
2011-05-25,0.8,87.6136,2.33
2011-05-26,0.76,87.5588,2.31
2011-05-27,0.79,86.9525,2.28
2011-05-30,,,
2011-05-31,0.8,86.656,2.25
2011-06-01,0.74,86.5964,2.22
2011-06-02,0.78,86.8435,2.26
2011-06-03,0.75,86.4234,2.24
2011-06-06,0.76,86.4669,2.25
2011-06-07,0.76,86.3627,2.25
2011-06-08,0.76,86.5714,2.22
2011-06-09,0.8,86.5913,2.21
2011-06-10,0.79,87.042,2.2
2011-06-13,0.8,87.0579,2.2
2011-06-14,0.83,86.6771,2.28
2011-06-15,0.74,87.3342,2.24
2011-06-16,0.73,87.6917,2.2
2011-06-17,0.75,87.2179,2.19
2011-06-20,0.79,87.1908,2.18
2011-06-21,0.78,86.857,2.21
2011-06-22,0.82,86.8067,2.19
2011-06-23,0.71,87.455,2.22
2011-06-24,0.64,87.5014,2.24
2011-06-27,0.67,87.5225,2.28
2011-06-28,0.73,87.2178,2.32
2011-06-29,0.74,86.8014,2.4
2011-06-30,0.75,86.4786,2.43
2011-07-01,0.77,86.3613,2.45
2011-07-04,,,
2011-07-05,0.77,86.4253,2.39
2011-07-06,0.74,86.6825,2.38
2011-07-07,0.75,86.4825,2.42
2011-07-08,0.69,86.615,2.34
2011-07-11,0.63,87.1013,2.31
2011-07-12,0.6,87.1701,2.32
2011-07-13,0.59,86.5697,2.33
2011-07-14,0.68,86.5234,2.3
2011-07-15,0.61,86.5169,2.33
2011-07-18,0.58,86.9549,2.36
2011-07-19,0.54,86.4386,2.37
2011-07-20,0.62,86.2794,2.34
2011-07-21,0.68,85.8378,2.35
2011-07-22,0.61,85.8623,2.38
2011-07-25,0.58,85.8006,2.45
2011-07-26,0.57,85.4692,2.42
2011-07-27,0.56,85.7126,2.45
2011-07-28,0.52,85.8245,2.46
2011-07-29,0.38,85.7282,2.44
2011-08-01,0.33,86.0391,2.44
2011-08-02,0.29,86.0533,2.37
2011-08-03,0.36,86.0706,2.28
2011-08-04,0.24,86.9299,2.23
2011-08-05,0.32,87.1084,2.26
2011-08-08,0.2,87.1873,2.2
2011-08-09,0.0,87.3919,2.2
2011-08-10,-0.13,87.3792,2.3
2011-08-11,0.06,87.3215,2.28
2011-08-12,-0.02,87.177,2.26
2011-08-15,0.06,86.7515,2.23
2011-08-16,0.05,86.7115,2.18
2011-08-17,0.01,86.5518,2.16
2011-08-18,0.09,87.1271,1.99
2011-08-19,0.02,86.8286,2.05
2011-08-22,0.03,87.0753,2.07
2011-08-23,0.13,86.9001,2.02
2011-08-24,0.25,87.1316,2.04
2011-08-25,0.13,87.2306,2.1
2011-08-26,0.15,87.0751,2.04
2011-08-29,0.22,86.8433,2.06
2011-08-30,0.14,87.001,2.05
2011-08-31,0.18,86.7739,2.05
2011-09-01,0.07,86.8512,2.08
2011-09-02,0.0,87.1797,2.02
2011-09-05,,,
2011-09-06,0.05,88.1645,1.93
2011-09-07,0.09,87.9699,1.96
2011-09-08,0.0,88.1162,2.0
2011-09-09,-0.03,88.9514,1.96
2011-09-12,0.0,89.2192,1.94
2011-09-13,0.07,89.2653,1.93
2011-09-14,0.12,89.419,1.91
2011-09-15,0.13,89.0647,1.96
2011-09-16,0.13,89.1108,1.95
2011-09-19,0.09,89.9336,1.88
2011-09-20,0.04,89.8777,1.91
2011-09-21,0.02,90.3453,1.86
2011-09-22,0.01,92.075,1.71
2011-09-23,0.1,91.6904,1.74
2011-09-26,0.12,91.7724,1.79
2011-09-27,0.12,90.8985,1.88
2011-09-28,0.16,91.0227,1.87
2011-09-29,0.17,91.3033,1.82
2011-09-30,0.17,91.9998,1.75
2011-10-03,0.07,92.5128,1.73
2011-10-04,0.05,92.9508,1.76
2011-10-05,0.12,92.3008,1.8
2011-10-06,0.13,91.9661,1.88
2011-10-07,0.16,91.2469,1.94
2011-10-10,,,
2011-10-11,0.23,90.9162,1.95
2011-10-12,0.26,90.3378,1.98
2011-10-13,0.27,90.6603,1.92
2011-10-14,0.28,90.2116,1.98
2011-10-17,0.24,90.266,1.94
2011-10-18,0.22,90.5907,1.97
2011-10-19,0.23,90.3317,1.95
2011-10-20,0.22,91.1026,1.98
2011-10-21,0.23,90.279,2.0
2011-10-24,0.23,89.8558,2.02
2011-10-25,0.12,89.9525,2.02
2011-10-26,0.15,90.0836,2.08
2011-10-27,0.24,88.7882,2.18
2011-10-28,0.19,88.6382,2.15
2011-10-31,0.08,89.2053,2.09
2011-11-01,-0.04,90.7296,2.05
2011-11-02,-0.07,90.244,2.1
2011-11-03,0.0,90.2961,2.09
2011-11-04,-0.06,90.3154,2.12
2011-11-07,-0.1,90.3832,2.14
2011-11-08,-0.03,90.172,2.13
2011-11-09,-0.04,90.6991,2.04
2011-11-10,-0.04,90.8588,2.08
2011-11-11,,,
2011-11-14,-0.01,90.7215,2.05
2011-11-15,0.04,91.1081,2.02
2011-11-16,0.05,91.1237,1.96
2011-11-17,0.06,91.1822,1.9
2011-11-18,0.05,91.3676,1.96
2011-11-21,0.07,91.9978,1.9
2011-11-22,0.05,92.0193,1.89
2011-11-23,-0.01,92.7463,1.9
2011-11-24,,,
2011-11-25,0.05,93.1455,1.92
2011-11-28,0.02,92.4983,1.95
2011-11-29,0.01,92.2163,1.99
2011-11-30,0.03,91.4728,2.05
2011-12-01,0.06,91.227,2.05
2011-12-02,0.0,91.3532,2.05
2011-12-05,-0.01,91.1087,2.05
2011-12-06,0.01,91.2817,2.07
2011-12-07,-0.01,91.2331,2.03
2011-12-08,0.01,91.668,1.98
2011-12-09,0.05,91.6122,2.02
2011-12-12,-0.01,92.3375,2.04
2011-12-13,-0.05,92.5456,2.01
2011-12-14,-0.04,93.2176,1.96
2011-12-15,-0.01,92.8858,1.93
2011-12-16,-0.05,92.8252,1.91
2011-12-19,-0.12,92.8685,1.94
2011-12-20,-0.1,92.432,2.04
2011-12-21,-0.07,92.5262,2.05
2011-12-22,-0.07,92.3883,2.04
2011-12-23,-0.04,92.3897,2.07
2011-12-26,,,
2011-12-27,-0.02,92.4137,2.04
2011-12-28,-0.07,92.8374,2.0
2011-12-29,-0.05,92.7398,1.96
2011-12-30,-0.07,92.4262,1.96
2012-01-02,,,
2012-01-03,-0.04,91.7551,2.01
2012-01-04,-0.08,92.0345,2.08
2012-01-05,-0.1,92.5773,2.12
2012-01-06,-0.11,92.7183,2.09
2012-01-09,-0.13,92.7418,2.11
2012-01-10,-0.08,92.2461,2.08
2012-01-11,-0.1,92.554,2.03
2012-01-12,-0.1,92.2274,2.04
2012-01-13,-0.14,92.5385,2.03
2012-01-16,,,
2012-01-17,-0.17,92.0142,2.04
2012-01-18,-0.15,91.6943,2.07
2012-01-19,0.0,91.3316,2.01
2012-01-20,0.01,91.3661,2.04
2012-01-23,0.02,90.986,2.07
2012-01-24,-0.01,91.181,2.09
2012-01-25,-0.12,91.277,2.13
2012-01-26,-0.16,90.3962,2.12
2012-01-27,-0.18,90.2559,2.11
2012-01-30,-0.24,90.4762,2.11
2012-01-31,-0.28,90.5538,2.11
2012-02-01,-0.28,90.0963,2.15
2012-02-02,-0.3,89.8765,2.16
2012-02-03,-0.21,89.8491,2.18
2012-02-06,-0.26,89.7907,2.19
2012-02-07,-0.21,89.5968,2.21
2012-02-08,-0.21,89.6555,2.22
2012-02-09,-0.17,89.6246,2.21
2012-02-10,-0.24,90.1024,2.2
2012-02-13,-0.22,89.8895,2.21
2012-02-14,-0.27,90.1919,2.19
2012-02-15,-0.26,90.1932,2.19
2012-02-16,-0.24,90.3109,2.23
2012-02-17,-0.23,90.23,2.24
2012-02-20,,,
2012-02-21,-0.22,90.0117,2.27
2012-02-22,-0.27,90.2472,2.28
2012-02-23,-0.3,90.1108,2.29
2012-02-24,-0.29,89.9104,2.27
2012-02-27,-0.32,89.9635,2.24
2012-02-28,-0.31,89.8103,2.25
2012-02-29,-0.28,89.7487,2.26
2012-03-01,-0.23,89.7817,2.26
2012-03-02,-0.24,90.135,2.23
2012-03-05,-0.2,90.2748,2.2
2012-03-06,-0.21,90.8237,2.17
2012-03-07,-0.22,90.6837,2.2
2012-03-08,-0.21,90.2598,2.24
2012-03-09,-0.24,90.4341,2.28
2012-03-12,-0.24,90.6643,2.28
2012-03-13,-0.2,90.5363,2.34
2012-03-14,-0.07,90.9325,2.36
2012-03-15,-0.08,90.7866,2.37
2012-03-16,-0.09,90.5245,2.4
2012-03-19,-0.03,90.292,2.42
2012-03-20,-0.04,90.6065,2.42
2012-03-21,-0.08,90.6761,2.39
2012-03-22,-0.08,90.8225,2.37
2012-03-23,-0.11,90.6156,2.36
2012-03-26,-0.08,90.3266,2.34
2012-03-27,-0.13,90.2796,2.33
2012-03-28,-0.11,90.603,2.32
2012-03-29,-0.13,90.7285,2.31
2012-03-30,-0.09,90.4593,2.32
2012-04-02,-0.14,90.247,2.36
2012-04-03,-0.06,90.1921,2.36
2012-04-04,-0.05,90.8284,2.3
2012-04-05,-0.08,90.8781,2.27
2012-04-06,-0.16,90.9375,2.23
2012-04-09,-0.17,90.9624,2.23
2012-04-10,-0.24,91.2728,2.25
2012-04-11,-0.25,91.1768,2.3
2012-04-12,-0.22,90.7694,2.3
2012-04-13,-0.25,91.0558,2.27
2012-04-16,-0.26,91.2355,2.26
2012-04-17,-0.26,90.7661,2.29
2012-04-18,-0.26,90.9326,2.26
2012-04-19,-0.21,91.0833,2.19
2012-04-20,-0.24,90.8066,2.23
2012-04-23,-0.26,91.079,2.22
2012-04-24,-0.25,90.8153,2.25
2012-04-25,-0.24,90.756,2.25
2012-04-26,-0.29,90.6428,2.27
2012-04-27,-0.3,90.3269,2.26
2012-04-30,-0.3,90.3634,2.25
2012-05-01,-0.28,90.3227,2.26
2012-05-02,-0.28,90.6144,2.24
2012-05-03,-0.27,90.6839,2.23
2012-05-04,-0.3,91.0497,2.21
2012-05-07,-0.27,91.0747,2.19
2012-05-08,-0.28,91.4107,2.16
2012-05-09,-0.27,91.7632,2.14
2012-05-10,-0.25,91.7077,2.14
2012-05-11,-0.28,91.7306,2.12
2012-05-14,-0.33,92.2491,2.11
2012-05-15,-0.36,92.5235,2.12
2012-05-16,-0.33,92.903,2.09
2012-05-17,-0.35,92.9632,2.05
2012-05-18,-0.39,93.1395,2.1
2012-05-21,-0.41,93.0945,2.16
2012-05-22,-0.38,93.1113,2.17
2012-05-23,-0.41,93.8855,2.14
2012-05-24,-0.37,93.8027,2.14
2012-05-25,-0.38,93.9488,2.13
2012-05-28,,,
2012-05-29,-0.37,93.875,2.11
2012-05-30,-0.45,94.302,2.08
2012-05-31,-0.5,94.6856,2.09
2012-06-01,-0.59,94.6979,2.06
2012-06-04,-0.56,94.5184,2.09
2012-06-05,-0.56,94.6184,2.13
2012-06-06,-0.5,94.0362,2.16
2012-06-07,-0.49,93.774,2.15
2012-06-08,-0.5,94.2024,2.15
2012-06-11,-0.53,94.0369,2.13
2012-06-12,-0.48,94.0693,2.15
2012-06-13,-0.51,93.8309,2.12
2012-06-14,-0.47,93.8152,2.11
2012-06-15,-0.54,93.5203,2.14
2012-06-18,-0.54,93.6431,2.13
2012-06-19,-0.53,93.0524,2.17
2012-06-20,-0.51,93.1602,2.16
2012-06-21,-0.47,93.6378,2.1
2012-06-22,-0.42,93.9205,2.11
2012-06-25,-0.47,94.1757,2.1
2012-06-26,-0.45,93.9859,2.11
2012-06-27,-0.45,93.8728,2.1
2012-06-28,-0.48,94.0203,2.08
2012-06-29,-0.46,92.9096,2.13
2012-07-02,-0.5,92.951,2.11
2012-07-03,-0.48,92.6508,2.13
2012-07-04,,,
2012-07-05,-0.51,93.2211,2.13
2012-07-06,-0.53,93.7087,2.1
2012-07-09,-0.57,93.6974,2.1
2012-07-10,-0.59,93.5552,2.12
2012-07-11,-0.57,93.5981,2.11
2012-07-12,-0.58,93.9298,2.08
2012-07-13,-0.59,93.5515,2.11
2012-07-16,-0.61,93.3746,2.11
2012-07-17,-0.59,93.3479,2.12
2012-07-18,-0.6,93.0973,2.12
2012-07-19,-0.62,93.0438,2.16
2012-07-20,-0.67,93.3653,2.16
2012-07-23,-0.68,93.9297,2.15
2012-07-24,-0.68,94.2635,2.12
2012-07-25,-0.67,94.0564,2.1
2012-07-26,-0.66,93.3595,2.11
2012-07-27,-0.61,92.9333,2.19
2012-07-30,-0.64,93.0524,2.17
2012-07-31,-0.69,92.8422,2.2
2012-08-01,-0.67,92.8905,2.23
2012-08-02,-0.69,93.4269,2.2
2012-08-03,-0.66,92.6048,2.26
2012-08-06,-0.68,92.4339,2.27
2012-08-07,-0.65,92.5128,2.31
2012-08-08,-0.61,92.5407,2.29
2012-08-09,-0.58,92.6057,2.27
2012-08-10,-0.6,92.5129,2.25
2012-08-13,-0.58,92.5955,2.23
2012-08-14,-0.53,92.6152,2.26
2012-08-15,-0.45,92.6838,2.25
2012-08-16,-0.42,92.5737,2.25
2012-08-17,-0.43,92.711,2.24
2012-08-20,-0.43,92.6263,2.25
2012-08-21,-0.45,92.3053,2.25
2012-08-22,-0.55,92.4362,2.26
2012-08-23,-0.62,92.1057,2.3
2012-08-24,-0.6,92.2785,2.28
2012-08-27,-0.64,92.3135,2.29
2012-08-28,-0.68,92.2033,2.32
2012-08-29,-0.64,92.3823,2.3
2012-08-30,-0.63,92.6239,2.26
2012-08-31,-0.68,92.1677,2.25
2012-09-03,,,
2012-09-04,-0.68,92.1582,2.27
2012-09-05,-0.69,92.1262,2.29
2012-09-06,-0.63,91.8973,2.31
2012-09-07,-0.68,91.3469,2.35
2012-09-10,-0.68,91.3102,2.36
2012-09-11,-0.68,91.0575,2.38
2012-09-12,-0.61,91.0477,2.38
2012-09-13,-0.72,90.9632,2.47
2012-09-14,-0.76,90.1436,2.64
2012-09-17,-0.74,90.2837,2.59
2012-09-18,-0.73,90.5029,2.55
2012-09-19,-0.75,90.4646,2.54
2012-09-20,-0.7,90.7631,2.5
2012-09-21,-0.71,90.5342,2.48
2012-09-24,-0.73,90.8263,2.47
2012-09-25,-0.74,90.6074,2.44
2012-09-26,-0.77,91.0028,2.41
2012-09-27,-0.78,90.7538,2.44
2012-09-28,-0.77,90.8342,2.42
2012-10-01,-0.78,90.7011,2.42
2012-10-02,-0.83,90.644,2.47
2012-10-03,-0.83,90.8726,2.47
2012-10-04,-0.86,90.4932,2.56
2012-10-05,-0.82,90.2851,2.57
2012-10-08,,,
2012-10-09,-0.81,90.8703,2.55
2012-10-10,-0.8,90.883,2.52
2012-10-11,-0.77,90.7437,2.47
2012-10-12,-0.78,90.6833,2.47
2012-10-15,-0.78,90.6409,2.48
2012-10-16,-0.71,90.5583,2.46
2012-10-17,-0.65,90.2309,2.48
2012-10-18,-0.66,90.3804,2.52
2012-10-19,-0.71,90.8107,2.5
2012-10-22,-0.7,90.7911,2.53
2012-10-23,-0.71,91.0945,2.5
2012-10-24,-0.69,91.1275,2.49
2012-10-25,-0.63,91.02,2.49
2012-10-26,-0.69,91.1411,2.47
2012-10-29,-0.73,,2.47
2012-10-30,,,
2012-10-31,-0.78,91.1609,2.5
2012-11-01,-0.77,91.1217,2.52
2012-11-02,-0.73,91.281,2.48
2012-11-05,-0.75,91.4778,2.47
2012-11-06,-0.72,91.2908,2.5
2012-11-07,-0.8,91.4514,2.48
2012-11-08,-0.85,91.5375,2.47
2012-11-09,-0.83,91.6871,2.44
2012-11-12,,,
2012-11-13,-0.84,91.7356,2.43
2012-11-14,-0.81,91.7942,2.4
2012-11-15,-0.8,91.8837,2.38
2012-11-16,-0.81,92.0095,2.39
2012-11-19,-0.78,91.5653,2.39
2012-11-20,-0.74,91.556,2.4
2012-11-21,-0.71,91.6645,2.4
2012-11-22,,,
2012-11-23,-0.72,91.2616,2.42
2012-11-26,-0.73,91.2789,2.39
2012-11-27,-0.74,91.2608,2.38
2012-11-28,-0.75,91.33,2.38
2012-11-29,-0.78,91.2104,2.4
2012-11-30,-0.79,91.1038,2.41
2012-12-03,-0.81,91.0084,2.44
2012-12-04,-0.83,90.9748,2.45
2012-12-05,-0.85,90.9423,2.45
2012-12-06,-0.87,91.0629,2.46
2012-12-07,-0.86,91.0437,2.5
2012-12-10,-0.87,90.9631,2.5
2012-12-11,-0.84,90.8403,2.5
2012-12-12,-0.79,90.7708,2.51
2012-12-13,-0.73,90.776,2.47
2012-12-14,-0.74,90.7156,2.46
2012-12-17,-0.7,90.6193,2.48
2012-12-18,-0.67,90.5161,2.51
2012-12-19,-0.66,90.4896,2.48
2012-12-20,-0.69,90.6002,2.5
2012-12-21,-0.71,90.9597,2.48
2012-12-24,-0.69,91.0354,2.48
2012-12-25,,,
2012-12-26,-0.71,91.0606,2.48
2012-12-27,-0.73,91.1037,2.47
2012-12-28,-0.73,91.0419,2.46
2012-12-31,-0.67,91.0834,2.45
2013-01-01,,,
2013-01-02,-0.62,90.6941,2.48
2013-01-03,-0.54,90.8097,2.46
2013-01-04,-0.55,91.1025,2.48
2013-01-07,-0.6,90.9852,2.52
2013-01-08,-0.6,91.057,2.49
2013-01-09,-0.64,91.0088,2.52
2013-01-10,-0.62,90.6425,2.53
2013-01-11,-0.63,90.5352,2.52
2013-01-14,-0.66,90.4935,2.55
2013-01-15,-0.66,90.5191,2.52
2013-01-16,-0.65,90.596,2.49
2013-01-17,-0.64,90.5401,2.53
2013-01-18,-0.66,90.8697,2.53
2013-01-21,,,
2013-01-22,-0.68,90.7892,2.54
2013-01-23,-0.66,90.8376,2.52
2013-01-24,-0.62,90.9112,2.5
2013-01-25,-0.56,91.0868,2.54
2013-01-28,-0.55,91.2354,2.55
2013-01-29,-0.53,90.9406,2.56
2013-01-30,-0.54,90.8836,2.57
2013-01-31,-0.57,90.798,2.59
2013-02-01,-0.55,90.6923,2.59
2013-02-04,-0.59,90.9774,2.59
2013-02-05,-0.55,90.881,2.59
2013-02-06,-0.58,91.0176,2.58
2013-02-07,-0.58,91.2912,2.57
2013-02-08,-0.57,91.3056,2.56
2013-02-11,-0.58,91.4451,2.57
2013-02-12,-0.57,91.2779,2.59
2013-02-13,-0.54,91.2709,2.59
2013-02-14,-0.56,91.366,2.56
2013-02-15,-0.53,91.4551,2.54
2013-02-18,,,
2013-02-19,-0.52,91.5073,2.55
2013-02-20,-0.52,91.6689,2.54
2013-02-21,-0.54,92.0394,2.53
2013-02-22,-0.57,92.1197,2.54
2013-02-25,-0.62,92.1975,2.5
2013-02-26,-0.62,92.4247,2.5
2013-02-27,-0.61,92.234,2.52
2013-02-28,-0.64,92.295,2.53
2013-03-01,-0.67,92.6177,2.53
2013-03-04,-0.65,92.6316,2.53
2013-03-05,-0.65,92.4965,2.55
2013-03-06,-0.61,,2.56
2013-03-07,-0.56,92.5462,2.56
2013-03-08,-0.5,92.6252,2.56
2013-03-11,-0.5,92.5351,2.57
2013-03-12,-0.52,92.3853,2.55
2013-03-13,-0.52,92.4709,2.56
2013-03-14,-0.53,92.4695,2.57
2013-03-15,-0.55,92.128,2.56
2013-03-18,-0.6,92.3377,2.56
2013-03-19,-0.61,92.526,2.53
2013-03-20,-0.57,92.4141,2.53
2013-03-21,-0.57,92.3322,2.52
2013-03-22,-0.6,92.2051,2.53
2013-03-25,-0.6,92.3081,2.53
2013-03-26,-0.61,92.232,2.53
2013-03-27,-0.64,92.446,2.51
2013-03-28,-0.64,92.2544,2.51
2013-03-29,,92.302,
2013-04-01,-0.65,92.1687,2.51
2013-04-02,-0.63,92.1432,2.51
2013-04-03,-0.65,92.104,2.48
2013-04-04,-0.7,92.3896,2.48
2013-04-05,-0.74,92.1043,2.46
2013-04-08,-0.69,92.2317,2.45
2013-04-09,-0.67,91.9669,2.45
2013-04-10,-0.6,91.9598,2.44
2013-04-11,-0.65,91.6972,2.47
2013-04-12,-0.68,91.7967,2.43
2013-04-15,-0.69,91.9457,2.41
2013-04-16,-0.65,91.8451,2.4
2013-04-17,-0.64,92.1372,2.37
2013-04-18,-0.55,92.176,2.27
2013-04-19,-0.59,92.2166,2.32
2013-04-22,-0.63,92.3591,2.35
2013-04-23,-0.64,92.3836,2.38
2013-04-24,-0.65,92.4581,2.38
2013-04-25,-0.66,92.0394,2.4
2013-04-26,-0.68,91.9012,2.38
2013-04-29,-0.67,91.6539,2.37
2013-04-30,-0.64,91.3741,2.34
2013-05-01,-0.64,91.4331,2.3
2013-05-02,-0.62,91.6174,2.28
2013-05-03,-0.53,91.5087,2.31
2013-05-06,-0.51,91.6387,2.31
2013-05-07,-0.5,91.5201,2.32
2013-05-08,-0.48,91.1848,2.29
2013-05-09,-0.5,91.3036,2.31
2013-05-10,-0.45,92.2527,2.35
2013-05-13,-0.41,92.2711,2.33
2013-05-14,-0.37,92.3697,2.33
2013-05-15,-0.36,92.7691,2.3
2013-05-16,-0.4,92.6602,2.27
2013-05-17,-0.31,93.1617,2.26
2013-05-20,-0.31,93.0359,2.28
2013-05-21,-0.34,92.9662,2.28
2013-05-22,-0.24,93.3104,2.27
2013-05-23,-0.24,93.2113,2.26
2013-05-24,-0.26,93.2768,2.27
2013-05-27,,,
2013-05-28,-0.14,93.5853,2.29
2013-05-29,-0.1,93.531,2.23
2013-05-30,-0.05,93.4219,2.18
2013-05-31,-0.05,93.6076,2.21
2013-06-03,-0.07,93.163,2.2
2013-06-04,-0.05,93.3067,2.19
2013-06-05,-0.06,93.275,2.16
2013-06-06,-0.05,92.809,2.13
2013-06-07,0.03,92.6056,2.14
2013-06-10,0.11,92.973,2.11
2013-06-11,0.13,92.7996,2.07
2013-06-12,0.21,92.4775,2.04
2013-06-13,0.15,92.3449,2.04
2013-06-14,0.09,92.1886,2.05
2013-06-17,0.15,92.3332,2.04
2013-06-18,0.14,92.5432,2.06
2013-06-19,0.29,92.4755,2.04
2013-06-20,0.46,94.125,1.95
2013-06-21,0.59,94.4243,1.93
2013-06-24,0.64,94.5714,1.93
2013-06-25,0.64,94.3285,1.96
2013-06-26,0.6,94.3807,1.95
2013-06-27,0.5,94.2429,1.99
2013-06-28,0.53,94.3047,1.99
2013-07-01,0.48,94.0998,2.02
2013-07-02,0.44,94.4051,2.04
2013-07-03,0.48,94.4767,2.04
2013-07-04,,,
2013-07-05,0.66,95.0639,2.07
2013-07-08,0.58,94.9954,2.07
2013-07-09,0.59,94.9467,2.06
2013-07-10,0.64,94.7595,2.06
2013-07-11,0.56,93.949,2.04
2013-07-12,0.55,94.0029,2.06
2013-07-15,0.47,93.9729,2.1
2013-07-16,0.41,93.5232,2.14
2013-07-17,0.38,93.5498,2.14
2013-07-18,0.38,93.681,2.18
2013-07-19,0.29,93.4759,2.21
2013-07-22,0.28,93.2253,2.22
2013-07-23,0.33,93.1631,2.2
2013-07-24,0.44,93.3124,2.17
2013-07-25,0.44,93.2862,2.17
2013-07-26,0.43,93.1695,2.15
2013-07-29,0.45,93.1663,2.16
2013-07-30,0.46,93.3976,2.17
2013-07-31,0.38,93.5703,2.22
2013-08-01,0.48,93.7972,2.26
2013-08-02,0.42,93.5789,2.21
2013-08-05,0.42,93.507,2.25
2013-08-06,0.39,93.3199,2.28
2013-08-07,0.35,93.2652,2.26
2013-08-08,0.34,92.8483,2.24
2013-08-09,0.33,92.8394,2.24
2013-08-12,0.37,92.9178,2.24
2013-08-13,0.48,93.476,2.23
2013-08-14,0.5,93.382,2.21
2013-08-15,0.6,93.5059,2.17
2013-08-16,0.68,93.4255,2.16
2013-08-19,0.75,93.6623,2.13
2013-08-20,0.67,93.5536,2.15
2013-08-21,0.73,94.0362,2.14
2013-08-22,0.79,94.2804,2.11
2013-08-23,0.69,93.9466,2.13
2013-08-26,0.64,94.1853,2.15
2013-08-27,0.57,94.3934,2.15
2013-08-28,0.63,94.4127,2.15
2013-08-29,0.65,94.6398,2.1
2013-08-30,0.68,94.7541,2.1
2013-09-02,,,
2013-09-03,0.76,94.9574,2.1
2013-09-04,0.83,94.5739,2.07
2013-09-05,0.92,94.8891,2.06
2013-09-06,0.87,94.2487,2.07
2013-09-09,0.84,94.0009,2.06
2013-09-10,0.86,93.938,2.1
2013-09-11,0.8,93.7112,2.13
2013-09-12,0.81,93.5903,2.11
2013-09-13,0.8,93.6666,2.1
2013-09-16,0.76,93.2875,2.12
2013-09-17,0.7,93.2231,2.16
2013-09-18,0.49,93.2569,2.2
2013-09-19,0.55,92.4082,2.21
2013-09-20,0.52,92.6049,2.23
2013-09-23,0.46,92.613,2.26
2013-09-24,0.48,92.7691,2.19
2013-09-25,0.45,92.7675,2.18
2013-09-26,0.47,93.0096,2.19
2013-09-27,0.46,92.9747,2.18
2013-09-30,0.45,92.9207,2.19
2013-10-01,0.46,92.9515,2.2
2013-10-02,0.43,92.772,2.2
2013-10-03,0.43,92.7461,2.19
2013-10-04,0.46,92.6469,2.2
2013-10-07,0.45,92.6725,2.2
2013-10-08,0.48,92.7558,2.18
2013-10-09,0.47,93.0829,2.21
2013-10-10,0.5,92.8579,2.21
2013-10-11,0.5,92.854,2.2
2013-10-14,,,
2013-10-15,0.54,92.7642,2.21
2013-10-16,0.5,92.6819,2.19
2013-10-17,0.45,92.0246,2.16
2013-10-18,0.42,91.9989,2.18
2013-10-21,0.44,92.2498,2.19
2013-10-22,0.37,91.9563,2.17
2013-10-23,0.36,92.0947,2.15
2013-10-24,0.36,92.1867,2.17
2013-10-25,0.34,92.1623,2.19
2013-10-28,0.35,92.1872,2.19
2013-10-29,0.35,92.301,2.18
2013-10-30,0.37,92.3057,2.18
2013-10-31,0.4,92.731,2.17
2013-11-01,0.5,93.155,2.15
2013-11-04,0.5,92.9359,2.13
2013-11-05,0.55,93.2112,2.14
2013-11-06,0.48,93.0943,2.19
2013-11-07,0.46,93.4003,2.17
2013-11-08,0.59,93.6619,2.18
2013-11-11,,,
2013-11-12,0.62,93.7651,2.18
2013-11-13,0.58,93.4848,2.17
2013-11-14,0.51,93.4328,2.18
2013-11-15,0.53,93.2854,2.18
2013-11-18,0.48,92.9824,2.19
2013-11-19,0.53,93.0649,2.18
2013-11-20,0.64,93.2501,2.16
2013-11-21,0.6,93.5638,2.19
2013-11-22,0.56,93.4198,2.19
2013-11-25,0.56,93.5539,2.18
2013-11-26,0.54,93.5226,2.17
2013-11-27,0.58,93.6864,2.16
2013-11-28,,,
2013-11-29,0.6,93.6291,2.15
2013-12-02,0.66,93.8856,2.15
2013-12-03,0.64,93.8251,2.15
2013-12-04,0.73,93.8997,2.11
2013-12-05,0.76,93.4954,2.12
2013-12-06,0.77,93.4045,2.11
2013-12-09,0.74,93.1444,2.12
2013-12-10,0.69,,2.12
2013-12-11,0.71,93.0842,2.15
2013-12-12,0.75,93.4292,2.14
2013-12-13,0.72,93.3568,2.16
2013-12-16,0.71,93.2175,2.18
2013-12-17,0.67,93.302,2.18
2013-12-18,0.72,93.4207,2.17
2013-12-19,0.79,93.7368,2.15
2013-12-20,0.73,93.7211,2.16
2013-12-23,0.76,93.572,2.18
2013-12-24,0.8,93.6734,2.19
2013-12-25,,,
2013-12-26,0.8,93.766,2.2
2013-12-27,0.8,93.7018,2.22
2013-12-30,0.76,93.4866,2.23
2013-12-31,0.8,93.5576,2.24
2014-01-01,,,
2014-01-02,0.74,93.8192,2.26
2014-01-03,0.75,93.853,2.26
2014-01-06,0.72,93.9109,2.26
2014-01-07,0.7,94.0398,2.26
2014-01-08,0.72,94.2181,2.29
2014-01-09,0.66,94.3299,2.31
2014-01-10,0.59,94.0045,2.29
2014-01-13,0.57,93.899,2.27
2014-01-14,0.62,94.0303,2.26
2014-01-15,0.62,94.341,2.28
2014-01-16,0.61,94.5507,2.25
2014-01-17,0.58,94.5846,2.26
2014-01-20,,,
2014-01-21,0.59,94.679,2.26
2014-01-22,0.62,94.8479,2.25
2014-01-23,0.66,94.8415,2.13
2014-01-24,0.61,94.8555,2.14
2014-01-27,0.64,94.9059,2.14
2014-01-28,0.62,94.88,2.15
2014-01-29,0.55,94.8621,2.14
2014-01-30,0.57,95.1294,2.15
2014-01-31,0.53,95.1774,2.14
2014-02-03,0.47,95.2469,2.14
2014-02-04,0.51,95.0438,2.13
2014-02-05,0.56,95.0285,2.14
2014-02-06,0.57,94.7177,2.16
2014-02-07,0.53,94.7457,2.18
2014-02-10,0.51,94.7189,2.19
2014-02-11,0.56,94.6377,2.19
2014-02-12,0.59,94.6209,2.21
2014-02-13,0.56,,2.17
2014-02-14,0.59,94.2711,2.16
2014-02-17,,,
2014-02-18,0.57,94.1934,2.14
2014-02-19,0.6,94.38,2.13
2014-02-20,0.63,94.6571,2.13
2014-02-21,0.61,,2.12
2014-02-24,0.59,94.4042,2.16
2014-02-25,0.55,94.4735,2.15
2014-02-26,0.51,94.7754,2.16
2014-02-27,0.49,94.6722,2.16
2014-02-28,0.49,94.3879,2.17
2014-03-03,0.44,,2.16
2014-03-04,0.52,94.6568,2.18
2014-03-05,0.52,94.4679,2.18
2014-03-06,0.53,93.9858,2.21
2014-03-07,0.57,94.2532,2.23
2014-03-10,0.57,94.3731,2.22
2014-03-11,0.57,94.387,2.2
2014-03-12,0.54,94.462,2.19
2014-03-13,0.49,94.1872,2.17
2014-03-14,0.48,94.243,2.17
2014-03-17,0.52,,2.18
2014-03-18,0.5,94.2631,2.18
2014-03-19,0.62,94.3752,2.16
2014-03-20,0.66,94.9986,2.13
2014-03-21,0.61,94.8547,2.14
2014-03-24,0.59,94.759,2.15
2014-03-25,0.61,94.6379,2.14
2014-03-26,0.57,94.5281,2.14
2014-03-27,0.56,94.3315,2.13
2014-03-28,0.6,94.3683,2.13
2014-03-31,0.6,94.2432,2.13
2014-04-01,0.63,94.1244,2.14
2014-04-02,0.68,94.3103,2.14
2014-04-03,0.66,94.512,2.14
2014-04-04,0.61,94.2191,2.13
2014-04-07,0.59,94.0881,2.12
2014-04-08,0.58,93.6579,2.11
2014-04-09,0.57,93.6716,2.14
2014-04-10,0.51,93.5123,2.14
2014-04-11,0.5,93.6395,2.13
2014-04-14,0.52,93.8046,2.13
2014-04-15,0.5,93.9486,2.14
2014-04-16,0.48,93.9461,2.17
2014-04-17,0.52,93.8936,2.21
2014-04-18,,93.9629,
2014-04-21,0.53,94.0337,2.2
2014-04-22,0.52,94.0802,2.21
2014-04-23,0.49,94.149,2.21
2014-04-24,0.49,94.1294,2.21
2014-04-25,0.48,94.1623,2.2
2014-04-28,0.52,94.1374,2.18
2014-04-29,0.53,94.0295,2.18
2014-04-30,0.49,93.8896,2.18
2014-05-01,0.43,93.8707,2.2
2014-05-02,0.41,93.8182,2.19
2014-05-05,0.45,93.7334,2.18
2014-05-06,0.45,93.4324,2.16
2014-05-07,0.42,93.4337,2.2
2014-05-08,0.42,93.3686,2.19
2014-05-09,0.44,93.6614,2.18
2014-05-12,0.48,93.6537,2.18
2014-05-13,0.45,93.6755,2.16
2014-05-14,0.37,93.5968,2.17
2014-05-15,0.31,93.7065,2.19
2014-05-16,0.34,93.6073,2.18
2014-05-19,0.37,93.502,2.17
2014-05-20,0.35,93.6699,2.17
2014-05-21,0.36,93.7629,2.18
2014-05-22,0.35,93.6944,2.21
2014-05-23,0.32,93.7042,2.22
2014-05-26,,,
2014-05-27,0.31,93.8418,2.21
2014-05-28,0.22,93.8793,2.22
2014-05-29,0.22,93.6973,2.23
2014-05-30,0.26,93.7606,2.22
2014-06-02,0.32,94.0006,2.22
2014-06-03,0.41,94.0536,2.19
2014-06-04,0.44,94.1239,2.17
2014-06-05,0.41,93.9732,2.18
2014-06-06,0.4,93.9069,2.2
2014-06-09,0.41,93.9628,2.21
2014-06-10,0.43,94.0638,2.21
2014-06-11,0.43,93.9744,2.22
2014-06-12,0.39,93.8155,2.19
2014-06-13,0.41,93.9168,2.19
2014-06-16,0.41,93.8639,2.2
2014-06-17,0.43,94.0829,2.23
2014-06-18,0.38,94.0525,2.23
2014-06-19,0.39,93.752,2.25
2014-06-20,0.35,93.7591,2.28
2014-06-23,0.35,93.628,2.28
2014-06-24,0.31,93.7093,2.28
2014-06-25,0.29,93.5851,2.28
2014-06-26,0.26,93.5471,2.27
2014-06-27,0.27,93.3983,2.27
2014-06-30,0.27,93.2058,2.26
2014-07-01,0.32,93.1365,2.26
2014-07-02,0.38,93.2478,2.26
2014-07-03,0.37,93.3149,2.28
2014-07-04,,,
2014-07-07,0.36,93.3803,2.27
2014-07-08,0.31,93.323,2.27
2014-07-09,0.28,93.228,2.29
2014-07-10,0.27,93.3152,2.28
2014-07-11,0.25,93.4171,2.28
2014-07-14,0.28,93.4101,2.27
2014-07-15,0.31,93.5796,2.25
2014-07-16,0.32,93.5991,2.23
2014-07-17,0.24,93.6586,2.23
2014-07-18,0.26,93.6608,2.24
2014-07-21,0.25,93.6069,2.24
2014-07-22,0.25,93.6306,2.23
2014-07-23,0.25,93.5951,2.23
2014-07-24,0.25,93.6836,2.27
2014-07-25,0.2,93.8294,2.28
2014-07-28,0.22,93.83,2.28
2014-07-29,0.2,94.0443,2.27
2014-07-30,0.29,94.3473,2.28
2014-07-31,0.29,94.4467,2.29
2014-08-01,0.25,94.4754,2.27
2014-08-04,0.26,94.448,2.25
2014-08-05,0.25,94.6754,2.24
2014-08-06,0.24,94.6092,2.25
2014-08-07,0.19,94.6364,2.24
2014-08-08,0.19,94.6027,2.25
2014-08-11,0.19,94.4767,2.25
2014-08-12,0.22,94.5211,2.24
2014-08-13,0.2,94.4681,2.23
2014-08-14,0.19,94.3508,2.21
2014-08-15,0.16,94.2941,2.18
2014-08-18,0.21,94.2519,2.18
2014-08-19,0.23,94.4356,2.17
2014-08-20,0.26,94.5937,2.17
2014-08-21,0.24,94.673,2.17
2014-08-22,0.26,94.8012,2.14
2014-08-25,0.24,94.9159,2.15
2014-08-26,0.25,94.8617,2.14
2014-08-27,0.23,94.6863,2.14
2014-08-28,0.21,94.6947,2.13
2014-08-29,0.23,94.7251,2.12
2014-09-01,,,
2014-09-02,0.27,95.063,2.15
2014-09-03,0.24,94.8709,2.17
2014-09-04,0.28,95.2641,2.17
2014-09-05,0.31,95.2203,2.15
2014-09-08,0.35,95.4167,2.13
2014-09-09,0.39,95.8811,2.11
2014-09-10,0.44,95.8641,2.1
2014-09-11,0.42,95.9184,2.12
2014-09-12,0.49,96.0748,2.13
2014-09-15,0.47,96.1195,2.13
2014-09-16,0.48,95.8483,2.12
2014-09-17,0.56,95.9106,2.06
2014-09-18,0.61,96.1284,2.02
2014-09-19,0.56,96.3417,2.03
2014-09-22,0.58,96.4625,1.99
2014-09-23,0.52,96.5112,2.02
2014-09-24,0.54,96.6574,2.03
2014-09-25,0.5,96.8988,2.02
2014-09-26,0.57,97.208,1.97
2014-09-29,0.55,97.3523,1.95
2014-09-30,0.55,97.5261,1.97
2014-10-01,0.46,97.5387,1.96
2014-10-02,0.49,97.3062,1.95
2014-10-03,0.52,97.9846,1.93
2014-10-06,0.5,97.5513,1.93
2014-10-07,0.44,97.4459,1.92
2014-10-08,0.39,97.4945,1.96
2014-10-09,0.37,97.1711,1.97
2014-10-10,0.35,97.4144,1.96
2014-10-13,,,
2014-10-14,0.29,97.3943,1.92
2014-10-15,0.29,97.3532,1.86
2014-10-16,0.28,97.2869,1.89
2014-10-17,0.3,97.3067,1.92
2014-10-20,0.29,97.2874,1.91
2014-10-21,0.33,97.2488,1.9
2014-10-22,0.34,97.459,1.91
2014-10-23,0.38,97.6047,1.91
2014-10-24,0.39,97.4772,1.9
2014-10-27,0.38,97.5423,1.89
2014-10-28,0.39,97.2173,1.91
2014-10-29,0.42,97.0145,1.92
2014-10-30,0.42,97.456,1.9
2014-10-31,0.43,98.1163,1.92
2014-11-03,0.43,98.5336,1.93
2014-11-04,0.43,98.5576,1.92
2014-11-05,0.43,98.8086,1.93
2014-11-06,0.45,99.1325,1.94
2014-11-07,0.38,99.0236,1.94
2014-11-10,0.44,98.9305,1.94
2014-11-11,,,
2014-11-12,0.46,98.8897,1.91
2014-11-13,0.47,99.1045,1.88
2014-11-14,0.43,99.0917,1.89
2014-11-17,0.48,99.2188,1.86
2014-11-18,0.48,99.0185,1.84
2014-11-19,0.53,99.2424,1.83
2014-11-20,0.49,99.2554,1.85
2014-11-21,0.45,99.2894,1.86
2014-11-24,0.44,99.4227,1.86
2014-11-25,0.42,99.2837,1.85
2014-11-26,0.42,99.1893,1.82
2014-11-27,,,
2014-11-28,0.39,100.0719,1.79
2014-12-01,0.43,99.8964,1.79
2014-12-02,0.51,100.4478,1.77
2014-12-03,0.5,100.5696,1.79
2014-12-04,0.48,100.3931,1.77
2014-12-05,0.56,101.0989,1.75
2014-12-08,0.55,101.31,1.71
2014-12-09,0.49,100.8095,1.73
2014-12-10,0.47,101.0212,1.71
2014-12-11,0.49,101.4448,1.7
2014-12-12,0.46,101.3735,1.64
2014-12-15,0.5,101.674,1.62
2014-12-16,0.42,101.526,1.65
2014-12-17,0.49,101.5527,1.65
2014-12-18,0.57,101.7531,1.65
2014-12-19,0.49,102.0483,1.68
2014-12-22,0.47,101.9942,1.7
2014-12-23,0.56,102.348,1.7
2014-12-24,0.59,102.3028,1.68
2014-12-25,,,
2014-12-26,0.58,,1.67
2014-12-29,0.57,102.3767,1.65
2014-12-30,0.56,102.1019,1.64
2014-12-31,0.49,102.2843,1.68
2015-01-01,,,
2015-01-02,0.41,102.9027,1.71
2015-01-05,0.4,103.4976,1.64
2015-01-06,0.41,103.2938,1.56
2015-01-07,0.39,103.6316,1.57
2015-01-08,0.41,103.2799,1.62
2015-01-09,0.36,103.1213,1.62
2015-01-12,0.35,103.2372,1.57
2015-01-13,0.37,103.27,1.54
2015-01-14,0.29,103.0903,1.57
2015-01-15,0.19,103.0829,1.58
2015-01-16,0.23,103.2189,1.6
2015-01-19,,,
2015-01-20,0.23,103.5233,1.59
2015-01-21,0.26,103.7858,1.61
2015-01-22,0.29,103.9271,1.61
2015-01-23,0.21,104.3676,1.6
2015-01-26,0.22,104.4818,1.61
2015-01-27,0.17,104.1646,1.66
2015-01-28,0.12,104.4737,1.61
2015-01-29,0.15,105.2763,1.62
2015-01-30,0.03,105.5884,1.65
2015-02-02,0.03,105.2058,1.65
2015-02-03,0.09,104.6063,1.7
2015-02-04,0.1,104.785,1.71
2015-02-05,0.13,104.4915,1.7
2015-02-06,0.24,105.1283,1.71
2015-02-09,0.25,104.9889,1.71
2015-02-10,0.31,105.2897,1.7
2015-02-11,0.32,105.7901,1.68
2015-02-12,0.33,104.9385,1.66
2015-02-13,0.34,104.8452,1.68
2015-02-16,,,
2015-02-17,0.43,,1.71
2015-02-18,0.36,105.2514,1.71
2015-02-19,0.37,105.1407,1.74
2015-02-20,0.38,105.3387,1.75
2015-02-23,0.34,105.5359,1.72
2015-02-24,0.27,105.5472,1.72
2015-02-25,0.24,105.0503,1.72
2015-02-26,0.24,105.5021,1.79
2015-02-27,0.17,105.5981,1.83
2015-03-02,0.25,105.8151,1.83
2015-03-03,0.26,105.5562,1.86
2015-03-04,0.25,106.1333,1.87
2015-03-05,0.27,,1.84
2015-03-06,0.41,107.4337,1.83
2015-03-09,0.44,107.5199,1.76
2015-03-10,0.41,108.1165,1.73
2015-03-11,0.39,108.5235,1.72
2015-03-12,0.39,108.1741,1.71
2015-03-13,0.44,108.9174,1.69
2015-03-16,0.45,108.6422,1.65
2015-03-17,0.42,108.5805,1.64
2015-03-18,0.23,108.408,1.7
2015-03-19,0.19,108.1826,1.79
2015-03-20,0.17,107.1671,1.76
2015-03-23,0.17,106.5022,1.75
2015-03-24,0.11,106.4401,1.77
2015-03-25,0.12,106.2636,1.81
2015-03-26,0.21,106.5582,1.8
2015-03-27,0.19,106.8916,1.76
2015-03-30,0.23,107.3941,1.73
2015-03-31,0.18,107.4396,1.76
2015-04-01,0.07,107.06,1.8
2015-04-02,0.11,106.6738,1.81
2015-04-03,0.02,105.8861,1.83
2015-04-06,0.07,105.7876,1.85
2015-04-07,0.04,106.4488,1.85
2015-04-08,0.08,106.4231,1.84
2015-04-09,0.13,107.0335,1.84
2015-04-10,0.14,107.4526,1.82
2015-04-13,0.14,107.7508,1.8
2015-04-14,0.1,107.0547,1.8
2015-04-15,0.07,107.1855,1.84
2015-04-16,0.05,106.2761,1.85
2015-04-17,-0.02,106.329,1.89
2015-04-20,0.01,106.4902,1.89
2015-04-21,0.06,106.5582,1.86
2015-04-22,0.12,106.5815,1.87
2015-04-23,0.07,106.1658,1.89
2015-04-24,0.04,105.905,1.89
2015-04-27,0.03,105.6891,1.91
2015-04-28,0.11,105.1234,1.89
2015-04-29,0.14,104.5634,1.92
2015-04-30,0.11,105.312,1.94
2015-05-01,0.18,105.6382,1.94
2015-05-04,0.24,105.6679,1.92
2015-05-05,0.25,105.2396,1.94
2015-05-06,0.34,104.6935,1.91
2015-05-07,0.3,105.1941,1.88
2015-05-08,0.28,104.8424,1.88
2015-05-11,0.4,105.3075,1.88
2015-05-12,0.4,104.8924,1.88
2015-05-13,0.41,104.3608,1.86
2015-05-14,0.36,104.2359,1.87
2015-05-15,0.31,104.0202,1.83
2015-05-18,0.37,104.6068,1.86
2015-05-19,0.42,105.3448,1.85
2015-05-20,0.38,105.5605,1.88
2015-05-21,0.35,105.3808,1.84
2015-05-22,0.34,105.8487,1.87
2015-05-25,,,
2015-05-26,0.32,106.7294,1.82
2015-05-27,0.34,106.908,1.8
2015-05-28,0.33,106.92,1.8
2015-05-29,0.32,106.7388,1.8
2015-06-01,0.39,107.2238,1.8
2015-06-02,0.44,106.4507,1.83
2015-06-03,0.55,106.1443,1.83
2015-06-04,0.5,106.4725,1.81
2015-06-05,0.55,107.1336,1.86
2015-06-08,0.54,106.7693,1.85
2015-06-09,0.56,106.2238,1.86
2015-06-10,0.63,105.8037,1.87
2015-06-11,0.56,106.0934,1.83
2015-06-12,0.55,105.9015,1.84
2015-06-15,0.51,105.9989,1.85
2015-06-16,0.44,106.0473,1.88
2015-06-17,0.42,106.058,1.9
2015-06-18,0.46,105.102,1.89
2015-06-19,0.4,105.4496,1.86
2015-06-22,0.47,105.3846,1.9
2015-06-23,0.5,105.9678,1.92
2015-06-24,0.48,106.2522,1.9
2015-06-25,0.49,106.1515,1.91
2015-06-26,0.57,106.4116,1.92
2015-06-29,0.46,106.3785,1.87
2015-06-30,0.48,106.5191,1.87
2015-07-01,0.54,107.0101,1.89
2015-07-02,0.49,106.9106,1.91
2015-07-03,,,
2015-07-06,0.43,107.1343,1.87
2015-07-07,0.4,107.785,1.87
2015-07-08,0.39,107.4734,1.83
2015-07-09,0.47,107.5595,1.85
2015-07-10,0.55,107.213,1.87
2015-07-13,0.58,107.5849,1.86
2015-07-14,0.56,107.4843,1.85
2015-07-15,0.52,108.0149,1.84
2015-07-16,0.52,108.1726,1.84
2015-07-17,0.51,108.5374,1.83
2015-07-20,0.56,108.6944,1.82
2015-07-21,0.53,108.3893,1.82
2015-07-22,0.53,108.7817,1.8
2015-07-23,0.49,108.7565,1.79
2015-07-24,0.51,109.0174,1.76
2015-07-27,0.5,108.6924,1.73
2015-07-28,0.51,108.6881,1.75
2015-07-29,0.52,108.604,1.77
2015-07-30,0.51,109.4328,1.77
2015-07-31,0.46,108.7819,1.74
2015-08-03,0.46,109.214,1.7
2015-08-04,0.52,109.2244,1.71
2015-08-05,0.58,109.842,1.7
2015-08-06,0.56,109.722,1.67
2015-08-07,0.52,109.4376,1.66
2015-08-10,0.55,109.1931,1.69
2015-08-11,0.49,109.9464,1.66
2015-08-12,0.52,109.4655,1.62
2015-08-13,0.57,109.9025,1.62
2015-08-14,0.58,109.9174,1.62
2015-08-17,0.58,110.1435,1.58
2015-08-18,0.62,110.2504,1.58
2015-08-19,0.55,110.4333,1.57
2015-08-20,0.53,110.1077,1.56
2015-08-21,0.52,110.1443,1.53
2015-08-24,0.52,109.9306,1.49
2015-08-25,0.59,110.3394,1.53
2015-08-26,0.65,110.5807,1.53
2015-08-27,0.6,110.4834,1.58
2015-08-28,0.58,110.6714,1.61
2015-08-31,0.58,110.5621,1.63
2015-09-01,0.6,110.4506,1.57
2015-09-02,0.64,110.7979,1.56
2015-09-03,0.64,110.8566,1.54
2015-09-04,0.62,111.1018,1.51
2015-09-07,,,
2015-09-08,0.67,110.7942,1.53
2015-09-09,0.65,110.9225,1.56
2015-09-10,0.64,110.6331,1.59
2015-09-11,0.61,110.6109,1.59
2015-09-14,0.62,110.5005,1.56
2015-09-15,0.72,110.6394,1.56
2015-09-16,0.73,110.1021,1.57
2015-09-17,0.63,110.1212,1.58
2015-09-18,0.58,109.8165,1.55
2015-09-21,0.66,110.6414,1.54
2015-09-22,0.63,111.1967,1.51
2015-09-23,0.64,111.6287,1.52
2015-09-24,0.64,111.4454,1.49
2015-09-25,0.71,111.3725,1.46
2015-09-28,0.71,111.3914,1.39
2015-09-29,0.66,111.5219,1.39
2015-09-30,0.65,111.3311,1.41
2015-10-01,0.59,111.0439,1.46
2015-10-02,0.51,110.7006,1.48
2015-10-05,0.56,110.4445,1.51
2015-10-06,0.53,110.1371,1.52
2015-10-07,0.53,109.8162,1.55
2015-10-08,0.54,109.6452,1.58
2015-10-09,0.58,109.0782,1.54
2015-10-12,,,
2015-10-13,0.54,109.4119,1.52
2015-10-14,0.5,109.1244,1.49
2015-10-15,0.54,108.6671,1.5
2015-10-16,0.56,108.9956,1.48
2015-10-19,0.59,109.3858,1.45
2015-10-20,0.6,109.3368,1.48
2015-10-21,0.59,109.7746,1.45
2015-10-22,0.57,110.0342,1.47
2015-10-23,0.58,110.4329,1.51
2015-10-26,0.59,110.2089,1.48
2015-10-27,0.57,110.4875,1.48
2015-10-28,0.63,110.2334,1.47
2015-10-29,0.67,110.8083,1.52
2015-10-30,0.63,110.2079,1.53
2015-11-02,0.65,110.2188,1.55
2015-11-03,0.65,110.244,1.58
2015-11-04,0.68,110.7139,1.57
2015-11-05,0.71,110.8302,1.55
2015-11-06,0.75,111.7603,1.59
2015-11-09,0.76,111.9112,1.6
2015-11-10,0.77,111.9919,1.55
2015-11-11,,,
2015-11-12,0.78,111.7965,1.54
2015-11-13,0.76,112.0264,1.52
2015-11-16,0.76,112.2199,1.51
2015-11-17,0.72,112.3141,1.53
2015-11-18,0.71,112.3663,1.56
2015-11-19,0.68,111.5749,1.56
2015-11-20,0.66,111.7799,1.6
2015-11-23,0.64,112.1125,1.61
2015-11-24,0.62,111.7638,1.62
2015-11-25,0.62,111.8936,1.61
2015-11-26,,,
2015-11-27,0.62,112.2824,1.6
2015-11-30,0.62,112.34,1.59
2015-12-01,0.58,112.1134,1.57
2015-12-02,0.62,112.3715,1.56
2015-12-03,0.72,111.6407,1.61
2015-12-04,0.68,111.5463,1.6
2015-12-07,0.67,112.3056,1.56
2015-12-08,0.68,112.5485,1.56
2015-12-09,0.69,112.1918,1.53
2015-12-10,0.73,112.2672,1.51
2015-12-11,0.67,112.7147,1.46
2015-12-14,0.78,112.7521,1.45
2015-12-15,0.8,112.8609,1.48
2015-12-16,0.84,112.9864,1.46
2015-12-17,0.77,113.8177,1.47
2015-12-18,0.73,113.2837,1.46
2015-12-21,0.75,113.4144,1.45
2015-12-22,0.78,113.211,1.46
2015-12-23,0.76,113.1847,1.51
2015-12-24,0.73,113.0496,1.52
2015-12-25,,,
2015-12-28,0.74,113.0461,1.5
2015-12-29,0.79,113.1664,1.53
2015-12-30,0.77,113.4707,1.54
2015-12-31,0.73,113.3429,1.54
2016-01-01,,,
2016-01-04,0.69,114.1595,1.55
2016-01-05,0.69,114.2649,1.56
2016-01-06,0.65,114.6177,1.53
2016-01-07,0.66,114.6516,1.5
2016-01-08,0.65,115.0095,1.48
2016-01-11,0.72,115.0139,1.45
2016-01-12,0.69,115.3128,1.43
2016-01-13,0.65,115.1425,1.43
2016-01-14,0.67,115.3846,1.43
2016-01-15,0.67,115.7404,1.36
2016-01-18,,,
2016-01-19,0.68,115.8155,1.38
2016-01-20,0.69,116.3498,1.32
2016-01-21,0.74,115.9833,1.28
2016-01-22,0.72,,1.35
2016-01-25,0.69,,1.34
2016-01-26,0.65,,1.36
2016-01-27,0.62,115.5087,1.4
2016-01-28,0.58,115.2224,1.42
2016-01-29,0.53,115.5731,1.41
2016-02-01,0.57,115.3331,1.4
2016-02-02,0.51,115.553,1.36
2016-02-03,0.5,114.6144,1.38
2016-02-04,0.51,113.6012,1.36
2016-02-05,0.53,114.2935,1.33
2016-02-08,0.52,114.4351,1.23
2016-02-09,0.53,114.127,1.21
2016-02-10,0.5,114.2877,1.21
2016-02-11,0.45,114.1845,1.18
2016-02-12,0.49,114.2992,1.25
2016-02-15,,,
2016-02-16,0.53,114.4905,1.25
2016-02-17,0.53,113.8634,1.28
2016-02-18,0.51,113.8897,1.24
2016-02-19,0.5,113.9558,1.26
2016-02-22,0.46,113.8232,1.31
2016-02-23,0.42,114.177,1.32
2016-02-24,0.39,114.1716,1.36
2016-02-25,0.32,113.9222,1.39
2016-02-26,0.35,114.3708,1.41
2016-02-29,0.32,114.2418,1.42
2016-03-01,0.35,113.9265,1.48
2016-03-02,0.33,113.7965,1.51
2016-03-03,0.3,113.2482,1.53
2016-03-04,0.37,112.6387,1.51
2016-03-07,0.43,112.6219,1.48
2016-03-08,0.37,112.8465,1.46
2016-03-09,0.39,112.4268,1.51
2016-03-10,0.45,112.4191,1.48
2016-03-11,0.44,111.741,1.54
2016-03-14,0.45,112.1688,1.52
2016-03-15,0.47,112.5545,1.5
2016-03-16,0.36,112.7759,1.58
2016-03-17,0.34,110.445,1.57
2016-03-18,0.27,110.4002,1.61
2016-03-21,0.28,110.737,1.64
2016-03-22,0.31,110.7877,1.63
2016-03-23,0.3,111.5473,1.58
2016-03-24,0.34,111.816,1.57
2016-03-25,,111.7698,
2016-03-28,0.33,111.3578,1.56
2016-03-29,0.2,111.3736,1.61
2016-03-30,0.18,110.2301,1.65
2016-03-31,0.16,109.9191,1.62
2016-04-01,0.17,110.2977,1.62
2016-04-04,0.14,110.3987,1.64
2016-04-05,0.14,110.9478,1.59
2016-04-06,0.17,110.5347,1.59
2016-04-07,0.12,110.8876,1.58
2016-04-08,0.14,110.4213,1.58
2016-04-11,0.17,109.9758,1.56
2016-04-12,0.22,109.816,1.57
2016-04-13,0.21,110.1436,1.56
2016-04-14,0.24,110.1691,1.56
2016-04-15,0.2,110.1933,1.56
2016-04-18,0.21,109.9892,1.57
2016-04-19,0.19,109.2782,1.6
2016-04-20,0.23,109.3926,1.62
2016-04-21,0.24,109.8533,1.64
2016-04-22,0.25,110.2331,1.64
2016-04-25,0.26,110.1865,1.65
2016-04-26,0.27,109.7496,1.67
2016-04-27,0.19,109.8483,1.68
2016-04-28,0.12,109.2148,1.72
2016-04-29,0.12,108.8274,1.71
2016-05-02,0.2,108.671,1.68
2016-05-03,0.17,109.3613,1.64
2016-05-04,0.16,109.9952,1.63
2016-05-05,0.13,110.2417,1.63
2016-05-06,0.18,110.3801,1.61
2016-05-09,0.18,110.9466,1.59
2016-05-10,0.15,110.8225,1.62
2016-05-11,0.14,110.2806,1.59
2016-05-12,0.15,110.6935,1.6
2016-05-13,0.13,111.2521,1.58
2016-05-16,0.15,111.1217,1.6
2016-05-17,0.15,111.0867,1.61
2016-05-18,0.26,111.4995,1.61
2016-05-19,0.29,112.2331,1.56
2016-05-20,0.29,112.1822,1.56
2016-05-23,0.3,112.284,1.54
2016-05-24,0.31,112.2912,1.55
2016-05-25,0.29,112.2001,1.58
2016-05-26,0.25,111.8979,1.58
2016-05-27,0.27,112.0822,1.58
2016-05-30,,,
2016-05-31,0.3,112.4276,1.54
2016-06-01,0.31,112.462,1.54
2016-06-02,0.27,112.4564,1.54
2016-06-03,0.19,111.4451,1.52
2016-06-06,0.19,111.2295,1.54
2016-06-07,0.15,110.8378,1.57
2016-06-08,0.12,110.1916,1.59
2016-06-09,0.12,110.6168,1.56
2016-06-10,0.12,111.1027,1.52
2016-06-13,0.15,111.5036,1.47
2016-06-14,0.17,111.9826,1.45
2016-06-15,0.13,111.7671,1.47
2016-06-16,0.15,112.2347,1.42
2016-06-17,0.2,111.5332,1.42
2016-06-20,0.24,110.8693,1.43
2016-06-21,0.28,111.0077,1.43
2016-06-22,0.25,110.7681,1.44
2016-06-23,0.24,110.262,1.5
2016-06-24,0.15,112.1355,1.42
2016-06-27,0.12,113.1301,1.34
2016-06-28,0.09,112.7545,1.37
2016-06-29,0.1,111.8597,1.4
2016-06-30,0.09,112.1618,1.4
2016-07-01,0.03,111.6509,1.43
2016-07-04,,,
2016-07-05,-0.03,112.4231,1.4
2016-07-06,-0.05,112.5438,1.43
2016-07-07,-0.03,112.5775,1.43
2016-07-08,-0.06,112.3963,1.43
2016-07-11,0.01,112.5254,1.42
2016-07-12,0.07,112.1102,1.46
2016-07-13,0.03,112.0266,1.45
2016-07-14,0.08,111.7692,1.45
2016-07-15,0.11,112.2833,1.49
2016-07-18,0.1,112.2463,1.49
2016-07-19,0.12,112.638,1.44
2016-07-20,0.13,112.6743,1.46
2016-07-21,0.05,112.6239,1.52
2016-07-22,0.06,112.989,1.51
2016-07-25,0.08,113.1784,1.5
2016-07-26,0.07,113.0593,1.5
2016-07-27,0.03,113.217,1.49
2016-07-28,0.0,112.7393,1.52
2016-07-29,-0.03,111.874,1.49
2016-08-01,0.05,111.9757,1.46
2016-08-02,0.11,111.7124,1.44
2016-08-03,0.09,111.9419,1.46
2016-08-04,0.04,111.9149,1.47
2016-08-05,0.09,112.3589,1.5
2016-08-08,0.08,112.1456,1.51
2016-08-09,0.06,111.722,1.49
2016-08-10,0.06,111.3238,1.44
2016-08-11,0.1,111.1954,1.47
2016-08-12,0.07,111.1787,1.44
2016-08-15,0.1,110.9212,1.45
2016-08-16,0.13,110.4295,1.44
2016-08-17,0.09,110.9459,1.47
2016-08-18,0.06,110.3134,1.47
2016-08-19,0.1,110.8163,1.48
2016-08-22,0.08,110.9997,1.47
2016-08-23,0.07,110.9414,1.48
2016-08-24,0.08,111.2958,1.48
2016-08-25,0.09,111.1726,1.49
2016-08-26,0.15,111.2035,1.47
2016-08-29,0.11,111.8775,1.46
2016-08-30,0.11,112.2928,1.46
2016-08-31,0.11,112.4036,1.47
2016-09-01,0.12,112.1733,1.45
2016-09-02,0.13,112.0009,1.47
2016-09-05,,,
2016-09-06,0.06,110.9613,1.49
2016-09-07,0.03,110.9717,1.51
2016-09-08,0.09,111.2609,1.52
2016-09-09,0.17,111.9879,1.5
2016-09-12,0.17,112.1516,1.51
2016-09-13,0.24,112.5207,1.49
2016-09-14,0.21,112.4678,1.49
2016-09-15,0.22,112.4753,1.49
2016-09-16,0.19,113.1765,1.51
2016-09-19,0.2,112.903,1.5
2016-09-20,0.2,113.1848,1.49
2016-09-21,0.15,112.9842,1.51
2016-09-22,0.08,112.2592,1.55
2016-09-23,0.05,112.7166,1.57
2016-09-26,0.05,112.7112,1.54
2016-09-27,0.04,112.5515,1.52
2016-09-28,0.01,112.6283,1.56
2016-09-29,0.02,112.2879,1.54
2016-09-30,0.0,112.2795,1.6
2016-10-03,0.0,112.5077,1.63
2016-10-04,0.07,112.6579,1.62
2016-10-05,0.1,112.7946,1.62
2016-10-06,0.11,113.0066,1.64
2016-10-07,0.1,113.2915,1.63
2016-10-10,,,
2016-10-11,0.13,113.4461,1.64
2016-10-12,0.15,113.7442,1.64
2016-10-13,0.12,113.6238,1.63
2016-10-14,0.13,113.7119,1.67
2016-10-17,0.09,113.5488,1.68
2016-10-18,0.09,113.1393,1.66
2016-10-19,0.08,113.0547,1.68
2016-10-20,0.08,113.4033,1.68
2016-10-21,0.07,113.9015,1.67
2016-10-24,0.11,113.8571,1.66
2016-10-25,0.07,113.6801,1.7
2016-10-26,0.08,113.8131,1.71
2016-10-27,0.13,114.1998,1.72
2016-10-28,0.13,114.0931,1.73
2016-10-31,0.11,114.0188,1.73
2016-11-01,0.11,113.9915,1.72
2016-11-02,0.11,113.9206,1.7
2016-11-03,0.14,113.7664,1.68
2016-11-04,0.11,113.5828,1.68
2016-11-07,0.12,113.5443,1.71
2016-11-08,0.15,113.3017,1.73
2016-11-09,0.25,114.6956,1.82
2016-11-10,0.27,115.9375,1.88
2016-11-11,,,
2016-11-14,0.4,117.2245,1.83
2016-11-15,0.41,116.7724,1.82
2016-11-16,0.39,116.8062,1.83
2016-11-17,0.42,116.8952,1.87
2016-11-18,0.44,117.5936,1.9
2016-11-21,0.42,117.4762,1.91
2016-11-22,0.41,117.4508,1.9
2016-11-23,0.44,118.0356,1.92
2016-11-24,,,
2016-11-25,0.47,118.02,1.89
2016-11-28,0.47,117.7278,1.85
2016-11-29,0.44,117.644,1.86
2016-11-30,0.43,117.7636,1.94
2016-12-01,0.48,117.6642,1.97
2016-12-02,0.49,117.3116,1.91
2016-12-05,0.45,117.1008,1.94
2016-12-06,0.44,116.9225,1.95
2016-12-07,0.42,116.672,1.92
2016-12-08,0.45,117.0327,1.95
2016-12-09,0.51,117.2834,1.96
2016-12-12,0.51,116.9161,1.98
2016-12-13,0.53,116.8029,1.95
2016-12-14,0.6,116.7332,1.94
2016-12-15,0.7,118.8072,1.9
2016-12-16,0.74,118.3584,1.86
2016-12-19,0.68,118.3875,1.86
2016-12-20,0.67,118.63,1.9
2016-12-21,0.64,118.581,1.91
2016-12-22,0.6,118.8209,1.95
2016-12-23,0.58,118.7856,1.97
2016-12-26,,,
2016-12-27,0.58,118.9506,1.99
2016-12-28,0.56,119.2305,1.95
2016-12-29,0.55,118.6637,1.94
2016-12-30,0.5,118.3466,1.95
2017-01-02,,,
2017-01-03,0.47,119.0903,1.98
2017-01-04,0.47,118.8803,1.99
2017-01-05,0.42,117.9999,1.95
2017-01-06,0.46,118.3495,1.96
2017-01-09,0.43,118.4111,1.95
2017-01-10,0.43,118.5386,1.95
2017-01-11,0.39,119.0219,1.99
2017-01-12,0.38,117.8001,1.98
2017-01-13,0.41,117.9884,1.99
2017-01-16,,,
2017-01-17,0.36,117.2656,1.97
2017-01-18,0.42,117.7242,2.0
2017-01-19,0.43,118.3182,2.04
2017-01-20,0.44,,2.04
2017-01-23,0.39,117.2479,2.02
2017-01-24,0.41,117.0516,2.06
2017-01-25,0.45,116.9355,2.08
2017-01-26,0.43,117.2766,2.08
2017-01-27,0.41,117.0735,2.08
2017-01-30,0.42,116.7325,2.07
2017-01-31,0.4,116.2241,2.05
2017-02-01,0.43,116.3914,2.05
2017-02-02,0.43,115.903,2.05
2017-02-03,0.44,115.6259,2.05
2017-02-06,0.4,116.0504,2.02
2017-02-07,0.4,116.4082,2.0
2017-02-08,0.38,116.1382,1.96
2017-02-09,0.41,116.306,1.99
2017-02-10,0.4,116.148,2.01
2017-02-13,0.43,116.3427,2.0
2017-02-14,0.46,116.3949,2.01
2017-02-15,0.45,116.2162,2.06
2017-02-16,0.43,116.0067,2.02
2017-02-17,0.41,116.4035,2.01
2017-02-20,,,
2017-02-21,0.4,116.5921,2.03
2017-02-22,0.38,116.2136,2.04
2017-02-23,0.35,115.6527,2.03
2017-02-24,0.31,115.8143,2.0
2017-02-27,0.35,115.6764,2.01
2017-02-28,0.34,116.0032,2.02
2017-03-01,0.43,116.438,2.03
2017-03-02,0.48,116.8429,2.01
2017-03-03,0.45,116.6438,2.04
2017-03-06,0.48,116.4313,2.01
2017-03-07,0.49,116.4303,2.03
2017-03-08,0.56,116.875,2.01
2017-03-09,0.6,116.9959,2.0
2017-03-10,0.57,116.616,2.01
2017-03-13,0.61,116.4004,2.01
2017-03-14,0.61,116.5646,1.99
2017-03-15,0.5,116.3584,2.01
2017-03-16,0.51,115.4456,2.02
2017-03-17,0.49,115.2783,2.01
2017-03-20,0.47,115.0426,2.0
2017-03-21,0.45,114.8119,1.98
2017-03-22,0.43,114.7937,1.97
2017-03-23,0.46,114.7899,1.95
2017-03-24,0.42,114.6372,1.98
2017-03-27,0.41,114.2347,1.97
2017-03-28,0.45,114.419,1.97
2017-03-29,0.41,114.7167,1.98
2017-03-30,0.46,114.5245,1.96
2017-03-31,0.43,114.7938,1.97
2017-04-03,0.39,114.8734,1.96
2017-04-04,0.4,115.0038,1.96
2017-04-05,0.37,114.9494,1.97
2017-04-06,0.39,115.0181,1.95
2017-04-07,0.44,115.0547,1.94
2017-04-10,0.44,115.11,1.93
2017-04-11,0.41,115.009,1.91
2017-04-12,0.38,114.9162,1.9
2017-04-13,0.32,114.5059,1.92
2017-04-14,,114.5368,
2017-04-17,0.38,114.3283,1.88
2017-04-18,0.33,114.2575,1.85
2017-04-19,0.36,114.7923,1.85
2017-04-20,0.39,114.6205,1.85
2017-04-21,0.4,114.8128,1.84
2017-04-24,0.41,114.3659,1.87
2017-04-25,0.44,114.5111,1.91
2017-04-26,0.42,114.9479,1.9
2017-04-27,0.39,114.9946,1.91
2017-04-28,0.37,114.7877,1.92
2017-05-01,0.41,114.5921,1.92
2017-05-02,0.41,114.6792,1.88
2017-05-03,0.46,114.6637,1.87
2017-05-04,0.5,114.9076,1.86
2017-05-05,0.5,114.7725,1.86
2017-05-08,0.53,115.0895,1.86
2017-05-09,0.56,115.3933,1.86
2017-05-10,0.56,115.1145,1.85
2017-05-11,0.51,115.0669,1.88
2017-05-12,0.49,114.7479,1.84
2017-05-15,0.52,114.3504,1.82
2017-05-16,0.51,113.9923,1.82
2017-05-17,0.44,113.7506,1.78
2017-05-18,0.43,114.2683,1.8
2017-05-19,0.41,113.7001,1.82
2017-05-22,0.43,113.5442,1.82
2017-05-23,0.46,113.6862,1.83
2017-05-24,0.45,113.675,1.81
2017-05-25,0.45,113.3719,1.8
2017-05-26,0.44,113.4839,1.81
2017-05-29,,,
2017-05-30,0.4,113.5552,1.81
2017-05-31,0.4,113.2956,1.81
2017-06-01,0.4,113.3017,1.81
2017-06-02,0.36,113.1908,1.79
2017-06-05,0.39,112.9755,1.79
2017-06-06,0.37,112.7095,1.77
2017-06-07,0.4,112.8191,1.78
2017-06-08,0.41,112.8351,1.78
2017-06-09,0.43,112.9562,1.78
2017-06-12,0.46,112.9837,1.75
2017-06-13,0.46,112.6271,1.75
2017-06-14,0.44,112.0734,1.71
2017-06-15,0.49,112.8708,1.67
2017-06-16,0.49,112.6155,1.67
2017-06-19,0.52,112.7576,1.67
2017-06-20,0.5,113.2698,1.66
2017-06-21,0.5,113.3327,1.66
2017-06-22,0.46,113.1654,1.69
2017-06-23,0.45,112.8665,1.7
2017-06-26,0.43,112.7633,1.71
2017-06-27,0.5,112.55,1.71
2017-06-28,0.49,112.0747,1.73
2017-06-29,0.55,111.998,1.72
2017-06-30,0.58,111.9896,1.73
2017-07-03,0.6,112.4268,1.75
2017-07-04,,,
2017-07-05,0.58,112.6534,1.75
2017-07-06,0.61,112.4199,1.76
2017-07-07,0.66,112.3137,1.73
2017-07-10,0.66,112.1587,1.72
2017-07-11,0.62,112.1434,1.75
2017-07-12,0.57,111.5904,1.76
2017-07-13,0.58,111.5365,1.77
2017-07-14,0.57,110.9075,1.76
2017-07-17,0.54,110.9304,1.77
2017-07-18,0.51,110.4356,1.76
2017-07-19,0.51,110.4339,1.76
2017-07-20,0.5,110.2512,1.77
2017-07-21,0.48,110.191,1.76
2017-07-24,0.48,110.2004,1.78
2017-07-25,0.52,110.2835,1.81
2017-07-26,0.49,110.3811,1.8
2017-07-27,0.49,110.216,1.83
2017-07-28,0.47,109.92,1.83
2017-07-31,0.48,109.8177,1.82
2017-08-01,0.47,109.8495,1.79
2017-08-02,0.48,109.7503,1.79
2017-08-03,0.46,109.8332,1.78
2017-08-04,0.47,110.2808,1.8
2017-08-07,0.46,110.373,1.8
2017-08-08,0.46,110.396,1.83
2017-08-09,0.42,110.3671,1.82
2017-08-10,0.4,110.1886,1.8
2017-08-11,0.4,110.0422,1.79
2017-08-14,0.45,110.095,1.77
2017-08-15,0.49,110.4846,1.78
2017-08-16,0.45,110.4394,1.78
2017-08-17,0.42,110.1673,1.77
2017-08-18,0.43,110.041,1.76
2017-08-21,0.43,109.7349,1.75
2017-08-22,0.45,109.8386,1.77
2017-08-23,0.42,109.8095,1.75
2017-08-24,0.44,109.7524,1.75
2017-08-25,0.42,109.3415,1.75
2017-08-28,0.41,109.1815,1.75
2017-08-29,0.39,109.0946,1.74
2017-08-30,0.39,109.4052,1.76
2017-08-31,0.36,109.3686,1.76
2017-09-01,0.37,109.0504,1.79
2017-09-04,,,
2017-09-05,0.3,108.8664,1.77
2017-09-06,0.32,108.4897,1.78
2017-09-07,0.26,107.9224,1.79
2017-09-08,0.25,107.808,1.81
2017-09-11,0.31,108.153,1.83
2017-09-12,0.33,108.3239,1.84
2017-09-13,0.35,108.6628,1.85
2017-09-14,0.35,108.618,1.85
2017-09-15,0.35,108.3147,1.85
2017-09-18,0.36,108.6401,1.87
2017-09-19,0.37,108.6142,1.87
2017-09-20,0.43,108.4329,1.85
2017-09-21,0.44,108.9267,1.83
2017-09-22,0.42,108.7542,1.84
2017-09-25,0.38,109.3302,1.84
2017-09-26,0.4,109.7769,1.84
2017-09-27,0.44,110.0722,1.87
2017-09-28,0.44,110.2415,1.87
2017-09-29,0.49,110.0867,1.84
2017-10-02,0.51,110.3686,1.83
2017-10-03,0.49,110.3281,1.84
2017-10-04,0.48,110.2425,1.85
2017-10-05,0.49,110.5823,1.86
2017-10-06,0.5,110.7841,1.87
2017-10-09,,,
2017-10-10,0.47,110.3034,1.88
2017-10-11,0.46,110.3037,1.89
2017-10-12,0.44,110.3152,1.89
2017-10-13,0.43,110.2669,1.85
2017-10-16,0.46,110.5432,1.84
2017-10-17,0.48,110.9141,1.82
2017-10-18,0.5,110.7214,1.84
2017-10-19,0.49,110.4577,1.84
2017-10-20,0.52,111.0375,1.87
2017-10-23,0.52,111.2134,1.86
2017-10-24,0.55,111.4027,1.87
2017-10-25,0.56,111.3904,1.88
2017-10-26,0.57,111.6418,1.89
2017-10-27,0.54,112.1495,1.88
2017-10-30,0.5,111.901,1.87
2017-10-31,0.5,111.8052,1.88
2017-11-01,0.49,111.7942,1.88
2017-11-02,0.48,111.5474,1.87
2017-11-03,0.48,111.9383,1.86
2017-11-06,0.46,111.7197,1.86
2017-11-07,0.44,111.9446,1.88
2017-11-08,0.45,111.6935,1.87
2017-11-09,0.46,111.5626,1.87
2017-11-10,0.52,,1.88
2017-11-13,0.52,111.7833,1.88
2017-11-14,0.51,111.5097,1.87
2017-11-15,0.48,111.4809,1.85
2017-11-16,0.53,111.2568,1.84
2017-11-17,0.49,111.0016,1.86
2017-11-20,0.52,111.2599,1.85
2017-11-21,0.52,110.9828,1.84
2017-11-22,0.48,110.5632,1.84
2017-11-23,,,
2017-11-24,0.5,110.0253,1.84
2017-11-27,0.49,110.1136,1.83
2017-11-28,0.5,110.3018,1.84
2017-11-29,0.53,110.3265,1.84
2017-11-30,0.56,110.4648,1.86
2017-12-01,0.51,110.1413,1.86
2017-12-04,0.5,110.397,1.87
2017-12-05,0.5,110.4905,1.86
2017-12-06,0.47,110.8711,1.86
2017-12-07,0.5,111.0178,1.87
2017-12-08,0.5,111.2273,1.88
2017-12-11,0.51,111.0827,1.88
2017-12-12,0.51,111.5214,1.89
2017-12-13,0.48,111.2759,1.88
2017-12-14,0.48,111.0893,1.87
2017-12-15,0.47,111.1286,1.88
2017-12-18,0.5,110.9086,1.89
2017-12-19,0.55,111.1255,1.91
2017-12-20,0.57,110.8361,1.92
2017-12-21,0.55,110.8786,1.93
2017-12-22,0.54,111.0997,1.94
2017-12-25,,,
2017-12-26,0.53,110.9758,1.94
2017-12-27,0.48,110.8553,1.94
2017-12-28,0.47,110.5154,1.96
2017-12-29,0.44,110.0783,1.96
2018-01-01,,,
2018-01-02,0.46,109.6445,2.0
2018-01-03,0.46,109.6751,1.98
2018-01-04,0.45,109.4777,2.01
2018-01-05,0.46,109.3496,2.01
2018-01-08,0.47,109.5681,2.02
2018-01-09,0.52,109.9025,2.03
2018-01-10,0.52,109.628,2.03
2018-01-11,0.54,109.4888,2.0
2018-01-12,0.54,108.901,2.01
2018-01-15,,,
2018-01-16,0.51,108.3218,2.03
2018-01-17,0.53,108.1526,2.04
2018-01-18,0.57,108.0655,2.05
2018-01-19,0.58,107.9455,2.06
2018-01-22,0.6,108.107,2.06
2018-01-23,0.57,107.9979,2.06
2018-01-24,0.58,107.0802,2.07
2018-01-25,0.56,106.5052,2.07
2018-01-26,0.57,106.6911,2.09
2018-01-29,0.61,107.1142,2.09
2018-01-30,0.63,107.1064,2.1
2018-01-31,0.61,106.7696,2.11
2018-02-01,0.67,106.4877,2.11
2018-02-02,0.7,107.1151,2.14
2018-02-05,0.67,107.33,2.1
2018-02-06,0.69,107.5204,2.1
2018-02-07,0.74,107.7175,2.1
2018-02-08,0.76,108.3025,2.09
2018-02-09,0.78,108.2582,2.05
2018-02-12,0.79,108.0332,2.07
2018-02-13,0.78,107.7574,2.05
2018-02-14,0.82,107.4691,2.09
2018-02-15,0.79,106.9867,2.11
2018-02-16,0.78,107.0359,2.09
2018-02-19,,,
2018-02-20,0.78,107.6249,2.1
2018-02-21,0.82,107.8679,2.12
2018-02-22,0.81,107.8668,2.11
2018-02-23,0.76,107.6804,2.12
2018-02-26,0.73,107.7347,2.13
2018-02-27,0.77,108.1731,2.13
2018-02-28,0.75,108.3903,2.12
2018-03-01,0.71,108.5358,2.1
2018-03-02,0.74,,2.12
2018-03-05,0.75,108.3614,2.13
2018-03-06,0.76,107.7969,2.12
2018-03-07,0.76,108.0911,2.13
2018-03-08,0.75,108.2671,2.11
2018-03-09,0.78,107.923,2.12
2018-03-12,0.77,107.9438,2.1
2018-03-13,0.75,107.7384,2.09
2018-03-14,0.74,107.8623,2.07
2018-03-15,0.74,108.2032,2.08
2018-03-16,0.77,108.4332,2.08
2018-03-19,0.77,108.3145,2.08
2018-03-20,0.81,108.4953,2.08
2018-03-21,0.8,,2.09
2018-03-22,0.75,107.9935,2.08
2018-03-23,0.75,107.7495,2.07
2018-03-26,0.77,107.1819,2.08
2018-03-27,0.71,107.3359,2.07
2018-03-28,0.72,107.5733,2.05
2018-03-29,0.69,107.665,2.05
2018-03-30,,107.4784,
2018-04-02,0.68,107.7033,2.05
2018-04-03,0.71,107.5624,2.08
2018-04-04,0.71,107.6361,2.08
2018-04-05,0.75,107.7281,2.08
2018-04-06,0.7,107.7886,2.07
2018-04-09,0.71,107.5316,2.07
2018-04-10,0.72,107.3659,2.08
2018-04-11,0.68,107.1224,2.11
2018-04-12,0.7,107.2905,2.13
2018-04-13,0.69,107.2368,2.13
2018-04-16,0.71,107.0595,2.12
2018-04-17,0.68,107.0344,2.14
2018-04-18,0.71,107.1096,2.16
2018-04-19,0.75,107.5197,2.17
2018-04-20,0.79,108.1787,2.17
2018-04-23,0.8,108.9332,2.18
2018-04-24,0.83,108.7906,2.17
2018-04-25,0.86,109.3447,2.17
2018-04-26,0.82,109.3646,2.18
2018-04-27,0.79,109.1735,2.17
2018-04-30,0.78,109.3363,2.17
2018-05-01,0.81,109.7445,2.16
2018-05-02,0.8,110.1625,2.17
2018-05-03,0.78,110.1803,2.16
2018-05-04,0.79,110.25,2.16
2018-05-07,0.78,110.5721,2.17
2018-05-08,0.81,111.063,2.16
2018-05-09,0.82,110.8818,2.18
2018-05-10,0.8,110.405,2.17
2018-05-11,0.82,110.2847,2.15
2018-05-14,0.85,110.408,2.15
2018-05-15,0.9,111.2292,2.18
2018-05-16,0.92,111.3068,2.17
2018-05-17,0.95,111.3547,2.16
2018-05-18,0.91,111.7171,2.15
2018-05-21,0.9,111.6394,2.16
2018-05-22,0.91,111.1945,2.15
2018-05-23,0.87,111.6933,2.14
2018-05-24,0.86,111.4885,2.12
2018-05-25,0.84,111.5843,2.09
2018-05-28,,,
2018-05-29,0.73,112.2127,2.04
2018-05-30,0.78,111.6731,2.06
2018-05-31,0.76,111.9894,2.07
2018-06-01,0.8,111.8265,2.09
2018-06-04,0.82,111.8247,2.12
2018-06-05,0.79,112.264,2.13
2018-06-06,0.83,111.7525,2.14
2018-06-07,0.8,112.0725,2.13
2018-06-08,0.82,112.1066,2.11
2018-06-11,0.83,112.1106,2.13
2018-06-12,0.83,112.2138,2.13
2018-06-13,0.86,112.2577,2.12
2018-06-14,0.82,112.8593,2.12
2018-06-15,0.81,113.3379,2.12
2018-06-18,0.8,113.4899,2.12
2018-06-19,0.77,113.639,2.12
2018-06-20,0.81,113.4784,2.12
2018-06-21,0.79,113.6109,2.11
2018-06-22,0.78,113.3047,2.12
2018-06-25,0.77,113.286,2.1
2018-06-26,0.76,113.3016,2.12
2018-06-27,0.72,113.8971,2.11
2018-06-28,0.74,113.8405,2.1
2018-06-29,0.74,113.2586,2.11
2018-07-02,0.73,114.1673,2.14
2018-07-03,0.71,113.3222,2.12
2018-07-04,,,
2018-07-05,0.71,112.9759,2.13
2018-07-06,0.7,112.6428,2.12
2018-07-09,0.73,112.6425,2.13
2018-07-10,0.74,112.5794,2.13
2018-07-11,0.74,112.8582,2.11
2018-07-12,0.75,112.779,2.1
2018-07-13,0.72,113.0705,2.11
2018-07-16,0.75,112.8437,2.1
2018-07-17,0.77,113.1504,2.09
2018-07-18,0.79,113.3348,2.09
2018-07-19,0.75,113.9463,2.09
2018-07-20,0.78,113.3213,2.11
2018-07-23,0.85,113.4246,2.11
2018-07-24,0.84,113.2045,2.11
2018-07-25,0.81,112.9221,2.13
2018-07-26,0.87,112.9179,2.11
2018-07-27,0.84,112.8125,2.12
2018-07-30,0.85,112.6044,2.13
2018-07-31,0.84,112.7299,2.12
2018-08-01,0.87,112.8899,2.13
2018-08-02,0.86,113.1679,2.12
2018-08-03,0.83,113.012,2.12
2018-08-06,0.83,113.229,2.11
2018-08-07,0.85,112.9759,2.13
2018-08-08,0.85,113.1411,2.11
2018-08-09,0.82,113.3806,2.11
2018-08-10,0.78,114.3005,2.09
2018-08-13,0.78,114.851,2.1
2018-08-14,0.8,114.658,2.09
2018-08-15,0.78,115.1526,2.08
2018-08-16,0.79,114.6416,2.08
2018-08-17,0.79,114.5339,2.08
2018-08-20,0.75,114.3504,2.07
2018-08-21,0.77,113.8604,2.08
2018-08-22,0.74,113.663,2.08
2018-08-23,0.73,114.0932,2.09
2018-08-24,0.73,113.5985,2.09
2018-08-27,0.74,113.2721,2.11
2018-08-28,0.77,113.3444,2.11
2018-08-29,0.77,113.6461,2.12
2018-08-30,0.76,114.0899,2.1
2018-08-31,0.78,114.2755,2.08
2018-09-03,,,
2018-09-04,0.8,114.8584,2.1
2018-09-05,0.81,114.7477,2.09
2018-09-06,0.8,114.6479,2.08
2018-09-07,0.84,114.5816,2.1
2018-09-10,0.84,114.6802,2.1
2018-09-11,0.86,114.7051,2.12
2018-09-12,0.85,114.2192,2.12
2018-09-13,0.87,113.9268,2.1
2018-09-14,0.89,114.0657,2.1
2018-09-17,0.89,113.9158,2.1
2018-09-18,0.92,113.7739,2.13
2018-09-19,0.93,113.6532,2.15
2018-09-20,0.92,113.4989,2.15
2018-09-21,0.92,113.5099,2.15
2018-09-24,0.92,113.5301,2.16
2018-09-25,0.94,113.7202,2.16
2018-09-26,0.92,113.6739,2.14
2018-09-27,0.91,113.9784,2.15
2018-09-28,0.91,113.8077,2.14
2018-10-01,0.95,113.8235,2.14
2018-10-02,0.93,113.8954,2.12
2018-10-03,0.99,114.1569,2.16
2018-10-04,1.03,114.6867,2.16
2018-10-05,1.07,114.561,2.16
2018-10-08,,,
2018-10-09,1.04,114.6583,2.17
2018-10-10,1.06,114.6072,2.16
2018-10-11,1.02,114.4074,2.12
2018-10-12,1.03,114.3691,2.12
2018-10-15,1.03,114.045,2.13
2018-10-16,1.03,113.8963,2.13
2018-10-17,1.06,114.1755,2.13
2018-10-18,1.07,114.8164,2.1
2018-10-19,1.09,114.8567,2.11
2018-10-22,1.09,115.1782,2.11
2018-10-23,1.08,115.1651,2.09
2018-10-24,1.03,115.3755,2.07
2018-10-25,1.09,115.4831,2.05
2018-10-26,1.02,115.473,2.06
2018-10-29,1.02,115.8936,2.06
2018-10-30,1.07,116.2357,2.05
2018-10-31,1.1,116.5281,2.05
2018-11-01,1.12,115.8657,2.02
2018-11-02,1.16,115.643,2.06
2018-11-05,1.14,115.703,2.06
2018-11-06,1.15,115.5622,2.07
2018-11-07,1.15,115.2519,2.07
2018-11-08,1.17,115.6478,2.07
2018-11-09,1.15,116.4778,2.04
2018-11-12,,,
2018-11-13,1.12,116.6694,2.02
2018-11-14,1.12,116.498,2.0
2018-11-15,1.11,116.3861,2.0
2018-11-16,1.06,115.9258,2.02
2018-11-19,1.07,115.9859,1.99
2018-11-20,1.09,116.2367,1.97
2018-11-21,1.09,116.092,1.97
2018-11-22,,,
2018-11-23,1.09,116.4713,1.96
2018-11-26,1.11,116.6208,1.96
2018-11-27,1.15,116.9001,1.91
2018-11-28,1.12,116.8343,1.94
2018-11-29,1.05,116.1961,1.98
2018-11-30,1.04,116.413,1.97
2018-12-03,1.02,115.9057,1.96
2018-12-04,0.97,116.0028,1.94
2018-12-05,,,
2018-12-06,0.97,116.3991,1.9
2018-12-07,0.96,116.0847,1.89
2018-12-10,0.99,116.6746,1.86
2018-12-11,1.06,116.7564,1.83
2018-12-12,1.08,116.2214,1.83
2018-12-13,1.08,116.3974,1.83
2018-12-14,1.07,116.79,1.82
2018-12-17,1.05,116.4532,1.81
2018-12-18,1.01,116.4127,1.81
2018-12-19,0.97,116.0676,1.8
2018-12-20,1.03,116.0183,1.76
2018-12-21,1.02,116.2227,1.77
2018-12-24,0.99,116.2182,1.75
2018-12-25,,,
2018-12-26,1.04,116.1162,1.77
2018-12-27,1.03,115.9927,1.74
2018-12-28,0.99,115.7232,1.73
2018-12-31,0.98,115.5674,1.71
2019-01-01,,,
2019-01-02,0.96,115.7689,1.7
2019-01-03,0.88,115.4622,1.68
2019-01-04,0.91,114.9821,1.76
2019-01-07,0.92,114.5628,1.78
2019-01-08,0.91,114.7281,1.82
2019-01-09,0.91,114.1406,1.83
2019-01-10,0.93,114.0496,1.81
2019-01-11,0.88,114.0404,1.83
2019-01-14,0.9,,1.81
2019-01-15,0.91,114.3402,1.81
2019-01-16,0.91,114.137,1.82
2019-01-17,0.96,114.4115,1.79
2019-01-18,0.96,114.558,1.83
2019-01-21,,,
2019-01-22,0.95,114.7541,1.79
2019-01-23,0.96,114.5759,1.8
2019-01-24,0.95,114.617,1.77
2019-01-25,0.97,114.0197,1.79
2019-01-28,0.97,114.0522,1.78
2019-01-29,0.94,114.026,1.78
2019-01-30,0.86,114.0731,1.84
2019-01-31,0.78,113.5504,1.85
2019-02-01,0.82,113.7548,1.88
2019-02-04,0.86,113.8766,1.87
2019-02-05,0.84,114.0431,1.87
2019-02-06,0.84,114.2305,1.86
2019-02-07,0.81,114.4339,1.84
2019-02-08,0.81,114.5003,1.82
2019-02-11,0.83,115.031,1.82
2019-02-12,0.85,114.7297,1.83
2019-02-13,0.85,114.9407,1.86
2019-02-14,0.81,115.1007,1.85
2019-02-15,0.8,114.9923,1.86
2019-02-18,,,
2019-02-19,0.78,114.57,1.87
2019-02-20,0.76,,1.89
2019-02-21,0.78,114.5091,1.91
2019-02-22,0.74,114.2716,1.91
2019-02-25,0.75,114.1457,1.92
2019-02-26,0.72,114.0687,1.92
2019-02-27,0.76,114.0363,1.93
2019-02-28,0.78,114.1991,1.95
2019-03-01,0.8,114.537,1.96
2019-03-04,0.78,114.6925,1.94
2019-03-05,0.79,114.804,1.93
2019-03-06,0.78,114.9714,1.91
2019-03-07,0.74,115.4919,1.9
2019-03-08,0.72,115.3599,1.9
2019-03-11,0.73,115.2967,1.91
2019-03-12,0.71,114.939,1.9
2019-03-13,0.69,114.7372,1.92
2019-03-14,0.69,114.79,1.94
2019-03-15,0.65,114.5815,1.94
2019-03-18,0.64,114.4375,1.96
2019-03-19,0.66,114.2324,1.95
2019-03-20,0.58,114.1509,1.96
2019-03-21,0.58,114.1684,1.96
2019-03-22,0.54,114.6856,1.9
2019-03-25,0.55,114.4171,1.88
2019-03-26,0.55,114.6414,1.86
2019-03-27,0.55,115.1243,1.84
2019-03-28,0.56,115.2581,1.83
2019-03-29,0.53,115.1371,1.88
2019-04-01,0.59,114.9362,1.9
2019-04-02,0.58,115.1173,1.9
2019-04-03,0.61,114.7211,1.91
2019-04-04,0.61,114.9697,1.9
2019-04-05,0.6,114.9726,1.9
2019-04-08,0.61,114.6893,1.91
2019-04-09,0.6,114.5321,1.91
2019-04-10,0.54,114.4269,1.94
2019-04-11,0.57,114.6303,1.94
2019-04-12,0.61,114.3531,1.95
2019-04-15,0.61,114.495,1.94
2019-04-16,0.64,114.6756,1.96
2019-04-17,0.65,114.5141,1.94
2019-04-18,0.62,114.7073,1.95
2019-04-19,,114.6977,
2019-04-22,0.64,114.7694,1.95
2019-04-23,0.62,115.1578,1.95
2019-04-24,0.57,115.4187,1.96
2019-04-25,0.56,115.7709,1.98
2019-04-26,0.54,115.4767,1.97
2019-04-29,0.58,115.5227,1.96
2019-04-30,0.56,115.3281,1.95
2019-05-01,0.59,115.0022,1.93
2019-05-02,0.66,115.5617,1.89
2019-05-03,0.63,115.2646,1.91
2019-05-06,0.6,115.3811,1.91
2019-05-07,0.58,115.6116,1.87
2019-05-08,0.62,115.5171,1.87
2019-05-09,0.6,115.8421,1.85
2019-05-10,0.59,115.5334,1.88
2019-05-13,0.55,115.915,1.85
2019-05-14,0.56,115.9425,1.86
2019-05-15,0.54,115.8565,1.83
2019-05-16,0.56,116.0346,1.84
2019-05-17,0.58,116.448,1.81
2019-05-20,0.6,116.3119,1.81
2019-05-21,0.6,116.2844,1.83
2019-05-22,0.6,116.2412,1.79
2019-05-23,0.58,116.2368,1.73
2019-05-24,0.56,116.0806,1.76
2019-05-27,,,
2019-05-28,0.53,116.3174,1.73
2019-05-29,0.5,116.5535,1.75
2019-05-30,0.48,116.3989,1.74
2019-05-31,0.4,116.7273,1.74
2019-06-03,0.34,116.4764,1.73
2019-06-04,0.38,116.091,1.74
2019-06-05,0.37,116.03,1.75
2019-06-06,0.39,115.9771,1.73
2019-06-07,0.35,115.7368,1.74
2019-06-10,0.42,115.5001,1.73
2019-06-11,0.43,115.3794,1.72
2019-06-12,0.42,115.438,1.71
2019-06-13,0.42,115.6275,1.68
2019-06-14,0.46,115.9057,1.63
2019-06-17,0.48,115.9684,1.61
2019-06-18,0.42,115.8797,1.64
2019-06-19,0.36,115.7889,1.67
2019-06-20,0.27,114.8046,1.74
2019-06-21,0.34,114.8377,1.73
2019-06-24,0.31,114.6559,1.71
2019-06-25,0.33,114.6363,1.67
2019-06-26,0.35,114.5608,1.7
2019-06-27,0.33,114.665,1.68
2019-06-28,0.31,114.5821,1.69
2019-07-01,0.34,114.7239,1.69
2019-07-02,0.33,114.8258,1.65
2019-07-03,0.31,114.8135,1.65
2019-07-04,,,
2019-07-05,0.35,115.1132,1.69
2019-07-08,0.35,115.0254,1.7
2019-07-09,0.36,115.1017,1.71
2019-07-10,0.33,115.0879,1.74
2019-07-11,0.36,114.8361,1.77
2019-07-12,0.35,114.7685,1.77
2019-07-15,0.32,114.6819,1.77
2019-07-16,0.33,115.0111,1.8
2019-07-17,0.31,114.8819,1.75
2019-07-18,0.25,114.8744,1.79
2019-07-19,0.25,114.8695,1.8
2019-07-22,0.26,115.0018,1.79
2019-07-23,0.27,115.2995,1.81
2019-07-24,0.26,115.2436,1.79
2019-07-25,0.28,115.2982,1.8
2019-07-26,0.3,115.5449,1.78
2019-07-29,0.29,115.5885,1.77
2019-07-30,0.28,115.6211,1.78
2019-07-31,0.26,115.4946,1.76
2019-08-01,0.2,116.0499,1.7
2019-08-02,0.2,116.1864,1.66
2019-08-05,0.15,116.5851,1.6
2019-08-06,0.11,116.6904,1.62
2019-08-07,0.09,116.7987,1.62
2019-08-08,0.07,116.474,1.65
2019-08-09,0.08,116.4419,1.66
2019-08-12,0.04,116.7548,1.61
2019-08-13,0.05,116.7267,1.63
2019-08-14,0.02,117.0913,1.57
2019-08-15,-0.02,117.2239,1.54
2019-08-16,0.01,117.0786,1.54
2019-08-19,0.04,117.3886,1.56
2019-08-20,0.02,117.3726,1.53
2019-08-21,0.05,117.1764,1.54
2019-08-22,0.07,117.3558,1.55
2019-08-23,-0.02,117.3009,1.54
2019-08-26,0.0,117.6658,1.54
2019-08-27,-0.06,117.75,1.55
2019-08-28,-0.08,117.8767,1.55
2019-08-29,-0.09,118.0625,1.59
2019-08-30,-0.05,118.1575,1.55
2019-09-02,,,
2019-09-03,-0.03,118.3113,1.5
2019-09-04,-0.04,117.6729,1.51
2019-09-05,0.01,117.4776,1.56
2019-09-06,0.01,117.1292,1.54
2019-09-09,0.06,117.0601,1.57
2019-09-10,0.12,117.0887,1.6
2019-09-11,0.15,117.3125,1.6
2019-09-12,0.16,116.8375,1.63
2019-09-13,0.23,116.7677,1.67
2019-09-16,0.17,117.0251,1.67
2019-09-17,0.15,116.9826,1.66
2019-09-18,0.21,116.9766,1.59
2019-09-19,0.18,117.0861,1.61
2019-09-20,0.13,117.1819,1.61
2019-09-23,0.11,117.2986,1.61
2019-09-24,0.06,117.2227,1.58
2019-09-25,0.13,117.6527,1.6
2019-09-26,0.13,117.7267,1.57
2019-09-27,0.16,117.7218,1.53
2019-09-30,0.15,117.9461,1.53
2019-10-01,0.13,117.9595,1.52
2019-10-02,0.1,117.9671,1.5
2019-10-03,0.06,117.6608,1.48
2019-10-04,0.02,117.5288,1.5
2019-10-07,0.05,117.5533,1.51
2019-10-08,0.06,117.7407,1.48
2019-10-09,0.1,117.6835,1.49
2019-10-10,0.15,117.2801,1.52
2019-10-11,0.2,116.8239,1.56
2019-10-14,,,
2019-10-15,0.21,116.8111,1.56
2019-10-16,0.18,116.6425,1.57
2019-10-17,0.17,116.2615,1.59
2019-10-18,0.16,116.1344,1.6
2019-10-21,0.19,116.0436,1.61
2019-10-22,0.17,115.9851,1.61
2019-10-23,0.16,116.0586,1.61
2019-10-24,0.15,116.1278,1.62
2019-10-25,0.15,116.0774,1.65
2019-10-28,0.21,116.0222,1.64
2019-10-29,0.23,115.9797,1.61
2019-10-30,0.21,116.1636,1.57
2019-10-31,0.15,115.9125,1.54
2019-11-01,0.14,115.7312,1.59
2019-11-04,0.15,115.8624,1.64
2019-11-05,0.18,116.1138,1.68
2019-11-06,0.15,116.1004,1.66
2019-11-07,0.23,116.1172,1.69
2019-11-08,0.23,116.3436,1.71
2019-11-11,,,
2019-11-12,0.22,116.5837,1.7
2019-11-13,0.22,116.8397,1.66
2019-11-14,0.2,116.8022,1.62
2019-11-15,0.21,116.4401,1.63
2019-11-18,0.18,116.3625,1.63
2019-11-19,0.16,116.5391,1.63
2019-11-20,0.13,116.828,1.6
2019-11-21,0.14,116.7435,1.63
2019-11-22,0.15,116.9137,1.62
2019-11-25,0.14,117.0098,1.62
2019-11-26,0.12,117.0513,1.62
2019-11-27,0.14,117.1273,1.63
2019-11-28,,,
2019-11-29,0.17,117.1204,1.61
2019-12-02,0.18,116.9647,1.65
2019-12-03,0.09,116.8898,1.63
2019-12-04,0.11,116.692,1.66
2019-12-05,0.13,116.3838,1.67
2019-12-06,0.15,116.5381,1.69
2019-12-09,0.14,116.3283,1.69
2019-12-10,0.14,116.2542,1.71
2019-12-11,0.1,116.1478,1.69
2019-12-12,0.18,115.8741,1.72
2019-12-13,0.12,115.6967,1.7
2019-12-16,0.16,115.555,1.73
2019-12-17,0.14,115.5553,1.75
2019-12-18,0.16,115.6618,1.76
2019-12-19,0.15,115.5988,1.77
2019-12-20,0.15,115.7598,1.77
2019-12-23,0.18,115.8059,1.75
2019-12-24,0.15,,1.75
2019-12-25,,,
2019-12-26,0.16,115.634,1.74
2019-12-27,0.15,115.22,1.73
2019-12-30,0.15,114.9631,1.75
2019-12-31,0.15,114.669,1.77
2020-01-01,,,
2020-01-02,0.08,114.9745,1.8
2020-01-03,0.03,114.9867,1.77
2020-01-06,0.06,114.9557,1.75
2020-01-07,0.09,115.1477,1.74
2020-01-08,0.12,115.1328,1.75
2020-01-09,0.11,115.2331,1.74
2020-01-10,0.07,115.0677,1.76
2020-01-13,0.08,115.0342,1.77
2020-01-14,0.05,115.0239,1.77
2020-01-15,0.04,114.9528,1.75
2020-01-16,0.07,115.0006,1.74
2020-01-17,0.09,115.0656,1.75
2020-01-20,,,
2020-01-21,0.04,115.1876,1.74
2020-01-22,0.05,115.2273,1.72
2020-01-23,0.04,115.5545,1.7
2020-01-24,0.02,115.5556,1.68
2020-01-27,-0.02,115.8004,1.63
2020-01-28,0.0,115.7239,1.65
2020-01-29,-0.04,115.7003,1.64
2020-01-30,-0.07,115.8077,1.64
2020-01-31,-0.14,115.7345,1.65
2020-02-03,-0.09,116.1172,1.63
2020-02-04,-0.03,115.9291,1.64
2020-02-05,0.0,116.009,1.66
2020-02-06,-0.02,116.1518,1.67
2020-02-07,-0.07,116.5086,1.66
2020-02-10,-0.1,116.5711,1.66
2020-02-11,-0.06,116.3585,1.65
2020-02-12,-0.04,116.2794,1.66
2020-02-13,-0.06,116.3999,1.67
2020-02-14,-0.07,116.4223,1.66
2020-02-17,,,
2020-02-18,-0.1,116.6039,1.65
2020-02-19,-0.09,116.7829,1.65
2020-02-20,-0.11,117.2454,1.63
2020-02-21,-0.15,117.0473,1.61
2020-02-24,-0.21,117.4018,1.59
2020-02-25,-0.2,117.2425,1.53
2020-02-26,-0.21,117.405,1.54
2020-02-27,-0.23,117.3678,1.53
2020-02-28,-0.28,117.6568,1.41
2020-03-02,-0.31,116.8144,1.41
2020-03-03,-0.43,116.4958,1.45
2020-03-04,-0.44,116.7802,1.46
2020-03-05,-0.48,116.7901,1.4
2020-03-06,-0.57,116.7106,1.31
2020-03-09,-0.45,117.1871,0.99
2020-03-10,-0.24,117.9027,1.0
2020-03-11,-0.14,118.2505,0.96
2020-03-12,-0.04,120.4883,0.92
2020-03-13,0.04,120.4388,0.9
2020-03-16,0.0,120.9352,0.73
2020-03-17,0.39,122.4816,0.63
2020-03-18,0.55,124.1623,0.63
2020-03-19,0.62,125.0587,0.5
2020-03-20,0.17,124.9362,0.75
2020-03-23,-0.04,126.1262,0.8
2020-03-24,-0.13,125.5001,0.97
2020-03-25,-0.19,124.7916,1.07
2020-03-26,-0.24,122.4308,1.07
2020-03-27,-0.22,122.4007,0.94
2020-03-30,-0.25,123.2883,0.95
2020-03-31,-0.17,122.5301,0.87
2020-04-01,-0.29,123.7933,0.91
2020-04-02,-0.4,123.5916,1.03
2020-04-03,-0.46,124.4152,1.08
2020-04-06,-0.47,124.16,1.14
2020-04-07,-0.42,123.0956,1.17
2020-04-08,-0.42,123.2216,1.19
2020-04-09,-0.5,122.476,1.23
2020-04-10,,122.1592,
2020-04-13,-0.5,122.5203,1.26
2020-04-14,-0.53,122.1121,1.29
2020-04-15,-0.56,123.0752,1.19
2020-04-16,-0.42,123.4615,1.03
2020-04-17,-0.36,122.871,1.01
2020-04-20,-0.31,123.1033,0.94
2020-04-21,-0.38,123.9116,0.96
2020-04-22,-0.43,123.9256,1.06
2020-04-23,-0.44,123.7542,1.05
2020-04-24,-0.51,124.1615,1.11
2020-04-27,-0.5,123.8843,1.17
2020-04-28,-0.52,123.3693,1.14
2020-04-29,-0.51,122.7782,1.14
2020-04-30,-0.43,122.327,1.07
2020-05-01,-0.42,123.1492,1.06
2020-05-04,-0.43,123.2117,1.07
2020-05-05,-0.44,122.803,1.1
2020-05-06,-0.38,123.609,1.1
2020-05-07,-0.45,123.1249,1.08
2020-05-08,-0.43,122.5379,1.12
2020-05-11,-0.4,123.2333,1.13
2020-05-12,-0.4,123.0592,1.09
2020-05-13,-0.43,123.5408,1.07
2020-05-14,-0.43,123.6429,1.06
2020-05-15,-0.45,123.5991,1.09
2020-05-18,-0.44,122.7968,1.17
2020-05-19,-0.45,122.5655,1.15
2020-05-20,-0.48,122.1007,1.16
2020-05-21,-0.46,122.0914,1.14
2020-05-22,-0.46,122.3211,1.12
2020-05-25,,,
2020-05-26,-0.44,121.3864,1.13
2020-05-27,-0.46,121.5677,1.14
2020-05-28,-0.48,121.0138,1.18
2020-05-29,-0.5,120.9458,1.15
2020-06-01,-0.52,120.2686,1.18
2020-06-02,-0.5,119.6854,1.18
2020-06-03,-0.44,119.2556,1.21
2020-06-04,-0.4,119.3014,1.22
2020-06-05,-0.36,118.8138,1.27
2020-06-08,-0.4,118.6621,1.28
2020-06-09,-0.42,118.5893,1.26
2020-06-10,-0.52,118.5231,1.27
2020-06-11,-0.55,119.2347,1.21
2020-06-12,-0.5,119.6645,1.21
2020-06-15,-0.52,119.9539,1.23
2020-06-16,-0.52,119.567,1.27
2020-06-17,-0.52,119.9105,1.26
2020-06-18,-0.57,120.2173,1.28
2020-06-19,-0.6,120.2186,1.3
2020-06-22,-0.63,119.7532,1.34
2020-06-23,-0.66,119.3285,1.38
2020-06-24,-0.64,119.9744,1.33
2020-06-25,-0.65,120.2997,1.33
2020-06-26,-0.68,120.533,1.32
2020-06-29,-0.7,120.6658,1.34
2020-06-30,-0.68,120.4649,1.34
2020-07-01,-0.68,120.0808,1.37
2020-07-02,-0.73,119.8555,1.41
2020-07-03,,,
2020-07-06,-0.76,119.2852,1.45
2020-07-07,-0.78,119.5717,1.43
2020-07-08,-0.75,119.5525,1.42
2020-07-09,-0.77,119.5129,1.39
2020-07-10,-0.76,119.3509,1.41
2020-07-13,-0.78,119.1891,1.42
2020-07-14,-0.78,119.3901,1.41
2020-07-15,-0.77,119.0331,1.41
2020-07-16,-0.79,118.9275,1.41
2020-07-17,-0.82,119.124,1.46
2020-07-20,-0.84,119.0483,1.46
2020-07-21,-0.87,118.4042,1.48
2020-07-22,-0.88,118.1337,1.48
2020-07-23,-0.9,118.0613,1.49
2020-07-24,-0.92,118.1329,1.51
2020-07-27,-0.9,117.3869,1.52
2020-07-28,-0.92,117.3189,1.51
2020-07-29,-0.95,117.2126,1.53
2020-07-30,-0.97,117.4008,1.52
2020-07-31,-1.0,117.2082,1.55
2020-08-03,-1.02,117.8074,1.58
2020-08-04,-1.05,117.7833,1.57
2020-08-05,-1.06,116.8736,1.61
2020-08-06,-1.08,117.0422,1.63
2020-08-07,-1.04,117.6239,1.61
2020-08-10,-1.02,117.5821,1.61
2020-08-11,-0.99,117.3781,1.63
2020-08-12,-0.98,117.2559,1.67
2020-08-13,-0.96,117.1193,1.67
2020-08-14,-0.94,116.9395,1.65
2020-08-17,-0.97,116.749,1.66
2020-08-18,-1.01,116.5593,1.68
2020-08-19,-0.99,116.567,1.67
2020-08-20,-0.97,116.8126,1.62
2020-08-21,-1.0,117.0572,1.64
2020-08-24,-1.02,116.912,1.67
2020-08-25,-1.01,116.8206,1.7
2020-08-26,-1.03,116.6243,1.72
2020-08-27,-0.99,116.649,1.73
2020-08-28,-1.03,115.9374,1.77
2020-08-31,-1.08,115.7586,1.8
2020-09-01,-1.08,115.5687,1.76
2020-09-02,-1.07,116.0304,1.73
2020-09-03,-1.02,116.0685,1.65
2020-09-04,-0.98,116.0347,1.7
2020-09-07,,,
2020-09-08,-0.99,116.4618,1.68
2020-09-09,-1.0,116.1291,1.71
2020-09-10,-1.01,115.8806,1.69
2020-09-11,-0.98,116.0866,1.65
2020-09-14,-0.97,115.6428,1.65
2020-09-15,-0.99,115.5908,1.67
2020-09-16,-0.99,115.3537,1.68
2020-09-17,-0.97,115.4392,1.66
2020-09-18,-0.97,115.2395,1.67
2020-09-21,-0.94,116.378,1.62
2020-09-22,-0.94,116.5438,1.62
2020-09-23,-0.92,117.2526,1.6
2020-09-24,-0.91,117.5473,1.58
2020-09-25,-0.92,117.8679,1.58
2020-09-28,-0.94,117.6178,1.61
2020-09-29,-0.98,117.526,1.64
2020-09-30,-0.94,116.946,1.63
2020-10-01,-0.95,116.7227,1.63
2020-10-02,-0.94,116.7321,1.64
2020-10-05,-0.9,116.1767,1.68
2020-10-06,-0.9,116.2681,1.66
2020-10-07,-0.9,116.3447,1.71
2020-10-08,-0.94,116.1657,1.72
2020-10-09,-0.94,115.2757,1.73
2020-10-12,,,
2020-10-13,-0.96,115.9107,1.7
2020-10-14,-0.96,115.6872,1.69
2020-10-15,-0.95,116.0964,1.69
2020-10-16,-0.95,115.7679,1.71
2020-10-19,-0.93,115.4031,1.71
2020-10-20,-0.91,115.2485,1.72
2020-10-21,-0.91,114.9108,1.74
2020-10-22,-0.89,115.1158,1.76
2020-10-23,-0.9,115.0126,1.75
2020-10-26,-0.91,115.2797,1.72
2020-10-27,-0.92,115.0131,1.71
2020-10-28,-0.91,115.8023,1.7
2020-10-29,-0.86,116.3069,1.71
2020-10-30,-0.82,116.1354,1.7
2020-11-02,-0.84,116.2361,1.71
2020-11-03,-0.82,115.4802,1.72
2020-11-04,-0.86,115.1677,1.64
2020-11-05,-0.87,114.4556,1.66
2020-11-06,-0.82,113.9919,1.65
2020-11-09,-0.77,114.0895,1.73
2020-11-10,-0.78,114.0757,1.76
2020-11-11,,,
2020-11-12,-0.83,114.2843,1.71
2020-11-13,-0.83,114.2397,1.72
2020-11-16,-0.81,113.8312,1.72
2020-11-17,-0.83,113.682,1.7
2020-11-18,-0.82,113.46,1.7
2020-11-19,-0.84,113.694,1.7
2020-11-20,-0.86,113.489,1.69
2020-11-23,-0.85,113.7548,1.71
2020-11-24,-0.86,113.4316,1.74
2020-11-25,-0.87,113.1823,1.75
2020-11-26,,,
2020-11-27,-0.91,,1.75
2020-11-30,-0.93,113.2256,1.77
2020-12-01,-0.89,112.8063,1.81
2020-12-02,-0.9,112.6115,1.85
2020-12-03,-0.94,112.0236,1.86
2020-12-04,-0.92,111.7778,1.89
2020-12-07,-0.94,111.8385,1.88
2020-12-08,-0.97,111.8639,1.89
2020-12-09,-0.96,112.0305,1.91
2020-12-10,-0.96,111.9788,1.88
2020-12-11,-0.97,112.1417,1.87
2020-12-14,-0.98,112.1708,1.88
2020-12-15,-0.99,111.8601,1.91
2020-12-16,-1.0,111.7157,1.92
2020-12-17,-1.0,111.2226,1.94
2020-12-18,-1.0,111.6071,1.95
2020-12-21,-1.0,111.9415,1.95
2020-12-22,-1.01,112.1947,1.94
2020-12-23,-1.01,111.9807,1.97
2020-12-24,-1.03,,1.97
2020-12-25,,,
2020-12-28,-1.03,111.9752,1.97
2020-12-29,-1.02,111.5172,1.96
2020-12-30,-1.03,111.3084,1.96
2020-12-31,-1.06,111.3169,1.99
2021-01-01,,,
2021-01-04,-1.08,111.2075,2.01
2021-01-05,-1.07,110.9574,2.03
2021-01-06,-1.02,110.8502,2.06
2021-01-07,-1.01,111.3042,2.09
2021-01-08,-0.93,111.2847,2.06
2021-01-11,-0.91,111.8257,2.06
2021-01-12,-0.93,111.5501,2.08
2021-01-13,-0.96,111.3622,2.06
2021-01-14,-0.94,111.1567,2.09
2021-01-15,-0.99,111.5106,2.1
2021-01-18,,,
2021-01-19,-1.0,111.4527,2.1
2021-01-20,-1.02,,2.12
2021-01-21,-0.98,111.1973,2.1
2021-01-22,-0.99,111.5516,2.09
2021-01-25,-1.03,111.8676,2.08
2021-01-26,-1.03,111.6572,2.08
2021-01-27,-1.04,112.0782,2.08
2021-01-28,-1.06,112.0059,2.13
2021-01-29,-1.02,111.9511,2.13
2021-02-01,-1.02,112.4189,2.11
2021-02-02,-1.03,112.2862,2.15
2021-02-03,-1.04,112.2567,2.19
2021-02-04,-1.02,112.7469,2.17
2021-02-05,-1.02,112.2379,2.21
2021-02-08,-1.03,112.0428,2.22
2021-02-09,-1.04,111.7675,2.22
2021-02-10,-1.06,111.5834,2.21
2021-02-11,-1.04,111.5272,2.2
2021-02-12,-1.01,111.4889,2.21
2021-02-15,,,
2021-02-16,-0.94,111.7879,2.24
2021-02-17,-0.92,112.0204,2.21
2021-02-18,-0.87,112.1603,2.16
2021-02-19,-0.8,111.7058,2.14
2021-02-22,-0.79,111.918,2.16
2021-02-23,-0.79,111.8981,2.16
2021-02-24,-0.79,111.7212,2.17
2021-02-25,-0.6,111.9253,2.14
2021-02-26,-0.71,112.8306,2.15
2021-03-01,-0.71,112.5263,2.16
2021-03-02,-0.78,112.5342,2.2
2021-03-03,-0.74,112.7617,2.21
2021-03-04,-0.66,112.7037,2.2
2021-03-05,-0.66,113.7487,2.22
2021-03-08,-0.62,114.2678,2.21
2021-03-09,-0.66,113.928,2.21
2021-03-10,-0.73,113.5881,2.26
2021-03-11,-0.74,112.9214,2.28
2021-03-12,-0.62,113.0269,2.26
2021-03-15,-0.65,113.1928,2.27
2021-03-16,-0.68,112.9839,2.3
2021-03-17,-0.67,113.1589,2.3
2021-03-18,-0.56,112.7744,2.27
2021-03-19,-0.57,112.9756,2.31
2021-03-22,-0.64,113.0023,2.33
2021-03-23,-0.66,113.2916,2.29
2021-03-24,-0.69,113.6565,2.31
2021-03-25,-0.69,114.0016,2.32
2021-03-26,-0.67,113.7406,2.34
2021-03-29,-0.63,113.9314,2.36
2021-03-30,-0.62,114.203,2.35
2021-03-31,-0.63,113.8234,2.37
2021-04-01,-0.66,113.7389,2.35
2021-04-02,-0.64,113.7315,2.36
2021-04-05,-0.62,113.394,2.35
2021-04-06,-0.65,113.1464,2.32
2021-04-07,-0.66,113.2436,2.34
2021-04-08,-0.69,113.0917,2.33
2021-04-09,-0.64,113.2028,2.31
2021-04-12,-0.64,113.1815,2.33
2021-04-13,-0.69,113.0391,2.33
2021-04-14,-0.69,112.7849,2.33
2021-04-15,-0.77,112.6181,2.33
2021-04-16,-0.77,112.4814,2.36
2021-04-19,-0.73,112.1835,2.34
2021-04-20,-0.74,112.2354,2.32
2021-04-21,-0.76,112.1771,2.33
2021-04-22,-0.76,112.2297,2.33
2021-04-23,-0.76,112.0889,2.34
2021-04-26,-0.78,111.8109,2.36
2021-04-27,-0.76,111.9097,2.39
2021-04-28,-0.78,111.7909,2.41
2021-04-29,-0.77,111.7464,2.42
2021-04-30,-0.76,112.0839,2.41
2021-05-03,-0.79,112.005,2.42
2021-05-04,-0.81,112.2896,2.42
2021-05-05,-0.88,112.1514,2.47
2021-05-06,-0.87,111.8401,2.45
2021-05-07,-0.89,111.0249,2.49
2021-05-10,-0.91,110.7905,2.54
2021-05-11,-0.89,110.8921,2.53
2021-05-12,-0.85,111.5636,2.54
2021-05-13,-0.85,111.5955,2.51
2021-05-14,-0.88,111.1353,2.51
2021-05-17,-0.9,111.079,2.54
2021-05-18,-0.88,110.8317,2.52
2021-05-19,-0.8,110.8807,2.48
2021-05-20,-0.78,110.8605,2.41
2021-05-21,-0.8,111.0576,2.43
2021-05-24,-0.83,110.9118,2.44
2021-05-25,-0.86,110.842,2.42
2021-05-26,-0.82,110.8677,2.4
2021-05-27,-0.81,110.8688,2.42
2021-05-28,-0.84,110.7576,2.42
2021-05-31,,,
2021-06-01,-0.84,110.5046,2.46
2021-06-02,-0.85,110.5799,2.44
2021-06-03,-0.79,111.1782,2.42
2021-06-04,-0.84,110.7521,2.4
2021-06-07,-0.82,110.5155,2.39
2021-06-08,-0.83,110.649,2.36
2021-06-09,-0.82,110.5707,2.32
2021-06-10,-0.9,110.5456,2.35
2021-06-11,-0.85,111.0933,2.32
2021-06-14,-0.85,110.9659,2.36
2021-06-15,-0.87,111.3507,2.38
2021-06-16,-0.75,111.1165,2.32
2021-06-17,-0.75,112.5772,2.27
2021-06-18,-0.79,113.0408,2.24
2021-06-21,-0.75,112.8391,2.25
2021-06-22,-0.83,112.9174,2.31
2021-06-23,-0.84,112.3819,2.34
2021-06-24,-0.81,112.326,2.3
2021-06-25,-0.8,111.9655,2.34
2021-06-28,-0.84,112.0248,2.33
2021-06-29,-0.83,112.2613,2.32
2021-06-30,-0.87,112.5533,2.32
2021-07-01,-0.87,112.74,2.35
2021-07-02,-0.89,112.5425,2.33
2021-07-05,,,
2021-07-06,-0.94,112.9516,2.31
2021-07-07,-0.95,113.1048,2.28
2021-07-08,-0.92,113.0776,2.22
2021-07-09,-0.91,112.8375,2.28
2021-07-12,-0.95,112.7611,2.33
2021-07-13,-0.94,113.0063,2.36
2021-07-14,-0.97,112.8801,2.34
2021-07-15,-1.01,113.0041,2.32
2021-07-16,-1.02,113.0428,2.33
2021-07-19,-1.05,113.5472,2.24
2021-07-20,-1.03,113.7502,2.26
2021-07-21,-0.98,113.3926,2.28
2021-07-22,-1.01,113.4695,2.28
2021-07-23,-1.05,113.4398,2.35
2021-07-26,-1.11,113.2238,2.4
2021-07-27,-1.13,113.2227,2.38
2021-07-28,-1.15,113.1807,2.41
2021-07-29,-1.15,112.4834,2.43
2021-07-30,-1.16,112.6714,2.4
2021-08-02,-1.17,112.6691,2.37
2021-08-03,-1.19,112.8228,2.38
2021-08-04,-1.16,112.8953,2.35
2021-08-05,-1.1,112.7674,2.33
2021-08-06,-1.06,113.3088,2.37
2021-08-09,-1.04,113.4521,2.37
2021-08-10,-1.04,113.4973,2.4
2021-08-11,-1.07,113.282,2.42
2021-08-12,-1.05,113.2691,2.41
2021-08-13,-1.08,113.0615,2.37
2021-08-16,-1.1,113.1698,2.36
2021-08-17,-1.07,113.6174,2.33
2021-08-18,-1.05,113.6959,2.32
2021-08-19,-1.04,114.1106,2.28
2021-08-20,-1.01,114.5009,2.27
2021-08-23,-1.02,113.9418,2.27
2021-08-24,-1.01,113.6795,2.3
2021-08-25,-1.0,113.6322,2.35
2021-08-26,-0.99,113.7883,2.33
2021-08-27,-1.08,113.3404,2.39
2021-08-30,-1.08,113.246,2.37
2021-08-31,-1.03,113.1076,2.33
2021-09-01,-1.03,112.8732,2.34
2021-09-02,-1.03,112.7863,2.32
2021-09-03,-1.01,112.5476,2.34
2021-09-06,,,
2021-09-07,-0.98,112.9795,2.36
2021-09-08,-1.03,113.2319,2.38
2021-09-09,-1.08,113.043,2.38
2021-09-10,-1.05,112.9425,2.4
2021-09-13,-1.04,113.0341,2.37
2021-09-14,-1.05,113.0061,2.33
2021-09-15,-1.04,112.9773,2.35
2021-09-16,-1.01,113.3036,2.35
2021-09-17,-0.96,113.5989,2.33
2021-09-20,-0.98,113.9422,2.29
2021-09-21,-0.96,113.8179,2.29
2021-09-22,-0.96,113.6223,2.28
2021-09-23,-0.9,113.513,2.31
2021-09-24,-0.87,113.7597,2.34
2021-09-27,-0.87,113.7432,2.35
2021-09-28,-0.84,114.2469,2.38
2021-09-29,-0.82,114.7092,2.37
2021-09-30,-0.85,114.6403,2.37
2021-10-01,-0.9,114.3798,2.38
2021-10-04,-0.89,114.2739,2.38
2021-10-05,-0.91,114.3654,2.45
2021-10-06,-0.9,114.7185,2.43
2021-10-07,-0.88,114.5044,2.46
2021-10-08,-0.89,114.5986,2.5
2021-10-11,,,
2021-10-12,-0.9,114.7542,2.49
2021-10-13,-0.96,114.4705,2.52
2021-10-14,-1.0,114.2053,2.52
2021-10-15,-0.97,114.0905,2.56
2021-10-18,-0.95,113.9899,2.54
2021-10-19,-0.89,113.647,2.54
2021-10-20,-0.92,113.5083,2.57
2021-10-21,-0.96,113.6188,2.64
2021-10-22,-0.98,113.67,2.64
2021-10-25,-1.02,113.605,2.66
2021-10-26,-1.06,113.674,2.69
2021-10-27,-1.11,113.6218,2.65
2021-10-28,-1.0,113.4389,2.57
2021-10-29,-0.96,114.1349,2.51
2021-11-01,-0.92,114.2067,2.5
2021-11-02,-0.95,114.2847,2.51
2021-11-03,-0.93,114.3593,2.53
2021-11-04,-1.03,114.3558,2.56
2021-11-05,-1.09,114.0732,2.54
2021-11-08,-1.11,113.8256,2.62
2021-11-09,-1.17,113.762,2.63
2021-11-10,-1.14,114.1484,2.7
2021-11-11,,,
2021-11-12,-1.15,114.5144,2.73
2021-11-15,-1.13,114.5876,2.76
2021-11-16,-1.1,115.136,2.73
2021-11-17,-1.1,115.0263,2.7
2021-11-18,-1.14,115.0678,2.73
2021-11-19,-1.11,115.2187,2.65
2021-11-22,-0.98,115.6481,2.61
2021-11-23,-0.95,116.0118,2.62
2021-11-24,-0.97,116.2711,2.61
2021-11-25,,,
2021-11-26,-1.07,116.5103,2.55
2021-11-29,-1.02,116.581,2.54
2021-11-30,-1.07,116.2071,2.5
2021-12-01,-1.01,115.889,2.44
2021-12-02,-1.03,116.018,2.47
2021-12-03,-1.08,116.2377,2.43
2021-12-06,-1.01,116.1538,2.44
2021-12-07,-0.99,115.8555,2.47
2021-12-08,-1.0,115.4418,2.52
2021-12-09,-0.98,115.7784,2.47
2021-12-10,-0.96,115.5732,2.44
2021-12-13,-0.98,115.842,2.4
2021-12-14,-0.93,116.2397,2.37
2021-12-15,-0.92,116.4219,2.39
2021-12-16,-0.98,115.7146,2.42
2021-12-17,-0.97,115.791,2.38
2021-12-20,-0.96,116.0092,2.39
2021-12-21,-0.96,116.1089,2.44
2021-12-22,-1.01,115.7485,2.47
2021-12-23,-0.97,115.5337,2.47
2021-12-24,,,
2021-12-27,-1.02,115.4684,2.5
2021-12-28,-1.01,115.4192,2.5
2021-12-29,-0.98,115.3678,2.53
2021-12-30,-1.06,115.283,2.58
2021-12-31,-1.04,,2.56
2022-01-03,-0.97,115.4101,2.6
2022-01-04,-0.91,115.3103,2.57
2022-01-05,-0.82,115.137,2.53
2022-01-06,-0.73,115.4046,2.46
2022-01-07,-0.72,115.0451,2.48
2022-01-10,-0.7,115.2216,2.48
2022-01-11,-0.79,114.8332,2.54
2022-01-12,-0.74,114.355,2.48
2022-01-13,-0.73,114.177,2.43
2022-01-14,-0.66,114.3825,2.44
2022-01-17,,,
2022-01-18,-0.59,114.7373,2.46
2022-01-19,-0.57,114.6109,2.4
2022-01-20,-0.5,114.4642,2.33
2022-01-21,-0.59,114.6125,2.34
2022-01-24,-0.63,115.2034,2.38
2022-01-25,-0.63,115.1654,2.41
2022-01-26,-0.53,115.0922,2.38
2022-01-27,-0.59,115.978,2.4
2022-01-28,-0.66,116.0393,2.44
2022-01-31,-0.65,115.566,2.44
2022-02-01,-0.62,115.3685,2.43
2022-02-02,-0.63,115.1538,2.41
2022-02-03,-0.56,114.9065,2.38
2022-02-04,-0.48,115.1362,2.41
2022-02-07,-0.48,115.0098,2.4
2022-02-08,-0.46,115.0892,2.42
2022-02-09,-0.48,114.8232,2.42
2022-02-10,-0.42,114.5527,2.45
2022-02-11,-0.51,114.8413,2.43
2022-02-14,-0.5,115.1946,2.48
2022-02-15,-0.43,114.93,2.48
2022-02-16,-0.43,114.6886,2.46
2022-02-17,-0.46,114.6755,2.43
2022-02-18,-0.49,114.7982,2.41
2022-02-21,,,
2022-02-22,-0.51,114.7002,2.45
2022-02-23,-0.54,114.6668,2.53
2022-02-24,-0.59,115.9419,2.55
2022-02-25,-0.57,115.2577,2.54
2022-02-28,-0.79,115.2224,2.62
2022-03-01,-0.9,115.7962,2.62
2022-03-02,-0.85,115.7623,2.71
2022-03-03,-0.83,115.9495,2.69
2022-03-04,-0.93,116.6503,2.67
2022-03-07,-0.99,117.3278,2.77
2022-03-08,-1.04,117.6176,2.9
2022-03-09,-0.9,116.5961,2.84
2022-03-10,-0.88,116.7401,2.86
2022-03-11,-0.94,117.0192,2.94
2022-03-14,-0.79,117.1506,2.93
2022-03-15,-0.69,117.246,2.84
2022-03-16,-0.61,116.8073,2.8
2022-03-17,-0.71,116.0467,2.91
2022-03-18,-0.72,116.1378,2.86
2022-03-21,-0.58,115.9398,2.9
2022-03-22,-0.53,116.0824,2.91
2022-03-23,-0.62,116.005,2.94
2022-03-24,-0.58,115.9599,2.92
2022-03-25,-0.47,115.7921,2.95
2022-03-28,-0.49,116.1911,2.95
2022-03-29,-0.45,115.5679,2.86
2022-03-30,-0.51,115.0818,2.86
2022-03-31,-0.52,115.2218,2.84
2022-04-01,-0.41,115.4814,2.8
2022-04-04,-0.38,115.4112,2.8
2022-04-05,-0.3,115.73,2.84
2022-04-06,-0.22,115.9995,2.83
2022-04-07,-0.16,116.3512,2.82
2022-04-08,-0.15,116.4176,2.87
2022-04-11,-0.12,116.5401,2.91
2022-04-12,-0.14,116.3866,2.86
2022-04-13,-0.1,116.2796,2.8
2022-04-14,-0.06,116.7558,2.89
2022-04-15,,116.7017,
2022-04-18,-0.07,116.8441,2.92
2022-04-19,0.0,117.1324,2.93
2022-04-20,-0.07,116.7306,2.92
2022-04-21,-0.12,117.1432,3.02
2022-04-22,-0.08,118.0186,2.98
2022-04-25,-0.1,118.6271,2.91
2022-04-26,-0.08,118.9624,2.85
2022-04-27,-0.06,119.4708,2.88
2022-04-28,-0.12,120.0675,2.97
2022-04-29,0.01,119.4933,2.88
2022-05-02,0.18,119.8825,2.81
2022-05-03,0.14,119.7043,2.83
2022-05-04,0.07,119.5592,2.86
2022-05-05,0.18,120.0068,2.87
2022-05-06,0.26,119.8577,2.86
2022-05-09,0.3,120.4972,2.75
2022-05-10,0.34,120.7742,2.65
2022-05-11,0.21,120.3925,2.7
2022-05-12,0.25,121.2796,2.59
2022-05-13,0.24,120.8442,2.69
2022-05-16,0.2,120.6881,2.68
2022-05-17,0.27,119.8871,2.71
2022-05-18,0.17,120.0274,2.72
2022-05-19,0.25,119.4278,2.59
2022-05-20,0.23,119.3677,2.55
2022-05-23,0.26,118.7169,2.6
2022-05-24,0.21,118.6245,2.55
2022-05-25,0.19,118.9598,2.56
2022-05-26,0.13,118.7687,2.62
2022-05-27,0.11,118.2834,2.63
2022-05-30,,,
2022-05-31,0.21,118.0704,2.64
2022-06-01,0.29,118.6954,2.65
2022-06-02,0.26,118.0658,2.66
2022-06-03,0.22,118.2153,2.74
2022-06-06,0.28,118.3081,2.76
2022-06-07,0.25,118.4414,2.73
2022-06-08,0.28,118.3951,2.75
2022-06-09,0.29,118.9226,2.75
2022-06-10,0.39,119.9981,2.76
2022-06-13,0.69,121.1523,2.74
2022-06-14,0.89,121.6669,2.6
2022-06-15,0.63,121.6403,2.7
2022-06-16,0.66,120.6714,2.62
2022-06-17,0.67,121.2369,2.58
2022-06-20,,,
2022-06-21,0.7,120.6427,2.61
2022-06-22,0.62,120.5197,2.54
2022-06-23,0.59,120.7622,2.5
2022-06-24,0.57,120.4853,2.56
2022-06-27,0.65,120.1736,2.55
2022-06-28,0.72,120.62,2.48
2022-06-29,0.74,120.9616,2.36
2022-06-30,0.65,120.9652,2.33
2022-07-01,0.54,121.5058,2.34
2022-07-04,,,
2022-07-05,0.52,122.6203,2.3
2022-07-06,0.64,123.0073,2.29
2022-07-07,0.68,122.7257,2.33
2022-07-08,0.72,122.4662,2.37
2022-07-11,0.67,123.2974,2.32
2022-07-12,0.64,123.4524,2.32
2022-07-13,0.6,123.2834,2.31
2022-07-14,0.62,124.0622,2.34
2022-07-15,0.57,123.4765,2.36
2022-07-18,0.59,122.7727,2.37
2022-07-19,0.62,122.4819,2.39
2022-07-20,0.66,122.5997,2.38
2022-07-21,0.58,122.9032,2.33
2022-07-22,0.43,122.451,2.34
2022-07-25,0.45,122.4594,2.36
2022-07-26,0.45,122.7581,2.36
2022-07-27,0.36,122.8169,2.42
2022-07-28,0.2,122.1161,2.48
2022-07-29,0.14,121.7678,2.53
2022-08-01,0.09,121.4109,2.51
2022-08-02,0.27,121.9486,2.48
2022-08-03,0.23,122.3888,2.5
2022-08-04,0.22,121.8333,2.46
2022-08-05,0.37,122.321,2.46
2022-08-08,0.29,121.8783,2.48
2022-08-09,0.33,121.8614,2.47
2022-08-10,0.35,120.7543,2.43
2022-08-11,0.4,120.7163,2.47
2022-08-12,0.37,121.018,2.47
2022-08-15,0.35,121.4315,2.44
2022-08-16,0.38,121.6807,2.44
2022-08-17,0.43,122.0711,2.46
2022-08-18,0.36,122.3627,2.52
2022-08-19,0.43,123.0501,2.55
2022-08-22,0.46,123.605,2.57
2022-08-23,0.47,123.0547,2.58
2022-08-24,0.49,123.109,2.62
2022-08-25,0.43,123.0586,2.6
2022-08-26,0.47,123.0656,2.57
2022-08-29,0.54,123.4686,2.58
2022-08-30,0.56,123.6848,2.55
2022-08-31,0.67,123.535,2.48
2022-09-01,0.81,124.4006,2.45
2022-09-02,0.73,123.7743,2.47
2022-09-05,,,
2022-09-06,0.85,124.767,2.48
2022-09-07,0.82,124.8408,2.45
2022-09-08,0.88,124.578,2.41
2022-09-09,0.91,123.7874,2.42
2022-09-12,0.95,123.3332,2.42
2022-09-13,0.98,124.4242,2.44
2022-09-14,0.95,124.4509,2.46
2022-09-15,1.02,124.8843,2.43
2022-09-16,1.07,124.8794,2.38
2022-09-19,1.15,125.0104,2.34
2022-09-20,1.17,125.1248,2.4
2022-09-21,1.13,125.7399,2.38
2022-09-22,1.29,126.1667,2.41
2022-09-23,1.32,127.2853,2.37
2022-09-26,1.56,128.4539,2.32
2022-09-27,1.64,128.4386,2.33
2022-09-28,1.39,128.0884,2.33
2022-09-29,1.57,127.5437,2.19
2022-09-30,1.68,127.5148,2.15
2022-10-03,1.43,127.0813,2.24
2022-10-04,1.38,126.1819,2.24
2022-10-05,1.54,126.8616,2.22
2022-10-06,1.61,127.2493,2.22
2022-10-07,1.62,127.3111,2.27
2022-10-10,,,
2022-10-11,1.62,127.6641,2.31
2022-10-12,1.62,128.1481,2.29
2022-10-13,1.63,127.7286,2.34
2022-10-14,1.59,128.3325,2.41
2022-10-17,1.57,127.6448,2.45
2022-10-18,1.6,127.9153,2.41
2022-10-19,1.72,128.3968,2.42
2022-10-20,1.73,128.0052,2.51
2022-10-21,1.69,127.6735,2.52
2022-10-24,1.66,128.0304,2.59
2022-10-25,1.59,127.3771,2.51
2022-10-26,1.6,126.4723,2.44
2022-10-27,1.51,126.7028,2.45
2022-10-28,1.51,127.2135,2.51
2022-10-31,1.58,127.6219,2.52
2022-11-01,1.56,127.3987,2.51
2022-11-02,1.57,127.3115,2.53
2022-11-03,1.74,128.1743,2.4
2022-11-04,1.69,127.1468,2.48
2022-11-07,1.69,126.3062,2.53
2022-11-08,1.64,125.633,2.5
2022-11-09,1.7,125.9861,2.42
2022-11-10,1.43,124.7044,2.39
2022-11-11,,,
2022-11-14,1.51,123.4277,2.37
2022-11-15,1.45,123.039,2.35
2022-11-16,1.38,123.2817,2.29
2022-11-17,1.49,123.977,2.28
2022-11-18,1.57,123.8524,2.25
2022-11-21,1.52,124.7009,2.31
2022-11-22,1.44,124.2365,2.32
2022-11-23,1.39,123.7574,2.32
2022-11-24,,,
2022-11-25,1.36,123.3386,2.32
2022-11-28,1.43,123.6032,2.26
2022-11-29,1.5,123.6615,2.25
2022-11-30,1.34,123.5175,2.34
2022-12-01,1.17,122.0045,2.36
2022-12-02,1.08,122.0102,2.43
2022-12-05,1.21,122.6384,2.39
2022-12-06,1.2,123.0191,2.31
2022-12-07,1.16,122.7608,2.26
2022-12-08,1.2,122.4152,2.28
2022-12-09,1.31,122.4201,2.26
2022-12-12,1.33,122.7714,2.28
2022-12-13,1.27,121.8493,2.24
2022-12-14,1.3,121.8226,2.19
2022-12-15,1.28,122.5519,2.16
2022-12-16,1.35,122.6505,2.13
2022-12-19,1.42,122.5275,2.15
2022-12-20,1.45,122.1357,2.24
2022-12-21,1.41,122.2828,2.27
2022-12-22,1.48,122.2419,2.19
2022-12-23,1.55,121.9743,2.2
2022-12-26,,,
2022-12-27,1.58,121.7539,2.26
2022-12-28,1.6,122.0075,2.28
2022-12-29,1.56,121.6577,2.27
2022-12-30,1.58,121.4256,2.3
2023-01-02,,,
2023-01-03,1.53,122.0905,2.26
2023-01-04,1.47,121.5008,2.22
2023-01-05,1.49,122.1017,2.22
2023-01-06,1.34,121.0852,2.21
2023-01-09,1.31,120.1508,2.22
2023-01-10,1.37,120.2483,2.24
2023-01-11,1.31,120.1614,2.23
2023-01-12,1.22,119.4218,2.21
2023-01-13,1.31,119.1673,2.18
2023-01-16,,,
2023-01-17,1.36,119.2121,2.17
2023-01-18,1.25,119.0755,2.12
2023-01-19,1.19,119.6107,2.2
2023-01-20,1.25,119.3486,2.23
2023-01-23,1.24,119.1434,2.28
2023-01-24,1.19,119.0958,2.27
2023-01-25,1.17,118.9686,2.29
2023-01-26,1.16,119.021,2.33
2023-01-27,1.19,118.9223,2.33
2023-01-30,1.26,118.8953,2.29
2023-01-31,1.28,118.9802,2.24
2023-02-01,1.14,118.6259,2.25
2023-02-02,1.18,118.3421,2.22
2023-02-03,1.31,119.5095,2.22
2023-02-06,1.38,120.541,2.25
2023-02-07,1.36,120.3475,2.31
2023-02-08,1.29,120.1436,2.34
2023-02-09,1.34,119.9781,2.33
2023-02-10,1.41,120.1419,2.33
2023-02-13,1.41,119.9828,2.31
2023-02-14,1.46,119.9229,2.31
2023-02-15,1.46,120.4557,2.35
2023-02-16,1.49,120.4651,2.37
2023-02-17,1.46,120.5526,2.36
2023-02-20,,,
2023-02-21,1.53,120.6256,2.42
2023-02-22,1.52,120.8389,2.41
2023-02-23,1.49,121.0896,2.39
2023-02-24,1.57,121.5681,2.38
2023-02-27,1.56,121.3941,2.36
2023-02-28,1.49,121.3341,2.43
2023-03-01,1.57,120.6347,2.44
2023-03-02,1.6,121.1302,2.48
2023-03-03,1.45,120.7742,2.52
2023-03-06,1.49,120.485,2.49
2023-03-07,1.59,121.4623,2.38
2023-03-08,1.66,121.4511,2.32
2023-03-09,1.63,121.4458,2.3
2023-03-10,1.44,121.2421,2.26
2023-03-13,1.31,120.8897,2.24
2023-03-14,1.33,121.0141,2.31
2023-03-15,1.22,122.1079,2.29
2023-03-16,1.34,121.7221,2.22
2023-03-17,1.29,121.5643,2.1
2023-03-20,1.33,121.0141,2.14
2023-03-21,1.36,120.8958,2.23
2023-03-22,1.2,120.6217,2.28
2023-03-23,1.19,119.7587,2.19
2023-03-24,1.16,120.4598,2.22
2023-03-27,1.29,120.2541,2.24
2023-03-28,1.24,119.7138,2.31
2023-03-29,1.24,119.7258,2.33
2023-03-30,1.21,119.4078,2.34
2023-03-31,1.16,119.3602,2.32
2023-04-03,1.14,119.3204,2.29
2023-04-04,1.1,119.142,2.25
2023-04-05,1.07,119.2953,2.23
2023-04-06,1.06,119.3072,2.24
2023-04-07,1.14,119.3547,2.25
2023-04-10,1.14,119.7948,2.27
2023-04-11,1.14,119.5248,2.29
2023-04-12,1.14,119.003,2.27
2023-04-13,1.16,118.3915,2.29
2023-04-14,1.22,118.8567,2.3
2023-04-17,1.28,119.2787,2.32
2023-04-18,1.3,119.1049,2.28
2023-04-19,1.32,119.303,2.28
2023-04-20,1.28,119.1199,2.26
2023-04-21,1.29,119.3117,2.28
2023-04-24,1.24,119.2039,2.28
2023-04-25,1.15,119.613,2.25
2023-04-26,1.18,119.3228,2.25
2023-04-27,1.26,119.4298,2.27
2023-04-28,1.26,119.2248,2.18
2023-05-01,1.36,119.4435,2.23
2023-05-02,1.24,119.6105,2.2
2023-05-03,1.18,119.1233,2.2
2023-05-04,1.18,119.0465,2.19
2023-05-05,1.23,118.5548,2.21
2023-05-08,1.29,118.5759,2.23
2023-05-09,1.3,118.8239,2.23
2023-05-10,1.26,118.5864,2.17
2023-05-11,1.23,119.0303,2.16
2023-05-12,1.28,119.3671,2.18
2023-05-15,1.31,119.1608,2.19
2023-05-16,1.35,119.1743,2.19
2023-05-17,1.35,119.607,2.22
2023-05-18,1.42,120.0886,2.23
2023-05-19,1.46,119.7751,2.24
2023-05-22,1.48,120.0875,2.24
2023-05-23,1.44,120.3204,2.26
2023-05-24,1.48,120.4752,2.25
2023-05-25,1.58,120.8413,2.25
2023-05-26,1.57,120.6304,2.23
2023-05-29,,,
2023-05-30,1.47,120.5546,2.22
2023-05-31,1.46,120.9662,2.18
2023-06-01,1.45,120.0491,2.16
2023-06-02,1.51,120.0049,2.18
2023-06-05,1.5,120.0048,2.19
2023-06-06,1.5,119.9718,2.2
2023-06-07,1.58,119.859,2.21
2023-06-08,1.53,119.5712,2.2
2023-06-09,1.55,119.4322,2.2
2023-06-12,1.56,119.6376,2.17
2023-06-13,1.64,119.1899,2.2
2023-06-14,1.62,118.776,2.21
2023-06-15,1.51,118.5521,2.21
2023-06-16,1.55,118.4184,2.22
2023-06-19,,,
2023-06-20,1.52,118.938,2.22
2023-06-21,1.51,118.727,2.21
2023-06-22,1.56,118.7552,2.24
2023-06-23,1.53,119.152,2.21
2023-06-26,1.54,119.0761,2.18
2023-06-27,1.57,118.8949,2.2
2023-06-28,1.53,119.3382,2.18
2023-06-29,1.65,119.527,2.2
2023-06-30,1.59,119.3606,2.22
2023-07-03,1.61,119.2119,2.25
2023-07-04,,,
2023-07-05,1.69,119.3483,2.26
2023-07-06,1.78,119.8193,2.27
2023-07-07,1.79,119.0761,2.27
2023-07-10,1.76,118.9548,2.25
2023-07-11,1.75,118.7344,2.24
2023-07-12,1.6,117.6385,2.26
2023-07-13,1.52,117.1831,2.24
2023-07-14,1.59,117.0463,2.24
2023-07-17,1.56,117.1267,2.25
2023-07-18,1.57,117.0264,2.23
2023-07-19,1.53,117.3462,2.22
2023-07-20,1.5,117.5947,2.35
2023-07-21,1.49,117.9418,2.35
2023-07-24,1.48,117.8124,2.38
2023-07-25,1.52,117.8565,2.39
2023-07-26,1.5,117.76,2.36
2023-07-27,1.64,117.8938,2.37
2023-07-28,1.58,117.788,2.38
2023-07-31,1.6,117.8241,2.37
2023-08-01,1.68,118.5738,2.37
2023-08-02,1.72,119.1268,2.36
2023-08-03,1.83,119.3963,2.37
2023-08-04,1.67,118.821,2.38
2023-08-07,1.68,119.0809,2.41
2023-08-08,1.66,119.6407,2.36
2023-08-09,1.66,119.476,2.34
2023-08-10,1.76,119.1581,2.33
2023-08-11,1.8,119.6268,2.36
2023-08-14,1.83,120.0725,2.36
2023-08-15,1.89,120.2127,2.32
2023-08-16,1.96,120.3551,2.32
2023-08-17,1.97,120.5242,2.33
2023-08-18,1.94,120.4321,2.32
2023-08-21,2.0,120.4627,2.34
2023-08-22,1.99,120.3554,2.35
2023-08-23,1.84,120.0307,2.35
2023-08-24,1.91,120.2354,2.32
2023-08-25,1.92,120.5137,2.33
2023-08-28,1.9,120.3155,2.3
2023-08-29,1.83,120.2669,2.29
2023-08-30,1.86,119.7937,2.26
2023-08-31,1.85,120.225,2.24
2023-09-01,1.92,120.759,2.26
2023-09-04,,,
2023-09-05,1.98,121.4345,2.29
2023-09-06,2.0,121.8671,2.3
2023-09-07,1.95,121.9528,2.32
2023-09-08,1.93,121.9475,2.33
2023-09-11,1.94,121.3386,2.35
2023-09-12,1.93,121.2913,2.34
2023-09-13,1.9,121.0549,2.35
2023-09-14,1.95,121.2395,2.34
2023-09-15,1.98,121.199,2.35
2023-09-18,1.96,121.1938,2.36
2023-09-19,2.0,121.1645,2.37
2023-09-20,2.0,120.9648,2.35
2023-09-21,2.11,121.5528,2.38
2023-09-22,2.07,121.5306,2.37
2023-09-25,2.18,122.1143,2.37
2023-09-26,2.23,122.4742,2.33
2023-09-27,2.27,122.9895,2.34
2023-09-28,2.2,122.5342,2.39
2023-09-29,2.24,122.3077,2.35
2023-10-02,2.34,123.0545,2.35
2023-10-03,2.45,123.7848,2.36
2023-10-04,2.4,123.5946,2.33
2023-10-05,2.41,123.8993,2.31
2023-10-06,2.47,123.3563,2.31
2023-10-09,,,
2023-10-10,2.34,122.9282,2.32
2023-10-11,2.26,122.7697,2.32
2023-10-12,2.36,123.2101,2.34
2023-10-13,2.29,123.5954,2.34
2023-10-16,2.33,123.3185,2.38
2023-10-17,2.42,123.1202,2.41
2023-10-18,2.47,123.8148,2.44
2023-10-19,2.49,123.798,2.49
2023-10-20,2.46,123.612,2.47
2023-10-23,2.45,123.2846,2.41
2023-10-24,2.43,123.6416,2.4
2023-10-25,2.52,123.7871,2.43
2023-10-26,2.44,124.0064,2.42
2023-10-27,2.42,123.62,2.42
2023-10-30,2.44,123.4076,2.44
2023-10-31,2.46,123.8364,2.42
2023-11-01,2.36,123.7922,2.41
2023-11-02,2.27,122.8818,2.4
2023-11-03,2.18,121.7564,2.39
2023-11-06,2.25,121.6484,2.42
2023-11-07,2.19,122.0777,2.39
2023-11-08,2.15,122.0926,2.34
2023-11-09,2.29,122.1281,2.33
2023-11-10,2.29,,2.32
2023-11-13,2.32,122.4264,2.31
2023-11-14,2.16,121.35,2.28
2023-11-15,2.22,121.0749,2.31
2023-11-16,2.18,121.1754,2.27
2023-11-17,2.16,120.8477,2.28
2023-11-20,2.12,120.2533,2.3
2023-11-21,2.16,120.2241,2.25
2023-11-22,2.16,120.6802,2.26
2023-11-23,,,
2023-11-24,2.21,120.2105,2.26
2023-11-27,2.18,120.173,2.21
2023-11-28,2.12,119.5904,2.22
2023-11-29,2.06,119.8159,2.21
2023-11-30,2.14,120.2434,2.23
2023-12-01,2.0,119.9424,2.22
2023-12-04,2.07,120.4727,2.21
2023-12-05,2.01,120.7913,2.17
2023-12-06,1.98,120.5334,2.14
2023-12-07,1.97,120.6013,2.17
2023-12-08,2.02,120.7607,2.21
2023-12-11,2.04,120.9279,2.19
2023-12-12,2.04,120.6817,2.16
2023-12-13,1.88,121.1571,2.16
2023-12-14,1.7,119.5683,2.22
2023-12-15,1.69,119.7382,2.22
2023-12-18,1.74,119.9102,2.21
2023-12-19,1.74,119.4632,2.19
2023-12-20,1.67,119.5435,2.19
2023-12-21,1.7,119.3168,2.19
2023-12-22,1.71,119.0625,2.19
2023-12-25,,,
2023-12-26,1.71,118.8875,2.18
2023-12-27,1.64,118.4729,2.15
2023-12-28,1.68,118.4104,2.16
2023-12-29,1.72,118.4208,2.16
2024-01-01,,,
2024-01-02,1.74,119.2686,2.21
2024-01-03,1.71,119.6958,2.2
2024-01-04,1.77,119.6208,2.22
2024-01-05,1.83,119.388,2.22
2024-01-08,1.79,119.2506,2.22
2024-01-09,1.8,119.6666,2.22
2024-01-10,1.82,119.7614,2.22
2024-01-11,1.76,119.8916,2.22
2024-01-12,1.69,119.534,2.27
2024-01-15,,,
2024-01-16,1.77,120.5759,2.3
2024-01-17,1.8,121.0402,2.3
2024-01-18,1.8,120.8895,2.34
2024-01-19,1.81,120.6442,2.34
2024-01-22,1.8,120.6178,2.31
2024-01-23,1.85,121.1001,2.29
2024-01-24,1.88,120.4916,2.3
2024-01-25,1.85,120.8311,2.29
2024-01-26,1.85,120.6173,2.3
2024-01-29,1.78,120.8538,2.3
2024-01-30,1.8,120.6025,2.26
2024-01-31,1.73,120.4331,2.26
2024-02-01,1.68,120.3335,2.19
2024-02-02,1.82,120.902,2.21
2024-02-05,1.9,121.349,2.27
2024-02-06,1.85,120.9588,2.24
2024-02-07,1.86,120.9049,2.23
2024-02-08,1.91,121.0798,2.24
2024-02-09,1.92,121.039,2.25
2024-02-12,1.93,120.9378,2.24
2024-02-13,2.02,121.5202,2.29
2024-02-14,1.97,121.4002,2.3
2024-02-15,1.94,121.2121,2.3
2024-02-16,1.97,121.1505,2.33
2024-02-19,,,
2024-02-20,1.95,121.0199,2.32
2024-02-21,1.98,121.0379,2.34
2024-02-22,2.02,121.102,2.31
2024-02-23,1.96,121.0369,2.3
2024-02-26,1.97,121.0592,2.31
2024-02-27,1.99,120.9647,2.32
2024-02-28,1.94,121.128,2.33
2024-02-29,1.92,121.1824,2.33
2024-03-01,1.87,121.0111,2.32
2024-03-04,1.88,120.872,2.34
2024-03-05,1.81,120.8846,2.32
2024-03-06,1.81,120.4649,2.3
2024-03-07,1.81,120.1909,2.28
2024-03-08,1.81,119.975,2.28
2024-03-11,1.83,120.0394,2.27
2024-03-12,1.86,120.1668,2.3
2024-03-13,1.89,119.9642,2.3
2024-03-14,1.99,120.241,2.3
2024-03-15,1.99,120.4003,2.32
2024-03-18,2.03,120.5752,2.31
2024-03-19,2.0,120.9332,2.3
2024-03-20,1.96,120.9289,2.31
2024-03-21,1.93,120.8086,2.34
2024-03-22,1.87,121.1842,2.35
2024-03-25,1.92,121.0295,2.33
2024-03-26,1.92,121.0742,2.32
2024-03-27,1.88,121.0089,2.32
2024-03-28,1.88,121.0635,2.32
2024-03-29,,121.0191,
2024-04-01,1.98,121.5151,2.35
2024-04-02,2.0,121.3035,2.36
2024-04-03,2.0,121.0198,2.36
2024-04-04,1.97,120.7613,2.34
2024-04-05,2.02,120.9646,2.37
2024-04-08,2.04,120.7359,2.38
2024-04-09,2.0,120.7048,2.36
2024-04-10,2.15,121.5727,2.4
2024-04-11,2.16,121.6081,2.4
2024-04-12,2.11,122.2885,2.39
2024-04-15,2.2,122.425,2.43
2024-04-16,2.24,123.1234,2.43
2024-04-17,2.2,123.0207,2.39
2024-04-18,2.24,123.0017,2.4
2024-04-19,2.21,123.1075,2.41
2024-04-22,2.21,123.0609,2.41
2024-04-23,2.2,122.7227,2.41
2024-04-24,2.24,122.89,2.41
2024-04-25,2.28,122.8384,2.42
2024-04-26,2.24,122.9471,2.43
2024-04-29,2.22,122.5449,2.41
2024-04-30,2.28,122.9853,2.41
2024-05-01,2.25,123.0168,2.38
2024-05-02,2.21,122.4384,2.37
2024-05-03,2.15,122.1375,2.35
2024-05-06,2.14,121.8913,2.35
2024-05-07,2.15,122.093,2.32
2024-05-08,2.17,122.1926,2.31
2024-05-09,2.13,122.1634,2.32
2024-05-10,2.16,122.014,2.34
2024-05-13,2.15,122.0261,2.33
2024-05-14,2.12,121.9256,2.33
2024-05-15,2.05,121.3543,2.31
2024-05-16,2.07,121.2236,2.31
2024-05-17,2.1,121.2354,2.32
2024-05-20,2.11,121.2289,2.33
2024-05-21,2.09,121.3793,2.32
2024-05-22,2.1,121.5462,2.33
2024-05-23,2.17,121.7477,2.3
2024-05-24,2.14,121.6172,2.32
2024-05-27,,,
2024-05-28,2.2,121.43,2.34
2024-05-29,2.25,122.1641,2.36
2024-05-30,2.19,121.9601,2.36
2024-05-31,2.16,122.098,2.35
2024-06-03,2.08,122.3509,2.33
2024-06-04,2.02,122.7256,2.31
2024-06-05,1.99,122.5339,2.3
2024-06-06,2.0,122.3713,2.28
2024-06-07,2.13,123.549,2.3
2024-06-10,2.16,123.9125,2.31
2024-06-11,2.12,124.0349,2.27
2024-06-12,2.09,123.8295,2.22
2024-06-13,2.03,124.0235,2.21
2024-06-14,2.03,124.1694,2.17
2024-06-17,2.06,124.239,2.22
2024-06-18,2.01,123.9776,2.21
2024-06-19,,,
2024-06-20,2.0,124.192,2.25
2024-06-21,2.02,124.1086,2.23
2024-06-24,2.03,123.7125,2.22
2024-06-25,2.01,123.9417,2.22
2024-06-26,2.06,124.26,2.26
2024-06-27,2.03,124.3379,2.26
2024-06-28,2.08,124.2103,2.28
2024-07-01,2.16,124.4667,2.32
2024-07-02,2.13,124.2917,2.3
2024-07-03,2.09,123.7768,2.27
2024-07-04,,,
2024-07-05,2.0,123.4762,2.28
2024-07-08,2.01,123.3576,2.27
2024-07-09,2.04,123.4071,2.26
2024-07-10,2.01,123.1895,2.27
2024-07-11,1.95,122.769,2.25
2024-07-12,1.94,122.4404,2.24
2024-07-15,1.96,122.6347,2.27
2024-07-16,1.91,122.7264,2.26
2024-07-17,1.9,122.518,2.26
2024-07-18,1.89,122.7909,2.31
2024-07-19,1.93,123.147,2.32
2024-07-22,1.96,123.2172,2.3
2024-07-23,1.96,123.3843,2.29
2024-07-24,2.0,123.5575,2.28
2024-07-25,1.99,123.5286,2.28
2024-07-26,1.93,123.672,2.27
2024-07-29,1.92,124.1392,2.25
2024-07-30,1.9,124.2855,2.25
2024-07-31,1.85,123.6373,2.24
2024-08-01,1.79,123.8693,2.2
2024-08-02,1.76,123.4681,2.04
2024-08-05,1.71,123.5787,2.07
2024-08-06,1.78,123.6532,2.12
2024-08-07,1.85,123.5698,2.11
2024-08-08,1.87,123.4466,2.12
2024-08-09,1.84,122.9276,2.1
2024-08-12,1.79,123.2204,2.11
2024-08-13,1.76,123.0146,2.09
2024-08-14,1.77,122.4297,2.06
2024-08-15,1.8,122.5844,2.12
2024-08-16,1.81,122.3972,2.08
2024-08-19,1.79,121.8788,2.07
2024-08-20,1.75,121.7728,2.07
2024-08-21,1.72,121.8535,2.07
2024-08-22,1.76,122.3626,2.1
2024-08-23,1.68,121.4597,2.13
2024-08-26,1.67,121.6943,2.15
2024-08-27,1.68,121.8672,2.15
2024-08-28,1.69,121.8943,2.15
2024-08-29,1.71,122.2333,2.16
2024-08-30,1.76,122.3262,2.15
2024-09-02,,,
2024-09-03,1.73,122.7811,2.11
2024-09-04,1.7,122.5144,2.07
2024-09-05,1.7,122.4533,2.03
2024-09-06,1.69,122.4991,2.03
2024-09-09,1.66,122.7156,2.04
2024-09-10,1.63,123.0071,2.02
2024-09-11,1.61,122.7754,2.04
2024-09-12,1.63,122.4423,2.05
2024-09-13,1.58,121.6551,2.08
2024-09-16,1.54,121.4976,2.09
2024-09-17,1.53,121.6031,2.12
2024-09-18,1.58,121.5618,2.12
2024-09-19,1.56,121.3059,2.17
2024-09-20,1.58,121.4052,2.15
2024-09-23,1.58,121.4303,2.17
2024-09-24,1.55,121.1291,2.19
2024-09-25,1.61,121.4447,2.18
2024-09-26,1.63,121.0785,2.16
2024-09-27,1.6,121.1111,2.15
2024-09-30,1.63,121.2864,2.18
2024-10-01,1.55,121.6881,2.19
2024-10-02,1.58,121.5724,2.21
2024-10-03,1.64,122.1197,2.21
2024-10-04,1.75,122.2197,2.23
2024-10-07,1.76,122.4241,2.27
2024-10-08,1.77,122.6625,2.27
2024-10-09,1.77,122.8821,2.29
2024-10-10,1.76,123.0951,2.33
2024-10-11,1.75,122.9805,2.33
2024-10-14,,,
2024-10-15,1.75,123.5124,2.28
2024-10-16,1.75,123.9235,2.27
2024-10-17,1.79,124.1122,2.3
2024-10-18,1.77,123.9185,2.31
2024-10-21,1.88,124.4757,2.31
2024-10-22,1.87,124.4107,2.33
2024-10-23,1.93,124.6931,2.31
2024-10-24,1.91,124.5127,2.3
2024-10-25,1.96,124.6105,2.29
2024-10-28,1.99,124.8076,2.29
2024-10-29,1.98,124.8612,2.3
2024-10-30,1.95,124.8153,2.34
2024-10-31,1.95,124.7988,2.33
2024-11-01,2.04,124.8076,2.33
2024-11-04,2.03,124.5903,2.28
2024-11-05,1.99,124.5532,2.27
2024-11-06,2.04,125.7035,2.38
2024-11-07,1.98,124.775,2.33
2024-11-08,1.95,125.5811,2.35
2024-11-11,,,
2024-11-12,2.08,126.7762,2.35
2024-11-13,2.09,126.9572,2.35
2024-11-14,2.1,127.0015,2.33
2024-11-15,2.1,126.8848,2.33
2024-11-18,2.08,126.6045,2.34
2024-11-19,2.05,126.3994,2.34
2024-11-20,2.06,126.88,2.35
2024-11-21,2.09,127.1047,2.34
2024-11-22,2.07,127.4712,2.34
2024-11-25,1.98,126.9948,2.29
2024-11-26,2.02,127.4301,2.28
2024-11-27,1.99,126.8205,2.26
2024-11-28,,,
2024-11-29,1.92,126.5798,2.26
2024-12-02,1.93,127.1272,2.26
2024-12-03,1.95,126.9565,2.28
2024-12-04,1.9,126.7574,2.29
2024-12-05,1.92,126.4286,2.25
2024-12-06,1.91,126.688,2.24
2024-12-09,1.93,126.5981,2.27
2024-12-10,1.93,126.957,2.29
2024-12-11,1.96,126.8483,2.3
2024-12-12,2.0,126.9556,2.32
2024-12-13,2.07,127.3096,2.33
2024-12-16,2.07,127.2687,2.32
2024-12-17,2.09,127.5043,2.31
2024-12-18,2.18,127.6418,2.32
2024-12-19,2.28,128.6366,2.29
2024-12-20,2.23,127.893,2.29
2024-12-23,2.27,128.3021,2.32
2024-12-24,2.24,128.3377,2.35
2024-12-25,,,
2024-12-26,2.23,128.3329,2.35
2024-12-27,2.28,128.45,2.34
2024-12-30,2.24,128.8205,2.31
2024-12-31,2.24,129.2775,2.34
2025-01-01,,,
2025-01-02,2.23,129.4598,2.34
2025-01-03,2.26,129.4535,2.34
2025-01-06,2.28,128.538,2.34
2025-01-07,2.29,128.613,2.38
2025-01-08,2.27,129.0785,2.4
2025-01-09,2.29,129.2827,2.39
2025-01-10,2.34,129.8664,2.43
2025-01-13,2.34,130.0413,2.45
2025-01-14,2.34,129.3812,2.44
2025-01-15,2.24,129.2092,2.42
2025-01-16,2.19,129.436,2.42
2025-01-17,2.2,129.4859,2.41
2025-01-20,,,
2025-01-21,2.19,128.4151,2.38
2025-01-22,2.2,128.3402,2.4
2025-01-23,2.23,128.2162,2.42
2025-01-24,2.2,127.4611,2.43
2025-01-27,2.13,128.0912,2.4
2025-01-28,2.13,128.2817,2.42
2025-01-29,2.15,128.3418,2.4
2025-01-30,2.14,128.1004,2.38
2025-01-31,2.16,128.4828,2.42
2025-02-03,2.09,129.109,2.45
2025-02-04,2.08,128.1083,2.44
2025-02-05,2.01,127.9751,2.42
2025-02-06,2.03,128.2017,2.42
2025-02-07,2.07,128.4292,2.42
2025-02-10,2.07,128.6382,2.44
2025-02-11,2.08,128.4322,2.46
2025-02-12,2.16,128.3288,2.46
2025-02-13,2.08,127.8931,2.44
2025-02-14,2.04,127.1491,2.43
2025-02-17,,,
2025-02-18,2.1,127.2906,2.45
2025-02-19,2.08,127.7317,2.45
2025-02-20,2.05,127.1126,2.45
2025-02-21,2.0,127.1408,2.42
2025-02-24,1.98,127.1921,2.42
2025-02-25,1.92,127.3752,2.38
2025-02-26,1.89,127.2822,2.36
2025-02-27,1.92,127.9704,2.37
2025-02-28,1.86,128.2805,2.38
2025-03-03,1.8,127.75,2.36
2025-03-04,1.87,127.9966,2.35
2025-03-05,1.94,126.504,2.34
2025-03-06,1.95,126.1099,2.34
2025-03-07,1.99,125.9814,2.33
2025-03-10,1.91,126.268,2.31
2025-03-11,1.97,126.0457,2.31
2025-03-12,1.99,125.8664,2.33
2025-03-13,1.98,126.0031,2.29
2025-03-14,2.01,125.6942,2.3
2025-03-17,2.02,125.3688,2.29
2025-03-18,1.99,125.488,2.3
2025-03-19,1.94,125.8006,2.31
2025-03-20,1.93,125.985,2.31
2025-03-21,1.92,126.2679,2.33
2025-03-24,1.98,126.1956,2.36
2025-03-25,1.96,126.0535,2.35
2025-03-26,1.98,126.2364,2.37
2025-03-27,1.99,126.3626,2.39
2025-03-28,1.9,126.4187,2.37
2025-03-31,1.85,126.7075,2.38
2025-04-01,1.84,126.4338,2.33
2025-04-02,1.88,126.3811,2.32
2025-04-03,1.78,124.7316,2.28
2025-04-04,1.83,125.8129,2.18
2025-04-07,1.96,126.8282,2.19
2025-04-08,2.04,126.8668,2.22
2025-04-09,2.07,126.628,2.27
2025-04-10,2.21,125.089,2.19
2025-04-11,2.28,124.0163,2.2
2025-04-14,2.15,123.6598,2.23
2025-04-15,2.16,123.776,2.19
2025-04-16,2.12,123.2724,2.17
2025-04-17,2.11,123.1298,2.23
2025-04-18,,122.9865,
2025-04-21,2.2,122.3145,2.22
2025-04-22,2.14,122.4175,2.27
2025-04-23,2.11,123.0252,2.29
2025-04-24,2.02,122.9251,2.3
2025-04-25,2.02,122.8858,2.27
2025-04-28,1.98,122.7176,2.25
2025-04-29,1.96,122.5944,2.23
2025-04-30,1.94,122.5921,2.23
2025-05-01,2.0,123.1405,2.25
2025-05-02,2.06,122.4962,2.27
2025-05-05,2.08,122.2613,2.28
2025-05-06,2.04,122.0417,2.26
2025-05-07,2.01,122.117,2.25
2025-05-08,2.08,122.7568,2.29
2025-05-09,2.08,122.5191,2.29
2025-05-12,2.16,123.4863,2.29
2025-05-13,2.17,122.9583,2.32
2025-05-14,2.16,122.6746,2.37
2025-05-15,2.11,122.8174,2.34
2025-05-16,2.09,123.0737,2.34
2025-05-19,2.1,122.4186,2.36
2025-05-20,2.13,122.3199,2.35
2025-05-21,2.23,121.7496,2.35
2025-05-22,2.2,122.0429,2.34
2025-05-23,2.18,121.3837,2.33
2025-05-26,,,
2025-05-27,2.11,121.6099,2.32
2025-05-28,2.15,121.9888,2.32
2025-05-29,2.11,121.5617,2.32
2025-05-30,2.07,121.7674,2.34
2025-06-02,2.13,121.1881,2.33
2025-06-03,2.14,121.4592,2.32
2025-06-04,2.06,121.0539,2.31
2025-06-05,2.11,120.9596,2.29
2025-06-06,2.2,121.161,2.31
2025-06-09,2.18,120.9103,2.31
2025-06-10,2.18,121.0485,2.29
2025-06-11,2.14,120.587,2.27
2025-06-12,2.11,120.1723,2.25
2025-06-13,2.13,120.3245,2.28
2025-06-16,2.16,120.1565,2.3
2025-06-17,2.08,120.5048,2.31
2025-06-18,2.07,120.7305,2.31
2025-06-19,,,
2025-06-20,2.05,121.0408,2.33
2025-06-23,2.04,121.1694,2.3
2025-06-24,2.01,120.3645,2.29
2025-06-25,2.01,120.3336,2.28
2025-06-26,1.98,119.6451,2.28
2025-06-27,2.0,119.659,2.29
2025-06-30,1.95,119.4088,2.29
2025-07-01,1.97,119.3436,2.29
2025-07-02,2.0,119.3037,2.3
2025-07-03,2.02,119.2382,2.33
2025-07-04,,,
2025-07-07,2.05,119.6201,2.35
2025-07-08,2.07,119.8371,2.35
2025-07-09,2.01,119.7311,2.33
2025-07-10,2.01,119.8343,2.34
2025-07-11,2.06,119.9214,2.37
2025-07-14,2.04,120.2209,2.39
2025-07-15,2.09,120.5105,2.41
2025-07-16,2.05,120.4175,2.41
2025-07-17,2.04,120.6384,2.43
2025-07-18,2.03,120.356,2.41
2025-07-21,1.98,119.9961,2.4
2025-07-22,1.96,119.681,2.39
2025-07-23,2.03,119.5697,2.37
2025-07-24,1.98,119.5664,2.45
2025-07-25,1.96,119.9857,2.44
2025-07-28,1.98,120.6149,2.44
2025-07-29,1.91,120.9674,2.43
2025-07-30,1.96,121.4042,2.42
2025-07-31,1.98,121.721,2.39
2025-08-01,1.9,121.2122,2.33
2025-08-04,1.85,120.9859,2.37
2025-08-05,1.86,120.9082,2.36
2025-08-06,1.88,120.5082,2.34
2025-08-07,1.88,120.5043,2.35
2025-08-08,1.88,120.3329,2.39
2025-08-11,1.87,120.6892,2.4
2025-08-12,1.91,120.2736,2.38
2025-08-13,1.87,120.13,2.37
2025-08-14,1.9,120.6446,2.39
2025-08-15,1.95,120.3377,2.38
2025-08-18,1.96,120.5622,2.38
2025-08-19,1.95,120.7224,2.35
2025-08-20,1.94,120.7757,2.35
2025-08-21,1.94,121.0843,2.39
2025-08-22,1.85,120.2774,2.41
2025-08-25,1.87,120.4214,2.41
2025-08-26,1.84,120.5274,2.42
2025-08-27,1.81,120.7274,2.43
2025-08-28,1.81,120.2595,2.41
2025-08-29,1.82,120.2082,2.41
2025-09-01,,,
2025-09-02,1.87,120.6837,2.41
2025-09-03,1.82,120.5052,2.4
2025-09-04,1.79,120.7629,2.38
2025-09-05,1.73,120.1282,2.37
2025-09-08,1.7,120.0971,2.35
2025-09-09,1.72,120.1569,2.36
2025-09-10,1.69,120.1223,2.35
2025-09-11,1.67,119.9534,2.34
2025-09-12,1.7,120.0611,2.36
2025-09-15,1.68,119.5644,2.37
2025-09-16,1.67,119.1348,2.37
2025-09-17,1.68,119.1582,2.38
2025-09-18,1.73,119.6616,2.38
2025-09-19,1.75,119.7858,2.39
2025-09-22,1.78,119.8152,2.37
2025-09-23,1.75,119.6202,2.37
2025-09-24,1.78,120.1707,2.38
2025-09-25,1.8,120.5419,2.38
2025-09-26,1.82,120.4349,2.38
2025-09-29,1.8,120.115,2.35
2025-09-30,1.8,120.1368,2.36
2025-10-01,1.77,120.1502,2.35
2025-10-02,1.76,120.4296,2.34
2025-10-03,1.8,120.0881,2.33
2025-10-06,1.84,120.2722,2.34
2025-10-07,1.79,120.4884,2.35
2025-10-08,1.78,120.7766,2.35
2025-10-09,1.8,121.0902,2.34
2025-10-10,1.75,121.1163,2.3
2025-10-13,,,
2025-10-14,1.73,121.1822,2.3
2025-10-15,1.76,120.8642,2.29
2025-10-16,1.71,120.6698,2.28
2025-10-17,1.75,120.7028,2.27
2025-10-20,1.74,120.6209,2.26
2025-10-21,1.7,120.8895,2.28
2025-10-22,1.68,120.8958,2.29
2025-10-23,1.71,120.9531,2.3
2025-10-24,1.73,120.9345,2.29
2025-10-27,1.73,120.7988,2.28
2025-10-28,1.71,120.6361,2.28
2025-10-29,1.78,120.5312,2.3
2025-10-30,1.82,121.2832,2.29
2025-10-31,1.81,121.3859,2.3
2025-11-03,1.82,121.4512,2.31
2025-11-04,1.81,121.8271,2.29
2025-11-05,1.87,121.8482,2.3
2025-11-06,1.83,121.6948,2.28
2025-11-07,1.83,121.388,2.28
2025-11-10,1.84,121.2984,2.29
2025-11-11,,,
2025-11-12,1.81,121.0458,2.27
2025-11-13,1.83,120.7725,2.28
2025-11-14,1.86,120.9666,2.28
2025-11-17,1.85,121.1146,2.28
2025-11-18,1.85,121.2127,2.27
2025-11-19,1.86,121.4978,2.27
2025-11-20,1.86,121.6889,2.24
2025-11-21,1.82,121.8653,2.24
2025-11-24,1.81,121.9171,2.23
2025-11-25,1.79,121.6335,2.22
2025-11-26,1.77,121.2437,2.23
2025-11-27,,,
2025-11-28,1.79,121.0527,2.23
2025-12-01,1.85,120.9862,2.24
2025-12-02,1.85,121.1467,2.24
2025-12-03,1.82,120.7336,2.24
2025-12-04,1.85,120.6766,2.26
2025-12-05,1.88,120.6863,2.26
2025-12-08,1.91,120.776,2.26
2025-12-09,1.92,120.6832,2.26
2025-12-10,1.88,120.6752,2.25
2025-12-11,1.89,119.98,2.25
2025-12-12,1.93,120.1442,2.26
2025-12-15,1.93,119.9561,2.25
2025-12-16,1.92,119.8902,2.23
2025-12-17,1.92,120.155,2.24
2025-12-18,1.88,120.0528,2.24
2025-12-19,1.92,120.1652,2.24
2025-12-22,1.94,119.9912,2.23
2025-12-23,1.94,119.7057,2.24
2025-12-24,1.91,119.4372,2.24
2025-12-25,,,
2025-12-26,1.91,119.4723,2.23
2025-12-29,1.9,119.5899,2.22
2025-12-30,1.9,119.4939,2.24
2025-12-31,1.93,119.7456,2.25
2026-01-01,,,
2026-01-02,1.94,119.6059,2.25
2026-01-05,1.91,119.6192,2.26
2026-01-06,1.91,119.7807,2.27
2026-01-07,1.88,119.8719,2.27
2026-01-08,1.92,120.0904,2.27
2026-01-09,1.9,120.2215,2.28
2026-01-12,1.9,119.9958,2.29
2026-01-13,1.88,120.1401,2.3
2026-01-14,1.86,119.9537,2.29
2026-01-15,1.88,119.9951,2.29
2026-01-16,1.91,120.0838,2.33
2026-01-19,,,
2026-01-20,1.97,119.4455,2.33
2026-01-21,1.92,119.3431,2.34
2026-01-22,1.95,119.1962,2.31
2026-01-23,1.92,118.8976,2.32
2026-01-26,1.9,118.0525,2.32
2026-01-27,1.9,117.4523,2.34
2026-01-28,1.9,117.5117,2.36
2026-01-29,1.89,117.4396,2.35
2026-01-30,1.9,117.8996,2.36
2026-02-02,1.94,118.3609,2.35
2026-02-03,1.92,117.9764,2.36
2026-02-04,1.94,118.2602,2.35
2026-02-05,1.89,118.5034,2.32
2026-02-06,1.88,118.2407,2.34
2026-02-09,1.87,117.6392,2.35
2026-02-10,1.84,117.5216,2.32
2026-02-11,1.86,117.4601,2.32
2026-02-12,1.8,117.5376,2.29
2026-02-13,1.77,117.5258,2.27
2026-02-16,,,
2026-02-17,1.79,117.7375,2.26
2026-02-18,1.8,117.8426,2.29
2026-02-19,1.79,118.2354,2.29
2026-02-20,1.8,117.9917,2.28
2026-02-23,1.77,117.9395,2.26
2026-02-24,1.78,117.9463,2.26
2026-02-25,1.77,117.769,2.28
2026-02-26,1.74,117.9042,2.28
2026-02-27,1.72,117.8223,2.25
2026-03-02,1.76,118.667,2.29
2026-03-03,1.77,119.4341,2.29
2026-03-04,1.8,119.0705,2.29
2026-03-05,1.82,119.5683,2.31
2026-03-06,1.8,119.491,2.35
2026-03-09,1.78,119.5151,2.34
2026-03-10,1.82,118.7255,2.33
2026-03-11,1.85,119.2885,2.36
2026-03-12,1.89,119.8227,2.38
2026-03-13,1.92,120.5518,2.36
2026-03-16,1.87,120.097,2.36
2026-03-17,1.83,119.8328,2.37
2026-03-18,1.86,119.9276,2.4
2026-03-19,1.88,120.1802,2.37
2026-03-20,2.01,120.2757,2.38
2026-03-23,2.01,119.9371,2.33
2026-03-24,2.06,120.1295,2.33
2026-03-25,2.02,120.1282,2.31
2026-03-26,2.08,120.389,2.34
2026-03-27,2.13,120.8851,2.31
2026-03-30,2.04,121.2851,2.31
2026-03-31,2.0,121.035,2.3
2026-04-01,2.02,120.1198,2.31
2026-04-02,1.97,120.503,2.34
2026-04-03,1.99,120.6565,2.36
2026-04-06,1.98,120.4302,2.36
2026-04-07,1.96,120.32,2.37
2026-04-08,1.96,119.0596,2.33
2026-04-09,1.95,118.8998,2.34
2026-04-10,1.95,118.8552,2.36
2026-04-13,1.92,118.9916,2.38
2026-04-14,1.89,118.3581,2.37
2026-04-15,1.9,118.3623,2.39
2026-04-16,1.93,118.3616,2.39
2026-04-17,1.9,118.0795,2.36
2026-04-20,1.91,118.2374,2.35
2026-04-21,1.92,118.4331,2.38
2026-04-22,1.92,118.6004,2.38
2026-04-23,1.92,118.7155,2.42
2026-04-24,1.89,118.7294,2.42
2026-04-27,1.91,118.5458,2.44
2026-04-28,1.92,118.7717,2.44
2026-04-29,1.96,119.0975,2.46
2026-04-30,1.94,118.671,2.46
2026-05-01,1.91,118.3926,2.48
2026-05-04,1.95,118.8264,2.5
2026-05-05,1.96,118.6207,2.47
2026-05-06,1.94,118.0982,2.42
2026-05-07,1.96,118.0116,2.45
2026-05-08,1.93,118.0392,2.45
2026-05-11,1.95,118.0562,2.47
2026-05-12,1.99,118.5238,2.47
2026-05-13,1.99,118.4737,2.47
2026-05-14,2.0,118.6696,2.47
2026-05-15,2.1,119.2825,2.49
2026-05-18,2.13,119.0574,2.48
2026-05-19,2.18,119.451,2.49
2026-05-20,2.13,119.1624,2.44
2026-05-21,2.18,119.369,2.39
2026-05-22,2.16,119.2868,2.4
2026-05-25,,,
2026-05-26,2.1,119.1696,2.4
2026-05-27,2.09,119.1829,2.39
2026-05-28,2.06,119.0318,2.39
2026-05-29,2.07,118.8783,2.38
2026-06-01,2.07,119.1653,2.4
2026-06-02,2.07,119.0359,2.39
2026-06-03,2.11,119.3848,2.38
2026-06-04,2.11,119.3615,2.36
2026-06-05,2.19,120.0831,2.36
2026-06-08,2.21,120.034,2.35
2026-06-09,2.2,119.9617,2.33
2026-06-10,2.21,119.9134,2.34
2026-06-11,2.16,120.1174,2.29
2026-06-12,2.17,119.5073,2.31
2026-06-15,2.15,119.3158,2.32
2026-06-16,2.14,119.256,2.29
2026-06-17,2.23,119.3871,2.26
2026-06-18,2.21,120.3958,2.25
2026-06-19,,,
2026-06-22,2.28,120.5463,2.23
2026-06-23,2.29,121.0552,2.21
2026-06-24,2.23,121.412,2.18
2026-06-25,2.19,121.0559,2.21
2026-06-26,2.18,120.8866,2.2
2026-06-29,2.16,120.9525,2.22
2026-06-30,2.2,120.9248,2.24
2026-07-01,2.25,121.1455,2.23
2026-07-02,2.26,120.6902,2.23
2026-07-03,,,
2026-07-06,2.24,120.835,2.24
2026-07-07,2.3,120.8145,2.25
2026-07-08,2.31,121.1307,2.25
2026-07-09,2.31,120.753,2.23
2026-07-10,2.32,120.5046,2.24
2026-07-13,2.36,120.7413,2.26
2026-07-14,2.33,120.4728,2.25
2026-07-15,2.32,120.3088,2.23
2026-07-16,2.35,120.331,2.22
2026-07-17,2.31,120.5315,2.24
2026-07-20,2.35,120.5401,2.25
2026-07-21,2.37,120.5779,2.26
2026-07-22,2.39,120.5736,2.28
2026-07-23,2.43,120.9075,2.28
2026-07-24,2.43,120.7105,2.26
2026-07-27,,,2.21
