date,SPX,QQQ,SEMIS,BOND,GOLD,OIL,USD,CASH,VIX,VIX3M
2008-01-02,103.2296905517578,43.3091926574707,13.314949035644531,55.7677001953125,84.86000061035156,26.99188232421875,19.492530822753903,72.41738891601562,23.170000076293945,23.600000381469727
2008-01-03,103.1798324584961,43.489601135253906,13.081426620483398,55.88225173950195,85.56999969482422,27.199960708618164,19.53402328491211,72.3699951171875,22.489999771118164,22.809999465942383
2008-01-04,100.6512680053711,41.58232116699219,12.419076919555664,56.028656005859375,85.12999725341797,27.041820526123047,19.32656478881836,72.35420989990234,23.940000534057617,23.690000534057617
2008-01-07,100.5657730102539,41.38471603393555,12.487010955810549,56.13045120239258,84.7699966430664,26.550756454467773,19.517423629760746,72.41738891601562,23.790000915527344,23.219999313354492
2008-01-08,98.94182586669922,40.310787200927734,12.257734298706056,56.25139236450195,86.77999877929688,26.792125701904297,19.492530822753903,72.3699951171875,25.43000030517578,25.489999771118164
2008-01-09,99.9817123413086,41.16990661621094,12.278963088989258,56.162235260009766,86.55000305175781,26.525787353515625,19.64189910888672,72.32264709472656,24.1200008392334,24.5
2008-01-10,100.63699340820312,41.23006439208984,12.236505508422852,56.00953674316406,88.25,26.40093994140625,19.451038360595703,72.35420989990234,23.450000762939453,23.950000762939453
2008-01-11,99.82502746582033,40.4224739074707,11.97326374053955,56.36592102050781,88.58000183105469,26.64230728149414,19.542320251464844,72.38581085205078,23.68000030517578,24.5
2008-01-14,100.6298828125,41.126983642578125,12.380864143371582,56.39137649536133,89.54000091552734,26.975236892700195,19.44274139404297,72.44898223876953,22.899999618530273,23.670000076293945
2008-01-15,98.41471099853516,39.992889404296875,12.070919036865234,56.760498046875,87.98999786376953,26.64230728149414,19.42614364624023,72.43323516845703,23.34000015258789,24.389999389648438
2008-01-16,97.56710052490234,39.563331604003906,11.85013484954834,56.65232467651367,86.69999694824219,26.39261817932129,19.666793823242188,72.43323516845703,24.3799991607666,24.360000610351562
2008-01-17,95.03851318359376,39.01349258422851,11.68879222869873,57.11053085327149,86.5,26.051368713378903,19.633602142333984,72.40159606933594,28.459999084472656,26.440000534057617
2008-01-18,94.06272888183594,38.96192932128906,11.85013484954834,57.02777862548828,87.41999816894531,26.151243209838867,19.69168472290039,72.44898223876953,27.18000030517578,25.989999771118164
2008-01-22,93.1082992553711,37.95677185058594,11.63784122467041,57.66419219970703,88.16999816894531,26.0596923828125,19.72488021850586,72.48058319091797,31.010000228881836,27.389999389648438
2008-01-23,95.34484100341795,37.81070327758789,12.053933143615724,57.39694595336914,87.88999938964844,25.568626403808594,19.666793823242188,72.55963134765625,29.020000457763672,26.25
2008-01-24,96.14968872070312,38.58391189575195,12.266226768493652,56.87502670288086,90.08000183105467,26.20118522644043,19.50082778930664,72.59123229980469,27.780000686645508,26.0
2008-01-25,94.76072692871094,37.79352188110352,11.896838188171388,57.40322494506836,90.3000030517578,26.783803939819336,19.550617218017575,72.51220703125,29.079999923706055,26.860000610351562
2008-01-28,96.32780456542967,38.08560943603515,12.168570518493652,57.1932487487793,91.75,26.90865135192871,19.42614364624023,72.5438232421875,27.780000686645508,25.969999313354492
2008-01-29,96.80500030517578,38.154335021972656,12.121869087219238,56.96416473388672,91.1500015258789,27.133373260498047,19.417844772338867,72.60708618164062,27.31999969482422,25.649999618530273
2008-01-30,96.09271240234376,38.11996841430664,12.232258796691896,56.93868637084961,92.05999755859376,26.90032958984375,19.30167007446289,72.63865661621094,27.6200008392334,26.079999923706055
2008-01-31,97.84489440917967,38.77294158935547,11.952033996582031,57.23140335083008,91.4000015258789,27.03349494934082,19.451038360595703,72.63865661621094,26.200000762939453,25.209999084472656
2008-02-01,99.41902923583984,39.16814422607422,12.839415550231934,57.41720962524414,89.3499984741211,26.559080123901367,19.525724411010746,72.63068389892578,24.020000457763672,24.110000610351562
2008-02-04,98.16539001464844,38.61827850341797,12.525222778320312,57.09798049926758,89.0999984741211,27.02517318725586,19.492530822753903,72.64654541015625,25.989999771118164,25.360000610351562
2008-02-05,95.53713989257812,37.51857376098633,12.06667137145996,57.50016784667969,87.68000030517578,26.80044937133789,19.69998550415039,72.59907531738281,28.239999771118164,26.989999771118164
2008-02-06,94.76786041259766,36.77973556518555,11.845888137817385,57.3980712890625,88.94999694824219,26.67560386657715,19.69998550415039,72.66238403320312,28.969999313354492,27.610000610351562
2008-02-07,95.39469146728516,37.037471771240234,11.89259433746338,56.75326919555664,89.8499984741211,27.00020217895508,19.890844345092773,72.64654541015625,27.65999984741211,26.739999771118164
2008-02-08,94.78213500976562,37.45844650268555,11.952033996582031,57.23207092285156,91.0,27.80754852294922,19.83275604248047,72.64654541015625,28.010000228881836,27.059999465942383
2008-02-11,95.2664566040039,37.86224365234375,12.185555458068848,57.359745025634766,91.33000183105467,27.990657806396484,19.79126739501953,72.66238403320312,27.600000381469727,26.670000076293945
2008-02-12,96.14968872070312,37.647457122802734,12.185555458068848,57.23843002319336,89.33000183105469,27.42468643188477,19.72488021850586,72.64654541015625,26.329999923706055,26.110000610351562
2008-02-13,97.1326675415039,38.47220230102539,12.576172828674316,56.995819091796875,89.44000244140625,27.64940643310547,19.758075714111328,72.66238403320312,24.8799991607666,25.290000915527344
2008-02-14,96.27789306640624,37.776336669921875,12.287455558776855,56.68305206298828,89.70999908447266,28.207056045532227,19.69168472290039,72.67826843261719,25.540000915527344,25.469999313354492
2008-02-15,96.25653076171876,37.647457122802734,12.134605407714844,56.80436325073242,89.1500015258789,28.073888778686523,19.69168472290039,72.67826843261719,25.020000457763672,25.440000534057617
2008-02-19,96.5271987915039,37.57871627807617,12.011476516723633,56.39581298828125,91.58000183105467,28.98942756652832,19.65849494934082,72.67826843261719,25.59000015258789,25.469999313354492
2008-02-20,96.81209564208984,37.75056076049805,12.249244689941406,56.34467315673828,93.23999786376952,29.13924217224121,19.666793823242188,72.64654541015625,24.399999618530273,24.670000076293945
2008-02-21,96.00723266601562,37.389705657958984,12.232258796691896,56.925628662109375,93.25,28.981103897094727,19.525724411010746,72.70992279052734,25.1200008392334,25.09000015258789
2008-02-22,96.5984115600586,37.52717590332031,12.223769187927246,56.76605987548828,93.38999938964844,29.380619049072266,19.30167007446289,72.70992279052734,24.059999465942383,24.399999618530273
2008-02-25,97.81640625,37.716190338134766,12.30868434906006,56.38935470581055,92.73999786376952,29.663602828979492,19.4012508392334,72.67826843261719,23.030000686645508,23.93000030517578
2008-02-26,98.55003356933594,37.86224365234375,12.533711433410645,56.52985000610352,93.70999908447266,30.296161651611328,19.268476486206055,72.72576904296875,21.899999618530273,23.110000610351562
2008-02-27,98.45032501220705,38.051239013671875,12.682320594787598,56.66389465332031,94.77999877929688,30.254541397094727,19.14400291442871,72.74158477783203,22.690000534057617,23.690000534057617
2008-02-28,97.48876953125,37.90520095825195,12.503995895385742,57.327842712402344,95.98999786376952,30.54585647583008,19.036128997802734,72.74158477783203,23.530000686645508,24.290000915527344
2008-02-29,95.31635284423828,36.899993896484375,12.121869087219238,57.940670013427734,96.18000030517578,30.046464920043945,19.04442596435547,72.7574462890625,26.540000915527344,26.389999389648438
2008-03-03,95.08839416503906,36.659446716308594,12.058182716369627,57.79341125488281,97.23999786376952,30.48759078979492,19.0029354095459,72.78440856933594,26.280000686645508,26.079999923706055
2008-03-04,94.72515106201172,36.865631103515625,12.155835151672363,57.575679779052734,95.18000030517578,30.379392623901367,19.05272102355957,72.78440856933594,25.520000457763672,25.760000228881836
2008-03-05,95.32347869873048,37.046043395996094,12.291703224182127,57.325927734375,97.72000122070312,31.045244216918945,18.961441040039062,72.7685546875,24.600000381469727,24.90999984741211
2008-03-06,93.35042572021484,36.22988510131836,12.07516384124756,57.7869873046875,96.5,31.278295516967773,18.86186790466309,72.80032348632812,27.549999237060547,27.0
2008-03-07,92.38888549804688,36.14398193359375,12.155835151672363,57.985504150390625,96.08999633789062,30.962007522583008,18.919952392578125,72.80032348632812,27.489999771118164,27.110000610351562
2008-03-10,91.17091369628906,35.44805908203125,12.18130874633789,58.40176773071289,95.87000274658205,31.54462623596191,18.86186790466309,72.80032348632812,29.3799991607666,28.329999923706055
2008-03-11,94.44734954833984,36.79690933227539,12.427569389343262,57.76776885986328,95.98999786376952,32.03569412231445,18.986337661743164,72.80032348632812,26.360000610351562,26.09000015258789
2008-03-12,93.56413269042967,36.693809509277344,12.35963535308838,58.43376159667969,97.01000213623048,32.38526153564453,18.654409408569336,72.81619262695312,27.219999313354492,27.3700008392334
2008-03-13,93.77068328857422,36.977333068847656,12.444552421569824,58.12639236450195,98.33999633789062,32.418556213378906,18.60462188720703,72.80032348632812,27.290000915527344,27.18000030517578
2008-03-14,92.31766510009766,36.29859924316406,12.17706298828125,58.72833251953125,98.70999908447266,32.37693786621094,18.6378116607666,72.8955307006836,31.15999984741211,29.360000610351562
2008-03-17,91.38459777832033,35.63706970214844,12.198293685913086,59.02288055419922,99.16999816894533,31.078529357910156,18.480148315429688,72.8796157836914,32.2400016784668,29.579999923706055
2008-03-18,95.18099212646484,37.22647857666016,12.622875213623049,58.61948776245117,96.5,31.769350051879883,18.69590187072754,72.9590072631836,25.790000915527344,26.010000228881836
2008-03-19,92.8233871459961,36.30721282958984,12.189800262451172,59.1253776550293,93.04000091552734,30.396041870117188,18.71249771118164,72.97486114501953,29.84000015258789,28.780000686645508
2008-03-20,94.54273223876952,37.0492057800293,12.351143836975098,59.25346755981445,89.91000366210938,29.17253875732422,18.91165542602539,72.9590072631836,26.6200008392334,27.290000915527344
2008-03-24,96.43245697021484,38.33034133911133,12.652596473693848,58.20965194702149,90.0999984741211,29.705219268798828,19.19379425048828,72.8955307006836,25.729999542236328,25.959999084472656
2008-03-25,96.52547454833984,38.54528045654297,12.678074836730955,58.41455841064453,92.7300033569336,30.00485038757324,18.770586013793945,72.84791564941406,25.719999313354492,26.18000030517578
2008-03-26,95.3444366455078,38.43350601196289,12.487010955810549,58.45938873291016,93.8000030517578,30.903749465942383,18.505041122436523,72.8955307006836,26.079999923706055,26.610000610351562
2008-03-27,95.04377746582033,37.58229446411133,12.270471572875977,58.38253402709961,93.45999908447266,31.24499893188477,18.53823471069336,72.91139221191406,25.8799991607666,26.280000686645508
2008-03-28,94.13472747802734,37.39313125610352,12.113375663757324,58.61305236816406,91.87999725341795,30.50423812866211,18.55483055114746,72.84791564941406,25.709999084472656,26.239999771118164
2008-03-31,94.46399688720705,37.59089279174805,12.194046974182127,58.715545654296875,90.41000366210938,29.771808624267575,18.588024139404297,72.92723846435547,25.610000610351562,25.639999389648438
2008-04-01,97.78528594970705,39.1987419128418,12.622875213623049,58.20215606689453,86.86000061035156,29.6053409576416,18.878463745117188,72.87953186035156,22.68000030517578,23.610000610351562
2008-04-02,97.84972381591795,39.112762451171875,12.724776268005373,58.00939178466797,89.2699966430664,30.48759078979492,18.69590187072754,72.87953186035156,23.43000030517578,24.299999237060547
2008-04-03,98.09312438964844,39.1987419128418,12.98377513885498,58.00939178466797,89.41999816894531,30.654050827026367,18.762287139892575,72.87953186035156,23.209999084472656,24.1200008392334
2008-04-04,97.9856948852539,39.430870056152344,12.92433261871338,58.45271301269531,90.25,30.870454788208008,18.579723358154297,72.911376953125,22.450000762939453,23.520000457763672
2008-04-07,98.03583526611328,39.34489440917969,12.86064624786377,58.06718063354492,91.16999816894533,31.203384399414062,18.71249771118164,72.87953186035156,22.420000076293945,23.200000762939453
2008-04-08,97.93557739257812,39.043983459472656,12.508238792419434,58.07363510131836,90.3499984741211,31.328222274780273,18.71249771118164,72.9272689819336,22.360000610351562,23.06999969482422
2008-04-09,97.22694396972656,38.605472564697266,12.652596473693848,58.42055130004883,92.29000091552734,31.85258102416992,18.588024139404297,72.9272689819336,22.809999465942383,23.549999237060547
2008-04-10,97.36295318603516,39.15574264526367,12.945561408996582,58.18927001953125,91.7699966430664,31.711090087890625,18.67100524902344,72.9272689819336,21.979999542236328,23.059999465942383
2008-04-11,95.4732437133789,38.0723876953125,12.5464506149292,58.43987274169922,91.3000030517578,31.58624839782715,18.60462188720703,72.9272689819336,23.459999084472656,24.190000534057617
2008-04-14,95.15113067626952,37.90044021606445,12.270471572875977,58.29206848144531,91.11000061035156,31.80264663696289,18.60462188720703,72.95904541015625,23.81999969482422,24.40999984741211
2008-04-15,95.37303924560548,37.95201873779297,12.253490447998049,58.028682708740234,91.66000366210938,32.185508728027344,18.6295166015625,72.95904541015625,22.780000686645508,23.700000762939453
2008-04-16,97.95706939697266,39.00960159301758,12.758746147155762,57.63670349121094,93.2699966430664,32.49346923828125,18.44695281982422,72.911376953125,20.530000686645508,21.81999969482422
2008-04-17,98.10027313232422,38.92359924316406,12.779972076416016,57.501766204833984,92.55999755859376,32.34365463256836,18.546533584594727,72.911376953125,20.3700008392334,21.75
2008-04-18,99.12384033203124,40.16172790527344,12.907349586486816,57.44388961791992,90.62000274658205,32.36029815673828,18.67100524902344,72.86366271972656,20.1299991607666,21.3700008392334
2008-04-21,99.17394256591795,40.44547653198242,13.136625289916992,57.45035552978515,90.25,32.40190887451172,18.529937744140625,72.89546966552734,20.5,21.459999084472656
2008-04-22,98.7373275756836,39.843605041503906,12.758746147155762,57.49531555175781,90.2699966430664,32.601661682128906,18.463552474975582,72.911376953125,20.8700008392334,21.799999237060547
2008-04-23,98.57981872558594,40.282100677490234,12.992264747619627,57.437496185302734,89.22000122070312,32.2937126159668,18.588024139404297,72.911376953125,20.260000228881836,21.579999923706055
2008-04-24,99.00929260253906,40.64322280883789,13.11963939666748,56.98771667480469,87.22000122070312,31.752708435058594,18.795480728149418,72.9272689819336,20.059999465942383,21.18000030517578
2008-04-25,99.92549896240234,40.54004669189453,13.14511489868164,56.910587310791016,87.2699966430664,32.3353271484375,18.84526824951172,72.9272689819336,19.59000015258789,20.579999923706055
2008-04-28,99.94699096679688,40.6174201965332,13.128131866455078,57.013431549072266,87.69000244140625,32.41022872924805,18.82037353515625,72.87953186035156,19.639999389648438,20.40999984741211
2008-04-29,99.55332946777344,40.92696762084961,13.16634464263916,57.116233825683594,85.80999755859375,31.62786293029785,18.895055770874023,72.95904541015625,20.239999771118164,20.81999969482422
2008-04-30,98.9663314819336,40.59162902832031,12.97952651977539,57.296119689941406,86.6500015258789,31.569595336914062,18.762287139892575,72.87953186035156,20.790000915527344,21.25
2008-05-01,101.01351165771484,41.87272644042969,13.42958641052246,57.289695739746094,83.98999786376953,30.8371639251709,18.919952392578125,72.93370819091797,18.8799991607666,19.780000686645508
2008-05-02,101.29270935058594,41.93293762207031,13.497520446777344,56.82564163208008,84.58000183105469,31.619535446166992,19.01953125,72.88592529296875,18.18000030517578,19.530000686645508
2008-05-05,100.80596160888672,41.81256484985352,13.4041109085083,56.90935134887695,86.2699966430664,32.277061462402344,18.92824935913086,72.90182495117188,18.899999618530273,20.020000457763672
2008-05-06,101.67922973632812,42.070518493652344,13.501765251159668,56.72892761230469,86.62999725341797,32.701541900634766,18.86186790466309,72.87002563476562,18.209999084472656,19.75
2008-05-07,99.86825561523438,41.305294036865234,13.42958641052246,56.95450592041016,85.81999969482422,32.75980758666992,18.986337661743164,72.91773986816406,19.729999542236328,20.959999084472656
2008-05-08,99.61060333251952,41.61482238769531,13.484782218933104,57.321903228759766,87.23999786376953,33.292484283447266,18.986337661743164,72.88592529296875,19.399999618530273,20.8799991607666
2008-05-09,99.42450714111328,41.4514274597168,13.476289749145508,57.38639450073242,87.41999816894531,33.80851364135742,18.86186790466309,72.91773986816406,19.40999984741211,20.8700008392334
2008-05-12,100.54110717773438,42.20807266235352,13.620649337768556,57.289695739746094,86.98999786376953,33.234222412109375,18.83696937561035,72.91773986816406,17.790000915527344,20.239999771118164
2008-05-13,100.55540466308594,42.31985092163086,13.637632369995115,56.812721252441406,85.38999938964844,33.417335510253906,18.919952392578125,72.88592529296875,17.979999542236328,20.149999618530273
2008-05-14,100.76303100585938,42.22528076171875,13.790482521057127,56.79336166381836,85.19999694824219,32.87632751464844,18.944849014282227,72.88592529296875,17.65999984741211,20.0
2008-05-15,102.02281188964844,42.96470642089844,14.074955940246582,57.10921478271485,87.0,33.25086975097656,18.92824935913086,72.88592529296875,16.299999237060547,19.280000686645508
2008-05-16,102.11589813232422,42.99909973144531,14.130148887634276,57.01251602172851,89.0999984741211,33.73360824584961,18.745689392089844,72.90182495117188,16.469999313354492,19.56999969482422
2008-05-19,102.39501953125,42.68958282470703,14.138642311096191,57.14145278930664,89.38999938964844,33.78355026245117,18.84526824951172,72.90182495117188,17.010000228881836,19.84000015258789
2008-05-20,101.56471252441406,42.36286163330078,13.87540054321289,57.31548309326172,90.9000015258789,34.2496452331543,18.654409408569336,72.87002563476562,17.579999923706055,20.809999465942383
2008-05-21,99.84676361083984,41.42564010620117,13.70981216430664,57.18014907836914,91.95999908447266,35.2484130859375,18.521636962890625,72.87002563476562,18.59000015258789,22.110000610351562
2008-05-22,99.86107635498048,41.571815490722656,13.714058876037598,56.80625915527344,90.9800033569336,34.74070739746094,18.6378116607666,72.91773986816406,18.049999237060547,21.520000457763672
2008-05-23,98.52254486083984,41.442832946777344,13.620649337768556,57.05760955810547,91.2300033569336,34.80729293823242,18.529937744140625,72.91773986816406,19.549999237060547,22.510000228881836
2008-05-27,99.25271606445312,42.17367172241211,13.832942008972168,56.78049087524414,89.36000061035156,34.2496452331543,18.6378116607666,72.91773986816406,19.639999389648438,22.15999984741211
2008-05-28,99.71078491210938,42.34563446044922,13.87540054321289,56.35506057739258,89.13999938964844,34.46604537963867,18.720796585083008,72.9495849609375,19.06999969482422,21.65999984741211
2008-05-29,100.21184539794922,42.72394943237305,13.871153831481934,56.09077072143555,86.51000213623047,33.52553176879883,18.870161056518555,72.91773986816406,18.139999389648438,20.799999237060547
2008-05-30,100.46239471435548,42.99909973144531,13.862662315368652,56.27768325805664,87.44999694824219,33.7502555847168,18.84526824951172,72.9495849609375,17.829999923706055,20.530000686645508
2008-06-02,99.42450714111328,42.474639892578125,13.820202827453612,56.612098693847656,87.95999908447266,34.199703216552734,18.82037353515625,73.00853729248047,19.829999923706055,21.719999313354492
2008-06-03,98.8446807861328,42.24247360229492,13.671598434448242,56.90967559814453,86.87999725341797,33.39236068725586,18.919952392578125,73.00853729248047,20.239999771118164,22.110000610351562
2008-06-04,98.79454803466795,42.784149169921875,13.926348686218262,56.70270538330078,86.6500015258789,32.892974853515625,18.969743728637695,72.99261474609375,20.799999237060547,22.59000015258789
2008-06-05,100.77017211914062,43.463401794433594,13.968809127807615,56.4051628112793,86.44999694824219,34.141441345214844,18.878463745117188,72.9448013305664,18.6299991607666,21.079999923706055
2008-06-06,97.55622100830078,42.156497955322266,13.633387565612791,56.896785736083984,89.05999755859375,35.01536560058594,18.662708282470703,72.96074676513672,23.559999465942383,24.200000762939453
2008-06-09,97.7924346923828,41.93293762207031,13.60791015625,56.489227294921875,87.98999786376953,35.373260498046875,18.82037353515625,72.99261474609375,23.1200008392334,23.850000381469727
2008-06-10,97.30570220947266,41.73517990112305,13.416850090026855,56.15289306640625,85.55000305175781,35.23176956176758,19.01953125,73.0403823852539,23.18000030517578,23.84000015258789
2008-06-11,95.87411499023438,40.72920608520508,13.034724235534668,56.21111679077149,87.0199966430664,36.530174255371094,18.895055770874023,73.08818817138672,24.1200008392334,24.31999969482422
2008-06-12,96.23920440673828,40.77219772338867,13.055951118469238,55.71949768066406,85.5999984741211,36.521854400634766,19.05272102355957,73.0403823852539,23.329999923706055,23.700000762939453
2008-06-13,97.45599365234376,41.589012145996094,13.489028930664062,55.59012222290039,85.83000183105469,36.28880310058594,19.077617645263672,73.08818817138672,21.219999313354492,22.600000381469727
2008-06-16,97.51329040527344,41.958717346191406,13.586682319641112,55.5965461730957,87.01000213623047,36.255516052246094,18.99463653564453,73.08818817138672,20.950000762939453,22.43000030517578
2008-06-17,97.04087829589844,41.73517990112305,13.459307670593262,55.78420639038086,87.25,36.62173080444336,18.953144073486328,73.07221984863281,21.1299991607666,22.479999542236328
2008-06-18,96.09601593017578,41.2880744934082,13.200311660766602,56.08820343017578,88.27999877929688,37.121124267578125,18.93655014038086,73.10405731201172,22.239999771118164,23.549999237060547
2008-06-19,96.21768951416016,41.93293762207031,13.45081615447998,55.764766693115234,88.41999816894531,36.255516052246094,18.953144073486328,73.08818817138672,21.579999923706055,22.84000015258789
2008-06-20,94.65589904785156,40.80064010620117,13.20455837249756,56.02348709106445,88.94999694824219,36.50521087646485,18.828672409057617,73.12004852294922,22.8700008392334,23.56999969482422
2008-06-23,94.5624008178711,40.48228073120117,13.013495445251465,55.997581481933594,87.08999633789062,36.763221740722656,18.93655014038086,73.12004852294922,22.639999389648438,23.299999237060547
2008-06-24,94.37537384033205,40.27579498291016,13.089920043945312,56.29517364501953,87.47000122070312,36.77154922485352,18.886762619018555,73.12004852294922,22.420000076293945,23.209999084472656
2008-06-25,94.82135009765624,40.929691314697266,13.28098201751709,56.288726806640625,87.41999816894531,36.63005065917969,18.795480728149418,73.1359634399414,21.139999389648438,22.31999969482422
2008-06-26,92.24597930908205,39.2776985168457,12.73751449584961,56.60567855834961,90.61000061035156,37.84523010253906,18.679302215576172,73.1359634399414,23.93000030517578,24.309999465942383
2008-06-27,91.74241638183594,39.2776985168457,12.690810203552246,56.883785247802734,91.47000122070312,37.94511413574219,18.621217727661133,73.1678237915039,23.440000534057617,23.93000030517578
2008-06-30,92.06617736816406,38.864707946777344,12.588912010192873,56.92259979248047,91.4000015258789,37.270938873291016,18.662708282470703,73.12004852294922,23.950000762939453,23.770000457763672
2008-07-01,92.35391998291016,39.41536331176758,12.482763290405272,56.76812744140625,92.66000366210938,37.92845916748047,18.64611053466797,73.14555358886719,23.649999618530273,23.670000076293945
2008-07-02,90.7712631225586,38.46892929077149,12.261980056762695,56.904441833496094,93.16999816894533,38.6525764465332,18.55483055114746,73.14555358886719,25.920000076293945,25.020000457763672
2008-07-03,90.86478424072266,38.400108337402344,12.185555458068848,56.92390823364258,92.05999755859376,38.63592529296875,18.73739242553711,73.14555358886719,24.780000686645508,24.420000076293945
2008-07-07,89.9367904663086,38.63240814208984,12.164325714111328,57.19001770019531,91.2300033569336,38.111572265625,18.720796585083008,73.12957763671875,25.780000686645508,24.75
2008-07-08,91.53382110595705,39.55304718017578,12.270471572875977,57.33277130126953,90.86000061035156,36.72993469238281,18.80377769470215,73.09773254394531,23.149999618530273,23.059999465942383
2008-07-09,89.77135467529297,38.50333404541016,11.78219985961914,57.60537338256836,91.5,36.7049674987793,18.67100524902344,73.1136703491211,25.229999542236328,24.360000610351562
2008-07-10,90.1382064819336,38.959346771240234,11.994492530822754,57.62483978271485,93.52999877929688,37.7037353515625,18.654409408569336,73.177490234375,25.59000015258789,24.389999389648438
2008-07-11,89.08792114257812,38.339866638183594,11.969019889831545,57.08620834350586,95.16000366210938,38.22809219360352,18.529937744140625,73.22529602050781,27.489999771118164,25.520000457763672
2008-07-14,88.28221130371094,38.055946350097656,11.888348579406738,57.391204833984375,95.91000366210938,38.24473571777344,18.496742248535156,73.22529602050781,28.479999542236328,25.8799991607666
2008-07-15,87.03768157958984,38.06451797485352,12.032705307006836,57.598876953125,96.16999816894533,37.029563903808594,18.480148315429688,73.24124908447266,28.540000915527344,25.969999313354492
2008-07-16,89.17425537109375,39.01097869873047,12.291703224182127,57.07318115234375,94.44000244140624,36.46359634399414,18.57142639160156,73.2572021484375,25.100000381469727,24.559999465942383
2008-07-17,90.06625366210938,39.26910781860352,12.652596473693848,56.80057907104492,94.22000122070312,35.60630798339844,18.60462188720703,73.14555358886719,25.010000228881836,24.3700008392334
2008-07-18,90.62741088867188,38.365684509277344,12.618632316589355,56.60593032836914,94.16999816894533,34.99872589111328,18.60462188720703,73.24124908447266,24.049999237060547,23.799999237060547
2008-07-21,90.6777572631836,38.52913665771485,12.495501518249512,56.7357063293457,95.12000274658205,35.42319869995117,18.53823471069336,73.177490234375,23.049999237060547,23.18000030517578
2008-07-22,91.70646667480467,38.52913665771485,11.930805206298828,56.540977478027344,93.05999755859376,34.64915084838867,18.67100524902344,73.20935821533203,21.18000030517578,22.059999465942383
2008-07-23,92.2028350830078,39.03681182861328,12.032705307006836,56.450103759765625,90.56999969482422,33.86677932739258,18.745689392089844,73.24124908447266,21.309999465942383,22.200000762939453
2008-07-24,90.28929138183594,38.45170974731445,11.676055908203123,56.936920166015625,91.33000183105467,33.89175033569336,18.72909164428711,73.22529602050781,23.440000534057617,23.760000228881836
2008-07-25,90.26766204833984,38.95074844360352,11.680299758911133,56.60593032836914,91.69000244140624,33.467262268066406,18.75398826599121,73.24124908447266,22.90999984741211,23.290000915527344
2008-07-28,88.94401550292969,38.21941375732422,11.557172775268556,56.93037796020508,91.7300033569336,33.633731842041016,18.71249771118164,73.24124908447266,24.229999542236328,23.989999771118164
2008-07-29,90.84318542480467,39.01097869873047,11.760972023010254,56.76812744140625,90.58999633789062,33.25086975097656,18.870161056518555,73.24124908447266,22.030000686645508,22.219999313354492
2008-07-30,92.4618148803711,39.20888900756836,11.845888137817385,56.87847137451172,89.5199966430664,33.90839767456055,18.85356712341309,73.2572021484375,21.209999084472656,21.440000534057617
2008-07-31,91.23884582519533,39.1142463684082,11.85013484954834,57.33277130126953,90.08000183105467,33.62541198730469,18.85356712341309,73.2572021484375,22.940000534057617,22.670000076293945
2008-08-01,90.7568588256836,38.61520767211914,11.828906059265137,57.36146926879883,89.56999969482422,33.25086975097656,18.91165542602539,73.23482513427734,22.56999969482422,22.75
2008-08-04,89.9151840209961,38.22800064086914,11.92231273651123,57.3223876953125,88.13999938964844,32.1522216796875,18.919952392578125,73.25082397460938,23.489999771118164,23.09000015258789
2008-08-05,92.33952331542967,39.51863479614258,12.185555458068848,57.029300689697266,86.08000183105469,31.927492141723633,19.061023712158203,73.26678466796875,21.139999389648438,21.5
2008-08-06,92.74954986572266,40.12091064453125,12.22801399230957,57.048866271972656,86.63999938964844,31.58624839782715,19.119112014770508,73.23482513427734,20.229999542236328,21.18000030517578
2008-08-07,91.36833953857422,39.811161041259766,12.46153450012207,57.58291244506836,86.08999633789062,31.76102828979492,19.21868896484375,73.28276062011719,21.149999618530273,21.860000610351562
2008-08-08,93.06610107421876,40.714603424072266,12.729022026062012,57.556827545166016,84.43000030517578,30.870454788208008,19.525724411010746,73.26678466796875,20.65999984741211,21.649999618530273
2008-08-11,94.03004455566406,41.08456802368164,12.873382568359377,57.27677536010742,81.12999725341797,30.8371639251709,19.633602142333984,73.28276062011719,20.1200008392334,21.440000534057617
2008-08-12,93.05169677734376,41.12757110595703,12.907349586486816,57.67404556274414,80.5199966430664,30.570823669433594,19.59210968017578,73.23482513427734,21.170000076293945,22.200000762939453
2008-08-13,92.49059295654295,41.041534423828125,12.907349586486816,57.55027389526367,81.55999755859375,31.594568252563477,19.59210968017578,73.29873657226562,21.549999237060547,22.540000915527344
2008-08-14,93.18836212158205,41.51477813720703,12.928576469421388,57.72612380981445,79.3499984741211,31.319904327392575,19.70828628540039,73.28276062011719,20.34000015258789,21.65999984741211
2008-08-15,93.64160919189452,41.43733596801758,12.907349586486816,57.94107437133789,77.62999725341797,30.895427703857425,19.857650756835938,73.29873657226562,19.579999923706055,21.3799991607666
2008-08-18,92.36109161376952,40.95552062988281,12.758746147155762,58.08431625366211,78.80000305175781,31.070215225219727,19.7995662689209,73.25082397460938,20.979999542236328,22.110000610351562
2008-08-19,91.35395050048828,40.4478645324707,12.46153450012207,57.999664306640625,80.43000030517578,31.552949905395508,19.70828628540039,73.31468200683594,21.280000686645508,22.420000076293945
2008-08-20,91.77840423583984,40.516700744628906,12.334160804748535,58.16897201538086,80.05999755859375,31.80264663696289,19.766372680664062,73.31468200683594,20.420000076293945,22.459999084472656
2008-08-21,91.93665313720705,40.327392578125,12.219522476196287,58.04524612426758,82.30000305175781,33.16763687133789,19.542320251464844,73.3306884765625,19.81999969482422,22.079999923706055
2008-08-22,93.26750946044922,40.86088180541992,12.37661838531494,57.875953674316406,81.08000183105469,32.04401779174805,19.74147605895996,73.3466567993164,18.809999465942383,21.479999542236328
2008-08-25,91.37555694580078,40.00045394897461,12.219522476196287,58.260154724121094,80.93000030517578,31.86090660095215,19.733179092407227,73.3306884765625,20.969999313354492,22.809999465942383
2008-08-26,91.6417236328125,39.948829650878906,12.17706298828125,58.27972030639648,81.2300033569336,31.87755012512207,19.849353790283203,73.3466567993164,20.489999771118164,22.520000457763672
2008-08-27,92.5337371826172,40.20695114135742,12.22801399230957,58.364376068115234,81.36000061035156,32.17718505859375,19.79126739501953,73.3466567993164,19.760000228881836,21.940000534057617
2008-08-28,93.6559600830078,40.53388977050781,12.380864143371582,58.27972030639648,82.18000030517578,31.54462623596191,19.857650756835938,73.3466567993164,19.43000030517578,21.540000915527344
2008-08-29,92.64884185791016,39.68210220336914,12.100637435913086,58.208045959472656,81.70999908447266,31.42810440063477,19.865951538085938,73.31468200683594,20.649999618530273,22.520000457763672
2008-09-02,92.07334899902344,39.19166946411133,11.952033996582031,58.52496719360352,79.19999694824219,30.612436294555664,20.056808471679688,73.36748504638672,21.989999771118164,23.110000610351562
2008-09-03,91.99415588378906,38.821685791015625,11.476500511169434,58.66874694824219,78.88999938964844,30.437652587890625,20.040212631225582,73.36748504638672,21.43000030517578,22.799999237060547
2008-09-04,89.224609375,37.56549453735352,11.10286808013916,58.96272659301758,78.38999938964844,30.00485038757324,20.197877883911133,73.36748504638672,24.030000686645508,24.350000381469727
2008-09-05,89.50515747070312,37.38481903076172,11.251472473144531,58.832061767578125,78.9800033569336,29.705219268798828,20.272565841674805,73.38347625732422,23.059999465942383,23.729999542236328
2008-09-08,91.35395050048828,37.31597137451172,11.272699356079102,58.83856964111328,78.86000061035156,29.638633728027344,20.380435943603516,73.38347625732422,22.639999389648438,23.149999618530273
2008-09-09,88.64191436767578,36.52439498901367,10.924542427062988,59.10648727416992,76.48999786376953,28.55662727355957,20.38873863220215,73.36748504638672,25.469999313354492,25.149999618530273
2008-09-10,89.0016098022461,36.82552337646485,10.933035850524902,58.95619583129883,74.22000122070312,28.598243713378903,20.521509170532227,73.39948272705078,24.520000457763672,24.540000915527344
2008-09-11,90.28929138183594,37.51386642456055,10.979736328125,58.8516731262207,73.08000183105469,28.35687255859375,20.579599380493164,73.38347625732422,24.389999389648438,24.360000610351562
2008-09-12,90.70652770996094,37.36759567260742,10.933035850524902,58.55764389038086,75.55000305175781,28.548301696777344,20.18958282470703,73.41543579101562,25.65999984741211,25.020000457763672
2008-09-15,86.3902359008789,36.206050872802734,10.72498607635498,59.68147277832031,77.55999755859375,27.42468643188477,20.00701904296875,73.49547576904297,31.700000762939453,27.93000030517578
2008-09-16,87.83621978759766,36.48998260498047,10.890573501586914,59.51158142089844,76.79000091552734,26.867033004760746,20.297456741333008,73.52748107910156,30.299999237060547,26.8799991607666
2008-09-17,83.88682556152344,34.59707260131836,10.406550407409668,60.047367095947266,85.45999908447266,27.674375534057617,19.857650756835938,73.84733581542969,36.220001220703125,30.239999771118164
2008-09-18,86.3758773803711,35.76723861694336,10.97549057006836,59.34169387817383,82.80000305175781,27.724315643310547,19.940635681152344,73.63938903808594,33.099998474121094,28.579999923706055
2008-09-19,89.8061752319336,36.936466217041016,11.251472473144531,58.28316879272461,85.9800033569336,28.63985824584961,19.782968521118164,73.38347625732422,32.06999969482422,28.040000915527344
2008-09-22,87.77303314208984,35.19725036621094,10.606103897094728,58.1590576171875,89.18000030517578,29.63031005859375,19.334863662719727,73.41543579101562,33.849998474121094,29.729999542236328
2008-09-23,85.77606201171875,34.93036651611328,10.550909042358398,58.1590576171875,88.31999969482422,29.339000701904297,19.45933723449707,73.6553726196289,35.720001220703125,31.260000228881836
2008-09-24,86.05097961425781,35.171424865722656,10.50844955444336,58.30933380126953,86.70999908447266,29.097631454467773,19.650196075439453,73.43148803710938,35.189998626708984,30.559999465942383
2008-09-25,87.39678955078125,35.73108673095703,10.784428596496582,58.1329231262207,86.44999694824219,29.6053409576416,19.61700439453125,73.51142883300781,32.81999969482422,29.100000381469727
2008-09-26,87.44019317626953,35.36945724487305,10.97549057006836,58.093727111816406,86.63999938964844,29.25577163696289,19.61700439453125,73.63938903808594,34.7400016784668,29.739999771118164
2008-09-29,80.5882339477539,32.562652587890625,9.956491470336914,58.9039421081543,89.56999969482422,27.441333770751953,19.766372680664062,73.95928192138672,46.720001220703125,36.27000045776367
2008-09-30,83.92375946044922,33.501121520996094,10.487221717834473,58.12640380859375,85.06999969482422,28.207056045532227,20.280860900878903,73.68739318847656,39.38999938964844,33.029998779296875
2008-10-01,83.97442626953125,33.14812088012695,10.296157836914062,58.536163330078125,85.97000122070312,27.549530029296875,20.363847732543945,73.67618560791016,39.810001373291016,33.439998626708984
2008-10-02,80.92829895019531,31.641368865966797,9.80788803100586,58.8640022277832,82.33000183105469,26.02640151977539,20.64598274230957,73.6441650390625,45.2599983215332,36.4900016784668
2008-10-03,79.83574676513672,31.15060234069824,9.72296905517578,59.086917877197266,82.58999633789062,25.418811798095703,20.563003540039062,73.6441650390625,45.13999938964844,37.29999923706055
2008-10-06,75.76946258544922,30.01410484313965,9.52766227722168,59.5655632019043,84.27999877929688,24.33680534362793,20.81195068359375,73.62813568115234,52.04999923706055,39.130001068115234
2008-10-07,72.37603759765625,28.111324310302734,8.895030975341797,59.5196533203125,87.2699966430664,24.636438369750977,20.662580490112305,73.61209869384766,53.68000030517578,40.54999923706055
2008-10-08,70.55271911621094,27.88745880126953,8.950227737426758,58.75910186767578,89.41999816894531,24.99433135986328,20.596193313598633,73.54806518554688,57.529998779296875,42.220001220703125
2008-10-09,65.6253433227539,27.13839530944824,8.7124605178833,58.169002532958984,89.9000015258789,23.8290958404541,20.704071044921875,73.66015625,63.91999816894531,48.0099983215332
2008-10-10,64.03356170654297,26.96620178222656,8.619051933288574,57.487117767333984,83.22000122070312,22.77206039428711,20.73726463317871,73.72423553466797,69.94999694824219,50.90999984741211
2008-10-13,73.33109283447266,30.24657440185547,9.44699001312256,57.093772888183594,81.98999786376953,24.037172317504883,20.72066879272461,73.4359130859375,54.9900016784668,42.380001068115234
2008-10-14,72.24578094482422,28.93787384033203,8.703967094421387,56.82490539550781,82.19999694824219,23.59604835510254,20.71236801147461,73.5640869140625,55.130001068115234,42.9900016784668
2008-10-15,65.13333129882812,26.346284866333008,8.109550476074219,57.29041290283203,83.30999755859375,22.522363662719727,20.953020095825195,73.58007049560547,69.25,49.45000076293945
2008-10-16,67.8466567993164,27.77553367614746,8.483185768127441,57.30354309082031,79.29000091552734,22.097883224487305,21.060895919799805,73.54806518554688,67.61000061035156,48.7400016784668
2008-10-17,67.44145202636719,27.809965133666992,8.343072891235352,57.66413879394531,77.20999908447266,22.34758186340332,21.094087600708008,73.38787841796875,70.33000183105469,51.130001068115234
2008-10-20,71.49332427978516,28.58485412597656,8.576593399047852,57.723148345947266,78.5,22.797027587890625,21.260053634643555,73.5640869140625,52.970001220703125,43.619998931884766
2008-10-21,69.35884094238281,27.10396194458008,8.215697288513184,58.33292007446289,76.02999877929688,21.98136329650879,21.608577728271484,73.5640869140625,53.11000061035156,43.790000915527344
2008-10-22,65.58198547363281,26.354904174804688,7.833572387695312,58.778778076171875,71.70999908447266,20.94097328186035,21.86582374572754,73.46796417236328,69.6500015258789,49.83000183105469
2008-10-23,66.34169006347656,26.251575469970703,7.791114330291748,58.85740280151367,70.6500015258789,21.02420425415039,21.741352081298828,73.5640869140625,67.80000305175781,49.7599983215332
2008-10-24,62.97718811035156,25.40781593322754,7.791114330291748,58.608280181884766,72.20999908447266,20.183568954467773,22.305627822875977,73.4839859008789,79.12999725341797,55.29999923706055
2008-10-27,60.741458892822266,24.70179557800293,7.761392116546631,58.57552719116211,72.18000030517578,20.03375244140625,22.305627822875977,73.59612274169922,80.05999755859375,62.84000015258789
2008-10-28,67.83943176269531,27.431135177612305,8.58508586883545,58.10341262817383,73.79000091552734,20.583078384399418,22.048383712768555,73.58007049560547,66.95999908447266,54.380001068115234
2008-10-29,67.3473892211914,27.36225700378418,8.190221786499023,58.188663482666016,74.0,21.798255920410156,21.691560745239254,73.50001525878906,69.95999908447266,57.81999969482422
2008-10-30,69.67716217041016,28.2748966217041,8.653017044067383,57.742828369140625,72.70999908447266,20.899354934692383,21.66666603088379,73.59612274169922,62.900001525878906,53.75
2008-10-31,70.0606689453125,28.317947387695312,8.810114860534668,57.62483215332031,71.33999633789062,21.132402420043945,21.990297317504883,73.51598358154297,59.88999938964844,53.56999969482422
2008-11-03,70.26326751708984,28.2576904296875,8.576593399047852,57.71693801879883,71.0999984741211,20.899354934692383,22.098173141479492,73.4951400756836,53.68000030517578,51.20000076293945
2008-11-04,72.65099334716797,29.05839729309082,8.93748950958252,58.40790557861328,75.4800033569336,21.84819221496582,21.633472442626953,73.5272445678711,47.72999954223633,46.2599983215332
2008-11-05,69.59761810302734,27.543066024780273,8.394022941589355,58.7171516418457,72.80000305175781,21.28221893310547,21.708154678344727,73.55928039550781,54.560001373291016,49.720001220703125
2008-11-06,65.7411880493164,26.311847686767575,7.621280670166016,58.53947830200195,72.22000122070312,20.35003089904785,22.01519203186035,73.67147064208984,63.68000030517578,56.13999938964844
2008-11-07,67.9117431640625,26.854272842407227,8.003405570983887,58.32892990112305,72.5,20.375,21.965404510498047,73.67147064208984,56.099998474121094,52.61000061035156
2008-11-10,67.02182006835938,26.492660522460938,7.684967041015625,58.38814163208008,73.58000183105469,20.508167266845703,21.981996536254883,73.65548706054688,59.97999954223633,54.04999923706055
2008-11-11,64.95246887207031,25.91579246520996,7.600051403045654,58.605281829833984,72.05000305175781,20.11698341369629,22.32222366333008,73.65548706054688,61.439998626708984,55.630001068115234
2008-11-12,62.094512939453125,24.71902084350586,7.281611919403076,58.96720123291016,70.0,19.526042938232425,22.37201690673828,73.67147064208984,66.45999908447266,59.099998474121094
2008-11-13,65.96540069580078,26.225744247436523,7.960947036743164,58.53947830200195,72.1500015258789,19.892257690429688,22.01519203186035,73.67147064208984,59.83000183105469,54.099998474121094
2008-11-14,62.67335510253906,24.951478958129883,7.260383129119873,59.11856460571289,73.30000305175781,19.767410278320312,22.19775390625,73.67147064208984,66.30999755859375,59.290000915527344
2008-11-17,61.84122467041016,24.42628288269043,7.11177921295166,59.36859130859375,72.6500015258789,19.317962646484375,22.18115234375,73.70359802246094,69.1500015258789,62.5099983215332
2008-11-18,63.00617599487305,24.400453567504883,6.984404563903809,59.829254150390625,72.51000213623047,19.02665328979492,22.247541427612305,73.62342071533203,67.63999938964844,61.38999938964844
2008-11-19,58.968746185302734,23.126190185546875,6.487641334533691,60.4741096496582,72.26000213623047,18.81025123596191,22.32222366333008,73.6073989868164,74.26000213623047,66.48999786376953
2008-11-20,54.59134292602539,22.00689697265625,6.241381645202637,61.6915168762207,73.44999694824219,17.85309600830078,22.471593856811523,73.65548706054688,80.86000061035156,69.23999786376953
2008-11-21,57.536163330078125,22.962596893310547,6.4749040603637695,61.12561798095703,78.8499984741211,18.161048889160156,22.36371612548828,73.63945770263672,72.66999816894531,64.3499984741211
2008-11-24,61.52286911010742,24.36601448059082,6.984404563903809,60.553123474121094,80.91000366210938,19.409515380859375,21.81603240966797,73.65548706054688,64.69999694824219,59.5
2008-11-25,61.97869873046875,24.25407600402832,6.789094924926758,61.59281921386719,80.87000274658203,18.76031494140625,21.55878448486328,73.67147064208984,60.900001525878906,57.9900016784668
2008-11-26,64.37364196777344,25.27005195617676,7.1966962814331055,61.96788024902344,80.37999725341797,19.35957908630371,21.79943466186523,73.70359802246094,54.91999816894531,53.72999954223633
2008-11-28,65.18403625488281,25.072025299072266,7.06082820892334,62.09290313720703,80.30999755859375,18.518943786621097,22.03178596496582,73.4791488647461,55.279998779296875,54.18000030517578
2008-12-01,59.41011428833008,23.186452865600582,6.593788146972656,62.93339920043945,75.6500015258789,17.94464874267578,22.156261444091797,73.68128204345703,68.51000213623047,62.38999938964844
2008-12-02,61.69650650024414,23.961349487304688,6.708425045013428,63.26350021362305,76.94999694824219,17.952970504760742,22.03178596496582,73.74544525146484,62.97999954223633,59.650001525878906
2008-12-03,63.17977523803711,24.641529083251953,7.005633354187012,63.362510681152344,76.18000030517578,17.74489402770996,22.06498146057129,73.63310241699219,60.720001220703125,58.5
2008-12-04,61.71822738647461,23.94411849975586,6.71267032623291,63.75870895385742,75.5,16.812705993652344,22.006893157958984,73.60103607177734,63.63999938964844,61.290000915527344
2008-12-05,63.62114334106445,24.91704750061035,6.882503509521484,63.08527374267578,74.5199966430664,16.39655113220215,22.098173141479492,73.60103607177734,59.93000030517578,58.060001373291016
2008-12-08,65.8424301147461,25.898578643798828,7.094796180725098,62.84752655029297,76.19999694824219,17.153953552246094,21.724754333496097,73.6170654296875,58.4900016784668,56.599998474121094
2008-12-09,64.75713348388672,25.838308334350582,7.400496482849121,63.382328033447266,76.33000183105469,16.7794132232666,21.78284072875977,73.58501434326172,58.90999984741211,57.77000045776367
2008-12-10,65.19847869873047,25.75221061706543,7.366531372070312,63.32295227050781,79.75,17.28712272644043,21.658369064331055,73.63310241699219,55.72999954223633,56.15999984741211
2008-12-11,63.62837219238281,25.04619598388672,7.260383129119873,63.70589065551758,80.6500015258789,17.836448669433594,21.17707061767578,73.55293273925781,55.779998779296875,56.09000015258789
2008-12-12,64.38810729980469,25.554182052612305,7.727426052093506,63.88408279418945,80.80999755859375,18.22763442993164,21.12727928161621,73.58501434326172,54.279998779296875,55.13999938964844
2008-12-15,63.49095153808594,25.106462478637695,7.442955493927002,64.02277374267578,82.5999984741211,17.711915969848633,20.75970458984375,73.56900024414062,56.7599983215332,56.40999984741211
2008-12-16,66.4791259765625,26.311847686767575,7.897259712219238,65.03955841064453,84.45999908447266,17.965547561645508,20.25846290588379,73.6170654296875,52.369998931884766,52.90999984741211
2008-12-17,65.83522033691406,25.99328231811523,7.833572387695312,65.48186492919922,85.43000030517578,17.72037124633789,20.016199111938477,73.56900024414062,49.84000015258789,51.56999969482422
2008-12-18,64.60519409179688,25.536956787109375,7.3368096351623535,65.92427825927734,83.87000274658203,17.4498291015625,20.35871124267578,73.52083587646484,47.34000015258789,49.79999923706055
2008-12-19,64.32726287841797,25.746488571166992,7.468430519104004,65.70639038085938,82.62999725341797,17.331470489501953,20.667810440063477,73.56900024414062,44.93000030517578,43.400001525878906
2008-12-22,63.50300979614258,25.186025619506836,7.298595428466797,65.53473663330078,83.45999908447266,16.841115951538086,20.659454345703125,73.66522979736328,44.560001373291016,43.709999084472656
2008-12-23,62.8465461730957,25.056684494018555,7.043846130371094,65.50169372558594,82.62999725341797,16.90875244140625,20.64274787902832,73.58501434326172,45.02000045776367,44.47999954223633
2008-12-24,63.21126937866211,25.125669479370117,7.158483982086182,65.4356689453125,83.45999908447266,16.646665573120117,20.63439559936523,73.66522979736328,44.209999084472656,43.959999084472656
2008-12-26,63.57598114013672,25.117042541503903,7.094796180725098,65.78560638427734,85.5999984741211,16.90875244140625,20.525793075561523,73.66522979736328,43.380001068115234,46.11000061035156
2008-12-29,63.39363479614258,24.910106658935547,7.154237270355225,65.93073272705078,86.3499984741211,17.09474754333496,20.626041412353516,73.40518951416016,43.900001525878906,46.540000915527344
2008-12-30,64.89618682861328,25.427452087402344,7.434463024139404,66.02352905273438,85.9000015258789,17.19620132446289,20.53414726257324,73.66197967529297,41.630001068115234,44.40999984741211
2008-12-31,65.82256317138672,25.64301109313965,7.476921558380127,65.29454803466797,86.5199966430664,17.914823532104492,20.626041412353516,73.50147247314453,40.0,43.18000030517578
2009-01-02,67.80660247802734,26.755313873291016,7.803852081298828,64.36016082763672,86.2300033569336,18.540447235107425,20.81818389892578,73.51753234863281,39.189998626708984,40.560001373291016
2009-01-05,67.72634887695312,26.746681213378903,7.761392116546631,64.2474594116211,84.4800033569336,18.734899520874023,21.043739318847656,73.51753234863281,39.08000183105469,40.81999969482422
2009-01-06,68.17857360839844,27.013980865478516,8.135025978088379,64.20775604248047,85.12999725341797,19.225250244140625,21.01032257080078,73.53366088867188,38.560001373291016,40.310001373291016
2009-01-07,66.13619995117188,26.246583938598633,7.672229766845703,64.22101593017578,82.75,18.244543075561523,20.87666130065918,73.64594268798828,43.38999938964844,43.810001373291016
2009-01-08,66.40609741210938,26.522499084472656,7.667983531951904,64.393310546875,84.45999908447266,18.312179565429688,20.667810440063477,73.5656967163086,42.560001373291016,43.16999816894531
2009-01-09,64.9837417602539,25.927547454833984,7.438709735870361,64.6915283203125,83.91999816894531,18.10081672668457,20.985261917114254,73.61388397216797,42.81999969482422,44.880001068115234
2009-01-12,63.42279815673828,25.45331764221191,7.243399620056152,65.09574127197266,80.76000213623047,17.280746459960938,21.08551025390625,73.58174133300781,45.84000015258789,47.349998474121094
2009-01-13,63.53947830200195,25.46194839477539,7.31133222579956,65.14213562011719,80.87999725341797,17.568191528320312,21.327775955200195,73.67802429199219,43.27000045776367,47.13999938964844
2009-01-14,61.54090118408203,24.68592834472656,6.992896556854248,65.50663757324219,79.79000091552734,17.323017120361328,21.411314010620117,73.69412994384766,49.13999938964844,50.68000030517578
2009-01-15,61.562774658203125,25.091184616088867,7.1499924659729,65.45361328125,80.38999938964844,17.306108474731445,21.402963638305664,73.71017456054688,51.0,51.709999084472656
2009-01-16,62.04419708251953,25.36709976196289,7.476921558380127,64.8506088256836,82.70999908447266,17.3821964263916,21.21917724609375,73.66197967529297,46.11000061035156,48.95000076293945
2009-01-20,58.76909255981445,24.108232498168945,6.975912570953369,64.75112915039062,84.5199966430664,16.841115951538086,21.82901382446289,73.53366088867188,56.650001525878906,54.869998931884766
2009-01-21,61.30746078491211,25.134288787841797,7.137253761291504,64.17464447021484,84.1500015258789,16.90875244140625,21.63687515258789,73.66197967529297,46.41999816894531,49.959999084472656
2009-01-22,60.35923385620117,24.798023223876953,6.946191787719727,63.750511169433594,84.58000183105469,16.68893814086914,21.620166778564453,73.67802429199219,47.290000915527344,50.130001068115234
2009-01-23,60.621822357177734,24.918725967407227,7.247645378112793,63.76373672485352,88.52999877929688,17.466739654541016,21.61181640625,73.66197967529297,47.27000045776367,49.36000061035156
2009-01-26,61.03757095336914,25.099794387817383,7.277366638183594,63.60469055175781,88.94999694824219,17.500560760498047,21.327775955200195,73.64594268798828,45.689998626708984,47.470001220703125
2009-01-27,61.657623291015625,25.28087043762207,7.54910135269165,64.02217864990234,88.37999725341797,17.02711296081543,21.30271339416504,73.61388397216797,42.25,45.18000030517578
2009-01-28,63.74372100830078,26.16897773742676,7.710442543029785,63.61128616333008,87.41999816894531,17.43292236328125,21.377901077270508,73.58174133300781,39.65999984741211,42.20000076293945
2009-01-29,61.67217254638672,25.505054473876953,7.31133222579956,62.782958984375,89.5,17.22156524658203,21.544981002807617,73.58174133300781,42.630001068115234,43.529998779296875
2009-01-30,60.41757583618164,25.056684494018555,7.183959007263184,62.7564697265625,91.30999755859376,17.1201114654541,21.678646087646484,73.64594268798828,44.84000015258789,44.599998474121094
2009-02-02,60.23524475097656,25.358476638793945,7.392004489898682,63.2655143737793,88.83999633789062,16.79039192199707,21.661935806274418,73.69087219238281,45.52000045776367,43.90999984741211
2009-02-03,61.08134841918945,25.755104064941406,7.455692768096924,62.72056198120117,88.47000122070312,16.59593963623047,21.394611358642575,73.62670135498047,43.060001373291016,42.2400016784668
2009-02-04,60.78227996826172,25.789588928222656,7.587314128875732,62.4015998840332,89.18000030517578,16.68893814086914,21.595104217529297,73.6748275756836,43.849998474121094,42.130001068115234
2009-02-05,61.68675994873047,26.358671188354492,7.863293647766113,62.54780578613281,90.12000274658205,17.060930252075195,21.661935806274418,73.6427230834961,43.72999954223633,42.599998474121094
2009-02-06,63.44467544555664,27.048471450805664,8.020389556884766,62.16902923583984,89.58999633789062,17.187746047973633,21.478147506713867,73.53038024902344,43.369998931884766,43.380001068115234
2009-02-09,63.532203674316406,27.16056251525879,8.050108909606934,62.042762756347656,88.31999969482422,17.09474754333496,21.336132049560547,73.62670135498047,43.63999938964844,43.43000030517578
2009-02-10,60.621822357177734,26.160350799560547,7.684967041015625,62.873416900634766,90.20999908447266,16.874935150146484,21.58675193786621,73.61065673828125,46.66999816894531,46.060001373291016
2009-02-11,60.9792366027832,26.039648056030273,7.570330619812012,63.358524322509766,92.29000091552734,16.773483276367188,21.620166778564453,73.59457397460938,44.529998779296875,45.06999969482422
2009-02-12,61.02301025390625,26.358671188354492,7.617033958435059,63.33856964111328,93.16999816894533,16.798845291137695,21.703706741333008,73.59457397460938,41.25,42.65999984741211
2009-02-13,60.36654281616211,26.237957000732425,7.689215660095215,62.84018325805664,92.5500030517578,16.494487762451172,21.63687515258789,73.65877532958984,42.93000030517578,42.470001220703125
2009-02-17,57.78438186645508,25.194637298583984,7.188204765319824,63.89683532714844,95.4499969482422,15.572959899902344,22.062929153442383,73.65877532958984,48.65999984741211,46.0
2009-02-18,57.64580154418945,25.21189308166504,7.192450523376465,63.4316520690918,96.91000366210938,15.479961395263672,22.163177490234375,73.6748275756836,48.459999084472656,46.970001220703125
2009-02-19,57.02579116821289,24.823884963989254,6.848536491394043,63.07941818237305,95.7699966430664,15.8604097366333,22.037866592407227,73.6748275756836,47.08000183105469,45.630001068115234
2009-02-20,56.471435546875,24.89286231994629,6.920716285705566,63.25888442993164,97.8000030517578,15.682865142822266,21.728769302368164,73.6748275756836,49.29999923706055,47.029998779296875
2009-02-23,54.450965881347656,24.022003173828125,6.648983478546143,63.318702697753906,97.7300033569336,15.530688285827637,21.92926597595215,73.65877532958984,52.619998931884766,50.43000030517578
2009-02-24,56.51521682739258,24.815261840820312,6.967421054840088,63.07941818237305,94.7300033569336,15.82659149169922,21.81230926513672,73.61065673828125,45.4900016784668,45.11000061035156
2009-02-25,56.07026672363281,24.65143394470215,7.209433555603027,62.50790786743164,93.1500015258789,16.012588500976562,22.079639434814453,73.57852172851562,44.66999816894531,44.400001525878906
2009-02-26,55.15848159790039,23.961650848388672,7.099040985107422,62.34843444824219,93.05999755859376,16.35076141357422,22.062929153442383,73.59457397460938,44.65999984741211,44.18000030517578
2009-02-27,53.925785064697266,23.73746681213379,6.992896556854248,62.295265197753906,92.62999725341795,16.156314849853516,22.121408462524418,73.6427230834961,46.349998474121094,45.209999084472656
2009-03-02,51.49681854248047,22.970067977905273,6.682950019836426,62.92021179199219,90.93000030517578,15.34469223022461,22.34696388244629,73.68610382080078,52.650001525878906,48.66999816894531
2009-03-03,51.110225677490234,22.952831268310547,6.763620853424072,62.8403205871582,90.04000091552734,15.446146965026855,22.338611602783203,73.67002868652344,50.93000030517578,48.5099983215332
2009-03-04,52.32109451293945,23.56501579284668,7.052337646484375,62.52048873901367,88.98999786376953,15.987226486206056,22.213302612304688,73.67002868652344,47.560001373291016,44.720001220703125
2009-03-05,50.18387222290039,22.857990264892575,6.967421054840088,63.253421783447266,91.98999786376952,15.85195541381836,22.330257415771484,73.68610382080078,50.16999816894531,46.70000076293945
2009-03-06,50.27141571044922,22.67689514160156,6.844291687011719,62.95361328125,92.29000091552734,16.232402801513672,22.221656799316406,73.67002868652344,49.33000183105469,46.47999954223633
2009-03-09,49.680564880371094,22.194053649902344,6.755128383636475,62.980247497558594,90.56999969482422,16.139402389526367,22.34696388244629,73.67002868652344,49.68000030517578,46.529998779296875
2009-03-10,52.641998291015625,23.56501579284668,7.319825172424316,62.52048873901367,88.13999938964844,16.097131729125977,22.221656799316406,73.67002868652344,44.369998931884766,42.40999984741211
2009-03-11,52.984825134277344,23.927160263061523,7.434463024139404,62.96693801879883,89.22000122070312,15.589869499206545,21.979389190673828,73.67002868652344,43.61000061035156,42.5
2009-03-12,55.07096862792969,24.720420837402344,7.684967041015625,63.14680862426758,91.0999984741211,16.316946029663086,21.870790481567383,73.63793182373047,41.18000030517578,40.70000076293945
2009-03-13,55.501312255859375,24.780776977539062,7.799605369567871,63.10014724731445,91.3000030517578,16.173219680786133,21.895851135253903,73.62186431884766,42.36000061035156,41.83000183105469
2009-03-16,55.333553314208984,24.366893768310547,7.544854640960693,62.74031448364258,90.8000030517578,16.528305053710938,21.82901382446289,73.60585021972656,43.7400016784668,42.2400016784668
2009-03-17,57.02579116821289,25.28949546813965,7.842062950134277,62.62041091918945,90.04000091552734,16.883390426635742,21.79560279846191,73.65397644042969,40.79999923706055,39.97999954223633
2009-03-18,58.302284240722656,25.6085262298584,8.075584411621094,64.76599884033203,93.08999633789062,17.09474754333496,21.09386444091797,73.67002868652344,40.060001373291016,39.900001525878906
2009-03-19,57.58014678955078,25.59128189086914,7.982177734375,64.54610443115234,94.3499984741211,17.4498291015625,20.843244552612305,73.62186431884766,43.68000030517578,43.150001525878906
2009-03-20,56.35406875610352,25.201770782470703,7.701951026916504,64.54610443115234,93.58999633789062,17.686553955078125,21.018678665161133,73.65397644042969,45.88999938964844,46.279998779296875
2009-03-23,60.40192794799805,26.68726921081543,8.181729316711426,64.32616424560547,92.08000183105467,18.058547973632812,20.91007423400879,73.67002868652344,43.22999954223633,42.33000183105469
2009-03-24,59.211769104003906,26.194982528686523,7.973685264587402,64.23291015625,90.9499969482422,17.762645721435547,21.14398956298828,73.65397644042969,42.93000030517578,43.63999938964844
2009-03-25,59.83624649047851,26.315898895263672,7.99066686630249,63.84646987915039,91.9800033569336,17.492103576660156,20.976909637451172,73.68610382080078,42.25,41.900001525878906
2009-03-26,61.05572509765625,27.127735137939453,8.415249824523926,64.01304626464844,91.93000030517578,17.79646110534668,21.11057472229004,73.67002868652344,40.36000061035156,40.68000030517578
2009-03-27,59.95375061035156,26.618173599243164,8.224188804626465,63.97306823730469,90.69000244140624,17.466739654541016,21.36119270324707,73.68610382080078,41.040000915527344,42.09000015258789
2009-03-30,57.88209533691406,25.96179580688477,7.859046459197998,64.24626922607422,89.9800033569336,16.83266258239746,21.494855880737305,73.67002868652344,45.540000915527344,44.9900016784668
2009-03-31,58.41839218139648,26.186342239379883,7.939718246459961,64.35953521728516,90.27999877929688,16.90875244140625,21.419668197631836,73.63793182373047,44.13999938964844,44.59000015258789
2009-04-01,59.54973602294922,26.57499885559082,7.956700325012207,64.51721954345703,91.02999877929688,16.86648178100586,21.436378479003903,73.6507797241211,42.279998779296875,43.029998779296875
2009-04-02,61.29081726074219,27.43001937866211,8.27938461303711,64.09619140625,88.80000305175781,17.517467498779297,21.152341842651367,73.60260009765625,42.040000915527344,42.2400016784668
2009-04-03,61.900543212890625,27.9395809173584,8.491676330566406,63.361202239990234,87.58999633789062,17.788005828857422,21.08551025390625,73.6507797241211,39.70000076293945,41.06999969482422
2009-04-06,61.41569519042969,27.87049102783203,8.317598342895508,63.214168548583984,85.2699966430664,17.568191528320312,21.185760498046875,73.63475036621094,40.93000030517578,41.16999816894531
2009-04-07,59.983192443847656,27.13637351989746,8.058600425720215,63.374549865722656,86.73999786376953,17.25537872314453,21.344484329223633,73.63475036621094,40.38999938964844,41.66999816894531
2009-04-08,60.6296272277832,27.5941219329834,8.168993949890137,63.68861770629883,86.61000061035156,17.3821964263916,21.352840423583984,73.66683959960938,38.849998474121094,40.20000076293945
2009-04-09,63.03925704956055,28.449153900146484,8.542627334594727,63.314361572265625,86.30999755859375,17.63582992553711,21.436378479003903,73.61864471435547,36.529998779296875,38.529998779296875
2009-04-13,63.053951263427734,28.40596389770508,8.512906074523926,63.68861770629883,87.87999725341797,17.711915969848633,21.152341842651367,73.66683959960938,37.810001373291016,38.54999923706055
2009-04-14,61.9666862487793,28.060487747192383,8.54687213897705,64.01604461669922,87.37000274658203,17.39065170288086,21.20246696472168,73.63475036621094,37.66999816894531,38.689998626708984
2009-04-15,62.62784957885742,27.982778549194336,8.37279224395752,64.07620239257812,87.5,17.280746459960938,21.23588180541992,73.63475036621094,36.16999816894531,37.970001220703125
2009-04-16,63.546138763427734,28.708248138427734,8.695478439331055,63.822235107421875,85.80999755859375,17.20465660095215,21.31106948852539,73.68289947509766,35.790000915527344,36.959999084472656
2009-04-17,63.97226333618164,28.768712997436523,8.674248695373535,63.30772018432617,85.22000122070312,17.07784080505371,21.528274536132812,73.60260009765625,33.939998626708984,36.59000015258789
2009-04-20,61.29081726074219,27.84458351135254,8.275137901306152,63.748741149902344,86.94999694824219,16.4353084564209,21.69535255432129,73.63475036621094,39.18000030517578,39.40999984741211
2009-04-21,62.48828125,28.23322868347168,8.287877082824707,63.50152587890625,86.88999938964844,16.494487762451172,21.64522933959961,73.61864471435547,37.13999938964844,37.779998779296875
2009-04-22,62.10626220703125,28.319599151611328,8.555364608764648,63.34780502319336,87.37999725341797,16.519853591918945,21.58675193786621,73.66683959960938,38.099998474121094,38.5
2009-04-23,62.71598815917969,28.595975875854492,8.4789400100708,63.3343505859375,88.80000305175781,16.73966407775879,21.344484329223633,73.698974609375,37.150001525878906,37.97999954223633
2009-04-24,63.66370391845703,29.096895217895508,8.597822189331055,63.087181091308594,89.72000122070312,16.99329376220703,21.177404403686523,73.698974609375,36.81999969482422,37.810001373291016
2009-04-27,63.06129837036133,29.131441116333008,8.436480522155762,63.34780502319336,89.01000213623047,16.570573806762695,21.42802619934082,73.68289947509766,38.31999969482422,38.630001068115234
2009-04-28,62.86295700073242,28.915531158447266,8.334579467773438,63.040496826171875,87.75,16.452211380004883,21.294361114501953,73.698974609375,37.95000076293945,38.400001525878906
2009-04-29,64.19996643066406,29.312816619873047,8.44921875,62.699615478515625,88.33000183105469,16.83266258239746,21.14398956298828,73.68289947509766,36.08000183105469,36.4900016784668
2009-04-30,64.22200775146484,29.60645866394043,8.691228866577148,62.59273910522461,87.2699966430664,16.891841888427734,21.16905212402344,73.68289947509766,36.5,36.72999954223633
2009-05-01,64.56729125976562,29.68418884277344,8.65726375579834,62.39168548583984,86.94999694824219,17.39910888671875,21.118927001953125,73.70696258544922,35.29999923706055,35.84000015258789
2009-05-04,66.76388549804688,30.271467208862305,9.073357582092283,62.451942443847656,88.63999938964844,17.737281799316406,20.926782608032227,73.61063385009766,34.529998779296875,34.79999923706055
2009-05-05,66.53612518310547,30.245569229125977,8.895030975341797,62.43861389160156,88.25,17.48365020751953,20.993616104125977,73.62666320800781,33.36000061035156,34.18000030517578
2009-05-06,67.68950653076172,30.25420379638672,8.984193801879883,62.465354919433594,89.54000091552734,17.948640823364258,20.95184898376465,73.61063385009766,32.45000076293945,33.36000061035156
2009-05-07,66.74919128417969,29.546009063720703,8.551117897033691,61.9426383972168,89.44000244140625,17.982458114624023,20.95184898376465,73.61063385009766,33.439998626708984,34.040000915527344
2009-05-08,68.30658721923828,29.56328010559082,8.377039909362793,62.01630401611328,89.9800033569336,18.43053817749023,20.57591438293457,73.62666320800781,32.04999923706055,32.81999969482422
2009-05-11,67.0283432006836,29.666912078857425,8.406760215759277,62.59942626953125,89.69000244140625,18.27836227416992,20.684520721435547,73.61063385009766,32.869998931884766,33.38999938964844
2009-05-12,66.82998657226562,29.304174423217773,8.232681274414062,62.55923843383789,90.6999969482422,18.464357376098633,20.57591438293457,73.67484283447266,31.799999237060547,32.77000045776367
2009-05-13,65.14765167236328,28.51824378967285,8.088319778442383,62.847381591796875,91.08999633789062,18.25299644470215,20.651100158691406,73.62666320800781,33.650001525878906,33.83000183105469
2009-05-14,65.70598602294922,28.83779525756836,8.296369552612305,62.85411071777344,91.02999877929688,18.37135887145996,20.584266662597656,73.64271545410156,31.3700008392334,32.25
2009-05-15,65.16967010498047,28.82051467895508,8.143518447875977,62.6999626159668,91.5500030517578,17.906368255615234,20.72628593444824,73.64271545410156,33.119998931884766,33.220001220703125
2009-05-18,67.0209732055664,29.57191467285156,8.364301681518555,62.33135986328125,90.36000061035156,18.37981414794922,20.617687225341797,73.69090270996094,30.239999771118164,31.229999542236328
2009-05-19,66.94017028808594,29.710107803344727,8.512906074523926,62.24415969848633,90.95999908447266,18.37981414794922,20.509082794189453,73.67484283447266,28.799999237060547,30.420000076293945
2009-05-20,66.49202728271484,29.60645866394043,8.619051933288574,62.43861389160156,92.25,18.675718307495117,20.25846290588379,73.61063385009766,29.030000686645508,30.739999771118164
2009-05-21,65.53700256347656,29.062353134155273,8.411005973815918,61.75491714477539,93.8499984741211,18.52353858947754,20.124801635742188,73.65878295898438,31.350000381469727,32.38999938964844
2009-05-22,65.3974380493164,28.96734046936035,8.4789400100708,61.39304733276367,94.1500015258789,18.794078826904297,19.9827823638916,73.67484283447266,32.630001068115234,33.040000915527344
2009-05-26,67.07241821289062,30.04693603515625,8.703967094421387,60.98418045043945,93.76000213623048,18.83635139465332,20.02455139160156,73.69090270996094,30.6200008392334,31.530000686645508
2009-05-27,65.87493896484375,29.839656829833984,8.75916576385498,60.293846130371094,93.4499969482422,18.9208927154541,20.091386795043945,73.69090270996094,32.36000061035156,32.470001220703125
2009-05-28,66.79325866699219,30.185102462768555,8.954471588134766,60.608848571777344,94.23999786376952,19.26752471923828,20.108091354370117,73.67484283447266,31.670000076293945,32.04999923706055
2009-05-29,67.97601318359375,30.55649757385254,8.958718299865723,61.29248046875,96.1999969482422,19.639514923095703,19.824052810668945,73.69090270996094,28.920000076293945,30.43000030517578
2009-06-01,69.62159729003906,31.428783416748047,9.413023948669434,60.29217529296875,95.7300033569336,20.18059539794922,19.77393341064453,73.6330795288086,30.040000915527344,30.600000381469727
2009-06-02,69.68034362792969,31.47196388244629,9.1200590133667,60.493892669677734,96.36000061035156,20.265138626098633,19.590147018432617,73.6330795288086,29.6299991607666,30.579999923706055
2009-06-03,68.79884338378906,31.37697410583496,9.064866065979004,60.86360549926758,94.41000366210938,19.588788986206055,19.88253402709961,73.66522216796875,31.020000457763672,32.189998626708984
2009-06-04,69.44528198242188,31.73108291625977,9.17525863647461,60.15776824951172,96.2300033569336,20.307411193847656,19.84076499938965,73.66522216796875,30.18000030517578,31.579999923706055
2009-06-05,69.4599838256836,31.765625,8.962965965270996,59.5594482421875,93.70999908447266,20.1975040435791,20.183279037475582,73.649169921875,29.6200008392334,31.600000381469727
2009-06-08,69.17346954345703,31.67061233520508,9.001176834106445,59.25697708129883,93.55999755859376,20.146778106689453,20.191633224487305,73.66522216796875,29.770000457763672,31.770000457763672
2009-06-09,69.52608489990234,31.912466049194336,9.349334716796877,59.51238632202149,93.83000183105467,20.34122657775879,19.93265914916992,73.649169921875,28.270000457763672,30.670000076293945
2009-06-10,69.34979248046875,31.800168991088867,9.34084415435791,59.1561279296875,93.86000061035156,20.265138626098633,20.04961395263672,73.66522216796875,28.459999084472656,30.610000610351562
2009-06-11,69.65837097167969,31.800168991088867,9.336597442626951,59.5594482421875,93.6999969482422,20.451135635375977,19.849119186401367,73.6170425415039,28.110000610351562,29.93000030517578
2009-06-12,69.84931945800781,31.653364181518555,9.183745384216309,59.87542724609375,92.16999816894533,20.16368865966797,20.041259765625,73.68125915527344,28.149999618530273,29.5
2009-06-15,68.2478256225586,31.00560760498047,9.107324600219728,60.14432144165039,91.0999984741211,19.7747859954834,20.408838272094727,73.68125915527344,30.809999465942383,31.34000015258789
2009-06-16,67.3221664428711,30.70330810546875,8.933243751525879,60.48038864135742,91.93000030517578,19.69869613647461,20.141508102416992,73.69734191894531,32.68000030517578,32.790000915527344
2009-06-17,67.25607299804688,30.99696922302246,9.1200590133667,60.319053649902344,92.3499984741211,19.757877349853516,20.02455139160156,73.69734191894531,31.540000915527344,32.88999938964844
2009-06-18,67.748291015625,30.936504364013672,8.941734313964844,59.586307525634766,91.61000061035156,19.783239364624023,20.116445541381836,73.68125915527344,30.030000686645508,31.510000228881836
2009-06-19,67.99798583984375,31.268583297729492,9.081847190856934,59.861968994140625,91.9000015258789,19.614152908325195,20.02455139160156,73.69734191894531,27.989999771118164,30.639999389648438
2009-06-22,65.95893096923828,30.334667205810547,8.810114860534668,60.184608459472656,90.54000091552734,18.954710006713867,20.158214569091797,73.69734191894531,31.170000076293945,33.0099983215332
2009-06-23,66.01065826416016,30.265474319458008,8.746429443359375,60.37960433959961,90.91999816894533,19.284433364868164,19.924304962158203,73.69734191894531,30.579999923706055,32.41999816894531
2009-06-24,66.57953643798828,30.77566719055176,8.924753189086914,60.15102005004883,91.4499969482422,19.275978088378903,20.041259765625,73.69734191894531,29.049999237060547,31.06999969482422
2009-06-25,68.02757263183594,31.380970001220703,9.05212688446045,60.90388870239258,92.30999755859376,19.445064544677734,20.02455139160156,73.69734191894531,26.360000610351562,29.40999984741211
2009-06-26,67.8501968383789,31.45014762878418,9.069110870361328,60.9846305847168,92.29000091552734,19.284433364868164,19.90759658813477,73.69734191894531,25.93000030517578,29.280000686645508
2009-06-29,68.48555755615234,31.519346237182617,9.073357582092283,61.11228942871094,92.04000091552734,19.470430374145508,19.890886306762695,73.69734191894531,25.350000381469727,28.200000762939453
2009-06-30,67.93147277832031,31.458816528320312,9.107324600219728,60.95099639892578,91.18000030517578,19.12380027770996,19.96607208251953,73.68125915527344,26.350000381469727,28.760000228881836
2009-07-01,68.21221160888672,31.476102828979492,9.238944053649902,60.911861419677734,92.38999938964844,19.047710418701172,19.865825653076172,73.68289184570312,26.219999313354492,28.959999084472656
2009-07-02,66.35047912597656,30.784326553344727,9.15827178955078,61.11414337158203,91.25,18.62499237060547,19.974428176879883,73.6989517211914,27.950000762939453,30.530000686645508
2009-07-06,66.34310913085938,30.62002182006836,9.098832130432127,61.15455627441406,90.76000213623048,18.06700134277344,20.007843017578125,73.68289184570312,29.0,30.790000915527344
2009-07-07,65.05760955810547,29.859058380126953,8.865309715270996,61.397239685058594,90.70999908447266,17.77955436706543,20.091386795043945,73.68289184570312,30.850000381469727,32.09000015258789
2009-07-08,65.01331329345703,30.01470184326172,8.720952987670898,62.10500717163086,89.2699966430664,17.559738159179688,20.066322326660156,73.6989517211914,31.299999237060547,32.41999816894531
2009-07-09,65.13885498046875,30.066606521606445,8.856818199157715,61.74102783203125,89.51000213623047,17.669645309448242,19.899240493774418,73.68289184570312,29.780000686645508,31.670000076293945
2009-07-10,64.98371124267578,30.196308135986328,8.903521537780762,62.12527084350586,89.58000183105469,17.534374237060547,19.949365615844727,73.68289184570312,29.020000457763672,31.709999084472656
2009-07-13,66.56475067138672,30.77566719055176,9.107324600219728,61.90280532836914,90.19000244140624,17.62737464904785,19.915950775146484,73.6989517211914,26.309999465942383,30.100000381469727
2009-07-14,66.94153594970703,30.88808250427246,9.268665313720703,61.49161529541016,90.80999755859376,17.62737464904785,19.93265914916992,73.6989517211914,25.020000457763672,29.579999923706055
2009-07-15,68.8993148803711,31.925764083862305,9.72296905517578,60.6961669921875,92.23999786376952,18.092365264892575,19.74051284790039,73.66681671142578,25.889999389648438,29.110000610351562
2009-07-16,68.78845977783203,32.30624008178711,9.935260772705078,61.060157775878906,91.9800033569336,18.1346378326416,19.72380828857422,73.6989517211914,25.420000076293945,28.610000610351562
2009-07-17,69.54203796386719,32.47917938232422,10.049898147583008,60.64900588989258,91.93000030517578,18.405179977416992,19.765579223632812,73.6989517211914,24.34000015258789,28.649999618530273
2009-07-20,70.28086853027344,32.790489196777344,10.17727279663086,60.87140655517578,93.27999877929688,18.709531784057617,19.631914138793945,73.66681671142578,24.399999618530273,27.59000015258789
2009-07-21,70.60589599609375,33.01531982421875,10.10934066772461,61.552284240722656,93.12999725341795,18.64189910888672,19.640268325805664,73.66681671142578,23.8700008392334,27.440000534057617
2009-07-22,70.59109497070312,33.29204177856445,10.35135269165039,61.18821334838867,93.44000244140624,18.74335289001465,19.606849670410156,73.68289184570312,23.469999313354492,27.219999313354492
2009-07-23,72.14996337890625,34.02703857421875,10.525432586669922,60.595088958740234,93.26000213623048,19.132251739501953,19.606849670410156,73.66681671142578,23.43000030517578,26.959999084472656
2009-07-24,72.44548034667969,33.76763153076172,10.52967929840088,60.72314453125,93.41000366210938,19.14916229248047,19.581789016723633,73.65072631835938,23.09000015258789,26.3700008392334
2009-07-27,72.65974426269531,34.02703857421875,10.52967929840088,60.44000625610352,93.70999908447266,19.225250244140625,19.565080642700195,73.65072631835938,24.280000686645508,26.989999771118164
2009-07-28,72.31988525390625,33.793548583984375,10.61884307861328,60.56133270263672,92.11000061035156,19.013893127441406,19.62356185913086,73.66681671142578,25.010000228881836,27.959999084472656
2009-07-29,72.1426010131836,34.01840591430664,10.542414665222168,60.60182571411133,91.1999969482422,18.52353858947754,19.765579223632812,73.66681671142578,25.610000610351562,28.420000076293945
2009-07-30,72.89614868164062,34.2172737121582,10.533924102783203,60.8444938659668,91.62000274658205,19.098434448242188,19.74051284790039,73.68289184570312,25.399999618530273,28.190000534057617
2009-07-31,72.99961853027344,34.11351013183594,10.593366622924805,61.4578857421875,93.3499984741211,19.478883743286133,19.48154067993164,73.63468170166016,25.920000076293945,28.399999618530273
2009-08-03,74.20380401611328,34.62371826171875,10.729233741760254,60.80488586425781,93.87000274658205,20.02841567993164,19.32281494140625,73.65399169921875,25.559999465942383,27.709999084472656
2009-08-04,74.39586639404297,34.62371826171875,10.72498607635498,60.629058837890625,94.68000030517578,20.0368709564209,19.32281494140625,73.67005920410156,24.889999389648438,27.219999313354492
2009-08-05,74.181640625,34.35563278198242,10.623087882995604,60.284271240234375,94.77999877929688,20.248231887817383,19.297754287719727,73.65399169921875,24.899999618530273,27.170000076293945
2009-08-06,73.7974624633789,34.05298614501953,10.482975006103516,60.284271240234375,94.5999984741211,19.783239364624023,19.389644622802734,73.65399169921875,25.670000076293945,27.979999542236328
2009-08-07,74.76526641845703,34.4853401184082,10.457500457763672,59.88541412353515,93.75,19.69024085998535,19.615203857421875,73.65399169921875,24.760000228881836,27.110000610351562
2009-08-10,74.6101303100586,34.24321365356445,10.389565467834473,60.270782470703125,92.93000030517578,19.681787490844727,19.682037353515625,73.65399169921875,24.989999771118164,27.059999465942383
2009-08-11,73.67929077148438,33.949222564697266,10.291911125183104,60.68989562988281,92.79000091552734,19.38588523864746,19.698747634887695,73.65399169921875,25.989999771118164,28.100000381469727
2009-08-12,74.46974182128906,34.47669982910156,10.381075859069824,60.5208740234375,92.9499969482422,19.487335205078125,19.606849670410156,73.68616485595703,25.450000762939453,27.739999771118164
2009-08-13,75.03861999511719,34.66693878173828,10.623087882995604,60.994163513183594,93.72000122070312,19.749422073364254,19.51496124267578,73.65399169921875,24.709999084472656,27.280000686645508
2009-08-14,74.4623794555664,34.2691650390625,10.423532485961914,61.1834716796875,93.0,19.191434860229492,19.590147018432617,73.68616485595703,24.270000457763672,27.110000610351562
2009-08-17,72.63015747070312,33.27472686767578,10.17302703857422,61.60258102416992,91.61000061035156,18.90398597717285,19.70709800720215,73.65399169921875,27.889999389648438,29.93000030517578
2009-08-18,73.20640563964844,33.750328063964844,10.325878143310549,61.38627624511719,92.05999755859376,19.275978088378903,19.6569766998291,73.68616485595703,26.18000030517578,28.899999618530273
2009-08-19,73.84919738769531,33.98380661010742,10.423532485961914,61.61614227294922,92.52999877929688,19.41124725341797,19.531665802001953,73.65399169921875,26.260000228881836,28.479999542236328
2009-08-20,74.6101303100586,34.38159942626953,10.436269760131836,61.77840042114258,92.2699966430664,19.25061416625977,19.47318649291992,73.67005920410156,25.09000015258789,28.290000915527344
2009-08-21,76.07292175292969,34.839900970458984,10.62733268737793,61.14962387084961,93.6500015258789,19.39433860778809,19.40635681152344,73.65399169921875,25.010000228881836,27.770000457763672
2009-08-24,76.06554412841797,34.805301666259766,10.53817081451416,61.52825164794922,92.33999633789062,19.42815589904785,19.4481258392334,73.65399169921875,25.139999389648438,28.15999984741211
2009-08-25,76.21331024169922,34.9090690612793,10.576383590698242,61.69048309326172,92.76000213623048,19.14916229248047,19.4481258392334,73.65399169921875,24.920000076293945,28.15999984741211
2009-08-26,76.22068786621094,34.848533630371094,10.686774253845217,61.77158737182617,92.79000091552734,19.098434448242188,19.52331161499023,73.67005920410156,24.950000762939453,28.360000610351562
2009-08-27,76.390625,34.93502426147461,10.699512481689451,61.60258102416992,93.19000244140624,19.259069442749023,19.414709091186523,73.67005920410156,24.68000030517578,28.40999984741211
2009-08-28,76.37583923339844,34.969608306884766,10.90755844116211,61.7445182800293,93.87000274658205,19.216794967651367,19.4481258392334,73.68616485595703,24.760000228881836,28.5
2009-08-31,75.69612884521484,34.615074157714844,10.805659294128418,61.92709732055664,93.4000015258789,18.692623138427734,19.43141746520996,73.68616485595703,26.010000228881836,29.170000076293945
2009-09-01,74.02649688720703,33.96650695800781,10.546661376953123,62.087764739990234,93.9000015258789,18.405179977416992,19.556726455688477,73.64115142822266,29.149999618530273,30.8799991607666
2009-09-02,73.74574279785156,33.94057846069336,10.49571132659912,62.4267463684082,96.19000244140624,18.447446823120117,19.48154067993164,73.70540618896484,28.899999618530273,31.040000915527344
2009-09-03,74.35896301269531,34.1654052734375,10.584875106811523,62.203067779541016,97.45999908447266,18.354448318481445,19.49825096130371,73.70540618896484,27.100000381469727,29.600000381469727
2009-09-04,75.40062713623047,34.90042495727539,10.83962345123291,61.83015441894531,97.52999877929688,18.27836227416992,19.42306327819824,73.70540618896484,25.260000228881836,28.479999542236328
2009-09-08,76.05079650878906,35.22901916503906,11.000967979431152,61.68777847290039,97.43000030517578,18.61653709411621,19.205856323242188,73.70540618896484,25.6200008392334,28.209999084472656
2009-09-09,76.63441467285156,35.53166961669922,11.094372749328612,61.74203109741211,97.08000183105467,18.692623138427734,19.139028549194336,73.65721130371094,24.31999969482422,27.290000915527344
2009-09-10,77.41753387451172,35.86891174316406,11.10286808013916,62.203067779541016,97.6999969482422,18.794078826904297,19.097257614135746,73.67329406738281,23.549999237060547,26.510000228881836
2009-09-11,77.40274810791016,35.90350341796875,10.933035850524902,62.386077880859375,98.77999877929688,18.54890251159668,19.055484771728516,73.65721130371094,24.149999618530273,26.559999465942383
2009-09-14,77.77953338623047,36.04186248779297,10.92878532409668,62.01994323730469,97.95999908447266,18.447446823120117,19.038780212402344,73.65721130371094,23.860000610351562,26.40999984741211
2009-09-15,78.1046142578125,36.15428161621094,10.996722221374512,61.891143798828125,98.9000015258789,18.87862014770508,18.971946716308594,73.65721130371094,23.420000076293945,26.329999923706055
2009-09-16,79.28665161132812,36.681766510009766,10.95426082611084,61.84373092651367,99.91000366210938,19.12380027770996,18.913469314575195,73.65721130371094,23.690000534057617,25.8700008392334
2009-09-17,79.16845703125,36.673133850097656,10.75046157836914,62.14877700805664,99.33999633789062,19.132251739501953,18.94688415527344,73.67329406738281,23.649999618530273,25.940000534057617
2009-09-18,79.21893310546875,36.73455810546875,10.856609344482422,61.81657791137695,98.66999816894533,18.963165283203125,19.01371955871582,73.65721130371094,23.920000076293945,26.540000915527344
2009-09-21,79.01850891113281,36.84710311889648,10.80990505218506,61.77589416503906,98.36000061035156,18.54890251159668,19.080549240112305,73.70540618896484,24.059999465942383,26.229999542236328
2009-09-22,79.47874450683594,36.91635513305664,10.890573501586914,61.938594818115234,99.66999816894533,18.853260040283203,18.880054473876953,73.65721130371094,23.079999923706055,25.690000534057617
2009-09-23,78.81808471679688,36.743221282958984,11.009459495544434,62.07419967651367,98.83000183105467,18.43053817749023,18.963592529296875,73.68937683105469,23.489999771118164,26.09000015258789
2009-09-24,77.94957733154297,36.41429138183594,10.805659294128418,62.24367904663086,97.5500030517578,18.193819046020508,19.105613708496097,73.65721130371094,24.950000762939453,27.1299991607666
2009-09-25,77.53390502929688,36.094051361083984,10.780183792114258,62.49453353881836,97.0,18.050094604492188,19.055484771728516,73.68937683105469,25.610000610351562,27.209999084472656
2009-09-28,78.92198944091797,36.708621978759766,10.996722221374512,62.6030387878418,97.0500030517578,18.21072578430176,19.113964080810547,73.70540618896484,24.8799991607666,26.270000457763672
2009-09-29,78.6844711303711,36.544151306152344,10.835379600524902,62.575904846191406,97.43000030517578,18.143089294433594,19.147380828857425,73.70540618896484,25.190000534057617,26.479999542236328
2009-09-30,78.380126953125,36.57011032104492,10.877836227416992,62.62333679199219,98.8499984741211,18.650352478027344,19.038780212402344,73.70540618896484,25.610000610351562,26.65999984741211
2009-10-01,76.43528747558594,35.488155364990234,10.444761276245115,63.094444274902344,97.88999938964844,18.531991958618164,19.172443389892575,73.66039276123047,28.270000457763672,28.329999923706055
2009-10-02,76.0789794921875,35.38426208496094,10.368337631225586,63.06727981567383,98.37000274658205,18.34599494934082,19.130672454833984,73.66039276123047,28.68000030517578,28.799999237060547
2009-10-05,77.21469116210938,35.669925689697266,10.482975006103516,63.060447692871094,99.81999969482422,18.937803268432617,19.022069931030273,73.69255065917969,26.84000015258789,27.610000610351562
2009-10-06,78.32076263427734,36.30179977416992,10.720742225646973,62.85652160644531,102.27999877929688,18.709531784057617,18.938533782958984,73.66039276123047,25.700000762939453,26.729999542236328
2009-10-07,78.53602600097656,36.40565872192383,10.699512481689451,63.25765228271485,102.36000061035156,18.74335289001465,18.955238342285156,73.69255065917969,24.68000030517578,26.1200008392334
2009-10-08,79.13726806640625,36.56145095825195,10.652810096740724,63.02647018432617,103.63999938964844,19.115345001220703,18.829931259155273,73.66039276123047,24.18000030517578,25.739999771118164
2009-10-09,79.61976623535156,36.769195556640625,10.992472648620604,62.42146682739258,102.83999633789062,19.191434860229492,18.980300903320312,73.67648315429688,23.1200008392334,25.079999923706055
2009-10-12,79.93154907226562,36.84710311889648,11.158061981201172,62.60498046875,103.55999755859376,19.58033561706543,18.89676094055176,73.67648315429688,23.010000228881836,25.170000076293945
2009-10-13,79.76825714111328,36.85574722290039,11.11984920501709,62.74778366088867,104.26000213623048,19.80014991760254,18.854991912841797,73.67648315429688,22.989999771118164,25.09000015258789
2009-10-14,81.14151000976562,37.3577766418457,11.281194686889648,62.31949234008789,104.18000030517578,19.952327728271484,18.71297264099121,73.66039276123047,22.860000610351562,24.579999923706055
2009-10-15,81.43842315673828,37.27122116088867,11.11135959625244,62.115570068359375,102.86000061035156,20.15523338317871,18.72132873535156,73.66039276123047,21.719999313354492,24.219999313354492
2009-10-16,80.82975769042969,37.028846740722656,10.894822120666504,62.40104675292969,103.18000030517578,20.205955505371097,18.77145004272461,73.69255065917969,21.43000030517578,24.399999618530273
2009-10-19,81.4978256225586,37.40105056762695,11.081636428833008,62.49624252319336,104.2300033569336,20.493406295776367,18.67955780029297,73.67648315429688,21.489999771118164,24.149999618530273
2009-10-20,81.06727600097656,37.409706115722656,11.02219581604004,62.63898468017578,103.41999816894533,20.366594314575195,18.76309585571289,73.66039276123047,20.899999618530273,23.719999313354492
2009-10-21,80.33979034423828,37.340450286865234,10.805659294128418,62.49624252319336,103.75,20.797767639160156,18.646141052246097,73.66039276123047,22.219999313354492,24.549999237060547
2009-10-22,81.15633392333984,37.48759841918945,11.00521183013916,62.31271743774414,103.91999816894533,20.96685028076172,18.637786865234375,73.66039276123047,20.690000534057617,23.350000381469727
2009-10-23,80.22847747802734,37.33180236816406,10.72498607635498,62.00675582885742,103.48999786376952,20.89076232910156,18.738035202026367,73.66039276123047,22.270000457763672,24.309999465942383
2009-10-26,79.3599624633789,37.21061706542969,10.7759370803833,61.65325546264648,101.86000061035156,20.510318756103516,18.863346099853516,73.66039276123047,24.309999465942383,25.3700008392334
2009-10-27,78.99623107910156,36.64800262451172,10.614595413208008,62.18350982666016,101.8499984741211,20.366594314575195,18.913469314575195,73.66039276123047,24.829999923706055,25.459999084472656
2009-10-28,77.50420379638672,35.82571792602539,10.334369659423828,62.37386322021485,100.7300033569336,19.84242057800293,18.98865509033203,73.66039276123047,27.90999984741211,27.420000076293945
2009-10-29,79.16698455810547,36.43162155151367,10.546661376953123,62.0747184753418,102.69000244140624,20.4595890045166,18.854991912841797,73.67648315429688,24.760000228881836,25.65999984741211
2009-10-30,76.87322235107422,35.45353317260742,10.27068328857422,62.53704452514648,102.52999877929688,19.943872451782227,18.963592529296875,73.70861053466797,30.690000534057617,29.06999969482422
2009-11-02,77.43741607666016,35.60066604614258,10.262189865112305,62.37249374389648,103.9499969482422,20.290504455566406,18.89676094055176,73.71022033691406,29.780000686645508,28.81999969482422
2009-11-03,77.6823501586914,35.71321487426758,10.147552490234377,62.228519439697266,106.45999908447266,20.57794952392578,18.94688415527344,73.71022033691406,28.809999465942383,28.8700008392334
2009-11-04,77.88275146484375,35.773780822753906,10.190011978149414,62.057125091552734,107.0999984741211,20.5610408782959,18.804866790771484,73.69412994384766,27.719999313354492,28.18000030517578
2009-11-05,79.31542205810547,36.65666580200195,10.43202304840088,62.070804595947266,106.9800033569336,20.451135635375977,19.164091110229492,73.69412994384766,25.43000030517578,26.610000610351562
2009-11-06,79.52324676513672,36.873043060302734,10.406550407409668,62.25592422485352,107.43000030517578,20.087596893310547,19.07219696044922,73.71022033691406,24.190000534057617,25.8799991607666
2009-11-09,81.33448028564453,37.66071701049805,10.729233741760254,62.283348083496094,108.19000244140624,20.417316436767575,18.829931259155273,73.71022033691406,23.149999618530273,24.40999984741211
2009-11-10,81.34933471679688,37.75593948364258,10.818394660949709,62.33137512207031,108.38999938964844,20.31586456298828,18.74638938903809,73.66199493408203,22.84000015258789,24.709999084472656
2009-11-11,81.76502990722656,37.9982795715332,10.950017929077148,62.50958251953125,109.5999984741211,20.451135635375977,18.779804229736328,73.66199493408203,23.040000915527344,24.969999313354492
2009-11-12,80.93366241455078,37.78189849853515,10.86085319519043,62.530242919921875,108.20999908447266,20.146778106689453,19.047134399414062,73.66199493408203,24.239999771118164,26.06999969482422
2009-11-13,81.37164306640625,38.093505859375,10.90755844116211,62.57813262939453,109.73999786376952,20.12986946105957,18.646141052246097,73.66199493408203,23.360000610351562,25.600000381469727
2009-11-16,82.5518798828125,38.48298645019531,11.179293632507324,62.9140625,111.62999725341795,20.713220596313477,18.562602996826172,73.66199493408203,22.889999389648438,25.149999618530273
2009-11-17,82.64838409423828,38.60418701171875,11.17504596710205,63.05116653442383,111.97000122070312,20.814674377441406,18.67955780029297,73.66199493408203,22.40999984741211,25.040000915527344
2009-11-18,82.59644317626953,38.38779830932617,11.068899154663086,62.893531799316406,112.25,20.831581115722656,18.61272621154785,73.66199493408203,21.6299991607666,24.719999313354492
2009-11-19,81.52005767822266,37.790565490722656,10.699512481689451,62.968971252441406,112.3000030517578,20.53567886352539,18.67120361328125,73.66199493408203,22.6299991607666,25.110000610351562
2009-11-20,81.2305908203125,37.60013961791992,10.648561477661133,62.96207427978515,112.94000244140624,20.510318756103516,18.74638938903809,73.66199493408203,22.190000534057617,24.65999984741211
2009-11-23,82.26238250732422,38.206024169921875,10.763201713562012,62.87296295166016,114.29000091552734,20.603315353393555,18.604372024536133,73.66199493408203,21.15999984741211,24.110000610351562
2009-11-24,82.38858795166016,38.0761833190918,10.835379600524902,63.19518280029297,114.7300033569336,20.366594314575195,18.62108039855957,73.66199493408203,20.469999313354492,23.739999771118164
2009-11-25,82.67807006835938,38.24065399169922,10.890573501586914,63.40768051147461,116.62000274658205,20.856945037841797,18.40387535095215,73.66199493408203,20.479999542236328,23.65999984741211
2009-11-27,81.33448028564453,37.66071701049805,10.784428596496582,63.69564056396485,115.05999755859376,20.62022590637207,18.596019744873047,73.67809295654297,24.739999771118164,26.149999618530273
2009-11-30,81.60914611816406,37.70398712158203,10.80990505218506,63.79843521118164,115.63999938964844,20.848487854003903,18.520832061767575,73.67809295654297,24.510000228881836,26.239999771118164
2009-12-01,82.61869049072266,38.093505859375,11.12409782409668,63.44670486450195,117.37999725341795,21.000669479370117,18.43729019165039,73.67809295654297,21.920000076293945,24.940000534057617
2009-12-02,82.5815658569336,38.14544296264648,11.209012031555176,63.31612777709961,119.18000030517578,20.856945037841797,18.495769500732425,73.66199493408203,21.1200008392334,24.799999237060547
2009-12-03,81.9357681274414,37.9896354675293,11.36186408996582,63.02068328857422,118.6999969482422,20.84003639221191,18.50412368774414,73.66199493408203,22.459999084472656,25.510000228881836
2009-12-04,82.40345001220703,38.188716888427734,11.518959999084473,62.55341339111328,113.75,20.67094993591309,18.779804229736328,73.69412994384766,21.25,24.760000228881836
2009-12-07,82.27722930908203,38.00696563720703,11.510468482971191,62.72518157958984,113.11000061035156,20.484952926635746,18.779804229736328,73.66199493408203,22.100000381469727,25.299999237060547
2009-12-08,81.36420440673828,37.77324676513672,11.434041976928713,62.94511413574219,110.9499969482422,20.28204917907715,18.8716983795166,73.66199493408203,23.690000534057617,26.1299991607666
2009-12-09,81.66851043701172,38.154090881347656,11.476500511169434,62.821414947509766,110.83999633789062,20.02841567993164,18.79651260375977,73.69412994384766,22.65999984741211,25.799999237060547
2009-12-10,82.12875366210938,38.344512939453125,11.44253635406494,62.6083984375,110.81999969482422,19.91851043701172,18.79651260375977,73.66199493408203,22.31999969482422,25.34000015258789
2009-12-11,82.47767639160156,38.1973876953125,11.357617378234863,62.299224853515625,109.31999969482422,20.01996421813965,18.94688415527344,73.66199493408203,21.59000015258789,25.1200008392334
2009-12-14,83.04180908203125,38.560916900634766,11.510468482971191,62.299224853515625,110.23999786376952,20.12986946105957,18.90511703491211,73.64593505859375,21.149999618530273,24.559999465942383
2009-12-15,82.65582275390625,38.344512939453125,11.40432071685791,62.09995651245117,110.20999908447266,20.0368709564209,19.038780212402344,73.64593505859375,21.489999771118164,24.729999542236328
2009-12-16,82.781982421875,38.39646530151367,11.480746269226074,62.09995651245117,111.58999633789062,20.383499145507812,19.022069931030273,73.66199493408203,20.540000915527344,24.25
2009-12-17,81.78730010986328,37.92904281616211,11.285438537597656,62.64961624145508,107.33999633789062,20.070688247680664,19.222566604614254,73.66199493408203,22.510000228881836,24.780000686645508
2009-12-18,82.2500228881836,38.54719924926758,11.493484497070312,62.340431213378906,108.9499969482422,20.15523338317871,19.222566604614254,73.66199493408203,21.68000030517578,24.520000457763672
2009-12-21,83.08589935302734,38.980709075927734,11.727005958557127,61.70144271850586,106.9499969482422,19.96078109741211,19.28104591369629,73.66199493408203,20.489999771118164,23.530000686645508
2009-12-22,83.38439178466797,39.214805603027344,11.752479553222656,61.42657852172851,106.16999816894533,20.10450553894043,19.347877502441406,73.66199493408203,19.540000915527344,22.760000228881836
2009-12-23,83.54859161376953,39.50092697143555,11.739742279052734,61.39908981323242,106.5500030517578,20.4595890045166,19.239276885986328,73.66199493408203,19.709999084472656,22.68000030517578
2009-12-24,83.94410705566406,39.86507415771485,11.918067932128906,61.17924880981445,108.36000061035156,20.57794952392578,19.239276885986328,73.67809295654297,19.469999313354492,22.43000030517578
2009-12-28,84.12321472167969,40.07316207885742,11.799186706542969,61.01435852050781,108.5500030517578,20.941490173339844,19.189151763916016,73.66199493408203,19.93000030517578,22.489999771118164
2009-12-29,84.00382232666016,39.908443450927734,11.748236656188965,61.1754150390625,107.47000122070312,20.899219512939453,19.247631072998047,73.66841888427734,20.010000228881836,22.6299991607666
2009-12-30,83.97395324707031,40.02980422973633,11.952033996582031,61.28555679321289,106.93000030517578,20.87385368347168,19.247631072998047,73.68450164794922,19.959999084472656,22.65999984741211
2009-12-31,83.16797637939453,39.665672302246094,11.85438060760498,60.989540100097656,107.30999755859376,20.814674377441406,19.28104591369629,73.70059204101562,21.68000030517578,23.889999389648438
2010-01-04,84.5784683227539,40.24656677246094,12.062427520751951,61.14101028442383,109.8000030517578,21.338844299316406,19.147380828857425,73.66841888427734,20.040000915527344,22.770000457763672
2010-01-05,84.80236053466797,40.24656677246094,11.994492530822754,61.4094123840332,109.6999969482422,21.36421012878418,19.139028549194336,73.65238189697266,19.350000381469727,22.389999389648438
2010-01-06,84.8620834350586,40.00379943847656,11.96477222442627,61.161678314208984,111.51000213623048,21.744653701782227,19.088903427124023,73.65238189697266,19.15999984741211,21.799999237060547
2010-01-07,85.22032165527344,40.02980422973633,11.87136173248291,61.161678314208984,110.81999969482422,21.4741153717041,19.21421241760254,73.65238189697266,19.059999465942383,21.600000381469727
2010-01-08,85.50390625,40.35927200317383,12.109131813049316,61.2374267578125,111.37000274658205,21.457204818725582,19.080549240112305,73.65238189697266,18.1299991607666,21.0
2010-01-11,85.6232681274414,40.19453811645508,12.06667137145996,61.278690338134766,112.8499984741211,21.389572143554688,18.980300903320312,73.65238189697266,17.549999237060547,21.270000457763672
2010-01-12,84.82475280761719,39.69169998168945,11.63784122467041,61.71921157836914,110.48999786376952,20.933034896850582,18.980300903320312,73.65238189697266,18.25,21.790000915527344
2010-01-13,85.5412368774414,40.18588638305664,11.786447525024414,61.42319869995117,111.54000091552734,20.94994354248047,18.963592529296875,73.68450164794922,17.850000381469727,21.290000915527344
2010-01-14,85.77257537841797,40.22054290771485,11.80342960357666,61.712310791015625,112.02999877929688,20.84003639221191,18.913469314575195,73.66841888427734,17.6299991607666,20.709999084472656
2010-01-15,84.8097915649414,39.75237274169922,11.434041976928713,61.987693786621094,110.86000061035156,20.603315353393555,19.022069931030273,73.66841888427734,17.90999984741211,21.479999542236328
2010-01-19,85.86957550048828,40.39395904541016,11.59963035583496,61.87754821777344,111.5199966430664,20.738584518432617,19.080549240112305,73.66841888427734,17.579999923706055,20.889999389648438
2010-01-20,84.99639892578125,39.813045501708984,11.535943031311035,62.0909538269043,108.94000244140624,20.34968376159668,19.31446075439453,73.66841888427734,18.68000030517578,21.399999618530273
2010-01-21,83.36202239990234,39.44024658203125,11.468008995056152,62.31814956665039,107.37000274658205,20.096052169799805,19.31446075439453,73.66841888427734,22.270000457763672,23.149999618530273
2010-01-22,81.50372314453125,38.287132263183594,10.899066925048828,62.37320327758789,107.16999816894533,19.88469123840332,19.28104591369629,73.66841888427734,27.309999465942383,26.290000915527344
2010-01-25,81.92160034179688,38.417179107666016,11.047672271728516,62.23554611206055,107.4800033569336,19.977689743041992,19.25598526000977,73.68450164794922,25.40999984741211,25.190000534057617
2010-01-26,81.578369140625,38.45185852050781,10.95426082611084,62.359397888183594,107.55999755859376,19.757877349853516,19.339521408081055,73.68450164794922,24.549999237060547,25.170000076293945
2010-01-27,81.96640014648438,38.755313873291016,11.11135959625244,62.2148551940918,106.52999877929688,19.470430374145508,19.40635681152344,73.70059204101562,23.139999389648438,24.1299991607666
2010-01-28,81.02609252929688,37.758243560791016,10.843871116638184,62.19419479370117,106.4800033569336,19.402795791625977,19.439773559570312,73.68450164794922,23.729999542236328,24.670000076293945
2010-01-29,80.14543914794922,37.099327087402344,10.512693405151367,62.43512344360352,105.95999908447266,19.18297958374023,19.590147018432617,73.70059204101562,24.6200008392334,25.3799991607666
2010-02-01,81.39175415039062,37.506805419921875,10.741971015930176,62.221004486083984,108.3499984741211,19.64797019958496,19.50660514831543,73.68450164794922,22.59000015258789,23.639999389648438
2010-02-02,82.37688446044922,37.84494400024414,10.865097999572754,62.324676513671875,109.12999725341795,20.070688247680664,19.439773559570312,73.66841888427734,21.479999542236328,22.93000030517578
2010-02-03,81.96640014648438,38.05304336547851,10.826886177062988,62.02762985229492,108.6999969482422,19.82551383972168,19.54837417602539,73.70059204101562,21.600000381469727,23.0
2010-02-04,79.43644714355469,36.9519157409668,10.406550407409668,62.53876876831055,104.37000274658205,19.166072845458984,19.673683166503903,73.70059204101562,26.079999923706055,25.979999542236328
2010-02-05,79.60062408447266,37.264041900634766,10.661301612854004,62.739044189453125,104.68000030517578,18.9208927154541,19.757225036621097,73.70059204101562,26.110000610351562,26.0
2010-02-08,79.02600860595703,36.99528121948242,10.61884307861328,62.68376541137695,104.04000091552734,18.92934799194336,19.748868942260746,73.70059204101562,26.510000228881836,26.43000030517578
2010-02-09,80.01858520507812,37.37677001953125,10.729233741760254,62.345340728759766,105.41000366210938,19.26752471923828,19.62356185913086,73.70059204101562,26.0,26.040000915527344
2010-02-10,79.86186218261719,37.29872131347656,10.758955001831056,62.17267990112305,105.12000274658205,19.343610763549805,19.682037353515625,73.70059204101562,25.399999618530273,25.8700008392334
2010-02-11,80.69769287109375,37.862281799316406,10.950017929077148,62.096702575683594,107.12999725341795,19.57187843322754,19.673683166503903,73.70059204101562,23.959999084472656,24.56999969482422
2010-02-12,80.63054656982422,37.94032287597656,11.064654350280762,62.24175262451172,107.04000091552734,19.461973190307617,19.74051284790039,73.70059204101562,22.729999542236328,24.459999084472656
2010-02-16,81.89925384521484,38.42584228515625,11.310912132263184,62.37984085083008,109.62000274658205,20.053781509399418,19.57343482971191,73.70059204101562,22.25,23.56999969482422
2010-02-17,82.287353515625,38.642581939697266,11.319405555725098,62.048362731933594,109.25,19.952327728271484,19.757225036621097,73.65238189697266,21.719999313354492,23.290000915527344
2010-02-18,82.7724380493164,38.88535690307617,11.383091926574709,61.82734680175781,109.9800033569336,20.12986946105957,19.757225036621097,73.68450164794922,20.6299991607666,22.780000686645508
2010-02-19,82.94407653808594,38.868011474609375,11.395831108093262,61.861873626708984,109.47000122070312,20.248231887817383,19.81570053100586,73.65238189697266,20.020000457763672,22.309999465942383
2010-02-22,82.95899200439453,38.790000915527344,11.36186408996582,61.81354141235352,109.06999969482422,20.138322830200195,19.782285690307617,73.68450164794922,19.940000534057617,21.729999542236328
2010-02-23,81.95148468017578,38.287132263183594,11.085885047912598,62.283206939697266,107.88999938964844,19.808603286743164,19.890886306762695,73.65238189697266,21.3700008392334,22.6200008392334
2010-02-24,82.70526885986328,38.67726516723633,11.281194686889648,62.31771469116211,107.36000061035156,19.969236373901367,19.849119186401367,73.68450164794922,20.270000457763672,22.079999923706055
2010-02-25,82.59329223632812,38.668601989746094,11.264209747314451,62.54561233520508,108.30999755859376,19.63106155395508,19.807348251342773,73.68450164794922,20.100000381469727,22.06999969482422
2010-02-26,82.64555358886719,38.807334899902344,11.200522422790527,62.64231491088867,109.43000030517578,19.977689743041992,19.748868942260746,73.68450164794922,19.5,21.649999618530273
2010-03-01,83.50382995605469,39.370872497558594,11.47225570678711,62.70741653442383,109.43000030517578,19.7747859954834,19.81570053100586,73.65238189697266,19.260000228881836,21.440000534057617
2010-03-02,83.73514556884766,39.49227523803711,11.412812232971191,62.74203109741211,111.0199966430664,19.986143112182617,19.757225036621097,73.66841888427734,19.059999465942383,21.18000030517578
2010-03-03,83.80977630615234,39.53560256958008,11.332143783569336,62.679718017578125,111.62999725341795,20.18059539794922,19.640268325805664,73.65238189697266,18.829999923706055,20.969999313354492
2010-03-04,84.06355285644531,39.665672302246094,11.349126815795898,62.79050827026367,110.83000183105467,20.003053665161133,19.748868942260746,73.65238189697266,18.719999313354492,21.030000686645508
2010-03-05,85.26509094238281,40.26388931274414,11.476500511169434,62.49275588989258,110.80999755859376,20.239776611328125,19.74051284790039,73.65238189697266,17.420000076293945,20.229999542236328
2010-03-08,85.2800064086914,40.3419189453125,11.438286781311035,62.32653045654297,109.87999725341795,20.21441078186035,19.732160568237305,73.65238189697266,17.790000915527344,20.260000228881836
2010-03-09,85.42182922363281,40.56734848022461,11.378847122192385,62.4858512878418,109.72000122070312,19.994598388671875,19.765579223632812,73.65238189697266,17.920000076293945,20.15999984741211
2010-03-10,85.80243682861328,40.89680862426758,11.616613388061523,62.38193893432617,108.47000122070312,20.053781509399418,19.732160568237305,73.66841888427734,18.56999969482422,20.510000228881836
2010-03-11,86.16064453125,41.052879333496094,11.50622272491455,62.32653045654297,108.5999984741211,20.003053665161133,19.690391540527344,73.65238189697266,18.059999465942383,20.700000762939453
2010-03-12,86.1680908203125,41.061553955078125,11.468008995056152,62.42349624633789,107.9499969482422,19.88469123840332,19.565080642700195,73.65238189697266,17.579999923706055,20.270000457763672
2010-03-15,86.19051361083984,40.95750427246094,11.391584396362305,62.42349624633789,108.36000061035156,19.64797019958496,19.673683166503903,73.65238189697266,18.0,20.719999313354492
2010-03-16,86.87711334228516,41.21759414672851,11.743988990783691,62.66587448120117,110.4000015258789,19.91005516052246,19.531665802001953,73.65238189697266,17.690000534057617,20.15999984741211
2010-03-17,87.39205932617188,41.330318450927734,11.909574508666992,62.74203109741211,109.58999633789062,20.087596893310547,19.540019989013672,73.65238189697266,16.90999984741211,19.719999313354492
2010-03-18,87.34727478027344,41.46903991699219,11.824660301208496,62.57585906982422,110.33999633789062,20.045326232910156,19.673683166503903,73.65238189697266,16.6200008392334,19.479999542236328
2010-03-19,86.90512084960938,41.21822738647461,11.671810150146484,62.49275588989258,108.27999877929688,19.80014991760254,19.807348251342773,73.65238189697266,16.969999313354492,19.950000762939453
2010-03-22,87.3697509765625,41.59142303466797,11.884099960327148,62.70048522949219,107.75,19.80014991760254,19.757225036621097,73.66841888427734,16.8700008392334,20.110000610351562
2010-03-23,87.98426055908203,41.877838134765625,12.147342681884766,62.56892013549805,108.31999969482422,19.71560287475586,19.824052810668945,73.66841888427734,16.350000381469727,19.68000030517578
2010-03-24,87.55706787109375,41.678218841552734,11.87136173248291,61.94563674926758,106.3000030517578,19.49578857421875,20.091386795043945,73.65238189697266,17.549999237060547,20.079999923706055
2010-03-25,87.41473388671875,41.617454528808594,11.85013484954834,61.71713638305664,106.77999877929688,19.38588523864746,20.158214569091797,73.68450164794922,18.399999618530273,20.579999923706055
2010-03-26,87.36226654052734,41.660858154296875,11.80342960357666,61.86253356933594,108.58999633789062,19.41969871520996,20.016199111938477,73.68450164794922,17.770000457763672,20.059999465942383
2010-03-29,87.91675567626953,41.860477447509766,11.86711883544922,61.77254867553711,108.75,19.85932731628418,19.915950775146484,73.65238189697266,17.59000015258789,19.850000381469727
2010-03-30,87.97674560546875,41.99934387207031,11.905332565307615,61.83481216430664,107.97000122070312,19.90160369873047,19.991134643554688,73.65238189697266,17.1299991607666,19.540000915527344
2010-03-31,87.67698669433594,41.79972839355469,11.833149909973145,61.98031997680664,108.9499969482422,19.88469123840332,19.88253402709961,73.68450164794922,17.59000015258789,19.920000076293945
2010-04-01,88.27648162841797,41.79972839355469,11.85438060760498,61.85179901123047,110.26000213623048,20.273595809936523,19.765579223632812,73.68450164794922,17.469999313354492,19.899999618530273
2010-04-05,88.99588775634766,42.1903076171875,12.134605407714844,61.29618835449219,110.88999938964844,20.594860076904297,19.865825653076172,73.65238189697266,17.020000457763672,19.350000381469727
2010-04-06,89.20570373535156,42.31180191040039,12.03695011138916,61.4767951965332,111.02999877929688,20.57794952392578,19.924304962158203,73.65238189697266,16.229999542236328,18.84000015258789
2010-04-07,88.69612884521484,42.20766067504883,12.100637435913086,61.85873794555664,112.48999786376952,20.501861572265625,19.96607208251953,73.65238189697266,16.6200008392334,19.190000534057617
2010-04-08,89.00340270996094,42.30313873291016,11.918067932128906,61.7892951965332,112.6500015258789,20.468046188354492,19.949365615844727,73.65238189697266,16.479999542236328,19.079999923706055
2010-04-09,89.58790588378906,42.554832458496094,12.049688339233398,61.85873794555664,113.63999938964844,20.510318756103516,19.798994064331055,73.65238189697266,16.139999389648438,18.6200008392334
2010-04-12,89.7302474975586,42.58955001831055,12.206785202026367,62.02541732788086,113.01000213623048,20.493406295776367,19.7154541015625,73.65238189697266,15.579999923706055,18.959999084472656
2010-04-13,89.79773712158203,42.80653762817383,12.304439544677734,62.14352035522461,112.69000244140624,20.569494247436523,19.7154541015625,73.65238189697266,16.200000762939453,18.989999771118164
2010-04-14,90.81686401367188,43.31862258911133,12.805447578430176,61.97679901123047,113.02999877929688,20.80621910095215,19.615203857421875,73.65238189697266,15.59000015258789,18.770000457763672
2010-04-15,90.8918228149414,43.509559631347656,12.928576469421388,62.08099365234375,113.6500015258789,20.882308959960938,19.690391540527344,73.65238189697266,15.890000343322754,18.899999618530273
2010-04-16,89.44548797607422,42.98879623413086,12.754498481750488,62.45598220825195,111.23999786376952,20.501861572265625,19.757225036621097,73.65238189697266,18.360000610351562,20.229999542236328
2010-04-19,89.78274536132812,42.962745666503906,12.699300765991213,62.3032341003418,111.1500015258789,20.239776611328125,19.790639877319336,73.66841888427734,17.34000015258789,19.790000915527344
2010-04-20,90.58454895019533,43.17973327636719,12.839415550231934,62.33098220825195,111.45999908447266,20.400409698486328,19.824052810668945,73.65238189697266,15.729999542236328,18.989999771118164
2010-04-21,90.4197235107422,43.422760009765625,12.669583320617676,62.532413482666016,112.30999755859376,20.501861572265625,19.865825653076172,73.65238189697266,16.31999969482422,19.299999237060547
2010-04-22,90.68948364257812,43.66579055786133,12.839415550231934,62.38654708862305,111.83999633789062,20.552589416503903,19.957719802856445,73.65238189697266,16.469999313354492,19.59000015258789
2010-04-23,91.28148651123048,43.84806060791016,12.877626419067385,62.21294021606445,113.19000244140624,20.687856674194336,19.915950775146484,73.65238189697266,16.6200008392334,19.389999389648438
2010-04-26,90.93678283691406,43.75257110595703,12.907349586486816,62.254608154296875,112.75,20.586406707763672,19.90759658813477,73.66841888427734,17.469999313354492,19.860000610351562
2010-04-27,88.78607940673828,42.82387924194336,12.516731262207031,62.837928771972656,114.62999725341795,20.273595809936523,20.14986228942871,73.65238189697266,22.809999465942383,22.719999313354492
2010-04-28,89.46049499511719,42.849910736083984,12.57192611694336,62.518531799316406,114.30999755859376,20.34122657775879,20.141508102416992,73.66841888427734,21.079999923706055,22.309999465942383
2010-04-29,90.56958770751952,43.59635162353515,12.758746147155762,62.622711181640625,114.27999877929688,20.501861572265625,20.04961395263672,73.66841888427734,18.440000534057617,20.959999084472656
2010-04-30,89.03336334228516,42.737098693847656,12.30868434906006,63.004669189453125,115.36000061035156,20.66249656677246,20.016199111938477,73.65238189697266,22.049999237060547,23.670000076293945
2010-05-03,90.1873779296875,43.335968017578125,12.567683219909668,62.83955764770508,115.7300033569336,20.763946533203125,20.141508102416992,73.66841888427734,20.190000534057617,22.579999923706055
2010-05-04,88.06666564941406,42.0340690612793,12.121869087219238,63.26447677612305,114.87000274658205,20.205955505371097,20.3670654296875,73.65238189697266,23.84000015258789,25.06999969482422
2010-05-05,87.5421142578125,41.81708526611328,12.041197776794434,63.50831985473633,115.08999633789062,19.749422073364254,20.55921173095703,73.66841888427734,24.90999984741211,26.3700008392334
2010-05-06,84.634521484375,40.41971206665039,11.629350662231444,64.20491790771484,118.48999786376952,19.360519409179688,20.72628593444824,73.68450164794922,32.79999923706055,26.3700008392334
2010-05-07,83.37556457519531,39.412899017333984,11.463764190673828,64.03070831298828,118.2699966430664,19.259069442749023,20.63439559936523,73.68450164794922,40.95000076293945,36.619998931884766
2010-05-10,87.04754638671875,41.46121597290039,12.053933143615724,63.54311752319336,117.56999969482422,19.63106155395508,20.584266662597656,73.68450164794922,28.84000015258789,28.979999542236328
2010-05-11,86.80022430419922,41.41781997680664,11.977508544921877,63.61975860595703,120.66000366210938,19.59724235534668,20.676164627075195,73.68450164794922,28.31999969482422,28.8700008392334
2010-05-12,88.01421356201172,42.198970794677734,12.329915046691896,63.4595832824707,121.4000015258789,19.757877349853516,20.734642028808594,73.68450164794922,25.520000457763672,26.649999618530273
2010-05-13,86.92012023925781,41.53066635131836,11.956280708312988,63.633689880371094,120.55999755859376,19.588788986206055,20.851600646972656,73.66841888427734,26.68000030517578,27.610000610351562
2010-05-14,85.34642791748047,40.732173919677734,11.654825210571287,64.04467010498047,120.37000274658205,19.08998107910156,21.043739318847656,73.68450164794922,31.239999771118164,30.799999237060547
2010-05-17,85.39139556884766,40.86236572265625,11.85013484954834,63.90535736083984,119.36000061035156,18.54890251159668,21.043739318847656,73.68450164794922,30.84000015258789,30.510000228881836
2010-05-18,84.2298583984375,40.298187255859375,11.527448654174805,64.3720703125,119.48999786376952,18.52353858947754,21.269296646118164,73.66841888427734,33.54999923706055,32.810001373291016
2010-05-19,83.75025177001953,39.977073669433594,11.62086009979248,64.42774963378906,116.62999725341795,18.354448318481445,21.068801879882812,73.68450164794922,35.31999969482422,34.18000030517578
2010-05-20,80.5879135131836,38.49289321899414,11.327898025512695,65.05472564697266,115.83999633789062,17.9740047454834,20.960205078125,73.68450164794922,45.790000915527344,40.83000183105469
2010-05-21,81.7644271850586,38.918182373046875,11.438286781311035,65.0895767211914,115.22000122070312,18.15999984741211,20.86830711364746,73.68450164794922,40.099998474121094,37.400001525878906
2010-05-24,80.71528625488281,38.76195526123047,11.268455505371094,65.0895767211914,116.83999633789062,18.143089294433594,21.07715606689453,73.68450164794922,38.31999969482422,36.90999984741211
2010-05-25,80.79771423339844,38.79667282104492,11.395831108093262,65.31248474121094,117.36000061035156,17.999364852905273,21.13563537597656,73.68450164794922,34.61000061035156,34.900001525878906
2010-05-26,80.31061553955078,38.36268615722656,11.315159797668455,65.18012237548828,118.47000122070312,18.193819046020508,21.27765464782715,73.70059204101562,35.02000045776367,33.95000076293945
2010-05-27,83.0008773803711,39.812164306640625,11.833149909973145,64.56016540527344,118.69000244140624,18.726442337036133,21.052095413208008,73.66841888427734,29.68000030517578,30.639999389648438
2010-05-28,81.9592514038086,39.57780838012695,11.64208698272705,64.85273742675781,118.87999725341795,18.565807342529297,21.16905212402344,73.68450164794922,32.06999969482422,32.0
2010-06-01,80.58039093017578,39.21327590942383,11.446779251098633,64.9365463256836,119.91000366210938,18.219179153442383,21.177404403686523,73.68450164794922,35.540000915527344,34.02000045776367
2010-06-02,82.67867279052734,40.141990661621094,11.786447525024414,64.5663070678711,119.77999877929688,18.438993453979492,21.16905212402344,73.70059204101562,30.170000076293945,30.59000015258789
2010-06-03,82.9634017944336,40.52386474609375,11.935050964355469,64.47550201416016,117.95999908447266,18.540447235107425,21.27765464782715,73.66841888427734,29.459999084472656,30.239999771118164
2010-06-04,80.04833221435547,39.13517761230469,11.455272674560549,65.36964416503906,119.19000244140624,17.965547561645508,21.528274536132812,73.70059204101562,35.47999954223633,34.369998931884766
2010-06-07,79.0516586303711,38.423465728759766,11.090130805969238,65.63510131835938,121.48999786376952,17.999364852905273,21.57839584350586,73.68450164794922,36.56999969482422,35.29999923706055
2010-06-08,79.89847564697266,38.35401153564453,11.11984920501709,65.43245697021484,121.0,18.143089294433594,21.511564254760746,73.70059204101562,33.70000076293945,33.650001525878906
2010-06-09,79.47132110595703,38.03289413452149,11.01370620727539,65.43951416015625,120.55999755859376,18.22763442993164,21.42802619934082,73.70059204101562,33.72999954223633,33.79999923706055
2010-06-10,81.79439544677734,39.1178092956543,11.383091926574709,64.83174896240234,118.97000122070312,18.531991958618164,21.20246696472168,73.70059204101562,30.56999969482422,31.469999313354492
2010-06-11,82.19156646728516,39.49101257324219,11.497729301452637,65.24392700195312,120.01000213623048,18.557355880737305,21.269296646118164,73.70059204101562,28.790000915527344,30.950000762939453
2010-06-14,82.06417846679688,39.48234176635742,11.548681259155272,65.1880111694336,119.5999984741211,18.60807991027832,21.07715606689453,73.66841888427734,28.579999923706055,30.68000030517578
2010-06-15,83.93011474609375,40.54120635986328,12.079408645629885,64.98543548583984,120.98999786376952,18.9208927154541,20.901721954345703,73.66841888427734,25.8700008392334,28.450000762939453
2010-06-16,83.90013885498047,40.70613098144531,12.113375663757324,65.16709899902344,120.33000183105467,18.963165283203125,20.968555450439453,73.66841888427734,25.920000076293945,28.780000686645508
2010-06-17,84.03501892089844,40.83632278442383,12.121869087219238,65.47444915771484,121.9000015258789,18.971622467041016,20.843244552612305,73.66841888427734,25.049999237060547,28.209999084472656
2010-06-18,84.12615966796875,40.87023162841797,12.08365535736084,65.3416976928711,122.83000183105467,18.937803268432617,20.834890365600582,73.68450164794922,23.950000762939453,27.959999084472656
2010-06-21,83.88519287109375,40.52239608764648,11.97326374053955,65.29286193847656,120.38999938964844,18.861713409423828,20.91007423400879,73.66841888427734,24.8799991607666,27.540000915527344
2010-06-22,82.4997787475586,40.2093620300293,11.807676315307615,65.68402862548828,121.4499969482422,18.819440841674805,20.943492889404297,73.68450164794922,27.049999237060547,29.09000015258789
2010-06-23,82.24378967285156,40.04413604736328,11.833149909973145,65.92850494384766,120.9499969482422,18.506629943847656,20.85995101928711,73.68450164794922,26.90999984741211,29.260000228881836
2010-06-24,80.88097381591797,39.435420989990234,11.561416625976562,65.87255859375,121.3000030517578,18.54890251159668,20.85995101928711,73.68450164794922,29.739999771118164,31.360000610351562
2010-06-25,81.21978759765625,39.443260192871094,11.535943031311035,65.97737884521484,122.76000213623048,18.887075424194336,20.742998123168945,73.68450164794922,28.530000686645508,30.700000762939453
2010-06-28,80.96377563476562,39.30387115478515,11.62086009979248,66.44541931152344,121.08999633789062,18.684171676635746,20.851600646972656,73.68450164794922,29.0,30.959999084472656
2010-06-29,78.46399688720703,37.78782653808594,11.19202995300293,66.73184204101562,121.2699966430664,18.168455123901367,20.95184898376465,73.68450164794922,34.130001068115234,34.380001068115234
2010-06-30,77.71858978271484,37.21276092529297,11.00521183013916,66.82955932617188,121.68000030517578,18.236087799072266,20.935138702392575,73.70059204101562,34.540000915527344,35.22999954223633
2010-07-01,77.37223052978516,37.10821533203125,10.962756156921388,66.80018615722656,117.04000091552734,17.957094192504883,20.550853729248047,73.68450164794922,32.86000061035156,34.4900016784668
2010-07-02,76.95060729980469,37.00365447998047,10.903311729431152,66.68115997314453,118.48999786376952,17.92327880859375,20.525793075561523,73.68450164794922,30.1200008392334,33.290000915527344
2010-07-06,77.455078125,37.11690139770508,10.945771217346191,66.84220886230469,116.51000213623048,17.9740047454834,20.458961486816406,73.66841888427734,29.649999618530273,32.0099983215332
2010-07-07,79.89457702636719,38.30188751220703,11.47225570678711,66.63214111328125,117.7300033569336,18.37981414794922,20.392126083374023,73.66841888427734,26.84000015258789,29.719999313354492
2010-07-08,80.68519592285156,38.51097106933594,11.44253635406494,66.47102355957031,117.20999908447266,18.54890251159668,20.3670654296875,73.68450164794922,25.709999084472656,28.829999923706055
2010-07-09,81.28755187988281,38.876930236816406,11.591136932373049,66.29594421386719,118.36000061035156,18.582719802856445,20.417190551757812,73.66841888427734,24.979999542236328,28.170000076293945
2010-07-12,81.34025573730469,38.99020767211914,11.71426773071289,66.40799713134766,117.33999633789062,18.37135887145996,20.47566795349121,73.68450164794922,24.43000030517578,28.389999389648438
2010-07-13,82.56754302978516,39.49554443359375,11.969019889831545,66.07884216308594,118.36000061035156,18.66726303100586,20.300233840942383,73.68450164794922,24.559999465942383,28.31999969482422
2010-07-14,82.55999755859375,39.69593811035156,11.930805206298828,66.40799713134766,118.3000030517578,18.633445739746097,20.25846290588379,73.68450164794922,24.889999389648438,28.829999923706055
2010-07-15,82.58258819580078,39.73078918457031,11.939297676086426,66.75114440917969,118.2300033569336,18.810985565185547,20.02455139160156,73.68450164794922,25.139999389648438,29.229999542236328
2010-07-16,80.30870819091797,38.63298034667969,11.654825210571287,67.1363754272461,116.66999816894533,18.57426071166992,20.05797004699707,73.68450164794922,26.25,30.600000381469727
2010-07-19,80.78307342529297,38.964054107666016,11.956280708312988,66.96122741699219,115.7300033569336,18.557355880737305,20.07467460632324,73.66841888427734,25.969999313354492,30.079999923706055
2010-07-20,81.6790771484375,39.4345588684082,11.884099960327148,67.03131866455078,116.6500015258789,18.709531784057617,20.108091354370117,73.66841888427734,23.93000030517578,28.219999313354492
2010-07-21,80.61741638183594,38.89435577392578,11.667562484741213,67.45852661132812,115.8499984741211,18.65880966186523,20.24175453186035,73.66841888427734,25.639999389648438,29.079999923706055
2010-07-22,82.41696166992188,39.87892532348633,12.032705307006836,67.08736419677734,116.86000061035156,19.03080177307129,20.07467460632324,73.66841888427734,24.6299991607666,27.899999618530273
2010-07-23,83.13225555419922,40.131587982177734,12.07516384124756,66.87028503417969,116.08999633789062,18.971622467041016,20.041259765625,73.68450164794922,23.469999313354492,26.989999771118164
2010-07-26,83.99813842773438,40.462684631347656,12.172819137573242,66.8492202758789,115.5199966430664,18.954710006713867,19.93265914916992,73.65238189697266,22.729999542236328,26.440000534057617
2010-07-27,83.99055480957031,40.44524765014648,12.126112937927246,66.61808013916016,113.51000213623048,18.751806259155273,19.96607208251953,73.65238189697266,23.190000534057617,26.3700008392334
2010-07-28,83.44847869873047,40.12287521362305,11.92231273651123,66.9052963256836,113.77999877929688,18.827896118164062,19.957719802856445,73.66841888427734,24.25,26.709999084472656
2010-07-29,83.0418701171875,39.82664489746094,11.735496520996094,67.0452880859375,114.29000091552734,19.098434448242188,19.824052810668945,73.65238189697266,24.1299991607666,27.1200008392334
2010-07-30,83.02682495117188,39.913761138916016,11.629350662231444,67.43748474121094,115.48999786376952,19.352066040039062,19.83241081237793,73.66841888427734,23.5,27.139999389648438
2010-08-02,84.90164947509766,40.66307067871094,11.837396621704102,67.22895812988281,115.54000091552734,19.72406005859375,19.648622512817383,73.65238189697266,22.010000228881836,25.399999618530273
2010-08-03,84.4950942993164,40.488826751708984,11.676055908203123,67.54495239257812,115.98999786376952,19.79169464111328,19.565080642700195,73.65238189697266,22.6299991607666,26.010000228881836
2010-08-04,85.05976867675781,40.89832305908203,11.773710250854492,67.26408386230469,116.72000122070312,19.96078109741211,19.673683166503903,73.65238189697266,22.209999084472656,25.959999084472656
2010-08-05,84.96942901611328,40.802486419677734,11.790693283081056,67.58709716796875,116.9800033569336,19.86778259277344,19.606849670410156,73.65238189697266,22.100000381469727,26.15999984741211
2010-08-06,84.62309265136719,40.741485595703125,11.78219985961914,68.02948760986328,117.83999633789062,19.69024085998535,19.50660514831543,73.65238189697266,21.739999771118164,26.1200008392334
2010-08-09,85.0748519897461,41.02030563354492,11.833149909973145,68.01541900634766,117.4000015258789,19.757877349853516,19.606849670410156,73.65238189697266,22.139999389648438,26.030000686645508
2010-08-10,84.61556243896484,40.66307067871094,11.544435501098633,68.35952758789062,117.7300033569336,19.546520233154297,19.648622512817383,73.66841888427734,22.3700008392334,26.309999465942383
2010-08-11,82.29647064208984,39.556541442871094,11.255717277526855,68.74574279785156,117.33999633789062,19.106887817382812,19.991134643554688,73.68450164794922,25.389999389648438,28.690000534057617
2010-08-12,81.79200744628906,39.24288558959961,11.051918029785156,68.57018280029297,118.7699966430664,18.963165283203125,20.05797004699707,73.68450164794922,25.729999542236328,29.25
2010-08-13,81.55107116699219,38.964054107666016,10.911805152893066,68.8651351928711,118.73999786376952,18.94625663757324,20.141508102416992,73.68450164794922,26.239999771118164,29.969999313354492
2010-08-16,81.51342010498047,39.03376388549805,11.017949104309082,69.36367797851562,119.7300033569336,18.887075424194336,20.016199111938477,73.66841888427734,26.100000381469727,29.799999237060547
2010-08-17,82.51480865478516,39.5303955078125,11.14957332611084,69.0125503540039,119.75,19.157617568969727,19.949365615844727,73.68450164794922,24.329999923706055,28.56999969482422
2010-08-18,82.6654281616211,39.687232971191406,11.268455505371094,68.94231414794922,120.22000122070312,19.081527709960938,19.974428176879883,73.66841888427734,24.59000015258789,28.579999923706055
2010-08-19,81.22730255126953,39.08605194091797,11.043423652648926,69.25131225585938,120.38999938964844,18.887075424194336,20.016199111938477,73.66841888427734,26.440000534057617,29.6299991607666
2010-08-20,80.96377563476562,39.138336181640625,11.030686378479004,69.02660369873047,119.97000122070312,18.768714904785156,20.158214569091797,73.68450164794922,25.489999771118164,29.540000915527344
2010-08-23,80.65508270263672,38.75494384765625,10.92878532409668,69.11788177490234,119.77999877929688,18.64189910888672,20.199989318847656,73.66841888427734,25.65999984741211,29.290000915527344
2010-08-24,79.45790100097656,38.03179168701172,10.754709243774414,69.66561126708984,120.36000061035156,18.43053817749023,20.16657066345215,73.66841888427734,27.459999084472656,30.309999465942383
2010-08-25,79.76659393310547,38.3977165222168,10.80990505218506,69.34963989257812,121.36000061035156,18.52353858947754,20.199989318847656,73.68450164794922,26.700000762939453,29.850000381469727
2010-08-26,79.23200988769531,37.93595123291016,10.593366622924805,69.66561126708984,120.95999908447266,18.734899520874023,20.07467460632324,73.66841888427734,27.3700008392334,30.3700008392334
2010-08-27,80.45931243896484,38.3977165222168,10.746216773986816,68.8651351928711,121.01000213623048,19.056163787841797,20.108091354370117,73.66841888427734,24.450000762939453,28.399999618530273
2010-08-30,79.29224395751953,37.996925354003906,10.457500457763672,69.39176940917969,120.91000366210938,19.02234649658203,20.16657066345215,73.68450164794922,27.209999084472656,30.010000228881836
2010-08-31,79.29224395751953,37.86623764038086,10.304651260375977,69.70075988769531,122.08000183105467,18.768714904785156,20.14986228942871,73.66841888427734,26.049999237060547,29.040000915527344
2010-09-01,81.66403198242188,38.998897552490234,10.61884307861328,69.19881439208984,121.69000244140624,19.140705108642575,19.991134643554688,73.66841888427734,23.889999389648438,27.290000915527344
2010-09-02,82.42449951171875,39.4345588684082,10.80990505218506,68.91024017333984,122.29000091552734,19.275978088378903,19.974428176879883,73.68450164794922,23.190000534057617,26.6200008392334
2010-09-03,83.49366760253906,40.088035583496094,10.979736328125,68.51593017578125,121.86000061035156,19.377429962158203,19.874181747436523,73.68450164794922,21.309999465942383,25.309999465942383
2010-09-07,82.55249786376953,39.81792068481445,10.746216773986816,69.05802154541016,122.6999969482422,19.478883743286133,20.08302879333496,73.66841888427734,23.799999237060547,26.770000457763672
2010-09-08,83.13225555419922,40.297157287597656,10.72498607635498,68.86798095703125,122.70999908447266,19.521156311035156,20.016199111938477,73.66841888427734,23.25,26.299999237060547
2010-09-09,83.51625061035156,40.45396423339844,10.788673400878906,68.32588195800781,121.55999755859376,19.41124725341797,20.016199111938477,73.66841888427734,22.809999465942383,26.100000381469727
2010-09-10,83.9378890991211,40.602081298828125,10.657054901123049,68.1287841796875,121.7300033569336,19.614152908325195,20.03290748596191,73.66841888427734,21.989999771118164,25.59000015258789
2010-09-13,84.87154388427734,41.168434143066406,10.992472648620604,68.4526138305664,121.62000274658205,19.757877349853516,19.81570053100586,73.66841888427734,21.209999084472656,24.75
2010-09-14,84.81886291503906,41.34267807006836,11.158061981201172,68.79756164550781,124.0199966430664,19.817058563232425,19.648622512817383,73.68450164794922,21.559999465942383,24.739999771118164
2010-09-15,85.14259338378906,41.604061126708984,11.128342628479004,68.55821228027344,123.94000244140624,19.783239364624023,19.732160568237305,73.68450164794922,22.100000381469727,24.93000030517578
2010-09-16,85.12002563476562,41.76961898803711,11.272699356079102,68.31884002685547,124.62999725341795,19.681787490844727,19.665332794189453,73.68450164794922,21.719999313354492,24.959999084472656
2010-09-17,85.15181732177734,41.91109085083008,11.30666732788086,68.47371673583984,124.54000091552734,19.749422073364254,19.7154541015625,73.66841888427734,22.010000228881836,25.1200008392334
2010-09-20,86.45381164550781,42.64469528198242,11.36186408996582,68.68492126464844,124.87000274658205,19.91005516052246,19.690391540527344,73.66841888427734,21.5,24.59000015258789
2010-09-21,86.27970886230469,42.63595962524414,11.344879150390623,69.32550811767578,126.01000213623048,19.69869613647461,19.47318649291992,73.66841888427734,22.350000381469727,24.940000534057617
2010-09-22,85.85579681396484,42.52241134643555,11.162310600280762,69.43112182617188,126.1999969482422,19.817058563232425,19.3311710357666,73.66841888427734,22.510000228881836,25.15999984741211
2010-09-23,85.15939331054688,42.50494766235352,11.264209747314451,69.52970886230469,126.3000030517578,19.833967208862305,19.389644622802734,73.66841888427734,23.8700008392334,26.15999984741211
2010-09-24,86.91551208496094,43.36956787109375,11.693038940429688,69.18474578857422,126.69000244140624,20.138322830200195,19.189151763916016,73.68450164794922,21.709999084472656,24.75
2010-09-27,86.49919891357422,43.133750915527344,11.603875160217283,69.71969604492188,126.72000122070312,20.003053665161133,19.21421241760254,73.68450164794922,22.540000915527344,25.200000762939453
2010-09-28,86.8019790649414,43.11628341674805,11.828906059265137,69.95201873779297,127.8499984741211,20.003053665161133,19.113964080810547,73.66841888427734,22.600000381469727,25.34000015258789
2010-09-29,86.65058135986328,43.04641342163086,11.786447525024414,69.7830810546875,127.9499969482422,20.265138626098633,19.080549240112305,73.66841888427734,23.25,25.90999984741211
2010-09-30,86.39323425292969,42.854286193847656,11.765218734741213,69.69856262207031,127.91000366210938,20.383499145507812,19.080549240112305,73.66841888427734,23.700000762939453,26.399999618530273
2010-10-01,86.75655364990234,42.80189514160156,11.765218734741213,69.73597717285156,128.91000366210938,20.42577362060547,18.92182350158691,73.66841888427734,22.5,25.700000762939453
2010-10-04,86.10558319091797,42.339012145996094,11.625106811523438,69.9829330444336,128.4600067138672,20.358137130737305,19.00536346435547,73.68450164794922,23.530000686645508,26.31999969482422
2010-10-05,87.83904266357422,43.36956787109375,11.930805206298828,69.9970703125,130.99000549316406,20.772401809692383,18.84663772583008,73.66841888427734,21.760000228881836,25.079999923706055
2010-10-06,87.83150482177734,42.9940299987793,11.837396621704102,70.44861602783203,131.80999755859375,20.78085708618164,18.75474548339844,73.66841888427734,21.489999771118164,24.90999984741211
2010-10-07,87.72550964355469,43.151222229003906,11.896838188171388,70.5192642211914,130.3699951171875,20.569494247436523,18.779804229736328,73.66841888427734,21.559999465942383,24.889999389648438
2010-10-08,88.21755981445312,43.44815444946289,12.028459548950195,70.54743957519531,131.66000366210938,21.254302978515625,18.71297264099121,73.66841888427734,20.709999084472656,24.059999465942383
2010-10-11,88.30083465576172,43.46561813354492,12.096393585205078,70.61798095703125,132.2899932861328,21.152851104736328,18.788158416748047,73.66841888427734,18.959999084472656,23.979999542236328
2010-10-12,88.57333374023438,43.76254653930664,12.172819137573242,70.41340637207031,131.9600067138672,21.254302978515625,18.72968292236328,73.66841888427734,18.93000030517578,23.3700008392334
2010-10-13,89.26215362548828,44.120628356933594,12.002984046936035,70.41340637207031,134.07000732421875,21.35575485229492,18.67955780029297,73.66841888427734,19.06999969482422,22.979999542236328
2010-10-14,88.9139633178711,44.03327560424805,11.977508544921877,70.01119995117188,134.75,21.32193374633789,18.554243087768555,73.68450164794922,19.8799991607666,23.559999465942383
2010-10-15,89.09563446044922,44.96773910522461,12.079408645629885,69.70777130126953,133.67999267578125,21.085214614868164,18.66284942626953,73.66841888427734,19.030000686645508,23.200000762939453
2010-10-18,89.53465270996094,44.80182266235352,12.007230758666992,70.03945922851562,134.27999877929688,21.296573638916016,18.646141052246097,73.68450164794922,19.09000015258789,22.799999237060547
2010-10-19,88.3613510131836,44.38261032104492,11.862873077392578,70.27931213378906,130.11000061035156,20.67094993591309,18.963592529296875,73.66841888427734,20.6299991607666,23.59000015258789
2010-10-20,89.22431945800781,44.70574188232422,11.969019889831545,70.23701477050781,131.32000732421875,21.161306381225582,18.704618453979492,73.66841888427734,19.790000915527344,22.65999984741211
2010-10-21,89.42110443115234,44.79308319091797,11.94778823852539,69.84893035888672,129.47000122070312,20.899219512939453,18.77145004272461,73.66841888427734,19.270000457763672,22.219999313354492
2010-10-22,89.5876693725586,45.098751068115234,12.100637435913086,69.87005615234375,129.72999572753906,21.076759338378903,18.77145004272461,73.68450164794922,18.780000686645508,21.649999618530273
2010-10-25,89.85260772705078,45.31707000732422,12.198293685913086,69.84893035888672,130.85000610351562,21.18666648864746,18.687911987304688,73.66841888427734,19.850000381469727,21.90999984741211
2010-10-26,89.86773681640625,45.439334869384766,12.17706298828125,69.38316345214844,130.8800048828125,21.296573638916016,18.813220977783203,73.68450164794922,20.219999313354492,22.200000762939453
2010-10-27,89.61036682128906,45.579078674316406,12.444552421569824,68.98103332519531,129.52000427246094,21.22893714904785,18.92182350158691,73.68450164794922,20.709999084472656,22.600000381469727
2010-10-28,89.62554168701172,45.67513275146485,12.474272727966309,69.38316345214844,131.24000549316406,21.338844299316406,18.72132873535156,73.66841888427734,20.8799991607666,22.809999465942383
2010-10-29,89.69364166259766,45.57035446166992,12.529468536376951,69.6937255859375,132.6199951171875,21.28811836242676,18.687911987304688,73.68450164794922,21.200000762939453,22.950000762939453
2010-11-01,89.72390747070312,45.60528564453125,12.554945945739746,69.57695770263672,131.9199981689453,21.42338752746582,18.72132873535156,73.68450164794922,21.829999923706055,23.290000915527344
2010-11-02,90.43548583984376,46.09435272216797,12.605895042419434,69.81039428710938,132.49000549316406,21.61783790588379,18.587663650512695,73.65238189697266,21.56999969482422,23.020000457763672
2010-11-03,90.79879760742188,46.30394744873047,12.733267784118652,70.03668212890625,131.57000732421875,21.71929359436035,18.495769500732425,73.66841888427734,19.559999465942383,21.649999618530273
2010-11-04,92.54741668701172,46.87160873413086,13.05170726776123,70.60249328613281,136.02999877929688,22.235008239746097,18.353750228881836,73.66841888427734,18.520000457763672,20.56999969482422
2010-11-05,92.89562225341795,46.87160873413086,13.242769241333008,70.30546569824219,136.3800048828125,22.32800674438477,18.529184341430664,73.66841888427734,18.260000228881836,20.65999984741211
2010-11-08,92.72151184082033,46.93273162841797,13.23003101348877,70.3266830444336,137.77999877929688,22.387184143066406,18.637786865234375,73.66841888427734,18.290000915527344,20.729999542236328
2010-11-09,92.0553970336914,46.679473876953125,13.106904029846191,69.73258209228516,135.58999633789062,22.235008239746097,18.79651260375977,73.66841888427734,19.079999923706055,21.530000686645508
2010-11-10,92.4263153076172,46.9152717590332,13.106904029846191,69.9942855834961,137.24000549316406,22.47173309326172,18.779804229736328,73.66841888427734,18.469999313354492,21.280000686645508
2010-11-11,92.07809448242188,46.61834716796875,12.962544441223145,69.91647338867188,137.66000366210938,22.285734176635746,18.913469314575195,73.65238189697266,18.639999389648438,21.469999313354492
2010-11-12,90.98802947998048,45.8585319519043,12.958297729492188,69.33648681640625,133.69000244140625,21.35575485229492,18.888408660888672,73.68450164794922,20.610000610351562,22.93000030517578
2010-11-15,90.85938262939452,45.683895111083984,12.873382568359377,68.44526672363281,132.4199981689453,21.389572143554688,19.038780212402344,73.68450164794922,20.200000762939453,22.809999465942383
2010-11-16,89.4438247680664,44.932804107666016,12.73751449584961,68.95451354980469,130.97000122070312,20.755491256713867,19.147380828857425,73.68450164794922,22.579999923706055,24.079999923706055
2010-11-17,89.48924255371094,45.06381607055664,12.779972076416016,68.75648498535156,130.3800048828125,20.594860076904297,19.130672454833984,73.68450164794922,21.760000228881836,23.829999923706055
2010-11-18,90.80638885498048,45.788673400878906,12.971035957336426,68.5938491821289,132.08999633789062,21.152851104736328,18.99700927734375,73.66841888427734,18.75,22.43000030517578
2010-11-19,91.05620574951172,45.82361602783203,13.094165802001951,68.73527526855469,132.1999969482422,20.848487854003903,18.938533782958984,73.66841888427734,18.040000915527344,21.399999618530273
2010-11-22,90.98047637939452,46.207881927490234,13.255507469177246,69.10306549072266,133.47999572753906,20.916128158569336,18.99700927734375,73.66841888427734,18.3700008392334,21.329999923706055
2010-11-23,89.66336059570312,45.474273681640625,13.1705904006958,69.2445068359375,134.41000366210938,20.865400314331055,19.247631072998047,73.66841888427734,20.6299991607666,22.59000015258789
2010-11-24,90.98802947998048,46.39128112792969,13.45081615447998,68.50183868408203,134.17999267578125,21.254302978515625,19.27269172668457,73.68450164794922,19.559999465942383,21.809999465942383
2010-11-26,89.92831420898438,46.08561706542969,13.370144844055176,68.79893493652344,133.11000061035156,21.35575485229492,19.389644622802734,73.68450164794922,22.219999313354492,21.809999465942383
2010-11-29,90.2008285522461,46.0506706237793,13.348916053771973,68.94747161865234,133.50999450683594,21.398025512695312,19.50660514831543,73.68450164794922,21.530000686645508,23.350000381469727
2010-11-30,89.69364166259766,45.49174499511719,13.187576293945312,69.06769561767578,135.4199981689453,21.195117950439453,19.631914138793945,73.68450164794922,23.540000915527344,25.190000534057617
2010-12-01,91.6012191772461,46.45240783691406,13.531488418579102,68.15943908691406,135.3800048828125,21.820743560791016,19.464834213256836,73.66841888427734,21.360000610351562,23.989999771118164
2010-12-02,92.77454376220705,46.92399978637695,13.773497581481934,67.98922729492188,135.1999969482422,22.006742477416992,19.347877502441406,73.66841888427734,19.389999389648438,21.989999771118164
2010-12-03,93.0243148803711,47.0462646484375,13.862662315368652,67.9963607788086,138.07000732421875,22.285734176635746,19.113964080810547,73.68450164794922,18.010000228881836,21.0
2010-12-06,92.9259033203125,47.028785705566406,13.84567928314209,68.42176055908203,139.11000061035156,22.260374069213867,19.205856323242188,73.66841888427734,18.020000457763672,21.040000915527344
2010-12-07,92.97888946533205,47.05500793457031,13.86690616607666,67.28736114501953,136.5,22.108190536499023,19.289400100708008,73.66841888427734,17.989999771118164,20.969999313354492
2010-12-08,93.31954956054688,47.22966003417969,13.998529434204102,66.7130126953125,134.7899932861328,22.277280807495117,19.297754287719727,73.66841888427734,17.739999771118164,20.3799991607666
2010-12-09,93.68286895751952,47.27332305908203,14.011266708374023,66.8548355102539,135.3699951171875,22.218101501464844,19.31446075439453,73.68450164794922,17.25,19.979999542236328
2010-12-10,94.2279052734375,47.58773422241211,13.951825141906738,66.28759765625,135.41000366210938,22.184282302856445,19.31446075439453,73.68450164794922,17.610000610351562,19.84000015258789
2010-12-13,94.28845977783205,47.42179870605469,13.832942008972168,66.50028228759766,136.0500030517578,22.404096603393555,19.105613708496097,73.68450164794922,17.549999237060547,20.459999084472656
2010-12-14,94.37171936035156,47.50912857055664,13.837188720703123,65.79838562011719,136.17999267578125,22.34491539001465,19.139028549194336,73.68450164794922,17.610000610351562,20.389999389648438
2010-12-15,93.94026947021484,47.29953384399414,13.72679615020752,65.52896881103516,134.6999969482422,22.285734176635746,19.339521408081055,73.66841888427734,17.940000534057617,20.739999771118164
2010-12-16,94.48526763916016,47.66633224487305,13.80746841430664,65.91890716552734,133.80999755859375,22.209644317626953,19.289400100708008,73.66841888427734,17.389999389648438,20.81999969482422
2010-12-17,94.58646392822266,47.708343505859375,13.862662315368652,66.48609924316406,134.1999969482422,22.378732681274418,19.372941970825195,73.68450164794922,16.110000610351562,20.290000915527344
2010-12-20,94.81476593017578,47.74336242675781,13.748023986816406,66.47904205322266,135.11000061035156,22.58163833618164,19.414709091186523,73.68450164794922,16.40999984741211,20.100000381469727
2010-12-21,95.41590881347656,48.03211975097656,13.862662315368652,66.62081909179688,135.32000732421875,22.725360870361328,19.456480026245117,73.68450164794922,16.489999771118164,19.90999984741211
2010-12-22,95.7126922607422,48.023345947265625,13.803220748901367,66.43647766113281,135.0500030517578,22.84372329711914,19.439773559570312,73.66841888427734,15.449999809265137,19.56999969482422
2010-12-23,95.57572174072266,47.90083694458008,13.798973083496094,66.20246887207031,134.66000366210938,22.928268432617188,19.38129615783691,73.66841888427734,16.469999313354492,20.440000534057617
2010-12-27,95.61377716064452,47.92710494995117,13.84567928314209,66.45781707763672,135.02000427246094,22.885995864868164,19.339521408081055,73.66841888427734,17.670000076293945,21.040000915527344
2010-12-28,95.75077056884766,47.839595794677734,13.773497581481934,65.75967407226562,137.22000122070312,23.131174087524418,19.347877502441406,73.68450164794922,17.520000457763672,21.18000030517578
2010-12-29,95.81922149658205,47.94462203979492,13.828694343566896,66.49894714355469,137.7100067138672,23.139629364013672,19.21421241760254,73.66841888427734,17.280000686645508,20.84000015258789
2010-12-30,95.66700744628906,47.83085250854492,13.841432571411133,66.36395263671875,137.02999877929688,22.86063575744629,19.147380828857425,73.68450164794922,17.520000457763672,21.010000228881836
2010-12-31,95.68987274169922,47.65581512451172,13.811711311340332,66.69801330566406,138.72000122070312,23.291807174682617,18.971946716308594,73.66841888427734,17.75,20.899999618530273
2011-01-03,96.67910766601562,48.399635314941406,13.879645347595217,66.49188995361328,138.0,23.39325904846191,19.063840866088867,73.68450164794922,17.610000610351562,20.6200008392334
2011-01-04,96.62583923339844,48.3646240234375,13.888137817382812,66.64825439453125,134.75,23.0804443359375,19.113964080810547,73.68450164794922,17.3799991607666,20.610000610351562
2011-01-05,97.12808227539062,48.77590560913086,13.862662315368652,65.93028259277344,134.3699951171875,23.325624465942383,19.306108474731445,73.68450164794922,17.020000457763672,20.049999237060547
2011-01-06,96.93781280517578,48.93341827392578,13.96456241607666,66.27149963378906,133.8300018310547,23.0128116607666,19.456480026245117,73.68450164794922,17.399999618530273,20.350000381469727
2011-01-07,96.74756622314452,48.8896598815918,13.93908977508545,66.71224975585938,133.5800018310547,22.928268432617188,19.51496124267578,73.66841888427734,17.139999389648438,20.290000915527344
2011-01-10,96.62583923339844,49.073448181152344,13.977298736572266,66.93977355957031,134.1199951171875,23.198808670043945,19.4481258392334,73.68450164794922,17.540000915527344,20.479999542236328
2011-01-11,96.96826171875,49.14342498779297,14.083443641662598,66.67671966552734,134.91000366210938,23.460891723632812,19.439773559570312,73.68450164794922,16.889999389648438,20.139999389648438
2011-01-12,97.84334564208984,49.49346160888672,14.232051849365234,66.48480224609375,135.4600067138672,23.61307144165039,19.247631072998047,73.66841888427734,16.239999771118164,19.229999542236328
2011-01-13,97.68353271484376,49.51096725463867,14.236297607421877,66.93262481689453,134.0500030517578,23.579254150390625,19.047134399414062,73.66841888427734,16.389999389648438,19.200000762939453
2011-01-14,98.3912582397461,49.87848663330078,14.609929084777832,66.74781799316406,132.69000244140625,23.689163208007812,19.022069931030273,73.66841888427734,15.460000038146973,18.3700008392334
2011-01-18,98.55867767333984,50.01848983764648,14.686356544494627,66.58430480957031,133.42999267578125,23.663799285888672,19.00536346435547,73.66841888427734,15.869999885559082,18.3799991607666
2011-01-19,97.5922622680664,49.449703216552734,14.495290756225586,66.75493621826172,133.72000122070312,23.6384334564209,18.888408660888672,73.68450164794922,17.309999465942383,19.639999389648438
2011-01-20,97.46290588378906,49.09969711303711,14.380655288696287,66.23595428466797,131.1999969482422,23.401714324951172,18.94688415527344,73.68450164794922,17.989999771118164,19.899999618530273
2011-01-21,97.68353271484376,48.72340774536133,14.325459480285645,66.45639038085938,131.02999877929688,23.6384334564209,18.788158416748047,73.66841888427734,18.469999313354492,19.969999313354492
2011-01-24,98.23905181884766,49.39719772338867,14.626911163330078,66.46341705322266,130.36000061035156,23.435529708862305,18.74638938903809,73.66841888427734,17.649999618530273,19.579999923706055
2011-01-25,98.29232788085938,49.46721267700195,14.541997909545898,66.79757690429688,130.10000610351562,23.139629364013672,18.738035202026367,73.68450164794922,17.59000015258789,19.34000015258789
2011-01-26,98.67277526855467,49.729713439941406,14.631160736083984,66.392333984375,131.16000366210938,23.655344009399418,18.704618453979492,73.66841888427734,16.639999389648438,18.81999969482422
2011-01-27,98.91629028320312,50.0359992980957,14.915632247924805,66.64118194580078,127.93000030517578,23.452438354492188,18.67120361328125,73.68450164794922,16.149999618530273,18.479999542236328
2011-01-28,97.18891143798828,48.76715469360352,14.605687141418455,66.94686889648438,130.27999877929688,23.74834251403809,18.788158416748047,73.66841888427734,20.040000915527344,20.59000015258789
2011-01-31,97.91944122314452,49.00342559814453,14.609929084777832,66.68384552001953,129.8699951171875,24.120336532592773,18.67955780029297,73.66841888427734,19.530000686645508,20.149999618530273
2011-02-01,99.48699951171876,49.922245025634766,14.979317665100098,66.37381744384766,130.8000030517578,24.29787826538086,18.495769500732425,73.66841888427734,17.6299991607666,18.969999313354492
2011-02-02,99.29676818847656,49.84349060058594,15.013285636901855,66.21700286865234,130.4499969482422,24.53459930419922,18.529184341430664,73.66841888427734,17.299999237060547,19.09000015258789
2011-02-03,99.51747131347656,49.93098449707031,14.962335586547852,65.83930969238281,132.1999969482422,24.373966217041016,18.67955780029297,73.66841888427734,16.690000534057617,18.920000076293945
2011-02-04,99.79898834228516,50.21099090576172,15.20434856414795,65.43306732177734,131.66000366210938,24.238697052001953,18.738035202026367,73.68450164794922,15.930000305175781,18.329999923706055
2011-02-07,100.42301177978516,50.4472770690918,15.149149894714355,65.40449523925781,131.67999267578125,24.17106056213379,18.738035202026367,73.66841888427734,16.280000686645508,18.260000228881836
2011-02-08,100.87958526611328,50.7797966003418,15.1364107131958,64.95549011230469,133.13999938964844,24.331693649291992,18.72132873535156,73.66841888427734,15.8100004196167,17.850000381469727
2011-02-09,100.65129089355467,50.69229507446289,15.106694221496582,65.32611083984375,133.07000732421875,24.450054168701172,18.637786865234375,73.68450164794922,15.869999885559082,17.860000610351562
2011-02-10,100.68934631347656,50.771034240722656,15.183113098144531,65.11231231689453,132.85000610351562,24.306331634521484,18.788158416748047,73.66841888427734,16.09000015258789,18.100000381469727
2011-02-11,101.29051208496094,51.13857650756836,15.28501796722412,65.41168975830078,132.32000732421875,24.22178840637207,18.838279724121097,73.66841888427734,15.6899995803833,17.860000610351562
2011-02-14,101.53397369384766,51.261085510253906,15.365687370300291,65.43306732177734,132.9499969482422,24.34014892578125,18.863346099853516,73.66841888427734,15.949999809265137,17.940000534057617
2011-02-15,101.21436309814452,51.19107437133789,15.293509483337402,65.58264923095703,133.97000122070312,24.0273380279541,18.880054473876953,73.68450164794922,16.3700008392334,18.270000457763672
2011-02-16,101.85363006591795,51.52361679077149,15.4081449508667,65.49004364013672,134.10000610351562,24.204877853393555,18.77145004272461,73.68450164794922,16.719999313354492,18.31999969482422
2011-02-17,102.15795135498048,51.5061149597168,15.535524368286133,65.73236846923828,135.0399932861328,24.280967712402344,18.72132873535156,73.68450164794922,16.59000015258789,18.6299991607666
2011-02-18,102.37101745605467,51.39234161376953,15.522784233093262,65.71810150146484,135.41000366210938,24.255605697631836,18.629430770874023,73.66841888427734,16.43000030517578,18.899999618530273
2011-02-22,100.31646728515624,49.90475082397461,15.072725296020508,66.35243225097656,136.2899932861328,24.22178840637207,18.67955780029297,73.66841888427734,20.799999237060547,21.31999969482422
2011-02-23,99.7000961303711,49.49346160888672,14.851943969726562,66.18848419189453,137.50999450683594,24.762868881225582,18.570955276489254,73.68450164794922,22.1299991607666,22.469999313354492
2011-02-24,99.63159942626952,49.755985260009766,14.970826148986816,66.3595199584961,136.47999572753906,24.543054580688477,18.50412368774414,73.68450164794922,21.31999969482422,22.260000228881836
2011-02-25,100.69694519042967,50.4472770690918,15.293509483337402,66.57333374023438,137.3800048828125,25.08413314819336,18.537538528442383,73.68450164794922,19.219999313354492,20.56999969482422
2011-02-28,101.32090759277344,50.552284240722656,15.191609382629396,66.5448226928711,137.66000366210938,25.126405715942383,18.45400047302246,73.66841888427734,18.350000381469727,20.0
2011-03-01,99.63159942626952,49.73847961425781,14.945348739624023,66.62059020996094,140.02999877929688,25.506851196289062,18.479063034057617,73.66841888427734,21.010000228881836,21.899999618530273
2011-03-02,99.84465789794922,50.0009880065918,15.263787269592283,66.27055358886719,139.9199981689453,25.608304977416992,18.378814697265625,73.68450164794922,20.700000762939453,21.68000030517578
2011-03-03,101.56446075439452,50.989803314208984,15.57797908782959,65.82050323486328,138.08999633789062,25.599849700927734,18.353750228881836,73.66841888427734,18.600000381469727,20.440000534057617
2011-03-04,100.80348205566406,50.727291107177734,15.46334171295166,66.29195404052734,139.35000610351562,25.726665496826172,18.328691482543945,73.68450164794922,19.059999465942383,20.799999237060547
2011-03-07,100.0120620727539,50.044734954833984,15.030268669128418,66.12767028808594,139.72000122070312,25.608304977416992,18.34539794921875,73.66841888427734,20.65999984741211,21.850000381469727
2011-03-08,100.88717651367188,50.24602127075195,15.043004035949709,65.97054290771484,139.36000061035156,25.388490676879883,18.42893409729004,73.66841888427734,19.81999969482422,21.450000762939453
2011-03-09,100.7425765991211,49.90475082397461,14.597190856933594,66.35627746582031,139.41000366210938,25.489940643310547,18.395523071289062,73.66841888427734,20.219999313354492,21.81999969482422
2011-03-10,98.87828826904295,49.12591552734375,14.325459480285645,66.92057800292969,137.77000427246094,25.0756778717041,18.537538528442383,73.66841888427734,21.8799991607666,22.760000228881836
2011-03-11,99.56311798095705,49.43219757080078,14.41462230682373,66.76344299316406,138.22000122070312,24.931955337524418,18.40387535095215,73.68450164794922,20.079999923706055,21.8700008392334
2011-03-14,98.96195220947266,49.2572021484375,14.389144897460938,66.9134292602539,138.86000061035156,24.999588012695312,18.311981201171875,73.68450164794922,21.1299991607666,22.489999771118164
2011-03-15,97.82814025878906,48.557132720947266,14.159870147705078,67.15636444091797,136.27000427246094,24.086517333984375,18.328691482543945,73.70059204101562,24.31999969482422,24.030000686645508
2011-03-16,96.01705169677734,47.38456344604492,13.820202827453612,67.72782135009766,136.24000549316406,24.230241775512695,18.38716697692871,73.70059204101562,29.399999618530273,26.90999984741211
2011-03-17,97.28784942626952,47.82210159301758,14.002775192260742,67.5206527709961,136.97000122070312,24.982681274414062,18.228443145751953,73.70059204101562,26.3700008392334,25.440000534057617
2011-03-18,97.6417236328125,47.714317321777344,14.032495498657228,67.477783203125,138.3699951171875,25.126405715942383,18.14490127563477,73.70059204101562,24.440000534057617,24.34000015258789
2011-03-21,99.15494537353516,48.63444137573242,14.30847454071045,67.12775421142578,139.13999938964844,25.24476623535156,18.086423873901367,73.70059204101562,20.610000610351562,21.950000762939453
2011-03-22,98.81101989746094,48.54678726196289,14.22780418395996,67.1634750366211,139.0500030517578,25.430763244628903,18.094776153564453,73.66841888427734,20.209999084472656,21.700000762939453
2011-03-23,99.0937957763672,48.818450927734375,14.401883125305176,67.07772064208984,140.33999633789062,25.481489181518555,18.19502639770508,73.68450164794922,19.170000076293945,20.93000030517578
2011-03-24,100.04149627685548,49.685977935791016,14.66512680053711,66.73485565185547,139.22000122070312,25.56603240966797,18.15325355529785,73.66841888427734,18.0,20.079999923706055
2011-03-25,100.34722900390624,49.808650970458984,14.677862167358398,66.55628204345703,139.25999450683594,25.633668899536133,18.278562545776367,73.66841888427734,17.90999984741211,20.030000686645508
2011-03-28,100.10261535644533,49.53700256347656,14.635405540466309,66.57767486572266,138.5399932861328,25.28704071044922,18.26185607910156,73.68450164794922,19.440000534057617,20.860000610351562
2011-03-29,100.77517700195312,50.01897430419922,14.750044822692873,66.38483428955078,138.2100067138672,25.430763244628903,18.25350570678711,73.66841888427734,18.15999984741211,19.969999313354492
2011-03-30,101.4706573486328,50.25558090209961,14.75428581237793,66.6134033203125,138.6699981689453,25.396947860717773,18.23679542541504,73.68450164794922,17.709999084472656,19.75
2011-03-31,101.33307647705078,50.32566833496094,14.686356544494627,66.44197082519531,139.86000061035156,25.794301986694336,18.203380584716797,73.66841888427734,17.739999771118164,19.84000015258789
2011-04-01,101.76106262207033,50.351959228515625,14.469819068908691,66.58381652832031,139.1999969482422,25.971843719482425,18.186668395996097,73.66841888427734,17.399999618530273,19.59000015258789
2011-04-04,101.84513854980467,50.18548202514648,14.35942268371582,66.73419952392578,139.83999633789062,26.20856475830078,18.186668395996097,73.66841888427734,17.5,19.389999389648438
2011-04-05,101.82987213134766,50.05401992797851,14.699092864990234,66.3975830078125,142.0500030517578,26.23392677307129,18.19502639770508,73.66841888427734,17.25,19.399999618530273
2011-04-06,102.1508331298828,50.17669677734375,14.885910987854004,66.111083984375,142.3800048828125,26.31001663208008,18.094776153564453,73.66841888427734,16.899999618530273,19.3799991607666
2011-04-07,101.8909912109375,50.14163589477539,14.864681243896484,66.11827087402344,142.50999450683594,26.360746383666992,18.103130340576172,73.68450164794922,17.110000610351562,19.5
2011-04-08,101.53941345214844,49.905033111572266,14.80948543548584,65.92485809326172,143.66000366210938,26.98637008666992,17.961111068725586,73.66841888427734,17.8700008392334,20.049999237060547
2011-04-11,101.23372650146484,49.73856735229492,14.70333766937256,66.01084899902344,142.63999938964844,26.487558364868164,17.986175537109375,73.66841888427734,16.59000015258789,20.010000228881836
2011-04-12,100.47711181640624,49.39680480957031,14.41462230682373,66.38322448730469,141.61000061035156,25.94647979736328,17.944406509399414,73.68450164794922,17.09000015258789,20.329999923706055
2011-04-13,100.46944427490234,49.817405700683594,14.45283317565918,66.64109802246094,141.89999389648438,26.149385452270508,17.961111068725586,73.68450164794922,16.920000076293945,19.989999771118164
2011-04-14,100.54589080810548,49.72978210449219,14.465571403503418,66.41905212402344,143.80999755859375,26.21702003479004,17.8942813873291,73.66841888427734,16.270000457763672,19.959999084472656
2011-04-15,100.91272735595705,49.64215850830078,14.588700294494627,66.90612030029297,145.0500030517578,26.35228729248047,17.92769432067871,73.68450164794922,15.319999694824219,19.170000076293945
2011-04-18,99.78165435791016,49.29165267944336,14.393392562866213,67.0708999633789,145.92999267578125,26.1916561126709,18.094776153564453,73.66841888427734,16.959999084472656,19.920000076293945
2011-04-19,100.35479736328124,49.598350524902344,14.457080841064451,67.15679931640625,145.92999267578125,26.200111389160156,17.986175537109375,73.66841888427734,15.829999923706055,19.18000030517578
2011-04-20,101.72286224365234,50.72000503540039,15.1364107131958,66.89186096191406,146.5,26.61437606811523,17.810741424560547,73.66841888427734,15.069999694824219,18.479999542236328
2011-04-21,102.24254608154295,51.123104095458984,15.18736457824707,66.94187927246094,146.74000549316406,26.80882453918457,17.743906021118164,73.66841888427734,14.6899995803833,18.350000381469727
2011-04-25,102.13556671142578,51.25455474853515,15.242561340332031,67.17830657958984,146.8699951171875,26.732738494873047,17.71884536743164,73.66841888427734,15.770000457763672,18.549999237060547
2011-04-26,103.01445770263672,51.54372787475586,15.501553535461426,67.46480560302734,146.3800048828125,26.72428321838379,17.677078247070312,73.66841888427734,15.619999885559082,18.270000457763672
2011-04-27,103.6869888305664,51.89424133300781,15.603456497192385,67.27140045166016,149.1999969482422,26.88491439819336,17.560121536254883,73.66841888427734,15.350000381469727,17.899999618530273
2011-04-28,104.02327728271484,51.815372467041016,15.535524368286133,67.52930450439453,149.82000732421875,26.69046401977539,17.50999641418457,73.66841888427734,14.619999885559082,17.520000457763672
2011-04-29,104.26782989501952,51.77156829833984,15.57797908782959,67.6653823852539,152.3699951171875,26.969459533691406,17.50164031982422,73.66841888427734,14.75,17.5
2011-05-02,104.10733795166016,51.675167083740234,15.4081449508667,67.64453887939453,150.41000366210938,26.698917388916016,17.518348693847656,73.66841888427734,15.989999771118164,18.389999389648438
2011-05-03,103.73283386230467,51.4298095703125,15.335967063903809,67.82406616210938,149.8800048828125,26.419925689697266,17.518348693847656,73.66841888427734,16.700000762939453,19.110000610351562
2011-05-04,103.04499816894533,51.35094451904297,15.386917114257812,67.99636840820312,147.72999572753906,25.99720573425293,17.50999641418457,73.70059204101562,17.079999923706055,19.440000534057617
2011-05-05,102.11260986328124,51.07051086425781,15.446358680725098,68.3338851928711,143.47000122070312,24.255605697631836,17.768970489501953,73.70059204101562,18.200000762939453,19.84000015258789
2011-05-06,102.56355285644533,51.23703384399414,15.514293670654297,68.36980438232422,145.3000030517578,24.17951774597168,17.902633666992188,73.70059204101562,18.399999618530273,19.90999984741211
2011-05-09,102.9609832763672,51.4298095703125,15.4293794631958,68.47030639648438,147.3800048828125,25.067222595214844,17.87757110595703,73.70059204101562,17.15999984741211,19.200000762939453
2011-05-10,103.83984375,51.867950439453125,15.501553535461426,68.13997650146484,147.89999389648438,25.295494079589844,17.860864639282227,73.70059204101562,15.90999984741211,18.3700008392334
2011-05-11,102.74697875976562,51.49113845825195,15.446358680725098,68.38419342041016,146.5399932861328,24.483871459960938,18.027942657470703,73.70059204101562,16.950000762939453,19.049999237060547
2011-05-12,103.23606872558594,51.79784393310547,15.603456497192385,68.23338317871094,146.58999633789062,24.50923538208008,17.994529724121094,73.70059204101562,16.030000686645508,18.440000534057617
2011-05-13,102.44125366210938,51.1844367980957,15.488816261291504,68.49906921386719,145.6300048828125,24.551509857177734,18.11983871459961,73.68450164794922,17.06999969482422,19.06999969482422
2011-05-16,101.7916259765625,50.29938888549805,15.340211868286133,68.66425323486328,145.3699951171875,24.230241775512695,18.061363220214844,73.68450164794922,18.239999771118164,19.8700008392334
2011-05-17,101.7763671875,50.43960189819336,15.140661239624023,68.8653335571289,144.74000549316406,24.2894229888916,18.044652938842773,73.68450164794922,17.549999237060547,19.450000762939453
2011-05-18,102.68579864501952,50.86021041870117,15.471834182739258,68.47030639648438,145.60000610351562,24.779775619506836,18.036298751831055,73.66841888427734,16.229999542236328,18.530000686645508
2011-05-19,102.93038177490234,51.009178161621094,15.340211868286133,68.54214477539062,145.64999389648438,24.585325241088867,17.961111068725586,73.70059204101562,15.520000457763672,18.170000076293945
2011-05-20,102.11260986328124,50.62361526489258,15.242561340332031,68.70731353759766,147.49000549316406,24.81359100341797,18.086423873901367,73.68450164794922,17.43000030517578,19.049999237060547
2011-05-23,100.9280242919922,49.878753662109375,14.945348739624023,68.80070495605469,147.8300018310547,24.416236877441406,18.203380584716797,73.68450164794922,18.270000457763672,19.790000915527344
2011-05-24,100.84396362304688,49.572052001953125,14.8349609375,68.87245178222656,148.58999633789062,24.745960235595703,18.15325355529785,73.68450164794922,17.81999969482422,19.170000076293945
2011-05-25,101.18023681640624,49.76485061645508,14.924121856689451,68.87958526611328,148.5800018310547,25.19403839111328,18.136547088623047,73.68450164794922,17.06999969482422,18.8700008392334
2011-05-26,101.64642333984376,50.071556091308594,14.953843116760254,69.26028442382812,148.22000122070312,25.28704071044922,18.061363220214844,73.68450164794922,16.09000015258789,18.190000534057617
2011-05-27,102.03620147705078,50.32566833496094,15.000547409057615,69.25308227539062,149.6999969482422,25.430763244628903,17.91098976135254,73.68450164794922,15.979999542236328,18.1299991607666
2011-05-31,103.09854125976562,51.14064025878906,15.238313674926758,69.36077880859375,149.63999938964844,25.574487686157227,17.827449798583984,73.68450164794922,15.449999809265137,17.559999465942383
2011-06-01,100.78280639648438,50.02772903442383,14.762781143188477,69.93238830566406,149.91000366210938,25.25322151184082,17.869216918945312,73.66841888427734,18.299999237060547,19.360000610351562
2011-06-02,100.67581939697266,50.13288497924805,14.80948543548584,69.51484680175781,149.5,25.47303581237793,17.752262115478516,73.66841888427734,18.09000015258789,19.31999969482422
2011-06-03,99.67464447021484,49.379276275634766,14.50378704071045,69.7884292602539,150.22000122070312,25.574487686157227,17.61859893798828,73.66841888427734,17.950000762939453,19.469999313354492
2011-06-06,98.61996459960938,48.976192474365234,14.45283317565918,69.74523162841797,150.47999572753906,25.27858543395996,17.668720245361328,73.66841888427734,18.489999771118164,19.959999084472656
2011-06-07,98.55885314941406,48.888553619384766,14.55048656463623,69.87480163574219,150.4199981689453,25.515308380126953,17.5684757232666,73.68450164794922,18.06999969482422,19.5
2011-06-08,98.14614868164062,48.53802490234375,14.244787216186523,70.0259780883789,149.80999755859375,25.726665496826172,17.652013778686523,73.68450164794922,18.790000915527344,19.950000762939453
2011-06-09,98.89511108398438,48.62565994262695,14.287245750427246,69.74523162841797,150.55999755859375,25.870391845703125,17.710491180419922,73.66841888427734,17.770000457763672,19.260000228881836
2011-06-10,97.51943969726562,47.880802154541016,14.05797004699707,69.96841430664062,149.24000549316406,25.599849700927734,17.87757110595703,73.68450164794922,18.860000610351562,20.110000610351562
2011-06-13,97.59587860107422,47.880802154541016,13.947579383850098,69.81719207763672,147.77000427246094,25.430763244628903,17.78567886352539,73.66841888427734,19.610000610351562,20.440000534057617
2011-06-14,98.8339614868164,48.49421310424805,14.198081970214844,69.2628402709961,148.6699981689453,25.608304977416992,17.760618209838867,73.68450164794922,18.260000228881836,19.43000030517578
2011-06-15,97.07615661621094,47.574119567871094,13.943333625793455,70.0115737915039,149.1199951171875,24.923500061035156,18.044652938842773,73.68450164794922,21.31999969482422,21.3799991607666
2011-06-16,97.29016876220705,47.39007568359375,13.80746841430664,70.20597076416016,148.97000122070312,24.82204818725586,18.036298751831055,73.68450164794922,22.729999542236328,22.610000610351562
2011-06-17,97.58049774169922,47.241676330566406,13.722548484802246,70.15557098388672,149.94000244140625,24.712139129638672,17.919343948364258,73.68450164794922,21.850000381469727,22.440000534057617
2011-06-20,98.07969665527344,47.48756408691406,13.769253730773926,70.04757690429688,150.02999877929688,24.57687187194824,17.919343948364258,73.68450164794922,19.989999771118164,21.219999313354492
2011-06-21,99.4237823486328,48.50634765625,14.070708274841309,69.9539794921875,150.75999450683594,24.593778610229492,17.80238914489746,73.66841888427734,18.860000610351562,20.5
2011-06-22,98.82469940185548,48.1550407409668,13.981545448303224,69.92522430419922,150.99000549316406,24.703683853149418,17.869216918945312,73.68450164794922,18.520000457763672,20.719999313354492
2011-06-23,98.54053497314452,48.60296630859375,14.18110179901123,70.29236602783203,148.33999633789062,24.17951774597168,17.961111068725586,73.68450164794922,19.290000915527344,20.93000030517578
2011-06-24,97.39616394042967,47.75983047485352,13.86690616607666,70.58750915527344,146.25999450683594,23.892066955566406,18.06971549987793,73.66841888427734,21.100000381469727,21.920000076293945
2011-06-27,98.26404571533205,48.523929595947266,14.011266708374023,70.31395721435547,145.72999572753906,23.88361167907715,17.986175537109375,73.66841888427734,20.559999465942383,21.5
2011-06-28,99.54669189453124,49.24409484863281,14.12165641784668,69.66603088378906,146.24000549316406,24.306331634521484,17.919343948364258,73.66841888427734,19.170000076293945,20.520000457763672
2011-06-29,100.39922332763672,49.44609451293945,14.096182823181152,69.24845886230469,147.17999267578125,24.745960235595703,17.810741424560547,73.68450164794922,17.270000457763672,19.420000076293945
2011-06-30,101.3592758178711,50.10478591918945,14.469819068908691,69.01091766357422,146.0,24.483871459960938,17.727203369140625,73.68450164794922,16.520000457763672,18.90999984741211
2011-07-01,102.85698699951172,50.860084533691406,14.762781143188477,68.83841705322266,144.92999267578125,24.517690658569336,17.710491180419922,73.66841888427734,15.869999885559082,17.93000030517578
2011-07-05,102.77251434326172,51.11478805541992,14.609929084777832,69.27141571044922,147.6300048828125,24.847410202026367,17.77732276916504,73.66841888427734,16.059999465942383,18.110000610351562
2011-07-06,102.8953628540039,51.28165817260742,14.597190856933594,69.3941421508789,148.91000366210938,24.83895492553711,17.885927200317383,73.68450164794922,16.34000015258789,18.40999984741211
2011-07-07,103.96298217773438,51.9842643737793,14.932612419128418,69.12712097167969,149.14999389648438,25.363128662109375,17.852510452270508,73.66841888427734,15.949999809265137,17.770000457763672
2011-07-08,103.22563934326172,51.843746185302734,14.711831092834473,69.86312866210938,150.25,25.33776473999023,17.8942813873291,73.66841888427734,15.949999809265137,17.959999084472656
2011-07-11,101.3592758178711,50.90399932861328,14.50378704071045,70.3971939086914,151.58999633789062,25.143314361572266,18.136547088623047,73.65238189697266,18.389999389648438,19.979999542236328
2011-07-12,100.92149353027344,50.51756286621094,14.05372428894043,70.49823760986328,152.77000427246094,25.363128662109375,18.12819480895996,73.66841888427734,19.8700008392334,20.93000030517578
2011-07-13,101.2594223022461,50.72834014892578,13.96031665802002,70.61366271972656,154.13999938964844,25.70975685119629,17.936050415039062,73.68450164794922,19.90999984741211,20.850000381469727
2011-07-14,100.5605010986328,50.13991928100586,13.781991958618164,70.20958709716797,154.5399932861328,25.56603240966797,17.936050415039062,73.68450164794922,20.799999237060547,21.59000015258789
2011-07-15,101.1442413330078,50.80739212036133,13.832942008972168,70.49823760986328,155.1999969482422,25.794301986694336,17.902633666992188,73.68450164794922,19.530000686645508,20.940000534057617
2011-07-18,100.3147201538086,50.535133361816406,13.70981216430664,70.45491790771484,156.57000732421875,25.65057945251465,17.944406509399414,73.68450164794922,20.950000762939453,21.84000015258789
2011-07-19,101.94297790527344,51.68566131591797,14.10467529296875,70.72193145751953,154.66000366210938,25.8281192779541,17.902633666992188,73.68450164794922,19.209999084472656,20.5
2011-07-20,101.88153076171876,51.46609878540039,14.002775192260742,70.37556457519531,156.02000427246094,25.912662506103516,17.819093704223633,73.66841888427734,19.09000015258789,20.3700008392334
2011-07-21,103.2947769165039,51.808624267578125,14.108922004699709,69.9858627319336,154.8300018310547,25.78584861755371,17.652013778686523,73.66841888427734,17.559999465942383,19.200000762939453
2011-07-22,103.3638687133789,52.34434509277344,14.346688270568848,70.25285339355469,156.1199951171875,25.99720573425293,17.652013778686523,73.68450164794922,17.520000457763672,19.200000762939453
2011-07-25,102.7878646850586,52.23895263671875,14.210821151733398,70.02914428710938,157.33999633789062,25.870391845703125,17.63530731201172,73.68450164794922,19.350000381469727,20.260000228881836
2011-07-26,102.4037857055664,52.37071990966797,14.257524490356444,70.32503509521484,157.77000427246094,26.07329559326172,17.484933853149414,73.68450164794922,20.229999542236328,20.889999389648438
2011-07-27,100.30705261230467,51.018184661865234,13.790482521057127,70.20958709716797,157.19000244140625,25.895755767822266,17.61859893798828,73.68450164794922,22.979999542236328,22.690000534057617
2011-07-28,100.01516723632812,51.106014251708984,13.714058876037598,70.34671020507812,157.32000732421875,25.811208724975582,17.652013778686523,73.68450164794922,23.739999771118164,22.950000762939453
2011-07-29,99.33164978027344,50.93915939331055,13.612157821655272,71.1982192993164,158.2899932861328,25.599849700927734,17.5684757232666,73.68450164794922,25.25,22.90999984741211
2011-08-01,98.90923309326172,50.701995849609375,13.61640453338623,71.45720672607422,157.72000122070312,25.599849700927734,17.660367965698242,73.68450164794922,23.65999984741211,22.3799991607666
2011-08-02,96.38230895996094,49.41975021362305,13.238524436950684,72.11550903320312,161.52000427246094,25.599849700927734,17.685428619384766,73.68450164794922,24.790000915527344,23.600000381469727
2011-08-03,96.90461730957033,49.89399719238281,13.365900039672852,72.17337036132812,161.49000549316406,25.219404220581055,17.601890563964844,73.68450164794922,23.3799991607666,23.1200008392334
2011-08-04,92.3654556274414,47.575401306152344,12.63986110687256,73.12826538085938,160.63999938964844,24.26405906677246,17.87757110595703,73.68450164794922,31.65999984741211,28.559999465942383
2011-08-05,92.22718048095705,47.27678298950195,12.482763290405272,72.2818374633789,161.75,24.36551094055176,17.727203369140625,73.68450164794922,32.0,29.59000015258789
2011-08-08,86.22105407714844,44.43121719360352,12.007230758666992,73.43209838867188,167.1199951171875,23.460891723632812,17.752262115478516,73.68450164794922,48.0,38.099998474121094
2011-08-09,90.2302703857422,46.57418441772461,12.38935661315918,73.8589096069336,168.61000061035156,23.689163208007812,17.601890563964844,73.68450164794922,35.060001373291016,31.06999969482422
2011-08-10,86.24410247802734,44.66836929321289,12.092148780822754,74.83549499511719,174.5800018310547,23.79061508178711,17.752262115478516,73.68450164794922,42.9900016784668,36.58000183105469
2011-08-11,90.11508178710938,46.63563919067383,12.5464506149292,73.73590087890625,170.75,24.306331634521484,17.727203369140625,73.68450164794922,39.0,33.81999969482422
2011-08-12,90.72181701660156,47.048431396484375,12.516731262207031,74.24952697753906,169.97000122070312,24.272510528564453,17.727203369140625,73.68450164794922,36.36000061035156,32.75
2011-08-15,92.64192199707033,47.74226760864258,12.712039947509766,73.97468566894531,171.8000030517578,24.568416595458984,17.543415069580078,73.68450164794922,31.8700008392334,30.079999923706055
2011-08-16,91.85084533691406,47.3382568359375,12.503995895385742,74.31462860107422,173.9199981689453,24.568416595458984,17.551769256591797,73.68450164794922,32.849998474121094,30.440000534057617
2011-08-17,91.91230010986328,47.057228088378906,12.465781211853027,74.83549499511719,174.4199981689453,24.779775619506836,17.50999641418457,73.68450164794922,31.579999923706055,30.030000686645508
2011-08-18,87.94916534423828,44.74739837646485,11.85013484954834,75.22608184814453,177.72000122070312,24.17106056213379,17.61024284362793,73.65238189697266,42.66999816894531,36.599998474121094
2011-08-19,86.5129165649414,43.939395904541016,11.6123685836792,75.30569458007812,179.9499969482422,24.602231979370117,17.5684757232666,73.68450164794922,43.04999923706055,37.900001525878906
2011-08-22,86.5820541381836,44.09748840332031,11.743988990783691,75.16824340820312,184.58999633789065,24.644506454467773,17.601890563964844,73.65238189697266,42.439998626708984,38.2599983215332
2011-08-23,89.4314956665039,45.91546630859375,12.198293685913086,74.86443328857422,177.6699981689453,24.89813995361328,17.526702880859375,73.68450164794922,36.27000045776367,34.790000915527344
2011-08-24,90.69110107421876,46.27556610107422,12.155835151672363,74.06141662597656,171.64999389648438,24.644506454467773,17.560121536254883,73.68450164794922,35.900001525878906,34.79999923706055
2011-08-25,89.30858612060547,45.520263671875,11.845888137817385,74.51718139648438,172.36000061035156,24.75441551208496,17.61024284362793,73.65238189697266,39.7599983215332,36.61000061035156
2011-08-26,90.60662078857422,46.6619987487793,12.087900161743164,74.75590515136719,177.47000122070312,25.03340721130371,17.50999641418457,73.68450164794922,35.59000015258789,34.40999984741211
2011-08-29,93.21029663085938,47.961822509765625,12.470026016235352,74.2640151977539,173.88999938964844,25.117950439453125,17.484933853149414,73.68450164794922,32.279998779296875,31.979999542236328
2011-08-30,93.45609283447266,48.27801513671875,12.453043937683104,74.777587890625,179.10000610351562,25.456127166748047,17.551769256591797,73.68450164794922,32.88999938964844,32.470001220703125
2011-08-31,93.87081909179688,48.35704803466797,12.380864143371582,74.5099868774414,177.72000122070312,25.498395919799805,17.601890563964844,73.68450164794922,31.6200008392334,31.670000076293945
2011-09-01,92.88772583007812,47.91791534423828,12.206785202026367,75.10372924804688,177.8699951171875,25.32085609436035,17.677078247070312,73.68450164794922,31.81999969482422,31.989999771118164
2011-09-02,90.51445770263672,46.79374694824219,11.918067932128906,75.79249572753906,183.2400054931641,25.18558692932129,17.727203369140625,73.68450164794922,33.91999816894531,33.790000915527344
2011-09-06,89.85389709472656,46.80253219604492,11.8756103515625,75.89397430419922,182.8999938964844,25.101043701171875,18.00288200378418,73.66841888427734,37.0,35.380001068115234
2011-09-07,92.38848876953124,47.98817443847656,12.244998931884766,75.48800659179688,177.0800018310547,25.329309463500977,17.902633666992188,73.65238189697266,33.380001068115234,32.959999084472656
2011-09-08,91.4284210205078,47.76861953735352,12.18130874633789,75.85771942138672,181.80999755859375,25.16022300720215,18.086423873901367,73.65238189697266,34.31999969482422,33.709999084472656
2011-09-09,89.03211975097656,46.7059211730957,12.109131813049316,76.22748565673828,180.6999969482422,24.762868881225582,18.303627014160156,73.66841888427734,38.52000045776367,36.63999938964844
2011-09-12,89.6081314086914,47.303131103515625,12.368125915527344,75.99549102783203,176.6699981689453,24.703683853149418,18.311981201171875,73.66841888427734,38.59000015258789,37.060001373291016
2011-09-13,90.42998504638672,47.935489654541016,12.580418586730955,75.7707290649414,178.5399932861328,24.62759780883789,18.25350570678711,73.65238189697266,36.90999984741211,36.060001373291016
2011-09-14,91.6818618774414,48.62054443359375,12.873382568359377,75.81422424316406,177.2100067138672,24.50923538208008,18.203380584716797,73.65238189697266,34.599998474121094,34.959999084472656
2011-09-15,93.26405334472656,49.34071350097656,13.060198783874512,75.24872589111328,174.39999389648438,24.610689163208008,18.094776153564453,73.65238189697266,31.969999313354492,33.52000045776367
2011-09-16,93.8160400390625,49.79296112060547,13.132376670837402,75.39369201660156,176.02999877929688,24.500782012939453,18.161609649658203,73.65238189697266,30.979999542236328,32.95000076293945
2011-09-19,92.88188934326172,49.81056213378906,13.038969039916992,76.00999450683594,173.30999755859375,24.086517333984375,18.26185607910156,73.66841888427734,32.72999954223633,33.810001373291016
2011-09-20,92.77379608154295,49.59059143066406,12.937071800231934,76.11148071289062,175.77999877929688,24.044246673583984,18.26185607910156,73.66841888427734,32.86000061035156,33.619998931884766
2011-09-21,90.04086303710938,48.72829818725586,12.699300765991213,76.43777465820312,173.58999633789062,23.689163208007812,18.40387535095215,73.66841888427734,37.31999969482422,36.189998626708984
2011-09-22,87.1303482055664,47.14449691772461,12.363882064819336,77.14830017089844,169.0500030517578,22.8521785736084,18.596019744873047,73.65238189697266,41.349998474121094,39.150001525878906
2011-09-23,87.65531158447266,47.64604568481445,12.618632316589355,76.51020812988281,159.8000030517578,22.446365356445312,18.545894622802734,73.66841888427734,41.25,39.54999923706055
2011-09-26,89.73978424072266,48.20036697387695,12.652596473693848,76.19127655029297,157.5800018310547,22.522457122802734,18.529184341430664,73.66841888427734,39.02000045776367,38.029998779296875
2011-09-27,90.743408203125,48.70188903808594,12.91584014892578,75.68372344970703,160.6300048828125,22.90290641784668,18.420581817626953,73.65238189697266,37.709999084472656,37.209999084472656
2011-09-28,88.89055633544922,47.98038864135742,12.57192611694336,75.6982421875,156.22000122070312,22.285734176635746,18.487415313720703,73.66841888427734,41.08000183105469,39.52000045776367
2011-09-29,89.59309387207031,47.40846252441406,12.474272727966309,75.6982421875,157.6999969482422,22.547822952270508,18.445642471313477,73.66841888427734,38.84000015258789,38.18000030517578
2011-09-30,87.35423278808594,46.1854362487793,12.07516384124756,76.1767578125,158.05999755859375,21.770017623901367,18.637786865234375,73.66841888427734,42.959999084472656,41.2400016784668
2011-10-03,84.86829376220703,44.9975700378418,11.752479553222656,76.88216400146484,160.9600067138672,21.660112380981445,18.804866790771484,73.66841888427734,45.45000076293945,43.380001068115234
2011-10-04,86.72888946533203,45.92144012451172,11.535943031311035,76.4898681640625,157.63999938964844,21.61783790588379,18.72968292236328,73.66841888427734,40.81999969482422,40.45000076293945
2011-10-05,88.33467102050781,47.10050964355469,11.896838188171388,76.17021179199219,159.4600067138672,21.922197341918945,18.67120361328125,73.66841888427734,37.810001373291016,38.310001373291016
2011-10-06,89.93280029296875,47.89240646362305,12.049688339233398,75.63990783691406,160.49000549316406,22.378732681274418,18.554243087768555,73.65238189697266,36.27000045776367,37.040000915527344
2011-10-07,89.33061218261719,47.57563400268555,12.14309787750244,75.24761199951172,159.17999267578125,22.277280807495117,18.604372024536133,73.66841888427734,36.20000076293945,37.310001373291016
2011-10-10,92.3183135986328,49.22103118896485,12.487010955810549,74.45577239990234,163.27000427246094,22.77609062194824,18.311981201171875,73.65238189697266,33.02000045776367,34.790000915527344
2011-10-11,92.41098022460938,49.555389404296875,12.491256713867188,74.70276641845703,162.10000610351562,22.94517517089844,18.295270919799805,73.66841888427734,32.86000061035156,34.060001373291016
2011-10-12,93.22156524658205,49.80177688598633,12.59740161895752,74.44847869873047,163.25999450683594,22.98744773864746,18.178316116333008,73.65238189697266,31.260000228881836,32.970001220703125
2011-10-13,93.03632354736328,50.25932312011719,12.873382568359377,74.74634552001953,162.3000030517578,23.038177490234375,18.16996192932129,73.66841888427734,30.700000762939453,32.709999084472656
2011-10-14,94.62665557861328,51.19200134277344,12.996511459350586,74.37582397460938,163.39999389648438,23.562345504760746,18.086423873901367,73.65238189697266,28.239999771118164,30.389999389648438
2011-10-17,92.82015228271484,50.40010070800781,12.73751449584961,74.8625259399414,162.6199951171875,23.224170684814453,18.203380584716797,73.65238189697266,33.38999938964844,33.599998474121094
2011-10-18,94.6343994140625,51.02481842041016,12.94980812072754,74.78267669677734,161.83999633789062,23.35098648071289,18.178316116333008,73.66841888427734,31.559999465942383,31.979999542236328
2011-10-19,93.51496887207033,50.03933334350586,12.839415550231934,74.8989028930664,159.8699951171875,22.89444923400879,18.19502639770508,73.66841888427734,34.439998626708984,34.38999938964844
2011-10-20,93.92414093017578,49.79296112060547,12.665334701538086,74.74634552001953,157.77000427246094,22.86063575744629,18.161609649658203,73.66841888427734,34.779998779296875,34.20000076293945
2011-10-21,95.70748901367188,50.41769027709961,13.013495445251465,74.60831451416016,159.52000427246094,22.978994369506836,17.994529724121094,73.65238189697266,31.31999969482422,31.969999313354492
2011-10-24,96.8809814453125,51.46474075317383,13.42534065246582,74.57195281982422,161.02000427246094,23.342531204223633,17.9527587890625,73.65238189697266,29.260000228881836,30.469999313354492
2011-10-25,94.99723815917967,50.452884674072266,13.293719291687012,75.21127319335938,165.58999633789062,23.418622970581055,17.969467163085938,73.66841888427734,32.220001220703125,32.36000061035156
2011-10-26,95.9622573852539,50.39128494262695,13.348916053771973,74.65910339355469,167.39999389648438,23.28335189819336,17.969467163085938,73.66841888427734,29.860000610351562,30.940000534057617
2011-10-27,99.30512237548828,51.781517028808594,13.803220748901367,73.75833129882812,169.5500030517578,23.900522232055664,17.668720245361328,73.65238189697266,25.459999084472656,27.030000686645508
2011-10-28,99.281982421875,51.8607063293457,13.815958976745604,74.20148468017578,169.6199951171875,23.799068450927734,17.677078247070312,73.65238189697266,24.530000686645508,26.520000457763672
2011-10-31,96.888671875,50.9896354675293,13.476289749145508,75.19674682617188,167.33999633789062,23.435529708862305,18.019590377807617,73.6363525390625,29.959999084472656,30.3700008392334
2011-11-01,94.18663787841795,49.660987854003906,13.089920043945312,76.09869384765625,167.3800048828125,23.15653610229492,18.21173095703125,73.66841888427734,34.77000045776367,34.02000045776367
2011-11-02,95.72293853759766,50.08332443237305,13.081426620483398,75.91666412353516,169.05999755859375,23.30026054382324,18.16996192932129,73.65238189697266,32.7400016784668,32.880001068115234
2011-11-03,97.46773529052734,51.12159729003906,13.4423246383667,75.55997467041016,171.72000122070312,23.587711334228516,18.086423873901367,73.6363525390625,30.5,31.6200008392334
2011-11-04,96.8732452392578,50.857627868652344,13.552716255187988,75.78563690185547,170.85000610351562,23.663799285888672,18.136547088623047,73.65238189697266,30.15999984741211,31.229999542236328
2011-11-07,97.47545623779295,51.218379974365234,13.561206817626951,75.87300872802734,174.97999572753906,24.01042938232422,18.11983871459961,73.66841888427734,29.850000381469727,31.3799991607666
2011-11-08,98.72608947753906,51.80792236328125,13.650371551513672,75.53084564208984,173.52999877929688,24.12879180908203,18.036298751831055,73.66841888427734,27.479999542236328,29.520000457763672
2011-11-09,95.08218383789062,49.986534118652344,13.055951118469238,76.20059204101562,172.07000732421875,23.596162796020508,18.353750228881836,73.65238189697266,36.15999984741211,35.4900016784668
2011-11-10,95.97770690917967,49.960147857666016,13.174837112426758,75.8293228149414,171.13999938964844,23.570798873901367,18.303627014160156,73.66841888427734,32.810001373291016,33.75
2011-11-11,97.78424835205078,50.9016227722168,13.590928077697754,75.47994232177734,173.9600067138672,23.799068450927734,18.11983871459961,73.65238189697266,30.040000915527344,31.600000381469727
2011-11-14,96.85781860351562,50.58487319946289,13.459307670593262,75.95307159423828,173.1999969482422,23.545438766479492,18.245147705078125,73.66841888427734,31.1299991607666,32.720001220703125
2011-11-15,97.33646392822266,51.14799880981445,13.646124839782717,75.85115814208984,173.36000061035156,23.714521408081055,18.353750228881836,73.65238189697266,31.219999313354492,32.52000045776367
2011-11-16,95.79241943359376,50.30331802368164,13.556962966918944,76.12781524658203,171.50999450683594,23.655344009399418,18.412229537963867,73.66841888427734,33.5099983215332,34.38999938964844
2011-11-17,94.27156066894533,49.12425231933594,13.081426620483398,76.2806167602539,167.10000610351562,23.10580825805664,18.43729019165039,73.66841888427734,34.5099983215332,35.31999969482422
2011-11-18,94.17119598388672,48.74589157104492,12.94131565093994,75.99674987792969,167.6199951171875,23.07198905944824,18.38716697692871,73.66841888427734,32.0,34.20000076293945
2011-11-21,92.38009643554688,47.813209533691406,12.635614395141602,76.20787811279297,163.5,22.90290641784668,18.420581817626953,73.66841888427734,32.90999984741211,34.779998779296875
2011-11-22,92.01721954345705,47.97159194946289,12.444552421569824,76.4408187866211,165.30999755859375,23.055084228515625,18.412229537963867,73.65238189697266,31.969999313354492,34.2400016784668
2011-11-23,89.98682403564453,46.88932418823242,12.087900161743164,76.70287322998047,164.8300018310547,22.70845413208008,18.62108039855957,73.66841888427734,33.97999954223633,35.869998931884766
2011-11-25,89.81696319580078,46.5285758972168,11.994492530822754,76.21512603759766,163.39999389648438,22.522457122802734,18.72968292236328,73.66841888427734,34.470001220703125,36.45000076293945
2011-11-28,92.41869354248048,48.1475715637207,12.35963535308838,76.22235870361328,166.6300048828125,22.80145263671875,18.65449333190918,73.66841888427734,32.130001068115234,33.939998626708984
2011-11-29,92.68116760253906,47.84840393066406,12.334160804748535,76.07679748535156,166.8800048828125,23.097354888916016,18.587663650512695,73.6363525390625,30.639999389648438,33.209999084472656
2011-11-30,96.49494934082033,49.616981506347656,13.021986961364746,75.63274383544922,170.1300048828125,23.367895126342773,18.42893409729004,73.65238189697266,27.799999237060547,30.579999923706055
2011-12-01,96.4795379638672,49.960147857666016,13.077181816101074,75.61089324951172,169.6300048828125,23.28335189819336,18.420581817626953,73.6363525390625,27.40999984741211,30.030000686645508
2011-12-02,96.39459991455078,49.81935119628906,12.992264747619627,75.94644165039062,169.82000732421875,23.486255645751953,18.479063034057617,73.65238189697266,27.520000457763672,29.850000381469727
2011-12-05,97.44451904296876,50.364891052246094,13.18332862854004,75.902587890625,167.32000732421875,23.35944175720215,18.479063034057617,73.65238189697266,27.84000015258789,29.899999618530273
2011-12-06,97.47545623779295,50.22411346435547,13.20455837249756,75.70570373535156,168.17999267578125,23.486255645751953,18.462352752685547,73.66841888427734,28.1299991607666,30.15999984741211
2011-12-07,97.8382797241211,50.22411346435547,13.310702323913574,76.04853057861328,169.39999389648438,23.28335189819336,18.43729019165039,73.65238189697266,28.670000076293945,30.6200008392334
2011-12-08,95.69204711914062,49.379417419433594,12.94980812072754,76.43502044677734,165.97999572753906,22.98744773864746,18.537538528442383,73.65238189697266,30.59000015258789,32.09000015258789
2011-12-09,97.31330108642578,50.17131423950195,13.106904029846191,75.90995788574219,166.39999389648438,23.07198905944824,18.479063034057617,73.6363525390625,26.3799991607666,29.530000686645508
2011-12-12,95.89276885986328,49.60819625854492,12.695056915283203,76.17250061035156,161.99000549316406,22.77609062194824,18.67120361328125,73.6363525390625,25.670000076293945,30.170000076293945
2011-12-13,94.99723815917967,49.062652587890625,12.470026016235352,76.52257537841797,158.4499969482422,22.86908721923828,18.854991912841797,73.6363525390625,25.40999984741211,30.170000076293945
2011-12-14,93.98587799072266,48.29714584350586,12.253490447998049,76.84347534179688,152.88999938964844,22.057466506958008,18.89676094055176,73.65238189697266,26.040000915527344,30.420000076293945
2011-12-15,94.32559204101562,48.16518020629883,12.363882064819336,76.77780151367188,152.3300018310547,21.94755744934082,18.84663772583008,73.6363525390625,25.110000610351562,29.459999084472656
2011-12-16,94.46541595458984,48.413143157958984,12.363882064819336,77.14979553222656,155.22999572753906,22.125102996826172,18.788158416748047,73.65238189697266,24.290000915527344,29.030000686645508
2011-12-19,93.4554672241211,47.93660354614258,12.266226768493652,77.41232299804688,154.8699951171875,22.02364921569824,18.854991912841797,73.65238189697266,24.920000076293945,28.739999771118164
2011-12-20,96.28340911865234,49.35740280151367,12.750252723693848,76.71220397949219,156.97999572753906,22.530912399291992,18.696264266967773,73.65238189697266,23.219999313354492,26.8700008392334
2011-12-21,96.4698486328125,48.65141677856445,12.601648330688477,76.46426391601562,157.16000366210938,22.691545486450195,18.696264266967773,73.65238189697266,21.43000030517578,25.559999465942383
2011-12-22,97.32445526123048,49.06617736816406,12.920085906982422,76.55902862548828,156.0399932861328,22.716907501220703,18.696264266967773,73.65238189697266,21.15999984741211,25.280000686645508
2011-12-23,98.1946029663086,49.48977279663086,13.013495445251465,76.24541473388672,156.30999755859375,22.826814651489254,18.704618453979492,73.65238189697266,20.729999542236328,25.219999313354492
2011-12-27,98.27229309082033,49.67439651489258,13.013495445251465,76.28852081298828,154.91000366210938,22.928268432617188,18.66284942626953,73.6363525390625,21.90999984741211,25.540000915527344
2011-12-28,96.98259735107422,49.10025787353515,12.856398582458496,76.77075958251953,151.02999877929688,22.657726287841797,18.838279724121097,73.63954162597656,23.520000457763672,26.75
2011-12-29,97.98487091064452,49.45356750488281,12.971035957336426,76.8657455444336,150.33999633789062,22.725360870361328,18.804866790771484,73.63954162597656,22.649999618530273,26.25
2011-12-30,97.503173828125,49.312252044677734,12.920085906982422,77.13610076904297,151.99000549316406,22.691545486450195,18.77145004272461,73.63954162597656,23.399999618530273,26.860000610351562
2012-01-03,99.0570068359375,50.25733947753906,13.09841251373291,76.64655303955078,155.9199981689453,23.367895126342773,18.61272621154785,73.62350463867188,22.969999313354492,26.049999237060547
2012-01-04,99.2123794555664,50.46931457519531,13.106904029846191,76.40542602539062,156.7100067138672,23.545438766479492,18.71297264099121,73.62350463867188,22.219999313354492,25.309999465942383
2012-01-05,99.47652435302734,50.88444900512695,13.268243789672852,76.4200668334961,157.77999877929688,23.224170684814453,18.913469314575195,73.62350463867188,21.479999542236328,24.700000762939453
2012-01-06,99.22017669677734,51.061092376708984,13.251261711120604,76.7196273803711,157.1999969482422,23.325624465942383,18.980300903320312,73.62350463867188,20.6299991607666,24.09000015258789
2012-01-09,99.46099090576172,50.89327621459961,13.467799186706545,76.73422241210938,156.5,23.35098648071289,18.913469314575195,73.63954162597656,21.06999969482422,24.1200008392334
2012-01-10,100.32337188720705,51.26424789428711,13.565452575683594,76.5807876586914,158.63999938964844,23.52007293701172,18.89676094055176,73.63954162597656,20.690000534057617,23.68000030517578
2012-01-11,100.37776184082033,51.370243072509766,13.548470497131348,77.02645111083984,159.6699981689453,23.452438354492188,18.980300903320312,73.62350463867188,21.049999237060547,24.110000610351562
2012-01-12,100.6186294555664,51.573368072509766,13.667352676391602,76.8657455444336,160.3800048828125,23.12272071838379,18.854991912841797,73.62350463867188,20.469999313354492,24.040000915527344
2012-01-13,100.09806823730467,51.38788986206055,13.412603378295898,77.20913696289062,159.25999450683594,23.07198905944824,19.00536346435547,73.62350463867188,20.90999984741211,24.670000076293945
2012-01-17,100.48655700683594,51.85602188110352,13.42958641052246,77.28218841552734,160.5,23.23262596130371,18.938533782958984,73.62350463867188,22.200000762939453,25.0
2012-01-18,101.5975341796875,52.54495620727539,13.96456241607666,77.04109954833984,161.60000610351562,23.24108123779297,18.77145004272461,73.62350463867188,20.889999389648438,24.18000030517578
2012-01-19,102.13362121582033,52.87175750732422,14.19383716583252,76.5807876586914,161.22000122070312,23.342531204223633,18.67120361328125,73.62350463867188,19.8700008392334,23.649999618530273
2012-01-20,102.51428985595705,52.79228210449219,14.295735359191896,76.31776428222656,162.07000732421875,23.173442840576172,18.687911987304688,73.62350463867188,18.280000686645508,22.81999969482422
2012-01-23,102.25017547607422,52.80995178222656,14.295735359191896,76.14973449707031,163.16000366210938,23.44398307800293,18.579307556152344,73.62350463867188,18.670000076293945,22.31999969482422
2012-01-24,102.13362121582033,52.7127799987793,14.350932121276855,76.23738098144531,162.00999450683594,23.486255645751953,18.604372024536133,73.62350463867188,18.90999984741211,22.030000686645508
2012-01-25,102.98821258544922,53.37522506713867,14.393392562866213,76.60275268554688,166.4199981689453,23.680707931518555,18.520832061767575,73.62350463867188,18.309999465942383,21.360000610351562
2012-01-26,102.4599380493164,53.18975067138672,14.321211814880373,77.01187896728516,167.27000427246094,23.74834251403809,18.50412368774414,73.62350463867188,18.56999969482422,21.68000030517578
2012-01-27,102.41329956054688,53.34873580932617,14.333951950073242,77.24565887451172,168.97000122070312,23.8328857421875,18.37045669555664,73.62350463867188,18.530000686645508,21.399999618530273
2012-01-30,102.06369018554688,53.39289093017578,14.236297607421877,77.50872039794922,168.02999877929688,23.587711334228516,18.43729019165039,73.63954162597656,19.399999618530273,21.920000076293945
2012-01-31,102.02483367919922,53.463565826416016,14.232051849365234,77.80094146728516,169.30999755859375,23.528528213500977,18.479063034057617,73.62350463867188,19.440000534057617,22.09000015258789
2012-02-01,102.91829681396484,53.8963508605957,14.465571403503418,77.5308837890625,169.55999755859375,23.604616165161133,18.395523071289062,73.62350463867188,18.549999237060547,21.540000915527344
2012-02-02,103.0814437866211,54.06417465209961,14.469819068908691,77.64068603515625,171.0500030517578,23.663799285888672,18.40387535095215,73.62350463867188,17.979999542236328,21.010000228881836
2012-02-03,104.52651977539062,54.80610656738281,14.699092864990234,77.02587127685547,167.63999938964844,23.942792892456055,18.40387535095215,73.62350463867188,17.100000381469727,20.049999237060547
2012-02-06,104.45659637451172,54.76193618774414,14.546242713928224,77.23810577392578,167.17999267578125,24.06115341186523,18.412229537963867,73.63954162597656,17.760000228881836,20.389999389648438
2012-02-07,104.7207260131836,54.87678146362305,14.588700294494627,76.74039459228516,169.6999969482422,24.044246673583984,18.28691864013672,73.62350463867188,17.649999618530273,20.139999389648438
2012-02-08,105.0315170288086,55.16824722290039,14.720318794250488,76.77698516845703,168.5,24.154150009155273,18.303627014160156,73.63954162597656,18.15999984741211,20.68000030517578
2012-02-09,105.16361236572266,55.56570053100586,14.771269798278809,76.60130310058594,168.02000427246094,24.280967712402344,18.311981201171875,73.62350463867188,18.6299991607666,21.34000015258789
2012-02-10,104.38663482666016,55.17707443237305,14.50802993774414,77.03313446044922,167.13999938964844,24.05270195007324,18.42893409729004,73.63954162597656,20.790000915527344,23.280000686645508
2012-02-13,105.16361236572266,55.68935775756836,14.55898094177246,76.98193359375,167.50999450683594,24.111881256103516,18.40387535095215,73.62350463867188,19.040000915527344,22.1200008392334
2012-02-14,105.0315170288086,55.830684661865234,14.605687141418455,77.14295196533203,167.1199951171875,24.103425979614254,18.495769500732425,73.63954162597656,19.540000915527344,22.81999969482422
2012-02-15,104.54206085205078,55.44205856323242,14.643898010253906,77.2015380859375,168.11000061035156,24.187969207763672,18.554243087768555,73.62350463867188,21.139999389648438,24.1200008392334
2012-02-16,105.69963836669922,56.20165252685547,14.941105842590332,76.85009002685547,168.0,24.29787826538086,18.487415313720703,73.63954162597656,19.219999313354492,23.170000076293945
2012-02-17,105.97936248779295,56.02500534057617,14.915632247924805,76.76968383789062,167.35000610351562,24.255605697631836,18.487415313720703,73.62350463867188,17.780000686645508,22.389999389648438
2012-02-21,106.02598571777344,56.18399429321289,14.741552352905272,76.49150848388672,171.02000427246094,24.636051177978516,18.412229537963867,73.62350463867188,18.190000534057617,22.350000381469727
2012-02-22,105.68413543701172,55.92784118652344,14.656633377075195,76.79159545898438,172.94000244140625,24.864320755004883,18.43729019165039,73.62350463867188,18.190000534057617,22.09000015258789
2012-02-23,106.15027618408205,56.2988166809082,14.62266445159912,76.90142822265625,173.02000427246094,24.94040870666504,18.295270919799805,73.62350463867188,16.799999237060547,20.780000686645508
2012-02-24,106.3833236694336,56.49312973022461,14.605687141418455,76.9599609375,172.22999572753906,25.092588424682617,18.2200870513916,73.63954162597656,17.309999465942383,21.18000030517578
2012-02-27,106.56201171875,56.5726203918457,14.66512680053711,77.21615600585938,171.6999969482422,24.88968276977539,18.278562545776367,73.62350463867188,18.190000534057617,21.8700008392334
2012-02-28,106.87281036376952,57.14673614501953,14.877419471740724,77.2527847290039,173.49000549316406,24.881227493286133,18.19502639770508,73.62350463867188,17.959999084472656,21.600000381469727
2012-02-29,106.45325469970705,56.89059066772461,14.64814281463623,76.94529724121094,164.2899932861328,24.788232803344727,18.34539794921875,73.63954162597656,18.43000030517578,21.799999237060547
2012-03-01,107.00487518310548,57.34104919433594,14.64814281463623,76.6960220336914,166.61000061035156,25.17713165283203,18.34539794921875,73.62350463867188,17.260000228881836,21.030000686645508
2012-03-02,106.6785659790039,57.296905517578125,14.533504486083984,77.00399017333984,166.33999633789062,24.923500061035156,18.4707088470459,73.62350463867188,17.290000915527344,21.260000228881836
2012-03-05,106.2435302734375,56.70509719848633,14.22355842590332,76.84994506835938,165.64999389648438,24.805139541625977,18.45400047302246,73.62350463867188,18.049999237060547,21.989999771118164
2012-03-06,104.6896743774414,56.14863967895508,14.172608375549316,77.17266082763672,162.6999969482422,24.39933204650879,18.570955276489254,73.62350463867188,20.8700008392334,23.899999618530273
2012-03-07,105.41998291015624,56.581443786621094,14.367918014526367,77.0259780883789,163.6300048828125,24.50923538208008,18.545894622802734,73.62350463867188,19.06999969482422,22.719999313354492
2012-03-08,106.46880340576172,57.190921783447266,14.499540328979492,76.79869842529297,165.27999877929688,24.712139129638672,18.420581817626953,73.63954162597656,17.950000762939453,21.84000015258789
2012-03-09,106.88059997558594,57.42937850952149,14.614174842834473,76.74006652832031,166.3800048828125,24.779775619506836,18.596019744873047,73.63954162597656,17.110000610351562,21.219999313354492
2012-03-12,106.88834381103516,57.45589447021485,14.48255443572998,76.71802520751953,165.07000732421875,24.745960235595703,18.570955276489254,73.63954162597656,15.640000343322754,20.809999465942383
2012-03-13,108.81510925292967,58.52462387084961,14.817974090576172,76.16814422607422,162.3000030517578,24.855865478515625,18.629430770874023,73.63954162597656,14.800000190734863,19.600000381469727
2012-03-14,108.69854736328124,58.72774124145508,14.737306594848633,75.29572296142578,159.57000732421875,24.686777114868164,18.72968292236328,73.62350463867188,15.3100004196167,20.75
2012-03-15,109.32786560058594,58.895599365234375,14.983563423156738,75.27372741699219,161.0800018310547,24.703683853149418,18.65449333190918,73.62350463867188,15.420000076293945,20.540000915527344
2012-03-16,109.47926330566406,58.8539924621582,14.979317665100098,75.25166320800781,161.3000030517578,25.008047103881836,18.529184341430664,73.62350463867188,14.470000267028809,20.3700008392334
2012-03-19,109.9084014892578,59.26983642578125,15.132166862487791,74.789794921875,161.58999633789062,24.96577262878418,18.42893409729004,73.63954162597656,15.039999961853027,19.940000534057617
2012-03-20,109.58850860595705,59.37602233886719,15.038761138916016,74.82650756835938,160.1300048828125,24.66141700744629,18.462352752685547,73.63954162597656,15.579999923706055,19.959999084472656
2012-03-21,109.40901947021484,59.38488006591797,15.110937118530272,75.20779418945312,160.2100067138672,24.602231979370117,18.4707088470459,73.63954162597656,15.130000114440918,19.25
2012-03-22,108.62092590332033,59.2609977722168,15.026022911071776,75.30304718017578,159.57000732421875,24.407785415649418,18.495769500732425,73.63954162597656,15.569999694824219,19.549999237060547
2012-03-23,108.97201538085938,59.22560119628906,15.043004035949709,75.58162689208984,161.52999877929688,24.644506454467773,18.395523071289062,73.63954162597656,14.819999694824219,18.639999389648438
2012-03-26,110.50142669677734,60.26076126098633,15.276527404785156,75.49371337890625,164.39999389648438,24.75441551208496,18.278562545776367,73.63954162597656,14.260000228881836,17.43000030517578
2012-03-27,110.15811920166016,60.34925079345703,15.26803493499756,75.91153717041016,163.24000549316406,24.65296173095703,18.34539794921875,73.62350463867188,15.59000015258789,18.56999969482422
2012-03-28,109.61187744140624,60.11035919189453,15.085461616516112,75.77961730957031,161.50999450683594,24.416236877441406,18.33704376220703,73.63954162597656,15.470000267028809,18.790000915527344
2012-03-29,109.42462158203124,59.88032150268555,15.115184783935549,76.09481048583984,161.27999877929688,24.078062057495117,18.328691482543945,73.62350463867188,15.479999542236328,18.84000015258789
2012-03-30,109.877197265625,59.76530075073242,15.200102806091309,75.7209701538086,162.1199951171875,24.34860038757324,18.303627014160156,73.62350463867188,15.5,18.610000610351562
2012-04-02,110.68093872070312,60.3846435546875,15.246804237365724,75.9023208618164,162.94000244140625,24.66141700744629,18.26185607910156,73.607421875,15.640000343322754,18.459999084472656
2012-04-03,110.22834014892578,60.3669319152832,15.034513473510742,75.3441390991211,159.88999938964844,24.551509857177734,18.395523071289062,73.62350463867188,15.65999984741211,18.809999465942383
2012-04-04,109.13591003417967,59.54412078857422,14.767024040222168,75.7260971069336,157.2100067138672,24.17106056213379,18.487415313720703,73.607421875,16.440000534057617,19.450000762939453
2012-04-05,109.08128356933594,59.91572189331055,14.839207649230955,76.06390380859375,158.30999755859375,24.26405906677246,18.545894622802734,73.62350463867188,16.700000762939453,19.81999969482422
2012-04-09,107.8561553955078,59.46446228027344,14.618422508239746,76.8424301147461,159.3699951171875,24.154150009155273,18.487415313720703,73.63954162597656,18.809999465942383,21.209999084472656
2012-04-10,106.04582214355467,58.50896453857422,14.38490104675293,77.20225524902344,161.10000610351562,23.8328857421875,18.51247787475586,73.63954162597656,20.389999389648438,22.6200008392334
2012-04-11,106.90419006347656,58.79206466674805,14.605687141418455,76.90111541748047,161.07000732421875,23.892066955566406,18.487415313720703,73.63954162597656,20.020000457763672,22.469999313354492
2012-04-12,108.30094909667967,59.46446228027344,14.868926048278809,76.7469253540039,162.6999969482422,24.204877853393555,18.362106323242188,73.62350463867188,17.200000762939453,20.25
2012-04-13,107.01342010498048,58.56203842163086,14.66512680053711,77.20957946777344,160.85000610351562,23.959701538085938,18.51247787475586,73.607421875,19.549999237060547,21.989999771118164
2012-04-16,106.9432144165039,57.90730285644531,14.720318794250488,77.18753814697266,160.4600067138672,23.722976684570312,18.43729019165039,73.62350463867188,19.549999237060547,22.040000915527344
2012-04-17,108.5272445678711,59.08405685424805,14.898646354675291,77.10677337646484,160.25,23.8328857421875,18.42893409729004,73.62350463867188,18.459999084472656,20.850000381469727
2012-04-18,108.16046905517578,58.93364334106445,14.800992965698242,77.26107025146484,159.30999755859375,23.604616165161133,18.42893409729004,73.62350463867188,18.639999389648438,21.1200008392334
2012-04-19,107.46602630615234,58.270057678222656,14.7075834274292,77.34915924072266,159.42999267578125,23.61307144165039,18.420581817626953,73.63954162597656,18.360000610351562,21.229999542236328
2012-04-20,107.6454849243164,58.110801696777344,14.45283317565918,77.35649108886719,159.5399932861328,23.706069946289062,18.32033348083496,73.62350463867188,17.440000534057617,20.479999542236328
2012-04-23,106.74029541015624,57.5799560546875,14.249034881591797,77.51075744628906,159.07000732421875,23.663799285888672,18.378814697265625,73.63954162597656,18.969999313354492,21.389999389648438
2012-04-24,107.14608764648438,57.27029037475586,14.083443641662598,77.31243133544922,159.3000030517578,23.663799285888672,18.328691482543945,73.63954162597656,18.100000381469727,20.510000228881836
2012-04-25,108.61309051513672,58.79206466674805,14.380655288696287,77.2169418334961,159.6199951171875,23.799068450927734,18.28691864013672,73.62350463867188,16.81999969482422,19.459999084472656
2012-04-26,109.3699722290039,59.13710021972656,14.7075834274292,77.4739761352539,161.02999877929688,23.84979248046875,18.26185607910156,73.63954162597656,16.239999771118164,18.549999237060547
2012-04-27,109.54949188232422,59.49101638793945,14.784008979797363,77.55480194091797,161.3800048828125,23.92588233947754,18.228443145751953,73.62350463867188,16.31999969482422,18.739999771118164
2012-04-30,109.1436996459961,59.06633758544922,14.686356544494627,77.62088775634766,161.8800048828125,24.018884658813477,18.2200870513916,73.63954162597656,17.149999618530273,19.31999969482422
2012-05-01,109.8226089477539,59.16365814208984,14.750044822692873,77.47966766357422,161.32000732421875,24.018884658813477,18.23679542541504,73.63954162597656,16.600000381469727,19.1299991607666
2012-05-02,109.49486541748048,59.33176040649414,14.830713272094728,77.62673950195312,160.58999633789062,23.706069946289062,18.295270919799805,73.63954162597656,16.8799991607666,19.010000228881836
2012-05-03,108.65988159179688,58.703590393066406,14.495290756225586,77.61940002441406,158.97000122070312,23.44398307800293,18.311981201171875,73.62350463867188,17.559999465942383,19.5
2012-05-04,106.90419006347656,57.243743896484375,14.16411590576172,77.92839813232422,159.47000122070312,23.029720306396484,18.38716697692871,73.62350463867188,19.15999984741211,20.719999313354492
2012-05-07,106.98221588134766,57.29684829711914,14.138642311096191,77.90623474121094,159.0800018310547,22.978994369506836,18.412229537963867,73.63954162597656,18.940000534057617,20.450000762939453
2012-05-08,106.55308532714844,57.0844841003418,13.985793113708496,78.08282470703125,156.0,22.89444923400879,18.45400047302246,73.63954162597656,19.049999237060547,20.809999465942383
2012-05-09,105.92098236083984,56.90753936767578,13.930594444274902,78.14906311035156,154.47000122070312,22.716907501220703,18.529184341430664,73.63954162597656,20.079999923706055,21.530000686645508
2012-05-10,106.13949584960938,56.79252243041992,13.956069946289062,78.03866577148438,154.77000427246094,22.725360870361328,18.545894622802734,73.63954162597656,18.829999923706055,20.8700008392334
2012-05-11,105.81954193115234,56.78368377685547,14.032495498657228,78.29618072509766,153.55999755859375,22.556276321411133,18.579307556152344,73.63954162597656,19.889999389648438,21.549999237060547
2012-05-14,104.6490478515625,56.25282287597656,13.832942008972168,78.64188385009766,151.3300018310547,22.260374069213867,18.66284942626953,73.63954162597656,21.8700008392334,22.969999313354492
2012-05-15,104.04818725585938,56.067020416259766,13.718304634094238,78.66393280029297,149.74000549316406,22.302642822265625,18.813220977783203,73.63954162597656,21.969999313354492,23.920000076293945
2012-05-16,103.65022277832033,55.68656921386719,13.595173835754396,78.72282409667969,149.4600067138672,22.277280807495117,18.854991912841797,73.63954162597656,22.270000457763672,24.920000076293945
2012-05-17,102.1130142211914,54.50984573364258,13.340424537658691,79.01704406738281,152.8000030517578,22.22655487060547,18.838279724121097,73.63954162597656,24.489999771118164,26.40999984741211
2012-05-18,101.239013671875,53.80204772949219,13.106904029846191,78.96558380126953,154.5500030517578,22.209644317626953,18.76309585571289,73.63954162597656,25.100000381469727,27.65999984741211
2012-05-21,102.97918701171876,55.306114196777344,13.382883071899414,78.75957489013672,154.64999389648438,22.505550384521484,18.704618453979492,73.63954162597656,22.010000228881836,24.709999084472656
2012-05-22,103.15862274169922,55.24420166015625,13.310702323913574,78.59046173095703,152.0800018310547,22.184282302856445,18.89676094055176,73.607421875,22.479999542236328,25.229999542236328
2012-05-23,103.21324157714844,55.350372314453125,13.255507469177246,78.79637908935547,151.6199951171875,21.93910789489746,18.963592529296875,73.607421875,22.329999923706055,25.110000610351562
2012-05-24,103.41615295410156,54.98760986328125,13.1705904006958,78.62714385986328,151.41000366210938,21.94755744934082,19.038780212402344,73.63954162597656,21.540000915527344,24.780000686645508
2012-05-25,103.08062744140624,54.91682815551758,13.259753227233888,78.85519409179688,152.67999267578125,22.02364921569824,19.063840866088867,73.63954162597656,21.760000228881836,24.93000030517578
2012-05-29,104.32909393310548,55.61579513549805,13.497520446777344,78.78899383544922,151.02000427246094,21.93065071105957,19.047134399414062,73.63954162597656,21.030000686645508,23.889999389648438
2012-05-30,102.81527709960938,55.14686965942383,13.297966957092283,79.53929901123047,151.91000366210938,21.52484130859375,19.197505950927734,73.63954162597656,24.139999389648438,26.190000534057617
2012-05-31,102.58901977539062,54.90797805786133,13.191819190979004,79.84825897216797,151.6199951171875,21.338844299316406,19.205856323242188,73.63954162597656,24.059999465942383,26.219999313354492
2012-06-01,100.00613403320312,53.44813919067383,12.699300765991213,80.53418731689453,157.5,20.899219512939453,19.147380828857425,73.63954162597656,26.65999984741211,28.469999313354492
2012-06-04,99.95932006835938,53.855133056640625,12.690810203552246,80.0700454711914,157.32000732421875,21.017580032348633,19.063840866088867,73.63954162597656,26.1200008392334,28.1200008392334
2012-06-05,100.71623229980467,54.0763053894043,12.937071800231934,79.80480194091797,157.13999938964844,20.941490173339844,19.130672454833984,73.63954162597656,24.68000030517578,26.8700008392334
2012-06-06,102.97918701171876,55.314979553222656,13.327685356140137,79.2817153930664,157.2100067138672,21.33039093017578,18.971946716308594,73.62350463867188,22.15999984741211,24.709999084472656
2012-06-07,103.04158782958984,55.09379959106445,13.217294692993164,79.4732894897461,154.5,21.18666648864746,18.99700927734375,73.62350463867188,21.719999313354492,24.469999313354492
2012-06-08,103.8609390258789,55.6246337890625,13.35740566253662,79.53218841552734,154.72999572753906,21.254302978515625,19.055484771728516,73.62350463867188,21.229999542236328,23.639999389648438
2012-06-11,102.54219818115234,54.68680191040039,13.136625289916992,79.74586486816406,155.36000061035156,20.865400314331055,19.080549240112305,73.62350463867188,23.559999465942383,25.5
2012-06-12,103.72049713134766,55.350372314453125,13.438077926635742,79.31854248046875,156.4600067138672,20.96685028076172,19.01371955871582,73.63954162597656,22.09000015258789,24.940000534057617
2012-06-13,103.05721282958984,54.969932556152344,13.33617877960205,79.73844909667969,157.1199951171875,20.80621910095215,18.955238342285156,73.63954162597656,24.270000457763672,26.5
2012-06-14,104.14965057373048,55.17341613769531,13.293719291687012,79.52479553222656,157.75,21.0513973236084,18.880054473876953,73.63954162597656,21.68000030517578,25.0
2012-06-15,105.2148208618164,55.85890579223633,13.506011009216309,79.89320373535156,157.83999633789062,21.017580032348633,18.79651260375977,73.62350463867188,21.110000610351562,23.670000076293945
2012-06-18,105.4187469482422,56.38211441040039,13.637632369995115,79.87113189697266,157.92999267578125,21.034486770629883,18.880054473876953,73.63954162597656,18.31999969482422,22.1299991607666
2012-06-19,106.43842315673828,56.96739959716797,13.773497581481934,79.59849548339844,157.16000366210938,21.21202850341797,18.738035202026367,73.607421875,18.3799991607666,21.920000076293945
2012-06-20,106.2658462524414,57.01173782348633,13.87540054321289,79.4364013671875,155.97000122070312,20.865400314331055,18.76309585571289,73.607421875,17.239999771118164,20.84000015258789
2012-06-21,103.88136291503906,55.59284973144531,13.408355712890623,79.60584259033203,152.02000427246094,20.417316436767575,18.963592529296875,73.63954162597656,20.079999923706055,23.15999984741211
2012-06-22,104.68144989013672,56.17815780639648,13.548470497131348,79.25959014892578,152.63999938964844,20.62022590637207,18.92182350158691,73.62350463867188,18.110000610351562,21.510000228881836
2012-06-25,103.00293731689452,55.09627914428711,13.085674285888672,79.69426727294922,153.75999450683594,20.831581115722656,18.980300903320312,73.63954162597656,20.3799991607666,23.030000686645508
2012-06-26,103.52059936523438,55.442115783691406,13.085674285888672,79.51741790771484,152.6199951171875,20.97530746459961,18.94688415527344,73.63954162597656,19.719999313354492,22.469999313354492
2012-06-27,104.4539794921875,55.77907180786133,13.255507469177246,79.62793731689453,152.8300018310547,21.093669891357425,19.00536346435547,73.62350463867188,19.450000762939453,22.360000610351562
2012-06-28,104.15593719482422,55.15834045410156,13.16634464263916,79.88583374023438,151.0500030517578,20.865400314331055,19.030427932739254,73.63954162597656,19.709999084472656,22.25
2012-06-29,106.7521743774414,56.896453857421875,13.68433666229248,79.51741790771484,155.19000244140625,21.770017623901367,18.77145004272461,73.607421875,17.079999923706055,20.31999969482422
2012-07-02,107.07373046875,57.06494903564453,13.667352676391602,79.88636016845703,155.08999633789062,21.727745056152344,18.813220977783203,73.607421875,16.799999237060547,19.790000915527344
2012-07-03,107.77964782714844,57.543792724609375,13.820202827453612,79.68714904785156,157.4600067138672,22.336462020874023,18.79651260375977,73.607421875,16.65999984741211,19.31999969482422
2012-07-05,107.2933578491211,57.57928085327149,13.68433666229248,79.9011459350586,155.67999267578125,22.42100524902344,19.047134399414062,73.607421875,17.5,20.110000610351562
2012-07-06,106.27371215820312,56.860984802246094,13.365900039672852,80.18148803710938,153.7100067138672,21.905288696289062,19.172443389892575,73.607421875,17.100000381469727,20.040000915527344
2012-07-09,106.14036560058594,56.75457000732422,13.221540451049805,80.40288543701172,154.0399932861328,22.294191360473633,19.113964080810547,73.607421875,17.979999542236328,20.3700008392334
2012-07-10,105.2148208618164,56.19588088989258,13.043214797973633,80.43971252441406,152.14999389648438,22.006742477416992,19.180795669555664,73.607421875,18.719999313354492,20.8700008392334
2012-07-11,105.23050689697266,55.88551330566406,12.94980812072754,80.3659439086914,152.99000549316406,22.25191879272461,19.197505950927734,73.607421875,17.950000762939453,20.25
2012-07-12,104.72064971923828,55.36231231689453,12.758746147155762,80.5504379272461,152.58999633789062,22.302642822265625,19.239276885986328,73.607421875,18.329999923706055,20.690000534057617
2012-07-13,106.47763061523438,56.20474624633789,12.91584014892578,80.4840087890625,154.13999938964844,22.573183059692383,19.155736923217773,73.62350463867188,16.739999771118164,19.389999389648438
2012-07-16,106.2266616821289,56.045135498046875,12.784219741821287,80.66109466552734,154.2100067138672,22.8521785736084,19.097257614135746,73.607421875,17.110000610351562,19.610000610351562
2012-07-17,106.95608520507812,56.33778381347656,12.762989044189451,80.45449829101562,153.47000122070312,22.877540588378903,19.080549240112305,73.607421875,16.479999542236328,18.920000076293945
2012-07-18,107.74832153320312,57.100399017333984,13.213047981262209,80.53563690185547,153.0500030517578,23.0804443359375,19.063840866088867,73.607421875,16.15999984741211,18.940000534057617
2012-07-19,108.0306625366211,57.73003387451172,13.323440551757812,80.41757202148438,153.3800048828125,23.35944175720215,19.055484771728516,73.62350463867188,15.449999809265137,18.610000610351562
2012-07-20,107.04241180419922,56.96739959716797,13.102657318115234,80.73490905761719,153.6699981689453,23.35944175720215,19.197505950927734,73.607421875,16.270000457763672,19.639999389648438
2012-07-23,105.9599609375,56.27569580078125,12.966789245605469,80.86771392822266,153.02999877929688,22.86908721923828,19.222566604614254,73.607421875,18.6200008392334,21.18000030517578
2012-07-24,105.0500946044922,55.83230209350586,12.873382568359377,81.02269744873047,153.52000427246094,22.733814239501953,19.297754287719727,73.62350463867188,20.469999313354492,22.260000228881836
2012-07-25,105.07362365722656,55.45984649658203,13.14511489868164,81.06688690185547,155.6699981689453,22.90290641784668,19.197505950927734,73.63954162597656,19.34000015258789,21.8799991607666
2012-07-26,106.80707550048828,56.19588088989258,13.412603378295898,80.8160171508789,156.77000427246094,22.94517517089844,19.00536346435547,73.62350463867188,17.530000686645508,20.239999771118164
2012-07-27,108.77584075927734,57.52608871459961,13.735284805297852,80.23316192626953,157.5399932861328,23.181900024414062,18.99700927734375,73.63954162597656,16.700000762939453,19.65999984741211
2012-07-30,108.77584075927734,57.48171615600586,13.633387565612791,80.4914321899414,157.42999267578125,23.317169189453125,19.022069931030273,73.63954162597656,18.030000686645508,20.1299991607666
2012-07-31,108.0149917602539,57.4639892578125,13.688583374023438,80.631591796875,156.49000549316406,23.038177490234375,18.971946716308594,73.607421875,18.93000030517578,20.780000686645508
2012-08-01,107.92086791992188,57.29549407958984,13.688583374023438,80.33750915527344,155.13999938964844,23.07198905944824,19.105613708496097,73.62350463867188,18.959999084472656,20.670000076293945
2012-08-02,107.17572784423828,57.09153747558594,13.586682319641112,80.52963256835938,154.1300048828125,22.877540588378903,19.139028549194336,73.62350463867188,17.56999969482422,20.229999542236328
2012-08-03,109.30137634277344,58.17342376708984,13.943333625793455,80.10847473144531,155.5500030517578,23.266441345214844,18.90511703491211,73.62350463867188,15.640000343322754,18.68000030517578
2012-08-06,109.51312255859376,58.616825103759766,13.93908977508545,80.1601333618164,156.3000030517578,23.401714324951172,18.880054473876953,73.63954162597656,15.949999809265137,18.739999771118164
2012-08-07,110.0622100830078,59.10454177856445,14.125903129577637,79.73896026611328,156.27999877929688,23.579254150390625,18.880054473876953,73.62350463867188,15.989999771118164,18.809999465942383
2012-08-08,110.195556640625,59.07794189453125,14.185345649719238,79.62809753417969,156.47999572753906,23.64689064025879,18.913469314575195,73.607421875,15.319999694824219,18.579999923706055
2012-08-09,110.28968048095705,59.25532150268555,14.291491508483888,79.56900787353516,156.99000549316406,23.841339111328125,18.980300903320312,73.607421875,15.279999732971191,18.229999542236328
2012-08-10,110.47004699707033,59.29078674316406,14.393392562866213,79.79804992675781,157.17999267578125,23.714521408081055,18.94688415527344,73.607421875,14.739999771118164,18.139999389648438
2012-08-13,110.41515350341795,59.43267059326172,14.283000946044922,79.74633026123047,155.99000549316406,23.528528213500977,18.92182350158691,73.607421875,13.699999809265137,18.06999969482422
2012-08-14,110.43083953857422,59.45926284790039,14.198081970214844,79.35474395751953,155.1300048828125,23.553892135620117,18.93017578125,73.607421875,14.850000381469727,18.510000228881836
2012-08-15,110.55635833740234,59.610008239746094,14.22355842590332,78.9557113647461,155.6300048828125,23.756797790527344,18.980300903320312,73.607421875,14.630000114440918,18.860000610351562
2012-08-16,111.3720703125,60.3194580078125,14.393392562866213,78.76361083984375,156.55999755859375,23.84979248046875,18.913469314575195,73.607421875,14.289999961853027,18.549999237060547
2012-08-17,111.52108764648438,60.58549499511719,14.274507522583008,78.8595962524414,156.72000122070312,23.88361167907715,18.94688415527344,73.607421875,13.449999809265137,18.350000381469727
2012-08-20,111.52894592285156,60.67416763305664,14.240543365478516,78.9039535522461,157.25999450683594,23.99351692199707,18.92182350158691,73.607421875,14.020000457763672,18.59000015258789
2012-08-21,111.19168853759766,60.434722900390625,14.266016960144045,78.97042846679688,158.8300018310547,24.21333122253418,18.79651260375977,73.607421875,15.020000457763672,18.799999237060547
2012-08-22,111.23870849609376,60.68304443359375,14.142889976501465,79.58380126953125,160.5399932861328,24.34014892578125,18.704618453979492,73.607421875,15.109999656677246,19.420000076293945
2012-08-23,110.3288803100586,60.18643569946289,13.994281768798828,79.72420501708984,161.88999938964844,24.22178840637207,18.67120361328125,73.607421875,15.960000038146973,20.09000015258789
2012-08-24,110.99557495117188,60.55888748168945,14.0367431640625,79.687255859375,161.97000122070312,24.111881256103516,18.72968292236328,73.607421875,15.180000305175781,19.239999771118164
2012-08-27,111.01908111572266,60.65644073486328,13.968809127807615,79.89414978027344,161.36000061035156,24.00197410583496,18.74638938903809,73.607421875,16.350000381469727,19.920000076293945
2012-08-28,110.90933990478516,60.65644073486328,13.947579383850098,79.92366790771484,161.63999938964844,24.018884658813477,18.67120361328125,73.607421875,16.489999771118164,19.81999969482422
2012-08-29,110.99557495117188,60.65644073486328,13.973054885864258,79.8719482421875,160.58999633789062,24.06115341186523,18.704618453979492,73.607421875,17.059999465942383,20.459999084472656
2012-08-30,110.195556640625,60.04454803466797,13.773497581481934,80.0197982788086,160.52000427246094,24.086517333984375,18.74638938903809,73.607421875,17.829999923706055,20.920000076293945
2012-08-31,110.72107696533205,60.4436149597168,13.998529434204102,80.5369644165039,164.22000122070312,24.34014892578125,18.629430770874023,73.607421875,17.469999313354492,20.6200008392334
2012-09-04,110.6191177368164,60.381534576416016,13.781991958618164,80.35273742675781,164.47999572753906,24.34860038757324,18.65449333190918,73.607421875,17.979999542236328,20.68000030517578
2012-09-05,110.52499389648438,60.3194580078125,13.68433666229248,80.32316589355469,164.30999755859375,24.230241775512695,18.637786865234375,73.62350463867188,17.739999771118164,19.989999771118164
2012-09-06,112.7682647705078,61.65849304199219,14.12165641784668,79.77555847167969,164.88999938964844,24.22178840637207,18.587663650512695,73.62350463867188,15.600000381469727,18.6200008392334
2012-09-07,113.20751190185548,61.56984329223633,13.985793113708496,79.87914276123047,168.44000244140625,24.492326736450195,18.38716697692871,73.607421875,14.380000114440918,17.59000015258789
2012-09-10,112.56431579589844,60.78060150146485,13.760762214660645,79.91615295410156,167.2899932861328,24.52614402770996,18.445642471313477,73.607421875,16.280000686645508,18.299999237060547
2012-09-11,112.8780746459961,60.68304443359375,13.828694343566896,79.7681884765625,167.89999389648438,24.57687187194824,18.303627014160156,73.607421875,16.40999984741211,18.290000915527344
2012-09-12,113.25456237792967,60.86038589477539,13.828694343566896,79.37598419189453,167.9199981689453,24.703683853149418,18.28691864013672,73.607421875,15.800000190734863,17.600000381469727
2012-09-13,114.98015594482422,61.68511199951172,13.934842109680176,79.60537719726562,171.30999755859375,24.872774124145508,18.16996192932129,73.607421875,14.050000190734863,16.450000762939453
2012-09-14,115.49005126953124,62.23492813110352,14.147133827209473,78.85803985595703,171.8000030517578,25.134857177734375,18.078067779541016,73.607421875,14.510000228881836,16.899999618530273
2012-09-17,115.09784698486328,62.26152801513672,14.0070219039917,79.02085876464844,170.39999389648438,24.441600799560547,18.103130340576172,73.607421875,14.59000015258789,17.1299991607666
2012-09-18,115.00366973876952,62.31472396850586,13.994281768798828,79.22061157226562,171.72000122070312,24.26405906677246,18.161609649658203,73.607421875,14.180000305175781,16.6299991607666
2012-09-19,115.06643676757812,62.42999267578125,13.854170799255373,79.40560150146484,171.74000549316406,23.90897750854492,18.103130340576172,73.607421875,13.880000114440918,16.489999771118164
2012-09-20,115.07428741455078,62.3679313659668,13.697072982788086,79.4499740600586,171.47000122070312,24.044246673583984,18.186668395996097,73.607421875,14.069999694824219,16.75
2012-09-21,115.02618408203124,62.385738372802734,13.70981216430664,79.62020111083984,171.9600067138672,24.204877853393555,18.16996192932129,73.607421875,13.979999542236328,16.790000915527344
2012-09-24,114.85269927978516,62.02110290527344,13.518749237060549,79.79776763916016,171.0500030517578,23.95124626159668,18.21173095703125,73.607421875,14.149999618530273,16.59000015258789
2012-09-25,113.63043212890624,61.14959716796875,13.293719291687012,80.09373474121094,170.77000427246094,23.97661018371582,18.245147705078125,73.607421875,15.430000305175781,17.600000381469727
2012-09-26,112.9917221069336,60.65156555175781,13.251261711120604,80.4267807006836,169.80999755859375,23.80752182006836,18.278562545776367,73.607421875,16.809999465942383,18.5
2012-09-27,114.05630493164062,61.48751449584961,13.539978981018066,80.2565689086914,172.33999633789062,24.103425979614254,18.228443145751953,73.62350463867188,14.84000015258789,17.06999969482422
2012-09-28,113.5279312133789,60.9806022644043,13.433832168579102,80.2565689086914,171.88999938964844,24.247150421142575,18.311981201171875,73.607421875,15.729999542236328,17.610000610351562
2012-10-01,113.82765197753906,60.89166259765625,13.42958641052246,80.40550994873047,172.2899932861328,24.280967712402344,18.27021217346191,73.607421875,16.31999969482422,17.920000076293945
2012-10-02,113.94585418701172,61.06953811645508,13.49327564239502,80.35359191894531,172.10000610351562,24.154150009155273,18.25350570678711,73.62350463867188,15.710000038146973,17.739999771118164
2012-10-03,114.41112518310548,61.46086120605469,13.44657039642334,80.43515014648438,172.41000366210938,23.739887237548828,18.303627014160156,73.607421875,15.430000305175781,17.579999923706055
2012-10-04,115.23121643066406,61.674259185791016,13.518749237060549,80.11651611328125,173.61000061035156,24.255605697631836,18.178316116333008,73.607421875,14.550000190734863,17.059999465942383
2012-10-05,115.23909759521484,61.34523391723633,13.56969928741455,79.7534408569336,172.6199951171875,24.12879180908203,18.178316116333008,73.607421875,14.329999923706055,16.93000030517578
2012-10-08,114.84479522705078,60.78495788574219,13.391374588012695,80.01277160644531,172.0500030517578,24.06115341186523,18.2200870513916,73.607421875,15.109999656677246,17.360000610351562
2012-10-09,113.7093276977539,59.81560897827149,13.179080963134766,79.84976959228516,170.99000549316406,24.238697052001953,18.33704376220703,73.607421875,16.3700008392334,18.010000228881836
2012-10-10,112.98381042480467,59.51323699951172,12.992264747619627,80.04244995117188,170.83999633789062,24.19642448425293,18.295270919799805,73.62350463867188,16.290000915527344,18.1299991607666
2012-10-11,113.04690551757812,59.32646179199219,12.992264747619627,80.11651611328125,171.32000732421875,24.475419998168945,18.26185607910156,73.62350463867188,15.59000015258789,17.56999969482422
2012-10-12,112.6763153076172,59.2998046875,12.94980812072754,80.12398529052734,170.05999755859375,24.137245178222656,18.23679542541504,73.607421875,16.139999389648438,17.739999771118164
2012-10-15,113.61468505859376,59.735538482666016,13.094165802001951,80.14614868164062,168.35000610351562,24.018884658813477,18.245147705078125,73.62350463867188,15.270000457763672,17.110000610351562
2012-10-16,114.7659683227539,60.580413818359375,13.374390602111816,79.76826477050781,169.4199981689453,24.035789489746097,18.16996192932129,73.607421875,15.220000267028809,16.969999313354492
2012-10-17,115.2864227294922,60.54481887817383,13.285228729248049,79.26448059082031,169.5399932861328,24.044246673583984,18.078067779541016,73.62350463867188,15.069999694824219,16.610000610351562
2012-10-18,114.98673248291016,59.84229278564453,13.251261711120604,79.12371826171875,168.7899932861328,24.035789489746097,18.15325355529785,73.607421875,15.029999732971191,16.579999923706055
2012-10-19,113.07059478759766,58.41048049926758,12.945561408996582,79.45702362060547,166.97000122070312,23.67225456237793,18.2200870513916,73.607421875,17.059999465942383,18.1200008392334
2012-10-22,113.08635711669922,58.71284103393555,13.009247779846191,79.19038391113281,167.5800018310547,23.562345504760746,18.2200870513916,73.607421875,16.6200008392334,17.8700008392334
2012-10-23,111.51709747314452,58.15255355834961,13.089920043945312,79.56824493408203,165.42999267578125,23.2748966217041,18.303627014160156,73.62350463867188,18.829999923706055,19.450000762939453
2012-10-24,111.20173645019533,57.94802474975586,12.962544441223145,79.3978042602539,164.86000061035156,23.20726203918457,18.303627014160156,73.62350463867188,18.329999923706055,19.270000457763672
2012-10-25,111.52500915527344,57.94802474975586,13.094165802001951,79.10882568359375,166.02000427246094,23.266441345214844,18.32033348083496,73.607421875,18.1200008392334,19.110000610351562
2012-10-26,111.46192932128906,58.11698913574219,13.251261711120604,79.61271667480469,165.92999267578125,23.317169189453125,18.32033348083496,73.607421875,17.809999465942383,19.020000457763672
2012-10-31,111.46192932128906,57.761260986328125,13.200311660766602,79.93868255615234,166.8300018310547,23.30026054382324,18.28691864013672,73.62350463867188,18.600000381469727,19.309999465942383
2012-11-01,112.6290054321289,58.57944107055664,13.599420547485352,79.77921295166016,166.07000732421875,23.342531204223633,18.311981201171875,73.62350463867188,16.690000534057617,17.729999542236328
2012-11-02,111.62755584716795,57.9569206237793,13.323440551757812,79.84596252441406,162.60000610351562,22.94517517089844,18.43729019165039,73.62350463867188,17.59000015258789,18.549999237060547
2012-11-05,111.8562469482422,58.33931350708008,13.556962966918944,80.03888702392578,163.22999572753906,23.139629364013672,18.479063034057617,73.607421875,18.420000076293945,18.969999313354492
2012-11-06,112.73148345947266,58.446048736572266,13.722548484802246,79.67530822753906,166.3000030517578,23.553892135620117,18.45400047302246,73.607421875,17.579999923706055,18.239999771118164
2012-11-07,110.17658996582033,57.06761169433594,13.374390602111816,80.34307098388672,166.49000549316406,23.1142635345459,18.487415313720703,73.62350463867188,19.079999923706055,19.809999465942383
2012-11-08,108.851806640625,56.16938781738281,13.272489547729492,80.69921112060547,167.99000549316406,23.148082733154297,18.487415313720703,73.62350463867188,18.489999771118164,19.829999923706055
2012-11-09,108.94644927978516,56.40950393676758,13.306455612182615,80.70655822753906,167.82000732421875,23.33407974243164,18.529184341430664,73.62350463867188,18.610000610351562,20.06999969482422
2012-11-12,109.03317260742188,56.40060806274414,13.327685356140137,80.758544921875,167.4499969482422,23.224170684814453,18.537538528442383,73.62350463867188,16.68000030517578,19.149999618530273
2012-11-13,108.65467834472656,56.00931167602539,13.196064949035645,80.85499572753906,167.10000610351562,23.181900024414062,18.554243087768555,73.62350463867188,16.649999618530273,18.969999313354492
2012-11-14,107.1879425048828,55.351219177246094,13.013495445251465,80.87722778320312,167.13999938964844,23.24953269958496,18.545894622802734,73.62350463867188,17.920000076293945,19.8700008392334
2012-11-15,107.00662231445312,55.164451599121094,12.937071800231934,80.84014129638672,166.08999633789062,23.15653610229492,18.545894622802734,73.62350463867188,17.989999771118164,19.790000915527344
2012-11-16,107.53492736816406,55.404571533203125,12.954052925109863,80.89207458496094,165.8800048828125,23.25798988342285,18.579307556152344,73.62350463867188,16.40999984741211,18.93000030517578
2012-11-19,109.71136474609376,56.72076797485352,13.179080963134766,80.72886657714844,167.8699951171875,23.697614669799805,18.495769500732425,73.62350463867188,15.239999771118164,17.59000015258789
2012-11-20,109.7586898803711,56.73855972290039,13.055951118469238,80.39494323730469,167.38999938964844,23.53698348999023,18.487415313720703,73.607421875,15.079999923706055,17.280000686645508
2012-11-21,109.96366119384766,56.85416030883789,13.077181816101074,80.27630615234375,167.55999755859375,23.6384334564209,18.495769500732425,73.607421875,15.3100004196167,17.579999923706055
2012-11-23,111.46192932128906,57.716819763183594,13.348916053771973,80.23177337646484,169.61000061035156,23.722976684570312,18.32033348083496,73.607421875,15.140000343322754,17.579999923706055
2012-11-26,111.2253875732422,57.96582794189453,13.374390602111816,80.36534881591797,169.42999267578125,23.689163208007812,18.328691482543945,73.607421875,15.5,17.309999465942383
2012-11-27,110.65763092041016,57.770164489746094,13.412603378295898,80.55078887939453,168.7100067138672,23.655344009399418,18.38716697692871,73.607421875,15.920000076293945,17.6200008392334
2012-11-28,111.54869079589844,58.268184661865234,13.595173835754396,80.6546401977539,166.5500030517578,23.579254150390625,18.353750228881836,73.607421875,15.510000228881836,17.200000762939453
2012-11-29,112.06912231445312,58.615028381347656,13.573945045471191,80.73627471923828,167.17999267578125,23.739887237548828,18.328691482543945,73.607421875,15.0600004196167,16.81999969482422
2012-11-30,112.0927963256836,58.51719665527344,13.603667259216309,80.7214126586914,166.0500030517578,23.756797790527344,18.311981201171875,73.607421875,15.869999885559082,17.270000457763672
2012-12-03,111.54080963134766,58.40156173706055,13.539978981018066,80.6894760131836,166.1300048828125,23.815975189208984,18.25350570678711,73.607421875,16.639999389648438,17.81999969482422
2012-12-04,111.3831024169922,58.36602783203125,13.590928077697754,80.83065032958984,164.4199981689453,23.604616165161133,18.19502639770508,73.607421875,17.1200008392334,18.190000534057617
2012-12-05,111.5802001953125,57.716819763183594,13.56969928741455,80.89746856689453,164.1199951171875,23.579254150390625,18.23679542541504,73.607421875,16.459999084472656,17.829999923706055
2012-12-06,111.95872497558594,58.09034729003906,13.722548484802246,80.94208526611328,164.5,23.367895126342773,18.33704376220703,73.607421875,16.579999923706055,17.84000015258789
2012-12-07,112.29779815673828,57.74348068237305,13.765007019042969,80.71173858642578,165.16000366210938,23.342531204223633,18.37045669555664,73.607421875,15.899999618530273,17.290000915527344
2012-12-10,112.34510803222656,57.91244125366211,13.790482521057127,80.78608703613281,165.8000030517578,23.291807174682617,18.34539794921875,73.607421875,16.049999237060547,17.350000381469727
2012-12-11,113.11002349853516,58.66838455200195,14.045233726501465,80.63005828857422,165.64999389648438,23.24953269958496,18.278562545776367,73.607421875,15.569999694824219,17.0
2012-12-12,113.16520690917967,58.543853759765625,14.015511512756348,80.28836059570312,165.77000427246094,23.35944175720215,18.245147705078125,73.607421875,15.949999809265137,17.43000030517578
2012-12-13,112.47125244140624,58.081424713134766,13.871153831481934,80.13236999511719,164.3699951171875,23.148082733154297,18.26185607910156,73.607421875,16.559999465942383,17.8799991607666
2012-12-14,112.0533676147461,57.53004455566406,13.815958976745604,80.31065368652344,164.1300048828125,23.291807174682617,18.16996192932129,73.607421875,17.0,18.030000686645508
2012-12-17,113.37023162841795,58.29487228393555,13.87540054321289,79.88719177246094,164.44000244140625,23.2748966217041,18.16996192932129,73.607421875,16.34000015258789,17.5
2012-12-18,114.63188934326172,59.1841926574707,14.062215805053713,79.57518768310547,162.0800018310547,23.33407974243164,18.11148452758789,73.62350463867188,15.569999694824219,16.809999465942383
2012-12-19,113.7802963256836,58.926273345947266,14.142889976501465,79.68660736083984,161.69000244140625,23.418622970581055,18.103130340576172,73.607421875,17.360000610351562,17.860000610351562
2012-12-20,114.43477630615234,58.926273345947266,14.134397506713867,79.73865509033203,159.72999572753906,23.308713912963867,18.086423873901367,73.607421875,17.670000076293945,18.139999389648438
2012-12-21,113.3960189819336,58.30655288696289,13.990038871765137,79.95404052734375,160.3300018310547,23.266441345214844,18.178316116333008,73.607421875,17.84000015258789,18.8700008392334
2012-12-24,113.04663848876952,58.19028854370117,13.9423189163208,79.87232208251953,160.6199951171875,23.190351486206055,18.178316116333008,73.607421875,17.84000015258789,18.8700008392334
2012-12-26,112.57008361816406,57.680538177490234,13.872912406921388,80.03677368164062,160.77999877929688,23.427074432373047,18.178316116333008,73.607421875,19.479999542236328,19.93000030517578
2012-12-27,112.41925048828124,57.59112548828125,13.855557441711426,80.2004165649414,161.16000366210938,23.427074432373047,18.178316116333008,73.607421875,19.469999313354492,19.920000076293945
2012-12-28,111.2042007446289,57.036678314208984,13.760123252868652,80.3863754272461,160.5399932861328,23.35944175720215,18.19502639770508,73.62350463867188,22.719999313354492,21.8799991607666
2012-12-31,113.09422302246094,58.24394989013672,14.024741172790527,79.96237182617188,162.02000427246094,23.486255645751953,18.2200870513916,73.607421875,18.020000457763672,18.729999542236328
2013-01-02,115.99290466308594,60.09506607055664,14.580004692077637,79.59786224365234,163.1699981689453,23.570798873901367,18.228443145751953,73.607421875,14.680000305175781,16.690000534057617
2013-01-03,115.73080444335938,59.78207778930664,14.50625705718994,79.18870544433594,161.1999969482422,23.3763484954834,18.37045669555664,73.607421875,14.5600004196167,16.739999771118164
2013-01-04,116.23907470703124,59.58536529541016,14.419499397277832,79.22587585449219,160.44000244140625,23.2748966217041,18.37045669555664,73.62350463867188,13.829999923706055,16.34000015258789
2013-01-07,115.92140197753906,59.60323715209961,14.380457878112791,79.27052307128906,159.42999267578125,23.317169189453125,18.311981201171875,73.59130096435547,13.789999961853027,16.450000762939453
2013-01-08,115.58789825439452,59.48699188232422,14.23730182647705,79.46397399902344,160.55999755859375,23.3763484954834,18.33704376220703,73.59130096435547,13.619999885559082,16.450000762939453
2013-01-09,115.88172912597656,59.71054458618164,14.068120956420898,79.5085678100586,160.49000549316406,23.342531204223633,18.395523071289062,73.59130096435547,13.8100004196167,16.5
2013-01-10,116.80291748046876,60.06824493408203,14.632061004638672,79.27796173095703,161.97999572753906,23.427074432373047,18.21173095703125,73.59130096435547,13.489999771118164,16.1200008392334
2013-01-11,116.79495239257812,60.14875411987305,14.70146656036377,79.5308609008789,161.05999755859375,23.325624465942383,18.161609649658203,73.59130096435547,13.359999656677246,16.010000228881836
2013-01-14,116.71558380126952,59.88045883178711,14.636395454406738,79.50117492675781,161.5399932861328,23.47780418395996,18.136547088623047,73.59130096435547,13.520000457763672,16.290000915527344
2013-01-15,116.79495239257812,59.58536529541016,14.484567642211914,79.69454193115234,162.55999755859375,23.3763484954834,18.186668395996097,73.59130096435547,13.550000190734863,16.329999923706055
2013-01-16,116.77908325195312,59.82682418823242,14.645073890686035,79.79871368408203,162.64999389648438,23.401714324951172,18.203380584716797,73.59130096435547,13.420000076293945,16.239999771118164
2013-01-17,117.5335693359375,60.11296844482422,15.000789642333984,79.4342041015625,163.35000610351562,23.503164291381836,18.16996192932129,73.607421875,13.569999694824219,16.079999923706055
2013-01-18,117.79560089111328,59.97884368896485,14.822931289672852,79.65738677978516,163.08999633789062,23.655344009399418,18.25350570678711,73.59130096435547,12.460000038146973,15.289999961853027
2013-01-22,118.4309539794922,60.07719039916992,14.792566299438477,79.72433471679688,163.6699981689453,23.722976684570312,18.23679542541504,73.59130096435547,12.430000305175781,14.720000267028809
2013-01-23,118.62152099609376,60.44383239746094,14.848959922790527,79.76155090332031,163.2100067138672,23.74834251403809,18.23679542541504,73.59130096435547,12.460000038146973,14.5
2013-01-24,118.65331268310548,59.61215591430664,14.736172676086426,79.62759399414062,161.4199981689453,23.73143196105957,18.23679542541504,73.607421875,12.6899995803833,14.670000076293945
2013-01-25,119.32037353515624,59.91625213623047,14.861974716186523,79.09943389892578,160.64999389648438,23.680707931518555,18.19502639770508,73.59130096435547,12.890000343322754,14.65999984741211
2013-01-28,119.17741394042967,60.05038833618164,14.892340660095217,78.93577575683594,160.2899932861328,23.67225456237793,18.203380584716797,73.59130096435547,13.569999694824219,15.069999694824219
2013-01-29,119.64594268798828,60.0593376159668,14.918365478515623,78.8167724609375,160.99000549316406,23.80752182006836,18.15325355529785,73.59130096435547,13.3100004196167,14.739999771118164
2013-01-30,119.17741394042967,59.93411636352539,14.944395065307615,78.86143493652344,162.19000244140625,24.078062057495117,18.078067779541016,73.59130096435547,14.319999694824219,15.420000076293945
2013-01-31,118.88356018066406,59.79998016357422,14.879323959350586,78.92830657958984,161.1999969482422,24.069604873657227,18.061363220214844,73.607421875,14.279999732971191,15.550000190734863
2013-02-01,120.10655212402344,60.50646209716797,15.174309730529783,78.6601791381836,161.4499969482422,24.162607192993164,18.044652938842773,73.59130096435547,12.899999618530273,14.789999961853027
2013-02-04,118.75651550292967,59.451210021972656,14.987774848937988,79.11457824707031,162.0,24.078062057495117,18.136547088623047,73.59130096435547,14.670000076293945,15.789999961853027
2013-02-05,119.9556884765625,60.32760238647461,15.217690467834473,78.83150482177734,161.9600067138672,24.17106056213379,18.12819480895996,73.607421875,13.720000267028809,15.300000190734863
2013-02-06,120.04302215576172,60.130863189697266,15.182984352111816,79.06986999511719,162.38999938964844,24.137245178222656,18.186668395996097,73.607421875,13.40999984741211,15.140000343322754
2013-02-07,119.88422393798828,60.18452453613281,15.100564002990724,79.10710144042969,161.83999633789062,24.044246673583984,18.28691864013672,73.607421875,13.5,15.1899995803833
2013-02-08,120.55130767822266,60.80156707763672,15.300110816955566,79.16673278808594,161.57000732421875,24.137245178222656,18.295270919799805,73.607421875,13.020000457763672,14.800000190734863
2013-02-11,120.52749633789062,60.81943893432617,15.326141357421877,79.08477020263672,159.6999969482422,24.05270195007324,18.311981201171875,73.607421875,12.9399995803833,14.680000305175781
2013-02-12,120.72604370117188,60.569053649902344,15.386870384216309,79.0028076171875,159.88999938964844,24.094970703125,18.27021217346191,73.607421875,12.640000343322754,14.529999732971191
2013-02-13,120.82921600341795,60.7836799621582,15.386870384216309,78.72721099853516,159.0500030517578,24.103425979614254,18.278562545776367,73.59130096435547,12.979999542236328,14.630000114440918
2013-02-14,120.94043731689452,60.765777587890625,15.52134895324707,79.06240844726562,158.35000610351562,24.069604873657227,18.328691482543945,73.607421875,12.65999984741211,14.430000305175781
2013-02-15,120.79745483398438,60.58692932128906,15.39121150970459,78.98795318603516,155.75999450683594,23.968156814575195,18.34539794921875,73.59130096435547,12.460000038146973,14.260000228881836
2013-02-19,121.70281982421876,61.025115966796875,15.603771209716797,78.86132049560547,155.3300018310547,23.87515640258789,18.353750228881836,73.59130096435547,12.3100004196167,13.989999771118164
2013-02-20,120.18601989746094,60.08615493774414,15.27408504486084,79.03258514404297,151.44000244140625,23.604616165161133,18.487415313720703,73.607421875,14.680000305175781,15.40999984741211
2013-02-21,119.45530700683594,59.442256927490234,14.987774848937988,79.18903350830078,152.6199951171875,23.33407974243164,18.562602996826172,73.59130096435547,15.220000267028809,15.710000038146973
2013-02-22,120.62271881103516,60.04143905639648,15.226363182067873,79.28588104248047,152.97000122070312,23.33407974243164,18.570955276489254,73.607421875,14.170000076293945,14.979999542236328
2013-02-25,118.32770538330078,59.29917526245117,14.914029121398926,79.89666748046875,154.33999633789062,23.224170684814453,18.646141052246097,73.59130096435547,18.989999771118164,17.940000534057617
2013-02-26,119.13776397705078,59.52274703979492,15.018141746520996,79.74768829345703,156.22000122070312,23.181900024414062,18.66284942626953,73.59130096435547,16.8700008392334,17.25
2013-02-27,120.63860321044922,60.130863189697266,15.252391815185549,79.71045684814453,154.57000732421875,23.038177490234375,18.587663650512695,73.607421875,14.729999542236328,15.65999984741211
2013-02-28,120.400390625,60.00564956665039,15.235042572021484,79.82218170166016,153.0,22.936721801757812,18.687911987304688,73.607421875,15.510000228881836,16.18000030517578
2013-03-01,120.79745483398438,60.256072998046875,15.235042572021484,80.02133178710938,152.44000244140625,22.77609062194824,18.74638938903809,73.607421875,15.359999656677246,16.290000915527344
2013-03-04,121.44074249267578,60.52434158325195,15.213350296020508,79.83487701416016,152.3000030517578,22.691545486450195,18.738035202026367,73.59130096435547,14.010000228881836,15.420000076293945
2013-03-05,122.52871704101562,61.4185905456543,15.456279754638672,79.75284576416016,152.3800048828125,22.90290641784668,18.71297264099121,73.607421875,13.479999542236328,14.949999809265137
2013-03-06,122.69551849365234,61.26657485961914,15.46061897277832,79.4992446899414,153.22999572753906,22.77609062194824,18.788158416748047,73.59130096435547,13.529999732971191,15.029999732971191
2013-03-07,122.91781616210938,61.42755889892578,15.456279754638672,79.19352722167969,152.69000244140625,22.928268432617188,18.704618453979492,73.607421875,13.0600004196167,14.739999771118164
2013-03-08,123.44195556640624,61.49909973144531,15.399884223937988,78.79077911376953,152.7100067138672,22.99590110778809,18.84663772583008,73.59130096435547,12.59000015258789,14.520000457763672
2013-03-11,123.91055297851562,61.67793655395508,15.447604179382324,78.82807159423828,152.99000549316406,23.0128116607666,18.804866790771484,73.607421875,11.5600004196167,14.300000190734863
2013-03-12,123.63260650634766,61.45438766479492,15.456279754638672,79.04438018798828,154.19000244140625,23.06353759765625,18.79651260375977,73.59130096435547,12.270000457763672,14.579999923706055
2013-03-13,123.80730438232422,61.37387466430664,15.49965763092041,78.97723388671875,153.66000366210938,22.94517517089844,18.8716983795166,73.607421875,11.829999923706055,14.510000228881836
2013-03-14,124.46642303466795,61.579612731933594,15.62112045288086,78.99962615966797,153.67999267578125,23.1142635345459,18.79651260375977,73.607421875,11.300000190734863,14.100000381469727
2013-03-15,124.3021240234375,61.40836715698242,15.352167129516602,79.27558898925781,154.0,23.164989471435547,18.71297264099121,73.607421875,11.300000190734863,14.260000228881836
2013-03-18,123.61613464355467,61.273921966552734,15.16563606262207,79.53656005859375,155.3800048828125,23.029720306396484,18.829931259155273,73.59130096435547,13.359999656677246,15.390000343322754
2013-03-19,123.32891082763672,61.15740966796875,15.135269165039062,79.78267669677734,156.0800018310547,22.86063575744629,18.888408660888672,73.59130096435547,14.390000343322754,15.710000038146973
2013-03-20,124.19039916992188,61.587642669677734,15.235042572021484,79.4769287109375,155.3699951171875,23.02126693725586,18.84663772583008,73.59130096435547,12.670000076293945,14.930000305175781
2013-03-21,123.12950897216795,60.88850021362305,15.022479057312012,79.68574523925781,156.25,22.91981506347656,18.84663772583008,73.59130096435547,13.989999771118164,15.529999732971191
2013-03-22,124.11864471435548,61.48008728027344,15.139605522155762,79.71553802490234,155.5500030517578,22.96208381652832,18.72968292236328,73.607421875,13.569999694824219,15.260000228881836
2013-03-25,123.60015106201172,61.256011962890625,15.117916107177734,79.77526092529297,155.24000549316406,22.978994369506836,18.863346099853516,73.59130096435547,13.739999771118164,15.300000190734863
2013-03-26,124.5892562866211,61.587642669677734,15.291434288024902,79.85723876953125,154.72000122070312,23.190351486206055,18.854991912841797,73.607421875,12.770000457763672,14.75
2013-03-27,124.5892562866211,61.668312072753906,15.32180118560791,80.20027923583984,155.36000061035156,23.308713912963867,18.93017578125,73.59130096435547,13.149999618530273,14.930000305175781
2013-03-28,124.97216796875,61.820682525634766,15.4128999710083,80.0511245727539,154.4499969482422,23.08889961242676,18.880054473876953,73.607421875,12.699999809265137,14.640000343322754
2013-04-01,124.4776382446289,61.399417877197266,15.16997241973877,80.26396942138672,154.6699981689453,23.08889961242676,18.813220977783203,73.59130096435547,13.579999923706055,15.279999732971191
2013-04-02,125.09181213378906,61.883445739746094,15.048505783081056,80.10713195800781,152.42999267578125,22.978994369506836,18.854991912841797,73.607421875,12.779999732971191,14.710000038146973
2013-04-03,123.8235092163086,61.31874084472656,14.766538619995115,80.44326782226562,150.72999572753906,22.5900936126709,18.813220977783203,73.59130096435547,14.210000038146973,15.489999771118164
2013-04-04,124.3260269165039,61.33666229248047,14.861974716186523,80.76434326171875,150.2899932861328,22.564727783203125,18.788158416748047,73.59130096435547,13.890000343322754,15.300000190734863
2013-04-05,123.76768493652344,60.82576751708984,14.848959922790527,81.01826477050781,152.80999755859375,22.547822952270508,18.75474548339844,73.607421875,13.920000076293945,15.380000114440918
2013-04-08,124.6052017211914,61.148433685302734,14.93138027191162,80.75688934326172,152.16000366210938,22.615455627441406,18.804866790771484,73.607421875,13.1899995803833,14.710000038146973
2013-04-09,125.03596496582033,61.56074142456055,15.07453727722168,80.78673553466797,153.33999633789062,22.759180068969727,18.72132873535156,73.607421875,12.84000015258789,14.460000038146973
2013-04-10,126.56748962402344,62.76185989379883,15.399884223937988,80.45066833496094,150.75,22.70845413208008,18.738035202026367,73.607421875,12.359999656677246,14.119999885559082
2013-04-11,126.9822998046875,62.73495864868164,15.39121150970459,80.54029846191406,151.0500030517578,22.615455627441406,18.687911987304688,73.59130096435547,12.239999771118164,14.170000076293945
2013-04-12,126.67118072509766,62.69013595581055,15.334814071655272,80.98836517333984,143.9499969482422,22.336462020874023,18.66284942626953,73.607421875,12.0600004196167,14.020000457763672
2013-04-15,123.73573303222656,61.45319747924805,15.000789642333984,81.1676025390625,131.30999755859375,21.66856575012207,18.72132873535156,73.607421875,17.270000457763672,17.030000686645508
2013-04-16,125.56243133544922,62.26887893676758,15.25673007965088,80.93608093261719,132.8000030517578,21.89683723449707,18.570955276489254,73.607421875,13.960000038146973,15.100000381469727
2013-04-17,123.72779083251952,61.04986572265625,14.935720443725586,81.08544921875,132.8699951171875,21.5755672454834,18.77145004272461,73.607421875,16.510000228881836,16.93000030517578
2013-04-18,122.95407104492188,60.20726776123047,14.970422744750977,81.13023376464844,134.3000030517578,21.80383682250977,18.76309585571289,73.59130096435547,17.559999465942383,17.520000457763672
2013-04-19,124.02291870117188,61.031925201416016,15.143942832946776,81.08544921875,135.47000122070312,21.753108978271484,18.79651260375977,73.607421875,14.970000267028809,16.170000076293945
2013-04-22,124.57324981689452,61.65934371948242,15.26540756225586,81.13023376464844,137.89999389648438,21.820743560791016,18.788158416748047,73.607421875,14.390000343322754,15.65999984741211
2013-04-23,125.85762786865234,62.25091552734375,15.595096588134766,81.07794952392578,136.8800048828125,21.685474395751953,18.854991912841797,73.607421875,13.479999542236328,14.829999923706055
2013-04-24,125.93736267089844,62.22405624389648,15.75560188293457,81.1153335571289,138.3699951171875,21.922197341918945,18.84663772583008,73.607421875,13.609999656677246,14.970000267028809
2013-04-25,126.44786834716795,62.555667877197266,15.881404876708984,81.02567291259766,141.6300048828125,22.209644317626953,18.804866790771484,73.59130096435547,13.619999885559082,14.960000038146973
2013-04-26,126.22447204589844,62.35848236083984,15.73391342163086,81.31695556640625,140.91000366210938,22.08283042907715,18.72132873535156,73.59130096435547,13.609999656677246,14.890000343322754
2013-04-29,127.070068359375,62.932167053222656,15.916105270385742,81.287109375,142.3000030517578,22.378732681274418,18.637786865234375,73.59130096435547,13.710000038146973,14.920000076293945
2013-04-30,127.3731918334961,63.38931655883789,16.072277069091797,81.27214813232422,142.77000427246094,22.209644317626953,18.545894622802734,73.59130096435547,13.520000457763672,14.779999732971191
2013-05-01,126.25643157958984,63.093502044677734,16.0072078704834,81.53758239746094,141.11000061035156,21.81229019165039,18.529184341430664,73.59130096435547,14.489999771118164,15.609999656677246
2013-05-02,127.42899322509766,63.891258239746094,16.211088180541992,81.53758239746094,141.9199981689453,22.09128189086914,18.65449333190918,73.607421875,13.59000015258789,14.869999885559082
2013-05-03,128.72125244140625,64.6441879272461,16.33689308166504,80.84221649169922,142.08999633789062,22.336462020874023,18.646141052246097,73.59130096435547,12.850000381469727,14.449999809265137
2013-05-06,129.04830932617188,64.8951416015625,16.41497802734375,80.7375259399414,142.14999389648438,22.361825942993164,18.687911987304688,73.59130096435547,12.65999984741211,14.3100004196167
2013-05-07,129.70237731933594,64.85926818847656,16.44968032836914,80.62538146972656,140.3800048828125,22.285734176635746,18.687911987304688,73.59130096435547,12.829999923706055,14.350000381469727
2013-05-08,130.29269409179688,65.17302703857422,16.64923095703125,80.72261047363281,142.4600067138672,22.387184143066406,18.604372024536133,73.607421875,12.65999984741211,14.399999618530273
2013-05-09,129.9257049560547,65.0833969116211,16.70128631591797,80.7076187133789,140.80999755859375,22.378732681274418,18.779804229736328,73.607421875,13.130000114440918,14.8100004196167
2013-05-10,130.3485107421875,65.47779846191406,16.814067840576172,80.25152587890625,139.60000610351562,22.277280807495117,18.880054473876953,73.59130096435547,12.59000015258789,14.710000038146973
2013-05-13,130.4522247314453,65.55844116210938,16.610183715820312,80.10946655273438,138.42999267578125,22.175827026367188,18.913469314575195,73.607421875,12.550000190734863,15.050000190734863
2013-05-14,131.80020141601562,65.89906311035156,16.636211395263672,79.78792572021484,137.80999755859375,22.0997371673584,18.98865509033203,73.59130096435547,12.770000457763672,14.979999542236328
2013-05-15,132.51022338867188,66.03351593017578,16.77937126159668,79.99729919433594,134.6300048828125,22.049015045166016,19.038780212402344,73.59130096435547,12.8100004196167,15.050000190734863
2013-05-16,131.88800048828125,65.96182250976562,16.631879806518555,80.37859344482422,134.08999633789062,22.02364921569824,19.030427932739254,73.59130096435547,13.069999694824219,15.449999809265137
2013-05-17,133.16429138183594,66.59820556640625,16.81840705871582,79.9449234008789,131.07000732421875,22.13355827331543,19.147380828857425,73.607421875,12.449999809265137,15.170000076293945
2013-05-20,133.15628051757812,66.49964141845703,16.766357421875,79.88514709472656,135.1199951171875,22.277280807495117,19.030427932739254,73.59130096435547,13.020000457763672,15.3100004196167
2013-05-21,133.34783935546875,66.57132720947266,16.727312088012695,80.09449768066406,132.8800048828125,22.150466918945312,19.038780212402344,73.607421875,13.369999885559082,15.779999732971191
2013-05-22,132.35867309570312,65.9886703491211,16.48872184753418,79.45895385742188,131.94000244140625,22.049015045166016,19.1223201751709,73.607421875,13.819999694824219,15.819999694824219
2013-05-23,131.9757537841797,65.83629608154297,16.45401954650879,79.54118347167969,134.61000061035156,22.150466918945312,18.99700927734375,73.607421875,14.069999694824219,16.0
2013-05-24,131.86407470703125,65.80046844482422,16.44968032836914,79.571044921875,133.75999450683594,22.065919876098633,18.971946716308594,73.607421875,13.989999771118164,15.920000076293945
2013-05-28,132.6537628173828,66.23069763183594,16.597169876098633,78.636474609375,133.49000549316406,22.26882553100586,19.105613708496097,73.59130096435547,14.479999542236328,15.869999885559082
2013-05-29,131.7923126220703,65.9169692993164,16.65790557861328,78.95794677734375,134.8300018310547,22.125102996826172,18.963592529296875,73.607421875,14.829999923706055,16.149999618530273
2013-05-30,132.27891540527344,66.26656341552734,16.81840705871582,78.96550750732422,136.6999969482422,22.125102996826172,18.838279724121097,73.59130096435547,14.529999732971191,16.010000228881836
2013-05-31,130.3804168701172,65.65701293945312,16.610183715820312,78.74858093261719,133.9199981689453,21.863018035888672,18.888408660888672,73.607421875,16.299999237060547,17.1299991607666
2013-06-03,131.0983123779297,65.77359008789062,16.740325927734375,78.86241149902344,136.50999450683594,22.13355827331543,18.75474548339844,73.607421875,16.280000686645508,17.219999313354492
2013-06-04,130.46815490722656,65.43296813964844,16.81840705871582,78.66027069091797,135.22999572753906,22.218101501464844,18.76309585571289,73.607421875,16.270000457763672,17.260000228881836
2013-06-05,128.6414794921875,64.58143615722656,16.510414123535156,79.0420913696289,135.52000427246094,22.11664772033691,18.72968292236328,73.607421875,17.5,18.0
2013-06-06,129.80609130859375,64.8951416015625,16.46269416809082,79.13943481445312,136.52999877929688,22.201190948486328,18.487415313720703,73.59130096435547,16.6299991607666,17.549999237060547
2013-06-07,131.4572296142578,65.78253173828125,16.61886215209961,78.52552795410156,133.27999877929688,22.25191879272461,18.51247787475586,73.607421875,15.140000343322754,16.719999313354492
2013-06-10,131.4572296142578,65.80939483642578,16.709959030151367,78.3308334350586,133.94000244140625,22.16737365722656,18.520832061767575,73.59130096435547,15.4399995803833,16.729999542236328
2013-06-11,130.10125732421875,65.15510559082031,16.401962280273438,78.52552795410156,133.25,21.972923278808594,18.362106323242188,73.607421875,17.06999969482422,17.90999984741211
2013-06-12,129.0243377685547,64.40216827392578,16.206754684448242,78.1736068725586,134.25,21.9982852935791,18.353750228881836,73.59130096435547,18.59000015258789,19.06999969482422
2013-06-13,130.98663330078125,65.21785736083984,16.493059158325195,78.7651138305664,133.74000549316406,22.142011642456055,18.295270919799805,73.607421875,16.40999984741211,17.829999923706055
2013-06-14,130.16502380371094,64.7875747680664,16.432327270507812,78.86991882324219,134.42999267578125,22.235008239746097,18.278562545776367,73.59130096435547,17.149999618530273,18.299999237060547
2013-06-17,131.17010498046875,65.41504669189453,16.571144104003906,78.6827392578125,133.77000427246094,22.285734176635746,18.245147705078125,73.59130096435547,16.799999237060547,17.989999771118164
2013-06-18,132.20706176757812,65.95284271240234,16.809738159179688,78.63778686523438,132.1300048828125,22.32800674438477,18.26185607910156,73.59130096435547,16.610000610351562,17.75
2013-06-19,130.3804168701172,65.21785736083984,16.575483322143555,77.55967712402344,130.58999633789062,22.361825942993164,18.42893409729004,73.59130096435547,16.639999389648438,17.780000686645508
2013-06-20,127.14982604980467,63.66716766357422,16.067941665649414,77.20780181884766,123.5999984741211,21.634748458862305,18.537538528442383,73.59130096435547,20.489999771118164,20.34000015258789
2013-06-21,127.55799865722656,63.32905578613281,16.050582885742188,76.39167022705078,125.0500030517578,21.49947738647461,18.66284942626953,73.607421875,18.899999618530273,19.489999771118164
2013-06-24,125.94613647460938,62.699668884277344,15.75560188293457,76.20447540283203,123.93000030517578,21.40648078918457,18.67955780029297,73.607421875,20.110000610351562,20.729999542236328
2013-06-25,127.15703582763672,63.15824508666992,16.085290908813477,76.11459350585938,123.47000122070312,21.42338752746582,18.71297264099121,73.607421875,18.469999313354492,19.670000076293945
2013-06-26,128.416015625,63.72471618652344,16.18072509765625,76.42158508300781,118.27999877929688,21.36421012878418,18.813220977783203,73.607421875,17.209999084472656,18.81999969482422
2013-06-27,129.16983032226562,63.99446868896485,16.26748275756836,76.83340454101562,115.94000244140624,21.35575485229492,18.804866790771484,73.59130096435547,16.860000610351562,18.559999465942383
2013-06-28,128.6405487060547,64.08438873291016,16.349905014038086,76.74354553222656,119.11000061035156,21.245845794677734,18.84663772583008,73.59130096435547,16.860000610351562,18.389999389648438
2013-07-01,129.3943328857422,64.48001098632812,16.30652618408203,76.77276611328125,121.12999725341795,21.38111686706543,18.804866790771484,73.607421875,16.3700008392334,17.920000076293945
2013-07-02,129.27413940429688,64.5069808959961,16.302188873291016,76.80278015136719,120.0500030517578,21.465660095214844,18.93017578125,73.59130096435547,16.440000534057617,18.020000457763672
2013-07-03,129.33018493652344,64.76775360107422,16.40630340576172,76.65286254882812,120.73999786376952,21.660112380981445,18.854991912841797,73.607421875,16.200000762939453,17.809999465942383
2013-07-05,130.72552490234375,65.2623062133789,16.627540588378906,75.36332702636719,118.08999633789062,21.609384536743164,19.130672454833984,73.607421875,14.890000343322754,16.8799991607666
2013-07-08,131.4712371826172,65.32526397705078,16.271820068359375,75.8056640625,119.51000213623048,21.71929359436035,19.080549240112305,73.57524108886719,14.779999732971191,16.40999984741211
2013-07-09,132.41751098632812,65.72087097167969,16.401962280273438,75.9330825805664,120.62000274658205,21.85456085205078,19.155736923217773,73.57524108886719,14.350000381469727,15.90999984741211
2013-07-10,132.465576171875,66.09854125976562,16.52776527404785,75.66316986083984,120.9499969482422,21.922197341918945,19.030427932739254,73.57524108886719,14.210000038146973,15.770000457763672
2013-07-11,134.26991271972656,67.41133880615234,16.96590232849121,76.42042541503906,124.23999786376952,22.032102584838867,18.72968292236328,73.57524108886719,14.010000228881836,15.5
2013-07-12,134.32603454589844,67.70806121826172,17.02663230895996,76.36042022705078,124.12999725341795,22.11664772033691,18.77145004272461,73.57524108886719,13.84000015258789,15.649999618530273
2013-07-15,134.83914184570312,67.8609390258789,17.030969619750977,76.60037994384766,124.18000030517578,22.057466506958008,18.788158416748047,73.57524108886719,13.789999961853027,15.619999885559082
2013-07-16,134.33399963378906,67.77101135253906,17.135082244873047,76.6377944946289,124.88999938964844,22.08283042907715,18.65449333190918,73.57524108886719,14.420000076293945,16.010000228881836
2013-07-17,134.67877197265625,67.94184112548828,17.161113739013672,76.97518920898438,123.31999969482422,22.065919876098633,18.696264266967773,73.57524108886719,13.779999732971191,15.5600004196167
2013-07-18,135.4165802001953,67.77101135253906,16.80105972290039,76.61532592773438,124.01000213623048,22.15892219543457,18.72968292236328,73.59130096435547,13.770000457763672,15.5600004196167
2013-07-19,135.6571502685547,67.06966400146484,16.73598861694336,77.03522491455078,125.11000061035156,22.175827026367188,18.67955780029297,73.59130096435547,12.539999961853027,15.039999961853027
2013-07-22,135.9217529296875,67.26748657226562,16.70561981201172,77.0277099609375,128.83999633789062,22.15892219543457,18.596019744873047,73.59130096435547,12.289999961853027,14.6899995803833
2013-07-23,135.63308715820312,66.77294158935547,16.718639373779297,76.937744140625,129.7100067138672,22.19273567199707,18.537538528442383,73.59130096435547,12.65999984741211,14.880000114440918
2013-07-24,135.13589477539062,66.98871612548828,16.514751434326172,76.42042541503906,127.4800033569336,22.01519775390625,18.604372024536133,73.607421875,13.180000305175781,15.1899995803833
2013-07-25,135.46470642089844,67.41133880615234,16.631879806518555,76.53289794921875,128.6699981689453,21.989831924438477,18.479063034057617,73.57524108886719,12.970000267028809,15.0
2013-07-26,135.60902404785156,67.77101135253906,16.53643798828125,76.60037994384766,128.77999877929688,21.85456085205078,18.462352752685547,73.57524108886719,12.720000267028809,14.800000190734863
2013-07-29,135.19207763671875,67.64512634277344,16.484384536743164,76.44290161132812,128.47000122070312,21.846105575561523,18.462352752685547,73.59130096435547,13.390000343322754,15.109999656677246
2013-07-30,135.19207763671875,68.00477600097656,16.64923095703125,76.42042541503906,128.1199951171875,21.770017623901367,18.50412368774414,73.57524108886719,13.390000343322754,14.979999542236328
2013-07-31,135.28829956054688,68.13066864013672,16.727312088012695,76.47290802001953,127.95999908447266,21.922197341918945,18.45400047302246,73.59130096435547,13.449999809265137,14.920000076293945
2013-08-01,136.85198974609375,68.82302856445312,16.935535430908203,75.79795837402344,126.61000061035156,21.972923278808594,18.61272621154785,73.57524108886719,12.9399995803833,14.550000190734863
2013-08-02,137.0845184326172,69.20967864990234,16.844440460205078,76.44359588623047,126.36000061035156,21.888378143310547,18.51247787475586,73.59130096435547,11.979999542236328,14.029999732971191
2013-08-05,136.8840789794922,69.254638671875,16.83576202392578,76.20339965820312,125.6999969482422,21.778472900390625,18.487415313720703,73.59130096435547,11.84000015258789,13.859999656677246
2013-08-06,136.10618591308594,68.84102630615234,16.727312088012695,76.22588348388672,123.97000122070312,21.600929260253903,18.43729019165039,73.59130096435547,12.720000267028809,14.5600004196167
2013-08-07,135.66517639160156,68.71513366699219,16.575483322143555,76.5036849975586,124.1500015258789,21.457204818725582,18.362106323242188,73.57524108886719,12.979999542236328,14.8100004196167
2013-08-08,136.16236877441406,69.05683898925781,16.579818725585938,76.61629486083984,126.86000061035156,21.56711196899414,18.303627014160156,73.57524108886719,12.729999542236328,14.670000076293945
2013-08-09,135.7694091796875,68.77810668945312,16.53643798828125,76.66883087158203,126.86000061035156,21.71929359436035,18.32033348083496,73.59130096435547,13.40999984741211,15.100000381469727
2013-08-12,135.60902404785156,68.93994903564453,16.56680679321289,76.51863861083984,129.1300048828125,21.98137855529785,18.37045669555664,73.59130096435547,12.8100004196167,15.170000076293945
2013-08-13,136.01002502441406,69.32659912109375,16.74466896057129,75.8279800415039,127.73999786376952,21.972923278808594,18.462352752685547,73.59130096435547,12.3100004196167,14.859999656677246
2013-08-14,135.31236267089844,69.0658187866211,16.579818725585938,75.89553833007812,129.0,22.150466918945312,18.45400047302246,73.59130096435547,13.039999961853027,15.239999771118164
2013-08-15,133.41983032226562,67.89688873291016,16.215431213378906,75.47510528564453,131.69000244140625,22.361825942993164,18.328691482543945,73.59130096435547,14.729999542236328,16.239999771118164
2013-08-16,132.97885131835938,67.86992645263672,16.232778549194336,75.18231201171875,132.5800018310547,22.37027931213379,18.362106323242188,73.59130096435547,14.369999885559082,15.9399995803833
2013-08-19,132.12879943847656,67.7530517578125,16.211088180541992,74.85945129394531,132.00999450683594,22.34491539001465,18.353750228881836,73.57524108886719,15.100000381469727,16.399999618530273
2013-08-20,132.7782745361328,68.04975891113281,16.289173126220703,75.26490783691406,132.4499969482422,22.302642822265625,18.27021217346191,73.59130096435547,14.90999984741211,16.309999465942383
2013-08-21,131.9603729248047,67.81597137451172,16.15469741821289,74.79195404052734,132.07000732421875,22.277280807495117,18.362106323242188,73.59130096435547,15.9399995803833,16.790000915527344
2013-08-22,133.16322326660156,68.4813461303711,16.254470825195312,74.76187896728516,132.80999755859375,22.285734176635746,18.40387535095215,73.57524108886719,14.760000228881836,15.989999771118164
2013-08-23,133.6123504638672,68.93994903564453,16.30652618408203,75.18231201171875,134.89999389648438,22.463274002075195,18.37045669555664,73.59130096435547,13.979999542236328,15.550000190734863
2013-08-26,133.11514282226562,68.97591400146484,16.276161193847656,75.33243560791016,135.4499969482422,22.5900936126709,18.37045669555664,73.57524108886719,14.989999771118164,16.209999084472656
2013-08-27,130.9740753173828,67.56419372558594,15.950811386108398,75.76043701171875,136.75,22.809906005859375,18.311981201171875,73.57524108886719,16.770000457763672,17.68000030517578
2013-08-28,131.43914794921875,67.824951171875,16.072277069091797,75.45259857177734,136.7100067138672,22.84372329711914,18.38716697692871,73.57524108886719,16.489999771118164,17.6200008392334
2013-08-29,131.64767456054688,68.30152130126953,16.206754684448242,75.52769470214844,135.8699951171875,22.60700035095215,18.51247787475586,73.59130096435547,16.809999465942383,17.899999618530273
2013-08-30,131.23060607910156,67.8609390258789,16.11131477355957,75.38504791259766,134.6199951171875,22.539365768432617,18.537538528442383,73.59130096435547,17.010000228881836,18.049999237060547
2013-09-03,131.8240509033203,68.24761199951172,16.26748275756836,74.95719146728516,136.4199981689453,22.657726287841797,18.596019744873047,73.59130096435547,16.610000610351562,17.639999389648438
2013-09-04,132.91464233398438,68.97591400146484,16.59283447265625,74.70909881591797,134.66000366210938,22.463274002075195,18.529184341430664,73.59130096435547,15.880000114440918,17.299999237060547
2013-09-05,133.0830535888672,69.0927963256836,16.718639373779297,74.13763427734375,132.1999969482422,22.412551879882812,18.65449333190918,73.59130096435547,15.770000457763672,17.139999389648438
2013-09-06,133.147216796875,69.17373657226562,16.653568267822266,74.58875274658203,134.14999389648438,22.539365768432617,18.545894622802734,73.59130096435547,15.850000381469727,17.170000076293945
2013-09-09,134.4222412109375,69.98299407958984,16.86612892150879,74.73914337158203,133.91000366210938,22.39564323425293,18.45400047302246,73.5592041015625,15.630000114440918,16.829999923706055
2013-09-10,135.4165802001953,70.32469177246094,17.169788360595703,74.393310546875,131.74000549316406,22.19273567199707,18.45400047302246,73.57524108886719,14.529999732971191,16.110000610351562
2013-09-11,135.8415985107422,70.18978118896484,17.11773681640625,74.76924896240234,131.6999969482422,22.22655487060547,18.38716697692871,73.57524108886719,13.819999694824219,15.609999656677246
2013-09-12,135.4807586669922,70.14483642578125,17.07868766784668,74.77677917480469,127.66999816894533,22.336462020874023,18.38716697692871,73.57524108886719,14.289999961853027,15.850000381469727
2013-09-13,135.78549194335938,70.18978118896484,17.182804107666016,74.87448120117188,127.81999969482422,22.26882553100586,18.37045669555664,73.59130096435547,14.15999984741211,15.699999809265137
2013-09-16,136.5712890625,70.00098419189453,17.269561767578125,75.03990936279297,126.4499969482422,21.989831924438477,18.328691482543945,73.57524108886719,14.380000114440918,15.579999923706055
2013-09-17,137.1807861328125,70.46853637695312,17.408376693725586,75.19029235839844,126.5,21.761564254760746,18.295270919799805,73.57524108886719,14.529999732971191,15.65999984741211
2013-09-18,138.76852416992188,71.31375122070312,17.564546585083008,76.12261962890625,132.00999450683594,22.235008239746097,18.086423873901367,73.59130096435547,13.59000015258789,15.180000305175781
2013-09-19,138.53594970703125,71.484619140625,17.560209274291992,75.85948944091797,131.75,22.150466918945312,18.11148452758789,73.59130096435547,13.15999984741211,15.020000457763672
2013-09-20,137.56739807128906,71.23926544189453,17.443082809448242,75.93467712402344,127.95999908447266,21.94755744934082,18.11983871459961,73.57524108886719,13.119999885559082,15.319999694824219
2013-09-23,136.93081665039062,71.09500122070312,17.404037475585938,76.22044372558594,127.5500030517578,21.786928176879883,18.12819480895996,73.57524108886719,14.3100004196167,15.920000076293945
2013-09-24,136.60848999023438,71.09500122070312,17.51248550415039,76.4985580444336,127.66000366210938,21.778472900390625,18.161609649658203,73.57524108886719,14.079999923706055,15.640000343322754
2013-09-25,136.21363830566406,70.85147094726562,17.477785110473633,76.70914459228516,128.7899932861328,21.81229019165039,18.103130340576172,73.57524108886719,14.010000228881836,15.5600004196167
2013-09-26,136.73741149902344,71.40162658691406,17.47344970703125,76.54376220703125,127.79000091552734,21.98137855529785,18.14490127563477,73.57524108886719,14.0600004196167,15.40999984741211
2013-09-27,136.10885620117188,71.31144714355469,17.317279815673828,76.64897918701172,128.97000122070312,21.871471405029297,18.078067779541016,73.57524108886719,15.460000038146973,16.040000915527344
2013-09-30,135.38365173339844,71.14009094238281,17.2999267578125,76.77677917480469,128.17999267578125,21.778472900390625,18.06971549987793,73.57524108886719,16.600000381469727,16.799999237060547
2013-10-01,136.45535278320312,71.861572265625,17.46910858154297,76.60591125488281,124.58999633789062,21.634748458862305,18.05300521850586,73.59130096435547,15.539999961853027,16.1299991607666
2013-10-02,136.3264923095703,71.8345718383789,17.456098556518555,76.73387145996094,127.05999755859376,21.846105575561523,17.986175537109375,73.59130096435547,16.600000381469727,16.809999465942383
2013-10-03,135.0693359375,70.99579620361328,17.4127140045166,76.83931732177734,127.18000030517578,21.81229019165039,17.969467163085938,73.59130096435547,17.670000076293945,17.700000762939453
2013-10-04,136.0927734375,71.60905456542969,17.51248550415039,76.62848663330078,126.52999877929688,21.87992477416992,18.05300521850586,73.59130096435547,16.739999771118164,17.209999084472656
2013-10-07,134.91635131835938,71.01380920410156,17.447416305541992,76.69623565673828,127.63999938964844,22.032102584838867,18.00288200378418,73.59130096435547,19.40999984741211,19.06999969482422
2013-10-08,133.34498596191406,69.6429672241211,17.174121856689453,76.65861511230469,127.4000015258789,22.108190536499023,18.0112361907959,73.59130096435547,20.34000015258789,19.84000015258789
2013-10-09,133.44166564941406,69.42649841308594,17.11773681640625,76.52299499511719,126.11000061035156,21.94755744934082,18.094776153564453,73.57524108886719,19.600000381469727,19.290000915527344
2013-10-10,136.31845092773438,70.89659118652344,17.508150100708008,76.35736083984375,124.2699966430664,22.22655487060547,18.12819480895996,73.5592041015625,16.479999542236328,17.209999084472656
2013-10-11,137.19668579101562,71.45574951171875,17.564546585083008,76.47030639648438,122.5999984741211,22.108190536499023,18.094776153564453,73.54309844970703,15.720000267028809,16.56999969482422
2013-10-14,137.74468994140625,71.96080780029297,17.677330017089844,76.2142562866211,122.83000183105467,22.0997371673584,18.061363220214844,73.54309844970703,16.06999969482422,16.920000076293945
2013-10-15,136.74545288085938,71.68124389648438,17.568883895874023,76.22940063476562,123.7300033569336,22.02364921569824,18.12819480895996,73.54309844970703,18.65999984741211,18.40999984741211
2013-10-16,138.6552276611328,72.49290466308594,17.72071075439453,76.5983657836914,123.54000091552734,22.19273567199707,18.11983871459961,73.5592041015625,14.710000038146973,16.260000228881836
2013-10-17,139.58189392089844,72.90775299072266,17.81181526184082,77.03514862060547,127.41999816894533,22.074377059936523,17.919343948364258,73.5592041015625,13.479999542236328,15.4399995803833
2013-10-18,140.52468872070312,74.08924102783203,17.885555267333984,77.04259490966797,126.8499984741211,22.201190948486328,17.919343948364258,73.57524108886719,13.039999961853027,14.920000076293945
2013-10-21,140.53268432617188,74.25157165527344,17.95062828063965,76.98989868164062,126.9800033569336,22.150466918945312,17.936050415039062,73.57524108886719,13.15999984741211,15.140000343322754
2013-10-22,141.34661865234375,74.35977935791016,17.92894172668457,77.52459716796875,129.33999633789062,22.125102996826172,17.835803985595703,73.57524108886719,13.329999923706055,15.020000457763672
2013-10-23,140.6697540283203,73.90885162353516,17.37801170349121,77.66014099121094,128.69000244140625,21.786928176879883,17.84415626525879,73.57524108886719,13.420000076293945,15.109999656677246
2013-10-24,141.13710021972656,74.2335205078125,17.460432052612305,77.50199890136719,129.89999389648438,21.79538345336914,17.819093704223633,73.5592041015625,13.199999809265137,14.899999618530273
2013-10-25,141.78172302246094,74.76563262939453,17.534177780151367,77.6375503540039,130.4600067138672,21.863018035888672,17.827449798583984,73.57524108886719,13.09000015258789,14.869999885559082
2013-10-28,142.0074005126953,74.7836685180664,17.616600036621094,77.56224060058594,130.55999755859375,21.94755744934082,17.860864639282227,73.57524108886719,13.3100004196167,14.869999885559082
2013-10-29,142.76487731933594,74.90995025634766,17.885555267333984,77.66766357421875,129.77000427246094,21.888378143310547,17.91098976135254,73.5592041015625,13.40999984741211,15.029999732971191
2013-10-30,142.0557403564453,74.83778381347656,17.78144645690918,77.46430206298828,129.60000610351562,21.95601272583008,17.944406509399414,73.5592041015625,13.649999618530273,15.130000114440918
2013-10-31,141.65283203125,74.66641998291016,17.859525680541992,77.37394714355469,127.73999786376952,21.770017623901367,18.06971549987793,73.5592041015625,13.75,15.25
2013-11-01,141.99127197265625,74.68446350097656,17.75975799560547,76.94478607177734,126.9499969482422,21.49947738647461,18.16996192932129,73.5592041015625,13.279999732971191,15.0600004196167
2013-11-04,142.4908905029297,74.792724609375,17.72071075439453,77.09566497802734,126.80999755859376,21.40648078918457,18.11983871459961,73.5592041015625,12.930000305175781,14.680000305175781
2013-11-05,142.03964233398438,74.87389373779297,17.681671142578125,76.74870300292969,126.55999755859376,21.347299575805664,18.161609649658203,73.5592041015625,13.270000457763672,14.920000076293945
2013-11-06,142.76487731933594,74.85585021972656,17.768434524536133,76.98255157470703,127.1999969482422,21.36421012878418,18.103130340576172,73.57524108886719,12.670000076293945,14.65999984741211
2013-11-07,140.9597930908203,73.44891357421875,17.490802764892578,77.1861572265625,126.16000366210938,21.21202850341797,18.186668395996097,73.5592041015625,13.90999984741211,15.359999656677246
2013-11-08,142.86154174804688,74.4409408569336,17.612258911132812,76.31881713867188,124.27999877929688,21.33039093017578,18.295270919799805,73.5592041015625,12.899999618530273,14.630000114440918
2013-11-11,142.8856964111328,74.32372283935547,17.577558517456055,76.28106689453125,123.87000274658205,21.42338752746582,18.245147705078125,73.57524108886719,12.529999732971191,14.729999542236328
2013-11-12,142.59561157226562,74.4409408569336,17.668657302856445,76.21321105957031,122.4499969482422,21.279664993286133,18.25350570678711,73.57524108886719,12.819999694824219,14.880000114440918
2013-11-13,143.7398681640625,75.34283447265625,17.790119171142578,76.53002166748047,122.8499984741211,21.372663497924805,18.21173095703125,73.57524108886719,12.520000457763672,14.829999923706055
2013-11-14,144.4570770263672,75.57733154296875,17.681671142578125,76.89954376220703,124.2699966430664,21.465660095214844,18.21173095703125,73.5592041015625,12.369999885559082,14.880000114440918
2013-11-15,145.0856170654297,75.72162628173828,17.803136825561523,76.83924102783203,124.31999969482422,21.43184471130371,18.178316116333008,73.5592041015625,12.1899995803833,14.800000190734863
2013-11-18,144.57791137695312,74.98211669921875,17.69468879699707,77.11074829101562,122.9000015258789,21.28811836242676,18.15325355529785,73.5592041015625,13.100000381469727,14.930000305175781
2013-11-19,144.26368713378906,74.76563262939453,17.547191619873047,76.8240966796875,122.9499969482422,21.254302978515625,18.14490127563477,73.5592041015625,13.390000343322754,15.25
2013-11-20,143.81239318847656,74.58525848388672,17.490802764892578,76.40177154541016,120.12000274658205,21.271211624145508,18.228443145751953,73.5592041015625,13.399999618530273,14.989999771118164
2013-11-21,144.9727783203125,75.34283447265625,17.75975799560547,76.46961975097656,119.94000244140624,21.541751861572266,18.228443145751953,73.57524108886719,12.65999984741211,14.520000457763672
2013-11-22,145.6979217529297,75.7486801147461,17.677330017089844,76.6883316040039,119.91999816894533,21.609384536743164,18.15325355529785,73.5592041015625,12.260000228881836,14.149999618530273
2013-11-25,145.5529327392578,75.9290542602539,17.681671142578125,76.74870300292969,120.45999908447266,21.58402442932129,18.178316116333008,73.5592041015625,12.789999961853027,14.430000305175781
2013-11-26,145.59317016601562,76.32588958740234,17.75975799560547,76.91464233398438,119.81999969482422,21.5755672454834,18.11983871459961,73.5592041015625,12.8100004196167,14.550000190734863
2013-11-27,145.94776916503906,76.85798645019531,17.85085105895996,76.74116516113281,119.45999908447266,21.5755672454834,18.14490127563477,73.57524108886719,12.979999542236328,14.600000381469727
2013-11-29,145.85110473632812,77.31795501708984,17.863866806030273,76.6959228515625,120.6999969482422,21.56711196899414,18.12819480895996,73.54309844970703,13.699999809265137,15.029999732971191
2013-12-02,145.47239685058594,77.09247589111328,17.794458389282227,76.36654663085938,117.58000183105467,21.541751861572266,18.186668395996097,73.5592041015625,14.229999542236328,15.1899995803833
2013-12-03,144.84384155273438,77.02934265136719,17.859525680541992,76.50249481201172,117.95999908447266,21.66856575012207,18.12819480895996,73.57524108886719,14.550000190734863,15.489999771118164
2013-12-04,144.82769775390625,77.10150146484375,17.798795700073242,76.15501403808594,119.95999908447266,21.710838317871097,18.11983871459961,73.57524108886719,14.699999809265137,15.569999694824219
2013-12-05,144.19114685058594,77.00228118896484,17.855188369750977,75.96620178222656,118.3000030517578,21.685474395751953,18.027942657470703,73.57524108886719,15.079999923706055,15.779999732971191
2013-12-06,145.80270385742188,77.56144714355469,18.06341552734375,76.03410339355469,118.5500030517578,21.761564254760746,18.027942657470703,73.57524108886719,13.789999961853027,14.949999809265137
2013-12-09,146.1734161376953,77.87711334228516,18.145835876464844,76.12478637695312,119.72000122070312,21.685474395751953,18.0112361907959,73.57524108886719,13.489999771118164,14.930000305175781
2013-12-10,145.6496124267578,77.82301330566406,18.076427459716797,76.44207000732422,121.81999969482422,21.753108978271484,17.961111068725586,73.5592041015625,13.90999984741211,15.220000267028809
2013-12-11,144.01388549804688,76.82190704345703,17.954965591430664,76.14749145507812,120.86000061035156,21.753108978271484,17.9527587890625,73.57524108886719,15.420000076293945,15.989999771118164
2013-12-12,143.53842163085938,76.62349700927734,17.75975799560547,75.92839813232422,118.29000091552734,21.55020523071289,18.019590377807617,73.57524108886719,15.539999961853027,16.1200008392334
2013-12-13,143.5222625732422,76.52430725097656,17.729389190673828,76.04170989990234,119.37999725341795,21.465660095214844,18.027942657470703,73.57524108886719,15.760000228881836,16.270000457763672
2013-12-16,144.41676330566406,76.9482192993164,17.829158782958984,76.00394439697266,119.69000244140624,21.533294677734375,17.994529724121094,73.5592041015625,16.030000686645508,16.389999389648438
2013-12-17,143.9574432373047,76.79485321044922,17.976655960083008,76.24567413330078,118.6500015258789,21.43184471130371,17.994529724121094,73.5592041015625,16.209999084472656,16.5
2013-12-18,146.4151153564453,77.68772888183594,18.154510498046875,75.95858764648438,117.61000061035156,21.4741153717041,18.06971549987793,73.57524108886719,13.800000190734863,14.989999771118164
2013-12-19,146.24594116210938,77.47128295898438,18.10679817199707,75.64132690429688,114.81999969482422,21.52484130859375,18.11148452758789,73.57524108886719,14.149999618530273,15.279999732971191
2013-12-20,147.0966033935547,78.26020812988281,18.24127197265625,75.87553405761719,115.94000244140624,21.693927764892575,18.094776153564453,73.5592041015625,13.789999961853027,15.010000228881836
2013-12-23,147.88247680664062,79.08354187011719,18.39948844909668,75.63380432128906,115.56999969482422,21.693927764892575,18.061363220214844,73.5592041015625,13.039999961853027,14.520000457763672
2013-12-24,148.20655822753906,79.11970520019531,18.44796371459961,75.33915710449219,116.0999984741211,21.761564254760746,18.078067779541016,73.5592041015625,12.479999542236328,14.239999771118164
2013-12-26,148.9600372314453,79.3820571899414,18.52288246154785,75.27407836914062,116.73999786376952,21.79538345336914,18.06971549987793,73.5592041015625,12.329999923706055,14.029999732971191
2013-12-27,148.95193481445312,79.18305206298828,18.52288246154785,75.22869110107422,117.12000274658205,21.85456085205078,18.036298751831055,73.57524108886719,12.460000038146973,13.979999542236328
2013-12-30,148.92764282226562,79.06543731689453,18.615434646606445,75.4330062866211,115.38999938964844,21.727745056152344,17.9527587890625,73.57524108886719,13.5600004196167,14.770000457763672
2013-12-31,149.63250732421875,79.58110046386719,18.69916725158691,75.09251403808594,116.12000274658205,21.693927764892575,17.97782325744629,73.54309844970703,13.720000267028809,14.770000457763672
2014-01-02,148.19850158691406,78.95687866210938,18.5052547454834,75.3875732421875,118.0,21.38111686706543,18.086423873901367,73.54309844970703,14.229999542236328,15.260000228881836
2014-01-03,148.1741485595703,78.38687133789062,18.44796371459961,75.34219360351562,119.29000091552734,21.245845794677734,18.161609649658203,73.5592041015625,13.760000228881836,15.09000015258789
2014-01-06,147.7447509765625,78.09734344482422,18.3289737701416,75.5540771484375,119.5,21.271211624145508,18.11148452758789,73.54309844970703,13.550000190734863,14.819999694824219
2014-01-07,148.6521759033203,78.82117462158203,18.390674591064453,75.67514038085938,118.81999969482422,21.254302978515625,18.161609649658203,73.5592041015625,12.920000076293945,14.40999984741211
2014-01-08,148.6846160888672,78.9930419921875,18.588991165161133,75.3043212890625,118.12000274658205,21.0513973236084,18.19502639770508,73.5592041015625,12.869999885559082,14.289999961853027
2014-01-09,148.78179931640625,78.73067474365234,18.425931930541992,75.5010986328125,118.45999908447266,20.882308959960938,18.178316116333008,73.54309844970703,12.890000343322754,14.289999961853027
2014-01-10,149.1868438720703,78.9840087890625,18.50084686279297,76.13670349121094,120.26000213623048,21.017580032348633,18.103130340576172,73.5592041015625,12.140000343322754,13.9399995803833
2014-01-13,147.20196533203125,77.81690216064453,18.315753936767575,76.35610961914062,121.0199966430664,21.009124755859375,18.061363220214844,73.5592041015625,13.279999732971191,14.979999542236328
2014-01-14,148.8061065673828,79.30067443847656,18.804935455322266,76.06863403320312,119.88999938964844,21.009124755859375,18.094776153564453,73.5592041015625,12.279999732971191,14.489999771118164
2014-01-15,149.6082000732422,79.95207977294922,18.928333282470703,76.00049591064453,119.66000366210938,21.068302154541016,18.178316116333008,73.5592041015625,12.279999732971191,14.460000038146973
2014-01-16,149.4137420654297,79.96112060546875,18.86663818359375,76.21239471435547,119.79000091552734,21.034486770629883,18.161609649658203,73.5592041015625,12.529999732971191,14.6899995803833
2014-01-17,148.78179931640625,79.50875091552734,18.637470245361328,76.39398956298828,120.93000030517578,21.059850692749023,18.228443145751953,73.54309844970703,12.4399995803833,14.630000114440918
2014-01-21,149.2193145751953,80.11494445800781,18.721202850341797,76.31077575683594,119.6999969482422,21.110576629638672,18.19502639770508,73.5592041015625,12.869999885559082,14.619999885559082
2014-01-22,149.3164825439453,80.32303619384766,18.93274307250977,76.09886932373047,119.19000244140624,21.21202850341797,18.2200870513916,73.5592041015625,12.84000015258789,14.470000267028809
2014-01-23,148.0930938720703,80.05160522460938,18.69035530090332,76.6134033203125,121.79000091552734,21.195117950439453,18.036298751831055,73.5592041015625,13.770000457763672,14.979999542236328
2014-01-24,144.93344116210938,78.47734069824219,18.337791442871097,76.92364501953125,122.29000091552734,21.20357322692871,18.061363220214844,73.54309844970703,18.139999389648438,17.399999618530273
2014-01-27,144.22052001953125,77.71735382080078,18.174726486206055,76.68905639648438,120.95999908447266,21.059850692749023,18.061363220214844,73.54309844970703,17.420000076293945,17.1299991607666
2014-01-28,145.0792694091797,77.67211151123047,18.258460998535156,76.8025894165039,120.9499969482422,21.161306381225582,18.06971549987793,73.54309844970703,15.800000190734863,16.200000762939453
2014-01-29,143.68580627441406,76.83973693847656,18.14387321472168,77.1657485961914,122.47000122070312,21.14439392089844,18.06971549987793,73.5592041015625,17.350000381469727,17.239999771118164
2014-01-30,145.20892333984375,78.26020812988281,18.293716430664062,77.09011840820312,119.7699966430664,21.059850692749023,18.186668395996097,73.5592041015625,17.290000915527344,17.3700008392334
2014-01-31,144.35818481445312,78.0521240234375,18.14387321472168,77.39278411865234,120.08999633789062,21.034486770629883,18.23679542541504,73.54309844970703,18.40999984741211,18.09000015258789
2014-02-03,141.10940551757812,76.26071166992188,17.83097267150879,77.81346893310547,121.31999969482422,21.034486770629883,18.178316116333008,73.54309844970703,21.440000534057617,20.139999389648438
2014-02-04,142.09780883789062,76.8216552734375,17.764867782592773,77.5784683227539,120.98999786376952,21.195117950439453,18.19502639770508,73.5592041015625,19.110000610351562,19.079999923706055
2014-02-05,141.91957092285156,76.62260437011719,17.760459899902344,77.29802703857422,121.29000091552734,21.237394332885746,18.16996192932129,73.54309844970703,19.950000762939453,19.670000076293945
2014-02-06,143.7910919189453,77.59974670410156,18.02488899230957,77.15402221679688,121.23999786376952,21.32193374633789,18.14490127563477,73.54309844970703,17.229999542236328,17.790000915527344
2014-02-07,145.57351684570312,78.9840087890625,18.267276763916016,77.35867309570312,122.16999816894533,21.56711196899414,18.086423873901367,73.5592041015625,15.289999961853027,16.34000015258789
2014-02-10,145.8408203125,79.4363784790039,18.368637084960938,77.39651489257812,122.91999816894533,21.448753356933594,18.06971549987793,73.54309844970703,15.260000228881836,16.31999969482422
2014-02-11,147.4369354248047,80.34112548828125,18.59339904785156,77.0555191040039,124.36000061035156,21.558658599853516,18.06971549987793,73.54309844970703,14.510000228881836,15.75
2014-02-12,147.5098419189453,80.49491882324219,18.69476318359375,76.87358856201172,124.43000030517578,21.600929260253903,18.086423873901367,73.5592041015625,14.300000190734863,15.649999618530273
2014-02-13,148.27137756347656,81.09208679199219,18.893077850341797,77.2374038696289,125.48999786376952,21.71929359436035,17.986175537109375,73.5592041015625,14.140000343322754,15.5
2014-02-14,149.08970642089844,81.25487518310547,19.034099578857425,77.18433380126953,127.1500015258789,21.79538345336914,17.9527587890625,73.5592041015625,13.569999694824219,15.170000076293945
2014-02-18,149.26791381835938,81.65301513671875,19.07377052307129,77.373779296875,127.4000015258789,22.108190536499023,17.919343948364258,73.54309844970703,13.869999885559082,15.220000267028809
2014-02-19,148.27947998046875,81.09208679199219,19.02969741821289,77.22224426269531,126.2699966430664,22.16737365722656,17.969467163085938,73.5592041015625,15.5,16.290000915527344
2014-02-20,149.15455627441406,81.47203826904297,19.157501220703125,77.13887023925781,127.5999984741211,22.209644317626953,17.994529724121094,73.5592041015625,14.789999961853027,15.720000267028809
2014-02-21,148.98439025878906,81.36346435546875,19.051734924316406,77.2374038696289,127.58000183105467,22.150466918945312,17.97782325744629,73.54309844970703,14.680000305175781,15.640000343322754
2014-02-24,149.81072998046875,81.79773712158203,19.16631507873535,77.16157531738281,128.99000549316406,22.24346351623535,17.969467163085938,73.5592041015625,14.229999542236328,15.5
2014-02-25,149.7540283203125,81.70728302001953,19.060544967651367,77.42694091796875,129.2100067138672,22.142011642456055,17.944406509399414,73.5592041015625,13.670000076293945,15.5
2014-02-26,149.76210021972656,81.63490295410156,19.214794158935547,77.65425109863281,128.11000061035156,22.08283042907715,18.0112361907959,73.5592041015625,14.350000381469727,15.90999984741211
2014-02-27,150.54800415039062,82.16458129882812,19.223609924316406,77.74520874023438,128.1999969482422,22.01519775390625,17.97782325744629,73.54309844970703,14.039999961853027,15.630000114440918
2014-02-28,150.92877197265625,82.0737075805664,19.236827850341797,77.66941833496094,127.62000274658205,22.09128189086914,17.860864639282227,73.5592041015625,14.0,15.800000190734863
2014-03-03,149.86744689941406,81.46500396728516,19.113433837890625,78.05364227294922,130.2899932861328,22.39564323425293,17.92769432067871,73.5592041015625,16.0,16.920000076293945
2014-03-04,151.9739227294922,82.50067901611328,19.36463165283203,77.45381927490234,128.67999267578125,22.31109619140625,17.944406509399414,73.54309844970703,14.100000381469727,15.6899995803833
2014-03-05,152.1117401123047,82.72779846191406,19.38667106628418,77.53731536865234,128.88999938964844,22.125102996826172,17.936050415039062,73.5592041015625,13.890000343322754,15.770000457763672
2014-03-06,152.46005249023438,82.65516662597656,19.59380149841309,77.20330047607422,130.1699981689453,22.32800674438477,17.835803985595703,73.5592041015625,14.210000038146973,15.829999923706055
2014-03-07,152.52481079101562,82.24629211425781,19.59380149841309,76.86927032470703,129.08999633789062,22.22655487060547,17.852510452270508,73.54309844970703,14.109999656677246,15.869999885559082
2014-03-10,152.44381713867188,82.3189926147461,19.59380149841309,76.9527359008789,129.1300048828125,22.04055976867676,17.860864639282227,73.54309844970703,14.199999809265137,15.970000267028809
2014-03-11,151.6903533935547,81.96466827392578,19.452777862548828,77.02864074707031,129.86000061035156,22.049015045166016,17.860864639282227,73.54309844970703,14.800000190734863,16.350000381469727
2014-03-12,151.7308807373047,82.27357482910156,19.66872215270996,77.33235168457031,131.75999450683594,21.989831924438477,17.810741424560547,73.54309844970703,14.470000267028809,16.079999923706055
2014-03-13,150.02947998046875,81.11067962646484,19.399890899658203,77.78790283203125,132.2100067138672,21.888378143310547,17.819093704223633,73.54309844970703,16.219999313354492,17.1299991607666
2014-03-14,149.6082000732422,80.55650329589844,19.241233825683594,77.79544830322266,133.10000610351562,22.006742477416992,17.77732276916504,73.54309844970703,17.81999969482422,17.93000030517578
2014-03-17,150.96124267578125,81.26514434814453,19.452777862548828,77.48420715332031,131.63999938964844,21.761564254760746,17.760618209838867,73.54309844970703,15.640000343322754,16.690000534057617
2014-03-18,152.03878784179688,82.24629211425781,19.681943893432617,77.67396545410156,130.6199951171875,21.871471405029297,17.768970489501953,73.54309844970703,14.520000457763672,16.15999984741211
2014-03-19,151.2285614013672,81.80116271972656,19.65990447998047,76.9527359008789,128.08999633789062,21.863018035888672,17.902633666992188,73.5592041015625,15.119999885559082,16.31999969482422
2014-03-20,152.1117401123047,82.0282974243164,19.990434646606445,76.9679183959961,127.86000061035156,21.761564254760746,17.961111068725586,73.54309844970703,14.520000457763672,15.859999656677246
2014-03-21,151.52169799804688,81.04118347167969,19.78330421447754,77.11222839355469,128.47000122070312,21.778472900390625,17.936050415039062,73.5592041015625,15.0,16.18000030517578
2014-03-24,150.8950958251953,80.33097839355469,19.717199325561523,77.14253997802734,126.18000030517578,21.770017623901367,17.885927200317383,73.5592041015625,15.09000015258789,16.100000381469727
2014-03-25,151.61117553710938,80.59505462646484,19.928739547729492,77.09700012207031,126.41000366210938,21.913742065429688,17.8942813873291,73.5592041015625,14.020000457763672,15.529999732971191
2014-03-26,150.5208282470703,79.5569839477539,19.726011276245117,77.42346954345703,125.41000366210938,21.89683723449707,17.8942813873291,73.54309844970703,14.930000305175781,16.079999923706055
2014-03-27,150.20338439941406,79.11079406738281,19.615835189819336,77.49935913085938,124.58999633789062,22.09128189086914,17.944406509399414,73.54309844970703,14.619999885559082,15.869999885559082
2014-03-28,150.9438934326172,79.26561737060547,19.76127243041992,77.22607421875,124.55999755859376,22.0997371673584,17.944406509399414,73.54309844970703,14.40999984741211,15.460000038146973
2014-03-31,152.18080139160156,79.83014678955078,20.10061264038086,77.2336654663086,123.61000061035156,22.08283042907715,17.92769432067871,73.54309844970703,13.880000114440918,15.079999923706055
2014-04-01,153.18984985351562,81.23246765136719,20.40029525756836,77.07388305664062,123.38999938964844,21.81229019165039,17.92769432067871,73.54309844970703,13.100000381469727,14.399999618530273
2014-04-02,153.70254516601562,81.44188690185547,20.29892921447754,76.7392578125,124.31999969482422,21.761564254760746,17.961111068725586,73.54309844970703,13.09000015258789,14.449999809265137
2014-04-03,153.49911499023438,80.79535675048828,20.35181427001953,76.79251098632812,123.91999816894533,21.93910789489746,18.0112361907959,73.5592041015625,13.369999885559082,14.5
2014-04-04,151.6844024658203,78.64639282226562,19.849411010742188,77.26409149169922,125.56999969482422,22.04055976867676,17.994529724121094,73.54309844970703,13.960000038146973,14.960000038146973
2014-04-07,150.00808715820312,77.89971160888672,19.739233016967773,77.44664764404297,124.91000366210938,21.989831924438477,17.9527587890625,73.54309844970703,15.569999694824219,15.899999618530273
2014-04-08,150.62657165527344,78.61910247802734,20.02128219604492,77.55315399169922,126.08999633789062,22.24346351623535,17.835803985595703,73.54309844970703,14.890000343322754,15.529999732971191
2014-04-09,152.24591064453125,79.96671295166016,20.259265899658203,77.53031921386719,126.31999969482422,22.302642822265625,17.768970489501953,73.54309844970703,13.819999694824219,14.829999923706055
2014-04-10,149.04786682128906,77.48995208740234,19.651094436645508,77.85738372802734,127.01000213623048,22.31109619140625,17.760618209838867,73.54309844970703,15.890000343322754,16.06999969482422
2014-04-11,147.70510864257812,76.58848571777344,19.369041442871097,78.01712036132812,126.93000030517578,22.209644317626953,17.768970489501953,73.54309844970703,17.030000686645508,16.790000915527344
2014-04-14,148.86888122558594,77.18949890136719,19.540916442871097,77.89541625976562,127.8499984741211,22.412551879882812,17.819093704223633,73.54309844970703,16.110000610351562,16.3700008392334
2014-04-15,149.8941650390625,77.44444274902344,19.677534103393555,77.98665618896484,125.48999786376952,22.429460525512695,17.835803985595703,73.54309844970703,15.609999656677246,15.989999771118164
2014-04-16,151.4647216796875,78.47338104248047,19.633466720581055,77.86495971679688,125.54000091552734,22.47173309326172,17.852510452270508,73.54309844970703,14.180000305175781,15.229999542236328
2014-04-17,151.67633056640625,78.49158477783203,19.875852584838867,77.42383575439453,124.75,22.522457122802734,17.852510452270508,73.5592041015625,13.359999656677246,14.84000015258789
2014-04-21,152.2052459716797,79.07437133789062,19.98602867126465,77.40861511230469,124.23999786376952,22.446365356445312,17.869216918945312,73.54309844970703,13.25,14.75
2014-04-22,152.89695739746094,79.70267486572266,20.127058029174805,77.37818908691406,123.77999877929688,22.437915802001953,17.852510452270508,73.52705383300781,13.1899995803833,14.609999656677246
2014-04-23,152.53883361816406,79.00149536132812,20.06094741821289,77.57593536376953,123.76000213623048,22.42100524902344,17.852510452270508,73.54309844970703,13.270000457763672,14.829999923706055
2014-04-24,152.84808349609375,79.75733184814453,20.210790634155273,77.55315399169922,124.55999755859376,22.556276321411133,17.827449798583984,73.54309844970703,13.319999694824219,14.770000457763672
2014-04-25,151.59490966796875,78.48250579833984,19.571765899658203,77.65962982177734,125.43000030517578,22.463274002075195,17.827449798583984,73.54309844970703,14.0600004196167,15.180000305175781
2014-04-28,152.07504272460938,78.73746490478516,19.51888084411621,77.5455093383789,124.87999725341795,22.387184143066406,17.810741424560547,73.54309844970703,13.970000267028809,14.930000305175781
2014-04-29,152.78298950195312,79.36576080322266,19.602615356445312,77.61399841308594,124.86000061035156,22.446365356445312,17.827449798583984,73.54309844970703,13.710000038146973,14.829999923706055
2014-04-30,153.2387237548828,79.57516479492188,19.68634796142578,77.81932830810547,124.22000122070312,22.32800674438477,17.77732276916504,73.54309844970703,13.40999984741211,14.699999809265137
2014-05-01,153.25497436523438,79.81195068359375,19.540916442871097,78.04338836669922,123.8000030517578,22.15892219543457,17.768970489501953,73.52705383300781,13.25,14.670000076293945
2014-05-02,153.0352783203125,79.66624450683594,19.571765899658203,78.15774536132812,125.05999755859376,22.218101501464844,17.768970489501953,73.54309844970703,12.90999984741211,14.680000305175781
2014-05-05,153.32823181152344,80.0851058959961,19.576168060302734,78.11197662353516,126.22000122070312,22.16737365722656,17.760618209838867,73.54309844970703,13.289999961853027,14.75
2014-05-06,151.99366760253906,79.04706573486328,19.54532241821289,78.20342254638672,125.9800033569336,22.184282302856445,17.677078247070312,73.52705383300781,13.800000190734863,15.119999885559082
2014-05-07,152.88882446289062,78.81941986083984,19.620241165161133,78.26441955566406,124.16999816894533,22.24346351623535,17.685428619384766,73.52705383300781,13.399999618530273,14.619999885559082
2014-05-08,152.7260284423828,78.7465591430664,19.748050689697266,78.34821319580078,124.16999816894533,22.175827026367188,17.727203369140625,73.52705383300781,13.430000305175781,14.579999923706055
2014-05-09,152.9539031982422,79.03795623779297,19.65990447998047,78.28724670410156,124.0999984741211,22.065919876098633,17.835803985595703,73.54309844970703,12.920000076293945,14.380000114440918
2014-05-12,154.44308471679688,80.34007263183594,19.98602867126465,78.08150482177734,124.94000244140624,22.11664772033691,17.852510452270508,73.52705383300781,12.229999542236328,13.880000114440918
2014-05-13,154.58143615722656,80.39469909667969,19.840593338012695,78.38630676269531,124.5999984741211,22.218101501464844,17.8942813873291,73.54309844970703,12.130000114440918,14.039999961853027
2014-05-14,153.84896850585938,79.97583770751953,19.677534103393555,78.74449920654297,125.80999755859376,22.319551467895508,17.885927200317383,73.54309844970703,12.170000076293945,14.180000305175781
2014-05-15,152.49818420410156,79.3475570678711,19.483623504638672,79.02648162841797,124.7699966430664,22.184282302856445,17.869216918945312,73.54309844970703,13.170000076293945,14.859999656677246
2014-05-16,153.027099609375,79.86659240722656,19.637866973876953,78.8587875366211,124.5,22.209644317626953,17.869216918945312,73.54309844970703,12.4399995803833,14.329999923706055
2014-05-19,153.5886688232422,80.4220199584961,19.809749603271484,78.75971984863281,124.58000183105467,22.19273567199707,17.869216918945312,73.54309844970703,12.420000076293945,14.109999656677246
2014-05-20,152.6202392578125,80.13066864013672,19.712793350219727,78.98833465576172,124.69000244140624,22.235008239746097,17.87757110595703,73.54309844970703,12.960000038146973,14.40999984741211
2014-05-21,153.90599060058594,80.8955307006836,19.82737922668457,78.86640930175781,124.38999938964844,22.277280807495117,17.87757110595703,73.52705383300781,11.90999984741211,13.869999885559082
2014-05-22,154.28036499023438,81.25061798095703,19.89788818359375,78.78262329101562,124.66999816894533,22.294191360473633,17.91098976135254,73.52705383300781,12.029999732971191,13.829999923706055
2014-05-23,154.8987579345703,81.842529296875,20.052135467529297,78.94265747070312,124.51000213623048,22.34491539001465,17.944406509399414,73.54309844970703,11.359999656677246,13.619999885559082
2014-05-27,155.85086059570312,82.86236572265625,20.338594436645508,78.96552276611328,121.8499984741211,22.15892219543457,17.936050415039062,73.52705383300781,11.510000228881836,13.640000343322754
2014-05-28,155.73696899414062,82.60740661621094,20.36944580078125,79.39986419677734,121.1999969482422,22.16737365722656,17.986175537109375,73.54309844970703,11.680000305175781,13.770000457763672
2014-05-29,156.54257202148438,83.13553619384766,20.37384796142578,79.30081176757812,120.94000244140624,22.175827026367188,17.97782325744629,73.52705383300781,11.569999694824219,13.710000038146973
2014-05-30,156.79486083984375,83.1446304321289,20.42232894897461,79.23983764648438,120.43000030517578,22.006742477416992,17.936050415039062,73.54309844970703,11.399999618530273,13.75
2014-06-02,156.9738311767578,83.06269073486328,20.536911010742188,78.87725830078125,119.6999969482422,21.98137855529785,18.00288200378418,73.52705383300781,11.579999923706055,13.880000114440918
2014-06-03,156.89248657226562,83.0262451171875,20.79252243041992,78.48030090332031,120.01000213623048,21.964466094970703,17.986175537109375,73.52705383300781,11.869999885559082,13.819999694824219
2014-06-04,157.2098388671875,83.33586883544922,20.85862922668457,78.41925048828125,119.76000213623048,21.905288696289062,18.00288200378418,73.52705383300781,12.079999923706055,13.770000457763672
2014-06-05,158.23512268066406,84.03701782226562,20.94236183166504,78.53368377685547,120.66000366210938,21.93065071105957,17.92769432067871,73.52705383300781,11.680000305175781,13.579999923706055
2014-06-06,158.99195861816406,84.51964569091797,21.05253791809082,78.47262573242188,120.61000061035156,22.02364921569824,17.936050415039062,73.52705383300781,10.729999542236328,12.829999923706055
2014-06-09,159.1547088623047,84.45588684082031,21.096609115600582,78.35816955566406,120.6500015258789,22.11664772033691,18.00288200378418,73.54309844970703,11.149999618530273,13.020000457763672
2014-06-10,159.1709747314453,84.60157775878906,21.202383041381836,78.22079467773438,121.38999938964844,22.057466506958008,18.036298751831055,73.54309844970703,10.989999771118164,13.010000228881836
2014-06-11,158.61767578125,84.58334350585938,21.237634658813477,78.32764434814453,121.41000366210938,21.9982852935791,18.036298751831055,73.52705383300781,11.600000381469727,13.289999961853027
2014-06-12,157.49464416503906,83.81848907470703,21.18915748596191,78.63301086425781,122.63999938964844,22.31109619140625,17.994529724121094,73.54309844970703,12.5600004196167,14.109999656677246
2014-06-13,157.97474670410156,84.06436157226562,21.532909393310547,78.48030090332031,122.95999908447266,22.31109619140625,17.994529724121094,73.52705383300781,12.180000305175781,13.789999961853027
2014-06-16,158.10491943359375,84.13717651367188,21.621049880981445,78.48030090332031,122.41999816894533,22.378732681274418,17.944406509399414,73.54309844970703,12.649999618530273,13.970000267028809
2014-06-17,158.54441833496094,84.18273162841797,21.71359634399414,78.15201568603516,122.27999877929688,22.404096603393555,17.994529724121094,73.52705383300781,12.0600004196167,13.65999984741211
2014-06-18,159.70803833007812,84.65620422363281,21.673933029174805,78.56426239013672,122.66999816894533,22.497093200683594,17.936050415039062,73.54309844970703,10.609999656677246,12.619999885559082
2014-06-19,159.88710021972656,84.60157775878906,21.753259658813477,78.36581420898438,126.94000244140624,22.716907501220703,17.902633666992188,73.54309844970703,10.619999885559082,12.699999809265137
2014-06-20,160.211669921875,84.70108032226562,21.753259658813477,78.45735931396484,126.5,22.759180068969727,17.91098976135254,73.54309844970703,10.850000381469727,12.869999885559082
2014-06-23,160.16265869140625,84.71934509277344,21.68274688720703,78.40393829345703,126.8499984741211,22.674636840820312,17.87757110595703,73.54309844970703,10.979999542236328,12.920000076293945
2014-06-24,159.19781494140625,84.63717651367188,21.541723251342773,78.72457885742188,126.9800033569336,22.70845413208008,17.8942813873291,73.54309844970703,12.130000114440918,13.380000114440918
2014-06-25,159.91732788085938,85.17585754394531,21.68715476989746,78.8009033203125,126.98999786376952,22.742271423339844,17.87757110595703,73.52705383300781,11.59000015258789,13.109999656677246
2014-06-26,159.8029022216797,85.22151947021484,21.581388473510746,79.00701141357422,126.7300033569336,22.649274826049805,17.885927200317383,73.52705383300781,11.630000114440918,13.069999694824219
2014-06-27,160.1136016845703,85.5958480834961,21.65189743041992,79.00701141357422,126.66000366210938,22.60700035095215,17.827449798583984,73.54309844970703,11.260000228881836,12.819999694824219
2014-06-30,160.03179931640625,85.74190521240234,21.810556411743164,79.06810760498047,128.0399932861328,22.47173309326172,17.760618209838867,73.52705383300781,11.569999694824219,13.010000228881836
2014-07-01,161.10293579101562,86.682373046875,22.163116455078125,78.80960083007812,127.6999969482422,22.404096603393555,17.768970489501953,73.54309844970703,11.149999618530273,12.739999771118164
2014-07-02,161.2665557861328,86.82843017578125,22.229225158691406,78.4884033203125,127.6999969482422,22.361825942993164,17.80238914489746,73.54309844970703,10.819999694824219,12.489999771118164
2014-07-03,162.05955505371094,87.37623596191406,22.445173263549805,78.3277587890625,127.16000366210938,22.319551467895508,17.869216918945312,73.52705383300781,10.319999694824219,12.239999771118164
2014-07-07,161.49539184570312,87.11146545410156,22.27770233154297,78.51898193359375,127.0199966430664,22.142011642456055,17.87757110595703,73.54309844970703,11.329999923706055,12.869999885559082
2014-07-08,160.45700073242188,86.06147766113281,22.167526245117188,78.87844848632812,127.06999969482422,22.08283042907715,17.869216918945312,73.54309844970703,11.979999542236328,13.210000038146973
2014-07-09,161.176513671875,86.70059204101562,22.238040924072266,78.89372253417969,127.83999633789062,21.93065071105957,17.827449798583984,73.52705383300781,11.649999618530273,12.989999771118164
2014-07-10,160.5387420654297,86.42671966552734,22.251264572143555,79.06199645996094,128.5399932861328,21.964466094970703,17.852510452270508,73.52705383300781,12.59000015258789,13.649999618530273
2014-07-11,160.75953674316406,86.98361206054688,22.202781677246097,79.19200897216797,128.77999877929688,21.770017623901367,17.860864639282227,73.52705383300781,12.079999923706055,13.279999732971191
2014-07-14,161.5690155029297,87.50405883789062,22.334991455078125,79.01605224609375,125.72000122070312,21.85456085205078,17.852510452270508,73.52705383300781,11.819999694824219,12.930000305175781
2014-07-15,161.2665557861328,87.20277404785156,22.28211212158203,78.94725036621094,124.52999877929688,21.651657104492188,17.91098976135254,73.52705383300781,11.960000038146973,13.15999984741211
2014-07-16,161.86341857910156,87.54972076416016,22.52890396118164,79.06199645996094,124.97000122070312,21.685474395751953,17.9527587890625,73.52705383300781,11.0,12.630000114440918
2014-07-17,160.0236358642578,86.39018249511719,21.973613739013672,79.5208511352539,127.08999633789062,21.73619842529297,17.944406509399414,73.52705383300781,14.539999961853027,14.970000267028809
2014-07-18,161.658935546875,87.7597427368164,22.233633041381836,79.36019134521484,126.12999725341795,21.59247779846191,17.944406509399414,73.51097106933594,12.0600004196167,13.359999656677246
2014-07-21,161.35643005371094,87.65016174316406,22.321773529052734,79.3831558227539,126.33999633789062,21.693927764892575,17.936050415039062,73.52705383300781,12.8100004196167,13.800000190734863
2014-07-22,162.05955505371094,88.20709991455078,22.533313751220703,79.48257446289062,125.73999786376952,21.600929260253903,17.994529724121094,73.51097106933594,12.239999771118164,13.5
2014-07-23,162.41941833496094,88.77313232421875,22.066162109375,79.47489166259766,125.62000274658205,21.660112380981445,18.00288200378418,73.52705383300781,11.520000457763672,13.380000114440918
2014-07-24,162.42752075195312,88.6727066040039,22.044124603271484,79.15373992919922,124.3499984741211,21.634748458862305,18.027942657470703,73.52705383300781,11.84000015258789,13.449999809265137
2014-07-25,161.66709899902344,88.3258056640625,21.629865646362305,79.45966339111328,125.79000091552734,21.71929359436035,18.061363220214844,73.52705383300781,12.6899995803833,14.0
2014-07-28,161.73255920410156,88.35318756103516,21.621049880981445,79.367919921875,125.58000183105467,21.677019119262695,18.061363220214844,73.52705383300781,12.5600004196167,13.920000076293945
2014-07-29,161.03750610351562,88.19795227050781,21.612232208251953,79.47489166259766,125.1999969482422,21.609384536743164,18.094776153564453,73.52705383300781,13.279999732971191,14.220000267028809
2014-07-30,161.06207275390625,88.544921875,21.90310287475586,78.91663360595703,124.83000183105467,21.516387939453125,18.136547088623047,73.52705383300781,13.329999923706055,14.260000228881836
2014-07-31,157.88143920898438,86.75538635253906,21.48883628845215,78.89372253417969,123.38999938964844,21.40648078918457,18.161609649658203,73.51097106933594,16.950000762939453,16.3799991607666
2014-08-01,157.3989715576172,86.43582916259766,21.56376075744629,79.35807037353516,124.37999725341795,21.237394332885746,18.136547088623047,73.52705383300781,17.030000686645508,16.780000686645508
2014-08-04,158.5355224609375,87.029296875,21.65630531311035,79.40403747558594,123.98999786376952,21.398025512695312,18.12819480895996,73.52705383300781,15.119999885559082,15.8100004196167
2014-08-05,156.99827575683594,86.36279296875,21.299335479736328,79.4422836303711,123.87000274658205,21.296573638916016,18.16996192932129,73.51097106933594,16.8700008392334,17.139999389648438
2014-08-06,157.04733276367188,86.29888916015625,21.418325424194336,79.5113296508789,125.66999816894533,21.43184471130371,18.14490127563477,73.51097106933594,16.3700008392334,16.93000030517578
2014-08-07,156.19703674316406,86.02495574951172,21.180347442626953,79.87141418457031,126.18000030517578,21.4741153717041,18.16996192932129,73.52705383300781,16.65999984741211,17.219999313354492
2014-08-08,158.0040740966797,86.6458511352539,21.34340476989746,79.80244445800781,126.19000244140624,21.372663497924805,18.12819480895996,73.51097106933594,15.770000457763672,16.690000534057617
2014-08-11,158.4619598388672,87.1571273803711,21.56376075744629,79.76416778564453,125.95999908447266,21.40648078918457,18.136547088623047,73.51097106933594,14.229999542236328,15.760000228881836
2014-08-12,158.24114990234375,87.1205825805664,21.546131134033203,79.64917755126953,125.98999786376952,21.271211624145508,18.15325355529785,73.51097106933594,14.130000114440918,15.699999809265137
2014-08-13,159.31231689453125,88.04275512695312,21.810556411743164,79.90977478027344,126.1999969482422,21.254302978515625,18.16996192932129,73.52705383300781,12.899999618530273,14.850000381469727
2014-08-14,160.06451416015625,88.49928283691406,21.88547134399414,80.07061004638672,126.30999755859376,21.000669479370117,18.161609649658203,73.51097106933594,12.420000076293945,14.430000305175781
2014-08-15,160.03179931640625,88.92837524414062,22.066162109375,80.39242553710938,125.4800033569336,21.085214614868164,18.12819480895996,73.52705383300781,13.149999618530273,14.420000076293945
2014-08-18,161.37278747558594,89.61314392089844,22.163116455078125,80.13957977294922,124.95999908447266,20.90767288208008,18.161609649658203,73.51097106933594,12.319999694824219,13.90999984741211
2014-08-19,162.21498107910156,90.11531066894533,22.304141998291016,80.05529022216797,124.68000030517578,20.94994354248047,18.228443145751953,73.52705383300781,12.210000038146973,13.789999961853027
2014-08-20,162.64833068847656,90.11531066894533,22.42754364013672,79.81781768798828,124.22000122070312,21.009124755859375,18.311981201171875,73.51097106933594,11.779999732971191,13.760000228881836
2014-08-21,163.12258911132812,90.2978973388672,22.524497985839844,79.98640441894531,122.87999725341795,21.059850692749023,18.28691864013672,73.52705383300781,11.760000228881836,13.529999732971191
2014-08-22,162.86907958984375,90.43484497070312,22.55534553527832,79.99402618408203,123.19000244140624,21.026033401489254,18.328691482543945,73.52705383300781,11.470000267028809,13.510000228881836
2014-08-25,163.6949462890625,90.75443267822266,22.471614837646484,80.05529022216797,122.73999786376952,21.059850692749023,18.378814697265625,73.52705383300781,11.699999809265137,13.569999694824219
2014-08-26,163.80125427246094,90.84571075439452,22.47601890563965,80.04000854492188,123.3499984741211,21.068302154541016,18.395523071289062,73.52705383300781,11.630000114440918,13.710000038146973
2014-08-27,163.73580932617188,90.86400604248048,22.520092010498047,80.26219177246094,123.31999969482422,21.10211944580078,18.353750228881836,73.51097106933594,11.779999732971191,13.920000076293945
2014-08-28,163.64585876464844,90.76355743408205,22.59941673278809,80.36943817138672,124.0,21.11903190612793,18.353750228881836,73.52705383300781,12.050000190734863,14.130000114440918
2014-08-29,164.1119384765625,91.10137939453124,22.77570152282715,80.3771743774414,123.86000061035156,21.161306381225582,18.395523071289062,73.52705383300781,12.09000015258789,14.260000228881836
2014-09-02,164.0301971435547,91.36615753173828,22.77129364013672,79.8636474609375,121.6500015258789,20.856945037841797,18.45400047302246,73.51097106933594,12.25,14.460000038146973
2014-09-03,163.94029235839844,90.82744598388672,22.837400436401367,79.97877502441406,122.1500015258789,20.941490173339844,18.43729019165039,73.52705383300781,12.359999656677246,14.390000343322754
2014-09-04,163.70310974121094,90.7453155517578,22.88587951660156,79.69474792480469,121.4800033569336,20.856945037841797,18.629430770874023,73.51097106933594,12.640000343322754,14.539999961853027
2014-09-05,164.4390106201172,91.20182800292967,22.99605369567871,79.71785736083984,122.05999755859376,20.82312774658203,18.629430770874023,73.52705383300781,12.09000015258789,14.079999923706055
2014-09-08,164.01380920410156,91.3752899169922,23.013681411743164,79.63336944580078,120.7300033569336,20.721677780151367,18.738035202026367,73.51097106933594,12.65999984741211,14.390000343322754
2014-09-09,162.9754180908203,90.61750030517578,22.84180450439453,79.44916534423828,120.87000274658205,20.552589416503903,18.704618453979492,73.51097106933594,13.5,14.84000015258789
2014-09-10,163.58859252929688,91.36615753173828,22.837400436401367,79.24952697753906,120.26000213623048,20.408863067626953,18.738035202026367,73.52705383300781,12.880000114440918,14.630000114440918
2014-09-11,163.7766876220703,91.29312133789062,22.872657775878903,79.14981842041016,119.47000122070312,20.307411193847656,18.75474548339844,73.51097106933594,12.800000190734863,14.680000305175781
2014-09-12,162.82005310058594,90.82744598388672,22.56416130065918,78.85045623779297,118.37999725341795,20.146778106689453,18.738035202026367,73.51097106933594,13.3100004196167,15.039999961853027
2014-09-15,162.69741821289062,89.95095825195312,22.370248794555664,78.99633026123047,118.63999938964844,20.172143936157227,18.738035202026367,73.51097106933594,14.119999885559082,15.579999923706055
2014-09-16,163.92388916015625,90.73614501953124,22.700777053833008,78.97330474853516,118.83000183105467,20.358137130737305,18.704618453979492,73.51097106933594,12.729999542236328,14.850000381469727
2014-09-17,164.1446533203125,90.87312316894533,22.85062026977539,78.77375793457031,117.54000091552734,20.273595809936523,18.82157516479492,73.51097106933594,12.649999618530273,14.619999885559082
2014-09-18,165.01953125,91.55787658691406,23.15911102294922,78.71996307373047,117.77999877929688,20.07914352416992,18.738035202026367,73.52705383300781,12.029999732971191,14.229999542236328
2014-09-19,164.87086486816406,91.50115966796876,22.88587951660156,79.01934814453125,117.08999633789062,20.01996421813965,18.838279724121097,73.52705383300781,12.109999656677246,14.380000114440918
2014-09-22,163.59756469726562,90.6500015258789,22.630266189575195,79.18822479248047,116.8499984741211,19.850873947143555,18.82157516479492,73.52705383300781,13.6899995803833,15.260000228881836
2014-09-23,162.66107177734375,90.40290832519533,22.52890396118164,79.35702514648438,117.5999984741211,19.850873947143555,18.82157516479492,73.52705383300781,14.930000305175781,16.06999969482422
2014-09-24,163.9343719482422,91.37299346923828,22.79333114624023,79.13445281982422,117.0500030517578,19.9354190826416,18.90511703491211,73.52705383300781,13.270000457763672,15.220000267028809
2014-09-25,161.28916931152344,89.45108795166016,22.401100158691406,79.51822662353516,117.38999938964844,19.89314842224121,18.938533782958984,73.52705383300781,15.640000343322754,16.59000015258789
2014-09-26,162.5706787109375,90.40290832519533,22.608232498168945,79.34938049316406,117.05999755859376,19.85932731628418,19.047134399414062,73.52705383300781,14.850000381469727,16.020000457763672
2014-09-29,162.27499389648438,90.283935546875,22.64348793029785,79.6026382446289,117.02999877929688,19.977689743041992,19.030427932739254,73.51097106933594,15.979999542236328,16.81999969482422
2014-09-30,161.84788513183594,90.41207122802734,22.515684127807617,79.53361511230469,116.20999908447266,19.63106155395508,19.105613708496097,73.52705383300781,16.309999465942383,17.079999923706055
2014-10-01,159.6544952392578,88.966064453125,22.02209091186523,80.20181274414062,116.7699966430664,19.56342506408691,19.088903427124023,73.52705383300781,16.709999084472656,17.6200008392334
2014-10-02,159.6790771484375,88.966064453125,21.916322708129883,79.96343231201172,116.73999786376952,19.487335205078125,19.030427932739254,73.52705383300781,16.15999984741211,17.239999771118164
2014-10-03,161.43710327148438,89.84458923339844,22.092605590820312,79.94035339355469,114.61000061035156,19.301342010498047,19.28104591369629,73.49491882324219,14.550000190734863,16.040000915527344
2014-10-06,161.24813842773438,89.65243530273438,21.99124336242676,80.07107543945312,116.02999877929688,19.546520233154297,19.063840866088867,73.49491882324219,15.460000038146973,16.549999237060547
2014-10-07,158.759033203125,88.38031768798828,21.56376075744629,80.54014587402344,116.36000061035156,19.470430374145508,19.030427932739254,73.51097106933594,17.200000762939453,17.68000030517578
2014-10-08,161.53565979003906,90.10089874267578,22.02209091186523,80.82463836669922,117.47000122070312,19.39433860778809,18.94688415527344,73.51097106933594,15.109999656677246,16.280000686645508
2014-10-09,158.33187866210938,88.64572143554688,21.5064640045166,80.68621063232422,117.63999938964844,19.166072845458984,19.00536346435547,73.51097106933594,18.760000228881836,18.09000015258789
2014-10-10,156.52459716796875,86.43094635009766,20.082983016967773,81.00145721435547,117.58999633789062,19.098434448242188,19.097257614135746,73.51097106933594,21.239999771118164,19.93000030517578
2014-10-13,153.953369140625,85.07646942138672,19.796525955200195,81.4244155883789,118.5199966430664,19.098434448242188,18.98865509033203,73.51097106933594,24.639999389648438,22.1200008392334
2014-10-14,154.19166564941406,85.08560943603516,20.219606399536133,81.58590698242188,118.58999633789062,18.810985565185547,19.07219696044922,73.49491882324219,22.790000915527344,21.3700008392334
2014-10-15,153.14834594726562,84.53650665283203,20.21519660949707,82.04725646972656,118.98999786376952,18.57426071166992,18.8716983795166,73.49491882324219,25.270000457763672,22.770000457763672
2014-10-16,153.01690673828125,84.00569915771484,20.45758819580078,81.8243179321289,119.22000122070312,18.76026153564453,18.8716983795166,73.51097106933594,25.200000762939453,22.850000381469727
2014-10-17,154.82412719726562,85.11306762695312,20.67353057861328,81.58590698242188,118.98999786376952,18.827896118164062,18.93017578125,73.51097106933594,21.989999771118164,21.25
2014-10-20,156.3274688720703,86.38521575927734,20.871849060058594,81.70130157470703,119.8000030517578,18.692623138427734,18.863346099853516,73.51097106933594,18.56999969482422,19.670000076293945
2014-10-21,159.42445373535156,88.6549072265625,21.51528549194336,81.47825622558594,120.0199966430664,18.844804763793945,18.963592529296875,73.49491882324219,16.079999923706055,17.8700008392334
2014-10-22,158.2908172607422,88.1972885131836,21.259668350219727,81.45516967773438,119.33999633789062,18.633445739746097,19.047134399414062,73.51097106933594,17.8700008392334,19.059999465942383
2014-10-23,160.13088989257812,89.52434539794922,21.532909393310547,81.11685180664062,118.5199966430664,18.853260040283203,19.063840866088867,73.49491882324219,16.530000686645508,18.219999313354492
2014-10-24,161.3630828857422,90.25646209716795,21.71359634399414,81.18607330322266,118.3499984741211,18.734899520874023,19.030427932739254,73.49491882324219,16.110000610351562,17.920000076293945
2014-10-27,161.1412811279297,90.3205337524414,22.07938766479492,81.27058410644531,118.05999755859376,18.684171676635746,18.980300903320312,73.49491882324219,16.040000915527344,17.860000610351562
2014-10-28,162.98963928222656,91.68417358398438,22.13667869567871,81.07073974609375,118.0999984741211,18.83635139465332,18.94688415527344,73.49491882324219,14.390000343322754,16.459999084472656
2014-10-29,162.7432403564453,91.34555053710938,22.1498966217041,80.80155944824219,116.41000366210938,19.056163787841797,19.088903427124023,73.51097106933594,15.149999618530273,16.889999389648438
2014-10-30,163.7864532470703,91.53773498535156,21.79292678833008,80.88614654541016,115.19000244140624,18.895530700683594,19.139028549194336,73.49491882324219,14.520000457763672,16.739999771118164
2014-10-31,165.65945434570312,92.80072021484376,22.661113739013672,80.7554702758789,112.66000366210938,18.87016487121582,19.289400100708008,73.51097106933594,14.029999732971191,16.510000228881836
2014-11-03,165.7498016357422,93.07525634765624,22.788923263549805,80.72537994384766,112.1500015258789,18.701080322265625,19.38129615783691,73.49491882324219,14.729999542236328,16.809999465942383
2014-11-04,165.1747589111328,92.76409912109376,22.780105590820312,80.71768951416016,112.22000122070312,18.43053817749023,19.3311710357666,73.51097106933594,14.890000343322754,16.93000030517578
2014-11-05,166.2180633544922,92.7732925415039,22.934354782104492,80.74085998535156,109.79000091552734,18.48126792907715,19.42306327819824,73.49491882324219,14.170000076293945,16.56999969482422
2014-11-06,166.8834991455078,93.0661392211914,22.90791130065918,80.49431610107422,109.87999725341795,18.4981746673584,19.556726455688477,73.51097106933594,13.670000076293945,16.260000228881836
2014-11-07,167.03955078125,92.98375701904295,22.731630325317383,81.01040649414062,112.97000122070312,18.582719802856445,19.439773559570312,73.49491882324219,13.119999885559082,15.829999923706055
2014-11-10,167.5652618408203,93.313232421875,22.903507232666016,80.67924499511719,110.45999908447266,18.405179977416992,19.49825096130371,73.51097106933594,12.670000076293945,15.039999961853027
2014-11-11,167.7296142578125,93.6060791015625,22.837400436401367,80.68689727783203,112.04000091552734,18.4981746673584,19.42306327819824,73.51097106933594,12.920000076293945,15.359999656677246
2014-11-12,167.54884338378906,93.7707977294922,22.788923263549805,80.65606689453125,111.5,18.438993453979492,19.489892959594727,73.51097106933594,13.020000457763672,15.739999771118164
2014-11-13,167.73782348632812,94.17350006103516,22.85062026977539,80.78703308105469,111.66999816894533,18.10081672668457,19.47318649291992,73.49491882324219,13.789999961853027,15.890000343322754
2014-11-14,167.77891540527344,94.46636199951172,23.04893684387207,80.95648956298828,114.47000122070312,18.295270919799805,19.42306327819824,73.49491882324219,13.3100004196167,15.960000038146973
2014-11-17,167.8856964111328,94.18267822265624,22.934354782104492,80.86408996582031,114.0500030517578,18.219179153442383,19.52331161499023,73.51097106933594,13.989999771118164,15.930000305175781
2014-11-18,168.8550262451172,94.8873519897461,23.229625701904297,80.95648956298828,115.0500030517578,18.126184463500977,19.43141746520996,73.49491882324219,13.859999656677246,15.699999809265137
2014-11-19,168.583984375,94.45722198486328,23.18996238708496,80.74085998535156,113.68000030517578,18.033184051513672,19.464834213256836,73.49491882324219,13.960000038146973,15.970000267028809
2014-11-20,168.8797607421875,94.87821197509766,23.538122177124023,80.88713836669922,114.86000061035156,18.18536376953125,19.439773559570312,73.49491882324219,13.579999923706055,16.010000228881836
2014-11-21,169.78330993652344,95.06126403808594,23.67474365234375,81.0489501953125,115.38999938964844,18.37981414794922,19.59849548339844,73.49491882324219,12.899999618530273,15.789999961853027
2014-11-24,170.25975036621094,95.80252075195312,23.855430603027344,81.14138793945312,115.11000061035156,18.219179153442383,19.54837417602539,73.51097106933594,12.619999885559082,15.550000190734863
2014-11-25,170.13653564453125,95.94901275634766,23.83780288696289,81.34166717529297,115.37999725341795,18.1346378326416,19.50660514831543,73.51097106933594,12.25,15.40999984741211
2014-11-26,170.5719451904297,96.57130432128906,24.318174362182617,81.4803237915039,115.16000366210938,18.092365264892575,19.4481258392334,73.49491882324219,12.069999694824219,15.319999694824219
2014-11-28,170.2104949951172,97.01976776123048,24.48123550415039,81.79606628417969,112.11000061035156,17.263835906982422,19.606849670410156,73.51097106933594,13.329999923706055,15.930000305175781
2014-12-01,169.02752685546875,95.92151641845705,24.199180603027344,81.59548950195312,116.58000183105467,17.618921279907227,19.51496124267578,73.49491882324219,14.15999984741211,16.65999984741211
2014-12-02,170.12010192871094,96.30591583251952,24.256471633911133,81.23290252685547,115.13999938964844,17.246925354003906,19.673683166503903,73.49491882324219,12.850000381469727,15.960000038146973
2014-12-03,170.7772674560547,96.47980499267578,24.67073631286621,81.26370239257812,116.33000183105467,17.145475387573242,19.732160568237305,73.49491882324219,12.5,15.529999732971191
2014-12-04,170.58831787109375,96.43401336669922,24.705995559692383,81.5492172241211,115.87999725341795,17.09474754333496,19.6569766998291,73.49491882324219,12.380000114440918,15.640000343322754
2014-12-05,170.86764526367188,96.44319915771484,24.913122177124023,81.09395599365234,114.43000030517578,17.052478790283203,19.807348251342773,73.51097106933594,11.890000343322754,15.300000190734863
2014-12-08,169.7257843017578,95.75679779052734,24.573780059814453,81.3640365600586,115.77999877929688,16.756574630737305,19.765579223632812,73.51097106933594,14.210000038146973,16.780000686645508
2014-12-09,169.61077880859375,96.05883026123048,24.529708862304688,81.6649398803711,118.19000244140624,16.874935150146484,19.673683166503903,73.49491882324219,15.350000381469727,17.229999542236328
2014-12-10,166.8916778564453,94.54875183105467,24.15070343017578,82.0353012084961,117.95999908447266,16.61284828186035,19.565080642700195,73.49491882324219,18.530000686645508,19.139999389648438
2014-12-11,167.73782348632812,94.99718475341795,24.252063751220703,81.89643859863281,117.69000244140624,16.460668563842773,19.640268325805664,73.49491882324219,20.079999923706055,20.719999313354492
2014-12-12,165.0269317626953,93.96302795410156,23.890689849853516,82.56770324707031,117.41000366210938,16.32539939880371,19.57343482971191,73.51097106933594,21.079999923706055,21.0
2014-12-15,163.89332580566406,92.99291229248048,23.683555603027344,82.26677703857422,114.38999938964844,16.06331443786621,19.615203857421875,73.47885131835938,20.420000076293945,21.059999465942383
2014-12-16,162.5789337158203,91.50115966796876,23.485239028930664,82.6834716796875,114.9499969482422,15.970316886901855,19.47318649291992,73.47885131835938,23.56999969482422,23.09000015258789
2014-12-17,165.76626586914062,93.1667938232422,23.9523868560791,82.11246490478516,114.2699966430664,16.06331443786621,19.7154541015625,73.47885131835938,19.440000534057617,20.43000030517578
2014-12-18,169.86541748046875,95.40901184082033,24.371057510375977,81.64952850341797,115.1500015258789,16.012588500976562,19.77393341064453,73.49491882324219,16.809999465942383,18.479999542236328
2014-12-19,170.58816528320312,95.82882690429688,24.282913208007812,81.95040130615234,114.7699966430664,16.249309539794922,19.857471466064453,73.47885131835938,16.489999771118164,18.469999313354492
2014-12-22,171.37290954589844,96.06763458251952,24.68504524230957,81.95040130615234,112.5500030517578,15.953407287597656,19.874181747436523,73.47885131835938,15.25,17.59000015258789
2014-12-23,171.60418701171875,95.72776794433594,24.631547927856445,81.27143859863281,112.73999786376952,16.114042282104492,19.974428176879883,73.47885131835938,14.800000190734863,17.940000534057617
2014-12-24,171.6207275390625,95.81044006347656,24.6939640045166,81.33014678955078,112.7699966430664,15.902680397033691,19.949365615844727,73.49491882324219,14.369999885559082,17.260000228881836
2014-12-26,172.17413330078125,96.49021911621094,24.67167091369629,81.4383316040039,114.83000183105467,15.88577651977539,19.957719802856445,73.47885131835938,14.5,17.15999984741211
2014-12-29,172.40545654296875,96.47183227539062,24.604799270629883,81.716552734375,113.66999816894533,15.73359489440918,20.007843017578125,73.47885131835938,15.0600004196167,17.270000457763672
2014-12-30,171.48036193847656,95.82882690429688,24.448760986328125,81.80927276611328,115.1999969482422,15.71668529510498,19.957719802856445,73.47885131835938,15.920000076293945,18.020000457763672
2014-12-31,169.77865600585938,94.84590911865234,24.35068130493164,81.9019546508789,113.58000183105467,15.598323822021484,20.02455139160156,73.49491882324219,19.200000762939453,19.739999771118164
2015-01-02,169.6878662109375,94.5611572265625,24.292724609375,82.31927490234375,114.08000183105467,15.412325859069824,20.21669578552246,73.47885131835938,17.790000915527344,19.459999084472656
2015-01-05,166.62338256835938,93.17405700683594,23.860279083251953,82.82148742675781,115.8000030517578,15.192512512207031,20.25846290588379,73.49491882324219,19.920000076293945,20.790000915527344
2015-01-06,165.05393981933594,91.92476654052734,23.298547744750977,83.37791442871094,117.12000274658205,15.048788070678713,20.300233840942383,73.47885131835938,21.1200008392334,21.420000076293945
2015-01-07,167.11068725585938,93.10974884033205,23.60169982910156,83.36246490478516,116.43000030517578,14.955790519714355,20.37542152404785,73.47885131835938,19.309999465942383,20.079999923706055
2015-01-08,170.07606506347656,94.89183807373048,24.190185546875,83.0224609375,115.94000244140624,15.014970779418944,20.458961486816406,73.47885131835938,17.010000228881836,18.65999984741211
2015-01-09,168.71311950683594,94.26719665527344,24.11885643005371,83.43201446533203,117.26000213623048,14.98960781097412,20.3670654296875,73.47885131835938,17.549999237060547,19.31999969482422
2015-01-12,167.3915252685547,93.28428649902344,23.811241149902344,83.72563934326172,118.55999755859376,14.659889221191406,20.3670654296875,73.47885131835938,19.600000381469727,20.479999542236328
2015-01-13,166.92074584960938,93.25672149658205,23.677492141723633,83.8029556274414,118.16000366210938,14.600706100463867,20.425546646118164,73.47885131835938,20.559999465942383,21.270000457763672
2015-01-14,165.9129638671875,92.74229431152344,23.58833122253418,84.18929290771484,117.97000122070312,14.76133918762207,20.38377571105957,73.47885131835938,21.479999542236328,20.93000030517578
2015-01-15,164.39303588867188,91.5389404296875,23.717618942260746,84.90790557861328,120.94000244140624,14.558435440063477,20.450607299804688,73.47885131835938,22.389999389648438,22.110000610351562
2015-01-16,166.5489501953125,92.61369323730467,23.909318923950195,84.28196716308594,122.5199966430664,14.837428092956545,20.542499542236328,73.47885131835938,20.950000762939453,21.149999618530273
2015-01-20,166.90414428710938,93.34857940673828,24.145605087280273,84.47517395019531,124.1999969482422,14.63452434539795,20.626041412353516,73.47885131835938,19.889999389648438,20.8700008392334
2015-01-21,167.74671936035156,93.82626342773438,24.45767593383789,84.07331848144531,124.2300033569336,14.727523803710938,20.567562103271484,73.49491882324219,18.850000381469727,20.040000915527344
2015-01-22,170.24127197265625,95.56240844726562,24.676130294799805,83.86473083496094,125.2300033569336,14.710614204406738,20.87666130065918,73.47885131835938,16.399999618530273,18.600000381469727
2015-01-23,169.30787658691406,95.77369689941406,24.569128036499023,84.41331481933594,124.2300033569336,14.6176176071167,21.060449600219727,73.49491882324219,16.65999984741211,19.0
2015-01-26,169.70436096191406,95.66345977783205,24.573589324951172,84.22014617919922,122.98999786376952,14.566889762878418,21.027034759521484,73.49491882324219,15.520000457763672,18.030000686645508
2015-01-27,167.4658660888672,93.18325805664062,24.08319091796875,84.33606719970703,124.4000015258789,14.64297866821289,20.826536178588867,73.49491882324219,17.219999313354492,19.110000610351562
2015-01-28,165.3182373046875,92.70557403564452,23.878110885620117,84.98516082763672,123.41999816894533,14.431621551513672,20.95184898376465,73.47885131835938,20.440000534057617,21.440000534057617
2015-01-29,166.84642028808594,93.59662628173828,24.011859893798828,84.6838150024414,120.76000213623048,14.363984107971191,20.968555450439453,73.47885131835938,18.760000228881836,20.0
2015-01-30,164.74827575683594,92.8708953857422,23.508081436157227,85.42562103271484,123.4499969482422,14.710614204406738,20.993616104125977,73.47885131835938,20.969999313354492,21.81999969482422
2015-02-02,166.7885284423828,93.67927551269533,23.55266571044922,85.31885528564453,122.41999816894533,14.913516998291016,20.95184898376465,73.47885131835938,19.43000030517578,20.90999984741211
2015-02-03,169.2004852294922,94.57951354980467,23.887027740478516,84.59900665283203,121.0500030517578,15.327783584594728,20.70958137512207,73.49491882324219,17.329999923706055,19.489999771118164
2015-02-04,168.5561981201172,94.49685668945312,24.056440353393555,84.73831176757812,121.58000183105467,14.98960781097412,20.834890365600582,73.47885131835938,18.329999923706055,20.43000030517578
2015-02-05,170.2578125,95.31442260742188,24.297183990478516,84.42871856689453,121.79000091552734,15.192512512207031,20.684520721435547,73.47885131835938,16.850000381469727,19.270000457763672
2015-02-06,169.78697204589844,94.73567962646484,24.03860664367676,83.48442840576172,118.63999938964844,15.234785079956056,20.935138702392575,73.47885131835938,17.290000915527344,19.8799991607666
2015-02-09,169.02706909179688,94.43254089355467,23.722076416015625,83.44573974609375,119.16999816894533,15.386964797973633,20.91843032836914,73.46280670166016,18.549999237060547,20.670000076293945
2015-02-10,170.82774353027344,95.90231323242188,24.50225830078125,83.23676300048828,118.47000122070312,15.192512512207031,20.943492889404297,73.47885131835938,17.229999542236328,19.729999542236328
2015-02-11,170.9268341064453,96.25138092041016,24.644922256469727,83.2057876586914,117.06999969482422,15.074152946472168,21.018678665161133,73.46280670166016,16.959999084472656,19.709999084472656
2015-02-12,172.57064819335938,97.37210083007812,24.99266242980957,83.23676300048828,117.33999633789062,15.302420616149902,20.81818389892578,73.46280670166016,15.34000015258789,18.34000015258789
2015-02-13,173.281005859375,98.20800018310548,25.139780044555664,82.95807647705078,117.9800033569336,15.471506118774414,20.809831619262695,73.47885131835938,14.6899995803833,18.1299991607666
2015-02-17,173.5535888671875,98.29987335205078,25.246780395507812,82.36985778808594,116.01000213623048,15.479961395263672,20.784765243530273,73.47885131835938,15.800000190734863,18.3799991607666
2015-02-18,173.57009887695312,98.43766021728516,25.162073135375977,82.76459503173828,116.33999633789062,15.293964385986328,20.793119430541992,73.47885131835938,15.449999809265137,18.65999984741211
2015-02-19,173.44622802734375,98.92450714111328,25.175445556640625,82.55563354492188,115.94000244140624,15.243240356445312,20.86830711364746,73.47885131835938,15.289999961853027,18.010000228881836
2015-02-20,174.48696899414062,99.5859375,25.291357040405273,82.50914764404297,115.27999877929688,15.184059143066406,20.851600646972656,73.46280670166016,14.300000190734863,17.290000915527344
2015-02-23,174.4622344970703,99.68693542480467,25.108572006225582,82.88843536376953,115.43000030517578,15.082608222961426,20.91007423400879,73.47885131835938,14.5600004196167,17.540000915527344
2015-02-24,174.9578094482422,99.7604522705078,25.62572479248047,83.43798065185547,115.26000213623048,15.09106159210205,20.86830711364746,73.46280670166016,13.6899995803833,16.709999084472656
2015-02-25,174.80909729003906,99.51243591308594,25.451854705810547,83.515380859375,115.6999969482422,15.319331169128418,20.826536178588867,73.47885131835938,13.84000015258789,16.8700008392334
2015-02-26,174.6025848388672,100.01769256591795,25.54547691345215,83.0200424194336,116.06999969482422,15.192512512207031,21.043739318847656,73.46280670166016,13.90999984741211,16.850000381469727
2015-02-27,174.0078887939453,99.57672882080078,25.398357391357425,83.31410217285156,116.16000366210938,15.361601829528809,21.052095413208008,73.47885131835938,13.34000015258789,16.889999389648438
2015-03-02,175.10647583007812,100.4769515991211,26.067089080810547,82.69400024414062,115.68000030517578,15.1417875289917,21.09386444091797,73.46280670166016,13.039999961853027,16.459999084472656
2015-03-03,174.3878631591797,100.00845336914062,25.639101028442383,82.51567077636719,115.47000122070312,15.234785079956056,21.08551025390625,73.47885131835938,13.859999656677246,16.780000686645508
2015-03-04,173.6527099609375,99.62267303466795,25.598974227905273,82.57769012451172,115.11000061035156,15.099515914916992,21.194114685058594,73.47885131835938,14.229999542236328,16.90999984741211
2015-03-05,173.84268188476562,99.79717254638672,25.590063095092773,82.62418365478516,115.0,15.04033660888672,21.294361114501953,73.47885131835938,14.039999961853027,16.639999389648438
2015-03-06,171.39773559570312,98.66732025146484,25.269067764282227,81.7791976928711,111.86000061035156,14.854337692260742,21.553335189819336,73.46280670166016,15.199999809265137,17.510000228881836
2015-03-09,172.1080780029297,98.95207214355467,25.17990493774414,82.15907287597656,111.97000122070312,14.812067031860352,21.553335189819336,73.47885131835938,15.0600004196167,17.309999465942383
2015-03-10,169.31610107421875,97.1148681640625,24.66721534729004,82.5079116821289,111.41999816894533,14.6176176071167,21.778894424438477,73.47885131835938,16.690000534057617,18.260000228881836
2015-03-11,168.91961669921875,96.55451965332033,24.850000381469727,82.65519714355469,110.75,14.69370460510254,22.021160125732425,73.47885131835938,16.8700008392334,18.530000686645508
2015-03-12,171.06729125976562,97.18836212158205,24.711793899536133,82.73272705078125,110.72000122070312,14.626070022583008,21.904203414916992,73.46280670166016,15.420000076293945,17.389999389648438
2015-03-13,170.01824951171875,96.76578521728516,24.9168701171875,82.6086654663086,110.87999725341795,14.330166816711426,22.129762649536133,73.47885131835938,16.0,17.889999389648438
2015-03-16,172.28981018066406,98.01506042480467,25.246780395507812,82.89552307128906,110.80999755859376,14.31325912475586,21.962682723999023,73.47885131835938,15.609999656677246,17.399999618530273
2015-03-17,171.77767944335938,98.1712646484375,25.07736587524414,83.06604766845703,110.20999908447266,14.21180534362793,21.97103500366211,73.47885131835938,15.65999984741211,17.479999542236328
2015-03-18,173.84268188476562,99.13580322265624,25.30919647216797,84.01961517333984,112.37000274658205,14.600706100463867,21.536630630493164,73.47885131835938,13.970000267028809,16.43000030517578
2015-03-19,173.0497283935547,99.28277587890624,25.34040069580078,83.62421417236328,112.29000091552734,14.35552978515625,21.86243438720703,73.47885131835938,14.069999694824219,16.969999313354492
2015-03-20,174.57720947265625,99.9254379272461,25.741641998291016,83.9653549194336,113.56999969482422,14.549981117248535,21.57004165649414,73.47885131835938,13.020000457763672,16.709999084472656
2015-03-23,174.2370147705078,99.7320785522461,25.51426887512207,84.0738525390625,114.29000091552734,14.719067573547363,21.336132049560547,73.46280670166016,13.40999984741211,16.530000686645508
2015-03-24,173.25796508789062,99.37297058105467,25.282445907592773,84.32967376708984,114.56999969482422,14.600706100463867,21.402963638305664,73.47885131835938,13.619999885559082,16.59000015258789
2015-03-25,170.71908569335938,97.09883880615234,24.101024627685547,83.9653549194336,114.7300033569336,14.64297866821289,21.344484329223633,73.46280670166016,15.4399995803833,17.56999969482422
2015-03-26,170.31259155273438,96.76736450195312,23.927146911621097,83.49244689941406,115.4800033569336,14.820521354675291,21.419668197631836,73.46280670166016,15.800000190734863,17.56999969482422
2015-03-27,170.7025146484375,97.15404510498048,24.6939640045166,83.81803894042969,115.05999755859376,14.524618148803713,21.436378479003903,73.46280670166016,15.069999694824219,17.389999389648438
2015-03-30,172.7850341796875,98.26815032958984,24.903493881225582,83.81031036376953,113.75,14.600706100463867,21.603458404541016,73.4466781616211,14.510000228881836,16.920000076293945
2015-03-31,171.2750244140625,97.22772979736328,24.653839111328125,84.02734375,113.66000366210938,14.431621551513672,21.63687515258789,73.47885131835938,15.289999961853027,17.540000915527344
2015-04-01,170.66932678222656,96.7213363647461,24.413097381591797,84.42723083496094,115.5999984741211,14.69370460510254,21.64522933959961,73.4466781616211,15.109999656677246,17.34000015258789
2015-04-02,171.2832794189453,96.78579711914062,24.479969024658203,84.18656158447266,115.27999877929688,14.6176176071167,21.478147506713867,73.46280670166016,14.670000076293945,17.219999313354492
2015-04-06,172.43661499023438,97.57763671875,24.542383193969727,84.2952651977539,116.69000244140624,14.803610801696776,21.31106948852539,73.46280670166016,14.739999771118164,16.81999969482422
2015-04-07,171.980224609375,97.41188049316406,24.55575942993164,84.3651351928711,116.11000061035156,14.879701614379885,21.553335189819336,73.47885131835938,14.779999732971191,16.799999237060547
2015-04-08,172.56101989746094,98.18526458740234,24.676130294799805,84.28752136230469,115.47000122070312,14.592252731323242,21.58675193786621,73.47885131835938,13.979999542236328,16.399999618530273
2015-04-09,173.32437133789062,98.80213928222656,24.92133140563965,83.94585418701172,114.66999816894533,14.592252731323242,21.81230926513672,73.46280670166016,13.09000015258789,16.020000457763672
2015-04-10,174.2702178955078,99.2072525024414,25.068449020385746,83.92251586914062,115.97000122070312,14.744431495666504,21.86243438720703,73.46280670166016,12.579999923706055,15.460000038146973
2015-04-13,173.4820098876953,98.9586944580078,24.89457893371582,84.09337615966797,115.13999938964844,14.676796913146973,21.895851135253903,73.4466781616211,13.9399995803833,16.31999969482422
2015-04-14,173.81387329101562,98.67324829101562,24.66721534729004,84.34181213378906,114.44000244140624,14.744431495666504,21.728769302368164,73.46280670166016,13.670000076293945,15.850000381469727
2015-04-15,174.59384155273438,99.29014587402344,25.12640953063965,84.38841247558594,115.43000030517578,15.04033660888672,21.628520965576172,73.4466781616211,12.84000015258789,15.6899995803833
2015-04-16,174.5440216064453,99.15202331542967,25.014951705932617,84.45053100585938,115.02999877929688,15.200968742370604,21.461444854736328,73.46280670166016,12.600000381469727,15.329999923706055
2015-04-17,172.53614807128906,97.60523223876952,24.6939640045166,84.6213607788086,115.5999984741211,15.16715145111084,21.411314010620117,73.4466781616211,13.890000343322754,16.139999389648438
2015-04-20,174.11257934570312,99.06915283203124,24.89904022216797,84.46604919433594,114.72000122070312,15.099515914916992,21.536630630493164,73.4466781616211,13.300000190734863,15.579999923706055
2015-04-21,173.90512084960938,99.49266052246094,25.059534072875977,84.28752136230469,115.37999725341795,14.98960781097412,21.561689376831055,73.46280670166016,13.25,15.520000457763672
2015-04-22,174.75975036621094,100.03592681884766,25.51426887512207,83.79829406738281,113.83000183105467,15.04033660888672,21.561689376831055,73.4466781616211,12.710000038146973,15.460000038146973
2015-04-23,175.19952392578125,100.41342163085938,25.251235961914062,84.05451202392578,114.66000366210938,15.226330757141112,21.402963638305664,73.4466781616211,12.479999542236328,15.170000076293945
2015-04-24,175.60601806640625,101.7760772705078,24.98374938964844,84.349609375,113.0500030517578,15.217877388000488,21.31942367553711,73.4466781616211,12.289999961853027,15.260000228881836
2015-04-27,174.8759002685547,101.51828002929688,25.184364318847656,84.2175521850586,115.33000183105467,15.217877388000488,21.25259017944336,73.46280670166016,13.119999885559082,15.930000305175781
2015-04-28,175.4317626953125,101.3157196044922,25.16653060913086,83.8293685913086,116.33000183105467,15.243240356445312,21.118927001953125,73.46280670166016,12.40999984741211,15.3100004196167
2015-04-29,174.70997619628906,100.68043518066406,24.98374938964844,83.51876068115234,115.51000213623048,15.34469223022461,20.935138702392575,73.46280670166016,13.390000343322754,15.970000267028809
2015-04-30,172.9593048095703,99.0967788696289,24.725170135498047,83.49547576904297,113.47000122070312,15.463054656982422,20.809831619262695,73.46280670166016,14.550000190734863,16.479999542236328
2015-05-01,174.83447265625,100.40419006347656,25.4295654296875,83.03894805908203,113.08000183105467,15.446146965026855,20.91007423400879,73.4466781616211,12.699999809265137,15.380000114440918
2015-05-04,175.33224487304688,100.56993865966795,25.291357040405273,82.86788940429688,114.0999984741211,15.437692642211914,20.968555450439453,73.46280670166016,12.850000381469727,15.430000305175781
2015-05-05,173.32437133789062,98.93108367919922,24.809877395629883,82.7279052734375,114.41999816894533,15.56450366973877,20.91007423400879,73.46280670166016,14.3100004196167,16.31999969482422
2015-05-06,172.61085510253906,98.2497329711914,24.805416107177734,82.32353210449219,114.36000061035156,15.56450366973877,20.676164627075195,73.46280670166016,15.149999618530273,16.719999313354492
2015-05-07,173.29949951171875,98.8390121459961,24.98374938964844,82.67352294921875,113.41999816894533,15.319331169128418,20.784765243530273,73.4466781616211,15.130000114440918,16.739999771118164
2015-05-08,175.58114624023438,100.07273864746094,25.220027923583984,82.9923324584961,113.97000122070312,15.4038724899292,20.809831619262695,73.46280670166016,12.859999656677246,15.5600004196167
2015-05-11,174.74313354492188,99.68604278564452,25.21111297607422,82.17576599121094,113.52999877929688,15.336238861083984,20.87666130065918,73.4466781616211,13.850000381469727,16.100000381469727
2015-05-12,174.22044372558594,99.23486328125,25.019407272338867,82.23798370361328,114.5,15.496870040893556,20.75970458984375,73.46280670166016,13.859999656677246,16.399999618530273
2015-05-13,174.2535858154297,99.4374542236328,25.144243240356445,82.12910461425781,116.5500030517578,15.513781547546388,20.57591438293457,73.46280670166016,13.760000228881836,16.290000915527344
2015-05-14,176.07066345214844,100.8921890258789,25.402814865112305,82.4090805053711,117.18000030517578,15.606776237487791,20.509082794189453,73.4466781616211,12.739999771118164,15.90999984741211
2015-05-15,176.26148986816406,100.8921890258789,25.43848419189453,83.00006866455078,117.52999877929688,15.598323822021484,20.47566795349121,73.4466781616211,12.380000114440918,15.569999694824219
2015-05-18,176.8091278076172,101.33417510986328,25.66139030456543,82.440185546875,117.5199966430664,15.556052207946776,20.676164627075195,73.4466781616211,12.729999542236328,15.229999542236328
2015-05-19,176.7510223388672,101.22367095947266,25.616809844970703,82.07467651367188,115.88999938964844,15.226330757141112,20.91843032836914,73.4466781616211,12.850000381469727,15.279999732971191
2015-05-20,176.62655639648438,101.2881088256836,25.69260025024414,82.25354766845703,116.08000183105467,15.192512512207031,20.960205078125,73.4466781616211,12.880000114440918,15.149999618530273
2015-05-21,177.14097595214844,101.8128890991211,25.741641998291016,82.74345397949219,115.69000244140624,15.378509521484377,20.926782608032227,73.46280670166016,12.109999656677246,14.609999656677246
2015-05-22,176.71783447265625,101.71163940429688,25.76392936706543,82.5567855834961,115.5999984741211,15.20942211151123,21.118927001953125,73.46280670166016,12.130000114440918,14.479999542236328
2015-05-26,174.81781005859375,100.54232788085938,25.558855056762695,83.0700912475586,113.91000366210938,14.913516998291016,21.352840423583984,73.46280670166016,14.0600004196167,15.479999542236328
2015-05-27,176.4772491455078,102.16276550292967,26.512910842895508,83.02342224121094,113.88999938964844,14.710614204406738,21.36119270324707,73.46280670166016,13.270000457763672,14.989999771118164
2015-05-28,176.278076171875,101.93258666992188,26.548572540283203,83.1011734008789,114.0199966430664,14.786705017089844,21.30271339416504,73.4466781616211,13.3100004196167,15.010000228881836
2015-05-29,175.1829071044922,101.32491302490234,26.664485931396484,83.14783477783203,114.0999984741211,14.972699165344238,21.269296646118164,73.4466781616211,13.84000015258789,15.380000114440918
2015-06-01,175.53964233398438,101.66558074951172,26.570863723754883,82.781005859375,114.0,14.938881874084473,21.394611358642575,73.4466781616211,13.970000267028809,15.40999984741211
2015-06-02,175.3654022216797,101.34334564208984,26.191919326782227,82.2046127319336,114.45999908447266,15.11642360687256,21.068801879882812,73.46280670166016,14.239999771118164,15.710000038146973
2015-06-03,175.83006286621094,101.6471710205078,26.009130477905273,81.50358581542969,113.63999938964844,14.921974182128906,20.926782608032227,73.46280670166016,13.65999984741211,15.359999656677246
2015-06-04,174.34494018554688,100.873779296875,25.70151710510254,81.90082550048828,112.83999633789062,14.786705017089844,20.95184898376465,73.4466781616211,14.710000038146973,16.280000686645508
2015-06-05,174.04617309570312,100.63441467285156,25.62572479248047,81.30888366699219,112.23999786376952,14.854337692260742,21.13563537597656,73.4466781616211,14.210000038146973,15.960000038146973
2015-06-08,172.9759063720703,99.61238861083984,25.16653060913086,81.42572021484375,112.56999969482422,14.862792015075684,20.893367767333984,73.4306411743164,15.289999961853027,16.600000381469727
2015-06-09,172.9510498046875,99.4466552734375,25.193281173706055,81.16085815429688,112.81999969482422,15.099515914916992,20.86830711364746,73.4306411743164,14.470000267028809,16.25
2015-06-10,175.02525329589844,100.8092803955078,25.576684951782227,80.84931182861328,113.77999877929688,15.158697128295898,20.7513484954834,73.4466781616211,13.220000267028809,15.329999923706055
2015-06-11,175.5894317626953,100.95661163330078,25.607892990112305,81.48800659179688,113.26000213623048,15.02342700958252,20.809831619262695,73.46280670166016,12.850000381469727,15.100000381469727
2015-06-12,174.24533081054688,100.12799072265624,25.389442443847656,81.44125366210938,113.2300033569336,14.87124729156494,20.793119430541992,73.4466781616211,13.779999732971191,15.609999656677246
2015-06-15,173.4986114501953,99.63079071044922,25.318111419677734,81.63601684570312,113.7300033569336,14.803610801696776,20.776416778564453,73.46280670166016,15.390000343322754,16.6200008392334
2015-06-16,174.44444274902344,100.17401885986328,25.4295654296875,81.94755554199219,113.31999969482422,14.845885276794434,20.81818389892578,73.4306411743164,14.8100004196167,16.200000762939453
2015-06-17,174.72653198242188,100.4502410888672,25.451854705810547,81.99427032470703,113.8499984741211,14.888158798217772,20.63439559936523,73.46280670166016,14.5,16.219999313354492
2015-06-18,176.5436248779297,101.9141616821289,25.812969207763672,81.93196868896484,115.31999969482422,14.888158798217772,20.567562103271484,73.4306411743164,13.1899995803833,15.4399995803833
2015-06-19,175.75991821289062,101.41030883789062,25.71934700012207,82.3681411743164,115.12000274658205,14.752887725830078,20.617687225341797,73.4306411743164,13.960000038146973,15.90999984741211
2015-06-22,176.6603240966797,102.15779113769533,25.942258834838867,81.67491912841797,113.63999938964844,14.803610801696776,20.659454345703125,73.4466781616211,12.739999771118164,14.989999771118164
2015-06-23,176.78533935546875,102.2408447265625,25.817428588867188,81.42572021484375,112.88999938964844,14.981155395507812,20.901721954345703,73.4306411743164,12.109999656677246,14.539999961853027
2015-06-24,175.50143432617188,101.71484375,25.616809844970703,81.66719818115234,112.58999633789062,14.879701614379885,20.85995101928711,73.4306411743164,13.260000228881836,15.180000305175781
2015-06-25,174.96783447265625,101.5118408203125,25.674766540527344,81.46466064453125,112.44000244140624,14.896612167358398,20.826536178588867,73.4466781616211,14.010000228881836,15.520000457763672
2015-06-26,174.9344940185547,100.8381576538086,24.92578887939453,81.07524108886719,112.55999755859376,14.964247703552246,20.8850154876709,73.4306411743164,14.020000457763672,15.460000038146973
2015-06-29,171.2660675048828,98.45726776123048,24.21247673034668,82.01762390136719,113.06999969482422,14.896612167358398,20.76805877685547,73.4466781616211,18.850000381469727,18.719999313354492
2015-06-30,171.6245880126953,98.80792236328124,24.328392028808594,81.79181671142578,112.37000274658205,15.217877388000488,20.91007423400879,73.4466781616211,18.229999542236328,18.469999313354492
2015-07-01,173.00027465820312,99.59232330322266,24.42201232910156,81.36430358886719,111.9800033569336,15.031879425048828,21.07715606689453,73.4466781616211,16.09000015258789,16.790000915527344
2015-07-02,172.84185791015625,99.6200180053711,24.573589324951172,81.65293884277344,111.76000213623048,15.006519317626951,21.027034759521484,73.4466781616211,16.790000915527344,17.68000030517578
2015-07-06,172.34986877441406,99.38932037353516,24.17680931091309,82.23019409179688,112.05999755859376,14.51616382598877,21.068801879882812,73.4466781616211,17.010000228881836,18.040000915527344
2015-07-07,173.43377685546875,99.63851165771484,24.056440353393555,82.44865417480469,110.76000213623048,14.431621551513672,21.13563537597656,73.4306411743164,16.09000015258789,17.020000457763672
2015-07-08,170.5240478515625,97.90353393554688,23.42782974243164,82.7762451171875,111.08999633789062,14.363984107971191,21.052095413208008,73.4306411743164,19.65999984741211,19.25
2015-07-09,170.83250427246094,97.8481903076172,23.164798736572266,82.1989974975586,111.36000061035156,14.533072471618652,21.118927001953125,73.4306411743164,19.969999313354492,19.780000686645508
2015-07-10,172.98353576660156,99.34319305419922,23.583873748779297,81.62950897216797,111.48999786376952,14.600706100463867,20.968555450439453,73.4306411743164,16.829999923706055,17.729999542236328
2015-07-13,174.8927764892578,101.0873031616211,23.78894805908203,81.41111755371094,110.98999786376952,14.60916233062744,21.177404403686523,73.4306411743164,13.899999618530273,15.9399995803833
2015-07-14,175.6514892578125,101.75173950195312,23.98065185546875,81.66850280761719,110.73999786376952,14.558435440063477,21.14398956298828,73.4466781616211,13.369999885559082,15.460000038146973
2015-07-15,175.59312438964844,101.86251068115234,23.860279083251953,81.98057556152344,110.16000366210938,14.389347076416016,21.23588180541992,73.4306411743164,13.229999542236328,15.600000381469727
2015-07-16,177.00216674804688,103.3021469116211,23.846904754638672,81.9493637084961,109.76000213623048,14.321714401245115,21.352840423583984,73.4306411743164,12.109999656677246,14.729999542236328
2015-07-17,177.1522674560547,104.82478332519533,23.833532333374023,81.9571533203125,108.6500015258789,14.245623588562012,21.402963638305664,73.4466781616211,11.949999809265137,14.609999656677246
2015-07-20,177.24391174316406,105.18472290039062,23.64182472229004,81.7933578491211,105.6999969482422,14.017355918884276,21.411314010620117,73.4306411743164,12.25,14.850000381469727
2015-07-21,176.54360961914062,105.1201171875,23.62399673461914,82.01958465576172,105.37000274658205,14.076536178588867,21.26094436645508,73.4466781616211,12.220000267028809,14.75
2015-07-22,176.22677612304688,103.92967224121094,23.048887252807617,82.1209945678711,104.8000030517578,13.87363052368164,21.31106948852539,73.4306411743164,12.119999885559082,14.8100004196167
2015-07-23,175.23463439941406,103.54207611083984,23.3698787689209,82.45638275146484,104.33000183105467,13.755270957946776,21.227527618408203,73.4306411743164,12.640000343322754,14.920000076293945
2015-07-24,173.4170684814453,102.52696990966795,22.830434799194336,82.53441619873047,105.3499984741211,13.645362854003906,21.26094436645508,73.4466781616211,13.739999771118164,15.649999618530273
2015-07-27,172.40829467773438,101.6779327392578,22.74127197265625,82.8074722290039,104.86000061035156,13.38327693939209,21.09386444091797,73.4306411743164,15.600000381469727,16.780000686645508
2015-07-28,174.5259552001953,102.55462646484376,23.213838577270508,82.57344818115234,105.0199966430664,13.49318504333496,21.11057472229004,73.4306411743164,13.4399995803833,15.430000305175781
2015-07-29,175.7265167236328,102.9422378540039,23.307462692260746,82.45638275146484,105.16999816894533,13.535456657409668,21.227527618408203,73.4466781616211,12.5,14.920000076293945
2015-07-30,175.7681884765625,103.43135833740234,23.521455764770508,82.55007934570312,104.2699966430664,13.484729766845703,21.31106948852539,73.4466781616211,12.130000114440918,14.710000038146973
2015-07-31,175.50143432617188,103.31134796142578,23.24950408935547,83.03372192382812,104.93000030517578,13.29873275756836,21.244239807128903,73.4466781616211,12.119999885559082,14.899999618530273
2015-08-03,174.90940856933594,102.98836517333984,23.138051986694336,83.28684997558594,104.0999984741211,13.078919410705566,21.294361114501953,73.4466781616211,12.5600004196167,14.84000015258789
2015-08-04,174.5676727294922,102.79458618164062,22.89284896850586,82.85714721679688,104.30999755859376,13.15500831604004,21.402963638305664,73.4306411743164,13.0,15.130000114440918
2015-08-05,175.1428985595703,103.58821868896484,23.169260025024418,82.53682708740234,103.93000030517578,13.10428237915039,21.394611358642575,73.4306411743164,12.510000228881836,14.880000114440918
2015-08-06,173.70883178710938,101.9271011352539,22.901763916015625,82.82589721679688,104.38999938964844,13.09582805633545,21.352840423583984,73.4306411743164,13.770000457763672,15.550000190734863
2015-08-07,173.3754119873047,101.7978744506836,22.959720611572266,83.15402221679688,104.6500015258789,13.045103073120115,21.31942367553711,73.4306411743164,13.390000343322754,15.420000076293945
2015-08-10,175.55978393554688,102.9606704711914,23.539287567138672,82.81024169921875,105.72000122070312,13.324097633361816,21.21917724609375,73.4466781616211,12.229999542236328,14.989999771118164
2015-08-11,173.9757080078125,101.64102935791016,23.004304885864254,83.35716247558594,106.26000213623048,13.146554946899414,21.21917724609375,73.4306411743164,13.710000038146973,15.9399995803833
2015-08-12,174.18411254882812,101.99170684814452,23.0622615814209,83.3259506225586,107.75,13.10428237915039,20.993616104125977,73.4306411743164,13.609999656677246,15.869999885559082
2015-08-13,173.96731567382812,101.8255844116211,22.74573135375977,83.10717010498047,106.86000061035156,13.045103073120115,21.027034759521484,73.4306411743164,13.489999771118164,15.75
2015-08-14,174.60096740722656,101.9824676513672,22.58077812194824,83.02119445800781,106.8499984741211,12.96055793762207,21.08551025390625,73.41458892822266,12.829999923706055,15.510000228881836
2015-08-17,175.57644653320312,102.83147430419922,22.754648208618164,83.169677734375,107.12999725341795,12.909832000732422,21.118927001953125,73.41458892822266,13.020000457763672,15.210000038146973
2015-08-18,175.06788635253906,102.30547332763672,22.35340690612793,83.03688049316406,107.11000061035156,12.842196464538574,21.16905212402344,73.4306411743164,13.789999961853027,15.609999656677246
2015-08-19,173.6839141845703,101.63182067871094,22.12604331970215,83.544677734375,108.5500030517578,12.698473930358888,21.035388946533203,73.4466781616211,15.25,16.5
2015-08-20,170.05709838867188,98.81716918945312,21.4038143157959,83.77125549316406,110.44000244140624,12.732290267944336,20.91843032836914,73.4306411743164,19.139999389648438,18.829999923706055
2015-08-21,164.9380340576172,94.49832153320312,20.85991096496582,84.1072006225586,111.12999725341795,12.520931243896484,20.71793556213379,73.4306411743164,28.030000686645508,23.469999313354492
2015-08-24,157.9929962158203,90.8623275756836,20.530000686645508,84.2478256225586,110.52999877929688,12.208118438720703,20.37542152404785,73.4306411743164,40.7400016784668,31.139999389648438
2015-08-25,156.1337432861328,90.5208511352539,20.35613250732422,83.78684997558594,109.16000366210938,12.258845329284668,20.517438888549805,73.4306411743164,36.02000045776367,29.579999923706055
2015-08-26,162.12831115722656,95.07967376708984,21.28789710998535,83.27123260498047,107.66999816894533,12.18275547027588,20.76805877685547,73.4466781616211,30.31999969482422,25.649999618530273
2015-08-27,166.13853454589844,97.48825073242188,21.996753692626953,83.22434997558594,107.7300033569336,12.62238311767578,20.901721954345703,73.4306411743164,26.100000381469727,24.860000610351562
2015-08-28,166.1469268798828,97.46981048583984,22.18399429321289,83.23992919921875,108.6999969482422,12.952103614807127,20.968555450439453,73.4466781616211,26.049999237060547,25.34000015258789
2015-08-31,164.80459594726562,96.2608642578125,22.09037399291992,83.09931182861328,108.81999969482422,13.264915466308594,20.935138702392575,73.4466781616211,28.43000030517578,26.530000686645508
2015-09-01,159.8855743408203,93.25245666503906,21.4038143157959,83.4725570678711,109.1999969482422,12.825289726257324,20.809831619262695,73.4466781616211,31.399999618530273,29.530000686645508
2015-09-02,162.92037963867188,95.88255310058594,21.93433380126953,83.24568939208984,108.62000274658205,12.935195922851562,20.91843032836914,73.4306411743164,26.09000015258789,26.190000534057617
2015-09-03,163.03709411621094,95.41189575195312,22.15279006958008,83.44911193847656,107.83999633789062,13.01973819732666,21.018678665161133,73.4466781616211,25.610000610351562,26.200000762939453
2015-09-04,160.5692138671875,94.27678680419922,21.8050479888916,83.70735168457031,107.48999786376952,12.859106063842772,20.993616104125977,73.4306411743164,27.799999237060547,28.06999969482422
2015-09-08,164.60447692871094,96.93457794189452,22.63426971435547,83.33956909179688,107.5199966430664,12.952103614807127,20.91843032836914,73.4306411743164,24.899999618530273,25.690000534057617
2015-09-09,162.40341186523438,95.84561157226562,22.290992736816406,83.37084197998047,106.12999725341795,12.783016204833984,20.91843032836914,73.4306411743164,26.229999542236328,26.309999465942383
2015-09-10,163.28720092773438,96.8884506225586,22.362323760986328,83.18305206298828,106.37999725341795,12.892924308776855,20.834890365600582,73.41458892822266,24.3700008392334,25.649999618530273
2015-09-11,164.0292205810547,97.42365264892578,22.402448654174805,83.40220642089844,106.16000366210938,12.876015663146973,20.742998123168945,73.4306411743164,23.200000762939453,24.68000030517578
2015-09-14,163.42059326171875,97.1283721923828,22.45594596862793,83.4804458618164,106.22000122070312,12.715381622314451,20.7513484954834,73.4306411743164,24.25,23.700000762939453
2015-09-15,165.4632568359375,98.2726821899414,22.785852432250977,82.82312774658203,105.9000015258789,12.757654190063477,20.834890365600582,73.41458892822266,22.540000915527344,23.1200008392334
2015-09-16,166.89727783203125,98.82640838623048,22.888391494750977,82.79961395263672,107.30999755859376,12.969012260437012,20.776416778564453,73.41458892822266,21.350000381469727,22.329999923706055
2015-09-17,166.52203369140625,98.86327362060548,22.74127197265625,83.48828125,108.41000366210938,12.884469032287598,20.55921173095703,73.41458892822266,21.139999389648438,21.139999389648438
2015-09-18,163.80088806152344,97.4571533203125,22.35786819458008,83.87950134277344,109.20999908447266,12.690018653869627,20.76805877685547,73.41458892822266,22.280000686645508,23.200000762939453
2015-09-21,164.64736938476562,97.76244354248048,22.344491958618164,83.40220642089844,108.52999877929688,12.83374309539795,20.893367767333984,73.4306411743164,20.139999389648438,21.59000015258789
2015-09-22,162.51023864746094,96.30083465576172,21.880840301513672,83.81690216064453,107.79000091552734,12.757654190063477,20.985261917114254,73.4306411743164,22.440000534057617,23.280000686645508
2015-09-23,162.2504119873047,96.37483978271484,21.724803924560547,83.7229995727539,108.22000122070312,12.65619945526123,20.985261917114254,73.41458892822266,22.1299991607666,22.8799991607666
2015-09-24,161.66383361816406,96.02330780029295,21.71588706970215,83.84823608398438,110.48999786376952,12.732290267944336,20.91843032836914,73.41458892822266,23.469999313354492,23.459999084472656
2015-09-25,161.62188720703125,95.20923614501952,21.831798553466797,83.62908172607422,109.80999755859376,12.808379173278809,20.95184898376465,73.41458892822266,23.6200008392334,24.399999618530273
2015-09-28,157.56558227539062,92.4987564086914,21.368148803710938,84.10648345947266,108.41999816894533,12.630837440490724,20.926782608032227,73.4306411743164,27.6299991607666,26.3799991607666
2015-09-29,157.6577911376953,92.01768493652344,21.515268325805664,84.39596557617188,107.9800033569336,12.715381622314451,20.893367767333984,73.4306411743164,26.829999923706055,26.0
2015-09-30,160.5994415283203,94.13616180419922,22.23749542236328,84.41163635253906,106.86000061035156,12.808379173278809,20.968555450439453,73.41458892822266,24.5,24.75
2015-10-01,161.01852416992188,94.56169128417967,22.09037399291992,84.47745513916016,106.7300033569336,12.723835945129396,20.960205078125,73.4306411743164,22.549999237060547,23.829999923706055
2015-10-02,163.42381286621094,96.21754455566406,22.4381160736084,84.88504028320312,108.98999786376952,12.808379173278809,20.91007423400879,73.4306411743164,20.940000534057617,22.600000381469727
2015-10-05,166.33181762695312,97.59593963623048,22.83489418029785,84.41480255126953,108.7699966430664,12.977466583251951,20.91843032836914,73.41458892822266,19.540000915527344,21.329999923706055
2015-10-06,165.7619171142578,97.13341522216795,22.928510665893555,84.58719635009766,109.86000061035156,13.231097221374512,20.776416778564453,73.41458892822266,19.399999618530273,21.59000015258789
2015-10-07,167.11962890625,97.71620178222656,23.271799087524418,84.3755874633789,109.6999969482422,13.205735206604004,20.80147361755371,73.41458892822266,18.399999618530273,20.709999084472656
2015-10-08,168.6282196044922,98.10474395751952,23.570491790771484,84.15616607666016,109.13999938964844,13.264915466308594,20.7513484954834,73.41458892822266,17.420000076293945,20.09000015258789
2015-10-09,168.7287139892578,98.54874420166016,23.298547744750977,84.20318603515625,110.87000274658205,13.324097633361816,20.651100158691406,73.41458892822266,17.079999923706055,19.850000381469727
2015-10-12,168.88795471191406,98.789306640625,23.33421516418457,84.48534393310547,111.30999755859376,13.112737655639648,20.63439559936523,73.41458892822266,16.170000076293945,19.260000228881836
2015-10-13,167.82363891601562,98.15099334716795,23.048887252807617,84.56372833251953,111.86000061035156,13.028193473815918,20.60097885131836,73.41458892822266,17.670000076293945,20.5
2015-10-14,167.01905822753906,97.99372863769533,23.73990821838379,85.02607727050781,113.80999755859376,13.062010765075684,20.425546646118164,73.41458892822266,18.030000686645508,20.809999465942383
2015-10-15,169.58360290527344,99.60334777832033,23.900405883789062,84.73613739013672,113.29000091552734,13.028193473815918,20.55921173095703,73.41458892822266,16.049999237060547,19.43000030517578
2015-10-16,170.3545684814453,100.0196533203125,23.99848365783691,84.66556549072266,112.48999786376952,13.03664779663086,20.592626571655273,73.41458892822266,15.050000190734863,18.670000076293945
2015-10-19,170.43836975097656,100.59319305419922,24.01631736755371,84.62638854980469,112.0199966430664,12.799924850463867,20.651100158691406,73.41458892822266,14.979999542236328,17.860000610351562
2015-10-20,170.2205047607422,100.0751724243164,23.967275619506836,84.33635711669922,112.7300033569336,12.825289726257324,20.63439559936523,73.39851379394531,15.75,18.600000381469727
2015-10-21,169.16453552246094,99.46460723876952,24.011859893798828,84.62638854980469,111.7300033569336,12.715381622314451,20.659454345703125,73.41458892822266,16.700000762939453,19.459999084472656
2015-10-22,172.02235412597656,101.49050903320312,24.74300193786621,84.7125473022461,111.69000244140624,12.757654190063477,20.960205078125,73.41458892822266,14.449999809265137,17.15999984741211
2015-10-23,173.90805053710938,104.33051300048828,25.02387237548828,84.2344970703125,111.5,12.681564331054688,21.13563537597656,73.41458892822266,14.460000038146973,17.479999542236328
2015-10-26,173.48060607910156,104.39529418945312,24.546838760375977,84.4539794921875,111.43000030517578,12.647747039794922,21.068801879882812,73.39851379394531,15.289999961853027,17.989999771118164
2015-10-27,173.14537048339844,104.6080551147461,24.395263671875,84.66556549072266,111.68000030517578,12.588565826416016,21.08551025390625,73.39851379394531,15.430000305175781,18.139999389648438
2015-10-28,175.11480712890625,105.47760772705078,24.640464782714844,84.2267074584961,110.77999877929688,12.799924850463867,21.26094436645508,73.39851379394531,14.329999923706055,17.489999771118164
2015-10-29,175.01419067382812,105.31109619140624,24.00294303894043,83.70941162109375,109.72000122070312,12.723835945129396,21.16905212402344,73.39851379394531,14.609999656677246,17.809999465942383
2015-10-30,174.2599334716797,104.83931732177734,24.167896270751953,83.8740234375,109.3000030517578,12.850650787353516,21.09386444091797,73.39851379394531,15.069999694824219,18.399999618530273
2015-11-02,176.3217315673828,106.0234146118164,24.395263671875,83.63302612304688,108.58999633789062,12.783016204833984,21.07715606689453,73.39851379394531,14.149999618530273,17.420000076293945
2015-11-03,176.83285522460938,106.39344787597656,24.604799270629883,83.41325378417969,106.9800033569336,13.011284828186035,21.13563537597656,73.41458892822266,14.539999961853027,17.469999313354492
2015-11-04,176.2965087890625,106.4026870727539,24.765296936035156,83.32697296142578,105.97000122070312,12.79146957397461,21.31106948852539,73.39851379394531,15.510000228881836,18.309999465942383
2015-11-05,176.12046813964844,106.11591339111328,24.12331199645996,83.27198028564453,105.63999938964844,12.690018653869627,21.327775955200195,73.39851379394531,15.050000190734863,17.809999465942383
2015-11-06,176.0283203125,106.18993377685548,24.604799270629883,82.70682525634766,104.0999984741211,12.61392879486084,21.57839584350586,73.39851379394531,14.329999923706055,17.450000762939453
2015-11-09,174.3856964111328,105.06134033203124,24.408634185791016,82.5655517578125,104.4000015258789,12.504023551940918,21.536630630493164,73.41458892822266,16.520000457763672,18.850000381469727
2015-11-10,174.78799438476562,104.79306030273438,24.02077293395996,82.72254180908203,104.18000030517578,12.478657722473145,21.595104217529297,73.39851379394531,15.289999961853027,18.020000457763672
2015-11-11,174.1007537841797,104.66358184814452,24.029691696166992,82.68329620361328,103.83000183105467,12.351841926574709,21.536630630493164,73.41458892822266,16.059999465942383,18.450000762939453
2015-11-12,171.6702880859375,103.64596557617188,23.722076416015625,82.73040771484375,103.8499984741211,12.17430019378662,21.444732666015625,73.41458892822266,18.3700008392334,20.170000076293945
2015-11-13,169.74282836914062,101.61077880859376,23.476877212524418,83.0443115234375,103.55999755859376,12.081303596496582,21.51991844177246,73.39851379394531,20.079999923706055,21.579999923706055
2015-11-16,172.3240203857422,103.07242584228516,23.780031204223633,83.15423583984375,103.70999908447266,12.140483856201172,21.63687515258789,73.41458892822266,18.15999984741211,19.979999542236328
2015-11-17,172.19837951660156,103.1371612548828,24.02077293395996,83.13069915771484,102.33999633789062,11.95448875427246,21.670289993286133,73.39851379394531,18.84000015258789,20.43000030517578
2015-11-18,174.930419921875,105.11685180664062,24.145605087280273,83.09143829345703,102.43000030517578,12.00521469116211,21.670289993286133,73.39851379394531,16.850000381469727,19.219999313354492
2015-11-19,174.7795867919922,105.19084930419922,24.332849502563477,83.27198028564453,103.55999755859376,12.00521469116211,21.51991844177246,73.41458892822266,16.989999771118164,19.639999389648438
2015-11-20,175.41653442382812,105.90313720703124,24.42647171020508,83.16204833984375,103.08999633789062,11.98830509185791,21.670289993286133,73.39851379394531,15.470000267028809,18.940000534057617
2015-11-23,175.21539306640625,105.59786987304688,24.150062561035156,83.27198028564453,102.26000213623048,12.081303596496582,21.703706741333008,73.41458892822266,15.619999885559082,18.6299991607666
2015-11-24,175.4500274658203,105.50538635253906,24.40417861938477,83.3504409790039,102.94000244140624,12.275754928588867,21.661935806274418,73.39851379394531,15.930000305175781,18.709999084472656
2015-11-25,175.4249267578125,105.59786987304688,24.439844131469727,83.39755249023438,102.45999908447266,12.258845329284668,21.703706741333008,73.39851379394531,15.1899995803833,18.190000534057617
2015-11-27,175.6260223388672,105.74588775634766,24.560216903686523,83.48388671875,101.25,12.072848320007324,21.737123489379883,73.41458892822266,15.119999885559082,17.350000381469727
2015-11-30,174.89688110351562,105.47760772705078,24.87674903869629,83.51535034179688,101.91999816894533,11.996758460998535,21.787248611450195,73.41458892822266,16.1299991607666,18.489999771118164
2015-12-01,176.56466674804688,106.53223419189452,25.170988082885746,83.95945739746094,102.27999877929688,12.13202953338623,21.68699836730957,73.39851379394531,14.670000076293945,17.579999923706055
2015-12-02,174.76280212402344,105.87540435791016,25.072912216186523,83.72362518310547,100.69000244140624,11.878398895263672,21.737123489379883,73.39851379394531,15.90999984741211,18.329999923706055
2015-12-03,172.315673828125,104.08072662353516,24.903493881225582,82.84314727783203,101.76000213623048,12.01366901397705,21.21917724609375,73.41458892822266,18.110000610351562,20.110000610351562
2015-12-04,175.6763458251953,106.51370239257812,25.322568893432617,83.14974212646484,104.0199966430664,11.996758460998535,21.369548797607425,73.41458892822266,14.8100004196167,18.170000076293945
2015-12-07,174.61192321777344,106.0326690673828,25.113033294677734,83.41704559326172,102.66999816894533,11.65013027191162,21.436378479003903,73.41458892822266,15.84000015258789,18.649999618530273
2015-12-08,173.43865966796875,106.04190063476562,24.885662078857425,83.46419525146484,102.83999633789062,11.590950012207031,21.369548797607425,73.39851379394531,17.600000381469727,20.059999465942383
2015-12-09,172.08938598632812,104.43228912353516,24.622631072998047,83.58997344970703,102.63999938964844,11.599404335021973,21.14398956298828,73.3824234008789,19.610000610351562,21.049999237060547
2015-12-10,172.53359985351562,104.9040985107422,24.711793899536133,83.40914916992188,102.5500030517578,11.55713176727295,21.26094436645508,73.39851379394531,19.34000015258789,20.760000228881836
2015-12-11,169.18971252441406,102.48959350585938,24.234766006469727,84.07737731933594,103.11000061035156,11.438770294189451,21.177404403686523,73.41458892822266,24.389999389648438,24.3799991607666
2015-12-14,170.04449462890625,103.26667785644533,24.05198097229004,83.45635223388672,101.79000091552734,11.362680435180664,21.21917724609375,73.41458892822266,22.729999542236328,23.299999237060547
2015-12-15,171.82955932617188,103.89574432373048,24.430927276611328,83.24405670166016,101.5199966430664,11.337318420410156,21.336132049560547,73.39851379394531,20.950000762939453,21.860000610351562
2015-12-16,174.34381103515625,105.4406280517578,24.622631072998047,83.0239486694336,102.75,11.286591529846191,21.336132049560547,73.41458892822266,17.860000610351562,19.56999969482422
2015-12-17,171.6871337890625,103.9049835205078,24.292724609375,83.36986541748047,100.5,11.168231010437012,21.536630630493164,73.39851379394531,18.940000534057617,20.3700008392334
2015-12-18,168.62850952148438,101.91182708740234,23.95836067199707,83.66861724853516,102.04000091552734,11.218957901000977,21.411314010620117,73.41458892822266,20.700000762939453,21.260000228881836
2015-12-21,170.01953125,103.0438995361328,24.377866744995117,83.7079086303711,103.1500015258789,11.168231010437012,21.336132049560547,73.39851379394531,18.700000762939453,21.110000610351562
2015-12-22,171.5623321533203,103.72126007080078,24.482629776000977,83.47203063964844,102.61000061035156,11.117504119873049,21.30271339416504,73.39851379394531,16.600000381469727,19.84000015258789
2015-12-23,173.68682861328125,104.4914093017578,24.614715576171875,83.28338623046875,102.30999755859376,11.320408821105955,21.336132049560547,73.39851379394531,15.569999694824219,19.329999923706055
2015-12-24,173.4001922607422,104.47286224365234,24.683042526245117,83.4361343383789,103.0500030517578,11.320408821105955,21.28600692749023,73.41458892822266,15.739999771118164,19.690000534057617
2015-12-28,173.00396728515625,104.4171905517578,24.62383079528809,83.45185852050781,102.2699966430664,11.159775733947754,21.26094436645508,73.39851379394531,16.90999984741211,19.68000030517578
2015-12-29,174.85028076171875,106.0595703125,24.897125244140625,83.01092529296875,102.1999969482422,11.345772743225098,21.31942367553711,73.39851379394531,16.079999923706055,19.100000381469727
2015-12-30,173.61093139648438,105.10383605957033,24.655715942382812,83.04244995117188,101.41999816894533,11.23586654663086,21.31942367553711,73.41458892822266,17.290000915527344,19.59000015258789
2015-12-31,171.87428283691406,103.79549407958984,24.2685489654541,83.13695526123047,101.45999908447266,11.29504680633545,21.42802619934082,73.39851379394531,18.209999084472656,19.799999237060547
2016-01-04,169.4715576171875,101.60562896728516,24.013473510742188,83.49124145507812,102.88999938964844,11.21050262451172,21.461444854736328,73.41458892822266,20.700000762939453,22.010000228881836
2016-01-05,169.75816345214844,101.4293212890625,23.790281295776367,83.4676284790039,103.18000030517578,11.100595474243164,21.58675193786621,73.41458892822266,19.34000015258789,20.520000457763672
2016-01-06,167.61680603027344,100.45503997802734,23.175373077392575,83.9715347290039,104.66999816894533,10.923052787780762,21.528274536132812,73.3824234008789,20.59000015258789,21.270000457763672
2016-01-07,163.59542846679688,97.30943298339844,22.460248947143555,84.15260314941406,106.1500015258789,10.872326850891112,21.31106948852539,73.39851379394531,24.989999771118164,24.6200008392334
2016-01-08,161.79969787597656,96.51141357421876,22.10496711730957,84.36520385742188,105.68000030517578,10.821600914001465,21.352840423583984,73.39851379394531,27.010000228881836,26.229999542236328
2016-01-11,161.95989990234375,96.80838012695312,22.305381774902344,84.0975112915039,104.73999786376952,10.5256986618042,21.453088760375977,73.39851379394531,24.299999237060547,24.729999542236328
2016-01-12,163.26666259765625,97.93113708496094,22.496686935424805,84.4754638671875,104.20999908447266,10.458064079284668,21.486501693725582,73.41458892822266,22.469999313354492,22.530000686645508
2016-01-13,159.19467163085938,94.55352783203124,21.836227416992188,84.80612182617188,104.72000122070312,10.398883819580078,21.453088760375977,73.39851379394531,25.219999313354492,24.889999389648438
2016-01-14,161.80813598632812,96.56710815429688,22.414701461791992,84.63294982910156,103.0199966430664,10.424243927001951,21.511564254760746,73.3824234008789,23.950000762939453,23.530000686645508
2016-01-15,158.33473205566406,93.5699691772461,21.271419525146484,85.02658081054688,104.08000183105467,10.204431533813477,21.461444854736328,73.3824234008789,27.020000457763672,26.8799991607666
2016-01-19,158.5454864501953,93.77411651611328,21.412616729736328,84.91636657714844,103.9800033569336,10.119888305664062,21.503211975097656,73.39851379394531,26.049999237060547,26.440000534057617
2016-01-20,156.51370239257812,93.48648071289062,21.4672794342041,85.33370208740234,105.37000274658205,10.043798446655272,21.511564254760746,73.39851379394531,27.59000015258789,27.809999465942383
2016-01-21,157.3905487060547,93.57925415039062,21.763347625732425,85.1210708618164,105.48999786376952,10.179068565368652,21.486501693725582,73.41458892822266,26.690000534057617,26.709999084472656
2016-01-22,160.61947631835938,96.28872680664062,22.17784309387207,84.93211364746094,105.0,10.48342514038086,21.603458404541016,73.3824234008789,22.34000015258789,24.280000686645508
2016-01-25,158.1914520263672,94.85973358154295,21.927326202392575,85.21554565429688,106.08000183105467,10.255159378051758,21.536630630493164,73.39851379394531,24.149999618530273,25.25
2016-01-26,160.3496551513672,95.7134246826172,22.114078521728516,85.27851104736328,107.29000091552734,10.458064079284668,21.494855880737305,73.3824234008789,22.5,23.290000915527344
2016-01-27,158.6045684814453,93.32869720458984,21.86811256408691,85.34154510498047,107.69000244140624,10.584879875183104,21.478147506713867,73.39851379394531,23.110000610351562,24.469999313354492
2016-01-28,159.43075561523438,94.6463394165039,21.75423812866211,85.45176696777344,106.54000091552734,10.703240394592283,21.377901077270508,73.39851379394531,22.420000076293945,24.020000457763672
2016-01-29,163.3172149658203,96.62278747558594,22.647001266479492,85.90850067138672,106.9499969482422,10.804692268371582,21.603458404541016,73.41458892822266,20.200000762939453,22.65999984741211
2016-02-01,163.25823974609375,96.8825912475586,22.74720764160156,85.71054077148438,108.0500030517578,10.601786613464355,21.461444854736328,73.3824234008789,19.979999542236328,22.010000228881836
2016-02-02,160.3159637451172,94.7855453491211,22.123186111450195,86.31766510009766,108.08999633789062,10.415790557861328,21.444732666015625,73.3824234008789,21.979999542236328,23.40999984741211
2016-02-03,161.27703857421875,94.33084869384766,22.15506935119629,86.22307586669922,109.25,10.67787742614746,21.07715606689453,73.39851379394531,21.649999618530273,23.200000762939453
2016-02-04,161.52993774414062,94.32159423828124,22.58323097229004,86.42803192138672,110.56999969482422,10.660966873168944,20.935138702392575,73.41458892822266,21.84000015258789,23.65999984741211
2016-02-05,158.45278930664062,91.04608154296876,21.79523277282715,86.53844451904297,112.31999969482422,10.59333324432373,21.027034759521484,73.41458892822266,23.3799991607666,24.479999542236328
2016-02-08,156.31983947753906,89.65421295166016,21.330636978149418,87.18501281738281,113.83000183105467,10.542607307434082,20.976909637451172,73.39851379394531,26.0,25.979999542236328
2016-02-09,156.32830810546875,89.37583923339844,21.23953437805176,87.20079803466797,113.58000183105467,10.27206802368164,20.826536178588867,73.41458892822266,26.540000915527344,26.799999237060547
2016-02-10,156.1934051513672,89.71916198730469,20.93435859680176,87.46102905273438,114.45999908447266,10.28897476196289,20.784765243530273,73.39851379394531,26.290000915527344,26.719999313354492
2016-02-11,154.16163635253906,89.5892333984375,20.78404426574707,87.86312103271484,119.05999755859376,10.415790557861328,20.72628593444824,73.41458892822266,28.139999389648438,27.719999313354492
2016-02-12,157.33999633789062,90.95326232910156,21.19398307800293,87.19291687011719,118.36000061035156,10.567970275878906,20.81818389892578,73.39851379394531,25.399999618530273,26.229999542236328
2016-02-16,159.99554443359375,93.00396728515624,21.91366195678711,86.93267822265625,114.7699966430664,10.449609756469728,21.001970291137695,73.39851379394531,24.110000610351562,25.010000228881836
2016-02-17,162.60910034179688,95.11028289794922,22.437475204467773,86.71981811523438,115.4800033569336,10.669422149658203,20.993616104125977,73.39851379394531,22.309999465942383,23.549999237060547
2016-02-18,161.94305419921875,94.02465057373048,22.346378326416016,87.12194061279297,118.29000091552734,10.610241889953612,21.001970291137695,73.41458892822266,21.639999389648438,23.200000762939453
2016-02-19,161.8671417236328,94.30301666259766,22.387371063232425,87.12194061279297,117.58000183105467,10.51724338531494,20.943492889404297,73.41458892822266,20.530000686645508,22.799999237060547
2016-02-22,164.2108917236328,95.8340835571289,22.75176429748535,87.03519439697266,115.48999786376952,10.67787742614746,21.10222053527832,73.41458892822266,19.3799991607666,21.6200008392334
2016-02-23,162.13694763183594,94.2566375732422,22.36915397644043,87.20868682861328,117.22000122070312,10.534151077270508,21.11057472229004,73.39851379394531,20.979999542236328,22.440000534057617
2016-02-24,162.87876892089844,95.15666961669922,22.65611267089844,87.20868682861328,117.61000061035156,10.669422149658203,21.127281188964844,73.41458892822266,20.719999313354492,22.34000015258789
2016-02-25,164.85157775878906,96.0938720703125,22.92029571533203,87.46890258789062,117.91999816894533,10.660966873168944,21.11057472229004,73.39851379394531,19.110000610351562,21.239999771118164
2016-02-26,164.47219848632812,95.97322082519533,23.04783058166504,87.0430908203125,117.11000061035156,10.64405918121338,21.25259017944336,73.39851379394531,19.809999465942383,21.860000610351562
2016-02-29,163.18238830566406,95.11028289794922,22.970399856567383,87.18501281738281,118.63999938964844,10.779329299926758,21.294361114501953,73.41458892822266,20.549999237060547,22.389999389648438
2016-03-01,167.0182342529297,98.16310119628906,23.67641258239746,86.50355529785156,117.7699966430664,10.7877836227417,21.30271339416504,73.41458892822266,17.700000762939453,20.280000686645508
2016-03-02,167.76856994628906,98.20018005371094,23.79939079284668,86.35359954833984,118.68000030517578,10.846963882446287,21.28600692749023,73.39851379394531,17.09000015258789,19.920000076293945
2016-03-03,168.42616271972656,98.0146255493164,23.85405158996582,86.4561996459961,120.7300033569336,10.906145095825195,21.152341842651367,73.41458892822266,16.700000762939453,19.489999771118164
2016-03-04,168.97413635253906,98.05175018310548,24.00891876220703,86.16402435302734,120.54000091552734,11.117504119873049,21.09386444091797,73.41458892822266,16.860000610351562,19.6299991607666
2016-03-07,169.10903930664062,97.4486083984375,24.10001564025879,85.9903335571289,121.13999938964844,11.320408821105955,21.052095413208008,73.41458892822266,17.350000381469727,19.899999618530273
2016-03-08,167.2627410888672,96.64134979248048,23.64452362060547,86.48776245117188,120.58000183105467,11.168231010437012,21.060449600219727,73.39851379394531,18.670000076293945,21.040000915527344
2016-03-09,168.08895874023438,97.26302337646484,23.81305503845215,86.14822387695312,119.58000183105467,11.337318420410156,21.068801879882812,73.41458892822266,18.34000015258789,20.75
2016-03-10,168.22381591796875,97.11456298828124,23.940595626831055,85.84029388427734,121.5,11.320408821105955,20.85995101928711,73.41458892822266,18.049999237060547,20.709999084472656
2016-03-11,170.9384765625,98.81263732910156,24.423416137695312,85.59548950195312,119.41000366210938,11.362680435180664,20.843244552612305,73.39851379394531,16.5,19.469999313354492
2016-03-14,170.71926879882812,98.97966003417967,24.314098358154297,85.65868377685547,117.87000274658205,11.261228561401367,20.926782608032227,73.39851379394531,16.920000076293945,19.420000076293945
2016-03-15,170.44107055664062,98.94251251220705,24.23211097717285,85.64290618896484,117.95999908447266,11.168231010437012,20.943492889404297,73.39851379394531,16.84000015258789,19.329999923706055
2016-03-16,171.42745971679688,99.82405090332033,24.51451301574707,86.0929946899414,120.58999633789062,11.362680435180664,20.71793556213379,73.41458892822266,14.989999771118164,18.479999542236328
2016-03-17,172.51499938964844,99.76838684082033,24.683042526245117,86.1877212524414,120.12999725341795,11.489497184753418,20.53414726257324,73.39851379394531,14.4399995803833,18.139999389648438
2016-03-18,173.1929168701172,99.92473602294922,24.997331619262695,86.33776092529297,119.8000030517578,11.48104190826416,20.584266662597656,73.39851379394531,14.020000457763672,17.93000030517578
2016-03-21,173.43862915039062,100.31559753417967,24.997331619262695,86.0929946899414,118.95999908447266,11.514860153198242,20.651100158691406,73.41458892822266,13.789999961853027,17.59000015258789
2016-03-22,173.34544372558594,100.62272644042967,24.98366928100586,85.9113540649414,119.30999755859376,11.599404335021973,20.70958137512207,73.41458892822266,14.170000076293945,17.75
2016-03-23,172.20147705078125,99.79442596435548,24.687599182128903,86.30619812011719,116.61000061035156,11.35422706604004,20.81818389892578,73.39851379394531,14.9399995803833,18.299999237060547
2016-03-24,172.12518310546875,99.82238006591795,24.64660263061523,86.21927642822266,116.33000183105467,11.286591529846191,20.826536178588867,73.41458892822266,14.739999771118164,18.270000457763672
2016-03-28,172.22686767578125,99.68274688720705,24.637496948242188,86.34564971923828,116.5999984741211,11.320408821105955,20.784765243530273,73.41458892822266,15.239999771118164,18.299999237060547
2016-03-29,173.82000732421875,101.28350067138672,24.979114532470703,86.93001556396484,118.76000213623048,11.29504680633545,20.60097885131836,73.41458892822266,13.819999694824219,17.239999771118164
2016-03-30,174.58265686035156,101.7767333984375,25.229633331298828,86.81155395507812,117.0999984741211,11.252775192260742,20.53414726257324,73.41458892822266,13.5600004196167,16.920000076293945
2016-03-31,174.15890502929688,101.62783813476562,25.08843421936035,87.12740325927734,117.63999938964844,11.23586654663086,20.500730514526367,73.41458892822266,13.949999809265137,17.079999923706055
2016-04-01,175.3452911376953,102.70738983154295,25.206857681274418,87.10205841064453,116.93000030517578,11.041415214538574,20.49237632751465,73.41458892822266,13.100000381469727,16.5
2016-04-04,174.7775115966797,102.3165054321289,25.011001586914062,87.20490264892578,116.1500015258789,10.889236450195312,20.47566795349121,73.41458892822266,14.119999885559082,17.229999542236328
2016-04-05,173.0318603515625,101.33002471923828,24.824247360229492,87.5528564453125,117.66000366210938,10.863872528076172,20.49237632751465,73.4306411743164,15.420000076293945,18.3799991607666
2016-04-06,174.92161560058594,102.99590301513672,25.056547164916992,87.36305236816406,116.94000244140624,10.982233047485352,20.450607299804688,73.4306411743164,14.09000015258789,17.280000686645508
2016-04-07,172.8285369873047,101.51614379882812,24.72403907775879,87.81378936767578,118.61000061035156,10.948418617248535,20.47566795349121,73.41458892822266,16.15999984741211,18.860000610351562
2016-04-08,173.29458618164062,101.4416961669922,24.842466354370117,87.67938232421875,118.43000030517578,11.21050262451172,20.400480270385746,73.4306411743164,15.359999656677246,18.31999969482422
2016-04-11,172.8878631591797,101.06941986083984,24.869796752929688,87.66356658935547,120.02999877929688,11.29504680633545,20.350360870361328,73.41458892822266,16.260000228881836,18.889999389648438
2016-04-12,174.4978790283203,101.91632843017578,24.82880210876465,87.3155746459961,120.0500030517578,11.54022216796875,20.350360870361328,73.41458892822266,14.850000381469727,17.969999313354492
2016-04-13,176.26051330566406,103.21925354003906,25.334396362304688,87.37885284423828,118.7699966430664,11.599404335021973,20.509082794189453,73.4306411743164,13.84000015258789,17.260000228881836
2016-04-14,176.26901245117188,103.22856903076172,25.061105728149418,87.17325592041016,117.11000061035156,11.5064058303833,20.55921173095703,73.4306411743164,13.720000267028809,17.239999771118164
2016-04-15,176.07406616210938,102.9679718017578,24.87434959411621,87.43421936035156,117.91999816894533,11.464134216308594,20.500730514526367,73.41458892822266,13.619999885559082,17.15999984741211
2016-04-18,177.3113555908203,103.51708221435548,24.90623664855957,87.34723663330078,117.73999786376952,11.514860153198242,20.458961486816406,73.4306411743164,13.350000381469727,16.510000228881836
2016-04-19,177.87062072753906,102.88421630859376,24.696712493896484,87.20490264892578,119.58000183105467,11.76003646850586,20.35871124267578,73.4306411743164,13.239999771118164,16.469999313354492
2016-04-20,178.0400848388672,102.9679718017578,24.815135955810547,86.76202392578125,118.97000122070312,11.98830509185791,20.47566795349121,73.4306411743164,13.279999732971191,16.600000381469727
2016-04-21,177.08251953125,102.97727966308594,24.67848777770996,86.61962127685547,119.41999816894533,11.937578201293944,20.47566795349121,73.41458892822266,13.949999809265137,17.139999389648438
2016-04-22,177.08251953125,101.42310333251952,24.692157745361328,86.52477264404297,117.88999938964844,11.886853218078612,20.592626571655273,73.4306411743164,13.220000267028809,16.639999389648438
2016-04-25,176.77740478515625,101.42310333251952,24.569169998168945,86.4299087524414,118.2300033569336,11.878398895263672,20.525793075561523,73.41458892822266,14.079999923706055,17.219999313354492
2016-04-26,177.04013061523438,100.92982482910156,24.833356857299805,86.2479248046875,118.6999969482422,12.030576705932615,20.467313766479492,73.4306411743164,13.960000038146973,16.920000076293945
2016-04-27,177.40451049804688,100.12017059326172,25.1248722076416,86.72248840332031,119.04000091552734,12.140483856201172,20.442251205444336,73.4306411743164,13.770000457763672,16.770000457763672
2016-04-28,175.79443359375,98.91031646728516,24.5008487701416,87.02301025390625,121.29000091552734,12.208118438720703,20.275175094604492,73.4306411743164,15.220000267028809,17.780000686645508
2016-04-29,174.84536743164062,98.3891143798828,23.895042419433594,86.99140930175781,123.6500015258789,12.326480865478516,20.133153915405273,73.4466781616211,15.699999809265137,18.450000762939453
2016-05-02,176.23509216308594,99.3198013305664,24.054466247558594,86.73870849609375,123.23999786376952,12.157393455505373,20.05797004699707,73.4306411743164,14.680000305175781,17.780000686645508
2016-05-03,174.70126342773438,98.3984832763672,23.8039493560791,87.25354766845703,122.95999908447266,11.971396446228027,20.116445541381836,73.4466781616211,15.600000381469727,18.56999969482422
2016-05-04,173.7267303466797,97.76561737060548,23.548873901367188,87.41190338134766,122.20999908447266,11.979850769042969,20.191633224487305,73.4306411743164,16.049999237060547,18.90999984741211
2016-05-05,173.69287109375,97.7376708984375,23.635417938232425,87.6495132446289,122.06999969482422,11.861488342285156,20.291881561279297,73.4306411743164,15.90999984741211,18.920000076293945
2016-05-06,174.32847595214844,98.25885009765624,23.639968872070312,87.4435806274414,123.18000030517578,11.937578201293944,20.31694221496582,73.4466781616211,14.720000267028809,18.270000457763672
2016-05-09,174.4724884033203,98.53803253173828,23.6171932220459,87.60993957519531,120.6500015258789,11.675493240356444,20.37542152404785,73.4466781616211,14.569999694824219,18.049999237060547
2016-05-10,176.64190673828125,99.88748931884766,23.88138008117676,87.5940170288086,120.9800033569336,11.96294116973877,20.392126083374023,73.4466781616211,13.630000114440918,17.18000030517578
2016-05-11,174.98944091796875,98.98477935791016,23.772066116333008,87.72870635986328,122.12000274658205,12.241935729980469,20.291881561279297,73.41458892822266,14.6899995803833,18.020000457763672
2016-05-12,175.04031372070312,98.54734802246094,23.348459243774418,87.49112701416016,121.16000366210938,12.258845329284668,20.3670654296875,73.41458892822266,14.40999984741211,17.75
2016-05-13,173.51492309570312,98.18441772460938,23.416778564453125,87.82377624511719,121.70999908447266,12.241935729980469,20.458961486816406,73.41458892822266,15.039999961853027,18.25
2016-05-16,175.22671508789062,99.41285705566406,23.88593292236328,87.50691986083984,121.8000030517578,12.37720775604248,20.450607299804688,73.41458892822266,14.680000305175781,17.700000762939453
2016-05-17,173.59115600585938,98.16578674316406,23.66274642944336,87.38815307617188,122.22000122070312,12.47020435333252,20.450607299804688,73.41458892822266,15.569999694824219,18.43000030517578
2016-05-18,173.64205932617188,98.51942443847656,24.081796646118164,86.6832504272461,120.0999984741211,12.37720775604248,20.592626571655273,73.4306411743164,15.949999809265137,18.540000915527344
2016-05-19,173.04039001464844,98.007568359375,23.872270584106445,86.7704086303711,119.87000274658205,12.343388557434082,20.626041412353516,73.41458892822266,16.329999923706055,18.770000457763672
2016-05-20,174.13352966308594,99.087158203125,24.66482925415039,86.82585906982422,119.70999908447266,12.394116401672363,20.626041412353516,73.4306411743164,15.199999809265137,18.049999237060547
2016-05-23,173.89625549316406,98.95684051513672,24.824247360229492,86.88128662109375,119.37000274658205,12.326480865478516,20.617687225341797,73.4466781616211,15.819999694824219,18.149999618530273
2016-05-24,176.15037536621094,100.93914031982422,25.42549514770508,86.73870849609375,117.3000030517578,12.326480865478516,20.684520721435547,73.41458892822266,14.420000076293945,17.079999923706055
2016-05-25,177.34519958496094,101.66505432128906,25.566694259643555,86.6991195678711,116.9800033569336,12.47020435333252,20.626041412353516,73.4306411743164,13.899999618530273,16.770000457763672
2016-05-26,177.39601135253906,101.9628677368164,25.653240203857425,86.96839141845703,116.58000183105467,12.461750030517578,20.592626571655273,73.4306411743164,13.430000305175781,16.559999465942383
2016-05-27,178.15875244140625,102.49335479736328,25.82176971435547,86.8021240234375,115.62000274658205,12.512476921081545,20.70958137512207,73.4466781616211,13.119999885559082,16.309999465942383
2016-05-31,177.81976318359375,102.68875885009766,25.91742515563965,86.90503692626953,116.05999755859376,12.436387062072754,20.7513484954834,73.4466781616211,14.1899995803833,16.6299991607666
2016-06-01,178.1841278076172,102.69808959960938,26.02219009399414,86.87565612792969,115.94000244140624,12.563202857971191,20.63439559936523,73.4466781616211,14.199999809265137,16.700000762939453
2016-06-02,178.72647094726562,102.91214752197266,26.01763343811035,87.14535522460938,115.66999816894533,12.588565826416016,20.659454345703125,73.4306411743164,13.630000114440918,16.3700008392334
2016-06-03,178.192626953125,102.42819213867188,26.06773567199707,87.95443725585938,118.87999725341795,12.67310905456543,20.333648681640625,73.4466781616211,13.470000267028809,16.489999771118164
2016-06-06,179.09934997558594,102.80047607421876,26.00396728515625,87.7243423461914,118.91999816894533,12.825289726257324,20.333648681640625,73.46280670166016,13.649999618530273,16.440000534057617
2016-06-07,179.37901306152344,102.53985595703124,26.277257919311523,87.85130310058594,118.81999969482422,12.952103614807127,20.300233840942383,73.46280670166016,14.050000190734863,16.6299991607666
2016-06-08,179.96368408203125,102.71670532226562,26.281816482543945,87.95443725585938,120.58000183105467,13.171916961669922,20.24175453186035,73.46280670166016,14.079999923706055,16.790000915527344
2016-06-09,179.71792602539062,102.54920196533205,26.281816482543945,88.0892333984375,121.25,13.146554946899414,20.333648681640625,73.4306411743164,14.640000343322754,17.31999969482422
2016-06-10,178.01463317871094,101.38584899902344,25.826324462890625,88.3985595703125,121.73999786376952,12.985921859741213,20.467313766479492,73.4306411743164,17.030000686645508,18.940000534057617
2016-06-13,176.64190673828125,100.53897857666016,25.71700668334961,88.57308959960938,122.63999938964844,12.985921859741213,20.417190551757812,73.4306411743164,20.969999313354492,21.8700008392334
2016-06-14,176.29443359375,100.53897857666016,25.68512535095215,88.54926300048828,122.7699966430664,12.90137767791748,20.542499542236328,73.4306411743164,20.5,21.940000534057617
2016-06-15,176.04864501953125,100.25047302246094,25.65779685974121,88.81896209716797,123.68000030517578,12.83374309539795,20.49237632751465,73.4306411743164,20.139999389648438,21.809999465942383
2016-06-16,176.57408142089844,100.54827117919922,25.67146110534668,88.91417694091797,122.37999725341795,12.61392879486084,20.467313766479492,73.4466781616211,19.3700008392334,21.15999984741211
2016-06-17,175.91647338867188,99.36973571777344,25.498374938964844,88.61273193359375,123.9499969482422,12.909832000732422,20.37542152404785,73.4306411743164,19.40999984741211,21.309999465942383
2016-06-20,177.04937744140625,99.9949188232422,25.92653465270996,88.23197937011719,123.20999908447266,13.028193473815918,20.25846290588379,73.4466781616211,18.3700008392334,19.809999465942383
2016-06-21,177.5519256591797,100.31217956542967,26.049514770507812,88.03370666503906,120.83999633789062,12.926739692687988,20.35871124267578,73.4466781616211,18.479999542236328,19.690000534057617
2016-06-22,177.26234436035156,100.06958770751952,26.01763343811035,88.20818328857422,120.9000015258789,12.850650787353516,20.26681900024414,73.4466781616211,21.170000076293945,21.079999923706055
2016-06-23,179.5707244873047,101.49723052978516,26.66898536682129,87.78787231445312,120.11000061035156,12.952103614807127,20.17492294311523,73.4466781616211,17.25,18.420000076293945
2016-06-24,173.1225128173828,97.31683349609376,25.111204147338867,89.00135040283203,126.0,12.690018653869627,20.701229095458984,73.4306411743164,25.760000228881836,23.93000030517578
2016-06-27,170.0219268798828,95.3852081298828,24.33687210083008,89.77074432373047,126.68000030517578,12.664654731750488,20.87666130065918,73.4306411743164,23.850000381469727,23.68000030517578
2016-06-28,173.0884552001953,97.47542572021484,25.001890182495117,89.7548828125,125.31999969482422,12.867560386657717,20.776416778564453,73.4306411743164,18.75,20.260000228881836
2016-06-29,176.0356903076172,99.20173645019533,25.51203727722168,89.39000701904297,125.83999633789062,13.05355739593506,20.70958137512207,73.4306411743164,16.639999389648438,18.729999542236328
2016-06-30,178.43785095214844,100.3495101928711,25.967527389526367,89.58830261230469,126.47000122070312,12.977466583251951,20.7513484954834,73.4306411743164,15.630000114440918,18.09000015258789
2016-07-01,178.81263732910156,100.85342407226562,25.776222229003903,89.82501220703125,128.41000366210938,13.138099670410156,20.684520721435547,73.46280670166016,14.770000457763672,17.649999618530273
2016-07-05,177.52638244628906,100.23754119873048,25.36627960205078,90.31744384765624,129.47000122070312,12.766108512878418,20.826536178588867,73.46280670166016,15.579999923706055,18.239999771118164
2016-07-06,178.5911407470703,101.05868530273438,25.402721405029297,90.3333740234375,130.22999572753906,12.816834449768066,20.76805877685547,73.4466781616211,14.960000038146973,17.739999771118164
2016-07-07,178.4804229736328,101.35728454589844,25.689682006835938,90.2142105102539,129.74000549316406,12.453296661376951,20.81818389892578,73.46280670166016,14.760000228881836,17.760000228881836
2016-07-08,181.13804626464844,102.92497253417967,26.39113426208496,90.3890151977539,130.52000427246094,12.580111503601074,20.826536178588867,73.4466781616211,13.199999809265137,16.489999771118164
2016-07-11,181.7769012451172,103.5128402709961,26.746416091918945,89.91239929199219,129.2899932861328,12.52938461303711,20.8850154876709,73.46280670166016,13.539999961853027,16.489999771118164
2016-07-12,183.0972595214844,104.03536987304688,27.037931442260746,89.38021087646484,127.1500015258789,12.766108512878418,20.86830711364746,73.4306411743164,13.550000190734863,16.170000076293945
2016-07-13,183.07174682617188,103.7834701538086,27.0424861907959,89.61054229736328,128.32000732421875,12.605474472045898,20.81818389892578,73.4466781616211,13.039999961853027,15.970000267028809
2016-07-14,184.09388732910156,104.49266052246094,27.27023124694824,89.23723602294922,127.33000183105467,12.65619945526123,20.76805877685547,73.46280670166016,12.819999694824219,15.859999656677246
2016-07-15,183.84683227539065,104.32469177246094,27.192800521850582,88.89570617675781,126.83999633789062,12.62238311767578,20.851600646972656,73.4466781616211,12.670000076293945,15.989999771118164
2016-07-18,184.34088134765625,105.0151824951172,27.985353469848633,88.87187957763672,127.04000091552734,12.563202857971191,20.86830711364746,73.4466781616211,12.4399995803833,15.770000457763672
2016-07-19,184.1534881591797,104.63259887695312,27.876035690307617,89.11019134521484,127.20999908447266,12.48711395263672,20.968555450439453,73.46280670166016,11.970000267028809,15.739999771118164
2016-07-20,184.9201507568359,105.8550262451172,28.304195404052734,88.92745208740234,125.38999938964844,12.402569770812988,20.985261917114254,73.46280670166016,11.770000457763672,15.4399995803833
2016-07-21,184.2216339111328,105.6124038696289,28.062782287597656,89.12604522705078,127.3000030517578,12.334936141967772,20.95184898376465,73.46280670166016,12.739999771118164,16.100000381469727
2016-07-22,185.04791259765625,106.05096435546876,28.23131561279297,89.05459594726562,126.3499984741211,12.309571266174316,21.060449600219727,73.46280670166016,12.020000457763672,15.800000190734863
2016-07-25,184.54539489746097,106.06031036376952,28.36341094970703,88.98304748535156,125.47000122070312,12.17430019378662,21.027034759521484,73.4466781616211,12.869999885559082,16.270000457763672
2016-07-26,184.63055419921875,106.18161010742188,29.183292388916016,89.03874969482422,126.0,12.123575210571287,21.001970291137695,73.4466781616211,13.050000190734863,16.31999969482422
2016-07-27,184.4345703125,106.91880798339844,29.078533172607425,89.41995239257812,128.02999877929688,12.00521469116211,20.901721954345703,73.46280670166016,12.829999923706055,16.100000381469727
2016-07-28,184.6475830078125,107.29204559326172,29.042089462280273,89.46759796142578,127.66000366210938,11.971396446228027,20.893367767333984,73.4466781616211,12.720000267028809,16.0
2016-07-29,184.9456787109375,107.52536010742188,28.923667907714844,89.80913543701172,128.97999572753906,12.072848320007324,20.60933303833008,73.46280670166016,11.869999885559082,15.420000076293945
2016-08-01,184.79237365722656,108.09454345703124,29.005651473999023,89.4973373413086,129.22000122070312,11.861488342285156,20.667810440063477,73.4466781616211,12.4399995803833,15.699999809265137
2016-08-02,183.6083068847656,107.27337646484376,28.62303924560547,89.28260040283203,130.27000427246094,11.844581604003906,20.525793075561523,73.46280670166016,13.369999885559082,16.389999389648438
2016-08-03,184.1449737548828,107.6279754638672,28.6959171295166,89.33031463623047,129.64999389648438,12.03903102874756,20.64274787902832,73.4466781616211,12.859999656677246,16.079999923706055
2016-08-04,184.34088134765625,107.9359130859375,28.900888442993164,89.54503631591797,129.8699951171875,12.08975887298584,20.676164627075195,73.4466781616211,12.420000076293945,15.710000038146973
2016-08-05,185.8486328125,108.97167205810548,29.237953186035156,88.9882583618164,127.5500030517578,12.140483856201172,20.784765243530273,73.4466781616211,11.390000343322754,15.140000343322754
2016-08-08,185.7378692626953,108.85035705566406,29.237953186035156,88.94053649902344,127.44000244140624,12.208118438720703,20.80147361755371,73.4466781616211,11.5,15.15999984741211
2016-08-09,185.8486328125,109.10233306884766,29.43381690979004,89.25869750976562,127.95999908447266,12.17430019378662,20.75970458984375,73.4466781616211,11.65999984741211,15.109999656677246
2016-08-10,185.3886260986328,108.82238006591795,29.237953186035156,89.4973373413086,128.55999755859375,12.030576705932615,20.651100158691406,73.4466781616211,12.050000190734863,15.40999984741211
2016-08-11,186.2489776611328,109.28897094726562,29.35637855529785,89.06784057617188,127.66999816894533,12.21657371520996,20.70958137512207,73.4466781616211,11.680000305175781,15.300000190734863
2016-08-12,186.08706665039065,109.36360168457033,29.4793643951416,89.385986328125,127.4000015258789,12.309571266174316,20.676164627075195,73.4466781616211,11.550000190734863,15.260000228881836
2016-08-15,186.62374877929688,109.83016967773438,29.811870574951172,89.12353515625,127.83999633789062,12.512476921081545,20.64274787902832,73.4466781616211,11.8100004196167,15.380000114440918
2016-08-16,185.6612243652344,109.2236328125,29.638784408569336,88.97239685058594,128.47000122070312,12.61392879486084,20.458961486816406,73.4466781616211,12.640000343322754,16.020000457763672
2016-08-17,186.01043701171875,109.41960906982422,29.575014114379883,89.11554718017578,128.5,12.664654731750488,20.47566795349121,73.4466781616211,12.1899995803833,15.520000457763672
2016-08-18,186.42788696289065,109.44760131835938,29.802762985229492,89.27458953857422,129.11000061035156,12.825289726257324,20.325294494628903,73.46280670166016,11.430000305175781,15.15999984741211
2016-08-19,186.15525817871097,109.41960906982422,29.95762634277344,88.97239685058594,127.97000122070312,12.783016204833984,20.400480270385746,73.4466781616211,11.34000015258789,15.130000114440918
2016-08-22,186.1467742919922,109.50358581542967,29.96673583984375,89.17123413085938,127.77999877929688,12.664654731750488,20.425546646118164,73.4466781616211,12.270000457763672,15.5
2016-08-23,186.52154541015625,109.69952392578124,30.11249732971191,89.16327667236328,127.76000213623048,12.715381622314451,20.408838272094727,73.4466781616211,12.380000114440918,15.420000076293945
2016-08-24,185.56752014160156,108.99037170410156,29.875638961791992,89.13147735595703,126.33999633789062,12.563202857971191,20.467313766479492,73.46280670166016,13.449999809265137,16.0
2016-08-25,185.4397430419922,108.81304931640624,29.975847244262695,88.9882583618164,126.2300033569336,12.61392879486084,20.467313766479492,73.4466781616211,13.630000114440918,16.1299991607666
2016-08-26,185.09046936035156,108.97167205810548,30.10338020324707,88.64622497558594,126.0500030517578,12.571657180786133,20.617687225341797,73.4466781616211,13.649999618530273,16.239999771118164
2016-08-29,186.0018768310547,109.12097930908205,30.208148956298828,89.01209259033203,126.3000030517578,12.520931243896484,20.63439559936523,73.46280670166016,12.9399995803833,15.930000305175781
2016-08-30,185.6953125,108.76638793945312,30.158044815063477,89.0042495727539,125.02999877929688,12.402569770812988,20.742998123168945,73.46280670166016,13.119999885559082,16.030000686645508
2016-08-31,185.16712951660156,108.65443420410156,30.158044815063477,88.9007797241211,124.77999877929688,12.165846824645996,20.734642028808594,73.46280670166016,13.420000076293945,16.139999389648438
2016-09-01,185.1756591796875,108.93434143066406,30.435895919799805,89.04019927978516,125.29000091552734,12.030576705932615,20.659454345703125,73.46280670166016,13.479999542236328,16.309999465942383
2016-09-02,186.01043701171875,109.28897094726562,30.408567428588867,88.80916595458984,126.56999969482422,12.165846824645996,20.70958137512207,73.47885131835938,11.979999542236328,15.649999618530273
2016-09-06,186.5726623535156,109.97014617919922,30.404006958007812,89.22337341308594,128.7100067138672,12.250391006469728,20.467313766479492,73.47885131835938,12.020000457763672,15.5600004196167
2016-09-07,186.55563354492188,110.03546142578124,30.20359230041504,89.27117156982422,128.27000427246094,12.360297203063965,20.500730514526367,73.46280670166016,11.9399995803833,15.489999771118164
2016-09-08,186.12974548339844,109.3916244506836,30.144380569458008,88.83309173583984,127.58999633789062,12.580111503601074,20.525793075561523,73.46280670166016,12.510000228881836,15.8100004196167
2016-09-09,181.67474365234375,106.63884735107422,29.05120086669922,88.41097259521484,126.75,12.385660171508787,20.584266662597656,73.47885131835938,17.5,18.829999923706055
2016-09-12,184.2812957763672,108.55179595947266,29.647891998291016,88.49059295654297,126.58999633789062,12.385660171508787,20.550853729248047,73.4466781616211,15.15999984741211,17.270000457763672
2016-09-13,181.6321563720703,107.58130645751952,29.324493408203125,88.16407775878906,125.75,12.225027084350586,20.63439559936523,73.46280670166016,17.850000381469727,19.049999237060547
2016-09-14,181.56393432617188,108.09454345703124,29.57046127319336,88.3631591796875,126.18000030517578,12.13202953338623,20.584266662597656,73.46280670166016,18.139999389648438,19.350000381469727
2016-09-15,183.37835693359375,109.77418518066406,30.303800582885746,88.38706970214844,125.37000274658205,12.19120979309082,20.57591438293457,73.46280670166016,16.299999237060547,18.190000534057617
2016-09-16,182.66944885253903,109.72181701660156,30.317466735839844,88.482666015625,125.05999755859376,12.208118438720703,20.742998123168945,73.46280670166016,15.369999885559082,17.8799991607666
2016-09-19,182.70375061035156,109.24471282958984,30.422229766845703,88.331298828125,125.31999969482422,12.199666023254396,20.692873001098633,73.46280670166016,15.529999732971191,17.780000686645508
2016-09-20,182.71229553222656,109.4505386352539,30.308353424072266,88.46672058105469,125.44000244140624,12.241935729980469,20.72628593444824,73.46280670166016,15.920000076293945,17.989999771118164
2016-09-21,184.7669677734375,110.5263214111328,30.72740936279297,88.61006164550781,127.2699966430664,12.394116401672363,20.63439559936523,73.46280670166016,13.300000190734863,16.65999984741211
2016-09-22,185.9312744140625,111.40564727783205,30.8731632232666,88.87293243408203,127.56999969482422,12.461750030517578,20.60933303833008,73.47885131835938,12.020000457763672,15.9399995803833
2016-09-23,184.91249084472656,110.69469451904295,30.513330459594727,88.91271209716797,127.6500015258789,12.318025588989258,20.617687225341797,73.47885131835938,12.289999961853027,16.049999237060547
2016-09-26,183.4143218994141,109.76854705810548,30.23092460632324,89.16761016845703,127.5500030517578,12.402569770812988,20.57591438293457,73.47885131835938,14.5,17.280000686645508
2016-09-27,184.5529632568359,110.85372161865234,30.72740936279297,89.31897735595703,126.62000274658205,12.284208297729492,20.592626571655273,73.46280670166016,13.100000381469727,16.450000762939453
2016-09-28,185.468994140625,111.04082489013672,30.768402099609375,89.27909088134766,126.22000122070312,12.571657180786133,20.60933303833008,73.46280670166016,12.390000343322754,16.010000228881836
2016-09-29,183.7909698486328,110.23629760742188,31.14645195007324,89.33486938476562,126.06999969482422,12.647747039794922,20.626041412353516,73.46280670166016,14.020000457763672,16.8700008392334
2016-09-30,185.1779022216797,111.05951690673828,31.6429443359375,89.11182403564453,125.63999938964844,12.690018653869627,20.617687225341797,73.47885131835938,13.289999961853027,16.3700008392334
2016-10-03,184.7327117919922,110.90052032470705,31.396976470947266,88.9045181274414,125.31999969482422,12.799924850463867,20.659454345703125,73.46280670166016,13.569999694824219,16.399999618530273
2016-10-04,183.7909698486328,110.73211669921876,31.264883041381836,88.49772644042969,120.97000122070312,12.766108512878418,20.7513484954834,73.47885131835938,13.630000114440918,16.469999313354492
2016-10-05,184.6042938232422,111.12505340576172,31.506303787231445,88.2983627319336,120.77999877929688,12.842196464538574,20.776416778564453,73.47885131835938,12.989999771118164,16.219999313354492
2016-10-06,184.7327117919922,111.0688934326172,31.688491821289062,88.1148681640625,119.66000366210938,12.867560386657717,20.8850154876709,73.47885131835938,12.84000015258789,16.06999969482422
2016-10-07,184.09913635253903,110.82569122314452,31.711271286010746,88.24250793457031,119.73999786376952,12.83374309539795,20.851600646972656,73.47885131835938,13.479999542236328,16.440000534057617
2016-10-10,185.05804443359375,111.5272445678711,31.611059188842773,88.01123046875,120.16000366210938,12.977466583251951,20.935138702392575,73.47885131835938,13.380000114440918,15.949999809265137
2016-10-11,182.72088623046875,109.93695068359376,30.959707260131836,87.98731994628906,119.5500030517578,12.90137767791748,21.09386444091797,73.46280670166016,15.359999656677246,16.940000534057617
2016-10-12,182.9605407714844,109.84339904785156,30.959707260131836,87.98731994628906,119.73999786376952,12.808379173278809,21.152341842651367,73.47885131835938,15.90999984741211,17.020000457763672
2016-10-13,182.36126708984375,109.4505386352539,30.60442352294922,88.1707534790039,120.02999877929688,12.892924308776855,21.07715606689453,73.46280670166016,16.690000534057617,17.59000015258789
2016-10-14,182.45542907714844,109.58148956298828,30.800281524658203,87.89954376220703,119.36000061035156,12.90137767791748,21.185760498046875,73.46280670166016,16.1200008392334,17.420000076293945
2016-10-17,181.8219451904297,109.28213500976562,30.672748565673828,88.09100341796875,119.68000030517578,12.918286323547363,21.13563537597656,73.46280670166016,16.209999084472656,17.469999313354492
2016-10-18,182.9605407714844,110.25501251220705,31.018922805786133,88.26642608642578,120.41999816894533,12.943650245666504,21.152341842651367,73.46280670166016,15.279999732971191,16.920000076293945
2016-10-19,183.44851684570312,110.24567413330078,30.700082778930664,88.30632781982422,121.11000061035156,13.028193473815918,21.160694122314453,73.47885131835938,14.40999984741211,16.459999084472656
2016-10-20,183.10609436035156,110.1147003173828,30.96881675720215,88.22657775878906,120.73999786376952,12.909832000732422,21.227527618408203,73.46280670166016,13.75,16.229999542236328
2016-10-21,183.19171142578125,110.5263214111328,30.92782211303711,88.32228088378906,120.83000183105467,12.96055793762207,21.30271339416504,73.46280670166016,13.34000015258789,16.040000915527344
2016-10-24,183.9707489013672,111.85467529296876,31.324098587036133,88.20263671875,120.55999755859376,12.969012260437012,21.327775955200195,73.46280670166016,13.020000457763672,15.609999656677246
2016-10-25,183.3544158935547,111.49919891357422,31.237558364868164,88.18668365478516,121.47000122070312,12.909832000732422,21.31942367553711,73.46280670166016,13.460000038146973,15.8100004196167
2016-10-26,182.98626708984375,110.74147033691406,31.14645195007324,87.99529266357422,120.79000091552734,12.825289726257324,21.31106948852539,73.47885131835938,14.239999771118164,16.25
2016-10-27,182.4982757568359,110.23629760742188,31.055362701416016,87.69219207763672,121.01000213623048,12.90137767791748,21.352840423583984,73.46280670166016,15.359999656677246,16.93000030517578
2016-10-28,181.9588928222656,109.5440673828125,30.877721786499023,87.70816040039062,121.58000183105467,12.816834449768066,21.227527618408203,73.47885131835938,16.190000534057617,17.3700008392334
2016-10-31,181.96746826171875,109.44113159179688,31.096351623535156,87.77992248535156,121.94000244140624,12.647747039794922,21.23588180541992,73.49491882324219,17.059999465942383,17.850000381469727
2016-11-01,180.6490173339844,108.61795806884766,30.80939292907715,87.7831039428711,122.7300033569336,12.706927299499512,21.127281188964844,73.47885131835938,18.559999465942383,18.739999771118164
2016-11-02,179.56178283691406,107.7479476928711,30.618093490600582,88.04672241210938,123.63999938964844,12.554749488830566,21.052095413208008,73.49491882324219,19.31999969482422,19.18000030517578
2016-11-03,178.7399444580078,106.69087982177734,30.49055290222168,87.99076843261719,124.3000030517578,12.512476921081545,20.993616104125977,73.47885131835938,22.079999923706055,20.700000762939453
2016-11-04,178.5430145263672,106.31665802001952,30.33112907409668,88.2623519897461,124.38999938964844,12.427932739257812,20.935138702392575,73.49491882324219,22.510000228881836,21.1299991607666
2016-11-07,182.48109436035156,108.84242248535156,31.242111206054688,87.89498138427734,122.1500015258789,12.478657722473145,21.11057472229004,73.47885131835938,18.709999084472656,18.149999618530273
2016-11-08,183.30300903320312,109.55339050292967,31.296772003173828,87.5834732055664,121.63999938964844,12.461750030517578,21.16905212402344,73.49491882324219,18.739999771118164,18.100000381469727
2016-11-09,185.2463836669922,110.0585708618164,31.046253204345703,86.24967193603516,121.55999755859376,12.520931243896484,21.30271339416504,73.46280670166016,14.380000114440918,16.280000686645508
2016-11-10,185.70864868164065,108.28118133544922,30.467775344848633,85.73052215576172,119.75,12.419477462768556,21.344484329223633,73.46280670166016,14.739999771118164,16.75
2016-11-11,185.2806396484375,108.32795715332033,31.228450775146484,85.55480194091797,117.0999984741211,12.18275547027588,21.377901077270508,73.4306411743164,14.170000076293945,16.489999771118164
2016-11-14,185.42616271972656,107.2334213256836,30.891382217407227,85.05958557128906,116.11000061035156,12.157393455505373,21.58675193786621,73.46280670166016,14.479999542236328,16.700000762939453
2016-11-15,186.87301635742188,108.72083282470705,31.406082153320312,85.05958557128906,117.12000274658205,12.427932739257812,21.620166778564453,73.47885131835938,13.369999885559082,15.75
2016-11-16,186.52197265625,109.3663330078125,31.652055740356445,85.13948059082031,116.7699966430664,12.275754928588867,21.678646087646484,73.47885131835938,13.720000267028809,16.06999969482422
2016-11-17,187.4808654785156,110.1614761352539,31.852468490600582,84.7641372680664,116.16999816894533,12.30111598968506,21.803955078125,73.49491882324219,13.350000381469727,15.640000343322754
2016-11-18,187.0613555908203,109.74987030029295,32.03466796875,84.38871002197266,115.1500015258789,12.402569770812988,21.879140853881836,73.47885131835938,12.850000381469727,15.520000457763672
2016-11-21,188.4739532470703,110.89112854003906,32.24419021606445,84.46060943603516,115.58000183105467,12.749197959899902,21.79560279846191,73.46280670166016,12.420000076293945,15.319999694824219
2016-11-22,188.8420867919922,111.22795104980467,32.61769485473633,84.54048156738281,115.54000091552734,12.732290267944336,21.82901382446289,73.46280670166016,12.40999984741211,15.350000381469727
2016-11-23,188.9447784423828,110.77890014648438,32.567588806152344,84.23694610595703,113.25,12.783016204833984,21.962682723999023,73.46280670166016,12.430000305175781,15.430000305175781
2016-11-25,189.64683532714844,111.13436126708984,32.66324234008789,84.16508483886719,112.61000061035156,12.690018653869627,21.920909881591797,73.47885131835938,12.34000015258789,15.510000228881836
2016-11-28,188.75645446777344,110.8817901611328,32.58125305175781,84.5484619140625,113.8000030517578,12.732290267944336,21.86243438720703,73.46280670166016,13.149999618530273,16.020000457763672
2016-11-29,189.12457275390625,111.2653579711914,32.458274841308594,84.63628387451172,113.2699966430664,12.478657722473145,21.81230926513672,73.46280670166016,12.899999618530273,15.899999618530273
2016-11-30,188.67091369628903,109.9182357788086,32.3671760559082,84.06924438476562,111.75,12.859106063842772,21.92926597595215,73.46280670166016,13.329999923706055,16.100000381469727
2016-12-01,187.97738647460935,108.01925659179688,30.82761573791504,83.74852752685547,111.54000091552734,13.09582805633545,21.81230926513672,73.49655151367188,14.069999694824219,16.670000076293945
2016-12-02,188.0715789794922,108.23440551757812,31.324098587036133,84.12445831298828,112.13999938964844,13.188827514648438,21.762184143066406,73.48046112060547,14.119999885559082,16.780000686645508
2016-12-05,189.20166015625,109.07633209228516,31.638383865356445,84.09247589111328,111.54000091552734,13.256462097167969,21.620166778564453,73.48046112060547,12.140000343322754,15.770000457763672
2016-12-06,189.80091857910156,109.33824920654295,31.984561920166016,84.12445831298828,111.43000030517578,13.197280883789062,21.703706741333008,73.49655151367188,11.789999961853027,15.479999542236328
2016-12-07,192.2836456298828,110.7227554321289,32.62225341796875,84.40441131591797,111.83000183105467,13.09582805633545,21.63687515258789,73.49655151367188,12.220000267028809,15.479999542236328
2016-12-08,192.75450134277344,110.91920471191406,32.81810760498047,84.08445739746094,111.56999969482422,13.12119197845459,21.82901382446289,73.49655151367188,12.640000343322754,15.720000267028809
2016-12-09,193.91883850097656,111.78921508789062,32.649574279785156,83.65255737304688,110.4000015258789,13.188827514648438,21.920909881591797,73.49655151367188,11.75,15.220000267028809
2016-12-12,193.6962432861328,111.28407287597656,32.5129280090332,83.66854858398438,110.81999969482422,13.273370742797852,21.79560279846191,73.48046112060547,12.640000343322754,15.729999542236328
2016-12-13,194.9889984130859,112.68727111816406,33.091407775878906,83.7165298461914,110.4499969482422,13.307188034057615,21.82066345214844,73.49655151367188,12.720000267028809,15.699999809265137
2016-12-14,193.37950134277344,112.45340728759766,32.736122131347656,83.02071380615234,108.83000183105467,13.180373191833496,22.02951431274414,73.49655151367188,13.1899995803833,15.869999885559082
2016-12-15,194.1757049560547,112.63115692138672,33.25994110107422,82.78874969482422,107.33999633789062,13.163463592529297,22.271778106689453,73.49655151367188,12.789999961853027,15.75
2016-12-16,193.7958984375,112.2136001586914,32.83177947998047,82.89273071289062,108.0500030517578,13.222644805908203,22.196592330932617,73.48046112060547,12.199999809265137,15.569999694824219
2016-12-19,194.21791076660156,112.67334747314452,33.23858642578125,83.27664947509766,108.58999633789062,13.146554946899414,22.263425827026367,73.49655151367188,11.710000038146973,15.3100004196167
2016-12-20,194.9670867919922,113.1049346923828,33.28909683227539,83.10067749023438,107.79000091552734,13.205735206604004,22.30519676208496,73.48046112060547,11.449999809265137,15.140000343322754
2016-12-21,194.424560546875,113.02051544189452,33.25696563720703,83.23664093017578,107.8499984741211,13.129646301269531,22.238365173339844,73.49655151367188,11.270000457763672,15.09000015258789
2016-12-22,194.08872985839844,112.70149993896484,33.426841735839844,83.20062255859375,107.58999633789062,13.112737655639648,22.263425827026367,73.48046112060547,11.430000305175781,15.289999961853027
2016-12-23,194.3728790283203,112.7765655517578,33.58295822143555,83.28072357177734,107.93000030517578,13.138099670410156,22.24671745300293,73.48046112060547,11.4399995803833,15.25
2016-12-27,194.8551483154297,113.35823822021484,33.867645263671875,83.1605224609375,108.55999755859376,13.341005325317385,22.238365173339844,73.49655151367188,11.989999771118164,15.359999656677246
2016-12-28,193.2447509765625,112.47632598876952,33.30746841430664,83.46493530273438,108.86000061035156,13.349458694458008,22.296846389770508,73.49491882324219,12.949999809265137,15.930000305175781
2016-12-29,193.20172119140625,112.31682586669922,33.316646575927734,83.72129821777344,110.29000091552734,13.366369247436523,22.171531677246097,73.51102447509766,13.369999885559082,16.15999984741211
2016-12-30,192.49554443359375,111.16275787353516,32.894222259521484,83.96964263916016,109.61000061035156,13.391731262207031,22.104698181152344,73.4788589477539,14.039999961853027,16.540000915527344
2017-01-03,193.9681854248047,112.1573486328125,32.94932556152344,83.92959594726562,110.47000122070312,13.231097221374512,22.30519676208496,73.51102447509766,12.850000381469727,15.5600004196167
2017-01-04,195.1220703125,112.76715850830078,33.054927825927734,84.02571868896484,110.86000061035156,13.332551956176758,22.13811683654785,73.51102447509766,11.850000381469727,14.84000015258789
2017-01-05,194.9670867919922,113.40518951416016,32.86207580566406,84.5704345703125,112.58000183105467,13.400186538696287,21.904203414916992,73.49491882324219,11.670000076293945,14.699999809265137
2017-01-06,195.66465759277344,114.39971923828124,33.0319709777832,84.18589782714844,111.75,13.38327693939209,22.062929153442383,73.51102447509766,11.319999694824219,14.5600004196167
2017-01-09,195.0187530517578,114.77500915527344,33.41307067871094,84.50636291503906,112.66999816894533,13.180373191833496,22.004453659057617,73.51102447509766,11.5600004196167,14.630000114440918
2017-01-10,195.0187530517578,115.0283203125,33.54163360595703,84.46634674072266,113.1500015258789,13.12119197845459,22.01280403137207,73.49491882324219,11.489999771118164,14.65999984741211
2017-01-11,195.5699005126953,115.33796691894533,33.68397903442383,84.56244659423828,113.5,13.264915466308594,21.962682723999023,73.51102447509766,11.260000228881836,14.470000267028809
2017-01-12,195.0790252685547,115.1596908569336,33.12379837036133,84.61052703857422,113.91000366210938,13.45936679840088,21.879140853881836,73.51102447509766,11.539999961853027,14.579999923706055
2017-01-13,195.52682495117188,115.55377197265624,33.615108489990234,84.42626190185547,114.20999908447266,13.434004783630373,21.85407829284668,73.51102447509766,11.229999542236328,14.539999961853027
2017-01-17,194.83787536621097,115.20660400390624,33.22022247314453,84.85084533691406,115.8499984741211,13.425548553466797,21.653583526611328,73.51102447509766,11.869999885559082,14.890000343322754
2017-01-18,195.26849365234375,115.44114685058594,33.80794143676758,84.24999237060547,114.87000274658205,13.307188034057615,21.85407829284668,73.49491882324219,12.479999542236328,14.9399995803833
2017-01-19,194.54513549804688,115.3848876953125,33.55082321166992,83.92959594726562,114.7699966430664,13.264915466308594,21.82066345214844,73.49491882324219,12.779999732971191,15.020000457763672
2017-01-20,195.25987243652344,115.63819885253906,33.872230529785156,83.96964263916016,115.0500030517578,13.417094230651855,21.74547958374023,73.51102447509766,11.539999961853027,14.489999771118164
2017-01-23,194.7517547607422,115.73204803466795,33.57377624511719,84.41021728515625,115.79000091552734,13.417094230651855,21.628520965576172,73.49491882324219,11.770000457763672,14.539999961853027
2017-01-24,196.0004425048828,116.51078033447266,34.23038101196289,84.08981323242188,115.2699966430664,13.450912475585938,21.63687515258789,73.49491882324219,11.069999694824219,13.869999885559082
2017-01-25,197.69699096679688,117.68355560302734,34.652801513671875,83.67326354980469,114.31999969482422,13.366369247436523,21.561689376831055,73.51102447509766,10.8100004196167,13.609999656677246
2017-01-26,197.49029541015625,117.80552673339844,34.3864860534668,83.78540802001953,113.26000213623048,13.425548553466797,21.703706741333008,73.52706146240234,10.630000114440918,13.630000114440918
2017-01-27,197.1802215576172,118.03069305419922,34.8272819519043,83.88951873779297,113.48999786376952,13.31564235687256,21.712060928344727,73.49491882324219,10.579999923706055,13.680000305175781
2017-01-30,195.95741271972656,117.11122131347656,34.661983489990234,83.86549377441406,113.97000122070312,13.23955249786377,21.670289993286133,73.52706146240234,11.880000114440918,14.40999984741211
2017-01-31,195.94021606445312,116.8766632080078,34.17987060546875,84.15391540527344,115.5500030517578,13.31564235687256,21.494855880737305,73.51102447509766,11.989999771118164,14.479999542236328
2017-02-01,196.01776123046875,117.68355560302734,34.528831481933594,83.99263763427734,115.1999969482422,13.45936679840088,21.511564254760746,73.51583099365234,11.8100004196167,14.289999961853027
2017-02-02,196.1468811035156,117.58035278320312,34.565555572509766,84.02471160888672,115.83999633789062,13.45936679840088,21.544981002807617,73.51583099365234,11.930000305175781,14.59000015258789
2017-02-03,197.49887084960935,117.91812896728516,34.71708297729492,84.08890533447266,116.12999725341795,13.450912475585938,21.536630630493164,73.49976348876953,10.970000267028809,14.050000190734863
2017-02-06,197.14585876464844,118.0588607788086,34.67576217651367,84.49007415771484,117.6999969482422,13.366369247436523,21.553335189819336,73.53195190429688,11.369999885559082,14.239999771118164
2017-02-07,197.15444946289065,118.49044799804688,34.822689056396484,84.64251708984375,117.45999908447266,13.307188034057615,21.661935806274418,73.53195190429688,11.289999961853027,14.350000381469727
2017-02-08,197.4127960205078,118.6874771118164,34.85942840576172,84.98751831054688,118.19000244140624,13.357914924621582,21.63687515258789,73.53195190429688,11.449999809265137,14.5600004196167
2017-02-09,198.5839385986328,119.1190414428711,34.55638122558594,84.48201751708984,117.29000091552734,13.425548553466797,21.72041893005371,73.53195190429688,10.880000114440918,14.170000076293945
2017-02-10,199.3676300048828,119.51311492919922,34.593116760253906,84.42584991455078,117.5999984741211,13.5692720413208,21.74547958374023,73.51583099365234,10.850000381469727,13.90999984741211
2017-02-13,200.45274353027344,120.18865966796876,35.04767608642578,84.29753875732422,116.8000030517578,13.417094230651855,21.79560279846191,73.51583099365234,11.069999694824219,13.680000305175781
2017-02-14,201.2535400390625,120.59210968017578,34.776771545410156,83.99263763427734,116.93000030517578,13.434004783630373,21.84572410583496,73.53195190429688,10.739999771118164,13.1899995803833
2017-02-15,202.30419921875,121.30516052246094,35.134925842285156,83.83220672607422,117.4499969482422,13.450912475585938,21.803955078125,73.51583099365234,11.970000267028809,13.40999984741211
2017-02-16,202.13197326660156,121.26761627197266,35.26808547973633,84.16919708251953,118.08000183105467,13.366369247436523,21.678646087646484,73.51583099365234,11.760000228881836,13.630000114440918
2017-02-17,202.45057678222656,121.79305267333984,35.39663314819336,84.39376068115234,117.68000030517578,13.341005325317385,21.787248611450195,73.53195190429688,11.489999771118164,13.720000267028809
2017-02-21,203.65626525878903,122.3935317993164,35.73182678222656,84.35369873046875,117.75,13.324097633361816,21.887496948242188,73.51583099365234,11.569999694824219,14.039999961853027
2017-02-22,203.47540283203125,122.4404525756836,35.575714111328125,84.49007415771484,117.91000366210938,13.256462097167969,21.83736991882324,73.51583099365234,11.739999771118164,14.390000343322754
2017-02-23,203.6131896972656,121.98070526123048,35.18083953857422,84.71473693847656,118.94000244140624,13.29873275756836,21.787248611450195,73.51583099365234,11.710000038146973,14.739999771118164
2017-02-24,203.87152099609375,122.21526336669922,35.23134994506836,85.10784149169922,119.6999969482422,13.273370742797852,21.82901382446289,73.51583099365234,11.470000267028809,14.760000228881836
2017-02-27,204.1902008056641,122.36539459228516,35.4012336730957,84.80296325683594,119.12000274658205,13.23955249786377,21.82901382446289,73.51583099365234,12.09000015258789,14.90999984741211
2017-02-28,203.63902282714844,121.9900894165039,35.07522964477539,84.76283264160156,119.2300033569336,13.290278434753418,21.81230926513672,73.54796600341797,12.920000076293945,15.279999732971191
2017-03-01,206.48947143554688,123.32240295410156,35.483882904052734,84.1723403930664,119.05999755859376,13.349458694458008,21.962682723999023,73.51902770996094,12.539999961853027,14.859999656677246
2017-03-02,205.1890563964844,122.70314025878906,35.17165756225586,83.93135070800781,117.58000183105467,13.138099670410156,22.054576873779297,73.51902770996094,11.8100004196167,14.770000457763672
2017-03-03,205.3182373046875,122.9283218383789,35.29563522338867,84.01168823242188,117.51000213623048,13.205735206604004,21.86243438720703,73.5351333618164,10.960000038146973,14.260000228881836
2017-03-06,204.70684814453125,122.65625762939452,35.30940628051758,83.99556732177734,116.72000122070312,13.188827514648438,21.93761825561523,73.55122375488281,11.239999771118164,14.34000015258789
2017-03-07,204.0954132080078,122.44979095458984,35.39663314819336,83.87510681152344,115.77999877929688,13.129646301269531,21.962682723999023,73.51902770996094,11.449999809265137,14.40999984741211
2017-03-08,203.7165374755859,122.66563415527344,35.433372497558594,83.59387969970703,115.05999755859376,12.83374309539795,22.037866592407227,73.51902770996094,11.859999656677246,14.539999961853027
2017-03-09,203.974853515625,122.75945281982422,35.44715118408203,83.36091613769531,114.47000122070312,12.723835945129396,21.996097564697266,73.51902770996094,12.300000190734863,14.779999732971191
2017-03-10,204.6896514892578,123.27547454833984,35.78233337402344,83.53763580322266,114.72000122070312,12.605474472045898,21.84572410583496,73.5351333618164,11.65999984741211,14.380000114440918
2017-03-13,204.79296875,123.48185729980467,35.95682144165039,83.3287582397461,114.73999786376952,12.588565826416016,21.879140853881836,73.51902770996094,11.350000381469727,14.359999656677246
2017-03-14,204.00930786132812,123.18163299560548,35.828250885009766,83.41712951660156,114.12000274658205,12.53783893585205,21.954328536987305,73.51902770996094,12.300000190734863,14.630000114440918
2017-03-15,205.7746734619141,123.94166564941406,36.15425491333008,84.14825439453125,116.25,12.647747039794922,21.69535255432129,73.5351333618164,11.630000114440918,14.199999809265137
2017-03-16,205.369873046875,123.85719299316406,36.18180847167969,83.91527557373047,116.7300033569336,12.630837440490724,21.620166778564453,73.55122375488281,11.210000038146973,13.779999732971191
2017-03-17,205.00929260253903,123.81394958496094,36.278228759765625,84.14018249511719,116.98999786376952,12.67310905456543,21.628520965576172,73.55122375488281,11.279999732971191,13.920000076293945
2017-03-20,204.7844085693359,123.92675018310548,36.507808685302734,84.341064453125,117.51000213623048,12.664654731750488,21.63687515258789,73.5351333618164,11.34000015258789,13.899999618530273
2017-03-21,202.155029296875,122.04637908935548,35.80988693237305,84.62226104736328,118.54000091552734,12.59701919555664,21.503211975097656,73.55122375488281,12.470000267028809,14.619999885559082
2017-03-22,202.63075256347656,122.87374114990234,36.158843994140625,84.78296661376953,118.83000183105467,12.588565826416016,21.486501693725582,73.55122375488281,12.8100004196167,14.680000305175781
2017-03-23,202.41456604003903,122.5634994506836,36.04864883422851,84.6945571899414,118.66999816894533,12.563202857971191,21.511564254760746,73.5351333618164,13.119999885559082,14.90999984741211
2017-03-24,202.2674560546875,122.81732940673828,36.33332061767578,84.74275207519531,118.86000061035156,12.605474472045898,21.503211975097656,73.55122375488281,12.960000038146973,14.550000190734863
2017-03-27,202.05987548828125,123.01477813720705,36.498626708984375,84.95164489746094,119.52999877929688,12.588565826416016,21.386255264282227,73.55122375488281,12.5,14.229999542236328
2017-03-28,203.53024291992188,123.76690673828124,36.5674934387207,84.66239929199219,119.04000091552734,12.664654731750488,21.503211975097656,73.55122375488281,11.529999732971191,13.680000305175781
2017-03-29,203.72052001953125,124.34046173095705,36.42057037353515,84.90341186523438,119.33000183105467,12.783016204833984,21.544981002807617,73.55122375488281,11.420000076293945,13.430000305175781
2017-03-30,204.36924743652344,124.54724884033205,36.60423278808594,84.66239929199219,118.47000122070312,12.83374309539795,21.68699836730957,73.55122375488281,11.539999961853027,13.369999885559082
2017-03-31,203.8935546875,124.46266174316406,36.59964370727539,84.83116912841797,118.72000122070312,12.859106063842772,21.678646087646484,73.5351333618164,12.369999885559082,13.600000381469727
2017-04-03,203.53890991210935,124.38743591308594,36.51240158081055,85.24869537353516,119.3499984741211,12.808379173278809,21.678646087646484,73.54155731201172,12.380000114440918,13.670000076293945
2017-04-04,203.6686859130859,124.58489227294922,36.38383865356445,85.1280746459961,119.62000274658205,12.935195922851562,21.703706741333008,73.54155731201172,11.789999961853027,13.369999885559082
2017-04-05,203.063232421875,124.0771713256836,36.16802215576172,85.28894805908203,119.62000274658205,12.96055793762207,21.69535255432129,73.54155731201172,12.890000343322754,14.119999885559082
2017-04-06,203.63406372070312,124.14301300048828,36.1863899230957,85.23267364501953,119.18000030517578,12.994376182556152,21.74547958374023,73.54155731201172,12.390000343322754,13.65999984741211
2017-04-07,203.42648315429688,124.0771713256836,36.328739166259766,84.97516632080078,119.45999908447266,13.028193473815918,21.84572410583496,73.54155731201172,12.869999885559082,14.0600004196167
2017-04-10,203.547607421875,124.12419128417967,36.00732421875,85.1280746459961,119.45999908447266,13.129646301269531,21.803955078125,73.54155731201172,14.050000190734863,14.579999923706055
2017-04-11,203.305419921875,123.58828735351562,35.73642349243164,85.52227783203125,121.19000244140624,13.15500831604004,21.737123489379883,73.55766296386719,15.069999694824219,15.15999984741211
2017-04-12,202.41456604003903,123.0899887084961,35.272666931152344,85.78783416748047,122.0199966430664,13.15500831604004,21.628520965576172,73.54155731201172,15.770000457763672,15.279999732971191
2017-04-13,201.09982299804688,122.6010971069336,35.01094436645508,86.0453109741211,122.5999984741211,13.197280883789062,21.703706741333008,73.55766296386719,15.960000038146973,15.75
2017-04-17,202.88165283203125,123.61651611328124,35.39205551147461,85.90855407714844,122.23999786376952,13.12119197845459,21.64522933959961,73.55766296386719,14.65999984741211,14.859999656677246
2017-04-18,202.27615356445312,123.42843627929688,35.53438949584961,86.39930725097656,122.81999969482422,13.070465087890623,21.461444854736328,73.57376098632812,14.420000076293945,14.760000228881836
2017-04-19,201.9042205810547,123.62590789794922,35.72723388671875,86.17404174804688,121.7300033569336,12.842196464538574,21.536630630493164,73.57376098632812,14.930000305175781,15.079999923706055
2017-04-20,203.547607421875,124.6601104736328,36.24150085449219,85.98094177246094,121.95999908447266,12.79146957397461,21.544981002807617,73.57376098632812,14.149999618530273,14.529999732971191
2017-04-21,202.8988800048828,124.63191986083984,36.09457015991211,86.0211410522461,122.30999755859376,12.664654731750488,21.561689376831055,73.57376098632812,14.630000114440918,14.75
2017-04-24,205.13034057617188,126.13619995117188,36.61800765991211,85.84410858154297,121.4800033569336,12.62238311767578,21.36119270324707,73.55766296386719,10.84000015258789,12.899999618530273
2017-04-25,206.323974609375,127.04821014404295,36.9853401184082,85.40157318115234,120.25,12.681564331054688,21.30271339416504,73.55766296386719,10.760000228881836,12.850000381469727
2017-04-26,206.1942138671875,126.86961364746094,36.70524597167969,85.62687683105469,120.83999633789062,12.61392879486084,21.352840423583984,73.57376098632812,10.850000381469727,12.979999542236328
2017-04-27,206.3671875,127.63111114501952,37.19655227661133,85.6832504272461,120.38999938964844,12.546294212341309,21.386255264282227,73.55766296386719,10.359999656677246,12.800000190734863
2017-04-28,205.91737365722656,127.8567886352539,36.59504699707031,85.77172088623047,120.7699966430664,12.512476921081545,21.36119270324707,73.58981323242188,10.819999694824219,12.930000305175781
2017-05-01,206.43637084960935,128.994384765625,36.97614669799805,85.58638763427734,119.66999816894533,12.53783893585205,21.377901077270508,73.5850601196289,10.109999656677246,12.630000114440918
2017-05-02,206.51422119140625,129.21067810058594,36.77871322631836,85.76365661621094,119.6500015258789,12.402569770812988,21.344484329223633,73.56893157958984,10.59000015258789,12.829999923706055
2017-05-03,206.26332092285156,128.7969207763672,36.98992538452149,85.58638763427734,117.9800033569336,12.351841926574709,21.42802619934082,73.56893157958984,10.680000305175781,13.09000015258789
2017-05-04,206.5055389404297,128.84393310546875,36.95319366455078,85.39295196533203,116.79000091552734,12.055940628051758,21.294361114501953,73.5850601196289,10.460000038146973,12.829999923706055
2017-05-05,207.3185577392578,129.31411743164062,37.100128173828125,85.40909576416016,117.01000213623048,12.225027084350586,21.26094436645508,73.56893157958984,10.569999694824219,12.850000381469727
2017-05-08,207.2839813232422,129.5961151123047,37.00829315185547,85.19956970214844,116.75,12.17430019378662,21.377901077270508,73.5850601196289,9.770000457763672,12.59000015258789
2017-05-09,207.0936584472656,130.04747009277344,37.38021469116211,85.10289764404297,116.0500030517578,12.115120887756348,21.486501693725582,73.5850601196289,9.960000038146973,12.710000038146973
2017-05-10,207.46560668945312,130.12266540527344,37.853145599365234,85.07064819335938,116.04000091552734,12.309571266174316,21.494855880737305,73.60112762451172,10.210000038146973,12.90999984741211
2017-05-11,207.04180908203125,130.01918029785156,37.935794830322266,85.13513946533203,116.5,12.360297203063965,21.503211975097656,73.60112762451172,10.600000381469727,13.010000228881836
2017-05-12,206.69583129882812,130.3107147216797,38.041404724121094,85.57028198242188,116.83000183105467,12.360297203063965,21.394611358642575,73.5850601196289,10.399999618530273,12.970000267028809
2017-05-15,207.83750915527344,130.72434997558594,38.46383285522461,85.51387023925781,117.13999938964844,12.427932739257812,21.336132049560547,73.60112762451172,10.420000076293945,12.779999732971191
2017-05-16,207.6472625732422,131.2696075439453,38.92298889160156,85.62667083740234,117.6500015258789,12.444841384887695,21.177404403686523,73.60112762451172,10.649999618530273,12.649999618530273
2017-05-17,203.96275329589844,127.93199920654295,37.45827102661133,86.3116455078125,119.79000091552734,12.52938461303711,21.035388946533203,73.61720275878906,15.59000015258789,15.600000381469727
2017-05-18,204.7844085693359,129.0508270263672,38.01385498046875,86.28744506835938,118.80999755859376,12.495567321777344,21.11057472229004,73.61720275878906,14.65999984741211,14.970000267028809
2017-05-19,206.1163330078125,129.5961151123047,38.45464324951172,86.2632827758789,119.4000015258789,12.740744590759276,20.960205078125,73.60112762451172,12.039999961853027,13.489999771118164
2017-05-22,207.16287231445312,130.68673706054688,38.82197952270508,86.16656494140625,119.9000015258789,12.825289726257324,20.926782608032227,73.61720275878906,10.930000305175781,12.960000038146973
2017-05-23,207.621337890625,130.81832885742188,38.73933029174805,85.94093322753906,119.13999938964844,12.783016204833984,21.018678665161133,73.61720275878906,10.720000267028809,12.899999618530273
2017-05-24,208.1056365966797,131.42010498046875,38.90922164916992,86.11824035644531,119.61000061035156,12.757654190063477,20.95184898376465,73.60112762451172,10.020000457763672,12.59000015258789
2017-05-25,209.10031127929688,132.53890991210938,39.1755256652832,86.16656494140625,119.4800033569336,12.478657722473145,20.976909637451172,73.61720275878906,9.989999771118164,12.510000228881836
2017-05-26,209.0570526123047,132.77395629882812,39.248992919921875,86.2230224609375,120.54000091552734,12.571657180786133,21.027034759521484,73.63331604003906,9.8100004196167,12.4399995803833
2017-05-30,208.8754425048828,132.88677978515625,39.529083251953125,86.44055938720703,120.13999938964844,12.47020435333252,21.001970291137695,73.60112762451172,10.380000114440918,12.739999771118164
2017-05-31,208.8235015869141,132.8397674560547,39.4831657409668,86.4808349609375,120.62000274658205,12.334936141967772,20.95184898376465,73.60112762451172,10.40999984741211,12.630000114440918
2017-06-01,210.48416137695312,133.35684204101562,39.55662536621094,86.43567657470703,120.72000122070312,12.250391006469728,20.976909637451172,73.62850189208984,9.890000343322754,12.420000076293945
2017-06-02,211.18470764160156,134.87997436523438,39.86427307128906,86.8149642944336,121.61000061035156,12.19120979309082,20.87666130065918,73.61241149902344,9.75,12.460000038146973
2017-06-05,211.0290374755859,134.85177612304688,39.969879150390625,86.66969299316406,121.7300033569336,12.123575210571287,20.893367767333984,73.62850189208984,10.069999694824219,12.850000381469727
2017-06-06,210.3543701171875,134.31591796875,40.06170272827149,86.94412994384766,123.0999984741211,12.208118438720703,20.843244552612305,73.61241149902344,10.449999809265137,13.079999923706055
2017-06-07,210.74362182617188,134.84237670898438,40.36016082763672,86.7826919555664,122.4499969482422,12.03903102874756,20.86830711364746,73.6446304321289,10.390000343322754,13.09000015258789
2017-06-08,210.8473663330078,134.98341369628906,40.89278793334961,86.64546203613281,121.6500015258789,12.03903102874756,20.943492889404297,73.62850189208984,10.15999984741211,12.760000228881836
2017-06-09,210.52735900878903,131.60813903808594,39.34541320800781,86.56477355957031,120.54000091552734,12.10666561126709,21.01032257080078,73.6446304321289,10.699999809265137,12.960000038146973
2017-06-12,210.48416137695312,130.90298461914062,39.106651306152344,86.54861450195312,120.36000061035156,11.996758460998535,20.976909637451172,73.62850189208984,11.460000038146973,13.300000190734863
2017-06-13,211.5133819580078,131.9653778076172,39.35919189453125,86.58094024658203,120.4800033569336,12.0474853515625,20.95184898376465,73.6446304321289,10.420000076293945,12.729999542236328
2017-06-14,211.24525451660156,131.3919219970703,39.019412994384766,87.0328369140625,119.81999969482422,11.836127281188965,20.935138702392575,73.62850189208984,10.640000343322754,12.770000457763672
2017-06-15,210.83876037597656,130.80899047851562,38.6612663269043,86.87954711914062,119.31999969482422,11.886853218078612,21.060449600219727,73.62850189208984,10.899999618530273,12.90999984741211
2017-06-16,210.8848571777344,130.24143981933594,38.6383171081543,86.92791748046875,119.33999633789062,11.937578201293944,20.985261917114254,73.66070556640625,10.380000114440918,12.710000038146973
2017-06-19,212.64047241210935,132.41921997070312,39.32246017456055,86.68585968017578,118.43000030517578,11.861488342285156,21.07715606689453,73.6446304321289,10.369999885559082,12.399999618530273
2017-06-20,211.2064208984375,131.3822021484375,38.83115768432617,86.90376281738281,118.18000030517578,11.743127822875977,21.11057472229004,73.6446304321289,10.859999656677246,12.6899995803833
2017-06-21,211.15426635742188,132.68312072753906,39.27654266357422,86.89566040039062,118.5199966430664,11.616312980651855,21.068801879882812,73.66070556640625,10.75,12.760000228881836
2017-06-22,211.05865478515625,132.64549255371094,39.1755256652832,86.97638702392578,118.91999816894533,11.633220672607422,21.07715606689453,73.67684173583984,10.479999542236328,12.619999885559082
2017-06-23,211.31068420410156,133.154541015625,39.33623504638672,87.00060272216797,119.43000030517578,11.683947563171388,21.01032257080078,73.66070556640625,10.020000457763672,12.359999656677246
2017-06-26,211.44976806640625,132.53236389160156,39.18471145629883,87.07319641113281,118.36000061035156,11.709311485290527,21.043739318847656,73.6446304321289,9.899999618530273,12.270000457763672
2017-06-27,209.7462615966797,130.1282958984375,38.064361572265625,86.64546203613281,118.80999755859376,11.844581604003906,20.809831619262695,73.6446304321289,11.0600004196167,12.960000038146973
2017-06-28,211.62355041503903,132.00439453125,38.6153564453125,86.56477355957031,118.9000015258789,11.920669555664062,20.742998123168945,73.67684173583984,10.029999732971191,12.399999618530273
2017-06-29,209.7636260986328,129.7135009765625,37.74753952026367,86.24193572998047,118.31999969482422,11.971396446228027,20.64274787902832,73.66070556640625,11.4399995803833,13.149999618530273
2017-06-30,210.1547393798828,129.76063537597656,37.58683013916016,86.04020690917969,118.0199966430664,12.21657371520996,20.676164627075195,73.67684173583984,11.180000305175781,13.140000343322754
2017-07-03,210.51107788085935,128.3936309814453,37.15522384643555,85.72418212890625,116.08999633789062,12.343388557434082,20.80147361755371,73.68489074707031,11.220000267028809,13.3100004196167
2017-07-05,210.9977874755859,129.65695190429688,37.86233139038086,85.788818359375,116.5199966430664,12.157393455505373,20.809831619262695,73.66876983642578,11.069999694824219,13.3100004196167
2017-07-06,209.0683135986328,128.4879150390625,37.70162582397461,85.6271743774414,116.47000122070312,12.165846824645996,20.71793556213379,73.68489074707031,12.539999961853027,14.109999656677246
2017-07-07,210.42416381835935,129.87376403808594,38.20670318603515,85.4897689819336,115.27999877929688,12.0474853515625,20.7513484954834,73.68489074707031,11.1899995803833,13.520000457763672
2017-07-10,210.650146484375,130.7222442626953,38.601585388183594,85.60295104980469,115.47000122070312,12.098212242126465,20.75970458984375,73.68489074707031,11.109999656677246,13.350000381469727
2017-07-11,210.4937286376953,131.08987426757812,38.90922164916992,85.7160873413086,115.62000274658205,12.21657371520996,20.684520721435547,73.68489074707031,10.890000343322754,13.15999984741211
2017-07-12,212.07553100585935,132.64549255371094,39.46939468383789,85.96666717529297,116.02999877929688,12.157393455505373,20.684520721435547,73.66876983642578,10.300000190734863,12.779999732971191
2017-07-13,212.431884765625,132.9376678466797,39.377559661865234,85.87776184082031,115.81999969482422,12.14893913269043,20.692873001098633,73.66876983642578,9.899999618530273,12.550000190734863
2017-07-14,213.42269897460935,133.98419189453125,39.86427307128906,85.99899291992188,116.7699966430664,12.284208297729492,20.567562103271484,73.70098876953125,9.510000228881836,12.229999542236328
2017-07-17,213.3965606689453,134.0501708984375,39.75407409667969,86.10403442382812,117.29000091552734,12.241935729980469,20.567562103271484,73.68489074707031,9.819999694824219,12.279999732971191
2017-07-18,213.50955200195312,134.94573974609375,39.90559387207031,86.4192886352539,118.11000061035156,12.292662620544434,20.458961486816406,73.68489074707031,9.890000343322754,12.25
2017-07-19,214.66552734375,135.7377166748047,40.30047225952149,86.4192886352539,118.08000183105467,12.402569770812988,20.509082794189453,73.68489074707031,9.789999961853027,12.0
2017-07-20,214.7611389160156,135.91680908203125,40.3877067565918,86.44348907470703,118.23999786376952,12.385660171508787,20.38377571105957,73.68489074707031,9.579999923706055,12.039999961853027
2017-07-21,214.5698699951172,135.8602752685547,40.1627311706543,86.59710693359375,119.26000213623048,12.21657371520996,20.31694221496582,73.68489074707031,9.359999656677246,12.0600004196167
2017-07-24,214.51776123046875,136.4824676513672,40.03416061401367,86.5405502319336,119.30999755859376,12.241935729980469,20.325294494628903,73.68489074707031,9.430000305175781,12.039999961853027
2017-07-25,215.03921508789065,136.13365173339844,39.9239616394043,86.05554962158203,118.91999816894533,12.37720775604248,20.35871124267578,73.68489074707031,9.430000305175781,12.050000190734863
2017-07-26,215.04791259765625,136.5767059326172,40.34638214111328,86.33032989501953,119.87999725341795,12.495567321777344,20.24175453186035,73.70098876953125,9.600000381469727,12.109999656677246
2017-07-27,214.84800720214844,135.71884155273438,39.83671951293945,86.19296264648438,119.79000091552734,12.571657180786133,20.31694221496582,73.7171401977539,10.109999656677246,12.420000076293945
2017-07-28,214.59600830078125,135.60569763183594,39.64846420288086,86.33845520019531,120.69000244140624,12.63929271697998,20.191633224487305,73.70098876953125,10.289999961853027,12.579999923706055
2017-07-31,214.4742431640625,135.03062438964844,39.41429138183594,86.36266326904297,120.75,12.715381622314451,20.108091354370117,73.70098876953125,10.260000228881836,12.470000267028809
2017-08-01,214.9523162841797,135.34173583984375,39.58418273925781,86.57718658447266,120.6500015258789,12.571657180786133,20.141508102416992,73.72035217285156,10.09000015258789,12.399999618530273
2017-08-02,215.05661010742188,135.7094268798828,39.36837387084961,86.49623107910156,120.4000015258789,12.59701919555664,20.116445541381836,73.73650360107422,10.279999732971191,12.5600004196167
2017-08-03,214.6394500732422,135.1814727783203,39.23062896728515,86.79576110839844,120.58999633789062,12.504023551940918,20.066322326660156,73.73650360107422,10.4399995803833,12.739999771118164
2017-08-04,215.0305633544922,135.4265899658203,39.34541320800781,86.56099700927734,119.6500015258789,12.52938461303711,20.24175453186035,73.73650360107422,10.029999732971191,12.75
2017-08-07,215.4302978515625,136.2845001220703,40.03874969482422,86.609619140625,119.51000213623048,12.554749488830566,20.233400344848633,73.73650360107422,9.930000305175781,12.65999984741211
2017-08-08,214.9001312255859,136.048828125,39.91936492919922,86.53675079345703,119.86000061035156,12.563202857971191,20.26681900024414,73.73650360107422,10.960000038146973,13.199999809265137
2017-08-09,214.89149475097656,135.86968994140625,39.84130859375,86.64201354980469,121.30999755859376,12.647747039794922,20.25010871887207,73.73650360107422,11.109999656677246,13.489999771118164
2017-08-10,211.85824584960935,132.95655822753906,38.748512268066406,86.96578216552734,122.20999908447266,12.453296661376951,20.21669578552246,73.73650360107422,16.040000915527344,16.209999084472656
2017-08-11,212.1711273193359,133.96530151367188,39.106651306152344,87.06293487548828,122.79000091552734,12.495567321777344,20.141508102416992,73.75261688232422,15.510000228881836,16.389999389648438
2017-08-14,214.2744140625,135.69052124023438,39.87804412841797,86.8524398803711,121.91999816894533,12.385660171508787,20.225048065185547,73.73650360107422,12.329999923706055,13.920000076293945
2017-08-15,214.248291015625,135.7848358154297,40.02497100830078,86.5934066772461,120.9800033569336,12.326480865478516,20.31694221496582,73.75261688232422,12.039999961853027,13.899999618530273
2017-08-16,214.6220703125,136.0204620361328,40.10762023925781,86.75532531738281,121.87000274658205,12.292662620544434,20.25010871887207,73.73650360107422,11.739999771118164,13.579999923706055
2017-08-17,211.27593994140625,133.23939514160156,39.15716171264648,87.06293487548828,122.48999786376952,12.326480865478516,20.291881561279297,73.75261688232422,15.550000190734863,16.139999389648438
2017-08-18,210.9456787109375,133.1451416015625,39.244407653808594,87.07909393310547,122.3000030517578,12.546294212341309,20.225048065185547,73.73650360107422,14.260000228881836,15.649999618530273
2017-08-21,211.1107177734375,132.9753875732422,39.09747695922851,87.13578033447266,122.76000213623048,12.394116401672363,20.16657066345215,73.75261688232422,13.1899995803833,14.989999771118164
2017-08-22,213.3184356689453,135.00233459472656,39.62091445922851,86.96578216552734,122.20999908447266,12.427932739257812,20.25010871887207,73.76876068115234,11.350000381469727,13.630000114440918
2017-08-23,212.55352783203125,134.52159118652344,39.70355987548828,87.26531219482422,122.66999816894533,12.53783893585205,20.16657066345215,73.76876068115234,12.25,14.329999923706055
2017-08-24,212.0581512451172,134.12557983398438,39.698974609375,87.127685546875,122.29000091552734,12.52938461303711,20.20833969116211,73.76876068115234,12.229999542236328,14.390000343322754
2017-08-25,212.55352783203125,133.84275817871094,39.57500076293945,87.27337646484375,122.73999786376952,12.504023551940918,20.041259765625,73.75261688232422,11.279999732971191,13.989999771118164
2017-08-28,212.5622711181641,134.25753784179688,39.68979263305664,87.35433959960938,124.69000244140624,12.512476921081545,19.9827823638916,73.76876068115234,11.319999694824219,13.989999771118164
2017-08-29,212.8055877685547,134.7854766845703,39.79998779296875,87.55670928955078,124.41999816894533,12.512476921081545,20.007843017578125,73.76876068115234,11.699999809265137,14.119999885559082
2017-08-30,213.8137664794922,136.36929321289062,40.35557174682617,87.48385620117188,124.36000061035156,12.419477462768556,20.133153915405273,73.76876068115234,11.220000267028809,14.140000343322754
2017-08-31,215.10008239746097,137.8306121826172,40.67238998413086,87.62146759033203,125.81999969482422,12.766108512878418,20.07467460632324,73.78485870361328,10.59000015258789,13.800000190734863
2017-09-01,215.404296875,137.6420440673828,40.865238189697266,87.36365509033203,126.05999755859376,12.783016204833984,20.116445541381836,73.78971862792969,10.130000114440918,13.59000015258789
2017-09-05,213.8572235107422,136.40707397460938,40.34638214111328,87.97171783447266,127.45999908447266,12.808379173278809,20.007843017578125,73.75740051269531,12.229999542236328,14.579999923706055
2017-09-06,214.58726501464844,136.82186889648438,40.48872756958008,87.7608871459961,126.80999755859376,12.935195922851562,19.991134643554688,73.78971862792969,11.630000114440918,14.399999618530273
2017-09-07,214.5612030029297,137.1424102783203,40.64484024047851,88.1419448852539,128.1300048828125,12.926739692687988,19.849119186401367,73.78971862792969,11.550000190734863,14.319999694824219
2017-09-08,214.3092041015625,135.9545440673828,40.20405197143555,88.07711029052734,127.97000122070312,12.783016204833984,19.798994064331055,73.7735595703125,12.119999885559082,14.6899995803833
2017-09-11,216.59500122070312,137.5194854736328,40.934120178222656,87.5744400024414,126.19000244140624,12.808379173278809,19.93265914916992,73.7735595703125,10.729999542236328,13.859999656677246
2017-09-12,217.3250274658203,137.84947204589844,41.09022521972656,87.36365509033203,126.55999755859376,12.842196464538574,19.924304962158203,73.80584716796875,10.579999923706055,13.5600004196167
2017-09-13,217.42933654785156,138.03802490234375,41.09941101074219,87.185302734375,125.61000061035156,12.90137767791748,20.041259765625,73.80584716796875,10.5,13.229999542236328
2017-09-14,217.35980224609375,137.2272491455078,41.27847671508789,87.2015151977539,126.16000366210938,12.909832000732422,19.9827823638916,73.78971862792969,10.4399995803833,13.15999984741211
2017-09-15,217.6524658203125,137.69859313964844,41.82488632202149,87.30694580078125,125.52999877929688,12.969012260437012,19.915950775146484,73.78971862792969,10.170000076293945,12.960000038146973
2017-09-18,218.1153259277344,137.51817321777344,42.408016204833984,86.96644592285156,124.36000061035156,12.952103614807127,19.96607208251953,73.78971862792969,10.149999618530273,12.6899995803833
2017-09-19,218.3337249755859,137.75437927246094,42.518211364746094,86.86909484863281,124.62000274658205,12.926739692687988,19.90759658813477,73.82198333740234,10.180000305175781,12.729999542236328
2017-09-20,218.41232299804688,137.32919311523438,41.95344924926758,86.69888305664062,123.62000274658205,13.03664779663086,20.066322326660156,73.82198333740234,9.779999732971191,12.65999984741211
2017-09-21,217.8271026611328,136.48831176757812,41.87538528442383,86.58539581298828,122.68000030517578,12.985921859741213,20.007843017578125,73.82198333740234,9.670000076293945,12.65999984741211
2017-09-22,217.8707733154297,136.3560791015625,42.04528045654297,86.73944091796875,123.23999786376952,13.03664779663086,19.991134643554688,73.82198333740234,9.59000015258789,12.850000381469727
2017-09-25,217.4252471923828,134.91990661621094,41.20042037963867,86.99879455566406,124.52999877929688,13.256462097167969,20.108091354370117,73.82198333740234,10.210000038146973,13.0600004196167
2017-09-26,217.5563507080078,135.26950073242188,41.25093460083008,86.92586517333984,123.13999938964844,13.138099670410156,20.17492294311523,73.82198333740234,10.170000076293945,13.020000457763672
2017-09-27,218.403564453125,136.48831176757812,42.18302154541016,86.47998809814453,121.9800033569336,13.087373733520508,20.275175094604492,73.82198333740234,9.869999885559082,12.90999984741211
2017-09-28,218.6656036376953,136.4410858154297,42.45392227172851,86.46372985839844,122.20999908447266,13.087373733520508,20.21669578552246,73.80584716796875,9.550000190734863,12.760000228881836
2017-09-29,219.4342041015625,137.42364501953125,42.84880828857422,86.35838317871094,121.58000183105467,13.01973819732666,20.199989318847656,73.83808898925781,9.510000228881836,12.489999771118164
2017-10-02,220.3863067626953,137.5465087890625,43.133487701416016,86.2601318359375,120.7699966430664,12.909832000732422,20.31694221496582,73.84133911132812,9.449999809265137,12.359999656677246
2017-10-03,220.8579559326172,137.8394317626953,43.27582550048828,86.38188934326172,120.83000183105467,12.918286323547363,20.308589935302734,73.84133911132812,9.510000228881836,12.3100004196167
2017-10-04,221.1199493408203,137.97161865234375,43.340110778808594,86.35757446289062,121.16999816894533,12.935195922851562,20.283527374267575,73.82521057128906,9.630000114440918,12.380000114440918
2017-10-05,222.4301300048828,139.32275390625,43.386024475097656,86.26828002929688,120.5199966430664,13.078919410705566,20.392126083374023,73.84133911132812,9.1899995803833,12.180000305175781
2017-10-06,222.1768341064453,139.51173400878906,43.560508728027344,86.16268157958984,121.08999633789062,12.876015663146973,20.35871124267578,73.82521057128906,9.649999618530273,12.4399995803833
2017-10-09,221.80999755859375,139.35108947753906,43.87732696533203,86.2601318359375,122.08000183105467,12.884469032287598,20.325294494628903,73.82521057128906,10.329999923706055,12.729999542236328
2017-10-10,222.39515686035156,139.45504760742188,44.10232162475586,86.29256439208984,122.4000015258789,13.03664779663086,20.21669578552246,73.82521057128906,10.079999923706055,12.470000267028809
2017-10-11,222.7445526123047,139.87075805664062,44.41454315185547,86.39006042480469,122.79000091552734,13.062010765075684,20.158214569091797,73.82521057128906,9.850000381469727,12.239999771118164
2017-10-12,222.41261291503903,139.61569213867188,44.32271194458008,86.47123718261719,122.88999938964844,13.045103073120115,20.199989318847656,73.85750579833984,9.90999984741211,12.260000228881836
2017-10-13,222.6834259033203,140.1542205810547,44.62575912475586,86.76348114013672,123.81999969482422,13.171916961669922,20.199989318847656,73.85750579833984,9.609999656677246,11.979999542236328
2017-10-16,222.98033142089844,140.63607788085938,44.8645133972168,86.6173324584961,122.97000122070312,13.205735206604004,20.25010871887207,73.84133911132812,9.90999984741211,11.9399995803833
2017-10-17,223.1376037597656,140.8155975341797,44.85533905029297,86.58490753173828,122.12999725341795,13.188827514648438,20.300233840942383,73.85750579833984,10.3100004196167,12.050000190734863
2017-10-18,223.35597229003903,140.6454620361328,45.02063751220703,86.36565399169922,121.66999816894533,13.180373191833496,20.275175094604492,73.85750579833984,10.069999694824219,11.920000076293945
2017-10-19,223.4170837402344,140.1258544921875,44.92879867553711,86.45499420166016,122.38999938964844,13.12119197845459,20.225048065185547,73.85750579833984,10.050000190734863,11.960000038146973
2017-10-20,224.5700225830078,140.50379943847656,45.172157287597656,86.09774017333984,121.61000061035156,13.188827514648438,20.34200668334961,73.87367248535156,9.970000267028809,11.850000381469727
2017-10-23,223.69659423828125,139.58731079101562,45.3420524597168,86.1789321899414,121.8000030517578,13.188827514648438,20.3670654296875,73.85750579833984,11.069999694824219,12.550000190734863
2017-10-24,224.08966064453125,139.82350158691406,45.6175422668457,85.91911315917969,121.33000183105467,13.324097633361816,20.400480270385746,73.88983154296875,11.15999984741211,12.670000076293945
2017-10-25,222.98033142089844,139.29440307617188,45.03899383544922,85.78109741210938,121.3499984741211,13.341005325317385,20.350360870361328,73.88983154296875,11.229999542236328,12.949999809265137
2017-10-26,223.2686462402344,138.85032653808594,45.28235626220703,85.66739654541016,120.33000183105467,13.400186538696287,20.567562103271484,73.88983154296875,11.300000190734863,12.930000305175781
2017-10-27,225.09413146972656,142.89418029785156,46.19148635864258,85.9434814453125,120.9000015258789,13.46782112121582,20.617687225341797,73.88983154296875,9.800000190734863,12.229999542236328
2017-10-30,224.255615234375,143.2154083251953,46.209861755371094,86.25198364257812,121.12999725341795,13.501638412475586,20.517438888549805,73.87367248535156,10.5,12.569999694824219
2017-10-31,224.60498046875,143.75392150878906,46.65523910522461,86.19519805908203,120.66999816894533,13.535456657409668,20.53414726257324,73.88983154296875,10.180000305175781,12.380000114440918
2017-11-01,224.90196228027344,143.7067413330078,46.53126525878906,86.24724578857422,121.11000061035156,13.543911933898926,20.57591438293457,73.89787292480469,10.199999809265137,12.569999694824219
2017-11-02,224.98927307128903,143.43270874023438,46.751670837402344,86.3611068725586,121.19000244140624,13.62845516204834,20.57591438293457,73.8817367553711,9.930000305175781,12.680000305175781
2017-11-03,225.7404327392578,144.81216430664062,47.26593017578125,86.49929809570312,120.62000274658205,13.712997436523438,20.626041412353516,73.8817367553711,9.140000343322754,12.420000076293945
2017-11-06,226.08987426757812,145.30345153808594,47.87660598754883,86.6050033569336,121.6500015258789,13.97508430480957,20.57591438293457,73.89787292480469,9.399999618530273,12.569999694824219
2017-11-07,225.93264770507812,145.38845825195312,47.78018569946289,86.63753509521484,121.20999908447266,13.89054012298584,20.60933303833008,73.89787292480469,9.890000343322754,12.760000228881836
2017-11-08,226.31695556640625,145.97427368164062,47.890384674072266,86.53186798095703,121.62999725341795,13.865175247192385,20.60097885131836,73.89787292480469,9.779999732971191,12.880000114440918
2017-11-09,225.4958648681641,145.208984375,46.958290100097656,86.49929809570312,122.12999725341795,13.89054012298584,20.517438888549805,73.8817367553711,10.5,13.140000343322754
2017-11-10,225.4260406494141,145.19955444335938,47.22919464111328,86.06022644042969,121.12999725341795,13.865175247192385,20.500730514526367,73.89787292480469,11.289999961853027,13.609999656677246
2017-11-13,225.6356201171875,145.37904357910156,47.426631927490234,86.01953125,121.30999755859376,13.822905540466309,20.517438888549805,73.89787292480469,11.5,13.75
2017-11-14,225.11154174804688,144.8499298095703,47.426631927490234,86.1415023803711,121.55999755859376,13.636907577514648,20.37542152404785,73.89787292480469,11.59000015258789,13.930000305175781
2017-11-15,223.98483276367188,144.16966247558594,46.98583984375,86.45051574707031,121.41000366210938,13.619998931884766,20.3670654296875,73.89787292480469,13.130000114440918,14.65999984741211
2017-11-16,225.8889312744141,146.01205444335938,48.15210723876953,86.23094177246094,121.4000015258789,13.57772731781006,20.392126083374023,73.91404724121094,11.760000228881836,13.960000038146973
2017-11-17,225.22511291503903,145.45455932617188,47.40826416015625,86.34478759765625,122.86000061035156,13.797541618347168,20.333648681640625,73.89787292480469,11.430000305175781,13.800000190734863
2017-11-20,225.60943603515625,145.3412322998047,47.98221206665039,86.20655822753906,121.30999755859376,13.687634468078612,20.43389892578125,73.91404724121094,10.649999618530273,13.279999732971191
2017-11-21,227.08555603027344,146.91912841796875,48.47352600097656,86.22283172607422,121.51000213623048,13.780632019042969,20.408838272094727,73.93023681640625,9.729999542236328,12.550000190734863
2017-11-22,226.8846893310547,147.09860229492188,48.15669631958008,86.49929809570312,122.62999725341795,13.856722831726074,20.25010871887207,73.93023681640625,9.880000114440918,12.4399995803833
2017-11-24,227.4087371826172,147.63710021972656,48.56534957885742,86.42606353759766,122.31999969482422,13.898995399475098,20.158214569091797,73.91404724121094,9.670000076293945,12.420000076293945
2017-11-27,227.2951812744141,147.57101440429688,47.81232833862305,86.4830551147461,122.83000183105467,13.87363052368164,20.183279037475582,73.91404724121094,9.869999885559082,12.569999694824219
2017-11-28,229.60105895996097,147.9489288330078,47.77100372314453,86.49929809570312,122.80999755859376,13.814451217651367,20.26681900024414,73.9463882446289,10.029999732971191,12.270000457763672
2017-11-29,229.46128845214844,145.3695831298828,45.7461051940918,86.22283172607422,122.04000091552734,13.721452713012695,20.25846290588379,73.93023681640625,10.699999809265137,12.819999694824219
2017-11-30,231.47019958496097,146.58837890625,46.030792236328125,85.95449829101562,121.0999984741211,13.662272453308104,20.20833969116211,73.93023681640625,11.279999732971191,13.039999961853027
2017-12-01,230.98980712890625,145.96484375,45.63131332397461,86.27210998535156,121.58999633789062,13.780632019042969,20.191633224487305,73.93507385253906,11.430000305175781,13.279999732971191
2017-12-04,230.7103271484375,144.28309631347656,44.66249465942383,86.23136901855469,121.18000030517578,13.61154556274414,20.25846290588379,73.94317626953125,11.680000305175781,13.550000190734863
2017-12-05,229.8805389404297,144.37753295898438,44.66249465942383,86.2965087890625,120.31999969482422,13.61154556274414,20.291881561279297,73.95122528076172,11.329999923706055,13.539999961853027
2017-12-06,229.9242401123047,145.0294647216797,44.76350402832031,86.47567749023438,120.06999969482422,13.38327693939209,20.34200668334961,73.94317626953125,11.020000457763672,13.449999809265137
2017-12-07,230.64913940429688,145.52076721191406,45.20429611206055,86.3209457397461,118.48999786376952,13.425548553466797,20.38377571105957,73.95122528076172,10.15999984741211,12.930000305175781
2017-12-08,231.90695190429688,146.16323852539062,44.99767303466797,86.25582885742188,118.4800033569336,13.49318504333496,20.417190551757812,73.95928955078125,9.579999923706055,12.460000038146973
2017-12-11,232.6056365966797,147.29701232910156,45.27317428588867,86.19882202148438,118.01000213623048,13.527002334594728,20.417190551757812,73.95122528076172,9.34000015258789,12.279999732971191
2017-12-12,233.01626586914065,147.09860229492188,44.827789306640625,86.12549591064453,118.1500015258789,13.408639907836914,20.450607299804688,73.95928955078125,9.920000076293945,12.479999542236328
2017-12-13,232.989990234375,147.38204956054688,44.85533905029297,86.47567749023438,119.16999816894533,13.349458694458008,20.308589935302734,73.95122528076172,10.180000305175781,12.5
2017-12-14,232.0378875732422,147.278076171875,44.83697509765625,86.44314575195312,118.93000030517578,13.391731262207031,20.325294494628903,73.95928955078125,10.489999771118164,12.800000190734863
2017-12-15,233.97023010253903,148.95042419433594,45.57162094116211,86.42680358886719,119.18000030517578,13.391731262207031,20.408838272094727,73.96741485595703,9.420000076293945,12.079999923706055
2017-12-18,235.45388793945312,150.1992645263672,46.37544250488281,86.23136901855469,119.7300033569336,13.450912475585938,20.37789726257324,73.97551727294922,9.529999732971191,12.069999694824219
2017-12-19,234.54966735839844,149.30926513671875,46.3521614074707,85.8404541015625,119.81999969482422,13.55236530303955,20.319364547729492,73.97710418701172,10.029999732971191,12.510000228881836
2017-12-20,234.42672729492188,149.14828491210938,46.65487289428711,85.58799743652344,120.13999938964844,13.62845516204834,20.294279098510746,73.97710418701172,9.720000267028809,12.369999885559082
2017-12-21,234.9095458984375,149.16722106933594,46.16121673583984,85.6483383178711,120.30999755859376,13.636907577514648,20.285917282104492,73.97710418701172,9.619999885559082,12.350000381469727
2017-12-22,234.84803771972656,148.99685668945312,46.17985534667969,85.68096160888672,120.94000244140624,13.696089744567873,20.294279098510746,73.99327850341797,9.899999618530273,12.489999771118164
2017-12-26,234.5672149658203,148.1920623779297,45.65825271606445,85.71359252929688,121.7699966430664,13.898995399475098,20.277557373046875,73.9852294921875,10.25,12.619999885559082
2017-12-27,234.68136596679688,148.21099853515625,45.807281494140625,86.08065032958984,122.2300033569336,13.932811737060549,20.235748291015625,74.00141906738281,10.470000267028809,12.649999618530273
2017-12-28,235.1641845703125,148.3909149169922,45.97493743896485,85.97462463378906,122.8499984741211,14.000445365905762,20.17721176147461,74.00141906738281,10.180000305175781,12.760000228881836
2017-12-29,234.27749633789065,147.47242736816406,45.55113220214844,86.11328887939453,123.6500015258789,14.042717933654783,20.093595504760746,73.9852294921875,11.039999961853027,13.09000015258789
2018-01-02,235.9542999267578,150.05726623535156,46.74335861206055,85.82780456542969,125.1500015258789,14.110353469848633,20.009973526000977,73.99327850341797,9.770000457763672,12.609999656677246
2018-01-03,237.44674682617188,151.51527404785156,47.4046630859375,85.91751861572266,124.81999969482422,14.194896697998049,20.08523178100586,74.009521484375,9.149999618530273,12.319999694824219
2018-01-04,238.4475250244141,151.78042602539062,47.64683151245117,85.87673950195312,125.45999908447266,14.177988052368164,20.01833724975586,74.01758575439453,9.220000267028809,12.239999771118164
2018-01-05,240.03656005859375,153.3046875,47.954200744628906,85.77066802978516,125.33000183105467,14.127262115478516,20.03506088256836,74.01758575439453,9.220000267028809,12.0600004196167
2018-01-08,240.4754943847656,153.9011993408203,48.28485870361328,85.72991943359375,125.30999755859376,14.118807792663574,20.12704086303711,74.02565002441406,9.520000457763672,12.149999618530273
2018-01-09,241.01986694335935,153.91067504882812,47.8331184387207,85.32205963134766,124.7300033569336,14.21180534362793,20.16884994506836,74.02565002441406,10.079999923706055,12.40999984741211
2018-01-10,240.651123046875,153.55087280273438,47.19975280761719,85.29762268066406,125.02999877929688,14.262534141540527,20.118680953979492,74.02565002441406,9.819999694824219,12.359999656677246
2018-01-11,242.40679931640625,154.60183715820312,47.42329788208008,85.35469055175781,125.44000244140624,14.254077911376951,20.03506088256836,74.01758575439453,9.880000114440918,12.15999984741211
2018-01-12,243.98709106445312,155.73805236816406,47.66546249389648,85.29762268066406,126.95999908447266,14.347074508666992,19.826011657714844,74.04188537597656,10.15999984741211,12.199999809265137
2018-01-16,243.1531219482422,155.2930450439453,47.88434600830078,85.33834838867188,127.16999816894533,14.279440879821776,19.717308044433594,74.02565002441406,11.65999984741211,13.229999542236328
2018-01-17,245.4708251953125,156.96884155273438,49.31407165527344,85.15077209472656,126.13999938964844,14.296350479125977,19.767478942871097,74.04188537597656,11.90999984741211,13.25
2018-01-18,245.0582275390625,156.99725341796875,49.67732620239258,84.88154602050781,125.86000061035156,14.296350479125977,19.742393493652344,74.04188537597656,12.220000267028809,13.579999923706055
2018-01-19,246.173095703125,157.4895782470703,49.72390365600586,84.66136169433594,126.41999816894533,14.27098560333252,19.775842666625977,74.04999542236328,11.270000457763672,13.039999961853027
2018-01-22,248.17465209960935,159.17486572265625,50.212894439697266,84.62870788574219,126.6500015258789,14.304804801940918,19.708948135375977,74.0580825805664,11.029999732971191,12.989999771118164
2018-01-23,248.70150756835935,160.4908905029297,50.53889083862305,84.8734359741211,127.27999877929688,14.406255722045898,19.658777236938477,74.0580825805664,11.100000381469727,13.220000267028809
2018-01-24,248.60484313964844,159.44944763183594,49.51433181762695,84.71028900146484,128.8300018310547,14.558435440063477,19.466455459594727,74.06619262695312,11.470000267028809,13.529999732971191
2018-01-25,248.7102508544922,159.3926239013672,48.71331024169922,84.89787292480469,127.97000122070312,14.473892211914062,19.49153709411621,74.06619262695312,11.579999923706055,13.680000305175781
2018-01-26,251.5897674560547,161.83534240722656,50.26412582397461,84.64501953125,128.07000732421875,14.583797454833984,19.449729919433594,74.0823745727539,11.079999923706055,13.460000038146973
2018-01-29,249.9217834472656,161.04949951171875,50.17098617553711,84.43293762207031,127.3499984741211,14.541526794433594,19.499900817871097,74.06619262695312,13.84000015258789,14.989999771118164
2018-01-30,247.35829162597656,159.72398376464844,49.18833541870117,84.2371826171875,126.8000030517578,14.440074920654297,19.466455459594727,74.07425689697266,14.789999961853027,15.829999923706055
2018-01-31,247.48114013671875,160.3867645263672,49.602821350097656,84.26165771484375,127.6500015258789,14.456984519958496,19.44136619567871,74.0823745727539,13.539999961853027,14.899999618530273
2018-02-01,247.2001495361328,159.02340698242188,49.30010986328125,83.82696533203125,128.07000732421875,14.600706100463867,19.34102249145508,74.07910919189453,13.470000267028809,14.720000267028809
2018-02-02,241.81871032714844,155.8516387939453,47.92626190185547,83.5165023803711,126.38999938964844,14.363984107971191,19.45808982849121,74.08718872070312,17.309999465942383,17.030000686645508
2018-02-05,231.7052001953125,149.7069091796875,45.76536178588867,84.20281219482422,126.70999908447266,14.228713035583496,19.541709899902344,74.07910919189453,37.31999969482422,28.1299991607666
2018-02-06,236.2703094482422,153.67396545410156,47.45123291015625,83.8351821899414,125.37999725341795,14.144171714782717,19.58351707458496,74.08718872070312,29.979999542236328,23.75
2018-02-07,234.9886474609375,151.68576049804688,46.1984748840332,83.59007263183594,124.79000091552734,13.983538627624512,19.73403549194336,74.09528350830078,27.729999542236328,23.030000686645508
2018-02-08,226.1744384765625,145.28541564941406,44.35891342163086,83.66358947753906,124.9800033569336,13.839814186096191,19.73403549194336,74.08718872070312,33.459999084472656,27.329999923706055
2018-02-09,229.5718994140625,147.79444885253906,45.51853561401367,83.5165023803711,124.7699966430664,13.636907577514648,19.750757217407227,74.10343170166016,29.059999465942383,24.920000076293945
2018-02-12,232.943115234375,150.41705322265625,46.4825553894043,83.4920425415039,125.37000274658205,13.721452713012695,19.683862686157227,74.10343170166016,25.610000610351562,22.860000610351562
2018-02-13,233.52249145507812,151.1934051513672,46.38941955566406,83.63091278076172,126.08000183105467,13.746814727783203,19.57515525817871,74.10343170166016,24.969999313354492,22.649999618530273
2018-02-14,236.6742706298828,154.02427673339844,47.37672424316406,83.1243667602539,128.22999572753906,13.958174705505373,19.424644470214844,74.10343170166016,19.260000228881836,19.34000015258789
2018-02-15,239.69418334960935,156.8836212158203,47.97283554077149,83.14888763427734,128.3800048828125,13.983538627624512,19.34102249145508,74.1115493774414,19.1299991607666,19.079999923706055
2018-02-16,239.76443481445312,156.18299865722656,47.87037658691406,83.344970703125,127.95999908447266,14.00890064239502,19.474815368652344,74.11963653564453,19.459999084472656,19.170000076293945
2018-02-20,238.26316833496097,156.49545288085938,48.8204231262207,83.25505828857422,126.23999786376952,14.051172256469728,19.60024070739746,74.11963653564453,20.600000381469727,20.010000228881836
2018-02-21,237.07806396484375,156.0504608154297,48.28951644897461,83.00994873046875,125.66000366210938,14.03426456451416,19.675500869750977,74.1115493774414,20.020000457763672,20.030000686645508
2018-02-22,237.38526916503903,156.03152465820312,48.12651443481445,83.1243667602539,126.3000030517578,14.161080360412598,19.608604431152344,74.11963653564453,18.719999313354492,19.059999465942383
2018-02-23,241.1690216064453,159.2222137451172,49.20697021484375,83.4429931640625,126.13999938964844,14.254077911376951,19.650415420532227,74.13585662841797,16.489999771118164,17.5
2018-02-26,243.96951293945312,161.33349609375,50.19893264770508,83.54104614257812,126.4499969482422,14.330166816711426,19.625328063964844,74.11963653564453,15.800000190734863,16.920000076293945
2018-02-27,240.9232177734375,159.3358154296875,50.01264572143555,83.27960205078125,125.12999725341795,14.186443328857422,19.750757217407227,74.13585662841797,18.59000015258789,19.020000457763672
2018-02-28,238.48260498046875,158.3132781982422,49.616790771484375,83.47567749023438,125.0,14.03426456451416,19.80929183959961,74.1439437866211,19.850000381469727,19.889999389648438
2018-03-01,235.01495361328125,155.72854614257812,48.8250846862793,83.8349380493164,124.72000122070312,14.059625625610352,19.742393493652344,74.15119934082031,22.469999313354492,21.420000076293945
2018-03-02,236.22642517089844,157.158203125,49.588844299316406,83.52394104003906,125.38999938964844,14.059625625610352,19.658777236938477,74.15930938720703,19.59000015258789,19.860000610351562
2018-03-05,238.95675659179688,158.90028381347656,50.16166687011719,83.4176025390625,125.18000030517578,14.144171714782717,19.658777236938477,74.15930938720703,18.729999542236328,19.209999084472656
2018-03-06,239.56246948242188,159.57247924804688,50.89749526977539,83.40939331054688,126.52999877929688,14.194896697998049,19.608604431152344,74.15930938720703,18.360000610351562,19.239999771118164
2018-03-07,239.4747009277344,159.9417724609375,51.11637115478515,83.40939331054688,125.72000122070312,14.042717933654783,19.591880798339844,74.15930938720703,17.760000228881836,18.84000015258789
2018-03-08,240.6335906982422,160.822265625,51.13965606689453,83.58121490478516,125.41999816894533,13.958174705505373,19.717308044433594,74.15119934082031,16.540000915527344,18.18000030517578
2018-03-09,244.82110595703125,163.94668579101562,52.1269645690918,83.40119171142578,125.54000091552734,14.09344482421875,19.692224502563477,74.16746520996094,14.640000343322754,17.010000228881836
2018-03-12,244.51382446289065,164.81773376464844,52.65787506103515,83.59759521484375,125.54000091552734,14.06808090209961,19.66714096069336,74.17556762695312,15.779999732971191,17.799999237060547
2018-03-13,242.93360900878903,162.57382202148438,51.92205429077149,83.73674011230469,125.77999877929688,14.02581024169922,19.616966247558594,74.17556762695312,16.350000381469727,18.049999237060547
2018-03-14,241.6869201660156,162.54544067382812,51.94999694824219,83.90034484863281,125.6999969482422,14.02581024169922,19.625328063964844,74.17556762695312,17.229999542236328,18.780000686645508
2018-03-15,241.42367553710935,162.40341186523438,51.90342330932617,83.86763000488281,124.9000015258789,14.017355918884276,19.700584411621097,74.16746520996094,16.59000015258789,18.209999084472656
2018-03-16,241.6854248046875,161.92056274414062,51.88479995727539,83.76944732666016,124.5999984741211,14.06808090209961,19.750757217407227,74.18367004394531,15.800000190734863,17.739999771118164
2018-03-19,238.41537475585935,158.4658203125,51.0418586730957,83.68760681152344,124.87000274658205,13.97508430480957,19.66714096069336,74.18367004394531,19.020000457763672,19.3799991607666
2018-03-20,238.82080078125,158.98733520507812,51.38648223876953,83.52394104003906,124.30999755859376,14.06808090209961,19.784202575683594,74.17556762695312,18.200000762939453,18.8799991607666
2018-03-21,238.36248779296875,158.2951202392578,51.49360275268555,83.58121490478516,126.4800033569336,14.321714401245115,19.625328063964844,74.19178771972656,17.860000610351562,18.709999084472656
2018-03-22,232.4040069580078,154.3880157470703,50.10578155517578,83.92488098144531,125.9800033569336,14.21180534362793,19.650415420532227,74.19989776611328,23.34000015258789,21.65999984741211
2018-03-23,227.450439453125,150.31967163085938,48.4804573059082,84.03945922851562,127.61000061035156,14.338622093200684,19.58351707458496,74.2080078125,24.8700008392334,22.790000915527344
2018-03-26,233.67333984375,155.9052734375,50.40850067138672,83.81037139892578,128.27999877929688,14.347074508666992,19.49153709411621,74.19989776611328,21.030000686645508,20.700000762939453
2018-03-27,229.69813537597656,150.86019897460938,48.6713981628418,84.28497314453125,127.48999786376952,14.287894248962402,19.58351707458496,74.21610260009766,22.5,21.940000534057617
2018-03-28,229.0194091796875,149.12472534179688,47.59095001220703,84.26862335205078,125.7300033569336,14.228713035583496,19.75911521911621,74.22423553466797,22.8700008392334,22.309999465942383
2018-03-29,231.94573974609375,151.85597229003906,48.56428146362305,84.44046020507812,125.79000091552734,14.35552978515625,19.742393493652344,74.24041748046875,19.969999313354492,20.549999237060547
2018-04-02,226.9392547607422,147.4746551513672,46.78527069091797,84.52653503417969,127.26000213623048,14.161080360412598,19.73403549194336,74.23637390136719,23.6200008392334,22.56999969482422
2018-04-03,229.8479766845703,149.1342010498047,47.64683151245117,84.25603485107422,126.3000030517578,14.237170219421388,19.767478942871097,74.2282485961914,21.100000381469727,21.020000457763672
2018-04-04,232.30714416503903,151.48611450195312,48.22896957397461,84.20684051513672,126.4499969482422,14.177988052368164,19.75911521911621,74.24446105957031,20.059999465942383,20.420000076293945
2018-04-05,234.14047241210935,152.34909057617188,47.69806289672851,83.99369049072266,125.8000030517578,14.245623588562012,19.834375381469727,74.25260925292969,18.940000534057617,19.610000610351562
2018-04-06,228.92250061035156,148.53675842285156,46.31955337524414,84.3625717163086,126.38999938964844,14.144171714782717,19.75911521911621,74.25260925292969,21.489999771118164,21.200000762939453
2018-04-09,230.0507049560547,149.57994079589844,46.63623809814453,84.37899017333984,126.81999969482422,14.321714401245115,19.708948135375977,74.2607650756836,21.770000457763672,21.229999542236328
2018-04-10,233.7085876464844,152.880126953125,48.061317443847656,84.23139190673828,127.12000274658205,14.566889762878418,19.658777236938477,74.25260925292969,20.469999313354492,20.399999618530273
2018-04-11,232.48341369628903,151.99819946289062,48.038028717041016,84.31338500976562,128.11000061035156,14.676796913146973,19.642051696777344,74.26885223388672,20.239999771118164,20.3700008392334
2018-04-12,234.3960876464844,153.82846069335938,48.83439636230469,84.01010131835938,126.62000274658205,14.6176176071167,19.683862686157227,74.26885223388672,18.489999771118164,19.280000686645508
2018-04-13,233.7085876464844,153.03184509277344,48.37799835205078,84.08391571044922,127.4499969482422,14.626070022583008,19.683862686157227,74.26885223388672,17.40999984741211,18.549999237060547
2018-04-16,235.6299743652344,154.1983642578125,48.47580337524414,84.0428695678711,127.62999725341795,14.57534408569336,19.616966247558594,74.28511047363281,16.559999465942383,17.81999969482422
2018-04-17,238.15090942382812,157.5175018310547,49.36064910888672,84.09204864501953,127.75,14.583797454833984,19.616966247558594,74.28511047363281,15.25,16.799999237060547
2018-04-18,238.3271942138672,157.83990478515625,48.80179214477539,83.76417541503906,127.8499984741211,14.854337692260742,19.658777236938477,74.2769546508789,15.600000381469727,16.799999237060547
2018-04-19,237.0051116943359,156.38894653320312,46.62692642211914,83.53468322753906,127.5999984741211,14.795156478881836,19.717308044433594,74.29320526123047,15.960000038146973,17.1200008392334
2018-04-20,234.99542236328125,153.913818359375,46.09136199951172,83.25601959228516,126.62999725341795,14.76979637145996,19.834375381469727,74.29320526123047,16.8799991607666,17.719999313354492
2018-04-23,234.9601898193359,153.52496337890625,45.49525451660156,83.17401885986328,125.62000274658205,14.76133918762207,19.959802627563477,74.29320526123047,16.34000015258789,17.350000381469727
2018-04-24,231.79586791992188,150.27223205566406,45.26240158081055,83.0756607055664,126.2300033569336,14.68524932861328,19.93471908569336,74.30131530761719,18.020000457763672,18.229999542236328
2018-04-25,232.36878967285156,150.45242309570312,45.03419876098633,82.89534759521484,125.41000366210938,14.710614204406738,20.01833724975586,74.30945587158203,17.84000015258789,18.229999542236328
2018-04-26,234.7310028076172,153.6198272705078,45.979591369628906,83.13300323486328,124.97000122070312,14.786705017089844,20.110315322875977,74.31753540039062,16.239999771118164,17.290000915527344
2018-04-27,234.9513702392578,153.71466064453125,45.68153381347656,83.27237701416016,125.5,14.77824878692627,20.093595504760746,74.32565307617188,15.40999984741211,17.079999923706055
2018-04-30,233.14442443847656,152.6240997314453,45.24842834472656,83.36251831054688,124.58999633789062,14.845885276794434,20.17721176147461,74.31753540039062,15.930000305175781,17.34000015258789
2018-05-01,233.55870056152344,154.3690185546875,45.97493743896485,83.2319564819336,123.70999908447266,14.76133918762207,20.31100273132324,74.32328796386719,15.489999771118164,16.90999984741211
2018-05-02,231.9898223876953,153.45863342285156,45.64427947998047,83.24840545654297,123.6500015258789,14.76133918762207,20.402982711791992,74.33137512207031,15.970000267028809,17.260000228881836
2018-05-03,231.4785919189453,153.43963623046875,45.75605010986328,83.4619140625,124.27999877929688,14.854337692260742,20.319364547729492,74.33137512207031,15.899999618530273,17.030000686645508
2018-05-04,234.47537231445312,156.35104370117188,46.94361114501953,83.47012329101562,124.54000091552734,14.955790519714355,20.34444808959961,74.34767150878906,14.770000457763672,16.649999618530273
2018-05-07,235.2687225341797,157.65020751953125,47.195091247558594,83.4290771484375,124.56999969482422,14.94733715057373,20.38625717163086,74.34767150878906,14.75,16.649999618530273
2018-05-08,235.2687225341797,157.48899841308594,47.5257568359375,83.28946685791016,124.58999633789062,14.98960781097412,20.461517333984375,74.3557357788086,14.710000038146973,16.479999542236328
2018-05-09,237.54269409179688,159.2055206298828,48.20103073120117,83.1005859375,124.33000183105467,15.1248779296875,20.461517333984375,74.3557357788086,13.420000076293945,15.779999732971191
2018-05-10,239.76394653320312,160.85552978515625,49.00205612182617,83.2730484008789,125.18000030517578,15.200968742370604,20.36953353881836,74.3557357788086,13.229999542236328,15.239999771118164
2018-05-11,240.4955139160156,160.70384216308594,48.62482833862305,83.28125,125.0,15.107970237731934,20.33608627319336,74.3557357788086,12.649999618530273,14.819999694824219
2018-05-14,240.6100616455078,160.9788360595703,49.47241973876953,83.1005859375,124.48999786376952,15.217877388000488,20.361173629760746,74.3557357788086,12.930000305175781,14.529999732971191
2018-05-15,238.95301818847656,159.19598388671875,48.91822052001953,82.64067077636719,122.4800033569336,15.234785079956056,20.486602783203125,74.37203216552734,14.630000114440918,15.789999961853027
2018-05-16,239.95787048339844,160.24862670898438,49.61213302612305,82.4682388305664,122.29000091552734,15.319331169128418,20.536771774291992,74.3801498413086,13.420000076293945,15.140000343322754
2018-05-17,239.75515747070312,159.63223266601562,49.28614044189453,82.41893768310547,122.36000061035156,15.336238861083984,20.561859130859375,74.3801498413086,13.430000305175781,15.020000457763672
2018-05-18,239.15574645996097,158.80722045898438,48.69002532958984,82.7392578125,122.41000366210938,15.34469223022461,20.603668212890625,74.38825225830078,13.420000076293945,15.1899995803833
2018-05-21,240.95379638671875,159.69863891601562,49.38859939575195,82.79669189453125,122.4800033569336,15.463054656982422,20.58694648742676,74.38825225830078,13.079999923706055,14.6899995803833
2018-05-22,240.283935546875,159.48997497558594,49.742530822753906,82.76386260986328,122.41000366210938,15.479961395263672,20.578582763671875,74.38825225830078,13.220000267028809,14.880000114440918
2018-05-23,240.94497680664065,160.83663940429688,49.79841613769531,83.14163208007812,122.54000091552734,15.56450366973877,20.662202835083008,74.39642333984375,12.579999923706055,14.479999542236328
2018-05-24,240.45144653320312,160.78921508789062,49.94278335571289,83.35517883300781,123.58999633789062,15.463054656982422,20.637117385864254,74.41260528564453,12.529999732971191,14.430000305175781
2018-05-25,239.8785095214844,160.950439453125,50.44110107421875,83.68366241455078,123.20999908447266,15.234785079956056,20.737455368041992,74.42078399658203,13.220000267028809,14.829999923706055
2018-05-29,237.11962890625,160.2391357421875,50.03593063354492,84.58700561523438,123.19000244140624,15.09106159210205,20.879610061645508,74.42078399658203,17.020000457763672,17.1299991607666
2018-05-30,240.283935546875,161.38665771484375,50.33864212036133,84.22563934326172,123.37000274658205,15.285511016845703,20.720733642578125,74.41260528564453,14.9399995803833,16.0
2018-05-31,238.81201171875,161.28231811523438,49.91950607299805,84.1845932006836,123.0999984741211,15.243240356445312,20.704011917114254,74.42891693115234,15.430000305175781,16.329999923706055
2018-06-01,241.1565399169922,163.81436157226562,51.0092658996582,83.87358093261719,122.48999786376952,15.1417875289917,20.737455368041992,74.43376922607422,13.460000038146973,15.270000457763672
2018-06-04,242.30245971679688,165.2937774658203,51.35854721069336,83.57733917236328,122.37000274658205,14.964247703552246,20.720733642578125,74.44188690185547,12.739999771118164,14.899999618530273
2018-06-05,242.4786834716797,165.8058624267578,51.64728546142578,83.79126739501953,122.8499984741211,14.98960781097412,20.695646286010746,74.44188690185547,12.399999618530273,14.720000267028809
2018-06-06,244.50588989257812,166.77316284179688,51.97793960571289,83.45391845703125,122.91999816894533,15.04033660888672,20.637117385864254,74.43376922607422,11.640000343322754,14.1899995803833
2018-06-07,244.47952270507812,165.41705322265625,51.5634651184082,83.80775451660156,122.86000061035156,15.099515914916992,20.595304489135746,74.44188690185547,12.130000114440918,14.430000305175781
2018-06-08,245.20228576660156,165.426513671875,51.21417617797851,83.6925277709961,123.01000213623048,15.09106159210205,20.603668212890625,74.45822143554688,12.180000305175781,14.600000381469727
2018-06-11,245.5284118652344,165.87229919433594,51.15828704833984,83.61022186279297,123.2300033569336,15.082608222961426,20.62039375305176,74.46633911132812,12.350000381469727,14.550000190734863
2018-06-12,245.84568786621097,166.74472045898438,51.311973571777344,83.56087493896484,122.81999969482422,15.074152946472168,20.662202835083008,74.46633911132812,12.34000015258789,14.59000015258789
2018-06-13,245.0612945556641,166.7352294921875,51.20486068725586,83.46217346191406,123.19000244140624,15.133331298828123,20.628755569458008,74.45822143554688,12.9399995803833,14.920000076293945
2018-06-14,245.67822265625,168.42320251464844,51.28403854370117,83.72549438476562,123.37999725341795,14.964247703552246,20.896333694458008,74.48265838623047,12.119999885559082,14.399999618530273
2018-06-15,245.36485290527344,167.83531188964844,51.36785888671875,83.79126739501953,121.33999633789062,14.600706100463867,20.879610061645508,74.48265838623047,11.979999542236328,14.420000076293945
2018-06-18,244.86013793945312,167.7383575439453,50.74847412109375,83.8323745727539,121.11000061035156,14.727523803710938,20.879610061645508,74.4744873046875,12.3100004196167,14.479999542236328
2018-06-19,243.92169189453125,167.26312255859375,50.143043518066406,84.0545883178711,120.8000030517578,14.57534408569336,20.938142776489254,74.49077606201172,13.350000381469727,15.170000076293945
2018-06-20,244.33773803710935,168.45111083984375,50.45506286621094,83.78306579589844,120.26000213623048,14.558435440063477,20.95486640930176,74.48265838623047,12.789999961853027,14.789999961853027
2018-06-21,242.80613708496097,166.98756408691406,49.826358795166016,84.00524139404297,120.0500030517578,14.448529243469238,20.896333694458008,74.49077606201172,14.640000343322754,15.869999885559082
2018-06-22,243.2487640380859,166.61692810058594,49.64007186889648,84.02168273925781,120.33999633789062,14.73597812652588,20.82107734680176,74.49893951416016,13.770000457763672,15.5
2018-06-25,239.9374542236328,162.86300659179688,47.84709167480469,84.1368179321289,119.88999938964844,14.566889762878418,20.78763008117676,74.51515197753906,17.329999923706055,17.520000457763672
2018-06-26,240.46875,163.52825927734375,48.28951644897461,84.17799377441406,119.26000213623048,14.710614204406738,20.896333694458008,74.50702667236328,15.920000076293945,16.8700008392334
2018-06-27,238.4765625,161.30447387695312,47.10661315917969,84.49898529052734,118.58000183105467,14.786705017089844,21.02176284790039,74.5233154296875,17.90999984741211,18.049999237060547
2018-06-28,239.840087890625,162.69190979003906,47.581634521484375,84.41668701171875,118.22000122070312,14.77824878692627,21.02176284790039,74.5233154296875,16.850000381469727,17.520000457763672
2018-06-29,240.1853485107422,163.12908935546875,47.81448745727539,84.35079193115234,118.6500015258789,14.94733715057373,20.85452651977539,74.53962707519531,16.09000015258789,17.139999389648438
2018-07-02,240.6989288330078,164.22203063964844,47.8331184387207,84.29309844970703,117.45999908447266,14.63452434539795,20.95486640930176,74.52900695800781,15.600000381469727,16.950000762939453
2018-07-03,239.8489532470703,162.32130432128906,46.994842529296875,84.50741577148438,118.6500015258789,14.6176176071167,20.88797187805176,74.54531860351562,16.139999389648438,17.350000381469727
2018-07-05,241.80563354492188,164.33607482910156,48.26156997680664,84.51567077636719,119.0500030517578,14.70215892791748,20.82107734680176,74.54531860351562,14.970000267028809,16.530000686645508
2018-07-06,243.85089111328125,166.89251708984375,48.87630844116211,84.58992004394531,118.86000061035156,14.76979637145996,20.754180908203125,74.5616226196289,13.369999885559082,15.710000038146973
2018-07-09,246.0465850830078,168.3940887451172,49.24421691894531,84.37555694580078,119.1500015258789,14.845885276794434,20.762542724609375,74.5616226196289,12.6899995803833,14.869999885559082
2018-07-10,246.9319000244141,168.51766967773438,49.77513122558594,84.30960845947266,118.93000030517578,14.812067031860352,20.770904541015625,74.56976318359375,12.640000343322754,14.710000038146973
2018-07-11,245.125732421875,167.662353515625,48.40594482421875,84.48271942138672,117.63999938964844,14.296350479125977,20.913057327270508,74.56976318359375,13.630000114440918,15.380000114440918
2018-07-12,247.34808349609375,170.5514373779297,48.99272918701172,84.4497299194336,118.12999725341795,14.372440338134766,20.929780960083008,74.56976318359375,12.579999923706055,14.760000228881836
2018-07-13,247.54293823242188,170.69398498535156,48.890281677246094,84.58992004394531,117.61000061035156,14.397804260253906,20.904695510864254,74.57793426513672,12.180000305175781,14.539999961853027
2018-07-16,247.32150268554688,170.28529357910156,48.74125289916992,84.4497299194336,117.5500030517578,14.09344482421875,20.871248245239254,74.5860824584961,12.829999923706055,14.850000381469727
2018-07-17,248.322021484375,171.3212432861328,49.383934020996094,84.40029907226562,116.27999877929688,14.110353469848633,20.963228225708008,74.5860824584961,12.0600004196167,14.399999618530273
2018-07-18,248.8443603515625,170.99806213378906,49.88690948486328,84.33433532714844,116.30999755859376,14.237170219421388,20.98831558227539,74.5942153930664,12.100000381469727,14.390000343322754
2018-07-19,247.9058532714844,170.1427459716797,49.72390365600586,84.56515502929688,115.80999755859376,14.220260620117188,21.03012466430664,74.60235595703125,12.869999885559082,14.970000267028809
2018-07-20,247.62255859375,170.104736328125,49.67267227172851,84.2683334350586,116.55999755859376,14.321714401245115,20.86288833618164,74.61050415039062,12.859999656677246,15.079999923706055
2018-07-23,248.08299255371097,170.64645385742188,49.64007186889648,83.8561782836914,116.0,14.372440338134766,20.896333694458008,74.60235595703125,12.619999885559082,14.859999656677246
2018-07-24,249.3312225341797,171.3497314453125,49.02067947387695,83.91385650634766,116.04000091552734,14.448529243469238,20.904695510864254,74.61868286132812,12.40999984741211,14.699999809265137
2018-07-25,251.4562530517578,173.74462890625,49.26750564575195,83.8561782836914,116.68000030517578,14.64297866821289,20.804351806640625,74.61050415039062,12.289999961853027,14.550000190734863
2018-07-26,250.8629608154297,171.1121063232422,49.994014739990234,83.7655029296875,115.7699966430664,14.64297866821289,20.946504592895508,74.61868286132812,12.140000343322754,14.399999618530273
2018-07-27,249.1630859375,168.80274963378906,49.74718475341797,83.89740753173828,115.83000183105467,14.583797454833984,20.92141914367676,74.63494873046875,13.029999732971191,15.0
2018-07-30,247.861572265625,166.41732788085938,49.40721893310547,83.79023742675781,115.6500015258789,14.668343544006348,20.846162796020508,74.62679290771484,14.260000228881836,15.65999984741211
2018-07-31,249.08338928222656,167.69078063964844,49.31407165527344,83.90565490722656,115.98999786376952,14.583797454833984,20.88797187805176,74.64310455322266,12.829999923706055,14.869999885559082
2018-08-01,248.667236328125,168.32760620117188,49.52830123901367,83.7073974609375,115.13999938964844,14.372440338134766,20.913057327270508,74.64717864990234,13.149999618530273,15.220000267028809
2018-08-02,250.0219268798828,170.617919921875,50.026615142822266,83.80651092529297,114.5199966430664,14.456984519958496,21.03012466430664,74.65534973144531,12.1899995803833,14.760000228881836
2018-08-03,251.09329223632812,171.14065551757812,50.10578155517578,84.02127075195312,114.91999816894533,14.507708549499512,21.046850204467773,74.65534973144531,11.640000343322754,14.489999771118164
2018-08-06,252.0140380859375,172.1480255126953,50.371246337890625,84.06256866455078,114.33000183105467,14.533072471618652,21.080293655395508,74.66354370117188,11.270000457763672,14.229999542236328
2018-08-07,252.8462829589844,172.77525329589844,50.71120834350586,83.88909149169922,114.58999633789062,14.64297866821289,21.055212020874023,74.67169952392578,10.930000305175781,13.930000305175781
2018-08-08,252.739990234375,172.9843292236328,50.86955261230469,83.96349334716797,114.91000366210938,14.465436935424805,21.03012466430664,74.66354370117188,10.850000381469727,13.960000038146973
2018-08-09,252.3947906494141,172.8797607421875,50.37589645385742,84.19476318359375,114.73999786376952,14.406255722045898,21.15555000305176,74.67169952392578,11.270000457763672,14.130000114440918
2018-08-10,250.70367431640625,171.55877685546875,49.192989349365234,84.5582046508789,114.69000244140624,14.406255722045898,21.306062698364254,74.6880111694336,13.15999984741211,15.220000267028809
2018-08-13,249.76527404785156,171.3687744140625,49.24888229370117,84.53338623046875,112.95999908447266,14.330166816711426,21.314424514770508,74.69619750976562,14.779999732971191,16.209999084472656
2018-08-14,251.35885620117188,172.44264221191406,49.132450103759766,84.45079803466797,113.06999969482422,14.35552978515625,21.398048400878903,74.67984008789062,13.3100004196167,15.350000381469727
2018-08-15,249.48190307617188,170.3328094482422,48.31745529174805,84.6573257446289,111.19000244140624,14.042717933654783,21.398048400878903,74.69619750976562,14.640000343322754,16.190000534057617
2018-08-16,251.50047302246097,170.89358520507812,48.24293899536133,84.63253784179688,111.0999984741211,14.15262508392334,21.381322860717773,74.69619750976562,13.449999809265137,15.510000228881836
2018-08-17,252.38587951660156,170.9315643310547,47.88900375366211,84.66560363769531,112.12999725341795,14.21180534362793,21.272619247436523,74.70435333251953,12.640000343322754,15.170000076293945
2018-08-20,252.92599487304688,170.77952575683594,47.82380294799805,84.92987060546875,112.69000244140624,14.237170219421388,21.22244644165039,74.70435333251953,12.489999771118164,15.0
2018-08-21,253.51919555664065,171.40675354003906,48.81110763549805,84.81426239013672,113.0199966430664,14.262534141540527,21.097017288208008,74.71247863769531,12.859999656677246,15.1899995803833
2018-08-22,253.36865234375,172.07200622558594,48.99272918701172,84.97119140625,113.2699966430664,14.465436935424805,21.03848648071289,74.71247863769531,12.25,15.079999923706055
2018-08-23,253.0321350097656,171.8249053955078,49.053279876708984,84.96292114257812,112.1999969482422,14.440074920654297,21.17227554321289,74.7369613647461,12.40999984741211,15.0600004196167
2018-08-24,254.55506896972656,173.42147827148438,49.80307388305664,84.98773956298828,114.16000366210938,14.549981117248535,21.07193374633789,74.7369613647461,11.989999771118164,14.819999694824219
2018-08-27,256.5648498535156,175.1891632080078,50.580810546875,84.79771423339844,114.58999633789062,14.600706100463867,20.98831558227539,74.74510192871094,12.15999984741211,14.789999961853027
2018-08-28,256.6888427734375,175.44569396972656,50.77174758911133,84.60778045654297,113.68000030517578,14.541526794433594,20.98831558227539,74.74510192871094,12.5,15.109999656677246
2018-08-29,258.06988525390625,177.47003173828125,51.06049346923828,84.5830078125,114.1999969482422,14.70215892791748,20.95486640930176,74.7369613647461,12.25,14.949999809265137
2018-08-30,257.02520751953125,177.15643310546875,50.51560974121094,84.73992156982422,113.63999938964844,14.676796913146973,20.97159194946289,74.76961517333984,13.529999732971191,15.539999961853027
2018-08-31,257.03411865234375,177.38450622558594,50.7344970703125,84.7564468383789,113.51000213623048,14.69370460510254,21.063573837280273,74.76144409179688,12.859999656677246,15.149999618530273
2018-09-04,256.5915222167969,176.62428283691406,51.10240936279297,84.56275939941406,112.93000030517578,14.60916233062744,21.15555000305176,74.76800537109375,13.15999984741211,15.449999809265137
2018-09-05,255.90081787109375,174.3433074951172,50.82297897338867,84.55448150634766,113.31999969482422,14.549981117248535,21.080293655395508,74.75981903076172,13.90999984741211,15.920000076293945
2018-09-06,255.1304931640625,172.78477478027344,49.5050163269043,84.72830200195312,113.54000091552734,14.465436935424805,21.080293655395508,74.77621459960938,14.649999618530273,16.34000015258789
2018-09-07,254.63478088378903,172.11949157714844,49.28614044189453,84.3475570678711,113.2300033569336,14.49925422668457,21.13882827758789,74.79252624511719,14.880000114440918,16.59000015258789
2018-09-10,255.07745361328125,172.69921875,49.76581573486328,84.39724731445312,113.1500015258789,14.549981117248535,21.097017288208008,74.79252624511719,14.15999984741211,16.170000076293945
2018-09-11,255.9186553955078,174.02969360351562,49.14176559448242,84.0909652709961,113.22000122070312,14.69370460510254,21.113740921020508,74.80072021484375,13.220000267028809,15.539999961853027
2018-09-12,255.98052978515625,173.5165252685547,48.578250885009766,84.19029998779297,114.16999816894533,14.795156478881836,21.03848648071289,74.80072021484375,13.140000343322754,15.319999694824219
2018-09-13,257.4945373535156,175.3697052001953,49.174354553222656,84.18204498291016,113.76000213623048,14.63452434539795,20.979951858520508,74.80072021484375,12.369999885559082,14.770000457763672
2018-09-14,257.5388488769531,174.85653686523438,49.68198776245117,84.0247802734375,113.0199966430664,14.541526794433594,21.055212020874023,74.80889892578125,12.069999694824219,14.369999885559082
2018-09-17,256.1754150390625,172.3380584716797,49.0113639831543,84.04132843017578,113.61000061035156,14.524618148803713,20.95486640930176,74.8252182006836,13.680000305175781,15.279999732971191
2018-09-18,257.5653381347656,173.7636260986328,49.383934020996094,83.6937026977539,113.44000244140624,14.659889221191406,20.98831558227539,74.8252182006836,12.789999961853027,15.039999961853027
2018-09-19,257.8397216796875,173.6305694580078,49.49570083618164,83.5530014038086,113.87999725341795,14.752887725830078,20.979951858520508,74.8252182006836,11.75,14.649999618530273
2018-09-20,259.92926025390625,175.55026245117188,50.13372802734375,83.56130981445312,114.2699966430664,14.752887725830078,20.829439163208008,74.84158325195312,11.800000190734863,14.510000228881836
2018-09-21,259.69183349609375,174.59042358398438,49.88224411010742,83.59441375732422,113.48999786376952,14.786705017089844,20.896333694458008,74.84158325195312,11.680000305175781,14.579999923706055
2018-09-24,258.8291015625,175.07598876953125,50.23618698120117,83.50337219238281,113.47000122070312,15.006519317626951,20.896333694458008,74.84973907470703,12.199999809265137,14.770000457763672
2018-09-25,258.5889892578125,175.31402587890625,49.435157775878906,83.42056274414062,113.6500015258789,15.04033660888672,20.913057327270508,74.84973907470703,12.420000076293945,14.920000076293945
2018-09-26,257.8153076171875,175.437744140625,48.99739074707031,83.6937026977539,113.0500030517578,14.972699165344238,20.92141914367676,74.84973907470703,12.890000343322754,15.149999618530273
2018-09-27,258.5356140136719,176.9229736328125,49.30476379394531,83.6937026977539,112.0500030517578,15.04033660888672,21.07193374633789,74.86612701416016,12.40999984741211,14.890000343322754
2018-09-28,258.56231689453125,176.88491821289062,49.57487487792969,83.73509216308594,112.76000213623048,15.192512512207031,21.12210273742676,74.86612701416016,12.119999885559082,14.770000457763672
2018-10-01,259.4605712890625,177.2467041015625,49.70528030395508,83.52281188964844,112.56999969482422,15.479961395263672,21.15555000305176,74.87102508544922,12.0,14.739999771118164
2018-10-02,259.3094482421875,176.8468475341797,49.66801834106445,83.73844146728516,113.87000274658205,15.530688285827637,21.18899917602539,74.87919616699219,12.050000190734863,14.84000015258789
2018-10-03,259.45172119140625,177.03726196289062,49.85895538330078,83.11638641357422,113.41999816894533,15.674412727355955,21.255895614624023,74.87919616699219,11.609999656677246,14.680000305175781
2018-10-04,257.4239196777344,173.6383514404297,48.736595153808594,82.90078735351562,113.4800033569336,15.505326271057127,21.264257431030273,74.89562225341797,14.220000267028809,15.84000015258789
2018-10-05,255.98306274414065,171.51527404785156,47.628204345703125,82.70177459716797,113.8000030517578,15.471506118774414,21.23917007446289,74.90380859375,14.819999694824219,16.25
2018-10-08,255.98306274414065,170.46795654296875,47.06935501098633,82.73492431640625,112.54000091552734,15.429237365722656,21.264257431030273,74.90380859375,15.6899995803833,16.510000228881836
2018-10-09,255.60955810546875,171.0201873779297,46.98086166381836,82.89247131347656,112.5999984741211,15.539144515991213,21.255895614624023,74.89562225341797,15.949999809265137,16.6299991607666
2018-10-10,247.51609802246097,163.4988555908203,44.84791564941406,82.9339370727539,112.87999725341795,15.234785079956056,21.23080825805664,74.9119644165039,22.959999084472656,20.700000762939453
2018-10-11,242.06423950195312,161.47091674804688,44.452056884765625,83.27400207519531,115.77999877929688,15.006519317626951,21.113740921020508,74.92015075683594,24.979999542236328,21.559999465942383
2018-10-12,245.4260711669922,165.96470642089844,45.332252502441406,83.17446899414062,115.2300033569336,15.1248779296875,21.18063735961914,74.92015075683594,21.309999465942383,19.84000015258789
2018-10-15,244.04757690429688,163.95584106445312,44.838600158691406,83.2242202758789,116.0,15.158697128295898,21.13046646118164,74.9283447265625,21.299999237060547,20.290000915527344
2018-10-16,249.38385009765625,168.7256622314453,46.35681915283203,83.21590423583984,115.8000030517578,15.226330757141112,21.13882827758789,74.9365463256836,17.6200008392334,17.959999084472656
2018-10-17,249.42828369140625,168.7923126220703,46.12862014770508,82.97540283203125,115.79000091552734,15.09106159210205,21.247533798217773,74.9365463256836,17.399999618530273,18.100000381469727
2018-10-18,245.82627868652344,164.8793487548828,44.92708206176758,83.12471771240234,115.91999816894533,14.921974182128906,21.339513778686523,74.9365463256836,20.059999465942383,19.860000610351562
2018-10-19,245.69290161132812,164.72702026367188,44.27975082397461,83.02518463134766,116.01000213623048,15.006519317626951,21.297700881958008,74.94471740722656,19.889999389648438,19.84000015258789
2018-10-22,244.5900115966797,165.57435607910156,44.51725769042969,83.04174041748047,115.70999908447266,15.02342700958252,21.372961044311523,74.96109008789062,19.639999389648438,19.81999969482422
2018-10-23,243.34486389160156,164.96499633789062,44.34028625488281,83.25738525390625,116.38999938964844,14.69370460510254,21.339513778686523,74.96109008789062,20.709999084472656,20.280000686645508
2018-10-24,235.971923828125,157.41510009765625,41.36440658569336,83.70523834228516,116.66000366210938,14.592252731323242,21.448219299316406,74.96926879882812,25.229999542236328,22.6200008392334
2018-10-25,240.2053680419922,162.86094665527344,42.53333282470703,83.50617980957031,116.4000015258789,14.651434898376465,21.506750106811523,74.97743225097656,24.219999313354492,22.440000534057617
2018-10-26,235.98081970214844,158.67184448242188,41.76490783691406,83.87939453125,116.7699966430664,14.76133918762207,21.448219299316406,74.98567199707031,24.15999984741211,22.479999542236328
2018-10-29,234.67344665527344,155.40621948242188,41.28523254394531,83.8711166381836,116.30999755859376,14.60916233062744,21.506750106811523,74.98567199707031,24.700000762939453,23.059999465942383
2018-10-30,238.15087890625,157.96730041503906,43.040958404541016,83.68863677978516,115.8000030517578,14.533072471618652,21.598731994628903,74.98567199707031,23.350000381469727,22.229999542236328
2018-10-31,240.69447326660156,161.6803741455078,43.52529525756836,83.48137664794922,115.1500015258789,14.338622093200684,21.590370178222656,74.99382019042969,21.229999542236328,21.149999618530273
2018-11-01,243.2559509277344,163.81301879882812,45.62565612792969,83.55281066894531,116.62999725341795,14.237170219421388,21.448219299316406,75.01024627685547,19.34000015258789,20.06999969482422
2018-11-02,241.8152008056641,161.26148986816406,44.899147033691406,83.08739471435547,116.6500015258789,14.203351974487305,21.49838638305664,75.01024627685547,19.510000228881836,20.299999237060547
2018-11-05,243.1492462158203,160.86160278320312,44.484657287597656,83.13722229003906,116.37000274658205,14.194896697998049,21.490026473999023,75.01846313476562,19.959999084472656,20.200000762939453
2018-11-06,244.6879119873047,162.0802764892578,44.94572067260742,83.0457992553711,116.04000091552734,14.13571548461914,21.439857482910156,75.01846313476562,19.90999984741211,19.579999923706055
2018-11-07,249.92642211914065,167.16432189941406,45.499908447265625,83.0457992553711,116.02999877929688,14.101899147033691,21.398048400878903,75.02667999267578,16.360000610351562,17.6200008392334
2018-11-08,249.47276306152344,166.09799194335938,45.29033660888672,82.92947387695312,115.77999877929688,14.017355918884276,21.523473739624023,75.03485870361328,16.719999313354492,17.68000030517578
2018-11-09,247.035888671875,163.2988739013672,44.47068786621094,83.25357818603516,114.4800033569336,13.865175247192385,21.565284729003903,75.05127716064453,17.360000610351562,18.459999084472656
2018-11-12,242.4199676513672,158.35765075683594,42.52402114868164,83.50293731689453,113.66000366210938,13.831358909606934,21.757606506347656,75.04307556152344,20.450000762939453,20.229999542236328
2018-11-13,241.96632385253903,158.49093627929688,43.07355880737305,83.56941986083984,113.6999969482422,13.450912475585938,21.682348251342773,75.05127716064453,20.020000457763672,20.270000457763672
2018-11-14,240.31207275390625,157.2818603515625,43.29710388183594,83.74393463134766,114.63999938964844,13.5692720413208,21.607093811035156,75.04307556152344,21.25,21.219999313354492
2018-11-15,242.8201904296875,160.03330993652344,44.666290283203125,83.80213165283203,114.7699966430664,13.543911933898926,21.657264709472656,75.06767272949219,19.979999542236328,20.309999465942383
2018-11-16,243.45172119140625,159.4715576171875,43.90717697143555,84.05978393554688,115.62000274658205,13.62845516204834,21.49838638305664,75.07585144042969,18.139999389648438,19.350000381469727
2018-11-19,239.33380126953125,154.2923126220703,42.25856018066406,84.18444061279297,115.66999816894533,13.62845516204834,21.481664657592773,75.06767272949219,20.100000381469727,20.639999389648438
2018-11-20,234.90463256835935,151.53128051757812,42.22130584716797,84.16783905029297,115.66999816894533,13.214190483093262,21.590370178222656,75.08405303955078,22.479999542236328,22.270000457763672
2018-11-21,235.70509338378903,152.68333435058594,42.4075927734375,84.15119171142578,115.86000061035156,13.324097633361816,21.590370178222656,75.10044860839844,20.799999237060547,21.31999969482422
2018-11-23,234.13088989257812,151.5789337158203,42.347049713134766,84.20108032226562,115.7699966430664,12.935195922851562,21.63218116760254,75.10044860839844,21.520000457763672,21.75
2018-11-26,237.9107666015625,155.08251953125,43.18998718261719,84.13458251953125,115.63999938964844,12.994376182556152,21.673988342285156,75.10868072509766,18.899999618530273,20.110000610351562
2018-11-27,238.7112579345703,155.60614013671875,43.25518035888672,84.21768188476562,114.9499969482422,12.943650245666504,21.732521057128903,75.10868072509766,19.020000457763672,19.940000534057617
2018-11-28,244.20753479003903,160.61402893066406,44.40082550048828,84.20938110351562,115.37999725341795,12.90137767791748,21.623817443847656,75.1168441772461,18.489999771118164,19.280000686645508
2018-11-29,243.6739959716797,160.0904083251953,43.98169708251953,84.42546081542969,115.73999786376952,12.985921859741213,21.590370178222656,75.12506866455078,18.790000915527344,19.59000015258789
2018-11-30,245.1592712402344,161.25193786621094,45.05747985839844,84.59170532226562,115.54000091552734,12.926739692687988,21.673988342285156,75.13327026367188,18.06999969482422,18.889999389648438
2018-12-03,248.4055328369141,164.070068359375,45.84918975830078,84.77659606933594,116.41000366210938,13.222644805908203,21.682348251342773,75.13079071044922,16.440000534057617,17.950000762939453
2018-12-04,240.35659790039065,157.7769012451172,43.595157623291016,85.16802978515625,117.12000274658205,13.231097221374512,21.640541076660156,75.1390151977539,20.739999771118164,20.75
2018-12-06,239.9919891357422,158.89077758789062,43.339012145996094,85.38457489013672,117.13999938964844,13.12119197845459,21.63218116760254,75.15545654296875,21.190000534057617,21.059999465942383
2018-12-07,234.41554260253903,153.6448974609375,41.69505310058594,85.63446044921875,118.08999633789062,13.273370742797852,21.573644638061523,75.16365051269531,23.229999542236328,22.440000534057617
2018-12-10,234.86013793945312,155.25396728515625,42.17939376831055,85.68436431884766,117.68000030517578,13.062010765075684,21.715795516967773,75.17188262939453,22.639999389648438,22.010000228881836
2018-12-11,234.91357421875,155.76806640625,42.38896179199219,85.4678955078125,117.54000091552734,13.138099670410156,21.77433204650879,75.16365051269531,21.760000228881836,21.719999313354492
2018-12-12,236.096435546875,157.1390380859375,43.03164291381836,85.23468017578125,117.79000091552734,13.09582805633545,21.690711975097656,75.18011474609375,21.459999084472656,21.59000015258789
2018-12-13,236.01638793945312,157.1865997314453,42.88726806640625,85.2846450805664,117.52999877929688,13.264915466308594,21.690711975097656,75.18831634521484,20.649999618530273,21.350000381469727
2018-12-14,231.6583709716797,153.3593292236328,42.22130584716797,85.41790008544922,117.05999755859376,13.062010765075684,21.77433204650879,75.1965560913086,21.6299991607666,21.959999084472656
2018-12-17,227.11363220214844,149.88421630859375,41.82079315185547,85.66773986816406,117.87000274658205,12.909832000732422,21.715795516967773,75.20475769042969,24.520000457763672,23.40999984741211
2018-12-18,226.86456298828125,150.82684326171875,42.323760986328125,85.87890625,118.1500015258789,12.63929271697998,21.707433700561523,75.20475769042969,25.579999923706055,23.899999618530273
2018-12-19,223.4671630859375,147.12322998046875,40.488868713378906,86.17938232421875,117.43000030517578,12.690018653869627,21.715795516967773,75.19654083251953,25.579999923706055,24.020000457763672
2018-12-20,219.82955932617188,144.99057006835938,40.16515350341797,86.07086181640625,119.23999786376952,12.571657180786133,21.548561096191406,75.21297454833984,28.3799991607666,25.239999771118164
2018-12-21,215.32533264160156,140.4968719482422,39.4721565246582,86.14593505859375,118.72000122070312,12.461750030517578,21.690711975097656,75.22943115234375,30.110000610351562,26.229999542236328
2018-12-24,209.6358184814453,137.01283264160156,38.42791748046875,86.36300659179688,120.0199966430664,12.323866844177246,21.5943603515625,75.23766326904297,36.06999969482422,28.84000015258789
2018-12-26,220.22764587402344,145.56777954101562,40.58759307861328,85.95403289794922,119.66000366210938,12.59792137145996,21.704235076904297,75.22943115234375,30.40999984741211,25.690000534057617
2018-12-27,221.9183654785156,146.13107299804688,40.94358825683594,86.17101287841797,120.56999969482422,12.478021621704102,21.611263275146484,75.25413513183594,29.959999084472656,25.889999389648438
2018-12-28,221.6321258544922,146.0546875,41.22362518310547,86.63838195800781,121.05999755859376,12.375252723693848,21.552101135253903,75.26238250732422,28.34000015258789,25.31999969482422
2018-12-31,223.57339477539065,147.28636169433594,41.427730560302734,86.96382141113281,121.25,12.409509658813477,21.509843826293945,75.27061462402344,25.420000076293945,23.729999542236328
2019-01-02,223.8059539794922,147.8783416748047,41.73150634765625,87.14749145507812,121.33000183105467,12.443764686584473,21.670429229736328,75.26238250732422,23.219999313354492,22.75
2019-01-03,218.46531677246097,143.047119140625,39.225341796875,87.84020233154297,122.43000030517578,12.546536445617676,21.552101135253903,75.28707885742188,25.450000762939453,24.110000610351562
2019-01-04,225.7830047607422,149.16729736328125,41.05274963378906,87.13079833984375,121.44000244140624,12.717820167541504,21.518295288085938,75.29525756835938,21.3799991607666,21.860000610351562
2019-01-07,227.56326293945312,150.94320678710938,41.84542465209961,86.88874816894531,121.86000061035156,12.812026023864746,21.42532539367676,75.29525756835938,21.399999618530273,21.6200008392334
2019-01-08,229.70120239257812,152.30857849121094,41.60334396362305,86.67176055908203,121.52999877929688,12.9404878616333,21.49294090270996,75.29525756835938,20.469999313354492,21.139999389648438
2019-01-09,230.77476501464844,153.54981994628906,42.66656875610352,86.72183990478516,122.30999755859376,13.197413444519045,21.290096282958984,75.29525756835938,19.979999542236328,20.690000534057617
2019-01-10,231.5888214111328,153.989013671875,43.10800552368164,86.68008422851562,121.58999633789062,13.163158416748049,21.41687393188477,75.30352020263672,19.5,20.520000457763672
2019-01-11,231.67828369140625,153.4257049560547,43.463985443115234,86.93880462646484,121.8000030517578,13.120335578918455,21.433778762817383,75.31996154785156,18.190000534057617,19.739999771118164
2019-01-14,230.26483154296875,152.0698699951172,42.71878433227539,86.88874816894531,122.08999633789062,13.00900173187256,21.433778762817383,75.31171417236328,19.06999969482422,19.93000030517578
2019-01-15,232.90380859375,155.03927612304688,42.83269882202149,86.8052978515625,121.87999725341795,13.111772537231444,21.509843826293945,75.32817840576172,18.600000381469727,19.239999771118164
2019-01-16,233.4674530029297,155.01068115234375,42.49569320678711,86.75518798828125,122.2699966430664,13.180285453796388,21.53519821166992,75.33641052246094,19.040000915527344,19.530000686645508
2019-01-17,235.23866271972656,156.23280334472656,43.02256393432617,86.59668731689453,122.11000061035156,13.188850402832031,21.53519821166992,75.35289764404297,18.059999465942383,19.170000076293945
2019-01-18,238.3697204589844,157.77951049804688,44.08578109741211,86.32123565673828,121.0199966430664,13.325876235961914,21.602813720703125,75.35289764404297,17.799999237060547,18.84000015258789
2019-01-22,235.1491851806641,154.6191864013672,42.8089714050293,86.62171173095703,121.4499969482422,13.231671333312988,21.602813720703125,75.36106872558594,20.799999237060547,20.690000534057617
2019-01-23,235.6412048339844,154.81968688964844,42.63809585571289,86.5799560546875,121.27999877929688,13.214543342590332,21.552101135253903,75.36106872558594,19.520000457763672,20.079999923706055
2019-01-24,235.76657104492188,155.8222198486328,45.14900588989258,86.85535430908203,121.08999633789062,13.248799324035645,21.678878784179688,75.38579559326172,18.889999389648438,19.670000076293945
2019-01-25,237.7614288330078,157.68408203125,45.9891471862793,86.65509033203125,122.86000061035156,13.317313194274902,21.50139045715332,75.37760925292969,17.420000076293945,18.81999969482422
2019-01-28,235.9543609619141,155.7362823486328,45.13002014160156,86.68008422851562,123.29000091552734,13.13746452331543,21.518295288085938,75.38579559326172,18.8700008392334,19.579999923706055
2019-01-29,235.6412048339844,154.2659149169922,44.531959533691406,86.93051147460938,123.9800033569336,13.2659273147583,21.52674674987793,75.38579559326172,19.1299991607666,19.600000381469727
2019-01-30,239.37159729003903,158.1900634765625,45.87997055053711,87.13079833984375,124.69000244140624,13.360135078430176,21.41687393188477,75.40228271484375,17.65999984741211,18.68000030517578
2019-01-31,241.4738922119141,160.55801391601562,45.84675216674805,87.5313720703125,124.75,13.291621208190918,21.459131240844727,75.40228271484375,16.56999969482422,17.8799991607666
2019-02-01,241.59019470214844,159.88006591796875,46.430572509765625,87.06304931640625,124.5,13.411519050598145,21.459131240844727,75.40968322753906,16.139999389648438,17.59000015258789
2019-02-04,243.28985595703125,161.86602783203125,46.658409118652344,86.87066650390625,123.95999908447266,13.420083999633787,21.518295288085938,75.41795349121094,15.729999542236328,17.190000534057617
2019-02-05,244.3097686767578,163.29823303222656,46.919464111328125,87.02119445800781,124.27999877929688,13.360135078430176,21.57745933532715,75.41795349121094,15.569999694824219,17.06999969482422
2019-02-06,243.9876708984375,162.81130981445312,48.08236312866211,87.0881118774414,123.44000244140624,13.377262115478516,21.66197395324707,75.43443298339844,15.380000114440918,16.899999618530273
2019-02-07,241.6618194580078,160.62478637695312,47.0476188659668,87.37246704101562,123.73999786376952,13.248799324035645,21.71268844604492,75.43443298339844,16.3700008392334,17.520000457763672
2019-02-08,241.9569854736328,160.93988037109375,46.919464111328125,87.48956298828125,124.20999908447266,13.2659273147583,21.738040924072266,75.450927734375,15.720000267028809,17.260000228881836
2019-02-11,242.09117126464844,160.7871551513672,47.123565673828125,87.35577392578125,123.5999984741211,13.188850402832031,21.82256126403809,75.44263458251953,15.970000267028809,17.219999313354492
2019-02-12,245.2044219970703,163.16456604003906,48.172550201416016,87.23869323730469,123.86000061035156,13.2659273147583,21.74649429321289,75.4592056274414,15.430000305175781,16.81999969482422
2019-02-13,246.00047302246097,163.2791748046875,48.28646469116211,87.02119445800781,123.37000274658205,13.343005180358888,21.86482048034668,75.4592056274414,15.649999618530273,16.959999084472656
2019-02-14,245.4548187255859,163.47967529296875,48.428863525390625,87.43099212646484,124.05999755859376,13.377262115478516,21.83946418762207,75.47564697265625,16.219999313354492,17.31999969482422
2019-02-15,248.1296234130859,164.1670684814453,48.67568588256836,87.34736633300781,124.8000030517578,13.62562370300293,21.79720687866211,75.47564697265625,14.90999984741211,16.479999542236328
2019-02-19,248.55897521972656,164.49169921875,48.61872482299805,87.49795532226562,126.6999969482422,13.65988063812256,21.71268844604492,75.49217224121094,14.880000114440918,16.450000762939453
2019-02-20,249.0599365234375,164.46310424804688,49.060150146484375,87.481201171875,126.4800033569336,13.702701568603516,21.729589462280273,75.49217224121094,14.020000457763672,15.819999694824219
2019-02-21,248.17425537109375,163.86154174804688,48.75637435913086,87.22190856933594,125.0500030517578,13.745521545410156,21.74649429321289,75.50041198730469,14.460000038146973,16.15999984741211
2019-02-22,249.7130126953125,165.07418823242188,49.44936752319336,87.481201171875,125.5,13.779780387878418,21.738040924072266,75.51689910888672,13.510000228881836,15.460000038146973
2019-02-25,250.0529327392578,165.67562866210938,49.9002799987793,87.34736633300781,125.37000274658205,13.574237823486328,21.72113990783691,75.50860595703125,14.850000381469727,16.0
2019-02-26,249.8740234375,165.84756469726562,49.577518463134766,87.60665130615234,125.58000183105467,13.63418674468994,21.636619567871097,75.51689910888672,15.170000076293945,16.299999237060547
2019-02-27,249.7666778564453,165.74253845214844,49.06964111328125,87.29722595214844,124.69000244140624,13.702701568603516,21.65352439880371,75.52515411376953,14.699999809265137,15.989999771118164
2019-02-28,249.30154418945312,165.36061096191406,49.04591369628906,87.07139587402344,123.98999786376952,13.668445587158203,21.670429229736328,75.54161834716797,14.779999732971191,16.100000381469727
2019-03-01,250.85804748535156,166.50631713867188,49.49683380126953,86.78567504882812,121.87999725341795,13.514288902282717,21.754945755004883,75.54987335205078,13.569999694824219,15.380000114440918
2019-03-04,249.9456329345703,166.53500366210938,49.520565032958984,87.05382537841797,121.55999755859376,13.557109832763672,21.780302047729492,75.54161834716797,14.630000114440918,16.030000686645508
2019-03-05,249.60552978515625,166.6591339111328,49.28797912597656,87.10406494140625,121.72000122070312,13.62562370300293,21.83946418762207,75.54987335205078,14.739999771118164,16.149999618530273
2019-03-06,248.09378051757812,165.7138671875,48.45734405517578,87.34707641601562,121.61000061035156,13.548545837402344,21.83946418762207,75.55815887451172,15.739999771118164,16.739999771118164
2019-03-07,246.01834106445312,163.68016052246094,47.93047332763672,87.64038848876953,121.51000213623048,13.514288902282717,22.033855438232425,75.5746841430664,16.59000015258789,17.299999237060547
2019-03-08,245.5262908935547,163.4319610595703,47.91623306274414,87.76607513427734,122.83999633789062,13.505725860595703,21.96623992919922,75.58291625976562,16.049999237060547,17.110000610351562
2019-03-11,249.0868682861328,166.83099365234375,48.93674087524414,87.69905090332031,122.23999786376952,13.522852897644045,21.915529251098633,75.58291625976562,14.329999923706055,16.010000228881836
2019-03-12,250.026123046875,167.74761962890625,49.17881774902344,87.94200134277344,122.9800033569336,13.608495712280272,21.87327003479004,75.59119415283203,13.770000457763672,15.649999618530273
2019-03-13,251.68112182617188,169.00794982910156,49.37816619873047,87.90850830078125,123.83999633789062,13.694136619567873,21.7718505859375,75.59944152832031,13.40999984741211,15.329999923706055
2019-03-14,251.5200653076172,168.72149658203125,49.10287094116211,87.78282928466797,122.41000366210938,13.63418674468994,21.83946418762207,75.59944152832031,13.5,15.300000190734863
2019-03-15,252.7626953125,170.28729248046875,50.41765594482422,88.059326171875,122.97000122070312,13.63418674468994,21.80565643310547,75.60769653320312,12.880000114440918,14.979999542236328
2019-03-18,253.6791534423828,170.69288635253906,50.280006408691406,87.94200134277344,123.04000091552734,13.702701568603516,21.780302047729492,75.61597442626953,13.100000381469727,15.239999771118164
2019-03-19,253.7420959472656,171.26683044433594,50.85908508300781,87.88335418701172,123.37999725341795,13.736958503723145,21.754945755004883,75.61597442626953,13.5600004196167,15.5600004196167
2019-03-20,252.9783477783203,171.9459686279297,50.42240524291992,88.49505615234375,124.18000030517578,13.839727401733398,21.628170013427734,75.61597442626953,13.90999984741211,15.789999961853027
2019-03-21,255.8356170654297,174.63380432128906,52.159637451171875,88.45316314697266,123.68000030517578,13.771215438842772,21.763397216796875,75.6407699584961,13.630000114440918,15.510000228881836
2019-03-22,250.9117126464844,170.79811096191406,50.66922378540039,89.10676574707031,123.97000122070312,13.651315689086914,21.80565643310547,75.6407699584961,16.479999542236328,17.3700008392334
2019-03-25,250.7230682373047,170.47286987304688,50.0284423828125,89.33303833007812,124.91999816894533,13.702701568603516,21.80565643310547,75.6407699584961,16.329999923706055,17.450000762939453
2019-03-26,252.5919952392578,171.26683044433594,50.49360275268555,89.25758361816406,124.3000030517578,13.728394508361816,21.87327003479004,75.64900207519531,14.680000305175781,16.450000762939453
2019-03-27,251.27117919921875,170.16676330566406,49.75788879394531,89.517333984375,123.6500015258789,13.651315689086914,21.89862632751465,75.65727233886719,15.149999618530273,16.780000686645508
2019-03-28,252.2235565185547,170.55899047851562,49.662960052490234,89.5257568359375,121.9000015258789,13.608495712280272,21.974693298339844,75.67381286621094,14.430000305175781,16.299999237060547
2019-03-29,253.81399536132812,171.85032653808594,50.469871520996094,89.3832778930664,122.01000213623048,13.617059707641602,22.000049591064453,75.67381286621094,13.710000038146973,15.800000190734863
2019-04-01,256.8240051269531,174.12684631347656,51.71345901489258,88.7686767578125,121.52999877929688,13.745521545410156,21.983144760131836,75.68706512451172,13.399999618530273,15.460000038146973
2019-04-02,256.9498291015625,174.78684997558594,51.75617980957031,88.9197769165039,121.9800033569336,13.779780387878418,22.008501052856445,75.67879486083984,13.359999656677246,15.539999961853027
2019-04-03,257.35418701171875,175.79119873046875,52.96179962158203,88.6426773071289,121.8000030517578,13.796907424926758,21.974693298339844,75.68706512451172,13.739999771118164,15.630000114440918
2019-04-04,258.0370178222656,175.7241973876953,53.018760681152344,88.73506164550781,122.11000061035156,13.805472373962402,22.000049591064453,75.7118911743164,13.579999923706055,15.479999542236328
2019-04-05,259.2859802246094,176.63296508789062,53.41746520996094,88.77704620361328,121.9800033569336,13.84829330444336,22.02540397644043,75.7118911743164,12.819999694824219,15.0600004196167
2019-04-08,259.483642578125,177.08255004882812,53.52663803100586,88.63429260253906,122.51000213623048,13.899677276611328,21.949338912963867,75.7118911743164,13.180000305175781,15.279999732971191
2019-04-09,258.1537170410156,176.46080017089844,52.942813873291016,88.79385375976562,123.1500015258789,13.873985290527344,21.957788467407227,75.72018432617188,14.279999732971191,15.989999771118164
2019-04-10,259.03436279296875,177.40777587890625,53.37000274658203,89.0037612915039,123.52999877929688,13.993884086608888,21.923982620239254,75.72018432617188,13.300000190734863,15.380000114440918
2019-04-11,258.9624938964844,176.98683166503906,53.31779098510742,88.80225372314453,121.9499969482422,13.925370216369627,21.991596221923828,75.74498748779297,13.020000457763672,15.25
2019-04-12,260.7145690917969,177.75210571289062,54.06774139404297,88.39079284667969,121.83000183105467,13.968192100524902,21.94088363647461,75.74498748779297,12.010000228881836,14.460000038146973
2019-04-15,260.5438232421875,177.78077697753906,53.678524017333984,88.50836944580078,121.5999984741211,13.942498207092283,21.932435989379883,75.75328063964844,12.319999694824219,14.529999732971191
2019-04-16,260.7145690917969,178.39295959472656,54.98857116699219,88.20610809326172,120.51000213623048,13.891112327575684,21.983144760131836,75.75328063964844,12.180000305175781,14.470000267028809
2019-04-17,260.07666015625,179.0147247314453,55.80022430419922,88.2228775024414,120.27999877929688,13.839727401733398,21.96623992919922,75.76978302001953,12.600000381469727,14.819999694824219
2019-04-18,260.58880615234375,179.24429321289062,55.88092422485352,88.43276977539062,120.37000274658205,13.882549285888672,22.084566116333008,75.77808380126953,12.09000015258789,14.569999694824219
2019-04-22,260.8134460449219,179.751220703125,55.83819580078125,88.30683135986328,120.37000274658205,13.95106315612793,22.033855438232425,75.77808380126953,12.420000076293945,14.720000267028809
2019-04-23,263.1585998535156,182.0373687744141,56.28911209106445,88.46640014648438,120.12000274658205,13.968192100524902,22.109920501708984,75.77808380126953,12.279999732971191,14.539999961853027
2019-04-24,262.5746154785156,181.46340942382812,56.76851272583008,88.80225372314453,120.47000122070312,13.9168062210083,22.21979522705078,75.7946548461914,13.140000343322754,15.039999961853027
2019-04-25,262.412841796875,182.1999359130859,55.64833068847656,88.69305419921875,120.56999969482422,13.891112327575684,22.262054443359375,75.81122589111328,13.25,15.210000038146973
2019-04-26,263.6348571777344,182.36251831054688,54.96957778930664,88.92819213867188,121.37000274658205,13.728394508361816,22.23669815063477,75.80293273925781,12.729999542236328,14.890000343322754
2019-04-29,264.0481262207031,182.71649169921875,54.68004608154297,88.74346160888672,120.83000183105467,13.736958503723145,22.185989379882812,75.81122589111328,13.109999656677246,15.229999542236328
2019-04-30,264.1829528808594,181.30079650878903,55.17842483520508,88.9197769165039,121.1999969482422,13.779780387878418,22.11837387084961,75.8194808959961,13.119999885559082,15.229999542236328
2019-05-01,262.19708251953125,180.7173309326172,54.75598907470703,88.87938690185547,120.4000015258789,13.736958503723145,22.143728256225582,75.82281494140625,14.800000190734863,16.190000534057617
2019-05-02,261.63104248046875,179.93296813964844,55.27336120605469,88.62701416015625,119.94000244140624,13.582802772521973,22.19443702697754,75.83110809326172,14.420000076293945,16.030000686645508
2019-05-03,264.19189453125,182.80258178710935,55.766998291015625,88.74483489990234,120.6500015258789,13.591367721557615,22.109920501708984,75.83940124511719,12.869999885559082,15.069999694824219
2019-05-06,263.1046447753906,181.68341064453125,54.87464904785156,88.97197723388672,120.80999755859376,13.63418674468994,22.12682723999023,75.84767150878906,15.4399995803833,16.399999618530273
2019-05-07,258.71087646484375,178.1442413330078,53.62156677246094,89.27482604980469,121.20999908447266,13.46290397644043,22.143728256225582,75.85598754882812,19.31999969482422,18.780000686645508
2019-05-08,258.3514404296875,177.69473266601562,53.23710250854492,89.10657501220703,120.91000366210938,13.480032920837402,22.152179718017575,75.85598754882812,19.399999618530273,18.75
2019-05-09,257.56982421875,176.7381591796875,52.48714447021485,89.34213256835938,121.1999969482422,13.411519050598145,22.109920501708984,75.86429595947266,19.100000381469727,18.440000534057617
2019-05-10,258.8636779785156,176.95816040039062,52.43019104003906,89.28325653076172,121.43000030517578,13.437211036682127,22.101469039916992,75.8808822631836,16.040000915527344,16.899999618530273
2019-05-13,252.3583068847656,170.81723022460938,49.99995803833008,89.72918701171875,122.66999816894533,13.368697166442873,22.101469039916992,75.87252807617188,20.549999237060547,19.790000915527344
2019-05-14,254.640625,172.6920166015625,51.281524658203125,89.64500427246094,122.45999908447266,13.548545837402344,22.152179718017575,75.8808822631836,18.059999465942383,18.290000915527344
2019-05-15,256.1321716308594,175.13116455078125,51.75617980957031,89.93107604980469,122.38999938964844,13.668445587158203,22.16063117980957,75.88916778564453,16.440000534057617,17.489999771118164
2019-05-16,258.5041809082031,176.89120483398438,51.02521514892578,89.7543716430664,121.51000213623048,13.745521545410156,22.21979522705078,75.89745330810547,15.289999961853027,16.739999771118164
2019-05-17,256.8330078125,175.08335876464844,50.04268264770508,89.79647064208984,120.6500015258789,13.617059707641602,22.270505905151367,75.90575408935547,15.960000038146973,17.059999465942383
2019-05-20,255.13473510742188,172.127685546875,48.05387878417969,89.64500427246094,120.63999938964844,13.677008628845217,22.253602981567383,75.91400146484375,16.309999465942383,17.290000915527344
2019-05-21,257.4350891113281,173.9259796142578,49.150333404541016,89.54405212402344,120.36000061035156,13.685572624206545,22.28740882873535,75.91400146484375,14.949999809265137,16.420000076293945
2019-05-22,256.64434814453125,173.15118408203125,48.28646469116211,89.81329345703125,120.23999786376952,13.488595008850098,22.30431365966797,75.93063354492188,14.75,16.420000076293945
2019-05-23,253.50843811035156,170.50160217285156,47.48430252075195,90.36017608642578,121.16999816894533,13.205978393554688,22.262054443359375,75.94718170166016,16.920000076293945,17.690000534057617
2019-05-24,254.08348083496097,170.41543579101562,47.19475936889648,90.33493041992188,121.3000030517578,13.385826110839844,22.185989379882812,75.94718170166016,15.850000381469727,17.09000015258789
2019-05-28,251.7204132080078,169.77464294433594,46.777069091796875,90.7303237915039,120.83000183105467,13.49716091156006,22.278961181640625,75.95550537109375,17.5,17.899999618530273
2019-05-29,250.03114318847656,168.37806701660156,46.93370056152344,90.69670867919922,120.87000274658205,13.445775032043455,22.329668045043945,75.95550537109375,17.899999618530273,18.239999771118164
2019-05-30,250.7140350341797,169.08595275878906,47.2944450378418,91.02481079101562,121.69000244140624,13.308749198913574,22.33812141418457,75.98038482666016,17.299999237060547,17.959999084472656
2019-05-31,247.33558654785156,166.38848876953125,46.62517929077149,91.63060760498048,123.33000183105467,12.957616806030272,22.24514961242676,75.98038482666016,18.709999084472656,18.829999923706055
2019-06-03,246.70664978027344,162.72496032714844,46.57297134399414,92.07150268554688,125.11000061035156,12.914795875549316,22.12682723999023,75.97705078125,18.860000610351562,18.770000457763672
2019-06-04,252.0618133544922,167.3068084716797,48.48107147216797,91.73429870605467,125.1500015258789,12.991873741149902,22.101469039916992,75.99365997314453,16.969999313354492,17.59000015258789
2019-06-05,254.24525451660156,168.55029296875,48.11083984375,91.73429870605467,125.47000122070312,12.726384162902832,22.177536010742188,75.99365997314453,16.09000015258789,17.1299991607666
2019-06-06,255.89854431152344,169.889404296875,48.77535629272461,91.71743774414062,125.87999725341795,12.949052810668944,22.101469039916992,76.0185546875,15.930000305175781,16.920000076293945
2019-06-07,258.4592590332031,173.1703338623047,49.406646728515625,92.07989501953124,126.58999633789062,12.991873741149902,22.008501052856445,76.01031494140625,16.299999237060547,17.149999618530273
2019-06-10,259.6453552246094,175.18858337402344,50.6407470703125,91.62469482421876,125.33000183105467,12.957616806030272,22.033855438232425,76.02690887451172,15.9399995803833,16.8799991607666
2019-06-11,259.5824890136719,175.42771911621094,50.82585906982422,91.62469482421876,125.18000030517578,13.043259620666504,22.042308807373047,76.0185546875,15.989999771118164,16.989999771118164
2019-06-12,259.124267578125,174.4137725830078,49.72466278076172,91.86078643798828,125.83000183105467,12.863411903381348,22.101469039916992,76.02690887451172,15.90999984741211,17.049999237060547
2019-06-13,260.1933898925781,175.44683837890625,49.97148132324219,92.08831787109376,126.5999984741211,13.026130676269531,22.11837387084961,76.05182647705078,15.819999694824219,16.860000610351562
2019-06-14,259.9059143066406,174.7007598876953,48.7278938293457,92.15576934814452,126.55999755859376,13.077516555786133,22.23669815063477,76.06011199951172,15.279999732971191,16.600000381469727
2019-06-17,260.0047607421875,175.75294494628906,48.428863525390625,92.13893127441406,126.4800033569336,13.017565727233888,22.24514961242676,76.06011199951172,15.350000381469727,16.610000610351562
2019-06-18,262.727294921875,178.306884765625,50.39867401123047,92.31597137451172,127.12000274658205,13.17172145843506,22.278961181640625,76.06011199951172,15.149999618530273,16.5
2019-06-19,263.3202819824219,178.97645568847656,50.517333984375,92.56886291503906,127.88999938964844,13.146029472351074,22.177536010742188,76.07675170898438,14.329999923706055,16.100000381469727
2019-06-20,265.8361511230469,180.6408233642578,51.10116195678711,92.72056579589844,131.11000061035156,13.411519050598145,22.042308807373047,76.08502960205078,14.75,16.139999389648438
2019-06-21,265.4496765136719,180.3730010986328,50.85908508300781,92.34123229980467,131.97999572753906,13.445775032043455,21.932435989379883,76.08502960205078,15.399999618530273,16.670000076293945
2019-06-24,265.12469482421875,180.3787384033203,50.95401382446289,92.66159057617188,133.94000244140625,13.505725860595703,21.89862632751465,76.09337615966797,15.260000228881836,16.469999313354492
2019-06-25,262.5242919921875,177.2823028564453,50.071163177490234,92.80489349365234,134.1999969482422,13.548545837402344,21.949338912963867,76.09337615966797,16.280000686645508,17.1200008392334
2019-06-26,262.2625427246094,178.10675048828125,51.55208206176758,92.42554473876952,132.97000122070312,13.617059707641602,21.96623992919922,76.1099853515625,16.209999084472656,17.049999237060547
2019-06-27,263.1925048828125,178.78736877441406,52.245079040527344,92.70374298095705,132.83999633789062,13.617059707641602,21.96623992919922,76.1099853515625,15.819999694824219,16.760000228881836
2019-06-28,264.5468444824219,179.01748657226562,52.29728698730469,92.74588012695312,133.1999969482422,13.471467971801758,21.949338912963867,76.11829376220703,15.079999923706055,16.059999465942383
2019-07-01,266.94854736328125,181.4332275390625,53.77345657348633,92.6293716430664,130.6199951171875,13.46290397644043,22.109920501708984,76.1141357421875,14.0600004196167,15.430000305175781
2019-07-02,267.643798828125,182.15223693847656,53.14216613769531,92.95865631103516,133.41000366210938,13.240236282348633,22.093017578125,76.12248229980469,12.930000305175781,14.720000267028809
2019-07-03,269.7836608886719,183.52313232421875,52.94755935668945,93.13599395751952,133.6300048828125,13.368697166442873,22.093017578125,76.1474380493164,12.569999694824219,14.529999732971191
2019-07-05,269.47662353515625,183.1492156982422,52.558349609375,92.5448760986328,132.13999938964844,13.394392013549805,22.211345672607425,76.13912200927734,13.279999732971191,14.979999542236328
2019-07-08,267.9958801269531,181.8646240234375,52.21659851074219,92.45197296142578,131.2899932861328,13.377262115478516,22.253602981567383,76.13912200927734,13.960000038146973,15.479999542236328
2019-07-09,268.3299560546875,182.77536010742188,52.58207321166992,92.39287567138672,131.75,13.420083999633787,22.270505905151367,76.1474380493164,14.09000015258789,15.569999694824219
2019-07-10,269.6119689941406,184.5967712402344,53.104190826416016,92.44355010986328,133.8300018310547,13.711265563964844,22.177536010742188,76.15576934814453,13.029999732971191,15.1899995803833
2019-07-11,270.244140625,184.46258544921875,53.251338958740234,91.98756408691406,132.6999969482422,13.719830513000488,22.177536010742188,76.17242431640625,12.930000305175781,14.979999542236328
2019-07-12,271.4539489746094,185.5266265869141,54.22911834716797,92.08889770507812,133.52999877929688,13.754085540771484,22.135278701782227,76.18074035644531,12.390000343322754,14.800000190734863
2019-07-15,271.5442810058594,186.12103271484375,54.665802001953125,92.28309631347656,133.52999877929688,13.608495712280272,22.169084548950195,76.18074035644531,12.680000305175781,15.039999961853027
2019-07-16,270.6683349609375,185.1623382568359,54.1009635925293,92.0804443359375,132.39999389648438,13.46290397644043,22.270505905151367,76.18907165527344,12.859999656677246,15.220000267028809
2019-07-17,268.8265686035156,184.2516632080078,54.29557800292969,92.5111083984375,134.5800018310547,13.343005180358888,22.228248596191406,76.18907165527344,13.970000267028809,15.819999694824219
2019-07-18,269.81072998046875,184.46258544921875,55.27336120605469,92.7391357421875,136.47999572753906,13.248799324035645,22.109920501708984,76.21405029296875,13.529999732971191,15.539999961853027
2019-07-19,268.3118591308594,183.11087036132812,55.27811050415039,92.57019805908205,134.47000122070312,13.325876235961914,22.21979522705078,76.21405029296875,14.449999809265137,15.930000305175781
2019-07-22,268.9710388183594,184.56805419921875,56.38405227661133,92.61245727539062,134.4499969482422,13.283056259155272,22.262054443359375,76.21405029296875,13.529999732971191,15.470000267028809
2019-07-23,270.8940734863281,185.77587890625,57.010597229003906,92.46044921875,133.69000244140625,13.368697166442873,22.363475799560547,76.20569610595703,12.609999656677246,14.930000305175781
2019-07-24,272.1672058105469,187.0796813964844,58.529483795166016,92.5955810546875,134.3699951171875,13.308749198913574,22.363475799560547,76.22234344482422,12.069999694824219,14.5600004196167
2019-07-25,270.8670959472656,185.3061981201172,57.471004486083984,92.43514251708984,133.4199981689453,13.257362365722656,22.405736923217773,76.23899841308594,12.739999771118164,15.050000190734863
2019-07-26,272.6819152832031,187.21388244628903,57.35234069824219,92.41819763183594,133.63999938964844,13.274492263793944,22.43954086303711,76.23069763183594,12.15999984741211,14.6899995803833
2019-07-29,272.1853332519531,186.57156372070312,57.54695129394531,92.5026626586914,134.52999877929688,13.325876235961914,22.456445693969727,76.24732208251953,12.829999923706055,15.0
2019-07-30,271.5172119140625,185.7663116455078,57.29063034057617,92.5448760986328,134.97999572753906,13.4029541015625,22.456445693969727,76.24732208251953,13.9399995803833,15.699999809265137
2019-07-31,268.546630859375,183.1971435546875,55.57714080810547,92.78134155273438,133.2100067138672,13.317313194274902,22.5916748046875,76.2556381225586,16.1200008392334,16.90999984741211
2019-08-01,266.2081604003906,182.2864227294922,54.45695877075195,93.8336944580078,136.41000366210938,12.949052810668944,22.524059295654297,76.27649688720703,17.8700008392334,17.989999771118164
2019-08-02,264.2037353515625,179.60226440429688,53.71649932861328,94.0282974243164,135.88999938964844,12.966181755065918,22.47334861755371,76.27649688720703,17.610000610351562,17.889999389648438
2019-08-05,256.2583312988281,173.25601196289062,51.40019226074219,94.84041595458984,137.7899932861328,12.854846954345703,22.363475799560547,76.2681655883789,24.59000015258789,21.899999618530273
2019-08-06,259.8518371582031,175.68138122558594,52.21659851074219,94.9926528930664,138.91000366210938,12.786334037780762,22.388832092285156,76.27649688720703,20.170000076293945,19.690000534057617
2019-08-07,260.00531005859375,176.6304473876953,52.50139236450195,94.9926528930664,141.02000427246094,12.623614311218262,22.37192726135254,76.29318237304688,19.489999771118164,19.5
2019-08-08,265.1065979003906,180.474609375,53.84465789794922,95.00112915039062,141.72999572753906,12.692126274108888,22.388832092285156,76.30155181884766,16.90999984741211,17.860000610351562
2019-08-09,263.3008728027344,178.7777862548828,52.914337158203125,94.85730743408205,141.25999450683594,12.803462028503418,22.363475799560547,76.29318237304688,17.969999313354492,18.559999465942383
2019-08-12,260.09552001953125,176.7262725830078,52.28779983520508,95.45797729492188,142.6300048828125,12.70925521850586,22.34657096862793,76.30984497070312,21.09000015258789,20.5
2019-08-13,264.1404724121094,180.5991973876953,53.787696838378906,95.11956024169922,141.77999877929688,13.00900173187256,22.447994232177734,76.31819152832031,17.520000457763672,18.530000686645508
2019-08-14,256.33050537109375,175.20205688476562,52.05521011352539,95.75404357910156,142.75,12.812026023864746,22.49870491027832,76.30984497070312,22.100000381469727,21.299999237060547
2019-08-15,257.0077209472656,175.00076293945312,51.99824905395508,96.3631362915039,143.6999969482422,12.70925521850586,22.515607833862305,76.34322357177734,21.18000030517578,21.06999969482422
2019-08-16,260.7998962402344,177.8095703125,53.27032470703125,96.1093292236328,142.77999877929688,12.700692176818848,22.53251266479492,76.3348617553711,18.469999313354492,19.700000762939453
2019-08-19,263.9418640136719,180.63754272460935,54.148433685302734,95.6524887084961,141.11000061035156,12.760640144348145,22.583223342895508,76.3348617553711,16.8799991607666,18.360000610351562
2019-08-20,261.9194030761719,179.2379913330078,53.83990859985352,96.07550811767578,142.2100067138672,12.794896125793455,22.53251266479492,76.34322357177734,17.5,18.8700008392334
2019-08-21,264.05023193359375,180.82931518554688,54.3905029296875,95.82170867919922,141.75999450683594,12.83771800994873,22.55786895751953,76.3348617553711,15.800000190734863,17.719999313354492
2019-08-22,263.968994140625,180.24452209472656,54.31930923461914,95.61022186279295,141.39999389648438,12.777770042419434,22.540966033935547,76.3598861694336,16.68000030517578,18.229999542236328
2019-08-23,257.1882629394531,174.54061889648438,52.0694465637207,96.2531509399414,144.1699981689453,12.683563232421877,22.41418838500977,76.35152435302734,19.8700008392334,20.360000610351562
2019-08-26,260.0323791503906,177.17689514160156,52.605812072753906,96.1601104736328,144.19000244140625,12.674999237060549,22.53251266479492,76.3598861694336,19.31999969482422,19.81999969482422
2019-08-27,259.0120849609375,176.80296325683594,52.482398986816406,96.57462310791016,145.57000732421875,12.760640144348145,22.515607833862305,76.3681869506836,20.309999465942383,20.639999389648438
2019-08-28,260.8359680175781,177.43568420410156,52.81940078735352,96.60845184326172,145.16000366210938,12.87197494506836,22.56631851196289,76.3598861694336,19.350000381469727,20.049999237060547
2019-08-29,264.1676025390625,180.1486968994141,53.96331787109375,96.42232513427734,144.1199951171875,12.906230926513672,22.6254825592041,76.3765640258789,17.8799991607666,19.030000686645508
2019-08-30,264.05023193359375,179.71728515625,54.309818267822266,96.44772338867188,143.75,12.700692176818848,22.71000289916992,76.38485717773438,18.979999542236328,19.540000915527344
2019-09-03,262.50634765625,177.9725341796875,53.4506950378418,96.65958404541016,145.75,12.632176399230955,22.760711669921875,76.39993286132812,19.65999984741211,20.1200008392334
2019-09-04,265.4858703613281,180.5417327880859,55.02653884887695,96.81208038330078,146.66000366210938,12.931925773620604,22.61703109741211,76.39159393310547,17.329999923706055,18.809999465942383
2019-09-05,268.89874267578125,183.8490447998047,56.69731903076172,96.03252410888672,143.13999938964844,12.914795875549316,22.6254825592041,76.39993286132812,16.270000457763672,18.079999923706055
2019-09-06,269.10638427734375,183.6669158935547,56.74478530883789,96.09183502197266,141.9199981689453,12.949052810668944,22.633935928344727,76.4083023071289,15.0,17.459999084472656
2019-09-09,269.24188232421875,183.283447265625,56.96312713623047,95.49864959716795,141.38999938964844,13.068951606750488,22.5916748046875,76.4083023071289,15.270000457763672,17.549999237060547
2019-09-10,269.1787109375,182.75616455078125,57.07704162597656,94.80382537841795,140.17999267578125,13.086079597473145,22.61703109741211,76.42499542236328,15.199999809265137,17.40999984741211
2019-09-11,271.09283447265625,184.47215270996097,57.80326461791992,94.71063232421876,141.02999877929688,12.991873741149902,22.684646606445312,76.4166488647461,14.609999656677246,17.100000381469727
2019-09-12,272.03179931640625,185.2390899658203,57.89344787597656,94.49876403808594,141.32000732421875,12.9404878616333,22.61703109741211,76.43334197998047,14.220000267028809,16.809999465942383
2019-09-13,271.8512268066406,184.57762145996097,57.864967346191406,93.6344757080078,140.14999389648438,12.9404878616333,22.583223342895508,76.43334197998047,13.739999771118164,16.670000076293945
2019-09-16,271.0115051269531,183.7531890869141,57.47575378417969,94.04119873046876,141.32000732421875,13.514288902282717,22.684646606445312,76.43334197998047,14.670000076293945,17.200000762939453
2019-09-17,271.6977233886719,184.63514709472656,57.70833206176758,94.28691864013672,141.60000610351562,13.257362365722656,22.583223342895508,76.44171905517578,14.4399995803833,17.229999542236328
2019-09-18,271.8602600097656,184.55844116210935,57.7700309753418,94.32083129882812,140.7100067138672,13.17172145843506,22.667741775512695,76.45841217041016,13.949999809265137,16.860000610351562
2019-09-19,271.84228515625,184.865234375,57.53745651245117,94.36316680908205,141.27999877929688,13.240236282348633,22.61703109741211,76.45841217041016,14.050000190734863,16.790000915527344
2019-09-20,270.5578308105469,182.9095916748047,56.45998764038086,94.90550231933594,142.9499969482422,13.257362365722656,22.676191329956055,76.46672821044922,15.319999694824219,17.709999084472656
2019-09-23,270.49432373046875,182.990234375,56.94414138793945,95.0410614013672,143.75,13.291621208190918,22.71000289916992,76.48345947265625,14.90999984741211,17.8700008392334
2019-09-24,268.37176513671875,180.55999755859375,56.09926223754883,95.51561737060548,144.50999450683594,13.13746452331543,22.6254825592041,76.48345947265625,17.049999237060547,18.549999237060547
2019-09-25,269.9591064453125,182.58673095703125,57.05805587768555,94.8885726928711,141.8300018310547,13.060385704040527,22.802967071533203,76.48345947265625,15.960000038146973,18.0
2019-09-26,269.3967590332031,181.9143829345703,57.25740814208984,95.09194946289062,141.7899932861328,13.060385704040527,22.862133026123047,76.50017547607422,16.06999969482422,18.1200008392334
2019-09-27,267.9454040527344,179.65707397460938,55.89990234375,95.22752380371094,141.05999755859375,13.00900173187256,22.828325271606445,76.50017547607422,17.219999313354492,18.75
2019-09-30,269.1881103515625,181.3668670654297,56.54542922973633,95.3037567138672,138.8699951171875,12.880538940429688,22.90439224243164,76.50849914550781,16.239999771118164,17.959999084472656
2019-10-01,265.9862060546875,179.88754272460938,56.16095733642578,95.56770324707033,139.6300048828125,12.87197494506836,22.828325271606445,76.50601196289062,18.559999465942383,19.350000381469727
2019-10-02,261.2876281738281,176.7944793701172,55.2448844909668,95.89866638183594,141.25999450683594,12.760640144348145,22.81142234802246,76.50601196289062,20.559999465942383,20.739999771118164
2019-10-03,263.42828369140625,178.73487854003906,56.09450912475586,96.39940643310548,141.89999389648438,12.743512153625488,22.802967071533203,76.5311050415039,19.1200008392334,19.780000686645508
2019-10-04,266.9930419921875,181.3668670654297,57.081787109375,96.58610534667967,141.89999389648438,12.84628200531006,22.78606605529785,76.5311050415039,17.040000915527344,18.59000015258789
2019-10-07,265.8410949707031,180.8193359375,56.7969970703125,96.26360321044922,140.69000244140625,12.829153060913086,22.828325271606445,76.53945922851562,17.860000610351562,18.90999984741211
2019-10-08,261.7139892578125,178.11050415039062,55.306583404541016,96.46730041503906,141.9199981689453,12.820589065551758,22.862133026123047,76.53945922851562,20.280000686645508,20.389999389648438
2019-10-09,264.1993408203125,179.84913635253906,56.27962112426758,96.22116088867188,142.0500030517578,12.854846954345703,22.845230102539062,76.53945922851562,18.639999389648438,19.510000228881836
2019-10-10,265.9862060546875,181.2419586181641,56.81598281860352,95.61863708496094,140.80999755859375,12.9404878616333,22.75225830078125,76.55623626708984,17.56999969482422,18.790000915527344
2019-10-11,268.74365234375,183.57620239257812,58.111785888671875,94.96517181396484,140.02999877929688,13.094643592834473,22.667741775512695,76.5645523071289,15.579999923706055,17.549999237060547
2019-10-14,268.4444274902344,183.55699157714844,58.19721984863281,95.22825622558594,140.58999633789062,13.03469467163086,22.7353572845459,76.55623626708984,14.569999694824219,17.1200008392334
2019-10-15,271.1020812988281,185.89122009277344,59.355377197265625,94.76998138427734,139.61000061035156,13.00043773651123,22.667741775512695,76.5645523071289,13.539999961853027,16.479999542236328
2019-10-16,270.6666259765625,185.43016052246097,58.49150848388672,94.9566879272461,140.41000366210938,13.017565727233888,22.608577728271484,76.57293701171875,13.680000305175781,16.479999542236328
2019-10-17,271.46478271484375,185.9200439453125,58.529483795166016,94.92273712158205,140.61000061035156,13.068951606750488,22.524059295654297,76.58129119873047,13.789999961853027,16.440000534057617
2019-10-18,270.2766418457031,184.13328552246097,57.95514297485352,95.00757598876952,140.4600067138672,13.060385704040527,22.43954086303711,76.58129119873047,14.25,16.649999618530273
2019-10-21,272.1088562011719,185.76632690429688,59.0421028137207,94.65966033935548,139.7899932861328,13.043259620666504,22.456445693969727,76.58963775634766,14.0,16.280000686645508
2019-10-22,271.2200012207031,184.28707885742188,58.59592819213867,94.88029479980467,140.1999969482422,13.060385704040527,22.507158279418945,76.58963775634766,14.460000038146973,16.549999237060547
2019-10-23,272.0090637207031,184.6424560546875,57.5754280090332,94.91424560546876,140.52999877929688,13.223106384277344,22.49870491027832,76.58963775634766,14.010000228881836,16.290000915527344
2019-10-24,272.4535217285156,186.4387359619141,59.099063873291016,94.89725494384766,141.52999877929688,13.291621208190918,22.56631851196289,76.60639953613281,13.710000038146973,16.25
2019-10-25,273.5691833496094,187.9276580810547,60.29518508911133,94.69361114501952,141.86000061035156,13.368697166442873,22.5916748046875,76.60639953613281,12.649999618530273,15.710000038146973
2019-10-28,275.1112365722656,189.78155517578125,61.211273193359375,94.33715057373048,140.63999938964844,13.317313194274902,22.574769973754883,76.5980453491211,13.109999656677246,15.989999771118164
2019-10-29,275.0296325683594,188.3118133544922,60.7935791015625,94.42205810546876,140.25,13.291621208190918,22.56631851196289,76.61479187011719,13.199999809265137,16.09000015258789
2019-10-30,275.87310791015625,189.2244110107422,60.86002731323242,94.88029479980467,141.02000427246094,13.205978393554688,22.515607833862305,76.62311553955078,12.329999923706055,15.6899995803833
2019-10-31,275.138427734375,189.3108673095703,60.513526916503906,95.48284912109376,142.42999267578125,13.128900527954102,22.47334861755371,76.63151550292969,13.220000267028809,16.049999237060547
2019-11-01,277.6872863769531,191.03028869628903,61.761863708496094,95.30265808105467,142.55999755859375,13.368697166442873,22.46489906311035,76.63065338134766,12.300000190734863,15.420000076293945
2019-11-04,278.80291748046875,192.21180725097656,63.07666015625,94.81822204589844,142.14999389648438,13.454339981079102,22.549415588378903,76.63904571533203,12.829999923706055,15.619999885559082
2019-11-05,278.4944763183594,192.3174743652344,63.109893798828125,94.30821990966795,139.85000610351562,13.488595008850098,22.633935928344727,76.63065338134766,13.100000381469727,15.90999984741211
2019-11-06,278.5580749511719,191.88522338867188,62.72541809082031,94.58021545410156,140.4499969482422,13.343005180358888,22.633935928344727,76.63904571533203,12.619999885559082,15.829999923706055
2019-11-07,279.5377502441406,192.52877807617188,63.09563827514648,93.82381439208984,138.27000427246094,13.33444118499756,22.684646606445312,76.6557846069336,12.729999542236328,15.800000190734863
2019-11-08,280.22711181640625,193.2972412109375,63.228553771972656,93.69630432128906,137.38999938964844,13.368697166442873,22.7353572845459,76.6557846069336,12.069999694824219,15.529999732971191
2019-11-11,279.69183349609375,193.0378875732422,62.97223281860352,93.79827117919922,137.05999755859375,13.283056259155272,22.701547622680664,76.6557846069336,12.6899995803833,15.600000381469727
2019-11-12,280.2814025878906,193.59500122070312,63.10513687133789,93.84075164794922,137.42999267578125,13.291621208190918,22.7353572845459,76.6641845703125,12.680000305175781,15.489999771118164
2019-11-13,280.37213134765625,193.64305114746097,63.21430587768555,94.09579467773438,137.97999572753906,13.317313194274902,22.726903915405273,76.6641845703125,13.0,15.619999885559082
2019-11-14,280.7803649902344,193.48939514160156,63.10040283203125,94.57168579101562,138.55999755859375,13.274492263793944,22.71000289916992,76.67259216308594,13.050000190734863,15.600000381469727
2019-11-15,282.8121337890625,194.9110412597656,63.74116897583008,94.49523162841795,138.2100067138672,13.343005180358888,22.65928840637207,76.6641845703125,12.050000190734863,14.989999771118164
2019-11-18,283.02081298828125,195.0647125244141,63.77913665771485,94.65670776367188,138.6199951171875,13.205978393554688,22.61703109741211,76.6809310913086,12.460000038146973,15.170000076293945
2019-11-19,282.93914794921875,195.35292053222656,63.56081008911133,94.83523559570312,138.69000244140625,13.086079597473145,22.64238739013672,76.67259216308594,12.859999656677246,15.5
2019-11-20,281.886962890625,194.1809539794922,62.93901062011719,95.18367004394533,138.75999450683594,13.257362365722656,22.64238739013672,76.6809310913086,12.779999732971191,15.640000343322754
2019-11-21,281.4334716796875,193.7487335205078,62.25075912475586,94.9456787109375,138.0,13.377262115478516,22.676191329956055,76.6809310913086,13.130000114440918,15.819999694824219
2019-11-22,282.0593566894531,193.87359619140625,62.14159393310547,94.92864990234376,137.74000549316406,13.368697166442873,22.743806838989254,76.6893081665039,12.34000015258789,15.399999618530273
2019-11-25,284.245361328125,196.16941833496097,63.57504653930664,94.97119140625,137.0800018310547,13.368697166442873,22.760711669921875,76.6893081665039,11.869999885559082,14.989999771118164
2019-11-26,284.8893127441406,196.5440368652344,63.370941162109375,95.14964294433594,137.74000549316406,13.445775032043455,22.7353572845459,76.69766235351562,11.539999961853027,14.850000381469727
2019-11-27,286.1592102050781,197.9176483154297,63.79814147949219,94.90324401855467,137.00999450683594,13.377262115478516,22.769163131713867,76.71446990966797,11.75,14.960000038146973
2019-11-29,285.097900390625,197.0146484375,63.08615493774414,94.8266830444336,137.86000061035156,13.111772537231444,22.743806838989254,76.71446990966797,12.619999885559082,15.510000228881836
2019-12-02,282.67620849609375,194.9974822998047,62.26499938964844,94.4862289428711,137.7899932861328,13.094643592834473,22.65083694458008,76.72029876708984,14.90999984741211,16.84000015258789
2019-12-03,280.7803649902344,193.4701690673828,61.391639709472656,95.32889556884766,139.11000061035156,13.103208541870115,22.6254825592041,76.7119140625,15.960000038146973,17.6299991607666
2019-12-04,282.5128479003906,194.44992065429688,62.293487548828125,94.9628448486328,138.9199981689453,13.308749198913574,22.600126266479492,76.72029876708984,14.800000190734863,16.979999542236328
2019-12-05,283.02081298828125,194.8341522216797,62.668460845947266,94.7416000366211,139.0,13.33444118499756,22.549415588378903,76.73712921142578,14.520000457763672,16.780000686645508
2019-12-06,285.6058654785156,196.9186553955078,63.59878158569336,94.45220947265624,137.6199951171875,13.420083999633787,22.633935928344727,76.73712921142578,13.619999885559082,16.209999084472656
2019-12-09,284.7080078125,196.0253143310547,63.17157745361328,94.52880096435548,137.5800018310547,13.4029541015625,22.608577728271484,76.74549102783203,15.859999656677246,17.299999237060547
2019-12-10,284.3904113769531,195.86203002929688,63.42316055297851,94.41813659667967,137.97000122070312,13.46290397644043,22.583223342895508,76.74549102783203,15.680000305175781,17.1299991607666
2019-12-11,285.19769287109375,196.89942932128903,64.78065490722656,94.80965423583984,138.9199981689453,13.4029541015625,22.49870491027832,76.74549102783203,14.989999771118164,16.90999984741211
2019-12-12,287.6558837890625,198.3690948486328,66.64129638671875,94.06065368652344,138.42999267578125,13.522852897644045,22.53251266479492,76.76226806640625,13.9399995803833,16.09000015258789
2019-12-13,287.8282165527344,199.02232360839844,66.3849868774414,94.6139144897461,139.0500030517578,13.591367721557615,22.53251266479492,76.74549102783203,12.630000114440918,15.279999732971191
2019-12-16,289.8056640625,201.02032470703125,66.92609405517578,94.17131042480467,139.0399932861328,13.685572624206545,22.490253448486328,76.76226806640625,12.140000343322754,14.979999542236328
2019-12-17,289.86907958984375,201.13558959960935,67.30582427978516,94.17982482910156,139.00999450683594,13.745521545410156,22.53251266479492,76.75386047363281,12.289999961853027,15.149999618530273
2019-12-18,289.88726806640625,201.289306640625,67.0732421875,93.92446899414062,139.02000427246094,13.754085540771484,22.574769973754883,76.77066802978516,12.579999923706055,15.199999809265137
2019-12-19,291.0755310058594,202.5475921630859,67.46244812011719,93.997802734375,139.3800048828125,13.814034461975098,22.574769973754883,76.77904510498047,12.5,15.140000343322754
2019-12-20,292.35162353515625,203.36410522460935,68.11273193359375,93.997802734375,139.52000427246094,13.796907424926758,22.65083694458008,76.78324890136719,12.510000228881836,15.319999694824219
2019-12-23,292.7982482910156,203.9012756347656,68.45093536376953,93.91252136230467,139.9499969482422,13.80038833618164,22.63876724243164,76.78324890136719,12.609999656677246,15.5
2019-12-24,292.807373046875,204.00718688964844,68.59064483642578,94.07452392578124,141.27000427246094,13.861299514770508,22.63876724243164,76.79163360595703,12.670000076293945,15.520000457763672
2019-12-26,294.3661193847656,205.80731201171875,68.77372741699219,94.21087646484376,142.3800048828125,13.965712547302246,22.60428237915039,76.8000259399414,12.649999618530273,15.520000457763672
2019-12-27,294.2930908203125,205.63406372070312,68.53765106201172,94.34723663330078,142.3300018310547,13.99181842803955,22.492212295532227,76.79163360595703,13.430000305175781,15.949999809265137
2019-12-30,292.6705627441406,204.2863616943359,68.04141998291016,94.28759002685548,142.6300048828125,13.965712547302246,22.449106216430664,76.8000259399414,14.819999694824219,16.68000030517578
2019-12-31,293.3815612792969,204.67144775390625,68.12813568115234,93.9466323852539,142.89999389648438,13.878700256347656,22.388757705688477,76.8000259399414,13.779999732971191,15.869999885559082
2020-01-02,296.1252746582031,208.08888244628903,69.70355224609375,94.38135528564452,143.9499969482422,13.896102905273438,22.466346740722656,76.82524871826172,12.470000267028809,15.1899995803833
2020-01-03,293.8829345703125,206.1827850341797,68.5617446899414,95.0120849609375,145.86000061035156,14.061429023742676,22.492212295532227,76.82524871826172,14.020000457763672,16.010000228881836
2020-01-06,295.00421142578125,207.51123046875,67.82943725585938,94.9097671508789,147.38999938964844,14.087532997131348,22.44048500061035,76.81683349609375,13.850000381469727,15.920000076293945
2020-01-07,294.1746826171875,207.48240661621097,68.96162414550781,94.77342987060548,147.97000122070312,14.078831672668455,22.51807403564453,76.81683349609375,13.789999961853027,15.859999656677246
2020-01-08,295.7424621582031,209.0419464111328,69.07723999023438,94.55181884765624,146.86000061035156,13.869998931884766,22.57842063903809,76.83365631103516,13.449999809265137,15.399999618530273
2020-01-09,297.747802734375,210.813232421875,69.47230529785156,94.62001037597656,146.02999877929688,13.809089660644531,22.621524810791016,76.84204864501953,12.539999961853027,14.949999809265137
2020-01-10,296.8910217285156,210.27410888671875,68.89417266845703,94.82453918457033,146.91000366210938,13.809089660644531,22.60428237915039,76.84204864501953,12.5600004196167,14.949999809265137
2020-01-13,298.93280029296875,212.69998168945312,69.85772705078125,94.71377563476562,145.82000732421875,13.704671859741213,22.60428237915039,76.84204864501953,12.319999694824219,14.640000343322754
2020-01-14,298.4770202636719,211.86251831054688,70.00225830078125,94.90128326416016,145.69000244140625,13.765583038330078,22.612905502319336,76.84204864501953,12.390000343322754,14.640000343322754
2020-01-15,299.1515808105469,211.9491424560547,68.96643829345703,95.139892578125,146.5399932861328,13.695971488952637,22.57842063903809,76.8504409790039,12.420000076293945,14.630000114440918
2020-01-16,301.6399841308594,213.98036193847656,70.079345703125,94.94390869140624,146.30999755859375,13.678568840026855,22.612905502319336,76.86726379394531,12.319999694824219,14.449999809265137
2020-01-17,302.5788269042969,215.03927612304688,70.36841583251953,94.86721801757812,146.5800018310547,13.722075462341309,22.690492630004883,76.85884857177734,12.100000381469727,14.40999984741211
2020-01-21,301.9864196777344,214.94300842285156,70.42621612548828,95.2422332763672,146.74000549316406,13.643763542175291,22.67325210571289,76.86726379394531,12.850000381469727,14.869999885559082
2020-01-22,302.0228271484375,215.5109710693359,71.00435638427734,95.25930786132812,146.7899932861328,13.461034774780272,22.6560115814209,76.86726379394531,12.90999984741211,14.979999542236328
2020-01-23,302.36920166015625,216.20411682128903,71.44758605957031,95.4979248046875,147.1199951171875,13.34791660308838,22.716358184814453,76.87564849853516,12.979999542236328,14.989999771118164
2020-01-24,299.68017578125,214.3846893310547,71.1344223022461,95.8388900756836,147.97999572753906,13.147784233093262,22.75084114074707,76.87564849853516,14.5600004196167,16.06999969482422
2020-01-27,294.8764953613281,209.9564666748047,68.26786804199219,96.48664855957033,148.99000549316406,12.904145240783691,22.785324096679688,76.88402557373047,18.229999542236328,18.15999984741211
2020-01-28,297.9665832519531,213.1813507080078,69.97816467285156,96.16276550292967,147.66000366210938,12.965054512023926,22.785324096679688,76.88402557373047,16.280000686645508,17.030000686645508
2020-01-29,297.7204284667969,213.52789306640625,68.91344451904297,96.62303161621094,148.4600067138672,12.904145240783691,22.819807052612305,76.89241027832031,16.389999389648438,17.030000686645508
2020-01-30,298.6866760253906,214.2884063720703,68.75446319580078,96.71682739257812,148.47000122070312,12.791028022766112,22.75084114074707,76.89241027832031,15.489999771118164,16.59000015258789
2020-01-31,293.2631530761719,210.8902130126953,66.27811431884766,97.20262145996094,149.3300018310547,12.686612129211426,22.6560115814209,76.89241027832031,18.84000015258789,18.6299991607666
2020-02-03,295.4416198730469,214.07662963867188,67.18384552001953,97.11981964111328,148.36000061035156,12.451675415039062,22.768083572387695,76.899169921875,17.969999313354492,18.040000915527344
2020-02-04,299.9446716308594,218.97659301757812,69.34703826904297,96.55657196044922,146.42999267578125,12.469077110290527,22.802568435668945,76.899169921875,16.049999237060547,16.700000762939453
2020-02-05,303.40826416015625,219.69859313964844,70.72491455078125,96.13832092285156,146.61000061035156,12.660507202148438,22.888774871826172,76.91598510742188,15.149999618530273,16.110000610351562
2020-02-06,304.4293212890625,221.5950164794922,70.77310180664062,96.20663452148438,147.39999389648438,12.71271514892578,22.931882858276367,76.9244155883789,14.960000038146973,15.890000343322754
2020-02-07,302.8066711425781,220.6420135498047,69.15432739257812,96.66751861572266,147.7899932861328,12.643104553222656,22.983606338500977,76.9244155883789,15.470000267028809,16.290000915527344
2020-02-10,305.06732177734375,223.30853271484375,70.24314880371094,96.85527801513672,148.1699981689453,12.529986381530762,23.018091201782227,76.91598510742188,15.039999961853027,16.1299991607666
2020-02-11,305.5959777832031,223.34703063964844,71.72702026367188,96.62483978271484,147.66000366210938,12.573493957519531,22.992231369018555,76.9244155883789,15.180000305175781,16.139999389648438
2020-02-12,307.5648498535156,225.52267456054688,72.73876190185547,96.37730407714844,147.5399932861328,12.747520446777344,23.05257797241211,76.93280792236328,13.739999771118164,15.359999656677246
2020-02-13,307.2367248535156,225.23385620117188,72.91219329833984,96.46268463134766,148.3800048828125,12.75622272491455,23.078439712524418,76.94121551513672,14.149999618530273,15.680000305175781
2020-02-14,307.7288818359375,225.8788604736328,72.59902954101562,96.70165252685548,149.0,12.747520446777344,23.0698184967041,76.94121551513672,13.680000305175781,15.5
2020-02-18,306.9358215332031,225.96551513671875,71.51022338867188,96.85527801513672,150.91000366210938,12.843235969543455,23.156028747558594,76.94963073730469,14.829999923706055,16.100000381469727
2020-02-19,308.4034423828125,228.13145446777344,73.35061645507812,96.83822631835938,151.7899932861328,12.965054512023926,23.199132919311523,76.94963073730469,14.380000114440918,15.819999694824219
2020-02-20,307.13641357421875,226.0136260986328,72.19435119628906,97.11981964111328,152.41000366210938,12.912847518920898,23.26810073852539,76.94963073730469,15.5600004196167,16.600000381469727
2020-02-21,303.9734802246094,221.67205810546875,70.07452392578125,97.51242065429688,154.6999969482422,12.860639572143556,23.130165100097656,76.9664535522461,17.079999923706055,17.610000610351562
2020-02-24,293.8920593261719,213.12359619140625,66.89960479736328,98.27210235595705,156.08999633789062,12.617000579833984,23.13878631591797,76.95804595947266,25.030000686645508,21.920000076293945
2020-02-25,284.98651123046875,207.32833862304688,64.97249603271484,98.54520416259766,153.3000030517578,12.382062911987305,23.0698184967041,76.95804595947266,27.850000381469727,23.860000610351562
2020-02-26,283.93829345703125,208.3969268798828,65.36273193359375,98.49398803710938,153.97000122070312,12.260244369506836,23.087060928344727,76.974853515625,27.559999465942383,23.700000762939453
2020-02-27,271.18609619140625,197.9616546630859,62.35163116455078,98.9719467163086,154.0,12.051410675048828,22.949125289916992,76.99166870117188,39.15999984741211,29.920000076293945
2020-02-28,270.04669189453125,198.11573791503903,63.58016586303711,100.0814971923828,148.3800048828125,11.842576026916504,22.871536254882812,76.98323822021484,40.11000061035156,29.850000381469727
2020-03-02,281.7414855957031,208.3391876220703,65.7818832397461,100.01314544677734,149.1999969482422,12.11232089996338,22.75084114074707,77.00603485107422,33.41999816894531,27.700000762939453
2020-03-03,273.6745300292969,201.6582489013672,63.62351989746094,101.1752700805664,153.88999938964844,12.13842487335205,22.6560115814209,77.02281188964844,36.81999969482422,30.170000076293945
2020-03-04,285.17791748046875,210.0719757080078,66.88516235351562,100.95313262939452,154.16000366210938,12.14712619781494,22.733598709106445,77.05651092529297,31.989999771118164,27.510000228881836
2020-03-05,275.6981506347656,203.6894989013672,64.78460693359375,101.85034942626952,157.49000549316406,12.016606330871582,22.561180114746097,77.07334899902344,39.619998931884766,32.56999969482422
2020-03-06,271.14056396484375,200.25279235839844,63.53680419921875,102.88436126708984,157.5500030517578,11.625042915344238,22.431865692138672,77.07334899902344,41.939998626708984,35.459999084472656
2020-03-09,249.9659881591797,186.3423309326172,58.251705169677734,103.80722045898438,157.80999755859375,10.720099449157717,22.190475463867188,77.10701751708984,54.459999084472656,43.04999923706055
2020-03-10,262.9004211425781,196.48880004882812,61.840946197509766,101.90164184570312,154.47999572753906,11.059453964233398,22.51807403564453,77.09017944335938,47.29999923706055,39.439998626708984
2020-03-11,250.0843963623047,187.9307556152344,58.502235412597656,100.8847198486328,153.92999267578125,10.85932159423828,22.55255889892578,77.10701751708984,53.900001525878906,44.369998931884766
2020-03-12,226.1570587158203,170.69908142089844,52.32584762573242,100.93602752685548,147.7899932861328,10.4242525100708,22.7939453125,77.11547088623047,75.47000122070312,57.2400016784668
2020-03-13,245.49038696289065,185.15826416015625,57.39896011352539,100.278076171875,143.27999877929688,10.53736972808838,23.65604782104492,77.13227081298828,57.83000183105469,48.310001373291016
2020-03-16,218.62791442871097,162.9785614013672,49.1268424987793,102.92707061767578,141.63999938964844,9.90217113494873,22.897397994995117,77.14070892333984,82.69000244140625,67.69999694824219
2020-03-17,230.4320831298828,175.339111328125,53.106327056884766,100.34638214111328,143.55999755859375,9.74554443359375,23.302587509155273,77.14070892333984,75.91000366210938,65.2699966430664
2020-03-18,218.7646484375,170.00596618652344,48.69324493408203,98.95354461669922,140.6999969482422,9.423593521118164,23.65604782104492,77.15753936767578,76.44999694824219,72.9800033569336
2020-03-19,219.22952270507812,171.0264129638672,49.55562210083008,99.27825164794922,138.0399932861328,9.62372589111328,24.216413497924805,77.14070892333984,72.0,69.47000122070312
2020-03-20,209.7819976806641,164.32632446289062,48.68842315673828,101.80760192871094,140.11000061035156,9.519309043884276,24.147445678710938,77.16595458984375,66.04000091552734,65.58999633789062
2020-03-23,204.4182586669922,164.44493103027344,50.495086669921875,103.0124969482422,146.3000030517578,9.632427215576172,24.112960815429688,77.14911651611328,61.59000015258789,56.63999938964844
2020-03-24,222.93923950195312,177.17913818359375,55.70792007446289,102.3118133544922,153.39999389648438,9.84126091003418,23.837087631225582,77.14911651611328,61.66999816894531,52.11000061035156
2020-03-25,226.27664184570312,175.86712646484375,55.288780212402344,102.37164306640624,151.3000030517578,10.006586074829102,23.61294174194336,77.14911651611328,63.95000076293945,53.849998474121094
2020-03-26,239.48890686035156,185.1283721923828,58.64194107055664,102.61942291259766,153.24000549316406,9.97178077697754,23.233619689941406,77.14911651611328,61.0,49.790000915527344
2020-03-27,232.3555603027344,178.7612762451172,55.39958572387695,103.37997436523438,152.25,9.936975479125977,23.043954849243164,77.13227081298828,65.54000091552734,55.75
2020-03-30,239.90147399902344,185.2634124755859,57.5723991394043,103.61923217773438,152.9199981689453,9.910870552062988,23.147411346435547,77.13227081298828,57.08000183105469,51.2599983215332
2020-03-31,236.32566833496097,183.6813201904297,56.43540573120117,103.80722045898438,148.0500030517578,9.78905200958252,23.130165100097656,77.14070892333984,53.540000915527344,48.31999969482422
2020-04-01,225.6898193359375,175.87677001953125,53.63628005981445,104.22982025146484,149.4499969482422,9.51060962677002,23.276723861694336,77.1339340209961,57.060001373291016,51.16999816894531
2020-04-02,230.89773559570312,179.4461669921875,55.08161544799805,104.2469482421875,151.89999389648438,9.69333839416504,23.397417068481445,77.14239501953125,50.90999984741211,47.29999923706055
2020-04-03,227.5602874755859,176.89939880371094,53.97834014892578,104.3239517211914,152.64999389648438,9.936975479125977,23.526731491088867,77.11711120605469,46.79999923706055,44.84000015258789
2020-04-06,242.84461975097656,189.5467987060547,59.345340728759766,103.85340118408205,156.8800048828125,9.98918342590332,23.535350799560547,77.12552642822266,45.2400016784668,43.09000015258789
2020-04-07,243.0921936035156,189.46958923339844,59.16226577758789,103.39144134521484,156.0399932861328,10.058795928955078,23.319828033447266,77.10868072509766,46.70000076293945,43.41999816894531
2020-04-08,251.2524871826172,193.49246215820312,61.12310028076172,103.26305389404295,154.64999389648438,10.032690048217772,23.40603828430176,77.11711120605469,43.349998474121094,41.59000015258789
2020-04-09,255.0758514404297,193.772216796875,59.67776870727539,103.48553466796876,158.69000244140625,10.058795928955078,23.233619689941406,77.10027313232422,41.66999816894531,40.61000061035156
2020-04-13,252.74700927734375,195.8656463623047,60.4582405090332,103.26305389404295,161.41000366210938,10.23282241821289,23.199132919311523,77.11711120605469,41.16999816894531,39.970001220703125
2020-04-14,260.201171875,204.384033203125,63.10321044921875,103.39996337890624,162.67999267578125,10.145808219909668,23.0698184967041,77.12552642822266,37.7599983215332,36.459999084472656
2020-04-15,254.67236328125,202.0398101806641,61.402530670166016,104.3239517211914,161.85000610351562,9.936975479125977,23.24223899841309,77.11711120605469,40.84000015258789,39.279998779296875
2020-04-16,255.90109252929688,205.72499084472656,63.03094100952149,104.4351577758789,161.7100067138672,9.910870552062988,23.345691680908203,77.10868072509766,40.11000061035156,39.209999084472656
2020-04-17,262.8143005371094,207.6929931640625,63.647605895996094,104.16141510009766,158.57000732421875,9.954378128051758,23.285343170166016,77.12552642822266,38.150001525878906,37.279998779296875
2020-04-20,258.1841125488281,205.2330017089844,62.298641204833984,104.4351577758789,159.6999969482422,9.78905200958252,23.362934112548828,77.11711120605469,43.83000183105469,40.970001220703125
2020-04-21,250.3447723388672,197.66001892089844,59.50914764404297,104.72605895996094,158.61000061035156,9.327879905700684,23.397417068481445,77.11711120605469,45.40999984741211,43.279998779296875
2020-04-22,255.90109252929688,203.52545166015625,62.871952056884766,104.40097045898438,161.72999572753906,9.458399772644045,23.466384887695312,77.11711120605469,41.97999954223633,40.91999816894531
2020-04-23,255.88265991210935,203.0913543701172,62.2938232421875,104.46939086914062,163.33999633789062,9.432295799255373,23.475006103515625,77.12552642822266,41.380001068115234,40.86000061035156
2020-04-24,259.4493408203125,206.294189453125,63.5512580871582,104.49504089355467,162.63999938964844,9.310477256774902,23.423280715942383,77.11711120605469,35.93000030517578,37.810001373291016
2020-04-27,263.1902160644531,207.95346069335935,64.33654022216797,103.93896484375,161.55999755859375,9.136448860168455,23.362934112548828,77.11711120605469,33.290000915527344,35.33000183105469
2020-04-28,261.97998046875,204.0367431640625,63.90776443481445,104.39239501953124,160.83999633789062,9.145150184631348,23.33707046508789,77.11711120605469,33.56999969482422,35.369998931884766
2020-04-29,268.8381652832031,211.2720947265625,66.90924835205078,104.3410415649414,161.72999572753906,9.310477256774902,23.24223899841309,77.10868072509766,31.229999542236328,33.33000183105469
2020-04-30,266.33514404296875,211.1852569580078,64.42809295654297,104.09297943115234,158.8000030517578,9.484503746032717,23.09568214416504,77.12552642822266,34.150001525878906,35.04999923706055
2020-05-01,259.28424072265625,205.2330017089844,61.39289855957031,104.23685455322266,159.77999877929688,9.36268424987793,23.121545791625977,77.11204528808594,37.189998626708984,37.970001220703125
2020-05-04,259.99945068359375,207.62550354003903,62.07219696044922,104.25395965576172,160.33999633789062,9.475802421569824,23.25085830688477,77.11204528808594,35.970001220703125,37.0
2020-05-05,262.4017333984375,209.9794158935547,62.88158416748047,104.17693328857422,161.02000427246094,9.719440460205078,23.26810073852539,77.11204528808594,33.61000061035156,35.52000045776367
2020-05-06,260.6229248046875,211.2720947265625,63.61870574951172,103.79151916503906,158.9499969482422,9.528010368347168,23.38017463684082,77.1204833984375,34.119998931884766,35.68000030517578
2020-05-07,263.7678527832031,213.9925842285156,64.19684600830078,104.42523193359376,161.38999938964844,9.58892059326172,23.311208724975582,77.11204528808594,31.440000534057617,34.0099983215332
2020-05-08,268.13214111328125,216.92530822753903,65.83487701416016,104.08265686035156,160.4199981689453,9.78905200958252,23.302587509155273,77.11204528808594,27.979999542236328,31.639999389648438
2020-05-11,268.1872253417969,218.86439514160156,65.86861419677734,103.79151916503906,159.4199981689453,9.65853214263916,23.388795852661133,77.1204833984375,27.56999969482422,30.389999389648438
2020-05-12,262.8418273925781,214.28201293945312,64.05713653564453,104.13407135009766,160.0399932861328,9.580219268798828,23.345691680908203,77.1204833984375,33.040000915527344,34.2599983215332
2020-05-13,258.1932067871094,211.60011291503903,62.920127868652344,104.34818267822266,161.5800018310547,9.484503746032717,23.388795852661133,77.1204833984375,35.279998779296875,36.5099983215332
2020-05-14,261.2830505371094,214.002197265625,64.68343353271484,104.51091003417967,163.00999450683594,9.649829864501951,23.41465759277344,77.12890625,32.61000061035156,34.900001525878906
2020-05-15,262.48419189453125,215.39144897460935,63.20919418334961,104.44239807128906,163.92999267578125,9.74554443359375,23.431901931762695,77.11204528808594,31.889999389648438,34.5099983215332
2020-05-18,270.4793395996094,219.40460205078125,65.93124389648438,103.80008697509766,162.69000244140625,10.0239896774292,23.24223899841309,77.11204528808594,29.299999237060547,31.770000457763672
2020-05-19,267.70123291015625,218.85476684570312,65.68553924560547,104.09123992919922,164.25999450683594,9.997885704040527,23.224998474121097,77.11204528808594,30.530000686645508,32.810001373291016
2020-05-20,272.2489929199219,223.2248992919922,68.06551361083984,104.1169204711914,164.64999389648438,10.17191219329834,23.147411346435547,77.11204528808594,27.989999771118164,31.110000610351562
2020-05-21,270.36944580078125,220.7938232421875,66.34075164794922,104.18544006347656,162.25,10.128405570983888,23.199132919311523,77.1204833984375,29.530000686645508,32.380001068115234
2020-05-22,270.8828125,221.55593872070312,66.48046875,104.38243865966795,163.2100067138672,10.050093650817873,23.26810073852539,77.11204528808594,28.15999984741211,31.540000915527344
2020-05-26,274.2203063964844,220.95782470703125,67.05377197265625,104.10839080810548,160.88999938964844,10.15450954437256,23.09568214416504,77.1204833984375,28.010000228881836,30.850000381469727
2020-05-27,278.3004455566406,222.1636962890625,68.06551361083984,104.19400787353516,161.17999267578125,10.0239896774292,23.087060928344727,77.11204528808594,27.6200008392334,30.190000534057617
2020-05-28,277.7869567871094,221.874267578125,66.61054229736328,104.0998077392578,161.72000122070312,10.07619857788086,22.966367721557617,77.11204528808594,28.59000015258789,31.209999084472656
2020-05-29,279.0247497558594,225.1253662109375,67.945068359375,104.43383026123048,162.91000366210938,10.250226020812988,22.931882858276367,77.11204528808594,27.510000228881836,30.270000457763672
2020-06-01,280.1524658203125,225.8006591796875,67.84390258789062,104.39265441894533,163.66000366210938,10.311135292053224,22.802568435668945,77.1204833984375,28.229999542236328,30.920000076293945
2020-06-02,282.4721984863281,227.31527709960935,69.17842102050781,104.22122192382812,162.60000610351562,10.4242525100708,22.776704788208008,77.1204833984375,26.84000015258789,29.93000030517578
2020-06-03,286.23138427734375,228.3378448486328,71.08625030517578,103.60397338867188,159.60000610351562,10.4242525100708,22.63876724243164,77.1204833984375,25.65999984741211,28.90999984741211
2020-06-04,285.4795227050781,226.7364501953125,71.87155151367188,103.19242095947266,161.27999877929688,10.511266708374023,22.55255889892578,77.1204833984375,25.809999465942383,28.850000381469727
2020-06-05,292.7962646484375,231.2320098876953,73.56741333007812,102.6780776977539,158.00999450683594,10.720099449157717,22.59566307067871,77.10363006591797,24.520000457763672,27.420000076293945
2020-06-08,296.33544921875,233.02633666992188,73.34579467773438,102.7895050048828,159.72000122070312,10.65048885345459,22.535314559936523,77.11204528808594,25.809999465942383,28.079999923706055
2020-06-09,294.12567138671875,234.7146453857422,73.48069763183594,103.15816497802734,161.25999450683594,10.685293197631836,22.466346740722656,77.11204528808594,27.56999969482422,29.670000076293945
2020-06-10,292.48455810546875,237.53158569335935,73.85648345947266,103.92974090576172,163.57000732421875,10.754905700683594,22.35427474975586,77.1204833984375,27.56999969482422,29.56999969482422
2020-06-11,275.6230773925781,225.76205444335935,69.32294464111328,104.29833221435548,162.38999938964844,10.40684986114502,22.57842063903809,77.10363006591797,40.790000915527344,40.43000030517578
2020-06-12,278.923828125,227.55645751953125,70.30095672607422,104.06687927246094,162.6199951171875,10.450358390808104,22.63876724243164,77.1204833984375,36.09000015258789,38.04999923706055
2020-06-15,281.5278015136719,230.32518005371097,71.21150970458984,103.98119354248048,162.3300018310547,10.546072006225586,22.543935775756836,77.1204833984375,34.400001525878906,36.43000030517578
2020-06-16,286.94659423828125,234.28048706054688,72.32442474365234,103.7668685913086,162.25,10.633087158203123,22.612905502319336,77.1204833984375,33.66999816894531,35.79999923706055
2020-06-17,285.754638671875,235.02328491210935,73.0904541015625,103.92974090576172,162.55999755859375,10.580878257751465,22.63014793395996,77.1204833984375,33.470001220703125,35.720001220703125
2020-06-18,285.8646240234375,235.6600646972656,72.9892807006836,104.16120147705078,162.24000549316406,10.6417875289917,22.716358184814453,77.11204528808594,32.939998626708984,35.13999938964844
2020-06-19,284.2309875488281,235.6214599609375,72.64720153808594,104.19548797607422,164.02999877929688,10.728800773620604,22.74221992492676,77.11204528808594,35.119998931884766,36.68000030517578
2020-06-22,286.0543212890625,238.4471435546875,73.31207275390625,104.1011962890625,165.08999633789062,10.841919898986816,22.621524810791016,77.11204528808594,31.770000457763672,33.75
2020-06-23,287.3712463378906,240.47659301757812,73.5529556274414,104.06687927246094,166.47999572753906,10.78971004486084,22.543935775756836,77.11204528808594,31.3700008392334,33.060001373291016
2020-06-24,280.0407409667969,235.51901245117188,72.01126861572266,104.26407623291016,165.89999389648438,10.519967079162598,22.647390365600582,77.11204528808594,33.84000015258789,35.38999938964844
2020-06-25,283.0429382324219,237.76101684570312,72.502685546875,104.28125,165.8000030517578,10.615683555603027,22.681875228881836,77.1204833984375,32.220001220703125,34.09000015258789
2020-06-26,276.3202819824219,232.1462860107422,71.1440658569336,104.56411743164062,166.5399932861328,10.485161781311035,22.716358184814453,77.11204528808594,34.72999954223633,35.79999923706055
2020-06-29,280.38153076171875,234.67823791503903,71.86672973632812,104.66700744628906,166.6300048828125,10.65919017791748,22.72497940063477,77.11204528808594,31.780000686645508,33.90999984741211
2020-06-30,283.97308349609375,239.27828979492188,73.61558532714844,104.47836303710938,167.3699951171875,10.711398124694824,22.690492630004883,77.11204528808594,30.43000030517578,32.52000045776367
2020-07-01,285.9622802734375,242.07115173339844,72.7724838256836,104.31539154052734,166.6199951171875,10.798412322998049,22.63876724243164,77.11204528808594,28.6200008392334,31.68000030517578
2020-07-02,287.5370178222656,243.71400451660156,73.88538360595703,104.44407653808594,166.97999572753906,10.841919898986816,22.6560115814209,77.1204833984375,27.68000030517578,30.8700008392334
2020-07-06,291.9758605957031,249.70562744140625,75.92329406738281,104.28962707519533,167.97999572753906,10.928933143615724,22.535314559936523,77.11204528808594,27.940000534057617,30.979999542236328
2020-07-07,288.9645080566406,247.9854278564453,74.97901916503906,104.624267578125,169.0399932861328,10.937634468078612,22.58704376220703,77.11204528808594,29.43000030517578,32.06999969482422
2020-07-08,291.1747131347656,251.2518768310547,76.05338287353516,104.46124267578124,170.08999633789062,11.076855659484863,22.466346740722656,77.11204528808594,28.079999923706055,31.190000534057617
2020-07-09,289.5169372558594,253.36827087402344,77.37345886230469,104.79590606689452,169.6300048828125,10.946335792541504,22.543935775756836,77.11204528808594,29.260000228881836,32.060001373291016
2020-07-10,292.4731750488281,255.09814453125,77.06993103027344,104.58995056152344,169.19000244140625,11.015947341918944,22.509450912475582,77.1204833984375,27.290000915527344,31.020000457763672
2020-07-13,289.94061279296875,249.85061645507812,75.96183776855469,104.70149230957033,169.39999389648438,10.902828216552734,22.4749698638916,77.1204833984375,32.189998626708984,34.540000915527344
2020-07-14,293.6979675292969,251.6190643310547,77.23855590820312,104.69288635253906,170.19000244140625,10.955038070678713,22.431865692138672,77.1204833984375,29.520000457763672,32.560001373291016
2020-07-15,296.39617919921875,252.1312713623047,76.88685607910156,104.6585922241211,170.33999633789062,11.085556983947754,22.371519088745117,77.1204833984375,27.760000228881836,31.559999465942383
2020-07-16,295.4200439453125,250.41102600097656,76.82904052734375,104.7357940673828,168.72999572753906,10.998544692993164,22.449106216430664,77.11204528808594,28.0,31.549999237060547
2020-07-17,296.2765197753906,250.7010803222656,77.18556213378906,104.71009063720705,170.1199951171875,11.015947341918944,22.35427474975586,77.1204833984375,25.68000030517578,30.3700008392334
2020-07-20,298.67083740234375,257.8135986328125,78.72724151611328,104.77871704101562,170.94000244140625,11.007245063781738,22.31978988647461,77.1204833984375,24.459999084472656,29.100000381469727
2020-07-21,299.3062744140625,255.12701416015625,78.33218383789062,104.89026641845705,173.0,11.163869857788086,22.181854248046875,77.1204833984375,24.84000015258789,29.469999313354492
2020-07-22,301.0099792480469,256.0257873535156,78.90550231933594,104.92461395263672,175.6300048828125,11.233481407165527,22.121509552001953,77.11204528808594,24.31999969482422,29.049999237060547
2020-07-23,297.41845703125,249.33839416503903,77.60469818115234,105.02755737304688,177.17999267578125,11.207377433776855,22.07840347290039,77.1204833984375,26.079999923706055,30.25
2020-07-24,295.5028991699219,246.97076416015625,76.82422637939453,104.97606658935548,178.6999969482422,11.224780082702637,21.983570098876953,77.11204528808594,25.84000015258789,30.559999465942383
2020-07-27,297.6578674316406,251.37744140625,79.92205047607422,104.81304931640624,182.22999572753903,11.329197883605955,21.81977272033691,77.11204528808594,24.739999771118164,30.0
2020-07-28,295.76995849609375,248.17868041992188,77.84558868408203,105.06189727783205,183.75,11.26828670501709,21.85425567626953,77.1204833984375,25.440000534057617,30.100000381469727
2020-07-29,299.4076232910156,251.03924560546875,79.8064193725586,105.19920349121094,185.1300048828125,11.329197883605955,21.750804901123047,77.1204833984375,24.100000381469727,29.290000915527344
2020-07-30,298.3393859863281,252.353515625,80.55799865722656,105.34504699707033,183.7599945068359,11.198676109313965,21.664594650268555,77.11204528808594,24.760000228881836,29.760000228881836
2020-07-31,300.6968688964844,256.8569641113281,80.08104705810547,105.3708038330078,185.42999267578125,11.259584426879885,21.793909072875977,77.1204833984375,24.459999084472656,29.709999084472656
2020-08-03,302.7874755859375,260.32623291015625,81.5071029663086,105.31926727294922,185.63999938964844,11.372703552246094,21.793909072875977,77.11204528808594,24.280000686645508,29.65999984741211
2020-08-04,303.9569091796875,261.29266357421875,82.69227600097656,105.679931640625,189.58999633789065,11.433613777160645,21.716320037841797,77.1204833984375,23.760000228881836,29.09000015258789
2020-08-05,305.8448181152344,261.9400634765625,82.76453399658203,105.32784271240234,191.3500061035156,11.52932834625244,21.621488571166992,77.11204528808594,22.989999771118164,28.600000381469727
2020-08-06,307.88922119140625,265.4095153808594,82.62001037597656,105.4480972290039,193.88999938964844,11.616342544555664,21.621488571166992,77.11204528808594,22.649999618530273,28.200000762939453
2020-08-07,308.1102600097656,262.34588623046875,81.67090606689453,105.22481536865234,190.80999755859375,11.459715843200684,21.750804901123047,77.1204833984375,22.209999084472656,28.280000686645508
2020-08-10,309.03118896484375,261.22503662109375,81.72872161865234,105.11314392089844,190.1499938964844,11.520626068115234,21.785287857055664,77.1204833984375,22.1299991607666,28.049999237060547
2020-08-11,306.4801940917969,256.277099609375,80.57245635986328,104.75247192382812,179.94000244140625,11.337897300720217,21.81977272033691,77.11204528808594,24.030000686645508,29.170000076293945
2020-08-12,310.7532958984375,262.722900390625,83.10660552978516,104.44330596923828,179.10000610351562,11.459715843200684,21.750804901123047,77.11204528808594,22.280000686645508,28.1200008392334
2020-08-13,310.1915283203125,263.32208251953125,82.31649017333984,104.22863006591795,183.3300018310547,11.520626068115234,21.742183685302734,77.1204833984375,22.1299991607666,28.170000076293945
2020-08-14,310.20074462890625,263.0128479003906,82.22976684570312,104.28013610839844,182.5399932861328,11.520626068115234,21.707700729370117,77.11204528808594,22.049999237060547,28.3700008392334
2020-08-17,311.1861267089844,266.0666809082031,83.42938995361328,104.4519271850586,186.5,11.71205711364746,21.612869262695312,77.11204528808594,21.350000381469727,27.450000762939453
2020-08-18,311.8583984375,268.6275634765625,82.91389465332031,104.63223266601562,188.17999267578125,11.73816204071045,21.49217414855957,77.1204833984375,21.510000228881836,27.350000381469727
2020-08-19,310.5599060058594,266.8204040527344,82.40803527832031,104.49486541748048,182.2400054931641,11.70335578918457,21.664594650268555,77.1204833984375,22.540000915527344,28.110000610351562
2020-08-20,311.52679443359375,270.5216979980469,81.74798583984375,104.79541015625,183.5,11.685953140258787,21.604246139526367,77.1204833984375,22.719999313354492,28.1299991607666
2020-08-21,312.6319274902344,272.3965148925781,82.34058380126953,104.8727035522461,182.02999877929688,11.572835922241213,21.707700729370117,77.1204833984375,22.540000915527344,28.170000076293945
2020-08-24,315.7998962402344,274.097412109375,83.07288360595703,104.72672271728516,181.0,11.633745193481444,21.742183685302734,77.1204833984375,22.3700008392334,28.100000381469727
2020-08-25,316.9049987792969,276.2524108886719,84.01234436035156,104.47767639160156,181.22000122070312,11.729459762573242,21.664594650268555,77.11204528808594,22.030000686645508,27.90999984741211
2020-08-26,320.0821838378906,282.1473388671875,84.47968292236328,104.43473815917967,183.36000061035156,11.75556468963623,21.638731002807617,77.11204528808594,23.270000457763672,28.700000762939453
2020-08-27,320.7819519042969,281.2678527832031,83.29449462890625,104.06549072265624,181.2400054931641,11.71205711364746,21.664594650268555,77.11204528808594,24.469999313354492,29.93000030517578
2020-08-28,322.85406494140625,282.6982421875,84.619384765625,104.23721313476562,184.38999938964844,11.790369987487791,21.49217414855957,77.1204833984375,22.959999084472656,29.6200008392334
2020-08-31,321.68450927734375,284.9692687988281,84.48930358886719,104.34886169433594,184.8300018310547,11.781667709350586,21.466310501098633,77.1204833984375,26.40999984741211,31.850000381469727
2020-09-01,324.7143859863281,289.8398132324219,86.14662170410156,104.69088745117188,185.0500030517578,11.799071311950684,21.50941467285156,77.1204833984375,26.1200008392334,32.099998474121094
2020-09-02,329.41094970703125,292.5843200683594,88.43023681640625,104.83697509765624,182.6199951171875,11.642446517944336,21.587005615234375,77.1204833984375,26.56999969482422,32.66999816894531
2020-09-03,318.0744934082031,277.7503356933594,83.73291778564453,104.9744873046875,181.13999938964844,11.538029670715332,21.595624923706055,77.11204528808594,33.599998474121094,37.630001068115234
2020-09-04,315.4775695800781,274.04901123046875,82.58145904541016,104.39009857177734,181.63999938964844,11.433613777160645,21.630109786987305,77.1204833984375,30.75,34.75
2020-09-08,306.8577880859375,260.8771057128906,78.91995239257812,104.613525390625,181.2899932861328,11.155168533325195,21.742183685302734,77.1204833984375,31.459999084472656,34.310001373291016
2020-09-09,312.9175109863281,268.54058837890625,81.17950439453125,104.56202697753906,183.0500030517578,11.259584426879885,21.707700729370117,77.11204528808594,28.809999465942383,32.119998931884766
2020-09-10,307.4840087890625,263.1867370605469,80.15812683105469,104.69088745117188,182.4600067138672,11.14646816253662,21.750804901123047,77.11204528808594,29.709999084472656,32.91999816894531
2020-09-11,307.640625,261.3603820800781,80.00395965576172,104.85415649414062,182.4499969482422,11.224780082702637,21.707700729370117,77.10363006591797,26.8700008392334,31.1299991607666
2020-09-14,311.692626953125,265.9120178222656,81.8058090209961,104.75963592529295,183.88999938964844,11.233481407165527,21.655975341796875,77.1204833984375,25.850000381469727,30.479999542236328
2020-09-15,313.2673645019531,269.680908203125,83.52574920654297,104.70806121826172,183.4499969482422,11.294389724731444,21.6732120513916,77.10363006591797,25.59000015258789,30.270000457763672
2020-09-16,312.0242614746094,265.3804626464844,82.49957275390625,104.6479263305664,183.97000122070312,11.50322437286377,21.699077606201172,77.1204833984375,26.040000915527344,30.56999969482422
2020-09-17,309.2797546386719,261.23468017578125,82.31167602539062,104.68229675292967,182.9600067138672,11.633745193481444,21.621488571166992,77.1204833984375,26.459999084472656,30.75
2020-09-18,305.7191467285156,257.9006652832031,81.06868743896484,104.58773803710938,183.1999969482422,11.685953140258787,21.64735412597656,77.10363006591797,25.829999923706055,30.459999084472656
2020-09-21,302.31671142578125,258.5191955566406,81.10723114013672,104.7768325805664,179.52000427246094,11.398807525634766,21.80253219604492,77.10363006591797,27.780000686645508,31.639999389648438
2020-09-22,305.3955993652344,263.32208251953125,81.77207946777344,104.7768325805664,178.64999389648438,11.346599578857422,21.88011932373047,77.10363006591797,26.860000610351562,31.670000076293945
2020-09-23,298.3131408691406,255.28167724609375,79.90278625488281,104.7768325805664,174.7899932861328,11.216078758239746,22.00081443786621,77.10363006591797,28.579999923706055,33.279998779296875
2020-09-24,299.10821533203125,256.4704284667969,80.60136413574219,104.82838439941406,175.44000244140625,11.26828670501709,21.96632957458496,77.11204528808594,28.510000228881836,33.060001373291016
2020-09-25,303.9439392089844,262.4329833984375,81.53601837158203,104.914306640625,174.94000244140625,11.26828670501709,22.026676177978516,77.10363006591797,26.3799991607666,32.029998779296875
2020-09-28,308.99224853515625,267.88348388671875,83.6076431274414,104.8971176147461,176.6999969482422,11.364002227783203,21.95770835876465,77.11204528808594,26.190000534057617,31.739999771118164
2020-09-29,307.3095397949219,266.67547607421875,84.05088806152344,104.9744873046875,178.19000244140625,11.233481407165527,21.85425567626953,77.11204528808594,26.270000457763672,31.09000015258789
2020-09-30,309.6395263671875,268.50189208984375,83.92562103271484,104.69088745117188,177.1199951171875,11.364002227783203,21.85425567626953,77.10363006591797,26.3700008392334,31.639999389648438
2020-10-01,311.6274108886719,272.7637023925781,85.99726867675781,104.7501983642578,178.6999969482422,11.224780082702637,21.81977272033691,77.10363006591797,26.700000762939453,31.719999313354492
2020-10-02,308.668701171875,265.0905456542969,83.41974639892578,104.64702606201172,178.5399932861328,11.085556983947754,21.871498107910156,77.10363006591797,27.6299991607666,32.38999938964844
2020-10-05,314.1423034667969,270.7439270019531,86.26225280761719,103.98489379882812,179.41000366210938,11.372703552246094,21.77666664123535,77.10363006591797,27.959999084472656,31.280000686645508
2020-10-06,309.6764221191406,265.9120178222656,85.50584411621094,104.22566223144533,177.3000030517578,11.416210174560549,21.83701515197754,77.11204528808594,29.479999542236328,31.8799991607666
2020-10-07,315.0669250488281,270.511962890625,87.33660888671875,103.92464447021484,177.22000122070312,11.459715843200684,21.8111515045166,77.10363006591797,28.059999465942383,30.700000762939453
2020-10-08,317.8591613769531,271.9519958496094,88.4061508178711,104.11383819580078,177.85000610351562,11.572835922241213,21.80253219604492,77.10363006591797,26.360000610351562,29.489999771118164
2020-10-09,320.6977233886719,276.1073913574219,89.92375946044922,104.06224822998048,181.0800018310547,11.607640266418455,21.6732120513916,77.10363006591797,25.0,28.280000686645508
2020-10-12,325.85699462890625,284.6309509277344,91.50880432128906,104.17407989501952,180.55999755859375,11.485820770263672,21.64735412597656,77.11204528808594,25.06999969482422,27.979999542236328
2020-10-13,323.7303466796875,284.62127685546875,91.23419189453124,104.40624237060548,177.72000122070312,11.51192569732666,21.77666664123535,77.10363006591797,26.06999969482422,28.350000381469727
2020-10-14,321.6962585449219,282.24395751953125,90.7523956298828,104.44063568115234,178.27000427246094,11.590237617492676,21.724943161010746,77.10363006591797,26.399999618530273,28.239999771118164
2020-10-15,321.2987060546875,280.349853515625,90.40071868896484,104.32888793945312,178.9199981689453,11.625042915344238,21.828392028808594,77.10363006591797,26.969999313354492,28.719999313354492
2020-10-16,321.1044921875,278.8133544921875,89.8370361328125,104.26866912841795,178.3000030517578,11.54673194885254,21.80253219604492,77.11204528808594,27.40999984741211,29.209999084472656
2020-10-19,316.2226867675781,274.26153564453125,89.39380645751953,104.09668731689452,178.38999938964844,11.555432319641112,21.73356056213379,77.11204528808594,29.18000030517578,30.399999618530273
2020-10-20,317.4893493652344,274.8511047363281,89.466064453125,103.87310791015624,179.25,11.685953140258787,21.664594650268555,77.10363006591797,29.350000381469727,30.110000610351562
2020-10-21,316.8883056640625,274.6385498046875,88.89274597167969,103.7354736328125,180.6000061035156,11.590237617492676,21.55252265930176,77.10363006591797,28.649999618530273,29.610000610351562
2020-10-22,318.6265869140625,274.6287536621094,88.85902404785156,103.37432861328124,178.8300018310547,11.625042915344238,21.638731002807617,77.11204528808594,28.110000610351562,29.299999237060547
2020-10-23,319.7083740234375,275.1700439453125,88.64704895019531,103.52045440673828,178.63999938964844,11.538029670715332,21.587005615234375,77.11204528808594,27.549999237060547,28.989999771118164
2020-10-26,313.80023193359375,271.0436096191406,86.74884033203125,103.7956771850586,178.5500030517578,11.372703552246094,21.664594650268555,77.11204528808594,32.459999084472656,32.06999969482422
2020-10-27,312.71832275390625,273.159912109375,86.45014190673828,104.02786254882812,179.02000427246094,11.45101547241211,21.621488571166992,77.10363006591797,33.349998474121094,32.720001220703125
2020-10-28,302.0300598144531,262.51025390625,83.66063690185547,104.01925659179688,176.1300048828125,11.14646816253662,21.75942611694336,77.10363006591797,40.279998779296875,37.75
2020-10-29,305.0996398925781,267.1006774902344,85.72747802734375,103.58069610595705,175.39999389648438,11.007245063781738,21.84563636779785,77.11204528808594,37.59000015258789,35.84000015258789
2020-10-30,301.91900634765625,260.32623291015625,84.28694915771484,103.24530029296876,176.1999969482422,11.007245063781738,21.871498107910156,77.11204528808594,38.02000045776367,36.27000045776367
2020-11-02,305.3030700683594,260.9061279296875,84.94216918945312,103.42259979248048,177.91000366210938,11.207377433776855,21.897361755371097,77.11204528808594,37.130001068115234,35.060001373291016
2020-11-03,310.69354248046875,265.4190979003906,86.71029663085938,103.19024658203124,178.9199981689453,11.276987075805664,21.77666664123535,77.11204528808594,35.54999923706055,33.52000045776367
2020-11-04,317.6373291015625,277.26702880859375,89.89002227783203,104.05931854248048,178.82000732421875,11.398807525634766,21.742183685302734,77.10363006591797,29.56999969482422,29.979999542236328
2020-11-05,323.8320617675781,284.4956970214844,93.45999908447266,104.04216766357422,182.92999267578125,11.45101547241211,21.5352783203125,77.11204528808594,27.579999923706055,29.049999237060547
2020-11-06,323.7581481933594,284.7082824707031,94.91015625,103.68931579589844,183.19000244140625,11.407508850097656,21.457691192626953,77.10363006591797,24.860000610351562,27.3700008392334
2020-11-09,327.82635498046875,278.8906555175781,93.87432861328124,102.92351531982422,175.0800018310547,11.54673194885254,21.595624923706055,77.11204528808594,25.75,26.8799991607666
2020-11-10,327.3456115722656,273.8944396972656,90.96920776367188,102.6308822631836,175.66000366210938,11.772966384887695,21.595624923706055,77.10363006591797,24.799999237060547,26.489999771118164
2020-11-11,329.7772521972656,280.02130126953125,94.168212890625,102.79440307617188,174.89999389648438,11.76426601409912,21.621488571166992,77.10363006591797,23.450000762939453,25.6200008392334
2020-11-12,326.5781555175781,278.7069396972656,93.15166473388672,103.3795394897461,175.9600067138672,11.668549537658691,21.621488571166992,77.10363006591797,25.350000381469727,27.219999313354492
2020-11-13,331.09942626953125,281.1519775390625,94.52472686767578,103.24186706542967,177.16000366210938,11.616342544555664,21.57838249206543,77.11204528808594,23.100000381469727,25.690000534057617
2020-11-16,335.23248291015625,283.3457336425781,97.18413543701172,103.1644287109375,177.14999389648438,11.720758438110352,21.52665901184082,77.11204528808594,22.450000762939453,25.350000381469727
2020-11-17,333.4294738769531,282.4469299316406,96.06640625,103.4311752319336,176.5,11.75556468963623,21.49217414855957,77.11204528808594,22.709999084472656,25.3799991607666
2020-11-18,329.4166259765625,280.359619140625,95.58946228027344,103.39676666259766,175.49000549316406,11.772966384887695,21.500795364379883,77.11204528808594,23.84000015258789,26.389999389648438
2020-11-19,330.8035583496094,282.5531921386719,96.83727264404295,103.50861358642578,175.16000366210938,11.772966384887695,21.466310501098633,77.11204528808594,23.110000610351562,25.799999237060547
2020-11-20,328.53826904296875,280.6204528808594,96.3458480834961,103.68931579589844,175.69000244140625,11.833876609802246,21.49217414855957,77.11204528808594,23.700000762939453,26.059999465942383
2020-11-23,330.5076599121094,280.630126953125,97.82972717285156,103.48282623291016,172.22999572753906,11.868681907653809,21.52665901184082,77.11204528808594,22.65999984741211,25.43000030517578
2020-11-24,335.8334045410156,284.57293701171875,98.1380615234375,103.31932830810548,169.58999633789062,12.121023178100586,21.42320442199707,77.11204528808594,21.639999389648438,24.84000015258789
2020-11-25,335.31561279296875,286.32208251953125,98.13324737548828,103.353759765625,169.50999450683594,12.225438117980955,21.388721466064453,77.10363006591797,21.25,24.420000076293945
2020-11-27,336.2495422363281,288.9602966308594,99.44849395751952,103.66353607177734,167.7899932861328,12.199335098266602,21.345617294311523,77.11204528808594,20.84000015258789,24.43000030517578
2020-11-30,334.7608947753906,289.5498962402344,100.50359344482422,103.59468841552734,166.6699981689453,12.129722595214844,21.39734268188477,77.10363006591797,20.56999969482422,24.329999923706055
2020-12-01,338.4223327636719,293.2608337402344,102.32952880859376,103.04359436035156,170.17999267578125,12.09491729736328,21.20768165588379,77.09774017333984,20.770000457763672,24.489999771118164
2020-12-02,339.1342468261719,293.6377258300781,102.73902893066406,102.87139892578124,171.4600067138672,12.14712619781494,21.18181800842285,77.10615539550781,21.170000076293945,24.540000915527344
2020-12-03,339.0417175292969,294.05328369140625,102.70049285888672,103.1469497680664,172.80999755859375,12.164528846740724,21.069744110107425,77.10615539550781,21.280000686645508,24.559999465942383
2020-12-04,341.96356201171875,295.2516174316406,105.6971435546875,102.7422103881836,172.32000732421875,12.216736793518066,21.09560775756836,77.11457061767578,20.790000915527344,24.290000915527344
2020-12-07,341.2608642578125,296.9234924316406,106.2993621826172,103.0608139038086,174.88999938964844,12.216736793518066,21.13009262084961,77.09774017333984,21.299999237060547,24.520000457763672
2020-12-08,342.2593688964844,297.928466796875,106.43907928466795,103.16414642333984,175.5,12.234139442443848,21.15595436096191,77.09774017333984,20.68000030517578,23.8700008392334
2020-12-09,339.189697265625,291.18304443359375,103.14372253417967,103.01776123046876,172.5,12.242840766906738,21.164575576782227,77.09774017333984,22.270000457763672,24.729999542236328
2020-12-10,339.0787353515625,292.3524169921875,103.22081756591795,103.25025939941406,172.1699981689453,12.425569534301758,21.104228973388672,77.09774017333984,22.520000457763672,25.049999237060547
2020-12-11,338.68115234375,291.70501708984375,102.3825225830078,103.45687866210938,172.49000549316406,12.390765190124512,21.15595436096191,77.10615539550781,23.309999465942383,26.049999237060547
2020-12-14,337.164794921875,293.8213806152344,103.42797088623048,103.3966293334961,171.5399932861328,12.425569534301758,21.09560775756836,77.09774017333984,24.719999313354492,27.110000610351562
2020-12-15,341.72308349609375,296.96209716796875,105.05157470703124,103.29328918457033,173.94000244140625,12.521285057067873,21.02663803100586,77.09774017333984,22.889999389648438,25.8700008392334
2020-12-16,342.2593688964844,298.5953369140625,105.00820922851562,103.20716857910156,174.89999389648438,12.590896606445312,21.000776290893555,77.10615539550781,22.5,25.469999313354492
2020-12-17,344.17333984375,300.5474853515625,104.98411560058594,103.13223266601562,176.74000549316406,12.73882007598877,20.88870429992676,77.10615539550781,21.93000030517578,25.149999618530273
2020-12-18,342.7990417480469,299.63897705078125,104.6227798461914,103.04605102539062,176.44000244140625,12.782325744628906,20.914566040039062,77.10615539550781,21.56999969482422,25.170000076293945
2020-12-21,341.57330322265625,299.07843017578125,104.09495544433594,103.11498260498048,175.8800048828125,12.651805877685549,20.957670211791992,77.10615539550781,25.15999984741211,27.579999923706055
2020-12-22,340.9976501464844,299.8917236328125,103.91061401367188,103.28731536865234,174.49000549316406,12.512585639953612,21.069744110107425,77.10615539550781,24.229999542236328,27.25
2020-12-23,341.3041076660156,298.38140869140625,103.1343994140625,103.0718994140625,175.64999389648438,12.669209480285645,20.97491455078125,77.09774017333984,23.309999465942383,26.260000228881836
2020-12-24,342.6318359375,299.69818115234375,104.24050903320312,103.21842956542967,176.35000610351562,12.704014778137209,20.992156982421875,77.10615539550781,21.530000686645508,25.3700008392334
2020-12-28,345.57550048828125,302.7186279296875,104.03189849853516,103.2270278930664,175.7100067138672,12.625701904296877,20.992156982421875,77.10615539550781,21.700000762939453,25.149999618530273
2020-12-29,344.91619873046875,302.98974609375,103.7699203491211,103.20978546142578,176.35000610351562,12.660507202148438,20.923187255859375,77.10615539550781,23.079999923706055,26.239999771118164
2020-12-30,345.4081726074219,302.9993591308594,105.68620300292967,103.27871704101562,177.6999969482422,12.73882007598877,20.836977005004883,77.09774017333984,22.770000457763672,25.440000534057617
2020-12-31,347.1632385253906,303.74493408203125,105.96270751953124,103.34761810302734,178.36000061035156,12.791028022766112,20.89732551574707,77.10615539550781,22.75,25.280000686645508
2021-01-04,342.4369201660156,299.45599365234375,106.17617797851562,103.37348175048828,182.3300018310547,12.721416473388672,20.914566040039062,77.10615539550781,26.969999313354492,28.260000228881836
2021-01-05,344.7953796386719,301.92474365234375,108.03424072265624,103.13223266601562,182.8699951171875,13.078174591064451,20.793872833251953,77.09774017333984,25.34000015258789,27.25
2021-01-06,346.8567810058594,297.7424621582031,107.70435333251952,102.5290985107422,179.89999389648438,13.095576286315918,20.768007278442383,77.10615539550781,25.06999969482422,26.790000915527344
2021-01-07,352.01025390625,304.9454040527344,112.14816284179688,102.16722106933594,179.47999572753906,13.156485557556152,20.88870429992676,77.10615539550781,22.3700008392334,25.020000457763672
2021-01-08,354.015869140625,308.86639404296875,111.7455062866211,101.87430572509766,173.33999633789062,13.260903358459473,20.923187255859375,77.09774017333984,21.559999465942383,24.899999618530273
2021-01-11,351.62945556640625,304.40325927734375,113.4192123413086,101.67616271972656,173.0,13.16518783569336,21.05250358581543,77.10615539550781,24.079999923706055,26.700000762939453
2021-01-12,351.7037353515625,303.9191589355469,113.94801330566406,101.65892028808594,174.1199951171875,13.417527198791504,20.9404296875,77.09774017333984,23.329999923706055,26.200000762939453
2021-01-13,352.6509094238281,305.9716796875,113.3318862915039,102.01220703125,173.3699951171875,13.382722854614258,21.0093994140625,77.09774017333984,22.209999084472656,25.549999237060547
2021-01-14,351.4159240722656,304.3354797363281,116.1505126953125,101.77954864501952,173.27999877929688,13.504541397094728,20.966291427612305,77.10615539550781,23.25,26.31999969482422
2021-01-15,348.85321044921875,301.92474365234375,113.88978576660156,102.05525970458984,171.1300048828125,13.3131103515625,21.104228973388672,77.10615539550781,24.34000015258789,27.260000228881836
2021-01-19,351.59234619140625,306.329833984375,117.79995727539062,102.1155776977539,172.5800018310547,13.35661792755127,21.043880462646484,77.10615539550781,23.239999771118164,26.690000534057617
2021-01-20,356.4578857421875,313.4553527832031,117.30997467041016,102.15863800048828,175.38999938964844,13.36531925201416,21.035259246826172,77.10615539550781,21.579999923706055,25.719999313354492
2021-01-21,356.7828369140625,315.96282958984375,119.12438201904295,102.01220703125,175.27999877929688,13.35661792755127,20.9404296875,77.10615539550781,21.31999969482422,25.700000762939453
2021-01-22,355.5199890136719,315.0528564453125,116.88306427001952,102.16722106933594,173.89999389648438,13.13038158416748,20.98353385925293,77.09774017333984,21.90999984741211,25.989999771118164
2021-01-25,356.9221496582031,317.65704345703125,117.34394073486328,102.58081817626952,174.0500030517578,13.269604682922363,21.0093994140625,77.10615539550781,23.190000534057617,26.8799991607666
2021-01-26,356.3650817871094,318.1217956542969,115.31607818603516,102.54632568359376,173.6199951171875,13.29570770263672,20.94904899597168,77.09774017333984,23.020000457763672,26.889999389648438
2021-01-27,347.6553649902344,309.25360107421875,109.6836929321289,102.66699981689452,172.52000427246094,13.260903358459473,21.078365325927734,77.09774017333984,37.209999084472656,35.72999954223633
2021-01-28,350.645263671875,311.0834045410156,111.9783706665039,102.39990234375,172.67999267578125,13.199993133544922,21.02663803100586,77.10615539550781,30.209999084472656,31.770000457763672
2021-01-29,343.6253967285156,304.5387878417969,109.93596649169922,102.21898651123048,172.61000061035156,13.217394828796388,21.05250358581543,77.10615539550781,33.09000015258789,33.880001068115234
2021-02-01,349.3453063964844,312.1484069824219,114.24393463134766,102.3465576171875,174.22999572753906,13.469736099243164,21.15595436096191,77.10615539550781,30.239999771118164,32.529998779296875
2021-02-02,354.2851257324219,317.2408142089844,115.80607604980467,102.08792114257812,172.11000061035156,13.574153900146484,21.18181800842285,77.09774017333984,25.559999465942383,29.360000610351562
2021-02-03,354.563720703125,315.98223876953125,113.62781524658205,101.83790588378906,171.85000610351562,13.66986846923828,21.17319679260254,77.09774017333984,22.90999984741211,27.56999969482422
2021-02-04,358.5935974121094,319.71923828125,114.9425277709961,101.80340576171876,168.14999389648438,13.73947811126709,21.26802635192871,77.10615539550781,21.770000457763672,26.790000915527344
2021-02-05,360.0049133300781,320.8035583496094,114.10811614990234,101.5878448486328,169.80999755859375,13.809089660644531,21.14733505249023,77.10615539550781,20.8700008392334,26.520000457763672
2021-02-08,362.60491943359375,322.9527893066406,117.92124938964844,101.63094329833984,171.52000427246094,14.02662467956543,21.13871192932129,77.10615539550781,21.239999771118164,26.649999618530273
2021-02-09,362.3634643554687,322.88507080078125,117.57196044921876,101.7085418701172,172.0800018310547,14.078831672668455,21.02663803100586,77.10615539550781,21.6299991607666,27.110000610351562
2021-02-10,362.2054443359375,322.1492614746094,117.87273406982422,101.96717834472656,172.7100067138672,14.052728652954102,21.01801872253418,77.09774017333984,21.989999771118164,27.489999771118164
2021-02-11,362.7905578613281,323.92095947265625,122.23893737792967,101.88958740234376,171.2100067138672,14.02662467956543,21.0093994140625,77.10615539550781,21.25,27.219999313354492
2021-02-12,364.5827026367187,325.7314453125,123.49542236328124,101.55335998535156,170.69000244140625,14.20065212249756,21.02663803100586,77.09774017333984,19.969999313354492,26.5
2021-02-16,364.2669677734375,324.850341796875,124.25222778320312,100.82056427001952,168.24000549316406,14.392082214355469,21.02663803100586,77.10615539550781,21.459999084472656,27.549999237060547
2021-02-17,364.3505859375,323.291748046875,121.84597778320312,100.8895263671875,166.3300018310547,14.435589790344238,21.112850189208984,77.10615539550781,21.5,27.520000457763672
2021-02-18,362.79986572265625,321.87823486328125,120.55066680908205,100.880859375,166.32000732421875,14.383381843566896,21.043880462646484,77.09774017333984,22.489999771118164,27.860000610351562
2021-02-19,362.1591491699219,320.4743347167969,123.15583038330078,100.47566986083984,167.00999450683594,14.374679565429688,20.992156982421875,77.10615539550781,22.049999237060547,27.09000015258789
2021-02-22,359.3735046386719,312.167724609375,118.65380096435548,100.3118667602539,169.50999450683594,14.696630477905272,20.93181037902832,77.09774017333984,23.450000762939453,27.809999465942383
2021-02-23,359.8099365234375,311.23834228515625,117.51373291015624,100.38946533203124,169.1199951171875,14.766240119934082,20.94904899597168,77.09774017333984,23.110000610351562,27.1200008392334
2021-02-24,363.77484130859375,313.8038635253906,121.2929229736328,100.25152587890624,169.0,14.992476463317873,20.914566040039062,77.08929443359375,21.34000015258789,25.889999389648438
2021-02-25,355.0093688964844,302.8639221191406,114.5301742553711,98.91519165039062,165.82000732421875,14.870656967163086,20.98353385925293,77.09774017333984,28.889999389648438,30.239999771118164
2021-02-26,353.1801452636719,304.1322021484375,116.89276123046876,99.80318450927734,161.80999755859375,14.55740737915039,21.13871192932129,77.09774017333984,27.950000762939453,29.600000381469727
2021-03-01,361.7412414550781,313.2810974121094,120.40997314453124,99.69102478027344,161.52999877929688,14.435589790344238,21.15595436096191,77.08929443359375,23.350000381469727,26.780000686645508
2021-03-02,358.9185485839844,308.2563781738281,116.70841979980467,99.87220001220705,162.41000366210938,14.496498107910156,21.078365325927734,77.08929443359375,24.100000381469727,27.15999984741211
2021-03-03,354.1643981933594,299.31085205078125,113.03111267089844,99.33734130859376,160.6199951171875,14.58351230621338,21.13871192932129,77.09774017333984,26.670000076293945,28.790000915527344
2021-03-04,349.7816467285156,294.4120178222656,107.54425048828124,98.84562683105467,159.0399932861328,14.809748649597168,21.276649475097656,77.09774017333984,28.56999969482422,30.079999923706055
2021-03-05,356.2164306640625,298.8460388183594,110.99354553222656,98.70758819580078,159.13999938964844,15.114296913146973,21.354238510131836,77.09774017333984,24.65999984741211,27.889999389648438
2021-03-08,354.4429626464844,290.3844909667969,104.89541625976562,98.3193817138672,157.49000549316406,14.905462265014648,21.474931716918945,77.08929443359375,25.469999313354492,28.1299991607666
2021-03-09,359.5035705566406,301.837646484375,111.1099853515625,98.78524780273438,160.83999633789062,14.905462265014648,21.354238510131836,77.08929443359375,24.030000686645508,27.280000686645508
2021-03-10,361.7412414550781,300.97601318359375,108.85411071777344,98.99229431152344,161.66000366210938,15.001178741455078,21.319751739501953,77.08929443359375,22.559999465942383,26.68000030517578
2021-03-11,365.4090881347656,307.9079284667969,113.42891693115234,98.95777130126952,161.52000427246094,15.22741413116455,21.2163028717041,77.09774017333984,21.90999984741211,26.09000015258789
2021-03-12,365.901123046875,305.4101257324219,112.0123291015625,98.24173736572266,161.49000549316406,15.157803535461426,21.2852725982666,77.08929443359375,20.690000534057617,25.739999771118164
2021-03-15,368.0832824707031,308.6727600097656,114.42827606201172,98.36254119873048,162.1999969482422,15.105596542358398,21.3283748626709,77.08929443359375,20.030000686645508,24.889999389648438
2021-03-16,367.6190185546875,310.36700439453125,115.67993927001952,98.34526824951172,162.35000610351562,15.044685363769531,21.3283748626709,77.08929443359375,19.790000915527344,24.709999084472656
2021-03-17,368.87261962890625,311.6448974609375,116.7666244506836,98.18136596679688,163.50999450683594,15.044685363769531,21.22492218017578,77.09774017333984,19.229999542236328,23.8799991607666
2021-03-18,363.5055541992187,302.0990295410156,112.08995819091795,97.56885528564452,162.55999755859375,14.331171989440918,21.354238510131836,77.08929443359375,21.579999923706055,25.280000686645508
2021-03-19,362.8328857421875,303.1640319824219,113.36585235595705,97.50846099853516,163.24000549316406,14.644420623779297,21.36286163330078,77.08929443359375,20.950000762939453,24.989999771118164
2021-03-22,365.7301330566406,308.8493347167969,116.06803894042967,97.82765197753906,163.0,14.61831760406494,21.319751739501953,77.08929443359375,18.8799991607666,22.940000534057617
2021-03-23,362.85162353515625,307.5019836425781,113.16209411621094,98.31076049804688,161.80999755859375,14.209352493286133,21.449068069458008,77.09774017333984,20.299999237060547,23.799999237060547
2021-03-24,361.0070190429687,302.3157958984375,111.2215576171875,98.4401626586914,162.3699951171875,14.58351230621338,21.500795364379883,77.08929443359375,21.200000762939453,24.399999618530273
2021-03-25,363.0379028320313,301.7923583984375,111.62907409667967,98.31076049804688,161.77999877929688,14.252860069274902,21.56114387512207,77.08929443359375,19.809999465942383,23.3700008392334
2021-03-26,368.8882751464844,306.3193054199219,117.22750854492188,97.9829330444336,162.24000549316406,14.592214584350586,21.5352783203125,77.08929443359375,18.860000610351562,22.31999969482422
2021-03-29,368.7018737792969,306.23211669921875,115.3500518798828,97.6465072631836,160.30999755859375,14.609617233276367,21.587005615234375,77.08929443359375,20.739999771118164,23.200000762939453
2021-03-30,367.7237854003906,304.6907653808594,114.8552017211914,97.56022644042967,157.57000732421875,14.374679565429688,21.6732120513916,77.09774017333984,19.610000610351562,22.309999465942383
2021-03-31,369.21429443359375,309.3534851074219,118.15411376953124,97.42217254638672,159.9600067138672,14.452991485595703,21.655975341796875,77.08929443359375,19.399999618530273,22.149999618530273
2021-04-01,373.2015380859375,314.62677001953125,122.70950317382812,97.85379791259766,161.97999572753906,14.696630477905272,21.56114387512207,77.09774017333984,17.329999923706055,20.969999313354492
2021-04-05,378.55804443359375,320.9082336425781,124.75192260742188,97.57756805419922,161.9199981689453,14.47909450531006,21.49217414855957,77.08929443359375,17.90999984741211,20.959999084472656
2021-04-06,378.33447265625,320.685302734375,123.04425048828124,98.05237579345705,163.22000122070312,14.531305313110352,21.440448760986328,77.08088684082031,18.1200008392334,21.15999984741211
2021-04-07,378.7722778320313,321.4608459472656,122.76286315917967,97.99192810058594,162.75999450683594,14.574811935424805,21.466310501098633,77.08088684082031,17.15999984741211,20.65999984741211
2021-04-08,380.57025146484375,324.8148193359375,124.5239028930664,98.32855224609376,164.50999450683594,14.65312385559082,21.371482849121097,77.08929443359375,16.950000762939453,20.59000015258789
2021-04-09,383.3371276855469,326.78253173828125,124.23281860351562,98.06957244873048,163.27000427246094,14.600915908813477,21.388721466064453,77.08088684082031,16.690000534057617,20.739999771118164
2021-04-12,383.476806640625,326.3560791015625,122.79197692871094,98.00920104980467,162.27999877929688,14.609617233276367,21.38010025024414,77.08088684082031,16.90999984741211,20.81999969482422
2021-04-13,384.6133117675781,330.1656799316406,122.5494155883789,98.41490173339844,163.42999267578125,14.766240119934082,21.30251121520996,77.08088684082031,16.649999618530273,20.780000686645508
2021-04-14,383.2998046875,326.200927734375,121.3753890991211,98.29401397705078,162.72000122070312,15.105596542358398,21.276649475097656,77.08088684082031,16.989999771118164,21.059999465942383
2021-04-15,387.4174499511719,331.14471435546875,122.93267059326172,98.92423248291016,165.35000610351562,15.20131015777588,21.276649475097656,77.08929443359375,16.56999969482422,20.760000228881836
2021-04-16,388.7123107910156,331.5324401855469,122.452392578125,98.65657806396484,166.35000610351562,15.175206184387209,21.25078582763672,77.08929443359375,16.25,20.530000686645508
2021-04-19,386.8026123046875,328.4984130859375,119.42029571533205,98.55298614501952,165.88999938964844,15.192608833312988,21.13009262084961,77.08088684082031,17.290000915527344,21.3700008392334
2021-04-20,383.9705505371094,326.1040954589844,117.74659729003906,98.84650421142578,166.47999572753906,15.166505813598633,21.164575576782227,77.08088684082031,18.68000030517578,22.350000381469727
2021-04-21,387.603759765625,328.895751953125,120.85144805908205,98.8982925415039,168.1300048828125,15.105596542358398,21.13871192932129,77.08088684082031,17.5,21.489999771118164
2021-04-22,384.0637817382813,324.93115234375,118.17837524414062,98.97599029541016,167.0399932861328,15.22741413116455,21.199060440063477,77.08929443359375,18.709999084472656,22.520000457763672
2021-04-23,388.2279052734375,329.0218200683594,120.89510345458984,98.84650421142578,166.39999389648438,15.349233627319336,21.078365325927734,77.08929443359375,17.329999923706055,21.56999969482422
2021-04-26,389.0383605957031,331.1640930175781,122.96178436279295,98.742919921875,166.83999633789062,15.453649520874023,21.078365325927734,77.08088684082031,17.639999389648438,21.540000915527344
2021-04-27,388.9544677734375,329.72955322265625,122.24378204345705,98.35446166992188,166.4199981689453,15.584172248840332,21.08698844909668,77.08929443359375,17.559999465942383,21.31999969482422
2021-04-28,388.8428039550781,328.6146545410156,120.2886962890625,98.48394775390624,166.91000366210938,15.610274314880373,21.0093994140625,77.08088684082031,17.280000686645508,21.1299991607666
2021-04-29,391.32080078125,329.7973327636719,121.39965057373048,98.3113250732422,166.22000122070312,15.714691162109377,21.01801872253418,77.08088684082031,17.610000610351562,21.309999465942383
2021-04-30,388.74957275390625,327.6355895996094,117.88729095458984,98.39761352539062,165.66000366210938,15.584172248840332,21.190439224243164,77.08929443359375,18.610000610351562,22.06999969482422
2021-05-03,389.5880126953125,325.8907775878906,116.51921081542967,98.56519317626952,167.80999755859375,15.758198738098145,21.09560775756836,77.08929443359375,18.309999465942383,21.739999771118164
2021-05-04,387.1844787597656,320.0260925292969,115.07351684570312,98.69479370117188,166.5800018310547,16.0018367767334,21.190439224243164,77.08088684082031,19.479999542236328,22.670000076293945
2021-05-05,387.3056945800781,318.9501037597656,115.58289337158205,98.81570434570312,167.27000427246094,16.062746047973633,21.18181800842285,77.08929443359375,19.149999618530273,22.260000228881836
2021-05-06,390.39849853515625,321.3542175292969,116.53376770019533,98.85885620117188,170.05999755859375,16.14105796813965,21.078365325927734,77.08929443359375,18.389999389648438,21.8799991607666
2021-05-07,393.2398376464844,323.96173095703125,118.17837524414062,98.89344787597656,171.58999633789062,16.297683715820312,20.923187255859375,77.08088684082031,16.690000534057617,20.790000915527344
2021-05-10,389.3458251953125,315.7802734375,112.9389190673828,98.69479370117188,172.11000061035156,16.1845645904541,20.923187255859375,77.08088684082031,19.65999984741211,22.399999618530273
2021-05-11,385.8710021972656,315.34405517578125,113.1572494506836,98.53067016601562,172.13999938964844,16.358592987060547,20.905946731567383,77.08088684082031,21.84000015258789,24.229999542236328
2021-05-12,377.6730041503906,307.1820983886719,108.49027252197266,98.05555725097656,170.42999267578125,16.341190338134766,21.061124801635746,77.07247161865234,27.59000015258789,28.18000030517578
2021-05-13,382.2098388671875,309.5569763183594,109.72249603271484,98.38381958007812,171.1300048828125,15.888721466064451,21.02663803100586,77.07247161865234,23.1299991607666,25.260000228881836
2021-05-14,388.0788269042969,316.39105224609375,113.20089721679688,98.59976959228516,172.69000244140625,16.019241333007812,20.9404296875,77.07247161865234,18.809999465942383,22.260000228881836
2021-05-17,387.0913391113281,314.4716796875,111.93955993652344,98.50473022460938,174.6999969482422,16.219369888305664,20.914566040039062,77.08088684082031,19.719999313354492,23.139999389648438
2021-05-18,383.75628662109375,312.3487243652344,111.3234405517578,98.50473022460938,175.0399932861328,16.14105796813965,20.81973648071289,77.08088684082031,21.34000015258789,24.219999313354492
2021-05-19,382.750244140625,312.7074279785156,113.3173370361328,98.2110366821289,175.16000366210938,15.810406684875488,20.914566040039062,77.07247161865234,22.18000030517578,25.270000457763672
2021-05-20,386.8677978515625,318.7561950683594,116.13111877441406,98.61701202392578,175.9600067138672,15.645081520080566,20.811115264892575,77.07247161865234,20.670000076293945,23.809999465942383
2021-05-21,386.5509948730469,316.9920349121094,115.5440902709961,98.6515655517578,176.0399932861328,15.79300308227539,20.880081176757812,77.08088684082031,20.149999618530273,23.489999771118164
2021-05-24,390.4916076660156,322.3235778808594,118.08133697509766,98.74659729003906,176.35000610351562,16.010540008544922,20.82835578918457,77.07247161865234,18.399999618530273,22.229999542236328
2021-05-25,389.6252746582031,322.7693786621094,118.85755157470705,99.10939025878906,177.9499969482422,15.958331108093262,20.802492141723633,77.07247161865234,18.84000015258789,22.399999618530273
2021-05-26,390.39849853515625,323.89385986328125,118.97884368896484,98.9970703125,177.63999938964844,15.98443603515625,20.880081176757812,77.07247161865234,17.360000610351562,21.299999237060547
2021-05-27,390.60345458984375,322.68212890625,119.55130004882812,98.82432556152344,177.7100067138672,16.236774444580078,20.862842559814453,77.08088684082031,16.739999771118164,20.309999465942383
2021-05-28,391.3020629882813,323.7000427246094,120.8902587890625,98.81570434570312,178.3800048828125,16.1845645904541,20.880081176757812,77.08088684082031,16.760000228881836,20.479999542236328
2021-06-01,390.9574279785156,322.6240234375,120.71076965332033,98.7975082397461,177.89999389648438,16.471712112426758,20.84559631347656,77.07247161865234,17.899999618530273,21.34000015258789
2021-06-02,391.5722351074219,323.2541198730469,121.41905975341795,98.90990447998048,178.77000427246094,16.558727264404297,20.84559631347656,77.07247161865234,17.479999542236328,21.420000076293945
2021-06-03,390.1190185546875,319.8904113769531,119.3426742553711,98.65925598144533,175.27000427246094,16.419504165649414,20.97491455078125,77.07247161865234,18.040000915527344,21.81999969482422
2021-06-04,393.68695068359375,325.31878662109375,122.00121307373048,99.20377349853516,177.16000366210938,16.602231979370117,20.89732551574707,77.08088684082031,16.420000076293945,20.6200008392334
2021-06-07,393.3050537109375,326.2881774902344,121.38024139404295,99.12600708007812,177.8699951171875,16.62833595275879,20.862842559814453,77.06402587890625,16.420000076293945,20.549999237060547
2021-06-08,393.3888549804687,326.443359375,120.38087463378906,99.4112777709961,177.32000732421875,16.793663024902344,20.88870429992676,77.06402587890625,17.06999969482422,20.850000381469727
2021-06-09,392.8019104003906,326.5208435058594,120.00731658935548,99.72239685058594,176.97999572753906,16.715351104736328,20.905946731567383,77.06402587890625,17.889999389648438,21.280000686645508
2021-06-10,394.6278381347656,329.92333984375,121.57430267333984,100.07681274414062,177.74000549316406,16.776262283325195,20.88870429992676,77.06402587890625,16.100000381469727,20.079999923706055
2021-06-11,395.2799987792969,330.78607177734375,122.00121307373048,99.92986297607422,175.74000549316406,16.724050521850586,20.992156982421875,77.07247161865234,15.649999618530273,19.639999389648438
2021-06-14,396.1650390625,333.9559020996094,123.65066528320312,99.61870574951172,174.7100067138672,16.62833595275879,20.97491455078125,77.06402587890625,16.389999389648438,20.139999389648438
2021-06-15,395.4383544921875,331.7748718261719,122.5833740234375,99.63597869873048,174.0500030517578,16.558727264404297,20.992156982421875,77.06402587890625,17.020000457763672,20.68000030517578
2021-06-16,393.23046875,330.56304931640625,121.55004119873048,98.953125,171.11000061035156,16.463008880615234,21.164575576782227,77.07247161865234,18.149999618530273,21.260000228881836
2021-06-17,393.10009765625,334.7604675292969,122.92295837402344,99.30754852294922,165.85000610351562,16.036643981933594,21.3283748626709,77.06402587890625,17.75,20.979999542236328
2021-06-18,387.7970275878906,332.1335144042969,119.7938461303711,99.86935424804688,164.92999267578125,16.201969146728516,21.39734268188477,77.07247161865234,20.700000762939453,22.93000030517578
2021-06-21,393.34869384765625,334.19775390625,120.10919189453124,99.5495376586914,166.9499969482422,16.402101516723633,21.29389190673828,77.06402587890625,17.889999389648438,21.1200008392334
2021-06-22,395.45159912109375,337.3131103515625,120.89510345458984,99.73103332519533,166.25,16.428203582763672,21.25940704345703,77.06402587890625,16.65999984741211,20.06999969482422
2021-06-23,394.9748840332031,337.47796630859375,121.50638580322266,99.53225708007812,166.13999938964844,16.532621383666992,21.29389190673828,77.06402587890625,16.31999969482422,19.700000762939453
2021-06-24,397.3115234375,339.5645751953125,123.4905776977539,99.51495361328124,166.0399932861328,16.59353256225586,21.276649475097656,77.07247161865234,15.970000267028809,19.260000228881836
2021-06-25,398.7228393554687,339.1472473144531,123.00543975830078,99.30754852294922,166.58999633789062,16.5239200592041,21.2852725982666,77.07247161865234,15.619999885559082,19.0
2021-06-28,399.5266723632813,343.27178955078125,125.989013671875,99.61870574951172,166.5800018310547,16.51521873474121,21.29389190673828,77.06402587890625,15.760000228881836,19.020000457763672
2021-06-29,399.7415771484375,344.5139465332031,127.08541870117188,99.6705322265625,164.8300018310547,16.59353256225586,21.345617294311523,77.06402587890625,16.020000457763672,19.489999771118164
2021-06-30,400.0780334472656,343.97052001953125,127.2212371826172,99.82613372802734,165.6300048828125,16.75015640258789,21.40596389770508,77.06402587890625,15.829999923706055,19.510000228881836
2021-07-01,402.2931213378906,344.1064453125,125.34378051757812,99.75437927246094,166.1999969482422,16.811063766479492,21.466310501098633,77.07247161865234,15.479999542236328,19.450000762939453
2021-07-02,405.3679809570313,348.0562744140625,126.03751373291016,100.11763763427734,167.2899932861328,16.967689514160156,21.38010025024414,77.06402587890625,15.069999694824219,19.299999237060547
2021-07-06,404.6296081542969,349.5606384277344,125.99871826171876,100.64530181884766,168.1199951171875,16.506515502929688,21.457691192626953,77.05562591552734,16.440000534057617,20.260000228881836
2021-07-07,406.05963134765625,350.298095703125,124.25222778320312,100.93931579589844,168.75999450683594,16.306385040283203,21.49217414855957,77.05562591552734,16.200000762939453,20.40999984741211
2021-07-08,402.7511291503906,348.18243408203125,122.5882339477539,101.19879913330078,168.64999389648438,16.445606231689453,21.40596389770508,77.06402587890625,19.0,21.979999542236328
2021-07-09,407.05035400390625,350.35638427734375,124.67914581298828,100.68849182128906,169.2100067138672,16.637039184570312,21.354238510131836,77.06402587890625,16.18000030517578,20.440000534057617
2021-07-12,408.5083923339844,351.7247009277344,126.31403350830078,100.6365966796875,169.0,16.66314125061035,21.38010025024414,77.06402587890625,16.170000076293945,20.459999084472656
2021-07-13,407.11572265625,351.7247009277344,126.0423812866211,100.32522583007812,169.22000122070312,16.802364349365234,21.50941467285156,77.06402587890625,17.1200008392334,21.1299991607666
2021-07-14,407.7232971191406,352.3556213378906,125.76583099365234,100.75772857666016,171.0399932861328,16.637039184570312,21.40596389770508,77.05562591552734,16.329999923706055,20.6200008392334
2021-07-15,406.3307495117187,349.8807678222656,122.31655883789062,101.18148803710938,171.07000732421875,16.55002212524414,21.466310501098633,77.06402587890625,17.010000228881836,21.09000015258789
2021-07-16,403.14361572265625,347.0469970703125,119.75505065917967,101.1642074584961,169.41000366210938,16.55002212524414,21.49217414855957,77.06402587890625,18.450000762939453,22.06999969482422
2021-07-19,397.1899719238281,344.2035217285156,119.73079681396484,102.02916717529295,169.61000061035156,15.888721466064451,21.52665901184082,77.05562591552734,22.5,24.899999618530273
2021-07-20,402.8820190429687,348.201904296875,121.1958999633789,101.89942932128906,169.38999938964844,16.123655319213867,21.55252265930176,77.05562591552734,19.729999542236328,23.200000762939453
2021-07-21,406.1437377929687,350.89013671875,124.67914581298828,101.31124877929688,168.75999450683594,16.445606231689453,21.500795364379883,77.05562591552734,17.90999984741211,21.8700008392334
2021-07-22,406.9942626953125,353.2095947265625,123.92719268798828,101.54476928710938,169.08999633789062,16.576128005981445,21.52665901184082,77.06402587890625,17.690000534057617,21.860000610351562
2021-07-23,411.1814880371094,357.33416748046875,124.82953643798828,101.38909912109376,168.55999755859375,16.66314125061035,21.5352783203125,77.05562591552734,17.200000762939453,21.649999618530273
2021-07-26,412.1908874511719,357.6156005859375,124.6888427734375,101.3199462890625,168.16000366210938,16.784963607788086,21.466310501098633,77.06402587890625,17.579999923706055,21.739999771118164
2021-07-27,410.312255859375,353.6754455566406,122.48634338378906,101.75240325927734,168.44000244140625,16.689247131347656,21.431827545166016,77.05562591552734,19.360000610351562,23.0
2021-07-28,410.1440124511719,355.03411865234375,124.6742935180664,101.83883666992188,169.2899932861328,16.767560958862305,21.371482849121097,77.05562591552734,18.309999465942383,22.350000381469727
2021-07-29,411.8450012207031,355.6649475097656,127.01264190673828,101.52747344970705,171.1699981689453,17.063405990600586,21.29389190673828,77.06402587890625,17.700000762939453,21.8799991607666
2021-07-30,409.8450012207031,353.81134033203125,127.6578598022461,101.81289672851562,169.82000732421875,16.967689514160156,21.354238510131836,77.05562591552734,18.239999771118164,22.18000030517578
2021-08-02,408.9850769042969,353.84033203125,128.56021118164062,102.2595443725586,169.61000061035156,16.784963607788086,21.3283748626709,77.05562591552734,19.459999084472656,23.049999237060547
2021-08-03,412.3123779296875,355.985107421875,129.7245330810547,102.28546905517578,169.49000549316406,16.70665168762207,21.33699607849121,77.05562591552734,18.040000915527344,22.18000030517578
2021-08-04,410.2842102050781,356.4994812011719,131.14112854003906,102.2595443725586,169.52999877929688,16.436904907226562,21.371482849121097,77.05562591552734,17.969999313354492,22.170000076293945
2021-08-05,412.8824462890625,358.7607727050781,130.99557495117188,101.88734436035156,168.86000061035156,16.680545806884766,21.371482849121097,77.05562591552734,17.280000686645508,21.520000457763672
2021-08-06,413.5647583007813,357.1885986328125,130.29214477539062,101.29014587402344,164.63999938964844,16.541322708129883,21.49217414855957,77.06402587890625,16.149999618530273,20.8700008392334
2021-08-09,413.228271484375,357.8485107421875,129.89918518066406,101.07378387451172,161.72000122070312,16.306385040283203,21.5352783203125,77.06402587890625,16.719999313354492,21.270000457763672
2021-08-10,413.7422790527344,356.01434326171875,128.23516845703125,100.88333892822266,161.77000427246094,16.602231979370117,21.55252265930176,77.05562591552734,16.790000915527344,21.209999084472656
2021-08-11,414.77044677734375,355.4028625488281,127.89557647705078,100.99590301513672,164.0,16.75015640258789,21.50941467285156,77.05562591552734,16.170000076293945,20.81999969482422
2021-08-12,416.0134887695313,356.6839294433594,126.49838256835938,100.89202117919922,164.0399932861328,16.689247131347656,21.5352783203125,77.05562591552734,15.59000015258789,20.25
2021-08-13,416.7705078125,357.9358825683594,127.32312774658205,101.47191619873048,166.38999938964844,16.59353256225586,21.431827545166016,77.06402587890625,15.449999809265137,20.260000228881836
2021-08-16,417.75189208984375,358.0911865234375,126.77493286132812,101.69696044921876,167.22000122070312,16.55002212524414,21.449068069458008,77.04720306396484,16.1200008392334,20.639999389648438
2021-08-17,415.0134582519531,354.9370422363281,124.37350463867188,101.64501953125,166.97000122070312,16.367294311523438,21.57838249206543,77.04720306396484,17.90999984741211,21.700000762939453
2021-08-18,410.4710998535156,351.52099609375,122.7677230834961,101.59305572509766,167.10000610351562,16.175865173339844,21.57838249206543,77.04720306396484,21.56999969482422,23.799999237060547
2021-08-19,411.1066589355469,353.21929931640625,123.84471893310548,101.818115234375,166.61000061035156,15.949630737304688,21.68183708190918,77.06402587890625,21.670000076293945,24.200000762939453
2021-08-20,414.3779296875,356.8780212402344,124.37836456298828,101.72291564941406,166.6999969482422,15.575469017028809,21.655975341796875,77.06402587890625,18.559999465942383,22.40999984741211
2021-08-23,418.02294921875,362.2157897949219,127.95378875732422,101.74887084960938,168.72999572753906,16.14105796813965,21.52665901184082,77.04720306396484,17.149999618530273,21.200000762939453
2021-08-24,418.6865234375,363.3220825195313,128.04112243652344,101.47191619873048,168.64999389648438,16.48041343688965,21.50941467285156,77.04720306396484,17.219999313354492,21.219999313354492
2021-08-25,419.5650939941406,363.7393798828125,129.43345642089844,101.07378387451172,167.47999572753906,16.62833595275879,21.49217414855957,77.04720306396484,16.790000915527344,20.790000915527344
2021-08-26,417.0882568359375,361.42962646484375,129.63235473632812,101.07378387451172,167.6699981689453,16.49781608581543,21.55252265930176,77.05562591552734,18.84000015258789,21.860000610351562
2021-08-27,420.8175048828125,364.94281005859375,131.9755401611328,101.40267944335938,170.19000244140625,16.70665168762207,21.457691192626953,77.05562591552734,16.389999389648438,20.610000610351562
2021-08-30,422.6680908203125,369.038330078125,132.3927764892578,101.60172271728516,169.35000610351562,16.767560958862305,21.457691192626953,77.05562591552734,16.190000534057617,20.399999618530273
2021-08-31,422.0418395996094,368.7374267578125,131.38853454589844,101.41136169433594,169.69000244140625,16.689247131347656,21.457691192626953,77.04720306396484,16.479999542236328,20.420000076293945
2021-09-01,422.2661437988281,369.348876953125,131.18478393554688,101.45464324951172,169.6999969482422,16.610933303833008,21.41458511352539,77.04720306396484,16.110000610351562,20.079999923706055
2021-09-02,423.5652770996094,369.174072265625,131.50497436523438,101.57588958740234,169.25,16.802364349365234,21.36286163330078,77.06402587890625,16.40999984741211,20.1299991607666
2021-09-03,423.46246337890625,370.30963134765625,132.58197021484375,101.3333969116211,171.05999755859375,16.819765090942383,21.319751739501953,77.04720306396484,16.40999984741211,20.31999969482422
2021-09-07,421.9483642578125,370.8336791992187,132.31028747558594,100.93498229980467,167.7100067138672,16.62833595275879,21.42320442199707,77.04720306396484,18.139999389648438,21.530000686645508
2021-09-08,421.4343872070313,369.5429382324219,130.56381225585938,101.21212768554688,167.2899932861328,16.75015640258789,21.457691192626953,77.04720306396484,17.959999084472656,21.59000015258789
2021-09-09,419.6305236816406,368.271484375,131.102294921875,101.49794006347656,168.02999877929688,16.62833595275879,21.40596389770508,77.04720306396484,18.799999237060547,22.059999465942383
2021-09-10,416.3218688964844,365.4765930175781,132.0919647216797,101.17748260498048,167.17999267578125,16.845870971679688,21.440448760986328,77.05562591552734,20.950000762939453,23.309999465942383
2021-09-13,417.3873596191406,365.2242431640625,133.08164978027344,101.29874420166016,167.74000549316406,16.97639274597168,21.440448760986328,77.05562591552734,19.3700008392334,22.469999313354492
2021-09-14,415.1350402832031,364.1857604980469,133.16897583007812,101.67981719970705,168.82000732421875,16.967689514160156,21.440448760986328,77.04720306396484,19.459999084472656,22.549999237060547
2021-09-15,418.6024169921875,366.89349365234375,133.63470458984375,101.506591796875,167.8300018310547,17.24613380432129,21.39734268188477,77.04720306396484,18.18000030517578,21.760000228881836
2021-09-16,417.9387817382813,367.1457824707031,133.8287353515625,101.1861572265625,164.02999877929688,17.12431526184082,21.49217414855957,77.05562591552734,18.690000534057617,21.809999465942383
2021-09-17,413.86767578125,362.7980346679687,131.47100830078125,100.89170837402344,163.77000427246094,16.98509407043457,21.569765090942383,77.04720306396484,20.809999465942383,23.219999313354492
2021-09-20,406.96673583984375,355.3014221191406,128.26913452148438,101.40266418457033,164.94000244140625,16.784963607788086,21.57838249206543,77.05562591552734,25.709999084472656,26.399999618530273
2021-09-21,406.5823364257813,355.7386169433594,128.54080200195312,101.34204864501952,166.0399932861328,16.802364349365234,21.56114387512207,77.04720306396484,24.360000610351562,25.469999313354492
2021-09-22,410.5484924316406,359.0613708496094,130.8597412109375,101.4373016357422,165.4199981689453,16.99379539489746,21.621488571166992,77.04720306396484,20.8700008392334,23.049999237060547
2021-09-23,415.53662109375,362.3744201660156,132.5043487548828,100.51925659179688,163.50999450683594,17.25483512878418,21.5352783203125,77.05562591552734,18.6299991607666,21.3700008392334
2021-09-24,416.2210998535156,362.7143249511719,132.1453399658203,100.21609497070312,163.3000030517578,17.333147048950195,21.595624923706055,77.04720306396484,17.75,20.81999969482422
2021-09-27,415.0302734375,359.8192443847656,131.67478942871094,99.94762420654295,163.63999938964844,17.568086624145508,21.621488571166992,77.04720306396484,18.760000228881836,21.399999618530273
2021-09-28,406.6666564941406,349.63714599609375,126.37225341796876,99.5665512084961,162.0500030517578,17.428863525390625,21.699077606201172,77.04720306396484,23.25,24.030000686645508
2021-09-29,407.3511962890625,349.0639953613281,124.46569061279295,99.67048645019533,161.32000732421875,17.446266174316406,21.85425567626953,77.05562591552734,22.559999465942383,23.719999313354492
2021-09-30,402.3724365234375,347.7815246582031,124.3249969482422,99.79173278808594,164.22000122070312,17.559383392333984,21.81977272033691,77.05562591552734,23.139999389648438,23.8700008392334
2021-10-01,407.1543273925781,349.9383850097656,124.43172454833984,100.19908905029295,164.58999633789062,17.794321060180664,21.77666664123535,77.05562591552734,21.100000381469727,22.950000762939453
2021-10-04,401.9035949707031,342.5933837890625,121.19103240966795,100.07775115966795,165.36000061035156,18.081466674804688,21.707700729370117,77.03878021240234,22.959999084472656,24.110000610351562
2021-10-05,406.0852966308594,347.2180480957031,122.89385986328124,99.7657241821289,164.58999633789062,18.307703018188477,21.750804901123047,77.04720306396484,21.299999237060547,23.110000610351562
2021-10-06,407.7731323242187,349.44293212890625,123.26740264892578,99.79173278808594,165.02999877929688,18.00315284729004,21.8111515045166,77.04720306396484,21.0,22.84000015258789
2021-10-07,411.2985229492187,352.6490783691406,124.80043029785156,99.39306640625,164.16000366210938,18.22939109802246,21.80253219604492,77.04720306396484,19.540000915527344,22.1200008392334
2021-10-08,410.5484924316406,350.89056396484375,123.58759307861328,99.17637634277344,164.22999572753906,18.290300369262695,21.785287857055664,77.04720306396484,18.770000457763672,21.8799991607666
2021-10-11,407.5762634277344,348.19927978515625,122.8501968383789,98.93370056152344,163.9199981689453,18.412120819091797,21.84563636779785,77.04720306396484,20.0,22.389999389648438
2021-10-12,406.5729370117187,346.9848327636719,121.6082534790039,99.3843765258789,164.66000366210938,18.412120819091797,21.871498107910156,77.04720306396484,19.850000381469727,22.329999923706055
2021-10-13,408.0356750488281,349.76348876953125,122.64644622802734,99.5750732421875,167.58999633789062,18.516536712646484,21.750804901123047,77.04720306396484,18.639999389648438,21.540000915527344
2021-10-14,414.8990478515625,356.2049560546875,126.3285903930664,99.8090591430664,168.0,18.707963943481445,21.750804901123047,77.03878021240234,16.860000610351562,20.3700008392334
2021-10-15,418.0588684082031,358.4493408203125,127.38616943359376,99.31504821777344,165.3300018310547,18.864591598510746,21.724943161010746,77.04720306396484,16.299999237060547,20.299999237060547
2021-10-18,419.2965393066406,362.0537414550781,128.39041137695312,99.17637634277344,164.9199981689453,18.7514705657959,21.73356056213379,77.03878021240234,16.309999465942383,20.290000915527344
2021-10-19,422.5313720703125,364.7936706542969,129.8603515625,98.82103729248048,165.4499969482422,18.794979095458984,21.68183708190918,77.03878021240234,15.699999809265137,19.979999542236328
2021-10-20,424.1908874511719,364.3175048828125,129.2879180908203,98.77770233154295,166.89999389648438,19.003814697265625,21.64735412597656,77.03878021240234,15.489999771118164,19.8700008392334
2021-10-21,425.2973327636719,366.5424499511719,130.7626953125,98.51768493652344,166.75,18.7166690826416,21.699077606201172,77.03878021240234,15.010000228881836,19.479999542236328
2021-10-22,424.8565979003906,363.4625549316406,129.60809326171875,98.76903533935548,167.77000427246094,18.803682327270508,21.655975341796875,77.03878021240234,15.430000305175781,20.010000228881836
2021-10-25,427.1351013183594,367.1837463378906,130.26304626464844,98.89036560058594,168.92999267578125,18.899396896362305,21.69045639038086,77.04720306396484,15.239999771118164,19.559999465942383
2021-10-26,427.51947021484375,368.33978271484375,131.00527954101562,99.0116958618164,167.67999267578125,18.92550277709961,21.73356056213379,77.03034973144531,15.979999542236328,20.110000610351562
2021-10-27,425.62548828125,369.19482421875,129.89918518066406,99.5663833618164,168.1199951171875,18.57744598388672,21.724943161010746,77.03034973144531,16.979999542236328,20.889999389648438
2021-10-28,429.7322692871094,373.29486083984375,132.3733673095703,99.30634307861328,168.0800018310547,18.673158645629883,21.595624923706055,77.04720306396484,16.530000686645508,20.479999542236328
2021-10-29,430.6042785644531,375.1310119628906,132.75177001953125,99.3497085571289,166.64999389648438,18.57744598388672,21.76804542541504,77.04720306396484,16.260000228881836,20.3700008392334
2021-11-01,431.3450012207031,376.41351318359375,134.2750701904297,99.34190368652344,167.52000427246094,18.7166690826416,21.699077606201172,77.04720306396484,16.40999984741211,20.389999389648438
2021-11-02,433.08892822265625,377.9874877929687,135.75473022460938,99.5847625732422,167.16000366210938,18.76887321472168,21.750804901123047,77.03034973144531,16.030000686645508,20.100000381469727
2021-11-03,435.7330322265625,382.0000305175781,137.0985565185547,99.2725601196289,165.77000427246094,18.290300369262695,21.699077606201172,77.03034973144531,15.100000381469727,19.5
2021-11-04,437.7864990234375,386.8966369628906,142.77459716796875,99.8102569580078,167.64999389648438,18.177181243896484,21.8111515045166,77.03878021240234,15.4399995803833,19.700000762939453
2021-11-05,439.3054504394531,387.2659606933594,143.89041137695312,100.3566665649414,169.83999633789062,18.429521560668945,21.793909072875977,77.03878021240234,16.479999542236328,20.489999771118164
2021-11-08,439.6804504394531,386.7413330078125,146.4810333251953,99.92298889160156,170.4499969482422,18.542640686035156,21.750804901123047,77.04720306396484,17.219999313354492,20.979999542236328
2021-11-09,438.2271728515625,384.0791931152344,146.67506408691406,100.3826904296875,171.2899932861328,18.690563201904297,21.724943161010746,77.03034973144531,17.780000686645508,21.40999984741211
2021-11-10,434.7016906738281,378.4343872070313,142.04690551757812,99.52406311035156,173.14999389648438,18.455625534057617,21.95770835876465,77.03034973144531,18.729999542236328,22.0
2021-11-11,434.8423156738281,379.4837036132813,144.60357666015625,99.20314025878906,174.1199951171875,18.58614730834961,22.009435653686523,77.03878021240234,17.65999984741211,21.3799991607666
2021-11-12,438.1240539550781,383.476806640625,146.07351684570312,99.41130828857422,174.4499969482422,18.560043334960938,21.983570098876953,77.03878021240234,16.290000915527344,20.690000534057617
2021-11-15,438.2741088867187,383.3893737792969,145.87945556640625,99.02096557617188,174.17999267578125,18.568744659423828,22.104265213012695,77.03878021240234,16.489999771118164,20.8700008392334
2021-11-16,440.00872802734375,386.1194458007813,147.77146911621094,98.93424224853516,172.9199981689453,18.542640686035156,22.190475463867188,77.03034973144531,16.3700008392334,20.899999618530273
2021-11-17,438.9397583007813,386.3234558105469,146.89337158203125,99.28988647460938,174.5,18.37731552124023,22.147371292114254,77.03034973144531,17.110000610351562,21.579999923706055
2021-11-18,440.4305419921875,390.326416015625,150.5076141357422,99.35060119628906,173.94000244140625,18.43822479248047,22.087024688720703,77.03878021240234,17.59000015258789,21.899999618530273
2021-11-19,439.6429443359375,392.5025329589844,151.45848083496094,99.61944580078124,172.61000061035156,18.142377853393555,22.1990966796875,77.03878021240234,17.90999984741211,21.920000076293945
2021-11-22,438.40533447265625,387.9459838867187,149.1735076904297,98.89090728759766,168.74000549316406,18.27289772033691,22.311168670654297,77.03878021240234,19.170000076293945,22.6299991607666
2021-11-23,438.9866333007813,386.177734375,148.09165954589844,98.48329162597656,167.27999877929688,18.60354995727539,22.30255126953125,77.03034973144531,19.3799991607666,22.450000762939453
2021-11-24,440.1586608886719,387.4213562011719,149.58587646484375,98.78681182861328,167.1199951171875,18.533939361572266,22.388757705688477,77.03878021240234,18.579999923706055,21.899999618530273
2021-11-26,430.34173583984375,380.0762939453125,145.248779296875,100.06175994873048,166.85000610351562,17.428863525390625,22.21634101867676,77.03034973144531,28.6200008392334,29.170000076293945
2021-11-29,435.62054443359375,388.324951171875,151.080078125,99.83627319335938,166.6199951171875,17.428863525390625,22.259443283081055,77.03878021240234,22.959999084472656,25.040000915527344
2021-11-30,427.14447021484375,382.6217956542969,147.91702270507812,100.4347152709961,165.5,16.950286865234375,22.15599250793457,77.03034973144531,27.190000534057617,28.1299991607666
2021-12-01,422.4000244140625,376.11236572265625,147.39308166503906,100.62393951416016,166.16000366210938,16.802364349365234,22.21634101867676,77.03878021240234,31.1200008392334,30.790000915527344
2021-12-02,428.86962890625,378.8230285644531,147.77633666992188,100.4069595336914,165.24000549316406,16.950286865234375,22.224958419799805,77.03878021240234,27.950000762939453,29.149999618530273
2021-12-03,425.137939453125,372.2357482910156,146.09774780273438,100.99716186523438,166.6300048828125,16.967689514160156,22.21634101867676,77.03034973144531,30.670000076293945,31.780000686645508
2021-12-06,430.1730346679687,375.218505859375,145.5398712158203,100.49374389648438,166.22000122070312,17.263538360595703,22.250822067260746,77.03034973144531,27.18000030517578,28.8799991607666
2021-12-07,439.0709228515625,386.5177917480469,152.59854125976562,100.11180877685548,166.80999755859375,17.524578094482422,22.259443283081055,77.03034973144531,21.889999389648438,24.959999084472656
2021-12-08,440.2336730957031,388.2472534179687,151.9387664794922,99.79071044921876,166.89999389648438,17.7595157623291,22.15599250793457,77.03878021240234,19.899999618530273,23.6299991607666
2021-12-09,437.2614135742187,382.5343322753906,148.26144409179688,100.04241943359376,165.8800048828125,17.489774703979492,22.23358154296875,77.03034973144531,21.579999923706055,24.65999984741211
2021-12-10,441.3775634765625,386.6927490234375,149.20260620117188,100.11180877685548,166.5800018310547,17.689905166625977,22.1990966796875,77.03878021240234,18.690000534057617,23.18000030517578
2021-12-13,437.4677429199219,381.1062316894531,145.3312530517578,100.58924102783205,167.0,17.602890014648438,22.268062591552734,77.03878021240234,20.309999465942383,24.31999969482422
2021-12-14,434.4578552246094,377.1615905761719,144.49197387695312,100.4156494140625,165.44000244140625,17.446266174316406,22.311168670654297,77.03878021240234,21.889999389648438,25.350000381469727
2021-12-15,441.2463073730469,385.7599487304687,150.4687957763672,100.26807403564452,166.14999389648438,17.533281326293945,22.276687622070312,77.03878021240234,19.290000915527344,23.299999237060547
2021-12-16,437.355224609375,375.84033203125,143.92922973632812,100.55998992919922,168.16000366210938,17.6376953125,22.181854248046875,77.03034973144531,20.56999969482422,24.3700008392334
2021-12-17,432.700439453125,373.9651794433594,143.25489807128906,100.78585815429688,167.8000030517578,17.428863525390625,22.33703231811523,77.03878021240234,21.56999969482422,25.3799991607666
2021-12-20,428.0993347167969,370.3376159667969,142.178466796875,100.69898223876952,167.08999633789062,17.307043075561523,22.311168670654297,77.03034973144531,22.8700008392334,26.309999465942383
2021-12-21,435.7019653320313,378.6259460449219,147.31427001953125,100.2993621826172,167.02000427246094,17.672500610351562,22.285306930541992,77.02191162109375,21.010000228881836,25.0
2021-12-22,440.0584106445313,383.2369689941406,149.0652313232422,100.39488983154295,168.58999633789062,17.88133430480957,22.1990966796875,77.02191162109375,18.6299991607666,23.559999465942383
2021-12-23,442.7965698242187,386.1262512207031,150.3479766845703,100.18641662597656,168.97000122070312,17.977048873901367,22.181854248046875,77.02191162109375,17.959999084472656,23.239999771118164
2021-12-27,449.06304931640625,392.50787353515625,154.39613342285156,100.22116088867188,169.3699951171875,18.20328712463379,22.190475463867188,77.03034973144531,17.68000030517578,22.739999771118164
2021-12-28,448.6961059570313,390.688720703125,152.87440490722656,100.20380401611328,168.63999938964844,18.168481826782227,22.21634101867676,77.02191162109375,17.540000915527344,22.329999923706055
2021-12-29,449.27001953125,390.6302795410156,152.8500213623047,99.6911849975586,168.58999633789062,18.25549697875977,22.15599250793457,77.02191162109375,16.950000762939453,21.829999923706055
2021-12-30,448.0279846191406,389.46295166015625,151.1136932373047,100.02134704589844,169.8000030517578,18.168481826782227,22.190475463867188,77.03034973144531,17.329999923706055,21.8799991607666
2021-12-31,446.89892578125,387.0309753417969,150.60646057128906,99.90837860107422,170.9600067138672,18.081466674804688,22.095643997192383,77.03034973144531,17.219999313354492,21.8799991607666
2022-01-03,449.4864807128906,390.7568359375,153.92791748046875,98.9788055419922,168.3300018310547,18.151079177856445,22.23358154296875,77.02191162109375,16.600000381469727,21.530000686645508
2022-01-04,449.3359680175781,385.6885681152344,153.1280059814453,98.92668914794922,169.57000732421875,18.36861038208008,22.250822067260746,77.03034973144531,16.90999984741211,21.6200008392334
2022-01-05,440.7077026367187,373.8397521972656,147.8751678466797,98.50968170166016,169.05999755859375,18.290300369262695,22.224958419799805,77.03034973144531,19.729999542236328,23.469999313354492
2022-01-06,440.2937622070313,373.5769958496094,149.34324645996094,98.2664566040039,166.99000549316406,18.44692611694336,22.24220085144043,77.03034973144531,19.610000610351562,23.5
2022-01-07,438.552978515625,369.53021240234375,144.80245971679688,97.94498443603516,167.75,18.48172950744629,22.121509552001953,77.03034973144531,18.760000228881836,22.8700008392334
2022-01-10,438.0071716308594,369.7733459472656,144.98779296875,97.91890716552734,168.25999450683594,18.40341567993164,22.17323303222656,77.02191162109375,19.399999618530273,22.68000030517578
2022-01-11,441.9967651367187,375.3280944824219,147.91415405273438,98.15351104736328,170.2899932861328,18.760173797607425,22.07840347290039,77.01346588134766,18.40999984741211,21.979999542236328
2022-01-12,443.191650390625,376.8164978027344,149.1774139404297,98.17086791992188,170.74000549316406,18.908098220825195,21.931846618652344,77.02191162109375,17.6200008392334,21.579999923706055
2022-01-13,437.0851440429687,367.3899230957031,146.58267211914062,98.48362731933594,170.16000366210938,18.707963943481445,21.92322540283203,77.03034973144531,20.309999465942383,23.40999984741211
2022-01-14,437.2638854980469,369.6760559082031,149.6895294189453,97.80599975585938,169.6699981689453,18.95160484313965,21.983570098876953,77.03034973144531,19.190000534057617,22.81999969482422
2022-01-18,429.5201416015625,360.4732666015625,142.9929656982422,97.06751251220705,169.38999938964844,19.099529266357425,22.121509552001953,77.01346588134766,22.790000915527344,25.1200008392334
2022-01-19,425.0602111816406,356.5140075683594,139.04234313964844,97.30209350585938,172.0800018310547,19.20394515991211,22.069780349731445,77.03034973144531,23.850000381469727,25.809999465942383
2022-01-20,420.3555603027344,351.8834228515625,134.7844696044922,97.51057434082033,171.64999389648438,19.13433265686035,22.138748168945312,77.03034973144531,25.59000015258789,27.25
2022-01-21,412.1038208007813,342.126220703125,132.5408935546875,98.0752944946289,171.08999633789062,19.151735305786133,22.07840347290039,77.02191162109375,28.850000381469727,29.950000762939453
2022-01-24,413.8538513183594,343.6924133300781,134.23822021484375,97.9884262084961,172.02999877929688,19.10822868347168,22.147371292114254,77.03034973144531,29.899999618530273,30.81999969482422
2022-01-25,408.8011474609375,335.7251892089844,128.92193603515625,97.85812377929688,172.5800018310547,19.282257080078125,22.15599250793457,77.01346588134766,31.15999984741211,31.760000228881836
2022-01-26,407.7755126953125,335.1997985839844,130.7801971435547,97.1631088256836,169.7899932861328,19.32576560974121,22.276687622070312,77.02191162109375,31.959999084472656,31.950000762939453
2022-01-27,405.761962890625,331.82415771484375,125.19567108154295,97.57139587402344,167.60000610351562,19.421480178833008,22.466346740722656,77.03034973144531,30.489999771118164,30.8700008392334
2022-01-28,415.8391723632813,342.233154296875,127.6343231201172,97.79729461669922,167.10000610351562,19.438880920410156,22.457727432250977,77.01346588134766,27.65999984741211,28.81999969482422
2022-01-31,423.3289184570313,353.1773376464844,134.32113647460938,97.79729461669922,168.08999633789062,19.50849342346191,22.30255126953125,77.03034973144531,24.829999923706055,26.850000381469727
2022-02-01,426.1892700195313,355.5801086425781,134.89663696289062,97.66511535644533,168.22999572753906,19.58680534362793,22.24220085144043,77.02191162109375,21.959999084472656,24.760000228881836
2022-02-02,430.3293151855469,358.4693298339844,138.3400115966797,97.8651123046875,168.83999633789062,19.665117263793945,22.15599250793457,77.03034973144531,22.09000015258789,25.139999389648438
2022-02-03,420.2144470214844,343.9356384277344,132.20436096191406,97.44768524169922,168.60000610351562,19.70862579345703,22.043916702270508,77.03034973144531,24.350000381469727,26.670000076293945
2022-02-04,422.19049072265625,348.2743835449219,132.92132568359375,96.69984436035156,168.86000061035156,19.865249633789062,22.026676177978516,77.01346588134766,23.219999313354492,26.25
2022-02-07,420.83544921875,345.4726867675781,133.13104248046875,96.72596740722656,170.11000061035156,19.908756256103516,22.035297393798828,77.01346588134766,22.860000610351562,25.690000534057617
2022-02-08,424.2980651855469,349.3541259765625,135.8574676513672,96.41287231445312,170.6300048828125,19.734729766845703,22.069780349731445,77.02191162109375,21.440000534057617,24.540000915527344
2022-02-09,430.5081481933594,356.75726318359375,140.5884552001953,96.5433349609375,171.2100067138672,19.934860229492188,22.043916702270508,77.01346588134766,19.959999084472656,23.489999771118164
2022-02-10,422.7737426757813,348.6829528808594,136.37933349609375,95.65632629394533,170.55999755859375,19.8304443359375,22.07840347290039,77.01346588134766,23.90999984741211,26.06999969482422
2022-02-11,414.4371948242187,337.6220703125,129.37066650390625,96.64769744873048,173.80999755859375,20.12628936767578,22.17323303222656,77.01346588134766,27.360000610351562,28.829999923706055
2022-02-14,413.0823364257813,338.0404052734375,129.28286743164062,95.97810363769533,174.74000549316406,20.2307071685791,22.23358154296875,77.00505828857422,28.329999923706055,29.440000534057617
2022-02-15,419.7439880371094,346.4454650878906,136.31593322753906,95.69114685058594,173.0800018310547,19.900056838989254,22.147371292114254,77.02191162109375,25.700000762939453,27.280000686645508
2022-02-16,420.2144470214844,346.3580017089844,136.2866668701172,95.89111328125,174.86000061035156,19.926158905029297,22.104265213012695,77.02191162109375,24.290000915527344,26.260000228881836
2022-02-17,411.2380676269531,336.055908203125,130.8240966796875,96.40419006347656,177.25,20.091487884521484,22.112886428833008,77.01346588134766,28.110000610351562,29.31999969482422
2022-02-18,408.5753784179687,332.22308349609375,129.37066650390625,96.71725463867188,177.1199951171875,20.1697998046875,22.17323303222656,77.02191162109375,27.75,29.219999313354492
2022-02-22,404.1905212402344,328.88629150390625,128.48297119140625,96.70854949951172,177.49000549316406,20.456945419311523,22.181854248046875,77.02191162109375,28.809999465942383,29.110000610351562
2022-02-23,397.0207824707031,320.4618225097656,125.79070281982422,96.20419311523438,178.2899932861328,20.648372650146484,22.207719802856445,77.01346588134766,31.020000457763672,30.8799991607666
2022-02-24,402.9956970214844,331.2308654785156,130.1071319580078,96.4302749633789,177.13999938964844,20.73538589477539,22.388757705688477,77.01346588134766,30.31999969482422,30.049999237060547
2022-02-25,411.8872375488281,336.3671875,131.92149353027344,96.40419006347656,176.5500030517578,20.422138214111328,22.276687622070312,77.01346588134766,27.59000015258789,28.040000915527344
2022-02-28,410.8335266113281,337.3691711425781,130.78506469726562,97.4999008178711,178.3800048828125,20.770193099975582,22.311168670654297,77.01346588134766,30.149999618530273,29.649999618530273
2022-03-01,404.576416015625,332.2035827636719,126.65886688232422,98.44947052001952,181.6199951171875,21.605525970458984,22.48359107971191,77.03201293945312,33.31999969482422,32.59000015258789
2022-03-02,412.0190124511719,337.77777099609375,130.80458068847656,96.96983337402344,179.72999572753906,22.31033706665039,22.466346740722656,77.03201293945312,30.739999771118164,30.969999313354492
2022-03-03,409.9678039550781,332.9526672363281,127.98548889160156,97.38764190673828,180.8000030517578,22.553974151611328,22.55255889892578,77.04045867919922,30.479999542236328,30.799999237060547
2022-03-04,406.636962890625,328.1275329589844,124.5421142578125,98.3537368774414,183.67999267578125,23.502426147460938,22.72497940063477,77.04045867919922,31.979999542236328,32.34000015258789
2022-03-07,394.649658203125,316.0257263183594,118.34305572509766,97.93594360351562,186.41000366210935,24.01580810546875,22.888774871826172,77.04045867919922,36.45000076293945,35.7400016784668
2022-03-08,391.6576232910156,314.5568542480469,120.12814331054688,97.3005599975586,191.5099945068359,24.42477226257324,22.845672607421875,77.04045867919922,35.130001068115234,35.0
2022-03-09,402.158203125,325.8803405761719,125.34687042236328,96.69998931884766,185.82000732421875,22.484365463256836,22.621524810791016,77.04045867919922,32.45000076293945,33.060001373291016
2022-03-10,400.34228515625,322.26153564453125,122.63508605957033,96.256103515625,186.3999938964844,22.214624404907227,22.733598709106445,77.04045867919922,30.229999542236328,31.520000457763672
2022-03-11,395.25189208984375,315.578369140625,119.87939453125,96.22998046875,185.08999633789065,22.597484588623047,22.854293823242188,77.03201293945312,30.75,32.34000015258789
2022-03-14,392.3633117675781,309.5177307128906,116.41651916503906,95.01143646240234,182.3000030517578,21.93617820739746,22.845672607421875,77.04045867919922,31.770000457763672,33.31999969482422
2022-03-15,400.9915161132813,319.226318359375,121.29383087158205,94.96794128417967,178.88999938964844,21.396692276000977,22.819807052612305,77.02359771728516,29.829999923706055,31.959999084472656
2022-03-16,409.8831176757813,331.0654296875,127.71722412109376,94.83738708496094,180.00999450683594,21.21396255493164,22.6560115814209,77.04045867919922,26.670000076293945,28.959999084472656
2022-03-17,415.0111999511719,335.0733337402344,128.51712036132812,94.6545639038086,180.88999938964844,22.232023239135746,22.60428237915039,77.04045867919922,25.670000076293945,28.219999313354492
2022-03-18,419.55670166015625,341.931640625,131.2923126220703,94.9331283569336,179.3000030517578,22.336442947387695,22.63014793395996,77.03201293945312,23.8700008392334,26.549999237060547
2022-03-21,419.4340515136719,340.9809875488281,130.9850311279297,93.6971664428711,180.6699981689453,23.171775817871097,22.716358184814453,77.03201293945312,23.530000686645508,26.3799991607666
2022-03-22,424.3419189453125,347.6822204589844,131.88734436035156,93.18363189697266,179.36000061035156,23.119565963745117,22.707735061645508,77.03201293945312,22.940000534057617,25.850000381469727
2022-03-23,418.8771362304687,342.68548583984375,128.5902557373047,93.81031799316406,181.80999755859375,23.693857192993164,22.733598709106445,77.04888916015625,23.56999969482422,26.40999984741211
2022-03-24,425.1915588378906,350.30230712890625,134.84788513183594,93.2880859375,183.1300048828125,23.458919525146484,22.759462356567383,77.04888916015625,21.670000076293945,25.299999237060547
2022-03-25,427.2679748535156,350.01019287109375,134.28697204589844,92.3306655883789,182.3800048828125,23.63294792175293,22.768083572387695,77.03201293945312,20.809999465942383,24.719999313354492
2022-03-28,430.3070373535156,355.4256591796875,135.26243591308594,92.53955841064452,179.05999755859375,22.606184005737305,22.837053298950195,77.03201293945312,19.6299991607666,24.18000030517578
2022-03-29,435.6303405761719,361.5423278808594,138.3205108642578,93.00086212158205,179.13999938964844,22.693199157714844,22.699113845825195,77.03201293945312,18.899999618530273,23.190000534057617
2022-03-30,432.9404602050781,357.5489196777344,134.30648803710938,93.36638641357422,180.5800018310547,23.102161407470703,22.57842063903809,77.04888916015625,19.329999923706055,23.56999969482422
2022-03-31,426.2769470214844,353.11712646484375,131.5849609375,93.54048919677734,180.6499938964844,22.67579460144043,22.67325210571289,77.04888916015625,20.559999465942383,24.459999084472656
2022-04-01,427.4850158691406,352.44512939453125,129.45358276367188,92.9314193725586,179.5,22.823719024658203,22.707735061645508,77.04888916015625,19.6299991607666,24.209999084472656
2022-04-04,431.1471557617187,359.701416015625,131.58982849121094,92.87042999267578,180.3699951171875,23.258785247802734,22.811187744140625,77.04045867919922,18.56999969482422,23.030000686645508
2022-04-05,425.70111083984375,351.714599609375,125.9126434326172,91.76376342773438,179.24000549316406,23.067358016967773,22.931882858276367,77.03201293945312,21.030000686645508,24.899999618530273
2022-04-06,421.4443054199219,344.078369140625,123.30816650390624,91.4413604736328,179.66000366210938,22.88462829589844,22.949125289916992,77.04045867919922,22.100000381469727,25.799999237060547
2022-04-07,423.5680236816406,344.896484375,123.3276596069336,91.21480560302734,180.33999633789065,22.96294212341309,22.992231369018555,77.04045867919922,21.549999237060547,25.229999542236328
2022-04-08,422.4354248046875,340.0751953125,120.39640045166016,90.7529754638672,181.47000122070312,23.250085830688477,22.992231369018555,77.03201293945312,21.15999984741211,25.170000076293945
2022-04-11,415.2150573730469,332.0298767089844,117.68949127197266,90.31730651855467,182.3699951171875,23.058656692504883,23.043954849243164,77.04045867919922,24.3700008392334,27.0
2022-04-12,413.6766052246094,330.6273193359375,117.0554428100586,90.7529754638672,183.77000427246097,23.746065139770508,23.121545791625977,77.04045867919922,24.260000228881836,27.170000076293945
2022-04-13,418.4146728515625,337.3480224609375,119.83550262451172,90.95339965820312,184.6499938964844,24.26814842224121,23.026714324951172,77.04045867919922,21.81999969482422,25.540000915527344
2022-04-14,413.20465087890625,329.6337890625,116.1872787475586,90.1343231201172,184.0399932861328,24.45087623596191,23.130165100097656,77.03201293945312,22.700000762939453,26.030000686645508
2022-04-18,413.37457275390625,329.8870849609375,118.1772232055664,89.87288665771484,184.61000061035156,24.729320526123047,23.224998474121097,77.04045867919922,22.170000076293945,25.75
2022-04-19,420.0475463867187,337.26031494140625,120.69392395019533,89.28041076660156,181.82000732421875,24.0941219329834,23.276723861694336,77.03201293945312,21.3700008392334,25.059999465942383
2022-04-20,419.7360229492187,332.3415832519531,120.47443389892578,89.97748565673828,182.7100067138672,24.12022399902344,23.112924575805664,77.04888916015625,20.31999969482422,24.149999618530273
2022-04-21,413.4595031738281,325.465087890625,117.17250061035156,89.48079681396484,182.05999755859375,24.085418701171875,23.1818904876709,77.04888916015625,22.68000030517578,26.110000610351562
2022-04-22,402.1145324707031,316.94244384765625,114.48509216308594,89.52437591552734,180.2899932861328,23.624242782592773,23.319828033447266,77.04045867919922,28.209999084472656,29.8700008392334
2022-04-25,404.4458312988281,321.0138244628906,116.4652862548828,90.09947967529295,177.0500030517578,23.450220108032227,23.431901931762695,77.04888916015625,27.020000457763672,29.06999969482422
2022-04-26,392.732666015625,308.8971862792969,111.50018310546876,90.70072174072266,177.32000732421875,23.77216911315918,23.57845687866211,77.04045867919922,33.52000045776367,33.13999938964844
2022-04-27,393.8370361328125,308.527099609375,110.96368408203124,90.19532775878906,175.97999572753906,23.937498092651367,23.725013732910156,77.04045867919922,31.600000381469727,32.20000076293945
2022-04-28,403.7850646972656,319.4847106933594,117.29930114746094,90.06460571289062,176.92999267578125,24.13762664794922,23.862953186035156,77.05731964111328,29.989999771118164,31.149999618530273
2022-04-29,388.863037109375,305.1082763671875,112.10498046875,89.58536529541016,176.91000366210938,23.95490074157715,23.76811981201172,77.04045867919922,33.400001525878906,33.18000030517578
2022-05-02,391.2037048339844,310.2024230957031,115.36788177490234,88.9179458618164,173.6300048828125,24.320358276367188,23.888813018798828,77.04888916015625,32.34000015258789,33.0099983215332
2022-05-03,392.9969177246094,310.53350830078125,116.31409454345705,89.02265167236328,174.08999633789062,23.981000900268555,23.8457088470459,77.04045867919922,29.25,30.809999465942383
2022-05-04,404.96484375,321.0333251953125,120.30372619628906,89.59844970703125,175.8000030517578,24.729320526123047,23.64742660522461,77.05731964111328,25.420000076293945,28.09000015258789
2022-05-05,390.57122802734375,304.8647766113281,114.65579986572266,88.69983673095703,175.1300048828125,24.598800659179688,23.8457088470459,77.05731964111328,31.200000762939453,32.68000030517578
2022-05-06,388.2400512695313,301.2121887207031,113.48037719726562,88.19384002685547,175.4199981689453,24.62490463256836,23.888813018798828,77.05731964111328,30.190000534057617,32.310001373291016
2022-05-09,375.80963134765625,289.4267883300781,107.73490142822266,88.84811401367188,172.8800048828125,23.51112937927246,23.897436141967773,77.04888916015625,34.75,35.04999923706055
2022-05-10,376.677978515625,292.94293212890625,110.51984405517578,89.14476776123047,171.4199981689453,23.371906280517575,23.949161529541016,77.04888916015625,32.9900016784668,33.970001220703125
2022-05-11,370.6940612792969,284.2547607421875,107.13011169433594,89.69440460205078,172.82000732421875,23.946197509765625,23.97502326965332,77.04888916015625,32.560001373291016,33.630001068115234
2022-05-12,370.3070068359375,283.58270263671875,107.6373519897461,89.99102783203125,170.1699981689453,24.059314727783203,24.181928634643555,77.05731964111328,31.770000457763672,33.08000183105469
2022-05-13,379.1603088378906,294.0921936035156,113.28040313720705,89.51993560791016,168.7899932861328,24.38996696472168,24.112960815429688,77.06574249267578,28.8700008392334,30.700000762939453
2022-05-16,377.6217956542969,290.6832580566406,111.451416015625,89.89505767822266,170.39999389648438,24.79022979736328,24.018129348754883,77.05731964111328,27.469999313354492,29.510000228881836
2022-05-17,385.3896789550781,298.2122497558594,116.78231048583984,89.21456146240234,169.3300018310547,24.520488739013672,23.81984519958496,77.05731964111328,26.100000381469727,28.3700008392334
2022-05-18,369.8539733886719,283.57293701171875,111.20267486572266,89.8514633178711,169.4199981689453,23.989702224731445,23.940542221069336,77.05731964111328,30.959999084472656,32.79999923706055
2022-05-19,367.58880615234375,282.05352783203125,111.23193359375,90.17425537109376,171.91000366210938,24.294252395629883,23.69053077697754,77.07418060302734,29.350000381469727,30.790000915527344
2022-05-20,367.7492370605469,281.1768798828125,111.28558349609376,90.59300994873048,172.02999877929688,24.329057693481445,23.742259979248047,77.07418060302734,29.43000030517578,31.139999389648438
2022-05-23,374.62982177734375,285.8521423339844,112.1781234741211,90.04336547851562,172.8300018310547,24.51178741455078,23.526731491088867,77.07418060302734,28.479999542236328,30.290000915527344
2022-05-24,371.77008056640625,279.7742919921875,109.21759796142578,90.81983184814452,174.1300048828125,24.494382858276367,23.457763671875,77.06574249267578,29.450000762939453,30.739999771118164
2022-05-25,375.0545959472656,283.6898193359375,111.4904327392578,91.00303649902344,173.0800018310547,24.668413162231445,23.543973922729492,77.07418060302734,28.3700008392334,29.729999542236328
2022-05-26,382.5486450195313,291.5500183105469,115.21669006347656,90.95944213867188,172.75999450683594,24.938154220581055,23.466384887695312,77.09101867675781,27.5,29.280000686645508
2022-05-27,391.9399108886719,301.06622314453125,119.78673553466795,91.09030151367188,172.85000610351562,25.23400115966797,23.41465759277344,77.07418060302734,25.719999313354492,28.020000457763672
2022-05-31,389.74072265625,300.26751708984375,119.28925323486328,90.13935089111328,171.13999938964844,25.059972763061523,23.457763671875,77.06574249267578,26.190000534057617,27.989999771118164
2022-06-01,386.5882568359375,298.04669189453125,117.3285675048828,89.63184356689453,172.22999572753906,25.181793212890625,23.638803482055664,77.06659698486328,25.690000534057617,27.719999313354492
2022-06-02,393.9502868652344,306.2088928222656,121.47428131103516,89.76287078857422,174.35000610351562,25.756086349487305,23.431901931762695,77.08346557617188,24.719999313354492,27.059999465942383
2022-06-03,387.48492431640625,298.2415466308594,117.89434051513672,89.588134765625,172.5800018310547,25.99972152709961,23.535350799560547,77.06659698486328,24.790000915527344,27.329999923706055
2022-06-06,388.6648254394531,299.2350158691406,117.99188995361328,88.91558074951172,171.82000732421875,26.112838745117188,23.587081909179688,77.07502746582031,25.06999969482422,27.219999313354492
2022-06-07,392.3929138183594,301.8161315917969,118.9332046508789,89.27369689941406,172.94000244140625,26.286865234375,23.561216354370117,77.06659698486328,24.020000457763672,26.520000457763672
2022-06-08,388.1267700195313,299.6440734863281,116.45553588867188,88.94174194335938,172.77999877929688,26.521806716918945,23.630184173583984,77.07502746582031,23.959999084472656,26.540000915527344
2022-06-09,378.8959655761719,291.61822509765625,113.3584442138672,88.8631591796875,172.22999572753906,26.5653133392334,23.80260467529297,77.08346557617188,26.09000015258789,28.010000228881836
2022-06-10,367.9096374511719,281.3327331542969,109.16395568847656,87.9896469116211,174.5399932861328,26.304269790649418,23.992265701293945,77.06659698486328,27.75,29.719999313354492
2022-06-13,353.9407958984375,268.2518005371094,103.0965805053711,86.426025390625,169.92999267578125,26.0084228515625,24.225034713745117,77.07502746582031,34.02000045776367,34.2400016784668
2022-06-14,352.8742980957031,268.73876953125,103.8525619506836,85.7359390258789,168.57000732421875,25.72127914428711,24.27676010131836,77.06659698486328,32.689998626708984,33.279998779296875
2022-06-15,357.9049377441406,275.44970703125,105.75471496582033,86.93267059326172,170.77000427246094,25.73868179321289,24.08709716796875,77.07502746582031,29.6200008392334,30.780000686645508
2022-06-16,346.0596618652344,264.3363342285156,99.48737335205078,87.5004653930664,172.69000244140625,25.85179901123047,23.85433006286621,77.09187316894531,32.95000076293945,33.4900016784668
2022-06-17,346.80572509765625,267.55047607421875,100.3018798828125,87.52664184570312,171.27000427246094,24.929452896118164,24.095720291137695,77.08346557617188,31.1299991607666,32.36000061035156
2022-06-21,355.5361022949219,274.30072021484375,103.14534759521484,87.07242584228516,170.6300048828125,24.868541717529297,24.00950813293457,77.10031127929688,30.190000534057617,31.25
2022-06-22,354.8915100097656,273.9006652832031,101.6919174194336,88.17304229736328,171.30999755859375,24.42477226257324,23.97502326965332,77.10872650146484,28.950000762939453,30.239999771118164
2022-06-23,358.3703308105469,277.9797668457031,101.16516876220705,88.67095184326172,170.25999450683594,23.8765869140625,24.000886917114254,77.10872650146484,29.049999237060547,30.190000534057617
2022-06-24,369.7643127441406,287.50433349609375,105.4279327392578,88.35649871826172,170.08999633789062,24.102821350097656,23.949161529541016,77.09187316894531,27.229999542236328,28.950000762939453
2022-06-27,368.35198974609375,285.3963623046875,105.07676696777344,87.85859680175781,169.89999389648438,24.050613403320312,23.906055450439453,77.09187316894531,26.950000762939453,28.18000030517578
2022-06-28,360.8254089355469,276.70135498046875,102.42837524414062,87.97210693359375,169.6199951171875,24.33776092529297,24.043991088867188,77.10872650146484,28.360000610351562,29.149999618530273
2022-06-29,360.5316467285156,276.95501708984375,100.623779296875,88.67970275878906,169.49000549316406,23.920093536376953,24.181928634643555,77.11714935302734,28.15999984741211,29.0
2022-06-30,357.6025695800781,273.5198974609375,99.36544036865234,89.36104583740234,168.4600067138672,23.18047523498535,24.104337692260746,77.12557220458984,28.709999084472656,29.709999084472656
2022-07-01,361.38470458984375,275.32537841796875,95.59040069580078,90.31900024414062,168.32000732421875,23.29359436035156,24.181928634643555,77.11967468261719,26.700000762939453,28.520000457763672
2022-07-05,362.0672302246094,280.0388488769531,96.0927734375,90.65145111083984,164.75,21.727344512939453,24.526769638061523,77.11967468261719,27.540000915527344,28.899999618530273
2022-07-06,363.2900695800781,281.8345031738281,96.74632263183594,89.8815689086914,162.13999938964844,21.405393600463867,24.638839721679688,77.11967468261719,26.729999542236328,28.389999389648438
2022-07-07,368.7311401367187,287.8653869628906,101.21394348144533,89.33041381835938,162.22999572753906,22.29293632507324,24.647462844848633,77.11967468261719,26.079999923706055,28.030000686645508
2022-07-08,368.4277648925781,288.2264709472656,101.76020050048828,88.78804016113281,162.3000030517578,22.68449592590332,24.63022232055664,77.11125946044922,24.639999389648438,27.299999237060547
2022-07-11,364.2190246582031,282.0687255859375,99.32154083251952,89.48786163330078,161.42999267578125,22.6409912109375,24.91471290588379,77.11967468261719,26.170000076293945,28.25
2022-07-12,360.9960632324219,279.3361511230469,99.28252410888672,89.69784545898438,160.8300018310547,21.614227294921875,24.90609359741211,77.11125946044922,27.290000915527344,28.81999969482422
2022-07-13,359.1002502441406,278.7604675292969,100.0677719116211,90.08279418945312,161.60000610351562,21.736045837402344,24.85436630249023,77.11125946044922,26.81999969482422,28.559999465942383
2022-07-14,358.2281494140625,279.755859375,102.1796417236328,89.5841293334961,159.3300018310547,21.53591537475586,25.02678871154785,77.11967468261719,26.399999618530273,28.610000610351562
2022-07-15,365.0721435546875,284.8305358886719,104.7597427368164,89.89030456542969,159.00999450683594,21.814359664916992,24.880229949951172,77.11125946044922,24.229999542236328,27.079999923706055
2022-07-18,362.0578002929687,282.41998291015625,103.9842529296875,89.62787628173828,159.16000366210938,22.223323822021484,24.74229431152344,77.11125946044922,25.299999237060547,27.81999969482422
2022-07-19,371.8403015136719,291.1053466796875,108.73474884033205,89.21669006347656,159.5399932861328,22.31033706665039,24.58711624145508,77.11125946044922,24.5,27.309999465942383
2022-07-20,374.2101135253906,295.7212829589844,111.29534149169922,89.12918090820312,158.0399932861328,22.29293632507324,24.656084060668945,77.11125946044922,23.8799991607666,26.700000762939453
2022-07-21,378.0207214355469,299.96636962890625,113.1633529663086,90.14402770996094,160.27000427246094,21.91877555847168,24.58711624145508,77.13654327392578,23.110000610351562,26.219999313354492
2022-07-22,374.5133666992187,294.70623779296875,110.6027603149414,91.17635345458984,160.6699981689453,21.657733917236328,24.552631378173828,77.14498901367188,23.030000686645508,25.969999313354492
2022-07-25,374.9684448242187,293.02783203125,109.91992950439452,90.85264587402344,160.22999572753906,22.049297332763672,24.51814842224121,77.13654327392578,23.360000610351562,25.799999237060547
2022-07-26,370.5322570800781,287.27020263671875,108.26165771484376,90.8876495361328,160.0399932861328,22.092802047729492,24.70781135559082,77.13654327392578,24.690000534057617,26.420000076293945
2022-07-27,380.1535034179687,299.4100646972656,113.32917785644533,91.07134246826172,161.6699981689453,22.597484588623047,24.500905990600582,77.13654327392578,23.239999771118164,25.309999465942383
2022-07-28,384.9216003417969,302.3377380371094,114.7143325805664,91.97247314453124,163.63999938964844,22.61488342285156,24.483661651611328,77.14498901367188,22.329999923706055,24.329999923706055
2022-07-29,390.5332946777344,307.8514709472656,115.67029571533205,92.00745391845705,164.10000610351562,22.71930503845215,24.388832092285156,77.15339660644531,21.329999923706055,23.790000915527344
2022-08-01,389.3767395019531,307.66595458984375,115.9043960571289,92.54553985595705,165.02999877929688,22.258129119873047,24.294002532958984,77.1593246459961,22.84000015258789,24.860000610351562
2022-08-02,386.8079528808594,306.74871826171875,115.6654052734375,91.26605224609376,164.0500030517578,22.14501190185547,24.44917869567871,77.16776275634766,23.93000030517578,25.65999984741211
2022-08-03,392.86517333984375,315.1022644042969,118.43084716796876,91.64289855957033,164.4499969482422,21.95358085632324,24.51814842224121,77.1593246459961,21.950000762939453,24.3700008392334
2022-08-04,392.5997314453125,316.5758361816406,119.63552856445312,92.10735321044922,167.1699981689453,21.71864318847656,24.36297035217285,77.17621612548828,21.440000534057617,24.31999969482422
2022-08-05,391.9362487792969,313.98980712890625,118.82102966308594,90.77528381347656,165.2899932861328,21.64033317565918,24.569873809814453,77.19312286376953,21.149999618530273,24.18000030517578
2022-08-08,391.481201171875,312.9748840332031,116.7676773071289,91.30984497070312,166.69000244140625,21.9013729095459,24.535390853881836,77.20154571533203,21.290000915527344,24.479999542236328
2022-08-09,389.9266052246094,309.432373046875,111.880615234375,91.03817749023438,167.1999969482422,22.08410263061523,24.5095272064209,77.19312286376953,21.770000457763672,24.690000534057617
2022-08-10,398.1165771484375,318.0689392089844,116.41162872314452,91.0907745361328,166.77999877929688,22.38865089416504,24.242277145385746,77.20154571533203,19.739999771118164,23.459999084472656
2022-08-11,398.1165771484375,316.2635498046875,116.3872528076172,90.486083984375,166.33999633789062,22.823719024658203,24.259517669677734,77.20154571533203,20.200000762939453,23.709999084472656
2022-08-12,404.8562927246094,322.4213562011719,119.67454528808594,90.84537506103516,167.8699951171875,22.701900482177734,24.35434913635254,77.21842956542969,19.530000686645508,23.309999465942383
2022-08-15,406.524658203125,325.02691650390625,120.21593475341795,91.1345672607422,165.7100067138672,22.4234561920166,24.569873809814453,77.20999145507812,19.950000762939453,23.31999969482422
2022-08-16,407.3209533691406,324.2658996582031,118.86004638671876,91.0293960571289,165.4199981689453,22.171113967895508,24.56125259399414,77.21842956542969,19.690000534057617,23.31999969482422
2022-08-17,404.42974853515625,320.56719970703125,116.30921936035156,90.41593933105467,164.35000610351562,22.258129119873047,24.59573745727539,77.21842956542969,19.899999618530273,23.600000381469727
2022-08-18,405.6051940917969,321.3381652832031,117.93335723876952,90.5912094116211,163.9199981689453,22.597484588623047,24.785400390625,77.25221252441406,19.559999465942383,23.389999389648438
2022-08-19,400.15472412109375,315.0729675292969,114.6119155883789,89.8112564086914,162.72000122070312,22.58877944946289,24.94057846069336,77.25221252441406,20.600000381469727,24.31999969482422
2022-08-22,391.8224182128906,306.77801513671875,110.61739349365234,89.4168701171875,161.63999938964844,22.788915634155273,25.14748191833496,77.26063537597656,23.799999237060547,26.0
2022-08-23,390.8745422363281,306.5242614746094,111.33436584472656,89.19779968261719,162.77000427246094,23.16307258605957,25.04402732849121,77.2437744140625,24.110000610351562,25.920000076293945
2022-08-24,392.1258239746094,307.412353515625,111.26119232177734,88.8998031616211,163.25,23.40671157836914,25.06127166748047,77.26910400390625,22.81999969482422,24.889999389648438
2022-08-25,397.6615905761719,312.84796142578125,114.9972152709961,89.46942901611328,163.75,23.076059341430664,25.018165588378903,77.27752685546875,21.780000686645508,24.1299991607666
2022-08-26,384.2011413574219,300.0248718261719,108.60305786132812,89.36430358886719,161.75999450683594,23.171775817871097,25.11299705505371,77.27752685546875,25.559999465942383,26.559999465942383
2022-08-29,381.6607666015625,297.0679626464844,106.58873748779295,88.8559799194336,161.86000061035156,23.51112937927246,25.12161636352539,77.27752685546875,26.209999084472656,26.81999969482422
2022-08-30,377.4709167480469,293.759765625,105.36940002441406,88.8296890258789,160.50999450683594,22.858522415161133,25.11299705505371,77.28595733642578,26.209999084472656,26.90999984741211
2022-08-31,374.5987243652344,292.05194091796875,104.6524429321289,88.46163177490234,159.27000427246094,22.379947662353516,25.09575843811035,77.30289459228516,25.8700008392334,26.649999618530273
2022-09-01,375.7742004394531,292.1788024902344,102.36498260498048,87.7583999633789,157.8699951171875,21.9013729095459,25.319900512695312,77.31893920898438,25.559999465942383,26.43000030517578
2022-09-02,371.8118896484375,288.0508728027344,101.36026763916016,88.25003051757812,159.25999450683594,22.049297332763672,25.328521728515625,77.32742309570312,25.469999313354492,26.479999542236328
2022-09-06,370.4089660644531,285.98193359375,100.2287139892578,87.26673126220703,158.3300018310547,21.91877555847168,25.475078582763672,77.32742309570312,26.90999984741211,27.59000015258789
2022-09-07,377.0633239746094,291.7591857910156,101.82848358154295,87.8374252319336,159.94000244140625,21.396692276000977,25.294038772583008,77.33588409423828,24.639999389648438,26.100000381469727
2022-09-08,379.5279846191406,293.2718200683594,103.20875549316406,87.51258850097656,158.97999572753906,21.483705520629883,25.34576416015625,77.3527603149414,23.610000610351562,25.520000457763672
2022-09-09,385.4240112304687,299.6833190917969,105.76934814453124,87.52136993408203,159.82000732421875,22.092802047729492,25.164724349975582,77.3527603149414,22.790000915527344,25.139999389648438
2022-09-12,389.56640625,303.2452697753906,106.03272247314452,87.31065368652344,160.6300048828125,22.39735221862793,25.03540802001953,77.34430694580078,23.8700008392334,25.3700008392334
2022-09-13,372.6270446777344,286.6163024902344,99.7214813232422,86.8189926147461,158.5399932861328,22.28423309326172,25.3802490234375,77.3612289428711,27.270000457763672,27.950000762939453
2022-09-14,374.0489807128906,288.8901062011719,100.80423736572266,86.8628921508789,157.92999267578125,22.379947662353516,25.328521728515625,77.3612289428711,26.15999984741211,27.459999084472656
2022-09-15,369.80230712890625,284.0789794921875,99.0093994140625,86.56440734863281,154.97999572753906,21.727344512939453,25.34576416015625,77.3865966796875,26.270000457763672,27.600000381469727
2022-09-16,366.9810791015625,282.3419189453125,99.45323181152344,86.6346206665039,155.83999633789062,21.64903259277344,25.34576416015625,77.3865966796875,26.299999237060547,27.6299991607666
2022-09-19,369.8269958496094,284.5406188964844,100.1067886352539,86.38885498046875,155.9600067138672,21.71864318847656,25.328521728515625,77.3865966796875,25.760000228881836,27.010000228881836
2022-09-20,365.5819396972656,282.27252197265625,98.72164154052734,85.85328674316406,155.07000732421875,21.69253921508789,25.44921875,77.37813568115234,27.15999984741211,27.8799991607666
2022-09-21,359.2048034667969,277.2181091308594,97.89736938476562,86.19568634033203,155.7899932861328,21.56201934814453,25.6992244720459,77.39505004882812,27.989999771118164,28.760000228881836
2022-09-22,356.1875915527344,273.8061828613281,95.18558502197266,84.89633178710938,155.6999969482422,21.6229305267334,25.73371124267578,77.42888641357422,27.350000381469727,28.219999313354492
2022-09-23,350.2196960449219,269.34820556640625,93.82481384277344,85.00166320800781,153.00999450683594,20.892011642456055,26.13889503479004,77.42888641357422,29.920000076293945,30.31999969482422
2022-09-26,346.7550354003906,268.2337341308594,92.7322998046875,83.58819580078125,151.22999572753906,20.404735565185547,26.4320125579834,77.41195678710938,32.2599983215332,31.770000457763672
2022-09-27,345.869873046875,268.3412780761719,93.43463134765624,83.01757049560547,151.5399932861328,20.622270584106445,26.44063377380371,77.43730926513672,32.599998474121094,32.119998931884766
2022-09-28,352.6753234863281,273.67901611328125,94.62468719482422,84.88756561279297,154.69000244140625,21.19655990600586,26.095792770385746,77.44579315185547,30.18000030517578,30.579999923706055
2022-09-29,345.308349609375,265.78961181640625,91.64466094970705,84.49249267578125,154.66000366210938,21.0660400390625,25.992340087890625,77.46269989013672,31.84000015258789,31.739999771118164
2022-09-30,339.9686279296875,261.2826843261719,90.28876495361328,84.27299499511719,154.6699981689453,20.80500030517578,25.992340087890625,77.46269989013672,31.6200008392334,31.860000610351562
2022-10-03,348.9442443847656,267.4125061035156,93.52729034423828,85.27315521240234,158.42999267578125,21.274873733520508,25.871644973754883,77.44152069091797,30.100000381469727,30.690000534057617
2022-10-04,359.7568359375,275.82012939453125,97.52669525146484,85.44908905029297,160.6999969482422,21.84916305541992,25.5181827545166,77.46696472167969,29.06999969482422,29.670000076293945
2022-10-05,358.91925048828125,275.67352294921875,98.49240112304688,84.63982391357422,159.80999755859375,22.240726470947266,25.75957298278809,77.46696472167969,28.549999237060547,29.43000030517578
2022-10-06,355.2166442871094,273.5031433105469,97.81932830810548,84.17357635498047,159.6300048828125,22.379947662353516,26.01820373535156,77.48387145996094,30.520000457763672,30.790000915527344
2022-10-07,345.308349609375,263.08154296875,91.98607635498048,83.7601547241211,157.8800048828125,22.61488342285156,26.12165641784668,77.48387145996094,31.360000610351562,32.099998474121094
2022-10-10,342.67181396484375,260.45172119140625,88.91336822509766,83.26757049560547,155.47999572753906,22.362546920776367,26.233728408813477,77.49235534667969,32.45000076293945,32.72999954223633
2022-10-11,340.50164794921875,256.8735656738281,86.1089096069336,83.47865295410156,155.16000366210938,22.04059410095215,26.2509708404541,77.49235534667969,33.630001068115234,33.36000061035156
2022-10-12,339.37841796875,256.7856140136719,85.59191131591797,83.75135803222656,155.99000549316406,22.04059410095215,26.2509708404541,77.49235534667969,33.56999969482422,33.130001068115234
2022-10-13,348.3350830078125,262.807861328125,88.21102905273438,83.39949798583984,154.91000366210938,22.345142364501953,26.078550338745117,77.51775360107422,31.940000534057617,31.799999237060547
2022-10-14,340.39697265625,254.90858459472656,84.45061492919922,82.93327331542969,152.97999572753906,21.9013729095459,26.25959014892578,77.51775360107422,32.02000045776367,32.45000076293945
2022-10-17,349.1441345214844,263.3259582519531,86.45032501220703,83.02125549316406,153.4199981689453,21.84916305541992,25.992340087890625,77.51775360107422,31.3700008392334,31.739999771118164
2022-10-18,353.2463684082031,265.4083251953125,86.4698257446289,83.23238372802734,153.75,21.614227294921875,25.97509765625,77.51775360107422,30.5,30.979999542236328
2022-10-19,350.7431640625,264.4404602050781,87.16728973388672,82.36153411865234,151.69000244140625,21.605525970458984,26.16476058959961,77.51775360107422,30.760000228881836,31.350000381469727
2022-10-20,347.8020935058594,263.0912780761719,87.85986328125,81.74577331542969,151.4499969482422,21.6229305267334,26.18200302124023,77.5516586303711,29.979999542236328,30.809999465942383
2022-10-21,356.254150390625,269.26031494140625,90.888671875,81.93048858642578,154.14999389648438,21.64903259277344,25.95785903930664,77.56013488769531,29.690000534057617,30.469999313354492
2022-10-24,360.6134643554687,272.22247314453125,91.17642974853516,81.82493591308594,153.64999389648438,21.709941864013672,25.98371696472168,77.5516586303711,29.850000381469727,30.329999923706055
2022-10-25,366.3719177246094,277.85357666015625,92.62010955810548,82.84532928466797,154.0,21.831762313842773,25.6992244720459,77.5516586303711,28.459999084472656,29.290000915527344
2022-10-26,363.6116943359375,271.71405029296875,91.71292877197266,83.26757049560547,154.97999572753906,22.240726470947266,25.431974411010746,77.5685806274414,27.280000686645508,28.459999084472656
2022-10-27,361.6699523925781,266.7672424316406,90.5667724609375,83.8569107055664,154.74000549316406,22.27553367614746,25.63025665283203,77.59397888183594,27.389999389648438,28.280000686645508
2022-10-28,370.2742919921875,274.93060302734375,94.0247802734375,83.42588806152344,153.16000366210938,22.014490127563477,25.67336082458496,77.58551788330078,25.75,26.899999618530273
2022-10-31,367.5997314453125,271.7336120605469,92.28845977783205,83.04767608642578,151.91000366210938,21.857866287231445,25.88888931274414,77.58551788330078,25.8799991607666,26.920000076293945
2022-11-01,365.9912109375,268.95709228515625,92.92738342285156,83.03266906738281,153.4600067138672,22.18851661682129,25.880268096923828,77.5923080444336,25.809999465942383,26.690000534057617
2022-11-02,356.8062438964844,259.738037109375,90.2643814086914,82.89163208007812,152.38999938964844,22.38865089416504,25.992340087890625,77.6177978515625,25.860000610351562,27.219999313354492
2022-11-03,353.1322326660156,254.66407775878903,89.20600128173828,82.53015899658203,151.80999755859375,22.371246337890625,26.207866668701172,77.64325714111328,25.299999237060547,26.700000762939453
2022-11-04,358.2149353027344,258.7603454589844,93.3517074584961,82.3538818359375,156.47000122070312,23.128267288208008,25.716466903686523,77.66024780273438,24.549999237060547,26.389999389648438
2022-11-07,361.6414184570313,261.6053771972656,95.19532775878906,82.06295776367188,155.85000610351562,22.928136825561523,25.569910049438477,77.65174102783203,24.350000381469727,26.260000228881836
2022-11-08,363.5926513671875,263.51177978515625,97.24868774414062,82.60951232910156,159.4499969482422,22.64969062805176,25.457839965820312,77.66024780273438,25.540000915527344,27.100000381469727
2022-11-09,356.10186767578125,257.43084716796875,94.60518646240234,82.89163208007812,158.64999389648438,22.127607345581055,25.64750289916992,77.70267486572266,26.09000015258789,27.90999984741211
2022-11-10,375.6711120605469,276.42626953125,104.27201080322266,84.75167846679688,163.47999572753906,22.327739715576172,25.06127166748047,77.7111587524414,23.530000686645508,26.18000030517578
2022-11-11,379.30706787109375,281.5196838378906,107.69100189208984,84.57535552978516,164.55999755859375,22.75410842895508,24.699188232421875,77.70267486572266,22.520000457763672,25.739999771118164
2022-11-14,376.0803527832031,279.05609130859375,106.6716537475586,84.37263488769531,164.9199981689453,22.41475486755371,24.811264038085938,77.70267486572266,23.729999542236328,26.1299991607666
2022-11-15,379.28802490234375,282.9178161621094,110.03211975097656,84.99850463867188,165.5,22.67579460144043,24.725051879882812,77.71966552734375,24.540000915527344,26.59000015258789
2022-11-16,376.39453125,279.05609130859375,106.07173919677734,85.62439727783203,165.1199951171875,22.4234561920166,24.67332649230957,77.72815704345703,24.110000610351562,26.030000686645508
2022-11-17,375.2427673339844,278.440185546875,106.87162017822266,85.04257202148438,163.9199981689453,22.049297332763672,24.768156051635746,77.75365447998047,23.93000030517578,25.829999923706055
2022-11-18,376.9465637207031,278.4499816894531,107.06671142578124,84.74285888671875,162.7899932861328,21.892671585083008,24.83712387084961,77.75365447998047,23.1200008392334,25.329999923706055
2022-11-21,375.575927734375,275.58551025390625,105.19381713867188,84.68997955322266,161.8800048828125,21.814359664916992,25.052650451660156,77.76212310791016,22.360000610351562,24.719999313354492
2022-11-22,380.630126953125,279.5546875,108.25189971923828,85.17481994628906,162.07000732421875,22.04059410095215,24.89747428894043,77.77909088134766,21.290000915527344,23.829999923706055
2022-11-23,383.0286254882813,282.3605651855469,109.1932144165039,85.6332015991211,163.0800018310547,21.736045837402344,24.638839721679688,77.79609680175781,20.350000381469727,23.3799991607666
2022-11-25,382.9429626464844,280.5030822753906,107.91049194335938,85.60677337646484,163.22000122070312,21.54461669921875,24.638839721679688,77.79609680175781,20.5,23.59000015258789
2022-11-28,376.8324279785156,276.3871154785156,105.3645248413086,85.6419906616211,161.92999267578125,21.41409683227539,24.819883346557617,77.80458068847656,22.209999084472656,24.899999618530273
2022-11-29,376.1851806640625,274.2950134277344,105.07676696777344,85.28059387207031,162.72999572753906,21.69253921508789,24.86298942565918,77.83003997802734,21.889999389648438,24.649999618530273
2022-11-30,388.03509521484375,286.7989807128906,111.07098388671876,86.04753112792969,164.80999755859375,22.17981719970703,24.664705276489254,77.83003997802734,20.579999923706055,23.530000686645508
2022-12-01,387.7496032714844,287.1509094238281,110.71493530273438,86.98738098144531,167.83999633789062,22.066699981689453,24.36297035217285,77.84708404541016,19.84000015258789,23.309999465942383
2022-12-02,387.3022766113281,286.0071105957031,109.1932144165039,87.16404724121094,167.25999450683594,21.831762313842773,24.337108612060547,77.85560607910156,19.059999465942383,22.959999084472656
2022-12-05,380.3350524902344,281.2069091796875,107.89097595214844,86.28073120117188,164.38999938964844,21.26617431640625,24.535390853881836,77.8641128540039,20.75,23.889999389648438
2022-12-06,374.8525695800781,275.38018798828125,105.52547454833984,86.81071472167969,164.83999633789062,20.92681884765625,24.552631378173828,77.88965606689453,22.170000076293945,24.719999313354492
2022-12-07,374.2148132324219,274.2558288574219,105.50109100341795,87.57035827636719,166.3300018310547,20.82240295410156,24.47504234313965,77.88965606689453,22.68000030517578,25.18000030517578
2022-12-08,377.14642333984375,277.50164794921875,108.18849182128906,87.07571411132812,166.47000122070312,20.787595748901367,24.39745330810547,77.94075012207031,22.290000915527344,24.729999542236328
2022-12-09,374.3291015625,275.732177734375,107.32032012939452,86.4308853149414,167.05999755859375,20.81369972229004,24.44917869567871,77.93221282958984,22.829999923706055,25.209999084472656
2022-12-12,379.7259216308594,279.1929626464844,109.23223876953124,86.30723571777344,165.67999267578125,21.039934158325195,24.466421127319336,77.94075012207031,25.0,25.670000076293945
2022-12-13,382.600341796875,282.1943664550781,111.05147552490234,87.08451843261719,168.50999450683594,21.38799095153809,24.250896453857425,77.94075012207031,22.549999237060547,24.290000915527344
2022-12-14,380.1541748046875,280.1021728515625,109.13957214355467,87.32303619384766,168.10000610351562,21.55331802368164,24.138824462890625,77.96627807617188,21.139999389648438,23.459999084472656
2022-12-15,370.85498046875,270.69732666015625,104.98410034179688,87.49297332763672,165.35000610351562,21.29227638244629,24.36297035217285,77.98330688476562,22.829999923706055,25.079999923706055
2022-12-16,366.4765625,268.1164245605469,104.16958618164062,87.27167510986328,166.7899932861328,21.022533416748047,24.40607452392578,77.98330688476562,22.6200008392334,25.149999618530273
2022-12-19,363.36907958984375,264.348388671875,102.9368896484375,86.56365966796875,166.32000732421875,20.983139038085938,24.41216087341309,77.99270629882812,22.420000076293945,25.079999923706055
2022-12-20,363.86627197265625,264.1426086425781,102.43374633789062,85.93535614013672,169.0800018310547,21.07943344116211,24.246919631958008,78.001220703125,21.479999542236328,24.399999618530273
2022-12-21,369.3069152832031,267.97430419921875,104.72254943847656,86.0415267944336,168.8000030517578,21.350805282592773,24.30780029296875,78.00977325439453,20.06999969482422,23.350000381469727
2022-12-22,364.0383605957031,261.418212890625,100.38172149658205,86.01496887207031,166.75999450683594,21.07943344116211,24.342586517333984,78.0610122680664,21.969999313354492,24.780000686645508
2022-12-23,366.13238525390625,262.0062561035156,100.37185668945312,85.62556457519531,167.25999450683594,21.4646053314209,24.333890914916992,78.0610122680664,20.8700008392334,24.1299991607666
2022-12-27,364.6885986328125,258.3019104003906,98.57632446289062,84.9087142944336,168.6699981689453,21.65719223022461,24.325193405151367,78.0610122680664,21.649999618530273,24.43000030517578
2022-12-28,360.1562194824219,254.89161682128903,97.32340240478516,84.70512390136719,167.91000366210938,21.41208267211914,24.41216087341309,78.08665466308594,22.139999389648438,24.579999923706055
2022-12-29,366.63916015625,261.1046142578125,100.50010681152344,85.12110137939453,168.85000610351562,21.385820388793945,24.26431655883789,78.12080383300781,21.440000534057617,23.950000762939453
2022-12-30,365.6733703613281,260.9478759765625,100.1054916381836,84.76707458496094,169.63999938964844,21.578407287597656,24.18604278564453,78.11226654052734,21.670000076293945,24.290000915527344
2023-01-03,364.1339721679687,259.1839294433594,99.33597564697266,85.43085479736328,171.05999755859375,21.061925888061523,24.446949005126953,78.12080383300781,22.899999618530273,24.579999923706055
2023-01-04,366.9451904296875,260.41864013671875,101.8615493774414,86.08576202392578,172.6699981689453,20.685508728027344,24.35998153686523,78.11226654052734,22.010000228881836,23.809999465942383
2023-01-05,362.7570495605469,256.3419494628906,100.03643035888672,85.96187591552734,170.52000427246094,20.580461502075195,24.58609962463379,78.13788604736328,22.459999084472656,24.06999969482422
2023-01-06,371.0758361816406,263.4173889160156,104.41178894042967,87.0681381225586,173.7100067138672,20.69426155090332,24.26431655883789,78.12933349609375,21.1299991607666,23.18000030517578
2023-01-09,370.8655700683594,265.12255859375,106.68578338623048,87.28939819335938,174.10000610351562,20.93937110900879,24.116466522216797,78.14643096923828,21.969999313354492,23.739999771118164
2023-01-10,373.4662170410156,267.36669921875,108.07189178466795,86.74070739746094,174.74000549316406,20.93937110900879,24.133859634399418,78.13788604736328,20.579999923706055,22.739999771118164
2023-01-11,378.18988037109375,271.9921875,109.33961486816406,87.29823303222656,174.6199951171875,21.3157901763916,24.133859634399418,78.13788604736328,21.09000015258789,22.739999771118164
2023-01-12,379.5667419433594,273.4621276855469,110.97728729248048,88.07707214355469,176.63999938964844,21.49086570739746,23.899045944213867,78.1976547241211,18.829999923706055,21.579999923706055
2023-01-13,381.039306640625,275.34375,111.37683868408205,87.60800170898438,178.75999450683594,21.700963973999023,23.89034843444824,78.20619201660156,18.350000381469727,21.139999389648438
2023-01-17,380.3413391113281,275.9023132324219,112.037841796875,87.33365631103516,177.58999633789062,21.849777221679688,23.959922790527344,78.20619201660156,19.360000610351562,21.450000762939453
2023-01-18,374.3364562988281,272.3155822753906,111.33739471435548,88.51957702636719,177.0800018310547,21.613422393798828,23.959922790527344,78.21472930908203,20.34000015258789,22.270000457763672
2023-01-19,371.611328125,269.6402587890625,108.614501953125,88.3514404296875,179.88999938964844,21.832271575927734,23.899045944213867,78.2489013671875,20.520000457763672,22.450000762939453
2023-01-20,378.53411865234375,277.01947021484375,112.1463623046875,87.76728820800781,179.2899932861328,21.963579177856445,23.864259719848633,78.25743865966797,19.850000381469727,21.719999313354492
2023-01-23,383.075927734375,283.1736755371094,117.4342803955078,87.48408508300781,179.6300048828125,22.016101837158203,23.899045944213867,78.25743865966797,19.809999465942383,21.600000381469727
2023-01-24,382.6648254394531,282.59552001953125,116.60063934326172,87.9885482788086,180.27999877929688,21.89354705810547,23.872955322265625,78.2659683227539,19.200000762939453,20.90999984741211
2023-01-25,382.8081970214844,281.9683532714844,116.71902465820312,88.0859375,181.11000061035156,21.832271575927734,23.79468536376953,78.27452087402344,19.079999923706055,20.940000534057617
2023-01-26,387.0154418945313,287.4659729003906,118.81051635742188,87.76728820800781,179.47000122070312,21.92856216430664,23.855562210083008,78.31719207763672,18.729999542236328,20.700000762939453
2023-01-27,387.9046630859375,290.3275451660156,118.03113555908205,87.63453674316406,179.22000122070312,21.683454513549805,23.89034843444824,78.32573699951172,18.510000228881836,20.469999313354492
2023-01-30,383.0377502441406,284.45745849609375,115.20466613769533,87.36019897460938,178.75999450683594,21.403329849243164,23.977317810058594,78.32573699951172,19.940000534057617,21.3700008392334
2023-01-31,388.6696166992187,288.7203369140625,116.95580291748048,87.8027114868164,179.41000366210938,21.770994186401367,23.92513656616211,78.33428192138672,19.399999618530273,20.809999465942383
2023-02-01,392.8003234863281,294.89422607421875,122.47062683105467,88.43418884277344,181.6699981689453,21.359560012817383,23.699018478393555,78.33943939208984,17.8700008392334,19.969999313354492
2023-02-02,398.5184020996094,305.47796630859375,125.08992004394533,88.39869689941406,177.89999389648438,21.20198631286621,23.855562210083008,78.37373352050781,18.729999542236328,20.84000015258789
2023-02-03,394.2824401855469,300.0489196777344,122.79125213623048,87.44971466064453,173.4600067138672,20.66800117492676,24.168651580810547,78.3908462524414,18.329999923706055,20.780000686645508
2023-02-06,391.8728332519531,297.5107116699219,120.74909210205078,86.69585418701172,173.82000732421875,20.729276657104492,24.30780029296875,78.3994369506836,19.43000030517578,21.43000030517578
2023-02-07,396.998046875,303.6748046875,124.37467956542967,86.48298645019531,173.97999572753906,21.123201370239254,24.26431655883789,78.40800476074219,18.65999984741211,20.780000686645508
2023-02-08,392.6569213867187,298.275146484375,121.9378890991211,86.80226135253906,174.41000366210938,21.16697120666504,24.2904052734375,78.40800476074219,19.6299991607666,21.81999969482422
2023-02-09,389.2528991699219,295.638916015625,122.42130279541016,86.41201782226562,173.02999877929688,21.000648498535156,24.255617141723633,78.43373107910156,20.709999084472656,22.5
2023-02-10,390.161376953125,293.6986083984375,120.36434173583984,85.99518585205078,173.36000061035156,21.298282623291016,24.333890914916992,78.44229125976562,20.530000686645508,22.549999237060547
2023-02-13,394.7414245605469,298.4024658203125,122.1746597290039,86.19914245605469,172.47999572753906,21.25451278686523,24.26431655883789,78.45944213867188,20.34000015258789,21.969999313354492
2023-02-14,394.5597534179687,300.6074523925781,124.80382537841795,85.80890655517578,172.61000061035156,21.324542999267575,24.246919631958008,78.45944213867188,18.90999984741211,21.139999389648438
2023-02-15,395.8410339355469,302.9104309082031,124.79889678955078,85.55172729492188,170.88999938964844,21.096940994262695,24.41216087341309,78.47655487060547,18.229999542236328,20.68000030517578
2023-02-16,390.3907470703125,297.2265625,121.41008758544922,85.26791381835938,170.75,21.03566551208496,24.446949005126953,78.5194320678711,20.170000076293945,21.8799991607666
2023-02-17,389.4154968261719,295.1294250488281,119.75267791748048,85.50737762451172,171.25999450683594,20.878093719482425,24.429555892944336,78.52799224853516,20.020000457763672,21.770000457763672
2023-02-21,381.6034240722656,288.1422119140625,116.11229705810548,84.57612609863281,170.6199951171875,20.904356002807617,24.507827758789062,78.52799224853516,22.8700008392334,23.3799991607666
2023-02-22,381.0775451660156,288.3577575683594,115.54502868652344,84.72689819335938,169.66000366210938,20.632984161376953,24.58609962463379,78.55370330810547,22.290000915527344,22.68000030517578
2023-02-23,383.1046447753906,290.87628173828125,119.63922119140624,85.0550308227539,169.57000732421875,20.79055404663086,24.594797134399418,78.57942962646484,21.139999389648438,21.739999771118164
2023-02-24,379.01214599609375,286.0058898925781,117.50334167480467,84.5406494140625,168.35000610351562,20.720523834228516,24.77743148803711,78.58798217773438,21.670000076293945,22.43000030517578
2023-02-27,380.3030395507813,288.0539855957031,118.03113555908205,84.79782104492188,169.00999450683594,20.73802947998047,24.64698028564453,78.59657287597656,20.950000762939453,21.59000015258789
2023-02-28,378.8974304199219,287.68157958984375,118.09033203125,84.9308853149414,169.77999877929688,20.799306869506836,24.716552734375,78.60511779785156,20.700000762939453,21.31999969482422
2023-03-01,377.4440612792969,285.3688049316406,118.16925811767578,84.25188446044922,170.75999450683594,21.158218383789062,24.58609962463379,78.60941314697266,20.579999923706055,21.360000610351562
2023-03-02,380.3795166015625,287.7306213378906,119.21499633789062,83.9052734375,170.66000366210938,21.07943344116211,24.716552734375,78.63522338867188,19.59000015258789,20.6299991607666
2023-03-03,386.4799499511719,293.67901611328125,120.83295440673828,84.5807113647461,172.49000549316406,21.41208267211914,24.620887756347656,78.65241241455078,18.489999771118164,19.979999542236328
2023-03-06,386.7476501464844,294.0122375488281,119.75760650634766,84.42963409423828,171.6199951171875,21.307035446166992,24.58609962463379,78.6609878540039,18.610000610351562,19.989999771118164
2023-03-07,380.8193664550781,290.40594482421875,118.42083740234376,84.43853759765625,168.6199951171875,20.869340896606445,24.890491485595703,78.6609878540039,19.59000015258789,20.59000015258789
2023-03-08,381.4408874511719,291.8563537597656,121.51860809326172,84.411865234375,168.5399932861328,20.755537033081055,24.88179397583008,78.67817687988281,19.110000610351562,20.190000534057617
2023-03-09,374.4034118652344,286.79962158203125,119.19035339355467,84.93622589111328,170.1999969482422,20.50167655944824,24.812219619750977,78.69538879394531,22.610000610351562,22.8700008392334
2023-03-10,369.00091552734375,282.77191162109375,117.26163482666016,86.50037384033203,173.8699951171875,20.720523834228516,24.655675888061523,78.71259307861328,24.799999237060547,25.389999389648438
2023-03-13,368.4750061035156,284.8690185546875,117.18270874023438,87.54910278320312,177.86000061035156,20.589214324951172,24.429555892944336,78.72976684570312,26.520000457763672,26.639999389648438
2023-03-14,374.56597900390625,291.415283203125,120.68990325927734,86.72254943847656,176.8300018310547,20.326595306396484,24.429555892944336,78.73836517333984,23.729999542236328,24.8700008392334
2023-03-15,372.2233276367187,292.9440612792969,119.3333969116211,87.9756851196289,178.2100067138672,19.85388565063477,24.69046211242676,78.78134155273438,26.139999389648438,27.200000762939453
2023-03-16,378.7539367675781,300.666259765625,124.10831451416016,87.18470001220703,178.57000732421875,19.915163040161133,24.664371490478516,78.81570434570312,22.989999771118164,24.559999465942383
2023-03-17,374.3253173828125,299.2452697753906,123.47692108154295,88.21562957763672,183.77000427246097,19.85388565063477,24.525222778320312,78.83290100097656,25.510000228881836,27.420000076293945
2023-03-20,377.92474365234375,300.3072814941406,124.71996307373048,87.86015319824219,183.83999633789065,19.93267059326172,24.386070251464844,78.84151458740234,24.149999618530273,25.850000381469727
2023-03-21,382.8870544433594,304.5964050292969,125.11459350585938,87.09584045410156,180.3699951171875,20.002700805664062,24.377376556396484,78.84151458740234,21.3799991607666,23.56999969482422
2023-03-22,376.3601989746094,300.4544982910156,124.310546875,88.24227905273438,183.44000244140625,20.055225372314453,24.194740295410156,78.85869598388672,22.260000228881836,24.3799991607666
2023-03-23,377.3776245117187,304.017333984375,127.61548614501952,88.74887084960938,185.7400054931641,20.002700805664062,24.22952651977539,78.89308166503906,22.610000610351562,24.530000686645508
2023-03-24,379.85400390625,305.1362609863281,125.5979995727539,88.7755355834961,183.6499938964844,20.0989933013916,24.377376556396484,78.9102783203125,21.739999771118164,23.959999084472656
2023-03-27,380.5642700195313,303.04559326171875,124.13296508789062,87.68241882324219,181.9499969482422,20.475414276123047,24.299102783203125,78.90167236328125,20.600000381469727,22.8700008392334
2023-03-28,379.7099914550781,301.43603515625,123.2697296142578,87.62907409667969,183.44000244140625,20.571706771850582,24.212133407592773,78.91886138916016,19.969999313354492,22.3799991607666
2023-03-29,385.22906494140625,306.9323425292969,127.107421875,87.4780044555664,182.52999877929688,20.44039726257324,24.273012161254883,78.91886138916016,19.1200008392334,21.489999771118164
2023-03-30,387.4847412109375,309.8375549316406,128.92759704589844,87.6113052368164,184.17999267578125,20.589214324951172,24.15995216369629,78.9360122680664,19.020000457763672,21.450000762939453
2023-03-31,392.9460754394531,314.9903564453125,129.82537841796875,88.09122467041016,183.22000122070312,20.781801223754883,24.246919631958008,78.91886138916016,18.700000762939453,21.229999542236328
2023-04-03,394.4435119628906,314.2248229980469,129.08546447753906,88.50616455078125,184.5399932861328,21.123201370239254,24.133859634399418,78.93782043457031,18.549999237060547,20.829999923706055
2023-04-04,392.2550354003906,313.1648254394531,127.10250091552734,89.07609558105469,187.97999572753903,21.096940994262695,24.03819465637207,78.94646453857422,19.0,21.34000015258789
2023-04-05,391.2279968261719,310.07318115234375,124.87782287597656,89.45008087158203,187.8300018310547,21.17572784423828,24.107770919799805,78.98958587646484,19.079999923706055,21.479999542236328
2023-04-06,392.7541198730469,312.1636962890625,124.50292205810548,89.47685241699219,186.4900054931641,21.11445045471191,24.125164031982425,78.99822998046875,18.399999618530273,21.0
2023-04-10,393.1572570800781,311.98699951171875,126.38724517822266,88.59523010253906,185.11000061035156,21.11445045471191,24.26431655883789,79.00688934326172,18.969999313354492,21.06999969482422
2023-04-11,393.2628479003906,309.98480224609375,125.71639251708984,88.55961608886719,186.27999877929688,21.22825050354004,24.17734718322754,79.01548767089844,19.100000381469727,21.010000228881836
2023-04-12,391.6599426269531,307.2464294433594,123.48184967041016,88.81784057617188,187.19000244140625,21.394577026367188,24.046892166137695,79.03276824951172,19.09000015258789,21.049999237060547
2023-04-13,396.86224365234375,313.2630310058594,124.47826385498048,88.52398681640625,189.72000122070312,21.394577026367188,23.9338321685791,79.07588958740234,17.799999237060547,20.260000228881836
2023-04-14,395.892822265625,312.674072265625,124.34507751464844,88.08765411376953,186.36000061035156,21.42083740234375,24.07298469543457,79.07588958740234,17.06999969482422,20.030000686645508
2023-04-17,397.3133544921875,312.9391174316406,124.25628662109376,87.52665710449219,185.52999877929688,21.33329963684082,24.194740295410156,79.09314727783203,16.950000762939453,19.649999618530273
2023-04-18,397.572509765625,312.958740234375,124.81369018554688,87.66912841796875,186.25,21.37706756591797,24.107770919799805,79.101806640625,16.829999923706055,19.81999969482422
2023-04-19,397.5053405761719,312.8114318847656,123.6298370361328,87.48212432861328,185.36000061035156,21.07943344116211,24.15995216369629,79.11045837402344,16.459999084472656,20.020000457763672
2023-04-20,395.3360900878906,310.42645263671875,123.7679443359375,87.98969268798828,186.08999633789065,20.895601272583008,24.15995216369629,79.17083740234375,17.170000076293945,20.549999237060547
2023-04-21,395.6432189941406,310.7503356933594,122.50022888183594,87.77597045898438,184.25,20.851831436157227,24.133859634399418,79.16220092773438,16.770000457763672,20.389999389648438
2023-04-24,396.0559692382813,310.1025085449219,121.84416198730467,88.2033920288086,184.80999755859375,21.018156051635746,24.05558967590332,79.17083740234375,16.889999389648438,20.399999618530273
2023-04-25,389.7690124511719,304.25286865234375,117.98181915283205,89.07609558105469,185.75,20.720523834228516,24.168651580810547,79.16220092773438,18.760000228881836,21.649999618530273
2023-04-26,388.1181335449219,306.0981140136719,118.80558776855467,88.72882843017578,184.7400054931641,20.40538024902344,24.090377807617188,79.17948913574219,18.84000015258789,21.540000915527344
2023-04-27,395.8448181152344,314.4211730957031,119.95491790771484,88.14997100830078,184.75,20.431642532348633,24.09907341003418,79.20536804199219,17.030000686645508,20.3700008392334
2023-04-28,399.2234497070313,316.59027099609375,121.96255493164062,88.8089599609375,184.8000030517578,20.624231338500977,24.133859634399418,79.20536804199219,15.779999732971191,19.540000915527344
2023-05-01,398.8202819824219,316.22711181640625,122.89485168457033,87.7636947631836,183.97000122070312,20.44915199279785,24.255617141723633,79.20796966552734,16.079999923706055,19.670000076293945
2023-05-02,394.337890625,313.46905517578125,121.8293685913086,88.90624237060547,187.52000427246097,19.985193252563477,24.194740295410156,79.19063568115234,17.780000686645508,20.75
2023-05-03,391.6311645507813,311.417724609375,120.5715103149414,89.48645782470703,189.11000061035156,19.73133087158203,24.064287185668945,79.19929504394531,18.34000015258789,21.290000915527344
2023-05-04,388.8572692871094,310.3184509277344,120.16702270507812,89.46859741210938,190.44000244140625,19.810115814208984,24.090377807617188,79.22528839111328,20.09000015258789,22.770000457763672
2023-05-05,396.0559692382813,316.91412353515625,122.70740509033205,88.9865951538086,187.4600067138672,20.25656509399414,24.05558967590332,79.24260711669922,17.190000534057617,20.780000686645508
2023-05-08,396.1615295410156,317.6993103027344,123.38812255859376,88.44207000732422,187.69000244140625,20.35285758972168,24.090377807617188,79.25129699707031,16.979999542236328,20.709999084472656
2023-05-09,394.42425537109375,315.687255859375,121.48407745361328,88.33494567871094,189.02000427246097,20.414134979248047,24.168651580810547,79.25995635986328,17.709999084472656,21.170000076293945
2023-05-10,396.2671813964844,319.1225280761719,122.47062683105467,88.9955062866211,188.75,20.35285758972168,24.125164031982425,79.26861572265625,16.940000534057617,20.690000534057617
2023-05-11,395.5760803222656,320.16290283203125,121.38542175292967,89.32579040527344,187.1300048828125,20.002700805664062,24.281709671020508,79.32060241699219,16.93000030517578,20.6200008392334
2023-05-12,395.0577697753906,319.01446533203125,121.24730682373048,88.79020690917969,186.80999755859375,19.84513282775879,24.43825340270996,79.33792877197266,17.030000686645508,20.65999984741211
2023-05-15,396.4207153320313,320.7420349121094,124.42400360107422,88.59384155273438,187.2100067138672,20.07273292541504,24.36867904663086,79.3465805053711,17.1200008392334,20.309999465942383
2023-05-16,393.7715759277344,321.1051025390625,124.3944091796875,88.30816650390625,184.8699951171875,19.85388565063477,24.429555892944336,79.33792877197266,17.989999771118164,20.899999618530273
2023-05-17,398.5516357421875,324.9918212890625,127.75856018066406,88.02253723144531,184.22999572753903,20.090242385864254,24.473039627075195,79.355224609375,16.8700008392334,20.049999237060547
2023-05-18,402.390869140625,331.0279846191406,132.23748779296875,87.47804260253906,181.83999633789065,19.906410217285156,24.655675888061523,79.39855194091797,16.049999237060547,19.329999923706055
2023-05-19,401.8053588867187,330.2820739746094,131.5074462890625,87.14774322509766,183.63999938964844,19.880146026611328,24.58609962463379,79.39855194091797,16.809999465942383,20.040000915527344
2023-05-22,401.9685668945313,331.3911437988281,131.39894104003906,86.98709106445312,183.2100067138672,19.897655487060547,24.603492736816406,79.40721130371094,17.209999084472656,20.360000610351562
2023-05-23,397.457275390625,327.1903076171875,129.50474548339844,87.12991333007812,183.42999267578125,19.976438522338867,24.67306900024414,79.40721130371094,18.530000686645508,21.059999465942383
2023-05-24,394.577880859375,325.511962890625,127.60069274902344,86.90676879882812,181.9499969482422,19.985193252563477,24.76003646850586,79.40721130371094,20.030000686645508,22.020000457763672
2023-05-25,397.9948120117187,333.4326477050781,138.5711669921875,86.36222076416016,180.1999969482422,19.67005157470703,24.873096466064453,79.45918273925781,19.139999389648438,21.3799991607666
2023-05-26,403.1490783691406,341.9519958496094,145.37838745117188,86.5229263305664,180.9199981689453,19.985193252563477,24.86440086364746,79.47651672363281,17.950000762939453,20.440000534057617
2023-05-30,403.3026428222656,343.5027770996094,146.07884216308594,87.20130920410156,182.0399932861328,19.521236419677734,24.83831024169922,79.48519134521484,17.459999084472656,20.1299991607666
2023-05-31,401.06634521484375,341.54949951171875,142.3891143798828,87.53157043457031,182.32000732421875,19.302387237548828,24.88179397583008,79.50249481201172,17.940000534057617,20.209999084472656
2023-06-01,404.8768310546875,345.49517822265625,144.52993774414062,87.77496337890625,183.7599945068359,19.617528915405273,24.58609962463379,79.54688262939453,15.649999618530273,18.75
2023-06-02,410.7318420410156,348.0863342285156,144.17478942871094,87.0770492553711,181.0500030517578,19.871395111083984,24.847007751464844,79.55558776855469,14.600000381469727,17.920000076293945
2023-06-05,409.94482421875,348.33172607421875,142.369384765625,87.05020904541016,182.13999938964844,19.81886863708496,24.80352210998535,79.55558776855469,14.729999542236328,17.899999618530273
2023-06-06,410.8374328613281,348.27276611328125,143.3756866455078,87.1039047241211,182.33999633789065,19.84513282775879,24.88179397583008,79.57296752929688,13.960000038146973,17.040000915527344
2023-06-07,409.4168701171875,342.3642272949219,142.55685424804688,86.4686279296875,180.1499938964844,19.923917770385746,24.890491485595703,79.58168029785156,13.9399995803833,17.139999389648438
2023-06-08,411.8931884765625,346.6141052246094,144.20437622070312,87.05020904541016,182.52999877929688,19.95893096923828,24.69046211242676,79.62516784667969,13.649999618530273,16.860000610351562
2023-06-09,412.6322937011719,347.9391174316406,144.86537170410156,86.73706817626953,182.0399932861328,19.83637809753418,24.768733978271484,79.63386535644531,13.829999923706055,16.959999084472656
2023-06-12,416.3756103515625,353.8182067871094,149.14700317382812,86.88021850585938,181.8800048828125,19.565006256103516,24.77743148803711,79.642578125,15.010000228881836,17.280000686645508
2023-06-13,419.1207580566406,356.5370178222656,151.2089080810547,86.26282501220703,180.5399932861328,19.82762336730957,24.69915771484375,79.65995788574219,14.609999656677246,17.229999542236328
2023-06-14,419.6199035644531,359.1280822753906,153.50758361816406,86.37913513183594,180.63999938964844,19.871395111083984,24.577404022216797,79.67733764648438,13.880000114440918,16.860000610351562
2023-06-15,424.8221740722656,363.4073791503906,152.4026336669922,87.05020904541016,181.91000366210935,20.291582107543945,24.43825340270996,79.71212768554688,14.5,17.18000030517578
2023-06-16,423.3751220703125,361.12054443359375,151.3174285888672,86.67442321777344,181.6300048828125,20.54544448852539,24.481735229492188,79.72085571289062,13.539999961853027,16.75
2023-06-20,421.1786193847656,360.60357666015625,150.78468322753906,86.93389129638672,179.75,20.36161231994629,24.551313400268555,79.73825073242188,13.880000114440918,17.299999237060547
2023-06-21,419.0205993652344,355.6893615722656,147.33175659179688,87.01445770263672,179.49000549316406,20.65924835205078,24.43825340270996,79.73825073242188,13.199999809265137,16.889999389648438
2023-06-22,420.5331726074219,359.8861083984375,148.0618133544922,86.5223159790039,177.7100067138672,20.27407455444336,24.525222778320312,79.77300262451172,12.90999984741211,16.559999465942383
2023-06-23,417.3538818359375,356.3183898925781,145.54608154296875,86.88021850585938,178.1999969482422,20.055225372314453,24.655675888061523,79.7817153930664,13.4399995803833,16.8700008392334
2023-06-26,415.648681640625,351.5417785644531,144.875244140625,87.0949478149414,178.50999450683594,20.08148765563965,24.62958335876465,79.79043579101562,14.25,17.049999237060547
2023-06-27,420.20556640625,357.5863037109375,149.47256469726562,86.79072570800781,177.69000244140625,19.757591247558594,24.568706512451172,79.8078384399414,13.739999771118164,16.440000534057617
2023-06-28,420.4175720214844,358.2840881347656,148.12098693847656,87.13968658447266,177.27999877929688,19.696313858032227,24.681764602661133,79.81653594970703,13.430000305175781,15.899999618530273
2023-06-29,422.0745849609375,357.566650390625,147.90394592285156,86.24496459960938,177.08999633789062,19.705068588256836,24.7861270904541,79.84263610839844,13.539999961853027,16.100000381469727
2023-06-30,427.0552978515625,363.080322265625,150.20262145996094,86.43284606933594,178.27000427246094,19.871395111083984,24.681764602661133,79.86871337890625,13.59000015258789,16.020000457763672
2023-07-03,427.546630859375,363.9353942871094,151.5344696044922,86.05794525146484,178.47000122070312,19.871395111083984,24.707857131958008,79.8888168334961,13.569999694824219,16.06999969482422
2023-07-05,426.9108276367187,363.9255676269531,148.6734619140625,85.64534759521484,177.83999633789062,19.99394798278809,24.8209171295166,79.89754486083984,14.180000305175781,16.510000228881836
2023-07-06,423.5678405761719,361.1539611816406,146.9075469970703,84.9457778930664,177.30999755859375,19.950178146362305,24.76003646850586,79.92374420166016,15.4399995803833,17.520000457763672
2023-07-07,422.4984130859375,359.9549560546875,147.045654296875,84.83815002441406,178.63999938964844,20.11650276184082,24.551313400268555,79.93245697021484,14.829999923706055,17.239999771118164
2023-07-10,423.5678405761719,360.07281494140625,149.1272735595703,85.2776107788086,178.77999877929688,20.1602725982666,24.490434646606445,79.949951171875,15.069999694824219,17.25
2023-07-11,426.2653503417969,361.8518676757813,149.28514099121094,85.45700073242188,179.4499969482422,20.39662742614746,24.429555892944336,79.95867919921875,14.84000015258789,16.969999313354492
2023-07-12,429.6950378417969,366.4219665527344,152.42236328125,86.2911376953125,181.8800048828125,20.54544448852539,24.142559051513672,79.97615051269531,13.539999961853027,16.110000610351562
2023-07-13,433.1054992675781,372.6433410644531,156.0824737548828,87.00865173339844,182.0099945068359,20.834321975708008,23.977317810058594,80.0111083984375,13.609999656677246,16.1200008392334
2023-07-14,432.8357543945313,372.5647277832031,154.7900848388672,86.57814025878906,181.42999267578125,20.69426155090332,24.02080345153809,80.01982116699219,13.34000015258789,16.040000915527344
2023-07-17,434.3385925292969,376.04400634765625,157.6708221435547,86.72163391113281,181.55999755859375,20.527936935424805,23.994712829589844,80.02853393554688,13.479999542236328,16.270000457763672
2023-07-18,437.5660095214844,379.1202697753906,158.10488891601562,86.82029724121094,183.63999938964844,20.799306869506836,24.01210594177246,80.02853393554688,13.300000190734863,16.1299991607666
2023-07-19,438.5390319824219,379.0317687988281,156.447509765625,87.11627960205078,183.6699981689453,20.913108825683594,24.107770919799805,80.04601287841797,13.760000228881836,16.559999465942383
2023-07-20,435.6296081542969,370.2944030761719,150.91293334960938,86.42567443847656,182.7400054931641,20.97438621520996,24.246919631958008,80.08966827392578,13.989999771118164,16.65999984741211
2023-07-21,435.6296081542969,369.1837463378906,151.72189331054688,86.49740600585938,182.17999267578125,21.08818817138672,24.31649398803711,80.08966827392578,13.600000381469727,16.399999618530273
2023-07-24,437.57562255859375,369.77349853515625,151.85015869140625,86.2911376953125,181.3999938964844,21.4646053314209,24.40346336364746,80.098388671875,13.90999984741211,16.260000228881836
2023-07-25,438.7702941894531,372.27972412109375,154.2869415283203,86.12969207763672,182.41000366210935,21.543392181396484,24.377376556396484,80.10714721679688,13.859999656677246,16.219999313354492
2023-07-26,438.8376770019531,371.0413208007813,152.5999298095703,86.42567443847656,183.3000030517578,21.438344955444336,24.30780029296875,80.11589050292969,13.1899995803833,15.789999961853027
2023-07-27,435.9281921386719,370.1567687988281,155.3425750732422,85.4839096069336,180.4199981689453,21.385820388793945,24.533918380737305,80.1595458984375,14.40999984741211,16.6299991607666
2023-07-28,440.1961059570313,376.8990478515625,158.34169006347656,85.761962890625,181.86000061035156,21.51712989807129,24.49913024902344,80.16828918457031,13.329999923706055,15.920000076293945
2023-07-31,441.0342712402344,377.0956115722656,158.46005249023438,85.86959075927734,182.3500061035156,21.60466957092285,24.542613983154297,80.17703247070312,13.630000114440918,16.010000228881836
2023-08-01,439.772216796875,376.220947265625,158.37127685546875,85.36785125732422,180.4600067138672,21.49086570739746,24.655675888061523,80.19808197021484,13.930000305175781,16.34000015258789
2023-08-02,433.6546325683594,367.9650268554687,152.56048583984375,85.19698333740234,179.60000610351562,21.16697120666504,24.742645263671875,80.20685577392578,16.09000015258789,17.959999084472656
2023-08-03,432.411865234375,367.3753356933594,152.11654663085938,84.56756591796875,179.5399932861328,21.36831283569336,24.725250244140625,80.24192810058594,15.920000076293945,17.719999313354492
2023-08-04,430.4561767578125,365.6553649902344,152.1757354736328,85.46675872802734,180.19000244140625,21.403329849243164,24.603492736816406,80.25946807861328,17.100000381469727,18.610000610351562
2023-08-07,434.21337890625,368.7512817382813,153.8134002685547,85.25992584228516,179.77999877929688,21.41208267211914,24.620887756347656,80.25946807861328,15.770000457763672,17.719999313354492
2023-08-08,432.3251037597656,365.6161193847656,151.27793884277344,85.69153594970703,178.63999938964844,21.385820388793945,24.73394775390625,80.27700805664062,15.989999771118164,18.1299991607666
2023-08-09,429.4349060058594,361.5962219238281,148.2788543701172,85.7455062866211,177.7899932861328,21.534637451171875,24.751340866088867,80.28580474853516,15.960000038146973,18.049999237060547
2023-08-10,429.5890502929687,362.26458740234375,147.95327758789062,85.089111328125,177.60000610351562,21.42083740234375,24.794824600219727,80.32964324951172,15.850000381469727,18.15999984741211
2023-08-11,429.3385925292969,359.9549560546875,144.2438507080078,84.63951873779297,177.60000610351562,21.385820388793945,24.847007751464844,80.33844757080078,14.84000015258789,17.559999465942383
2023-08-14,431.7085876464844,363.994384765625,148.63400268554688,84.50463104248047,177.05999755859375,21.280773162841797,24.933977127075195,80.34718322753906,14.819999694824219,17.40999984741211
2023-08-15,426.6795959472656,360.1318054199219,146.84835815429688,84.34278869628906,176.58999633789062,21.026912689208984,24.942672729492188,80.35600280761719,16.459999084472656,18.59000015258789
2023-08-16,423.5486145019531,356.3183898925781,144.52993774414062,84.01908111572266,175.57000732421875,20.93937110900879,25.01224708557129,80.37349700927734,16.780000686645508,18.969999313354492
2023-08-17,420.3211669921875,352.42633056640625,143.55325317382812,83.91118621826172,175.3000030517578,20.99189567565918,25.003551483154297,80.4085922241211,17.889999389648438,19.829999923706055
2023-08-18,420.5235290527344,351.98406982421875,144.16493225097656,84.1629409790039,175.3300018310547,21.140708923339844,25.020946502685547,80.4173812866211,17.299999237060547,19.239999771118164
2023-08-21,423.259521484375,357.6550598144531,149.00889587402344,83.64143371582031,175.80999755859375,21.08818817138672,24.994853973388672,80.42611694335938,17.1299991607666,18.770000457763672
2023-08-22,422.1130676269531,357.1440124511719,147.51919555664062,83.67738342285156,176.10000610351562,21.096940994262695,25.081823348999023,80.43489074707031,16.969999313354492,18.719999313354492
2023-08-23,426.8144836425781,362.775634765625,150.71563720703125,84.58555603027344,177.88999938964844,21.140708923339844,24.994853973388672,80.45245361328125,15.979999542236328,17.940000534057617
2023-08-24,420.8992614746094,355.02105712890625,146.81875610351562,84.27082061767578,177.85000610351562,21.158218383789062,25.194881439208984,80.47877502441406,17.200000762939453,18.75
2023-08-25,423.866455078125,357.77301025390625,147.08509826660156,84.2438735961914,177.6199951171875,21.36831283569336,25.22966766357422,80.49629211425781,15.680000305175781,17.719999313354492
2023-08-28,426.5543823242187,360.4660034179687,148.90036010742188,84.4776611328125,178.1300048828125,21.33329963684082,25.18618392944336,80.51384735107422,15.079999923706055,17.1200008392334
2023-08-29,432.7200927734375,368.3385314941406,152.71832275390625,85.08010864257812,179.8699951171875,21.41208267211914,25.047033309936523,80.50506591796875,14.449999809265137,16.559999465942383
2023-08-30,434.5024108886719,370.39263916015625,153.49771118164062,85.07109832763672,180.32000732421875,21.438344955444336,25.003551483154297,80.52264404296875,13.880000114440918,16.18000030517578
2023-08-31,433.8665466308594,371.5032958984375,154.11923217773438,85.2419662475586,180.02000427246094,21.525882720947266,25.125307083129883,80.57524871826172,13.569999694824219,15.920000076293945
2023-09-01,434.6758117675781,371.1101684570313,154.109375,84.72090148925781,180.11000061035156,21.779747009277344,25.281850814819336,80.58848571777344,13.09000015258789,15.739999771118164
2023-09-05,432.7971801757813,371.5818481445313,154.47439575195312,84.20706176757812,178.63999938964844,21.884794235229492,25.412303924560547,80.60609436035156,14.010000228881836,16.239999771118164
2023-09-06,429.88775634765625,368.3090515136719,152.67884826660156,83.99069213867188,177.8300018310547,21.93731689453125,25.42099952697754,80.60609436035156,14.449999809265137,16.610000610351562
2023-09-07,428.56787109375,365.6750183105469,149.2949981689453,84.2791748046875,178.02000427246094,21.89354705810547,25.48187828063965,80.65013122558594,14.399999618530273,16.579999923706055
2023-09-08,429.21331787109375,366.18603515625,148.3577880859375,84.29720306396484,178.0800018310547,21.93731689453125,25.507970809936523,80.6589584350586,13.84000015258789,16.139999389648438
2023-09-11,432.03607177734375,370.500732421875,148.46629333496094,84.1529541015625,178.41000366210938,22.068626403808594,25.386213302612305,80.6589584350586,13.800000190734863,16.020000457763672
2023-09-12,429.6661376953125,366.3925476074219,147.3514862060547,84.27017974853516,177.49000549316406,22.147411346435547,25.429697036743164,80.68537139892578,14.229999542236328,16.25
2023-09-13,430.1671142578125,367.7881164550781,148.5452117919922,84.36931610107422,177.0800018310547,22.217443466186523,25.447092056274418,80.69417572021484,13.479999542236328,15.920000076293945
2023-09-14,433.8761291503906,370.7955932617187,149.3541717529297,84.18001556396484,177.1699981689453,22.401275634765625,25.603635787963867,80.72064208984375,12.819999694824219,15.34000015258789
2023-09-15,428.6487121582031,364.4465026855469,144.83578491210938,83.91859436035156,178.33999633789062,22.348752975463867,25.58624267578125,80.73824310302734,13.789999961853027,16.020000457763672
2023-09-18,428.9001159667969,364.8263854980469,145.31918334960938,83.99971008300781,179.38999938964844,22.339998245239254,25.54275703430176,80.7470474243164,14.0,16.1299991607666
2023-09-19,428.0106201171875,364.0488586425781,144.06626892089844,83.69322967529297,179.22000122070312,22.357505798339844,25.560152053833008,80.75585174560547,14.109999656677246,16.1299991607666
2023-09-20,424.0757751464844,358.8027648925781,141.69854736328125,83.63009643554688,179.35000610351562,22.173673629760746,25.603635787963867,80.76467895507812,15.140000343322754,16.809999465942383
2023-09-21,417.0665283203125,352.2278137207031,138.8671112060547,83.00810241699219,178.0500030517578,22.1036434173584,25.621028900146484,80.8087387084961,17.540000915527344,18.239999771118164
2023-09-22,416.1286926269531,352.27703857421875,140.05099487304688,83.3326187133789,178.6199951171875,22.121150970458984,25.681909561157227,80.81754302978516,17.200000762939453,18.09000015258789
2023-09-25,417.8786010742187,353.9502868652344,141.0375518798828,82.71961212158203,177.6999969482422,22.016101837158203,25.77757453918457,80.82634735107422,16.899999618530273,18.020000457763672
2023-09-26,411.7394104003906,348.63525390625,138.80795288085938,82.69256591796875,176.27999877929688,21.98984146118164,25.855844497680664,80.83515167236328,18.940000534057617,19.719999313354492
2023-09-27,411.90380859375,349.45220947265625,140.08059692382812,82.32295227050781,174.10000610351562,22.112396240234375,25.977602005004883,80.861572265625,18.219999313354492,19.110000610351562
2023-09-28,414.2917785644531,352.3755187988281,142.3496551513672,82.54833221435547,173.22999572753906,22.08613395690918,25.838451385498047,80.88801574707031,17.34000015258789,18.3799991607666
2023-09-29,413.2863159179687,352.6313781738281,143.03038024902344,82.56636047363281,171.4499969482422,21.849777221679688,25.855844497680664,80.89682006835938,17.520000457763672,18.510000228881836
2023-10-02,413.1219482421875,355.5743103027344,144.26356506347656,81.89661407470703,169.64999389648438,21.683454513549805,26.055871963500977,80.9092025756836,17.610000610351562,18.6200008392334
2023-10-03,407.5918884277344,349.33416748046875,141.05726623535156,81.21875762939453,169.16000366210938,21.587160110473633,26.08196258544922,80.9269027709961,19.780000686645508,20.40999984741211
2023-10-04,410.5599670410156,354.0881042480469,143.25729370117188,81.73392486572266,169.13999938964844,20.983139038085938,26.003692626953125,80.93578338623047,18.579999923706055,19.520000457763672
2023-10-05,410.4052429199219,353.04473876953125,143.25729370117188,81.8875732421875,168.8300018310547,20.860584259033203,25.916723251342773,80.98882293701172,18.489999771118164,19.5
2023-10-06,415.2779541015625,358.9602355957031,146.35507202148438,81.40853881835938,169.6999969482422,20.93937110900879,25.86454200744629,80.98882293701172,17.450000762939453,18.729999542236328
2023-10-09,417.93658447265625,360.79095458984375,145.9801788330078,82.44798278808594,172.82000732421875,21.37706756591797,25.855844497680664,80.99769592285156,17.700000762939453,18.809999465942383
2023-10-10,420.1119079589844,362.7889709472656,147.78558349609375,82.28527069091797,172.52999877929688,21.324542999267575,25.794965744018555,80.99769592285156,17.030000686645508,18.270000457763672
2023-10-11,421.8328247070313,365.3775939941406,149.38377380371094,82.7371826171875,173.7899932861328,21.20198631286621,25.794965744018555,81.0154037475586,16.09000015258789,17.6299991607666
2023-10-12,419.2610778808594,364.1078796386719,150.1434326171875,81.94181060791016,173.25999450683594,21.19323348999023,26.012388229370117,81.05078887939453,16.690000534057617,18.09000015258789
2023-10-13,417.1728210449219,359.53106689453125,146.38467407226562,82.4660415649414,178.8300018310547,21.75348663330078,26.02978515625,81.0685043334961,19.31999969482422,20.56999969482422
2023-10-16,421.56207275390625,363.5960998535156,148.07167053222656,81.97797393798828,177.9600067138672,21.683454513549805,25.916723251342773,81.07733917236328,17.209999084472656,18.790000915527344
2023-10-17,421.542724609375,362.4051818847656,146.3254852294922,81.17355346679688,178.2899932861328,21.744731903076172,25.92541885375977,81.086181640625,17.8799991607666,19.260000228881836
2023-10-18,415.9256286621094,357.65106201171875,143.39541625976562,80.79395294189453,180.8699951171875,21.93731689453125,26.021085739135746,81.09503173828125,19.219999313354492,20.469999313354492
2023-10-19,412.2711791992187,354.3045654296875,142.41873168945312,80.39624786376953,183.08999633789065,22.16492080688477,25.942813873291016,81.13043975830078,21.399999618530273,22.190000534057617
2023-10-20,407.2051696777344,349.0191650390625,140.18911743164062,80.86624908447266,183.58999633789065,21.998594284057617,25.95151138305664,81.14812469482422,21.709999084472656,22.440000534057617
2023-10-23,406.4993896484375,350.07232666015625,140.68240356445312,81.24586486816406,182.97000122070312,21.858531951904297,25.82105827331543,81.156982421875,20.3700008392334,21.329999923706055
2023-10-24,409.5641784667969,353.4779052734375,142.32994079589844,81.39048767089844,182.9499969482422,21.62217712402344,25.96890640258789,81.16582489013672,18.969999313354492,20.209999084472656
2023-10-25,403.68603515625,344.826171875,136.81509399414062,80.67644500732422,183.72000122070312,21.779747009277344,26.038480758666992,81.17466735839844,20.190000534057617,21.329999923706055
2023-10-26,398.8520202636719,338.2513122558594,135.61151123046875,81.29106140136719,184.0099945068359,21.59591484069824,26.09935760498047,81.21004486083984,20.68000030517578,21.56999969482422
2023-10-27,397.0441589355469,339.8753662109375,136.4500732421875,81.41758728027344,186.1499938964844,21.884794235229492,26.06457138061523,81.23660278320312,21.270000457763672,22.270000457763672
2023-10-30,401.7911071777344,343.7041320800781,136.10479736328125,81.14640808105469,185.1000061035156,21.534637451171875,25.960208892822266,81.24543762207031,19.75,20.799999237060547
2023-10-31,404.314453125,345.3478698730469,137.0814666748047,80.97470092773438,184.08999633789065,21.45585250854492,26.11675262451172,81.24543762207031,18.139999389648438,19.489999771118164
2023-11-01,408.6263732910156,351.342041015625,140.4949493408203,81.90736389160156,183.5099945068359,21.49086570739746,26.125450134277344,81.27032470703125,16.8700008392334,18.549999237060547
2023-11-02,416.4574279785156,357.72003173828125,144.13531494140625,82.41493225097656,184.1199951171875,21.718469619750977,25.994993209838867,81.29702758789062,15.65999984741211,17.799999237060547
2023-11-03,420.2569580078125,361.9228210449219,147.49945068359375,83.04934692382812,184.7899932861328,21.60466957092285,25.751483917236328,81.30589294433594,14.90999984741211,17.219999313354492
2023-11-06,421.2237854003906,363.3992309570313,147.9335479736328,82.56900024414062,183.3500061035156,21.692209243774418,25.77757453918457,81.31478118896484,14.890000343322754,17.030000686645508
2023-11-07,422.4225158691406,366.8342895507813,148.86090087890625,83.04032135009766,182.58999633789065,21.22825050354004,25.86454200744629,81.33255004882812,14.8100004196167,16.920000076293945
2023-11-08,422.7319030761719,367.0705261230469,149.3936309814453,83.37564849853516,180.77000427246097,20.99189567565918,25.855844497680664,81.34144592285156,14.449999809265137,16.639999389648438
2023-11-09,419.43511962890625,364.24566650390625,149.1272735595703,82.55086517333984,181.4900054931641,20.93937110900879,25.96890640258789,81.38587951660156,15.289999961853027,17.299999237060547
2023-11-10,425.98040771484375,372.4347534179687,155.1649627685547,82.6415023803711,179.50999450683594,21.044418334960938,25.95151138305664,81.39476776123047,14.170000076293945,16.520000457763672
2023-11-13,425.5743408203125,371.2733459472656,154.21788024902344,82.59617614746094,180.5099945068359,21.350805282592773,25.916723251342773,81.40365600585938,14.760000228881836,16.610000610351562
2023-11-14,433.8307495117187,379.2655029296875,158.92373657226562,83.8378677368164,182.1199951171875,21.3157901763916,25.507970809936523,81.41255187988281,14.15999984741211,16.290000915527344
2023-11-15,434.7491760253906,379.5509338378906,159.04212951660156,83.18529510498047,181.63999938964844,21.17572784423828,25.603635787963867,81.43033599853516,14.180000305175781,16.280000686645508
2023-11-16,435.281005859375,379.8757934570313,159.63406372070312,83.81069946289062,183.69000244140625,20.66800117492676,25.621028900146484,81.46588134765625,14.319999694824219,16.139999389648438
2023-11-17,435.82232666015625,379.96435546875,160.3838348388672,83.86505889892578,183.6699981689453,20.965635299682617,25.48187828063965,81.48365783691406,13.800000190734863,15.850000381469727
2023-11-20,439.1771240234375,384.5903625488281,162.6824951171875,83.98291015625,183.3699951171875,21.22825050354004,25.403608322143555,81.48365783691406,13.40999984741211,15.6899995803833
2023-11-21,438.2199401855469,382.3560791015625,160.2852020263672,84.0916748046875,185.3500061035156,21.350805282592773,25.429697036743164,81.51029205322266,13.350000381469727,15.5
2023-11-22,439.9119262695313,383.9210815429687,159.93988037109375,84.06448364257812,184.55999755859375,21.16697120666504,25.516666412353516,81.54584503173828,12.850000381469727,15.479999542236328
2023-11-24,440.1825866699219,383.3797302246094,159.58473205566406,83.6294174194336,185.52000427246097,21.026912689208984,25.403608322143555,81.55475616455078,12.460000038146973,15.119999885559082
2023-11-27,439.3898315429687,383.0450744628906,159.486083984375,84.26385498046875,186.77000427246097,20.88684844970703,25.35142517089844,81.56365203857422,12.6899995803833,15.34000015258789
2023-11-28,439.8248901367187,384.049072265625,158.56858825683594,84.63549041748047,189.2599945068359,21.140708923339844,25.26445579528809,81.58143615722656,12.6899995803833,15.239999771118164
2023-11-29,439.5155029296875,383.6749572753906,160.02870178222656,85.07958221435547,189.5399932861328,21.289527893066406,25.29054832458496,81.59030151367188,12.979999542236328,15.510000228881836
2023-11-30,441.2459716796875,382.7104187011719,158.3219451904297,84.66271209716797,188.75,20.930618286132812,25.473182678222656,81.62586212158203,12.920000076293945,15.4399995803833
2023-12-01,443.8564453125,383.802978515625,158.9632110595703,85.46149444580078,192.0099945068359,20.834321975708008,25.39491081237793,81.64282989501953,12.630000114440918,15.359999656677246
2023-12-04,441.52642822265625,380.2399291992187,156.64480590820312,85.10706329345703,187.86000061035156,20.69426155090332,25.507970809936523,81.64282989501953,13.079999923706055,15.680000305175781
2023-12-05,441.4394226074219,381.1947021484375,156.64480590820312,85.70683288574219,187.1499938964844,20.51042938232422,25.603635787963867,81.66068267822266,12.850000381469727,15.569999694824219
2023-12-06,439.6605224609375,378.9899291992187,155.38201904296875,86.06128692626953,187.83999633789065,20.011455535888672,25.664514541625977,81.66959381103516,12.970000267028809,15.739999771118164
2023-12-07,443.0152893066406,384.2851867675781,158.93360900878906,85.93404388427734,188.1499938964844,20.046470642089844,25.52536392211914,81.705322265625,13.0600004196167,15.649999618530273
2023-12-08,444.919921875,385.9978942871094,160.2950439453125,85.37967681884766,185.63999938964844,20.134010314941406,25.621028900146484,81.7231674194336,12.350000381469727,15.15999984741211
2023-12-11,446.6504821777344,389.2951354980469,164.14260864257812,85.38877868652344,183.58999633789065,20.06397819519043,25.65581703186035,81.74104309082031,12.630000114440918,15.1899995803833
2023-12-12,448.6904296875,392.3955993652344,165.87893676757812,85.5705337524414,183.4900054931641,19.757591247558594,25.58624267578125,81.74104309082031,12.069999694824219,14.829999923706055
2023-12-13,454.8779296875,397.3857727050781,167.8323211669922,86.84281921386719,187.6300048828125,19.985193252563477,25.368820190429688,81.7499771118164,12.1899995803833,14.65999984741211
2023-12-14,456.3377990722656,397.0413513183594,170.93008422851562,87.56470489501953,188.72999572753903,20.317842483520508,25.134002685546875,81.7856674194336,12.479999542236328,14.789999961853027
2023-12-15,455.58636474609375,398.9606323242187,171.7390594482422,87.4917984008789,187.0,20.35285758972168,25.299243927001953,81.81244659423828,12.279999732971191,15.130000114440918
2023-12-18,458.1491394042969,401.4735107421875,172.039794921875,87.30038452148438,187.8500061035156,20.498884201049805,25.295543670654297,81.82234954833984,12.5600004196167,15.470000267028809
2023-12-19,460.93499755859375,403.5248718261719,172.61544799804688,87.4644546508789,189.1300048828125,20.655014038085938,25.18451690673828,81.82234954833984,12.529999732971191,15.640000343322754
2023-12-20,454.54779052734375,397.528564453125,167.81175231933594,87.89283752441406,188.1000061035156,20.416229248046875,25.295543670654297,81.84024810791016,13.670000076293945,16.579999923706055
2023-12-21,458.8577575683594,402.1539916992187,171.96038818359375,87.7561264038086,189.42999267578125,20.452964782714844,25.129003524780273,81.89408874511719,13.649999618530273,16.299999237060547
2023-12-22,459.77984619140625,402.7556457519531,171.98023986816406,87.6740951538086,190.27000427246097,20.416229248046875,25.1197509765625,81.9030532836914,13.029999732971191,15.989999771118164
2023-12-26,461.7213439941406,405.2211608886719,174.35231018066406,87.72877502441406,191.72000122070312,20.61827850341797,25.064237594604492,81.92097473144531,12.989999771118164,15.880000114440918
2023-12-27,462.5561828613281,406.0460815429687,174.5408935546875,88.41236114501953,192.58999633789065,20.526437759399418,24.934709548950195,81.92097473144531,12.430000305175781,15.270000457763672
2023-12-28,462.73089599609375,405.8487854003906,174.50120544433594,88.07514190673828,191.47000122070312,20.351940155029297,25.01797866821289,81.97481536865234,12.470000267028809,15.229999542236328
2023-12-29,461.3913269042969,404.09234619140625,173.55831909179688,87.85638427734375,191.1699981689453,20.24173164367676,25.064237594604492,81.97481536865234,12.449999809265137,15.260000228881836
2024-01-02,458.8092041015625,397.2542419433594,167.70257568359375,87.52825927734375,190.72000122070312,20.076417922973633,25.27703857421875,81.98377990722656,13.199999809265137,15.479999542236328
2024-01-03,455.062255859375,393.0506896972656,164.72506713867188,87.7378921508789,189.1300048828125,20.33357048034668,25.36030960083008,82.01069641113281,14.039999961853027,16.040000915527344
2024-01-04,453.5964660644531,391.0278625488281,163.75242614746094,87.20923614501953,189.32000732421875,20.223363876342773,25.36030960083008,82.03759765625,14.130000114440918,16.040000915527344
2024-01-05,454.2176818847656,391.4915771484375,164.83425903320312,86.89019775390625,189.3500061035156,20.324386596679688,25.36030960083008,82.04655456542969,13.350000381469727,15.510000228881836
2024-01-08,460.7021179199219,399.5829162597656,170.67015075683594,87.18190002441406,187.8699951171875,20.03049659729004,25.314048767089844,82.05554962158203,13.079999923706055,15.140000343322754
2024-01-09,460.0032043457031,400.372314453125,171.12669372558594,87.14541625976562,187.92999267578125,20.177440643310547,25.39731788635254,82.06449890136719,12.760000228881836,14.899999618530273
2024-01-10,462.6047058105469,403.08587646484375,171.28549194335938,87.00871276855469,187.5,20.03968048095703,25.351057052612305,82.08246612548828,12.6899995803833,14.729999542236328
2024-01-11,462.40087890625,403.9245910644531,172.2581329345703,87.47357940673828,187.8699951171875,20.18662452697754,25.36956024169922,82.12730407714844,12.4399995803833,14.5600004196167
2024-01-12,462.72119140625,404.13177490234375,171.6527099609375,87.71055603027344,189.7100067138672,20.260099411010746,25.39731788635254,82.14522552490234,12.699999809265137,14.9399995803833
2024-01-16,461.0224609375,404.09234619140625,174.382080078125,86.99958801269531,187.91000366210935,20.085601806640625,25.61937141418457,82.15422058105469,13.84000015258789,15.739999771118164
2024-01-17,458.4597778320313,401.8129577636719,173.33004760742188,86.717041015625,185.83999633789065,20.058048248291016,25.637874603271484,82.1721420288086,14.789999961853027,16.3799991607666
2024-01-18,462.5367431640625,407.516357421875,178.95750427246094,86.52564239501953,187.3699951171875,20.18662452697754,25.665632247924805,82.2080307006836,14.130000114440918,15.84000015258789
2024-01-19,468.30279541015625,415.5978088378906,185.7759704589844,86.53475952148438,187.92999267578125,20.149890899658203,25.628623962402344,82.21697998046875,13.300000190734863,15.260000228881836
2024-01-22,469.29296875,416.1405029296875,186.6394500732422,86.79907989501953,187.22000122070312,20.23254776000977,25.637874603271484,82.2259521484375,13.1899995803833,14.970000267028809
2024-01-23,470.66162109375,417.8673095703125,187.5922393798828,86.58032989501953,187.9499969482422,20.342754364013672,25.702640533447266,82.23493957519531,12.550000190734863,14.520000457763672
2024-01-24,471.1761474609375,420.1861877441406,190.9270477294922,86.33423614501953,186.3999938964844,20.517253875732425,25.628623962402344,82.24393463134766,13.140000343322754,14.970000267028809
2024-01-25,473.7388610839844,420.69927978515625,190.9270477294922,86.70791625976562,187.13999938964844,20.673383712768555,25.702640533447266,82.28874206542969,13.449999809265137,15.100000381469727
2024-01-26,473.1369934082031,418.1929626464844,186.8578186035156,86.55298614501953,187.0099945068359,20.76522445678711,25.702640533447266,82.2977066040039,13.260000228881836,15.029999732971191
2024-01-29,476.8839721679687,422.4754333496094,189.0512237548828,87.072509765625,188.3300018310547,20.59072494506836,25.702640533447266,82.30670166015625,13.600000381469727,15.220000267028809
2024-01-30,476.51507568359375,419.6632080078125,187.17539978027344,87.19100189208984,188.58999633789065,20.728487014770508,25.68413734436035,82.31565856933594,13.3100004196167,15.140000343322754
2024-01-31,468.73968505859375,411.4436340332031,184.47579956054688,87.920166015625,188.4499969482422,20.50806999206543,25.7489013671875,82.32464599609375,14.350000381469727,15.960000038146973
2024-02-01,474.8746032714844,416.28851318359375,186.16305541992188,88.4647445678711,190.41000366210935,20.260099411010746,25.61937141418457,82.3660659790039,13.880000114440918,15.5
2024-02-02,479.873779296875,423.3240051269531,189.78567504882812,87.31346893310547,188.61000061035156,20.03049659729004,25.850677490234375,82.38410186767578,13.850000381469727,15.609999656677246
2024-02-05,478.1264953613281,422.7715148925781,193.4877014160156,86.46372985839844,187.57000732421875,20.1131534576416,25.98945999145508,82.38410186767578,13.670000076293945,15.329999923706055
2024-02-06,479.5146179199219,421.9228210449219,191.29428100585935,86.92974090576172,188.5500030517578,20.18662452697754,25.915441513061523,82.40210723876953,13.0600004196167,14.989999771118164
2024-02-07,483.5139465332031,426.2644958496094,195.15509033203125,86.77438354492188,188.5,20.278467178344727,25.887685775756836,82.41111755371094,12.829999923706055,14.850000381469727
2024-02-08,483.7275695800781,427.053955078125,197.93408203125,86.49112701416016,188.3300018310547,20.3886775970459,25.915441513061523,82.44715881347656,12.789999961853027,14.930000305175781
2024-02-09,486.5231628417969,431.2574768066406,202.32095336914065,86.33580017089844,187.6000061035156,20.44378089904785,25.896936416625977,82.45616149902344,12.930000305175781,15.079999923706055
2024-02-12,486.3096008300781,429.5700988769531,201.536865234375,86.41806030273438,187.11000061035156,20.452964782714844,25.924694061279297,82.47417449951172,13.930000305175781,15.670000076293945
2024-02-13,479.6116638183594,422.8700866699219,197.80506896972656,85.46778869628906,184.52999877929688,20.33357048034668,26.12824249267578,82.47417449951172,15.850000381469727,16.81999969482422
2024-02-14,483.97021484375,427.4782104492187,201.7750701904297,85.78760528564453,184.4199981689453,20.14070701599121,26.081981658935547,82.4922103881836,14.380000114440918,15.930000305175781
2024-02-15,487.3094787597656,428.7511291503906,201.1001739501953,86.0251693725586,185.66000366210935,20.18662452697754,25.980207443237305,82.53724670410156,14.010000228881836,15.760000228881836
2024-02-16,484.8827209472656,424.86334228515625,200.23667907714844,85.65055084228516,186.33999633789065,20.23254776000977,25.98945999145508,82.55528259277344,14.239999771118164,15.859999656677246
2024-02-20,482.2131958007813,421.6564331054687,196.2964630126953,85.79676055908203,187.47000122070312,20.122337341308594,25.952449798583984,82.56427764892578,15.420000076293945,16.40999984741211
2024-02-21,482.6499938964844,419.9690856933594,195.03599548339844,85.52262115478516,187.47999572753903,20.204994201660156,25.924694061279297,82.57327270507812,15.34000015258789,16.229999542236328
2024-02-22,492.63873291015625,432.2639465332031,208.35533142089844,85.53175354003906,187.55999755859375,20.260099411010746,25.924694061279297,82.61834716796875,14.539999961853027,15.770000457763672
2024-02-23,492.9784240722656,430.9910278320313,207.05516052246097,85.9246597290039,188.6199951171875,19.966209411621097,25.943199157714844,82.62736511230469,13.75,15.25
2024-02-26,491.1728820800781,430.76409912109375,208.77218627929688,85.79676055908203,188.1999969482422,20.149890899658203,25.896936416625977,82.62736511230469,13.739999771118164,15.220000267028809
2024-02-27,492.0854187011719,431.8001403808594,208.1667633056641,85.6048583984375,188.0,20.306018829345703,25.915441513061523,82.64539337158203,13.430000305175781,14.890000343322754
2024-02-28,491.43505859375,429.5010681152344,205.854248046875,85.9155044555664,188.33999633789065,20.223363876342773,25.933948516845703,82.65437316894531,13.84000015258789,15.220000267028809
2024-02-29,493.2016906738281,433.18157958984375,210.3601837158203,86.089111328125,189.30999755859375,20.195810317993164,25.98945999145508,82.69043731689453,13.399999618530273,14.930000305175781
2024-03-01,497.8320007324219,439.7039794921875,218.8857421875,86.48213958740234,192.88999938964844,20.29683494567871,25.943199157714844,82.71305084228516,13.109999656677246,14.930000305175781
2024-03-04,497.298095703125,438.1350708007813,222.40911865234375,86.28974914550781,196.0099945068359,20.36112403869629,25.943199157714844,82.72207641601562,13.489999771118164,15.229999542236328
2024-03-05,492.3280944824219,430.270751953125,219.00485229492188,86.82109832763672,197.19000244140625,20.204994201660156,25.915441513061523,82.72207641601562,14.460000038146973,15.90999984741211
2024-03-06,494.8227844238281,432.9743957519531,224.6521759033203,87.03182220458984,198.80999755859375,20.37030792236328,25.822919845581055,82.74020385742188,14.5,15.970000267028809
2024-03-07,499.7345886230469,439.5462036132813,232.41351318359375,87.17837524414062,199.94000244140625,20.425413131713867,25.693389892578125,82.77632904052734,14.4399995803833,15.90999984741211
2024-03-08,496.735107421875,433.2013244628906,223.30238342285156,87.24252319335938,201.6300048828125,20.36112403869629,25.702640533447266,82.7853775024414,14.739999771118164,16.299999237060547
2024-03-11,496.3079833984375,431.5929870605469,219.32244873046875,87.13259887695312,202.0,20.53562355041504,25.730396270751953,82.79441833496094,15.220000267028809,16.459999084472656
2024-03-12,501.64691162109375,437.77984619140625,226.260009765625,86.7752914428711,199.7899932861328,20.48051643371582,25.7489013671875,82.82156372070312,13.84000015258789,15.65999984741211
2024-03-13,500.860595703125,434.4150695800781,221.7838592529297,86.5829086303711,201.19000244140625,20.76522445678711,25.721145629882812,82.82156372070312,13.75,15.600000381469727
2024-03-14,499.8705139160156,433.3197937011719,217.81385803222656,85.94161987304688,200.3500061035156,20.829513549804688,25.85993003845215,82.85773468017578,14.399999618530273,16.1200008392334
2024-03-15,496.4381408691406,428.16900634765625,216.2060089111328,85.79505157470703,199.7100067138672,20.902984619140625,25.887685775756836,82.8758316040039,14.40999984741211,16.40999984741211
2024-03-18,499.3885192871094,432.2525634765625,216.6427001953125,85.69426727294922,200.02999877929688,21.095849990844727,25.943199157714844,82.88487243652344,14.329999923706055,16.219999313354492
2024-03-19,502.1637268066406,433.3295593261719,216.1663055419922,85.94161987304688,199.8000030517578,21.086666107177734,26.007963180541992,82.90296936035156,13.819999694824219,15.770000457763672
2024-03-20,506.8083801269531,438.4673767089844,219.6301116943359,86.14317321777344,202.17999267578125,21.03156089782715,25.887685775756836,82.91204071044922,13.039999961853027,15.279999732971191
2024-03-21,508.4832458496094,440.5423583984375,224.6124725341797,86.15233612060547,201.97000122070312,21.004011154174805,26.0634765625,82.93914794921875,12.920000076293945,15.180000305175781
2024-03-22,507.5191345214844,441.0462341308594,225.9324951171875,86.57376861572266,200.3500061035156,20.857065200805664,26.202259063720703,82.94819641113281,13.0600004196167,15.300000190734863
2024-03-25,506.1170959472656,439.4455871582031,225.3766937255859,86.34469604492188,200.9900054931641,21.03156089782715,26.137495040893555,82.96630096435547,13.1899995803833,15.380000114440918
2024-03-26,505.1822814941406,438.0227661132813,223.2825164794922,86.47295379638672,201.63999938964844,20.866249084472656,26.1560001373291,82.9753189086914,13.239999771118164,15.289999961853027
2024-03-27,509.4277648925781,439.5147399902344,223.20310974121097,86.80279541015625,203.1000061035156,20.847881317138672,26.174503326416016,83.02960205078125,12.779999732971191,15.010000228881836
2024-03-28,509.330322265625,438.70452880859375,223.30238342285156,86.72032928466797,205.72000122070312,21.095849990844727,26.24852180480957,83.02960205078125,13.010000228881836,15.1899995803833
2024-04-01,508.4442443847656,439.6333312988281,226.2302398681641,85.9356689453125,207.82000732421875,21.196874618530273,26.350296020507812,83.05229949951172,13.649999618530273,15.520000457763672
2024-04-02,505.2115173339844,435.8391723632813,223.3222198486328,85.75191497802734,210.88999938964844,21.38974380493164,26.31328773498535,83.07048797607422,14.609999656677246,16.09000015258789
2024-04-03,505.7664184570313,436.8173522949219,224.21546936035156,85.85297393798828,212.7400054931641,21.646896362304688,26.19300842285156,83.07048797607422,14.329999923706055,15.90999984741211
2024-04-04,499.593017578125,430.13812255859375,218.2406311035156,86.14700317382812,211.52000427246097,21.70199966430664,26.19300842285156,83.1068344116211,16.350000381469727,17.15999984741211
2024-04-05,504.8122253417969,435.2068176269531,220.97000122070312,85.57734680175781,215.13999938964844,21.812210083007812,26.220766067504883,83.12498474121094,16.030000686645508,17.18000030517578
2024-04-08,505.0945434570313,435.3353271484375,221.3868408203125,85.3843994140625,216.47999572753903,21.80302619934082,26.18375587463379,83.13407135009766,15.1899995803833,16.559999465942383
2024-04-09,505.6788635253906,436.94580078125,222.41905212402344,85.72435760498047,217.6699981689453,21.68363380432129,26.174503326416016,83.14313507080078,14.979999542236328,16.420000076293945
2024-04-10,500.615478515625,433.13189697265625,220.4836578369141,84.58503723144531,215.61000061035156,21.793840408325195,26.452070236206055,83.16131591796875,15.800000190734863,17.040000915527344
2024-04-11,504.3935546875,440.04827880859375,225.60496520996097,84.46556091308594,219.8000030517578,21.757104873657227,26.4705753326416,83.1885757446289,14.90999984741211,16.489999771118164
2024-04-12,497.4313354492187,433.0331726074219,219.02468872070312,84.81470489501953,216.88999938964844,21.784656524658203,26.68337631225586,83.19764709472656,17.309999465942383,18.200000762939453
2024-04-15,491.1994323730469,425.9093017578125,215.72959899902344,84.27262878417969,220.9499969482422,21.812210083007812,26.72963523864746,83.21582794189453,19.229999542236328,19.549999237060547
2024-04-16,490.3035888671875,425.9488220214844,217.51609802246097,83.94186401367188,221.22000122070312,21.77547264099121,26.766645431518555,83.22490692138672,18.399999618530273,18.84000015258789
2024-04-17,487.4018859863281,420.7516479492187,210.80679321289065,84.47477722167969,219.58999633789065,21.4356632232666,26.68337631225586,83.2340087890625,18.209999084472656,18.770000457763672
2024-04-18,486.3989562988281,418.3507080078125,207.06509399414065,84.18077087402344,220.33999633789065,21.42647933959961,26.738889694213867,83.2794418334961,18.0,18.65999984741211
2024-04-19,482.1534729003906,409.6954040527344,197.71575927734375,84.29100036621094,221.02999877929688,21.527503967285156,26.738889694213867,83.28852081298828,18.709999084472656,19.25
2024-04-22,486.5936584472656,413.8155822753906,201.4971618652344,84.30020904541016,215.57000732421875,21.527503967285156,26.748140335083008,83.30667114257812,16.940000534057617,17.6299991607666
2024-04-23,492.367919921875,419.9908447265625,206.24131774902344,84.41043090820312,215.0399932861328,21.61934471130371,26.637115478515625,83.31575775146484,15.6899995803833,16.68000030517578
2024-04-24,492.13427734375,421.4136962890625,206.47950744628903,84.1531753540039,214.63999938964844,21.591793060302734,26.664871215820312,83.31575775146484,15.970000267028809,16.84000015258789
2024-04-25,490.2646484375,419.3782653808594,210.6083068847656,83.83161163330078,215.9199981689453,21.711185455322266,26.609357833862305,83.3611831665039,15.369999885559082,16.3700008392334
2024-04-26,494.9093322753906,425.8499755859375,216.0074920654297,84.06128692626953,216.6199951171875,21.72955322265625,26.72963523864746,83.3611831665039,15.029999732971191,16.270000457763672
2024-04-29,496.6620788574219,427.5791320800781,216.7419586181641,84.4012680053711,216.17999267578125,21.711185455322266,26.64636611938477,83.37936401367188,14.670000076293945,16.0
2024-04-30,488.7943115234375,419.5165710449219,212.484130859375,84.00619506835938,211.8699951171875,21.4356632232666,26.81290626525879,83.38844299316406,15.649999618530273,16.59000015258789
2024-05-01,487.2072143554687,416.4832763671875,206.2909393310547,84.33883666992188,213.7899932861328,21.123403549194336,26.7851505279541,83.40485382080078,15.390000343322754,16.56999969482422
2024-05-02,491.76416015625,421.7989807128906,210.43959045410156,84.73509979248047,213.1300048828125,21.196874618530273,26.581600189208984,83.45046997070312,14.680000305175781,16.049999237060547
2024-05-03,497.85980224609375,430.2764892578125,216.09683227539065,85.2051010131836,212.9600067138672,21.224428176879883,26.50758171081543,83.4596176147461,13.489999771118164,15.270000457763672
2024-05-06,503.0010986328125,434.989501953125,220.9997711181641,85.27882385253906,215.1999969482422,21.463214874267575,26.53533935546875,83.4596176147461,13.489999771118164,15.020000457763672
2024-05-07,503.5561218261719,435.05865478515625,219.07432556152344,85.49999237060547,214.2100067138672,21.444847106933594,26.609357833862305,83.46873474121094,13.229999542236328,14.949999809265137
2024-05-08,503.6048278808594,434.8017578125,219.73928833007812,85.26039123535156,213.5800018310547,21.334636688232425,26.64636611938477,83.48696899414062,13.0,14.899999618530273
2024-05-09,506.5064697265625,435.750244140625,218.32994079589844,85.51841735839844,216.9499969482422,21.417293548583984,26.553844451904297,83.5325927734375,12.6899995803833,14.710000038146973
2024-05-10,507.1589965820313,436.77789306640625,221.62506103515625,85.24197387695312,218.7100067138672,21.380558013916016,26.59085273742676,83.5325927734375,12.550000190734863,14.65999984741211
2024-05-13,507.2270812988281,437.7856140136719,221.58534240722656,85.34333038330078,216.2599945068359,21.518320083618164,26.581600189208984,83.55083465576172,13.600000381469727,14.890000343322754
2024-05-14,509.55426025390625,440.6015625,225.3766937255859,85.59214782714844,218.08999633789065,21.42647933959961,26.52608871459961,83.55996704101562,13.420000076293945,14.699999809265137
2024-05-15,515.8641967773438,447.4883117675781,232.14553833007812,86.23721313476562,220.88999938964844,21.499950408935547,26.359548568725582,83.5690689086914,12.449999809265137,14.079999923706055
2024-05-16,514.8026733398438,446.579345703125,230.45828247070312,86.07133483886719,220.02999877929688,21.555055618286133,26.424312591552734,83.6055679321289,12.420000076293945,14.220000267028809
2024-05-17,515.542724609375,446.3619689941406,228.52291870117188,85.80408477783203,223.66000366210935,21.77547264099121,26.424312591552734,83.61470031738281,11.989999771118164,13.989999771118164
2024-05-20,516.1366577148438,449.4743041992187,233.23728942871097,85.67507934570312,224.55999755859375,21.968339920043945,26.461322784423828,83.63294982910156,12.149999618530273,14.109999656677246
2024-05-21,517.4026489257812,450.3536682128906,232.9097595214844,85.89624786376953,224.22999572753903,21.87649917602539,26.461322784423828,83.6420669555664,11.859999656677246,13.949999809265137
2024-05-22,515.9127807617188,450.2647705078125,234.8153533935547,85.78565979003906,220.11000061035156,21.564239501953125,26.544593811035156,83.66033172607422,12.289999961853027,14.3100004196167
2024-05-23,512.1444091796875,448.2392578125,238.02113342285156,85.48157501220703,215.72000122070312,21.454030990600582,26.600107192993164,83.71504974365234,12.770000457763672,14.670000076293945
2024-05-24,515.5330200195312,452.4779968261719,242.4278259277344,85.59214782714844,215.9199981689453,21.600975036621097,26.516836166381836,83.72418212890625,11.930000305175781,14.170000076293945
2024-05-28,515.893310546875,454.1872863769531,247.95603942871097,85.11293029785156,218.19000244140625,21.98670768737793,26.479827880859375,83.71504974365234,12.920000076293945,14.720000267028809
2024-05-29,512.28076171875,450.9860229492187,243.8073883056641,84.6982650756836,216.16000366210935,21.757104873657227,26.62786293029785,83.73330688476562,14.279999732971191,15.449999809265137
2024-05-30,508.8824157714844,446.1544799804687,240.4527587890625,85.12215423583984,216.57000732421875,21.472396850585938,26.544593811035156,83.75155639648438,14.470000267028809,15.59000015258789
2024-05-31,513.5175170898438,445.3245239257813,238.6761779785156,85.51841735839844,215.3000030517578,21.371374130249023,26.52608871459961,83.76978302001953,12.920000076293945,14.65999984741211
2024-06-03,513.93603515625,447.7156066894531,241.65367126464844,86.07853698730469,217.22000122070312,21.06829833984375,26.387304306030273,83.78353118896484,13.109999656677246,14.800000190734863
2024-06-04,514.5106811523438,448.9407348632813,240.78028869628903,86.5499267578125,215.27000427246097,20.857065200805664,26.396556854248047,83.8018798828125,13.15999984741211,14.880000114440918
2024-06-05,520.6256713867188,457.9913330078125,252.5016937255859,86.86419677734375,217.82000732421875,20.93053817749023,26.43356704711914,83.81102752685547,12.630000114440918,14.539999961853027
2024-06-06,520.6159057617188,457.8332214355469,250.51670837402344,86.82720947265625,219.42999267578125,21.2060604095459,26.396556854248047,83.82018280029297,12.579999923706055,14.539999961853027
2024-06-07,519.9830322265625,457.4281311035156,250.3181915283203,85.91217041015625,211.6000061035156,20.902984619140625,26.61861038208008,83.85684967041016,12.220000267028809,14.40999984741211
2024-06-10,521.5895385742188,459.2757263183594,253.94081115722656,85.7273178100586,213.5399932861328,21.2060604095459,26.68337631225586,83.87516784667969,12.739999771118164,14.600000381469727
2024-06-11,522.8457641601562,462.42767333984375,253.5636749267578,86.1801986694336,214.1499938964844,21.17850685119629,26.72038459777832,83.88432312011719,12.850000381469727,14.489999771118164
2024-06-12,527.139892578125,468.48443603515625,261.1165771484375,86.66085052490234,214.72000122070312,21.25197982788086,26.600107192993164,83.90267181396484,12.039999961853027,14.119999885559082
2024-06-13,528.2012939453125,471.023681640625,265.2056884765625,87.23387908935547,212.97000122070312,21.270349502563477,26.701879501342773,83.91181182861328,11.9399995803833,14.170000076293945
2024-06-14,528.522705078125,473.4641723632813,265.8805847167969,87.43721771240234,215.72999572753903,21.18769073486328,26.82215881347656,83.9576416015625,12.65999984741211,14.84000015258789
2024-06-17,532.7291259765625,479.2640686035156,270.4361572265625,87.03054809570312,214.61000061035156,21.261165618896484,26.75739288330078,83.9668197631836,12.75,14.789999961853027
2024-06-18,534.0825805664062,479.4122314453125,274.6840515136719,87.40948486328125,215.47000122070312,21.4356632232666,26.748140335083008,83.98513793945312,12.300000190734863,14.6899995803833
2024-06-20,532.6318359375,475.7169189453125,266.9028625488281,87.18767547607422,218.16000366210935,21.48158264160156,26.859169006347656,84.00347137451172,13.279999732971191,15.40999984741211
2024-06-21,531.917724609375,474.4423522949219,262.903076171875,87.2061538696289,214.77999877929688,21.307085037231445,26.923933029174805,84.03096771240234,13.199999809265137,15.170000076293945
2024-06-24,530.188720703125,469.0410461425781,253.8614196777344,87.28011322021484,215.6300048828125,21.48158264160156,26.831411361694336,84.04927825927734,13.329999923706055,15.229999542236328
2024-06-25,532.2302856445312,474.4047546386719,259.8064880371094,87.35405731201172,214.55999755859375,21.27953338623047,26.859169006347656,84.04927825927734,12.84000015258789,14.859999656677246
2024-06-26,532.89453125,475.3844909667969,258.95294189453125,86.82720947265625,212.5800018310547,21.316267013549805,26.988697052001953,84.0584716796875,12.550000190734863,14.710000038146973
2024-06-27,533.7346801757812,476.6116027832031,256.9183044433594,87.02131652832031,214.9900054931641,21.42647933959961,26.951688766479492,84.07677459716797,12.239999771118164,14.420000076293945
2024-06-28,531.6343383789062,474.1375122070313,258.7445068359375,86.55916595458984,215.0099945068359,21.334636688232425,26.951688766479492,84.10426330566406,12.4399995803833,14.520000457763672
2024-07-01,532.728515625,476.9184265136719,259.0522155761719,85.91482543945312,215.57000732421875,21.61016082763672,26.960941314697266,84.13371276855469,12.220000267028809,14.1899995803833
2024-07-02,536.3135986328125,481.9259338378906,261.65252685546875,86.23931121826172,215.55999755859375,21.637710571289062,26.923933029174805,84.1429214477539,12.029999732971191,14.010000228881836
2024-07-03,538.70703125,485.9437561035156,267.5976257324219,86.8141098022461,217.9900054931641,21.757104873657227,26.81290626525879,84.1705093383789,12.09000015258789,14.020000457763672
2024-07-05,541.8134155273438,491.0106201171875,267.69683837890625,87.29619598388672,220.92999267578125,21.839763641357425,26.72038459777832,84.19812774658203,12.479999542236328,14.350000381469727
2024-07-08,542.4386596679688,492.1783447265625,272.1531677246094,87.32402801513672,218.19000244140625,21.54587173461914,26.766645431518555,84.21654510498047,12.369999885559082,14.289999961853027
2024-07-09,542.9661254882812,492.6038818359375,272.7486572265625,87.2034912109375,218.55999755859375,21.39892578125,26.803653717041016,84.21654510498047,12.510000228881836,14.390000343322754
2024-07-10,548.3389892578125,497.7400207519531,279.1601867675781,87.28693389892578,219.36000061035156,21.39892578125,26.775897979736328,84.23495483398438,12.850000381469727,14.5
2024-07-11,543.6109008789062,486.8245239257813,268.9870910644531,87.84321594238281,223.25,21.472396850585938,26.637115478515625,84.24412536621094,12.920000076293945,14.670000076293945
2024-07-12,547.0396118164062,489.6845397949219,272.3913879394531,88.02861785888672,223.11000061035156,21.38974380493164,26.544593811035156,84.28096008300781,12.460000038146973,14.369999885559082
2024-07-15,548.5440673828125,491.0007019042969,271.7760314941406,87.75048828125,223.8300018310547,21.233613967895508,26.59085273742676,84.29936981201172,13.119999885559082,14.869999885559082
2024-07-16,551.7969970703125,491.1887512207031,271.65692138671875,88.139892578125,228.2899932861328,21.17850685119629,26.59085273742676,84.29936981201172,13.1899995803833,14.90999984741211
2024-07-17,544.0602416992188,476.76995849609375,252.31312561035156,88.21405029296875,227.22999572753903,21.17850685119629,26.4705753326416,84.32697296142578,14.479999542236328,15.789999961853027
2024-07-18,539.879150390625,474.51361083984375,253.6232147216797,87.96373748779297,225.77999877929688,21.022377014160156,26.59085273742676,84.336181640625,15.930000305175781,16.559999465942383
2024-07-19,536.2940673828125,470.3077087402344,246.2787322998047,87.68558502197266,221.72999572753903,20.7376708984375,26.664871215820312,84.3637924194336,16.520000457763672,17.15999984741211
2024-07-22,541.8233032226562,477.3142395019531,255.786865234375,87.60213470458984,221.8000030517578,20.79277610778809,26.64636611938477,84.38220977783203,14.90999984741211,16.09000015258789
2024-07-23,540.9733276367188,475.6318664550781,252.9483184814453,87.66704559326172,222.5800018310547,20.599910736083984,26.692628860473633,84.38220977783203,14.720000267028809,16.010000228881836
2024-07-24,528.7135009765625,458.57080078125,239.17242431640625,87.47235870361328,221.8000030517578,20.59072494506836,26.68337631225586,84.40982055664062,18.040000915527344,18.43000030517578
2024-07-25,525.958740234375,453.5138244628906,234.78558349609375,87.66704559326172,218.3300018310547,20.636646270751953,26.68337631225586,84.40982055664062,18.459999084472656,18.690000534057617
2024-07-26,531.8493041992188,458.1650390625,238.50746154785156,88.08426666259766,220.6300048828125,20.425413131713867,26.664871215820312,84.45581817626953,16.389999389648438,17.239999771118164
2024-07-29,532.1619873046875,459.0853576660156,236.8102874755859,88.23259735107422,220.32000732421875,20.33357048034668,26.738889694213867,84.45581817626953,16.600000381469727,17.15999984741211
2024-07-30,529.4656982421875,452.7815551757813,227.7487640380859,88.41800689697266,222.52000427246097,20.269283294677734,26.75739288330078,84.46501159667969,17.690000534057617,18.010000228881836
2024-07-31,538.0719604492188,466.1809997558594,245.13735961914065,89.0669937133789,226.5500030517578,20.7376708984375,26.609357833862305,84.48344421386719,16.360000610351562,16.969999313354492
2024-08-01,530.452392578125,454.889404296875,229.27720642089844,89.44731903076172,225.77000427246097,20.489700317382812,26.701879501342773,84.50373840332031,18.59000015258789,19.139999389648438
2024-08-02,520.5762939453125,444.0926818847656,216.7915802001953,90.83287048339844,225.33999633789065,20.1131534576416,26.43356704711914,84.54998016357422,23.389999389648438,23.34000015258789
2024-08-05,505.41510009765625,430.8515319824219,211.70997619628903,90.92584991455078,222.47999572753903,20.076417922973633,26.28553009033203,84.54998016357422,38.56999969482422,33.709999084472656
2024-08-06,510.0748901367187,434.9683837890625,215.828857421875,90.1168441772461,220.6999969482422,19.911104202270508,26.368799209594727,84.56847381591797,27.709999084472656,26.760000228881836
2024-08-07,506.66546630859375,430.2577209472656,209.88377380371097,89.7913818359375,220.5500030517578,20.094785690307617,26.424312591552734,84.58695983886719,27.850000381469727,27.010000228881836
2024-08-08,518.3782348632812,443.4197082519531,223.2229766845703,89.5217056274414,224.0099945068359,20.278467178344727,26.461322784423828,84.5962142944336,23.790000915527344,24.1299991607666
2024-08-09,520.6640625,445.7353820800781,223.16342163085935,89.88436889648438,224.55999755859375,20.397859573364254,26.43356704711914,84.61467742919922,20.3700008392334,21.18000030517578
2024-08-12,520.9376220703125,446.69537353515625,225.2576141357422,90.13543701171876,228.41000366210935,20.682567596435547,26.43356704711914,84.64242553710938,20.709999084472656,21.6299991607666
2024-08-13,529.5048217773438,457.7790832519531,234.4183654785156,90.5353012084961,228.05999755859375,20.489700317382812,26.294782638549805,84.65164947509766,18.1200008392334,19.860000610351562
2024-08-14,531.1753540039062,457.9275512695313,234.61685180664065,90.65618896484376,226.1999969482422,20.36112403869629,26.322540283203125,84.66090393066406,16.190000534057617,18.450000762939453
2024-08-15,540.2797241210938,469.4962158203125,244.52200317382812,90.08895111083984,226.91000366210935,20.526437759399418,26.41506004333496,84.67015075683594,15.229999542236328,17.8799991607666
2024-08-16,541.4911499023438,470.0999145507813,244.8594665527344,90.26563262939452,231.9900054931641,20.397859573364254,26.28553009033203,84.71636199951172,14.800000190734863,17.809999465942383
2024-08-19,546.66845703125,476.2751159667969,249.4547119140625,90.3865203857422,231.61000061035156,20.28765296936035,26.146747589111328,84.71636199951172,14.649999618530273,17.59000015258789
2024-08-20,545.7794799804688,475.2756042480469,246.19932556152344,90.7491683959961,232.4600067138672,20.204994201660156,26.05422592163086,84.73486328125,15.880000114440918,18.280000686645508
2024-08-21,547.6550903320312,477.4923095703125,248.75006103515625,90.93516540527344,232.1499938964844,20.10396957397461,25.97095489501953,84.75334930419922,16.270000457763672,18.579999923706055
2024-08-22,543.3568115234375,469.9217529296875,240.6016387939453,90.5167007446289,229.3699951171875,20.085601806640625,26.09123420715332,84.75334930419922,17.549999237060547,19.360000610351562
2024-08-23,549.1301879882812,475.018310546875,246.52685546875,90.93516540527344,232.02000427246097,20.44378089904785,25.869178771972656,84.7903060913086,15.859999656677246,18.190000534057617
2024-08-26,547.8211669921875,470.4067077636719,240.75050354003903,90.82356262207033,232.7599945068359,20.655014038085938,25.924694061279297,84.79955291748047,16.149999618530273,18.25
2024-08-27,548.573486328125,471.8119812011719,243.1721954345703,90.78638458251952,233.38999938964844,20.55398941040039,25.84142303466797,84.81805419921875,15.430000305175781,17.729999542236328
2024-08-28,545.3887329101562,466.4580993652344,239.08311462402344,90.73987579345705,231.75,20.306018829345703,25.98945999145508,84.8272705078125,17.110000610351562,18.899999618530273
2024-08-29,545.4376220703125,465.7752380371094,236.12545776367188,90.581787109375,232.9499969482422,20.53562355041504,26.081981658935547,84.8272705078125,15.649999618530273,18.0
2024-08-30,550.6443481445312,471.3269958496094,241.6338348388672,90.26563262939452,231.2899932861328,20.306018829345703,26.1560001373291,84.87348937988281,15.0,17.43000030517578
2024-09-03,539.3125610351562,457.01715087890625,223.50086975097656,90.86067962646484,230.2899932861328,19.901918411254883,26.202259063720703,84.90689849853516,20.719999313354492,21.700000762939453
2024-09-04,538.2088012695312,455.8294982910156,222.9649200439453,91.3922882080078,230.42999267578125,19.754974365234375,26.072731018066406,84.91620635986328,21.31999969482422,22.06999969482422
2024-09-05,536.8997192382812,456.2550659179687,222.5778350830078,91.60680389404295,232.3500061035156,19.800893783569336,26.03571891784668,84.92549896240234,19.899999618530273,20.93000030517578
2024-09-06,527.8635864257812,444.03326416015625,213.38731384277344,91.73738861083984,230.6300048828125,19.534557342529297,26.072731018066406,84.97193908691406,22.3799991607666,22.739999771118164
2024-09-09,533.7737426757812,449.7433776855469,218.2108459472656,91.86797332763672,231.6000061035156,19.58966064453125,26.18375587463379,84.97193908691406,19.450000762939453,20.8799991607666
2024-09-10,536.0987548828125,453.89984130859375,220.27525329589844,92.25967407226562,232.6199951171875,19.304954528808594,26.19300842285156,84.9997787475586,19.079999923706055,20.549999237060547
2024-09-11,541.5985107421875,463.75640869140625,231.64927673339844,92.19439697265624,232.25,19.47945022583008,26.220766067504883,84.9997787475586,17.690000534057617,19.59000015258789
2024-09-12,546.1605834960938,468.3087158203125,232.14553833007812,92.04515075683594,236.3300018310547,19.856000900268555,26.10973739624023,85.00904846191406,17.06999969482422,19.479999542236328
2024-09-13,549.0128784179688,470.4067077636719,235.13296508789065,92.22235107421876,238.67999267578125,19.89273452758789,26.072731018066406,85.05548095703125,16.559999465942383,19.280000686645508
2024-09-16,549.8237915039062,468.3284606933594,232.0462951660156,92.4648666381836,238.66000366210935,20.03968048095703,25.98945999145508,85.07402038574219,17.139999389648438,19.809999465942383
2024-09-17,550.0484619140625,468.5758972167969,231.9668884277344,92.29698944091795,237.33999633789065,20.177440643310547,26.072731018066406,85.08331298828125,17.610000610351562,20.1299991607666
2024-09-18,548.4171752929688,466.5472106933594,229.32684326171875,91.89591217041016,235.5099945068359,20.048864364624023,26.100486755371097,85.10189056396484,18.229999542236328,20.350000381469727
2024-09-19,557.7754516601562,478.3434448242187,239.28160095214844,91.8213119506836,239.1699981689453,20.40704345703125,25.98945999145508,85.1204605102539,16.329999923706055,19.06999969482422
2024-09-20,556.811279296875,477.4330139160156,236.11553955078125,91.79334259033205,242.2100067138672,20.40704345703125,26.03571891784668,85.15757751464844,16.149999618530273,18.940000534057617
2024-09-23,558.2027587890625,478.6985473632813,237.15765380859375,91.73738861083984,242.67999267578125,20.416229248046875,26.072731018066406,85.16686248779297,15.890000343322754,18.700000762939453
2024-09-24,559.7998657226562,481.0075988769531,241.5742645263672,91.8399887084961,246.07000732421875,20.756040573120117,25.924694061279297,85.1761474609375,15.390000343322754,18.469999313354492
2024-09-25,558.5653076171875,481.45355224609375,243.69821166992188,91.46690368652344,245.72999572753903,20.58154296875,26.100486755371097,85.1947021484375,15.40999984741211,18.56999969482422
2024-09-26,560.7798461914062,485.07073974609375,250.72511291503903,91.401611328125,246.97999572753903,20.397859573364254,25.980207443237305,85.1947021484375,15.369999885559082,18.450000762939453
2024-09-27,559.9664306640625,482.3751831054687,245.88172912597656,91.76536560058594,245.02000427246097,20.498884201049805,25.97095489501953,85.22256469726562,16.959999084472656,19.540000915527344
2024-09-30,562.2103881835938,483.6833190917969,243.60890197753903,91.51355743408205,243.05999755859375,20.452964782714844,26.072731018066406,85.2318344116211,16.729999542236328,19.219999313354492
2024-10-01,557.1739501953125,476.9444274902344,237.0881805419922,91.84654235839844,245.61000061035156,20.81114387512207,26.18375587463379,85.25141143798828,19.260000228881836,20.889999389648438
2024-10-02,557.4090576171875,477.6183471679687,240.50238037109375,91.58464050292967,245.66000366210935,20.98564338684082,26.294782638549805,85.26075744628906,18.899999618530273,20.59000015258789
2024-10-03,556.3900146484375,477.2615356445313,242.71566772460935,91.11693572998048,245.4900054931641,21.28871726989746,26.378053665161133,85.27938079833984,20.489999771118164,21.6299991607666
2024-10-04,561.4461059570312,482.9400329589844,245.9611358642578,90.2376480102539,245.0,21.343820571899418,26.52608871459961,85.29803466796875,19.209999084472656,20.649999618530273
2024-10-07,556.3704223632812,477.7669677734375,246.3581390380859,89.91027069091797,244.1699981689453,21.637710571289062,26.544593811035156,85.31668853759766,22.639999389648438,22.59000015258789
2024-10-08,561.63232421875,484.90228271484375,250.62586975097656,89.98509979248047,242.3699951171875,21.132587432861328,26.544593811035156,85.31668853759766,21.420000076293945,21.520000457763672
2024-10-09,565.5223999023438,488.7176513671875,253.23614501953125,89.64836883544922,241.0500030517578,20.94890594482422,26.664871215820312,85.32598876953125,20.860000610351562,20.90999984741211
2024-10-10,564.53271484375,488.1626892089844,252.73988342285156,89.6390151977539,242.82000732421875,21.36219024658203,26.65561866760254,85.3353271484375,20.93000030517578,21.020000457763672
2024-10-11,567.9132690429688,488.9257507324219,254.7646026611328,89.66706848144531,245.47000122070312,21.380558013916016,26.674121856689453,85.38191223144531,20.459999084472656,20.770000457763672
2024-10-14,572.5579223632812,493.0285949707031,259.3201599121094,89.5080795288086,245.07000732421875,21.04993057250977,26.75739288330078,85.37258911132812,19.700000762939453,20.1200008392334
2024-10-15,568.1091918945312,486.4383239746094,245.3060760498047,89.96639251708984,245.9199981689453,20.645830154418945,26.775897979736328,85.40056610107422,20.639999389648438,20.799999237060547
2024-10-16,570.5784912109375,486.497802734375,245.4648895263672,90.10669708251952,247.1499938964844,20.59072494506836,26.84991455078125,85.40056610107422,19.579999923706055,20.31999969482422
2024-10-17,570.6275024414062,486.834716796875,249.69293212890625,89.6390151977539,248.6300048828125,20.61827850341797,26.933185577392575,85.41920471191406,19.110000610351562,19.809999465942383
2024-10-18,572.8224487304688,490.02581787109375,249.6234436035156,89.74189758300781,251.27000427246097,20.50806999206543,26.859169006347656,85.4471664428711,18.030000686645508,19.190000534057617
2024-10-21,571.8817138671875,490.9672546386719,250.94346618652344,89.0497055053711,251.22000122070312,20.572359085083008,26.979446411132812,85.46583557128906,18.3700008392334,19.239999771118164
2024-10-22,571.5780029296875,491.5024108886719,249.80209350585935,88.96553802490234,253.92999267578125,20.93053817749023,27.0072021484375,85.47512817382812,18.200000762939453,19.170000076293945
2024-10-23,566.3552856445312,483.9706726074219,247.14219665527344,88.75973510742188,250.8699951171875,20.81114387512207,27.09972381591797,85.47512817382812,19.239999771118164,20.040000915527344
2024-10-24,567.5801391601562,487.8951110839844,248.184326171875,88.95616149902344,252.8000030517578,20.80195999145508,26.99795150756836,85.48444366455078,19.079999923706055,19.850000381469727
2024-10-25,567.3841552734375,490.8681945800781,251.0625762939453,88.75973510742188,253.32000732421875,20.94890594482422,27.090473175048828,85.5217514038086,20.329999923706055,20.940000534057617
2024-10-28,569.1381225585938,490.9474182128906,249.32571411132812,88.55394744873047,253.3300018310547,20.3886775970459,27.090473175048828,85.5217514038086,19.799999237060547,20.170000076293945
2024-10-29,570.0592651367188,495.6646423339844,254.99285888671875,88.59136199951172,256.0899963378906,20.351940155029297,27.09972381591797,85.54039764404297,19.34000015258789,19.959999084472656
2024-10-30,568.3346557617188,491.9186401367187,248.79965209960935,88.46041107177734,257.5,20.609094619750977,27.034957885742188,85.5497055053711,20.350000381469727,20.760000228881836
2024-10-31,557.193603515625,479.501220703125,239.86717224121097,88.41364288330078,253.5099945068359,20.746854782104492,27.016454696655273,85.5683364868164,23.15999984741211,22.639999389648438
2024-11-01,559.545166015625,483.0490112304687,242.9141540527344,87.89006805419922,252.47000122070312,20.526437759399418,27.127479553222656,85.60482788085938,21.8799991607666,21.90999984741211
2024-11-04,558.33984375,481.641845703125,242.4377593994141,88.35920715332031,252.8300018310547,20.87543296813965,27.025707244873047,85.62357330322266,21.979999542236328,21.56999969482422
2024-11-05,565.09130859375,487.7861022949219,246.44744873046875,88.40613555908203,253.3999938964844,21.004011154174805,26.91468048095703,85.62357330322266,20.489999771118164,20.190000534057617
2024-11-06,579.142578125,501.0359497070313,252.8986968994141,87.49598693847656,245.6999969482422,20.7744083404541,27.349533081054688,85.64228057861328,16.270000457763672,17.670000076293945
2024-11-07,583.6205444335938,508.9243469238281,259.0621032714844,88.19969177246094,249.6499938964844,20.98564338684082,27.127479553222656,85.65162658691406,15.199999809265137,16.950000762939453
2024-11-08,586.148681640625,509.5190124511719,257.39471435546875,88.38736724853516,247.9600067138672,20.66419982910156,27.31252670288086,85.69844055175781,14.9399995803833,16.829999923706055
2024-11-11,586.7072143554688,509.2217102050781,251.6282958984375,88.14341735839844,242.13999938964844,20.33357048034668,27.46981430053711,85.68907928466797,14.970000267028809,16.799999237060547
2024-11-12,584.8846435546875,508.300048828125,249.9708251953125,87.58984375,240.0500030517578,20.223363876342773,27.590091705322266,85.69844055175781,14.710000038146973,16.709999084472656
2024-11-13,585.1688232421875,507.6460266113281,245.77256774902344,87.53348541259766,237.6300048828125,20.159074783325195,27.747379302978516,85.71711730957031,14.020000457763672,16.510000228881836
2024-11-14,581.4061279296875,504.1180114746094,246.31842041015625,87.52410888671875,237.0099945068359,20.14070701599121,27.858407974243164,85.71711730957031,14.3100004196167,16.68000030517578
2024-11-15,573.9590454101562,492.10693359375,238.1501617431641,87.5616683959961,236.58999633789065,20.03968048095703,27.830650329589844,85.74520111083984,16.139999389648438,17.809999465942383
2024-11-18,576.310791015625,495.52587890625,239.7282257080078,87.75870513916016,241.08999633789065,20.498884201049805,27.69186782836914,85.75457000732422,15.579999923706055,17.190000534057617
2024-11-19,578.4175415039062,498.9349670410156,242.34841918945312,87.9463882446289,243.25,20.563173294067383,27.682613372802734,85.78263092041016,16.350000381469727,17.690000534057617
2024-11-20,578.6134033203125,498.6476135253906,240.72071838378903,87.81501007080078,244.6199951171875,20.55398941040039,27.82139587402344,85.7919921875,17.15999984741211,18.260000228881836
2024-11-21,581.7196044921875,500.4413146972656,244.25404357910156,87.76810455322266,246.66000366210935,20.700937271118164,27.91391944885254,85.80135345458984,16.8700008392334,18.18000030517578
2024-11-22,583.5226440429688,501.2440490722656,242.7851104736328,87.82439422607422,249.83999633789065,20.719303131103516,28.061954498291016,85.82943725585938,15.239999771118164,17.299999237060547
2024-11-25,585.501953125,502.036865234375,241.83233642578125,88.77207946777344,242.47999572753903,20.425413131713867,27.867658615112305,85.83879089355469,14.600000381469727,16.8700008392334
2024-11-26,588.5591430664062,504.73236083984375,239.609130859375,88.58441925048828,242.9499969482422,20.425413131713867,27.90466690063477,85.83879089355469,14.100000381469727,16.530000686645508
2024-11-27,586.7758178710938,500.7584533691406,236.46290588378903,88.94095611572266,243.4900054931641,20.315204620361328,27.66411018371582,85.86685943603516,14.100000381469727,16.600000381469727
2024-11-29,590.4208374023438,505.1585083007813,240.31381225585935,89.31627655029297,245.58999633789065,20.33357048034668,27.617849349975582,85.88555908203125,13.510000228881836,16.260000228881836
2024-12-02,591.4791870117188,510.6585998535156,246.0107421875,89.30876159667969,243.44000244140625,20.18662452697754,27.78438949584961,85.9090576171875,13.34000015258789,16.34000015258789
2024-12-03,591.7534790039062,512.2244262695312,246.55662536621097,89.05462646484375,243.92999267578125,20.416229248046875,27.775136947631836,85.92784118652344,13.300000190734863,16.239999771118164
2024-12-04,595.4278564453125,518.5570068359375,250.73504638671875,89.39346313476562,244.6699981689453,20.306018829345703,27.76588249206543,85.93724060058594,13.449999809265137,16.389999389648438
2024-12-05,594.4481201171875,517.1199951171875,246.43751525878903,89.38404083251953,242.86000061035156,20.278467178344727,27.617849349975582,85.94661712646484,13.539999961853027,16.579999923706055
2024-12-06,595.5750122070312,521.7479858398438,246.7451934814453,89.6664047241211,242.9499969482422,20.122337341308594,27.69186782836914,85.98418426513672,12.770000457763672,16.31999969482422
2024-12-09,592.5079956054688,517.6848754882812,244.22425842285156,89.35581970214844,245.36000061035156,20.315204620361328,27.738126754760746,85.99358367919922,14.1899995803833,17.09000015258789
2024-12-10,590.6658325195312,515.9209594726562,238.0806884765625,89.19581604003906,248.58999633789065,20.36112403869629,27.802892684936523,86.01238250732422,14.180000305175781,16.979999542236328
2024-12-11,595.2320556640625,525.1571044921875,243.9066619873047,88.9322738647461,250.9600067138672,20.61827850341797,27.895414352416992,86.0217514038086,13.579999923706055,16.8799991607666
2024-12-12,592.1651000976562,521.7679443359375,241.5445098876953,88.59344482421875,247.27999877929688,20.53562355041504,27.98793601989746,86.04054260253906,13.920000076293945,17.350000381469727
2024-12-13,592.0474853515625,525.7617797851562,247.61859130859375,88.17933654785156,244.2899932861328,20.526437759399418,27.997190475463867,86.06871795654297,13.8100004196167,17.149999618530273
2024-12-16,594.5755615234375,533.3330078125,251.3503875732422,88.20756530761719,244.8800048828125,20.416229248046875,27.950927734375,86.07811737060547,14.6899995803833,17.56999969482422
2024-12-17,592.1257934570312,530.9843139648438,248.0850830078125,88.20756530761719,243.94000244140625,20.278467178344727,27.97868537902832,86.08750915527344,15.869999885559082,18.1299991607666
2024-12-18,574.4784545898438,511.8280334472656,240.17486572265625,87.52579498291016,239.2599945068359,20.094785690307617,28.302513122558594,86.08750915527344,27.6200008392334,24.239999771118164
2024-12-19,574.3020629882812,509.5486755371094,237.0782470703125,87.12918853759766,239.6000061035156,20.094785690307617,28.3580265045166,86.0997543334961,24.09000015258789,24.139999389648438
2024-12-20,581.2000122070312,513.9983520507812,240.88946533203125,87.45024871826172,242.1000061035156,20.223363876342773,28.219242095947266,86.13749694824219,18.360000610351562,20.100000381469727
2024-12-23,584.6802978515625,519.0060424804688,248.44692993164065,87.06309509277344,240.9600067138672,20.238842010498047,28.322710037231445,86.13749694824219,16.780000686645508,18.649999618530273
2024-12-24,591.1791381835938,526.0438232421875,250.5902557373047,87.11030578613281,241.44000244140625,20.354934692382812,28.400068283081055,86.15635681152344,14.270000457763672,17.200000762939453
2024-12-26,591.2184448242188,525.6863403320312,250.1516265869141,87.17639923095703,243.07000732421875,20.296886444091797,28.34204864501953,86.17521667480469,14.729999542236328,17.360000610351562
2024-12-27,584.9949951171875,518.6983642578125,247.6294708251953,86.94977569580078,241.3999938964844,20.393630981445312,28.293699264526367,86.21293640136719,15.949999809265137,18.06999969482422
2024-12-30,578.3192138671875,511.7996826171875,243.9010772705078,87.4596939086914,240.6300048828125,20.57744598388672,28.322710037231445,86.21293640136719,17.399999618530273,18.940000534057617
2024-12-31,576.2152709960938,507.4521484375,241.41879272460935,87.29915618896484,242.1300048828125,20.683862686157227,28.448415756225582,86.2318115234375,17.350000381469727,18.979999542236328
2025-01-02,574.7994384765625,506.4595031738281,244.0306701660156,87.34637451171875,245.4199981689453,20.887025833129883,28.690160751342773,86.25067138671875,17.93000030517578,19.329999923706055
2025-01-03,581.9864501953125,514.747802734375,251.09869384765625,87.20472717285156,243.4900054931641,20.780607223510746,28.603132247924805,86.26009368896484,16.1299991607666,18.139999389648438
2025-01-06,585.339111328125,520.6636352539062,259.42279052734375,87.1197509765625,243.19000244140625,20.819305419921875,28.41940689086914,86.26951599121094,16.040000915527344,18.030000686645508
2025-01-07,578.722412109375,511.3728637695313,253.25196838378903,86.72315216064453,244.55999755859375,20.91604995727539,28.525774002075195,86.28838348388672,17.81999969482422,19.190000534057617
2025-01-08,579.56787109375,511.4622192382813,251.4475860595703,86.87422943115234,245.86000061035156,20.877351760864254,28.63214111328125,86.30725860595703,17.700000762939453,19.34000015258789
2025-01-10,570.7193603515625,503.4419860839844,246.4132537841797,86.2415771484375,248.2100067138672,21.438467025756836,28.77718734741211,86.33554077148438,19.540000915527344,20.969999313354492
2025-01-13,571.6043090820312,501.8240051269531,243.88113403320312,86.0904769897461,245.7400054931641,21.5932559967041,28.86421585083008,86.34497833251953,19.190000534057617,20.43000030517578
2025-01-14,572.3907470703125,501.3475341796875,244.6786651611328,86.1187973022461,247.02999877929688,21.583581924438477,28.680490493774418,86.36386108398438,18.709999084472656,19.989999771118164
2025-01-15,582.8025512695312,512.8817138671875,250.43077087402344,87.02532196044922,248.8800048828125,21.931861877441406,28.63214111328125,86.37327575683594,16.1200008392334,18.229999542236328
2025-01-16,581.6817016601562,509.2884521484375,251.5074005126953,87.23306274414062,250.6000061035156,21.83511734008789,28.63214111328125,86.37327575683594,16.600000381469727,18.350000381469727
2025-01-17,587.521728515625,517.8843994140625,257.44891357421875,87.29915618896484,249.27000427246097,21.738372802734375,28.738508224487305,86.4204330444336,15.970000267028809,18.190000534057617
2025-01-21,592.899658203125,520.921875,261.5760803222656,87.5918960571289,253.1300048828125,21.631956100463867,28.371057510375977,86.4204330444336,15.0600004196167,17.5
2025-01-22,596.2326049804688,527.582275390625,266.3412780761719,87.36527252197266,254.42999267578125,21.612606048583984,28.41940689086914,86.43929290771484,15.100000381469727,17.809999465942383
2025-01-23,599.48681640625,528.7039184570312,266.0222473144531,87.13863372802734,254.07000732421875,21.53521156311035,28.40973663330078,86.43929290771484,15.020000457763672,17.520000457763672
2025-01-24,597.7367553710938,525.7161254882812,260.71875,87.31805419921875,255.6499938964844,21.544885635375977,28.235681533813477,86.47702026367188,14.850000381469727,17.549999237060547
2025-01-27,589.2815551757812,510.4101257324219,235.0785217285156,87.88462829589844,252.9900054931641,21.21595573425293,28.245349884033203,86.48643493652344,17.899999618530273,18.969999313354492
2025-01-28,594.3449096679688,517.9539794921875,239.70413208007812,87.8940658569336,255.17999267578125,21.235305786132812,28.361387252807617,86.48643493652344,16.40999984741211,18.1299991607666
2025-01-29,591.6805419921875,516.981201171875,238.7869873046875,87.79019165039062,254.1999969482422,21.274002075195312,28.41940689086914,86.49588012695312,16.559999465942383,18.149999618530273
2025-01-30,594.8561401367188,519.1847534179688,244.4095001220703,87.97904968261719,258.04998779296875,21.29335021972656,28.41940689086914,86.50531768798828,15.84000015258789,17.90999984741211
2025-01-31,591.6903686523438,518.430419921875,242.8643035888672,87.83740997314453,258.55999755859375,21.25465202331543,28.535444259643555,86.53361511230469,16.43000030517578,18.43000030517578
2025-02-03,587.70849609375,514.2811889648438,238.0393218994141,87.8999252319336,259.94000244140625,21.419116973876953,28.661149978637695,86.5582046508789,18.6200008392334,19.549999237060547
2025-02-04,591.651123046875,520.5942993164062,240.72097778320312,88.11780548095703,262.5,21.47716522216797,28.400068283081055,86.5582046508789,17.209999084472656,18.639999389648438
2025-02-05,594.0499267578125,522.9566650390625,246.37338256835935,88.62934875488281,264.1300048828125,21.34172248840332,28.35171890258789,86.56768035888672,15.770000457763672,17.959999084472656
2025-02-06,596.1146240234375,525.6863403320312,247.5796356201172,88.52515411376953,263.42999267578125,21.351396560668945,28.332378387451172,86.58660888671875,15.5,17.940000534057617
2025-02-07,590.6581420898438,519.0556640625,244.24002075195312,88.23149108886719,263.8999938964844,21.36107063293457,28.458086013793945,86.60555267333984,16.540000915527344,18.6299991607666
2025-02-10,594.6693725585938,525.3388671875,248.84568786621097,88.21253204345703,268.3699951171875,21.670652389526367,28.54511451721191,86.6150131225586,15.8100004196167,18.229999542236328
2025-02-11,595.12158203125,524.0882568359375,249.09490966796875,87.98516845703125,267.3900146484375,21.83511734008789,28.448415756225582,86.62448120117188,16.020000457763672,18.280000686645508
2025-02-12,593.2044677734375,524.3959350585938,247.7391357421875,87.37892150878906,267.6700134277344,21.5932559967041,28.467756271362305,86.63392639160156,15.890000343322754,18.309999465942383
2025-02-13,599.4671630859375,531.9397583007812,251.1385498046875,88.0325698852539,270.30999755859375,21.699676513671875,28.235681533813477,86.65286254882812,15.100000381469727,17.84000015258789
2025-02-14,599.4376220703125,534.1732177734375,251.7965087890625,88.4020004272461,266.2900085449219,21.7093505859375,28.158323287963867,86.6812744140625,14.770000457763672,17.809999465942383
2025-02-18,601.197509765625,535.3841552734375,255.4252166748047,87.9283447265625,270.70001220703125,22.02860450744629,28.21634292602539,86.70018768310547,15.350000381469727,17.81999969482422
2025-02-19,602.61328125,535.5331420898438,256.541748046875,88.07044982910156,270.8500061035156,22.20274543762207,28.245349884033203,86.70966339111328,15.270000457763672,17.93000030517578
2025-02-20,600.1063232421875,533.2599487304688,257.00030517578125,88.25041961669922,270.989990234375,22.231767654418945,28.022947311401367,86.72859191894531,15.65999984741211,18.010000228881836
2025-02-21,589.8421020507812,522.1923828125,249.2145538330078,88.77143859863281,270.739990234375,21.92218589782715,28.119644165039062,86.75699615478516,18.209999084472656,19.479999542236328
2025-02-24,587.157958984375,516.0282592773438,242.6649169921875,88.96089935302734,272.2099914550781,21.844791412353516,28.13898468017578,86.76644134521484,18.979999542236328,19.860000610351562
2025-02-25,584.2379760742188,509.5266723632813,237.51095581054688,89.66191864013672,268.6199951171875,21.60293197631836,28.032615661621097,86.76644134521484,19.43000030517578,20.030000686645508
2025-02-26,584.5328369140625,510.7575073242187,243.06369018554688,89.908203125,269.0299987792969,21.419116973876953,28.090635299682617,86.78539276123047,19.100000381469727,19.75
2025-02-27,575.2025756835938,496.5730895996094,228.08029174804688,89.80400085449219,264.92999267578125,21.44814109802246,28.293699264526367,86.7948226928711,21.1299991607666,21.219999313354492
2025-02-28,584.178955078125,504.4147338867187,232.04795837402344,90.2966079711914,263.2699890136719,21.283676147460938,28.41940689086914,86.81378936767578,19.6299991607666,20.18000030517578
2025-03-03,573.9441528320312,493.3768310546875,222.3182373046875,90.62438201904295,266.739990234375,21.14823532104492,28.14865493774414,86.83179473876953,22.780000686645508,22.18000030517578
2025-03-04,567.1504516601562,491.8879699707031,224.5313415527344,90.33935546875,269.05999755859375,21.21595573425293,27.897239685058594,86.83179473876953,23.510000228881836,22.780000686645508
2025-03-05,573.2460327148438,498.30023193359375,228.6884002685547,89.83583068847656,269.6199951171875,21.157909393310547,27.55879783630371,86.84130859375,21.93000030517578,21.719999313354492
2025-03-06,563.0703125,484.59228515625,219.09825134277344,89.78832244873047,268.25,21.051490783691406,27.539459228515625,86.8508071899414,24.8700008392334,23.700000762939453
2025-03-07,566.2262573242188,488.15576171875,224.39178466796875,89.67432403564453,268.3900146484375,21.235305786132812,27.452430725097656,86.88878631591797,23.3700008392334,22.59000015258789
2025-03-10,551.1445922851562,469.2366333007813,213.86453247070312,90.30135345458984,266.0400085449219,21.099863052368164,27.471771240234375,86.89828491210938,27.860000610351562,25.719999313354492
2025-03-11,546.5628662109375,468.1149597167969,213.5554962158203,89.97832489013672,269.1600036621094,21.21595573425293,27.317054748535156,86.90778350830078,26.920000076293945,25.34000015258789
2025-03-12,549.4632568359375,473.3956909179687,219.83596801757812,89.71231079101562,270.3299865722656,21.21595573425293,27.384742736816406,86.91726684570312,24.229999542236328,23.670000076293945
2025-03-13,542.1386108398438,464.8790283203125,218.8689727783203,90.07333374023438,275.1300048828125,21.138561248779297,27.481441497802734,86.93626403808594,24.65999984741211,24.059999465942383
2025-03-14,553.3369750976562,476.1154174804687,225.86720275878903,89.75982666015625,275.239990234375,21.25465202331543,27.452430725097656,86.95524597167969,21.770000457763672,22.170000076293945
2025-03-17,557.6038818359375,479.202392578125,228.24978637695312,89.83583068847656,276.7300109863281,21.399770736694336,27.34606552124023,86.9742431640625,20.510000228881836,21.299999237060547
2025-03-18,551.5770874023438,471.03326416015625,224.72076416015625,89.94033813476562,279.9599914550781,21.351396560668945,27.326725006103516,86.9742431640625,21.700000762939453,21.969999313354492
2025-03-19,557.584228515625,477.3363037109375,226.70458984375,90.21585083007812,281.1099853515625,21.48683738708496,27.39441299438477,86.98371887207031,19.899999618530273,20.829999923706055
2025-03-20,555.9718627929688,475.7183532714844,226.345703125,90.34883880615234,280.75,21.525535583496097,27.471771240234375,87.00274658203125,19.799999237060547,20.709999084472656
2025-03-21,556.1552124023438,477.2866516113281,224.07278442382812,90.27285766601562,278.489990234375,21.399770736694336,27.55879783630371,87.03121185302734,19.280000686645508,20.350000381469727
2025-03-24,566.1151733398438,487.7604370117187,229.9145965576172,89.75032043457031,277.25,21.47716522216797,27.607147216796875,87.03121185302734,17.479999542236328,19.040000915527344
2025-03-25,567.47607421875,490.5438232421875,228.93763732910156,89.90232849121094,278.4700012207031,21.506187438964844,27.57813835144043,87.04071044921875,17.149999618530273,19.049999237060547
2025-03-26,560.7012939453125,481.51751708984375,221.3213348388672,89.6933364868164,278.239990234375,21.47716522216797,27.70384407043457,87.05020141601562,18.329999923706055,19.84000015258789
2025-03-27,559.2122192382812,478.7738342285156,217.07455444335935,89.6173324584961,281.9700012207031,21.53521156311035,27.61681747436523,87.0691909790039,18.690000534057617,19.889999389648438
2025-03-28,547.95068359375,466.1687927246094,211.51185607910156,90.33935546875,284.05999755859375,21.467491149902344,27.56846809387207,87.09767150878906,21.649999618530273,22.010000228881836
2025-03-31,551.62890625,466.1488952636719,210.81402587890625,90.60535430908205,288.1400146484375,21.767396926879883,27.59747886657715,87.09767150878906,22.280000686645508,21.969999313354492
2025-04-01,553.18701171875,469.9065856933594,211.83087158203125,90.92369079589844,287.57000732421875,21.777070999145508,27.62648582458496,87.11768341064453,21.770000457763672,21.81999969482422
2025-04-02,556.687744140625,473.3361206054687,213.4259033203125,90.837890625,288.1600036621094,21.912511825561523,27.51045036315918,87.12721252441406,21.510000228881836,21.450000762939453
2025-04-03,529.2537231445312,447.996826171875,194.96336364746097,91.77191925048828,286.4200134277344,21.032142639160156,27.02696228027344,87.13672637939453,30.020000457763672,27.3799991607666
2025-04-04,498.2697143554687,420.1722106933594,180.2391662597656,92.02925872802734,279.7200012207031,20.267866134643555,27.326725006103516,87.16532135009766,45.310001373291016,36.709999084472656
2025-04-07,497.3822021484375,421.1861877441406,184.32644653320312,90.9332275390625,273.7099914550781,19.948610305786133,27.442760467529297,87.17485809326172,46.97999954223633,36.880001068115234
2025-04-08,489.591796875,413.6012573242187,179.3917999267578,90.47574615478516,275.20001220703125,19.50358772277832,27.317054748535156,87.19390106201172,52.33000183105469,41.5
2025-04-09,541.0084228515625,463.2461242675781,210.176025390625,90.1898193359375,285.3800048828125,20.20981788635254,27.35573387145996,87.19390106201172,33.619998931884766,29.920000076293945
2025-04-10,517.3019409179688,443.5432434082031,195.60137939453125,89.62748718261719,292.3500061035156,19.958282470703125,26.785219192504883,87.20344543457031,40.720001220703125,35.709999084472656
2025-04-11,526.5320434570312,451.7146911621094,200.685546875,89.12237548828125,297.92999267578125,20.248516082763672,26.543476104736328,87.2415542602539,37.560001373291016,33.90999984741211
2025-04-14,531.6401977539062,454.7764892578125,200.984619140625,89.8371810913086,296.2300109863281,20.258190155029297,26.45644760131836,87.2415542602539,30.889999389648438,29.6299991607666
2025-04-15,530.151123046875,455.2834777832031,202.29055786132812,90.10406494140624,297.7799987792969,20.20981788635254,26.60149383544922,87.26060485839844,30.1200008392334,29.0
2025-04-16,518.366943359375,441.5550842285156,193.7471466064453,90.49479675292967,307.4700012207031,20.46135139465332,26.37908935546875,87.27013397216797,32.63999938964844,30.940000534057617
2025-04-17,519.1065063476562,441.4755554199219,191.9327850341797,90.23745727539062,306.1199951171875,20.67419052124023,26.398427963256836,87.30825805664062,29.649999618530273,29.350000381469727
2025-04-21,506.7503967285156,430.5505065917969,187.2473602294922,89.75138092041016,315.5899963378906,20.500049591064453,26.14701461791992,87.3177719116211,33.81999969482422,31.829999923706055
2025-04-22,519.9348754882812,441.8533630371094,191.3047332763672,89.81812286376953,311.1099853515625,20.59679412841797,26.29206085205078,87.3177719116211,30.56999969482422,29.450000762939453
2025-04-23,527.991455078125,451.873779296875,198.29299926757812,89.91340637207031,303.6499938964844,20.44200325012207,26.53380584716797,87.33683776855469,28.450000762939453,28.020000457763672
2025-04-24,539.1051635742188,464.5881958007813,208.32179260253903,90.39949035644533,308.07000732421875,20.625816345214844,26.41776657104492,87.33683776855469,26.469999313354492,26.440000534057617
2025-04-25,543.0003662109375,469.7673950195313,211.31248474121097,90.74260711669922,304.7300109863281,20.65484046936035,26.485454559326172,87.37493896484375,24.84000015258789,25.3700008392334
2025-04-28,543.2073974609375,469.6182861328125,209.99656677246097,91.1047821044922,309.07000732421875,20.538747787475582,26.321069717407227,87.38446807861328,25.149999618530273,25.729999542236328
2025-04-29,546.6293334960938,472.7198181152344,209.63768005371097,91.41929626464844,306.05999755859375,20.277538299560547,26.408098220825195,87.38446807861328,24.170000076293945,25.219999313354492
2025-04-30,546.8462524414062,472.66015625,210.62461853027344,91.56224060058594,303.7699890136719,19.900236129760746,26.50479507446289,87.39399719238281,24.700000762939453,25.540000915527344
2025-05-01,550.7216186523438,478.8334655761719,211.64146423339844,91.16352081298828,297.4599914550781,19.996980667114254,26.65951156616211,87.41503143310547,24.600000381469727,25.489999771118164
2025-05-02,558.896728515625,485.9411926269531,218.3505859375,90.55155181884766,297.9800109863281,20.08405113220215,26.620832443237305,87.44371795654297,22.68000030517578,24.0
2025-05-05,555.6917724609375,483.0583801269531,216.9349822998047,90.38899993896484,306.8800048828125,19.967958450317383,26.57248306274414,87.44371795654297,23.639999389648438,24.549999237060547
2025-05-06,551.047119140625,478.5650939941406,214.92124938964844,90.61848449707033,315.4800109863281,20.267866134643555,26.408098220825195,87.46285247802734,24.760000228881836,25.40999984741211
2025-05-07,553.3645629882812,480.4438781738281,219.33750915527344,90.85753631591795,310.75,20.01633071899414,26.60149383544922,87.46285247802734,23.549999237060547,24.700000762939453
2025-05-08,557.2202758789062,485.4044189453125,221.2615203857422,90.14996337890624,304.6300048828125,20.277538299560547,26.823896408081055,87.48196411132812,22.479999542236328,23.760000228881836
2025-05-09,556.5103149414062,485.0863342285156,222.70701599121097,90.21688079833984,306.8399963378906,20.432329177856445,26.74654006958008,87.51065063476562,21.899999618530273,23.3799991607666
2025-05-12,574.9015502929688,504.8488159179687,236.6735687255859,89.64318084716797,298.19000244140625,20.567771911621097,27.123659133911133,87.51065063476562,18.389999389648438,20.219999313354492
2025-05-13,578.6981201171875,512.5430908203125,244.79827880859375,89.57623291015625,299.4599914550781,20.887025833129883,26.891584396362305,87.52975463867188,18.219999313354492,20.09000015258789
2025-05-14,579.437744140625,515.6148071289062,247.2207489013672,89.24156951904297,293.1600036621094,20.780607223510746,26.949604034423828,87.52975463867188,18.6200008392334,20.579999923706055
2025-05-15,582.267822265625,516.181396484375,246.36341857910156,89.8248519897461,297.8399963378906,20.57744598388672,26.881916046142575,87.5393295288086,17.829999923706055,20.25
2025-05-16,585.9559936523438,518.4281616210938,245.65562438964844,89.85354614257812,294.239990234375,20.500049591064453,26.959272384643555,87.57757568359375,17.239999771118164,20.079999923706055
2025-05-19,586.596923828125,518.9251708984375,245.24688720703125,89.80572509765625,298.0299987792969,20.471027374267575,26.775548934936523,87.57757568359375,18.139999389648438,20.690000534057617
2025-05-20,584.6246948242188,517.1954956054688,244.77833557128903,89.69097900390625,303.5799865722656,20.732234954833984,26.69819068908691,87.5967025756836,18.09000015258789,20.719999313354492
2025-05-21,574.7732543945312,510.0081787109375,240.72097778320312,89.0694580078125,305.82000732421875,20.70321273803711,26.5821533203125,87.60625457763672,20.8700008392334,22.65999984741211
2025-05-22,575.0001220703125,510.9625549316406,240.06301879882812,89.40412139892578,303.1099853515625,20.59679412841797,26.65951156616211,87.62537384033203,20.280000686645508,22.31999969482422
2025-05-23,571.0753784179688,506.2306213378906,236.70347595214844,89.66229248046875,309.75,20.712886810302734,26.46611785888672,87.66361999511719,22.290000915527344,23.799999237060547
2025-05-27,582.9483642578125,518.1398315429688,244.21011352539065,90.03521728515625,304.5,20.529071807861328,26.611164093017575,87.66361999511719,18.959999084472656,21.290000915527344
2025-05-28,579.5757446289062,515.8433837890625,241.60821533203125,89.78662109375,303.80999755859375,20.46135139465332,26.69819068908691,87.67317199707031,19.309999465942383,21.670000076293945
2025-05-29,581.863525390625,516.857421875,243.3228759765625,90.15953063964844,305.6099853515625,20.354934692382812,26.553142547607425,87.68273162841797,19.18000030517578,21.6200008392334
2025-05-30,581.2128295898438,516.0422973632812,239.0063018798828,90.42723846435548,303.6000061035156,20.20014190673828,26.543476104736328,87.71142578125,18.56999969482422,21.3799991607666
2025-06-02,584.4866943359375,520.1181030273438,242.54530334472656,90.12026977539062,311.6700134277344,20.625816345214844,26.35974884033203,87.7267837524414,18.360000610351562,21.09000015258789
2025-06-03,587.8197631835938,524.183837890625,248.0182647705078,90.03392028808594,308.9100036621094,20.76125717163086,26.53380584716797,87.74596405029297,17.690000534057617,20.719999313354492
2025-06-04,587.6619262695312,525.645263671875,250.96908569335935,90.69588470458984,310.8999938964844,20.683862686157227,26.41776657104492,87.74596405029297,17.610000610351562,20.65999984741211
2025-06-05,584.8218994140625,521.688720703125,250.52047729492188,90.42725372314452,309.3299865722656,20.780607223510746,26.398427963256836,87.75555419921875,18.479999542236328,21.110000610351562
2025-06-06,590.8274536132812,526.788330078125,251.946044921875,89.70774841308594,305.17999267578125,20.945072174072266,26.53380584716797,87.78433227539062,16.770000457763672,20.020000457763672
2025-06-09,591.3599243164062,527.5637817382812,256.16290283203125,89.87083435058594,306.6199951171875,20.964420318603516,26.46611785888672,87.80352783203125,17.15999984741211,20.09000015258789
2025-06-10,594.7128295898438,531.0531005859375,261.257080078125,90.02433013916016,306.7099914550781,20.91604995727539,26.49512481689453,87.81311798095703,16.950000762939453,19.940000534057617
2025-06-11,593.0166625976562,529.263671875,261.0676574707031,90.3984832763672,308.3699951171875,21.25465202331543,26.398427963256836,87.81311798095703,17.260000228881836,20.299999237060547
2025-06-12,595.37353515625,530.5062866210938,262.3337097167969,90.7917938232422,312.20001220703125,21.25465202331543,26.205034255981445,87.82269287109375,18.020000457763672,20.649999618530273
2025-06-13,588.7171630859375,523.8458862304688,256.19281005859375,90.45604705810548,316.2900085449219,21.912511825561523,26.272722244262695,87.861083984375,20.81999969482422,22.6200008392334
2025-06-16,594.3182983398438,531.132568359375,262.5630187988281,90.197021484375,311.7799987792969,21.8641414642334,26.30173110961914,87.861083984375,19.110000610351562,21.229999542236328
2025-06-17,589.2398071289062,525.953369140625,260.778564453125,90.6383056640625,311.94000244140625,22.328510284423828,26.475786209106445,87.8802719116211,21.600000381469727,22.90999984741211
2025-06-18,589.1510009765625,525.8638305664062,261.77545166015625,90.69588470458984,310.260009765625,22.38655662536621,26.52413558959961,87.89946746826172,20.139999389648438,21.969999313354492
2025-06-20,587.7674560546875,523.7166748046875,259.462646484375,90.75342559814452,310.1300048828125,22.50265121459961,26.49512481689453,87.91864776611328,20.6200008392334,22.479999542236328
2025-06-23,593.5730590820312,529.1017456054688,261.1075439453125,91.07000732421876,311.0799865722656,21.670652389526367,26.38875961303711,87.93785095214844,19.829999923706055,21.81999969482422
2025-06-24,600.13037109375,537.19287109375,270.69769287109375,91.38658905029295,306.19000244140625,21.14823532104492,26.253381729125977,87.93785095214844,17.479999542236328,20.049999237060547
2025-06-25,600.4666748046875,538.5661010742188,274.3463439941406,91.42496490478516,307.1199951171875,21.119211196899418,26.185693740844727,87.94744110107422,16.760000228881836,19.670000076293945
2025-06-26,605.1646118164062,543.6018676757812,276.34014892578125,91.75115203857422,306.7799987792969,21.196605682373047,26.07932472229004,87.95702362060547,16.59000015258789,19.450000762939453
2025-06-27,608.1712646484375,545.4629516601562,277.5563659667969,91.51130676269533,301.2200012207031,21.090187072753903,26.127676010131836,87.99539184570312,16.31999969482422,19.450000762939453
2025-06-30,611.0790405273438,548.9959106445312,278.0149230957031,91.87584686279295,304.8299865722656,21.099863052368164,25.992298126220703,88.0050048828125,16.729999542236328,19.440000534057617
2025-07-01,610.8812866210938,544.3682250976562,274.9843444824219,91.7055206298828,307.54998779296875,21.21595573425293,25.982629776000977,88.0204086303711,16.829999923706055,19.510000228881836
2025-07-02,613.650634765625,548.159912109375,280.3775634765625,91.51303100585938,309.25,21.564233779907227,25.963289260864254,88.030029296875,16.639999389648438,19.350000381469727
2025-07-03,618.487060546875,553.553955078125,282.740234375,91.1954574584961,307.1400146484375,21.5545597076416,26.0889949798584,88.07815551757812,16.3799991607666,19.209999084472656
2025-07-07,613.8779907226562,549.3840942382812,278.8922119140625,90.90673828125,307.3699951171875,21.53521156311035,26.176023483276367,88.08778381347656,17.790000915527344,20.209999084472656
2025-07-08,613.5418090820312,549.692626953125,282.6006774902344,90.77200317382812,304.1600036621094,21.60293197631836,26.19536399841309,88.08778381347656,16.809999465942383,19.579999923706055
2025-07-09,617.2210083007812,553.5838623046875,284.53466796875,91.24356842041016,305.5199890136719,21.564233779907227,26.19536399841309,88.09740447998047,15.9399995803833,19.020000457763672
2025-07-10,618.961669921875,552.7877197265625,286.62811279296875,91.1954574584961,306.20001220703125,21.496511459350582,26.243711471557617,88.11664581298828,15.779999732971191,18.920000076293945
2025-07-11,616.785888671875,551.5436401367188,286.59820556640625,90.77200317382812,309.1400146484375,21.777070999145508,26.321069717407227,88.13591003417969,16.399999618530273,19.3700008392334
2025-07-14,617.9627685546875,553.5440673828125,284.4349670410156,90.73350524902344,308.010009765625,21.5932559967041,26.38875961303711,88.14554595947266,17.200000762939453,19.84000015258789
2025-07-15,615.3220825195312,554.051513671875,289.89794921875,90.3774185180664,306.7300109863281,21.5545597076416,26.53380584716797,88.15515899658203,17.3799991607666,20.059999465942383
2025-07-16,617.3792114257812,554.6188354492188,288.3826599121094,90.62763214111328,308.260009765625,21.583581924438477,26.43710708618164,88.17440795898438,17.15999984741211,20.09000015258789
2025-07-17,621.1574096679688,559.107177734375,290.80511474609375,90.5987777709961,307.5899963378906,21.757720947265625,26.553142547607425,88.17440795898438,16.520000457763672,19.690000534057617
2025-07-18,620.7024536132812,558.56982421875,289.40948486328125,90.84899139404295,308.3900146484375,21.79641914367676,26.51446533203125,88.2129135131836,16.40999984741211,19.579999923706055
2025-07-21,621.87939453125,561.4658813476562,289.6088562011719,91.16657257080078,313.1300048828125,21.748046875,26.340410232543945,88.232177734375,16.649999618530273,19.510000228881836
2025-07-22,621.9683837890625,558.5598754882812,284.48480224609375,91.42642211914062,316.1000061035156,21.7093505859375,26.205034255981445,88.24180603027344,16.5,19.530000686645508
2025-07-23,627.259765625,561.1076049804688,285.720947265625,91.0992202758789,312.17999267578125,21.651302337646484,26.166353225708008,88.25142669677734,15.369999885559082,18.559999465942383
2025-07-24,627.4674682617188,562.3018188476562,286.9072570800781,90.9644775390625,310.2699890136719,21.670652389526367,26.234041213989254,88.25142669677734,15.390000343322754,18.559999465942383
2025-07-25,630.1181030273438,563.6552734375,286.59820556640625,91.17620086669922,307.3999938964844,21.44814109802246,26.29206085205078,88.2802963256836,14.930000305175781,18.31999969482422
2025-07-28,629.9598999023438,565.4169311523438,290.5060729980469,90.9740982055664,305.4100036621094,21.670652389526367,26.59182357788086,88.2899169921875,15.029999732971191,18.15999984741211
2025-07-29,628.2982788085938,564.5410766601562,291.9914245605469,91.5707778930664,306.25,21.951210021972656,26.65951156616211,88.299560546875,15.979999542236328,18.770000457763672
2025-07-30,627.507080078125,565.2974243164062,295.3410339355469,91.25320434570312,300.9599914550781,21.9028377532959,26.920595169067383,88.3091812133789,15.479999542236328,18.350000381469727
2025-07-31,625.1531372070312,562.3018188476562,287.88421630859375,91.33018493652344,302.9599914550781,21.719024658203125,26.978612899780273,88.31881713867188,16.719999313354492,19.139999389648438
2025-08-01,614.9065551757812,551.2252197265625,283.0692138671875,92.38165283203124,309.1099853515625,21.370746612548828,26.65951156616211,88.35648345947266,20.3799991607666,21.239999771118164
2025-08-04,624.2531127929688,561.3961791992188,289.28985595703125,92.50717163085938,310.9100036621094,21.29335021972656,26.64984130859375,88.36614227294922,17.520000457763672,19.610000610351562
2025-08-05,621.088134765625,557.5845947265625,286.2094421386719,92.43955993652344,311.1600036621094,21.10953712463379,26.64984130859375,88.36614227294922,17.850000381469727,20.030000686645508
2025-08-06,625.845458984375,564.6007690429688,285.7309265136719,92.37198638916016,310.5,21.06116485595703,26.49512481689453,88.39512634277344,16.770000457763672,19.469999313354492
2025-08-07,625.3212890625,566.5115356445312,290.2169494628906,92.30440521240234,313.1199951171875,21.12888526916504,26.475786209106445,88.39512634277344,16.56999969482422,19.350000381469727
2025-08-08,630.1972045898438,571.796142578125,292.6194763183594,92.09197998046876,313.04998779296875,21.12888526916504,26.52413558959961,88.42407989501953,15.149999618530273,18.700000762939453
2025-08-11,628.9510498046875,570.1041870117188,292.4898681640625,92.1209487915039,308.54998779296875,21.157909393310547,26.630502700805664,88.43374633789062,16.25,19.25
2025-08-12,635.6468505859375,577.2697143554688,299.1690979003906,92.10164642333984,308.2699890136719,21.07084083557129,26.49512481689453,88.44341278076172,14.729999542236328,18.34000015258789
2025-08-13,637.82275390625,577.5584106445312,300.345458984375,92.42993927001952,309.2099914550781,21.04181671142578,26.42743682861328,88.45307922363281,14.489999771118164,18.329999923706055
2025-08-14,637.882080078125,577.1105346679688,300.98345947265625,92.13060760498048,307.25,21.12888526916504,26.52413558959961,88.46273040771484,14.829999923706055,18.489999771118164
2025-08-15,636.3886108398438,574.5728149414062,294.73291015625,91.94715118408205,307.42999267578125,21.06116485595703,26.43710708618164,88.50138092041016,15.09000015258789,18.639999389648438
2025-08-18,636.2501831054688,574.3438720703125,295.93914794921875,91.8602523803711,306.95001220703125,21.08051490783691,26.50479507446289,88.50138092041016,14.989999771118164,18.450000762939453
2025-08-19,632.7984008789062,566.5513916015625,289.9677429199219,92.09197998046876,305.2699890136719,20.91604995727539,26.57248306274414,88.52068328857422,15.569999694824219,18.899999618530273
2025-08-20,631.1170043945312,563.1876220703125,288.06365966796875,92.2271499633789,308.3599853515625,21.14823532104492,26.553142547607425,88.54002380371094,15.6899995803833,19.100000381469727
2025-08-21,628.5851440429688,560.5802001953125,286.56829833984375,91.9568099975586,307.2900085449219,21.274002075195312,26.688520431518555,88.54002380371094,16.600000381469727,19.40999984741211
2025-08-22,638.2382202148438,569.2284545898438,292.7291564941406,92.4685516357422,310.5799865722656,21.36107063293457,26.42743682861328,88.56898498535156,14.220000267028809,17.760000228881836
2025-08-25,635.4292602539062,567.5864868164062,293.00830078125,92.28508758544922,309.8299865722656,21.467491149902344,26.64017105102539,88.57865142822266,14.789999961853027,18.020000457763672
2025-08-26,638.0897827148438,569.8653564453125,295.8294982910156,92.52647399902344,312.0799865722656,21.30302619934082,26.57248306274414,88.58829498291016,14.619999885559082,17.899999618530273
2025-08-27,639.5436401367188,570.7412109375,296.7366638183594,92.70027160644533,312.7099914550781,21.32237434387207,26.5821533203125,88.59796905517578,14.850000381469727,17.940000534057617
2025-08-28,641.8085327148438,574.31396484375,297.952880859375,92.9126968383789,315.0299987792969,21.45781517028809,26.485454559326172,88.60762023925781,14.430000305175781,17.719999313354492
2025-08-29,637.98095703125,567.666015625,289.3895568847656,92.83544158935548,318.07000732421875,21.48683738708496,26.46611785888672,88.64624786376953,15.359999656677246,18.350000381469727
2025-09-02,633.25341796875,562.9089965820312,285.59136962890625,92.55841064453124,325.5899963378906,21.83511734008789,26.64017105102539,88.6676025390625,17.170000076293945,19.3799991607666
2025-09-03,636.685302734375,567.3375854492188,285.54150390625,92.87806701660156,328.1400146484375,21.641630172729492,26.59182357788086,88.67728424072266,16.350000381469727,18.93000030517578
2025-09-04,642.0064086914062,572.4728393554688,288.9608459472656,93.29460144042967,326.69000244140625,21.48683738708496,26.630502700805664,88.69667053222656,15.300000190734863,18.389999389648438
2025-09-05,640.14697265625,573.2988891601562,292.3702697753906,93.74988555908205,331.04998779296875,21.312700271606445,26.49512481689453,88.72575378417969,15.180000305175781,18.420000076293945
2025-09-08,641.7196044921875,576.0953979492188,295.6001892089844,94.04048919677734,334.82000732421875,21.45781517028809,26.408098220825195,88.73543548583984,15.109999656677246,18.290000915527344
2025-09-09,643.203125,577.7275390625,296.8861999511719,93.81768798828124,334.05999755859375,21.51586151123047,26.51446533203125,88.74513244628906,15.039999961853027,18.270000457763672
2025-09-10,645.0625,577.9166870117188,299.8968200683594,94.06954956054688,335.260009765625,21.66097640991211,26.53380584716797,88.75482940673828,15.350000381469727,18.440000534057617
2025-09-11,650.4231567382812,581.2804565429688,302.9872131347656,94.21485137939452,334.760009765625,21.496511459350582,26.44677734375,88.76453399658203,14.710000038146973,18.030000686645508
2025-09-12,650.2054443359375,583.8480834960938,303.37603759765625,93.9436264038086,335.4200134277344,21.62228012084961,26.485454559326172,88.79360961914062,14.760000228881836,18.059999465942383
2025-09-15,653.6671142578125,588.843994140625,306.2171936035156,94.09861755371094,338.9100036621094,21.815767288208008,26.398427963256836,88.80329895019531,15.6899995803833,18.530000686645508
2025-09-16,652.7671508789062,588.3463745117188,306.2570495605469,94.15674591064452,339.5899963378906,22.038280487060547,26.234041213989254,88.81300354003906,16.360000610351562,18.90999984741211
2025-09-17,651.9561767578125,587.1720581054688,304.3031311035156,93.95330810546876,336.9700012207031,21.806095123291016,26.321069717407227,88.82269287109375,15.720000267028809,18.440000534057617
2025-09-18,655.0023193359375,592.4666137695312,315.9867858886719,93.6433334350586,335.6199951171875,21.7093505859375,26.44677734375,88.8323745727539,15.699999809265137,18.520000457763672
2025-09-19,658.2465209960938,596.4771728515625,314.7306823730469,93.60457611083984,339.17999267578125,21.53521156311035,26.52413558959961,88.87116241455078,15.449999809265137,18.479999542236328
2025-09-22,661.3607177734375,600.0083618164062,321.170654296875,93.44959259033205,345.04998779296875,21.53521156311035,26.42743682861328,88.88084411621094,16.100000381469727,18.950000762939453
2025-09-23,657.7606201171875,596.02294921875,320.7021179199219,93.71114349365234,346.4599914550781,21.757720947265625,26.408098220825195,88.88084411621094,16.639999389648438,19.440000534057617
2025-09-24,655.6678466796875,593.9305419921875,320.1139221191406,93.45928955078124,343.32000732421875,21.9028377532959,26.60149383544922,88.90022277832031,16.18000030517578,19.139999389648438
2025-09-25,652.6429443359375,591.3699340820312,320.0640869140625,93.255859375,344.75,22.057626724243164,26.785219192504883,88.90022277832031,16.739999771118164,19.459999084472656
2025-09-26,656.3820190429688,593.801025390625,320.8217468261719,93.2074203491211,346.739990234375,22.067302703857425,26.688520431518555,88.9293212890625,15.289999961853027,18.40999984741211
2025-09-29,658.2266845703125,596.5509643554688,321.65911865234375,93.47864532470705,352.4599914550781,21.88348960876465,26.630502700805664,88.93902587890625,16.1200008392334,18.760000228881836
2025-09-30,660.7061157226562,598.18505859375,325.3476257324219,93.4398956298828,355.4700012207031,21.79641914367676,26.60149383544922,88.93902587890625,16.280000686645508,18.770000457763672
2025-10-01,662.95751953125,601.0545043945312,332.6549072265625,93.75472259521484,356.0299987792969,21.757720947265625,26.59182357788086,88.95944213867188,16.290000915527344,18.760000228881836
2025-10-02,663.7210693359375,603.5254516601562,337.1907958984375,93.85187530517578,354.7900085449219,21.612606048583984,26.630502700805664,88.96916198730469,16.6299991607666,18.889999389648438
2025-10-03,663.7112426757812,600.9848022460938,335.6356201171875,93.6672821044922,357.6400146484375,21.680326461791992,26.5821533203125,88.98861694335938,16.649999618530273,19.079999923706055
2025-10-06,666.0914916992188,605.498291015625,342.3148498535156,93.3952178955078,364.3800048828125,21.9028377532959,26.707860946655273,89.00807189941406,16.3700008392334,19.1200008392334
2025-10-07,663.6219482421875,602.3099365234375,336.0044860839844,93.62841796875,366.260009765625,21.989906311035156,26.862577438354492,89.00807189941406,17.239999771118164,19.709999084472656
2025-10-08,667.5791625976562,609.2147216796875,344.99652099609375,93.6478271484375,372.2999877929687,22.018930435180664,26.920595169067383,89.02752685546875,16.299999237060547,19.260000228881836
2025-10-09,665.6452026367188,608.4774169921875,344.13916015625,93.57981872558594,365.4299926757813,21.815767288208008,27.104320526123047,89.02752685546875,16.43000030517578,19.3799991607666
2025-10-10,647.6542358398438,587.3546142578125,324.330810546875,94.16281127929688,369.1199951171875,21.351396560668945,26.96894264221191,89.06644439697266,21.65999984741211,22.809999465942383
2025-10-13,657.5919189453125,599.8190307617188,338.69610595703125,94.21138763427734,378.0899963378906,21.62228012084961,27.06564140319824,89.07615661621094,19.030000686645508,20.93000030517578
2025-10-14,656.78857421875,595.8236694335938,332.46551513671875,94.4542999267578,380.7900085449219,21.380420684814453,26.988283157348633,89.07615661621094,20.809999465942383,22.030000686645508
2025-10-15,659.7044677734375,600.0282592773438,340.7198181152344,94.34742736816406,387.3900146484375,21.45781517028809,26.910924911499023,89.08588409423828,20.639999389648438,21.940000534057617
2025-10-16,655.211669921875,597.806396484375,342.2350769042969,94.78466796875,396.4500122070313,21.419116973876953,26.80455780029297,89.09561157226562,25.309999465942383,24.8700008392334
2025-10-17,658.9308471679688,601.7320556640625,341.76654052734375,94.62920379638672,388.989990234375,21.399770736694336,26.833566665649418,89.11507415771484,20.780000686645508,22.09000015258789
2025-10-20,665.7840576171875,609.3143310546875,346.1429443359375,94.75552368164062,403.1499938964844,21.612606048583984,26.901254653930664,89.13451385498047,18.229999542236328,20.309999465942383
2025-10-21,665.7740478515625,609.1549682617188,344.2288818359375,94.930419921875,377.239990234375,21.39009475708008,27.00762367248535,89.13451385498047,17.8700008392334,19.989999771118164
2025-10-22,662.3128051757812,603.286376953125,337.5496826171875,94.9498519897461,377.2799987792969,21.728696823120117,26.978612899780273,89.15397644042969,18.600000381469727,20.309999465942383
2025-10-23,666.2402954101562,608.3578491210938,343.7304382324219,94.63892364501952,378.7900085449219,22.096324920654297,26.988283157348633,89.16370391845703,17.299999237060547,19.649999618530273
2025-10-24,671.6851806640625,614.8540649414062,350.0508117675781,94.7263641357422,377.5199890136719,22.106000900268555,26.988283157348633,89.19286346435547,16.3700008392334,19.200000762939453
2025-10-27,679.6094970703125,625.8041381835938,358.823486328125,94.7263641357422,367.010009765625,22.057626724243164,26.959272384643555,89.19286346435547,15.789999961853027,18.989999771118164
2025-10-28,681.41455078125,630.6165771484375,361.983642578125,94.8138198852539,364.3800048828125,21.85446548461914,26.9399356842041,89.20259094238281,16.420000076293945,19.549999237060547
2025-10-29,681.7418212890625,633.4562377929688,367.4665832519531,94.2016830444336,363.0,21.970558166503903,27.094650268554688,89.2317886352539,16.920000076293945,19.829999923706055
2025-10-30,674.2439575195312,623.7715454101562,362.6017456054687,94.06564331054688,370.1300048828125,21.98023223876953,27.201017379760746,89.2317886352539,16.90999984741211,19.979999542236328
2025-10-31,676.4556274414062,626.7806396484375,361.8939208984375,94.10450744628906,368.1199951171875,22.13502311706543,27.27837562561035,89.2512435913086,17.440000534057617,20.489999771118164
2025-11-03,677.7251586914062,629.7796020507812,364.9643859863281,94.05967712402344,368.7799987792969,22.299488067626953,27.29771423339844,89.26392364501953,17.170000076293945,20.3799991607666
2025-11-04,669.6917114257812,616.9962768554688,351.665771484375,94.1766357421875,362.3200073242187,22.144697189331055,27.384742736816406,89.273681640625,19.0,21.290000915527344
2025-11-05,672.012451171875,621.01171875,358.3848571777344,93.728271484375,366.510009765625,22.076976776123047,27.39441299438477,89.28343963623047,18.010000228881836,20.600000381469727
2025-11-06,664.8021850585938,609.4439086914062,350.0009460449219,94.20590209960938,366.0700073242187,22.106000900268555,27.249366760253903,89.29320526123047,19.5,21.350000381469727
2025-11-07,665.4567260742188,607.5209350585938,347.0401611328125,94.24488067626952,368.30999755859375,22.15437126159668,27.230026245117188,89.32247161865234,19.079999923706055,21.190000534057617
2025-11-10,675.8407592773438,620.9618530273438,357.67706298828125,94.11815643310548,378.3800048828125,22.39623260498047,27.249366760253903,89.34199523925781,17.600000381469727,20.239999771118164
2025-11-11,677.3878784179688,619.307861328125,349.9610595703125,94.41057586669922,379.8699951171875,22.54134750366211,27.2106876373291,89.33222961425781,17.280000686645508,20.190000534057617
2025-11-12,677.7647705078125,618.8196411132812,354.4271545410156,94.43006896972656,385.989990234375,22.289813995361328,27.220355987548828,89.34199523925781,17.510000228881836,20.34000015258789
2025-11-13,666.5179443359375,606.1858520507812,343.7503967285156,94.15714263916016,382.8699951171875,22.17372131347656,27.14299964904785,89.35176086425781,20.0,21.850000381469727
2025-11-14,666.408935546875,606.6441040039062,343.909912109375,94.00121307373048,375.9599914550781,22.222091674804688,27.181678771972656,89.39078521728516,19.829999923706055,21.579999923706055
2025-11-17,660.2003173828125,601.4630737304688,339.244384765625,94.10841369628906,371.6499938964844,22.193069458007812,27.249366760253903,89.39078521728516,22.3799991607666,23.18000030517578
2025-11-18,654.6563110351562,594.1397094726562,332.25616455078125,94.2643585205078,374.3500061035156,22.376882553100582,27.27837562561035,89.41030883789062,24.690000534057617,24.540000915527344
2025-11-19,657.1853637695312,597.6868286132812,338.3870849609375,94.19613647460938,374.9599914550781,22.15437126159668,27.452430725097656,89.41030883789062,23.65999984741211,23.989999771118164
2025-11-20,647.1683349609375,583.5384521484375,324.091552734375,94.42031860351562,374.8500061035156,21.94153594970703,27.471771240234375,89.42982482910156,26.420000076293945,25.760000228881836
2025-11-21,653.6149291992188,587.9224853515625,325.1183776855469,94.73224639892578,374.2699890136719,21.79641914367676,27.452430725097656,89.44934844970703,23.43000030517578,23.959999084472656
2025-11-24,663.235107421875,602.9575805664062,338.06805419921875,94.87843322753906,380.2000122070313,21.9028377532959,27.452430725097656,89.44934844970703,20.520000457763672,21.850000381469727
2025-11-25,669.4734497070312,606.674072265625,338.955322265625,95.12210845947266,380.0799865722656,21.786745071411133,27.375072479248047,89.46885681152344,18.559999465942383,20.729999542236328
2025-11-26,674.09521484375,612.034423828125,346.63140869140625,95.2000961303711,383.1199951171875,22.018930435180664,27.29771423339844,89.4786148071289,17.190000534057617,20.020000457763672
2025-11-28,677.7747192382812,616.9962768554688,351.187255859375,95.03438568115234,387.8800048828125,22.309162139892575,27.27837562561035,89.50790405273438,16.350000381469727,19.639999389648438
2025-12-01,674.6803588867188,614.923828125,351.8651428222656,94.52408599853516,389.75,22.367210388183594,27.268707275390625,89.51866912841797,17.239999771118164,20.219999313354492
2025-12-02,675.9300537109375,619.7362670898438,358.3150634765625,94.60228729248048,387.239990234375,22.27046585083008,27.259037017822266,89.54803466796875,16.59000015258789,19.84000015258789
2025-12-03,678.2706298828125,621.250732421875,363.23974609375,94.79781341552734,386.8800048828125,22.376882553100582,27.123659133911133,89.55780792236328,16.079999923706055,19.709999084472656
2025-12-04,678.7664794921875,620.6729125976562,360.4783325195313,94.5045166015625,387.1300048828125,22.4349308013916,27.181678771972656,89.56761169433594,15.779999732971191,19.489999771118164
2025-12-05,680.0557861328125,623.20361328125,363.28961181640625,94.30901336669922,386.44000244140625,22.570371627807617,27.152667999267575,89.5871810913086,15.40999984741211,19.270000457763672
2025-12-08,678.0127563476562,622.0079956054688,367.4067687988281,94.11348724365234,385.4200134277344,22.289813995361328,27.191349029541016,89.59696960449219,16.65999984741211,19.90999984741211
2025-12-09,677.427490234375,622.775146484375,367.8553771972656,93.97662353515624,387.3999938964844,22.24144172668457,27.230026245117188,89.6165542602539,16.93000030517578,20.079999923706055
2025-12-10,681.92041015625,625.3258666992188,372.9395751953125,94.27969360351562,389.0499877929687,22.376882553100582,27.084980010986328,89.6165542602539,15.770000457763672,19.350000381469727
2025-12-11,683.5072021484375,623.3032836914062,369.7395324707031,94.2894515991211,393.239990234375,22.357534408569336,26.988283157348633,89.6263427734375,14.850000381469727,19.049999237060547
2025-12-12,676.1580810546875,611.3867797851562,353.02154541015625,94.03528594970705,395.44000244140625,22.17372131347656,27.02696228027344,89.66549682617188,15.739999771118164,19.25
2025-12-15,675.1365356445312,608.3179931640625,351.8053283691406,94.11348724365234,395.7999877929687,22.067302703857425,27.00762367248535,89.66549682617188,16.5,19.68000030517578
2025-12-16,673.2918701171875,609.5235595703125,350.8482971191406,94.37743377685548,395.8900146484375,21.844791412353516,26.978612899780273,89.67528533935547,16.479999542236328,19.670000076293945
2025-12-17,665.8832397460938,598.224853515625,338.18768310546875,94.3578872680664,399.2900085449219,22.106000900268555,27.036630630493164,89.68507385253906,17.6200008392334,20.079999923706055
2025-12-18,670.9114990234375,606.8931884765625,346.1728515625,94.60228729248048,398.5700073242187,21.951210021972656,27.055971145629883,89.69982147216797,16.8700008392334,19.59000015258789
2025-12-19,676.9923095703125,614.8043212890625,355.125,94.3894500732422,399.0199890136719,22.106000900268555,27.14299964904785,89.72929382324219,14.90999984741211,18.25
2025-12-22,681.2098999023438,617.7513427734375,359.70001220703125,94.2913818359375,408.2300109863281,22.38999938964844,27.030000686645508,89.72929382324219,14.079999923706055,17.790000915527344
2025-12-23,684.3233032226562,620.6444702148438,363.1600036621094,94.2521514892578,413.6400146484375,22.63999938964844,26.940000534057617,89.72929382324219,14.0,17.84000015258789
2025-12-24,686.7305297851562,622.4602661132812,364.1700134277344,94.4973373413086,411.9299926757813,22.6299991607666,26.950000762939453,89.75878143310547,13.470000267028809,17.770000457763672
2025-12-26,686.660888671875,622.4202880859375,365.8599853515625,94.58561706542967,416.739990234375,22.700000762939453,26.969999313354492,89.78826904296875,13.600000381469727,17.770000457763672
2025-12-29,684.2138671875,619.4074096679688,364.2099914550781,94.7229232788086,398.6000061035156,22.489999771118164,26.979999542236328,89.78826904296875,14.199999809265137,17.81999969482422
2025-12-30,683.3783569335938,617.9707641601562,363.30999755859375,94.6248550415039,398.8900146484375,22.63999938964844,27.049999237060547,89.79810333251953,14.329999923706055,17.770000457763672
2025-12-31,678.3152465820312,612.8628540039062,360.1300048828125,94.31100463867188,396.30999755859375,22.36000061035156,27.030000686645508,89.80792236328125,14.949999809265137,18.18000030517578
2026-01-02,679.55859375,611.6757202148438,373.2999877929687,94.23253631591795,398.2799987792969,22.38999938964844,27.11000061035156,89.84722137451172,14.510000228881836,18.020000457763672
2026-01-05,684.0845336914062,616.5341796875,377.5899963378906,94.5169677734375,408.760009765625,22.809999465942383,27.06999969482422,89.84722137451172,14.899999618530273,18.31999969482422
2026-01-06,688.1529541015625,621.951416015625,387.6199951171875,94.44831848144533,413.1799926757813,22.799999237060547,27.15999984741211,89.85706329345703,14.75,18.149999618530273
2026-01-07,685.9347534179688,622.550048828125,385.0199890136719,94.6248550415039,409.2300109863281,22.59000015258789,27.200000762939453,89.87671661376953,15.380000114440918,18.59000015258789
2026-01-08,685.8651123046875,619.0083618164062,378.9800109863281,94.34041595458984,411.489990234375,22.8799991607666,27.270000457763672,89.87671661376953,15.449999809265137,18.389999389648438
2026-01-09,690.4010009765625,625.173828125,389.2200012207031,94.44831848144533,414.4700012207031,22.899999618530273,27.329999923706055,89.89636993408203,14.489999771118164,17.8799991607666
2026-01-12,691.4852294921875,625.6925659179688,390.6600036621094,94.3306121826172,422.2300109863281,23.190000534057617,27.280000686645508,89.90620422363281,15.119999885559082,18.229999542236328
2026-01-13,690.1026000976562,624.7647705078125,391.5299987792969,94.44831848144533,421.6300048828125,23.3700008392334,27.350000381469727,89.91602325439453,15.979999542236328,18.850000381469727
2026-01-14,686.7106323242188,618.0905151367188,388.3500061035156,94.64446258544922,425.94000244140625,23.38999938964844,27.329999923706055,89.92586517333984,16.75,19.3700008392334
2026-01-15,688.5806884765625,620.3153076171875,396.4100036621094,94.44831848144533,423.3299865722656,23.200000762939453,27.43000030517578,89.92586517333984,15.84000015258789,18.899999618530273
2026-01-16,688.0037231445312,619.7965087890625,400.3900146484375,94.08541870117188,421.2900085449219,23.15999984741211,27.43000030517578,89.96515655517578,15.859999656677246,18.989999771118164
2026-01-20,673.9981689453125,606.6276245117188,390.3900146484375,93.71273040771484,437.2300109863281,23.479999542236328,27.209999084472656,89.96515655517578,20.09000015258789,21.280000686645508
2026-01-21,681.77685546875,614.8282470703125,401.9299926757813,93.95791625976562,443.6000061035156,23.75,27.270000457763672,89.97500610351562,16.899999618530273,19.360000610351562
2026-01-22,685.3379516601562,619.2976684570312,402.8200073242187,93.94811248779295,451.7900085449219,23.739999771118164,27.149999618530273,89.98483276367188,15.640000343322754,18.75
2026-01-23,685.5865478515625,621.2530517578125,400.0899963378906,94.10503387451172,458.0,24.18000030517578,26.90999984741211,90.01429748535156,16.09000015258789,19.149999618530273
2026-01-26,689.0680541992188,623.9866333007812,398.8200073242187,94.24234008789062,464.7000122070313,24.290000915527344,26.780000686645508,90.01429748535156,16.149999618530273,19.06999969482422
2026-01-27,691.8134765625,629.6432495117188,407.25,94.13446807861328,476.1000061035156,24.6200008392334,26.469999313354492,90.02413940429688,16.350000381469727,19.219999313354492
2026-01-28,691.7438354492188,631.7283325195312,416.6300048828125,94.05599975585938,494.55999755859375,24.940000534057617,26.6299991607666,90.03396606445312,16.350000381469727,19.299999237060547
2026-01-29,690.3711547851562,627.947265625,417.5199890136719,94.15406036376952,495.8999938964844,25.299999237060547,26.59000015258789,90.0536117553711,16.8799991607666,19.670000076293945
2026-01-30,688.3120727539062,620.4050903320312,403.4599914550781,94.0952377319336,444.9500122070313,24.43000030517578,26.850000381469727,90.0732879638672,17.440000534057617,20.06999969482422
2026-02-02,691.7339477539062,624.6650390625,407.9700012207031,93.91024780273438,427.1300048828125,23.540000915527344,26.989999771118164,90.08708190917967,16.34000015258789,19.3700008392334
2026-02-03,685.885009765625,615.0676879882812,397.6799926757813,93.99879455566406,454.2900085449219,24.149999618530273,26.920000076293945,90.08708190917967,18.0,20.350000381469727
2026-02-04,682.5626831054688,604.3230590820312,382.0199890136719,93.9791259765625,453.9700012207031,24.190000534057617,27.010000228881836,90.10679626464844,18.639999389648438,20.6200008392334
2026-02-05,674.0379638671875,595.6236572265625,381.0700073242187,94.53014373779295,441.8800048828125,23.760000228881836,27.09000015258789,90.10679626464844,21.770000457763672,22.450000762939453
2026-02-06,686.96923828125,608.2138671875,401.6499938964844,94.53014373779295,455.4599914550781,24.010000228881836,27.010000228881836,90.1363754272461,20.3700008392334,20.3700008392334
2026-02-09,690.2816772460938,612.8728637695312,406.6499938964844,94.54981994628906,467.0299987792969,24.25,26.790000915527344,90.1363754272461,17.360000610351562,20.09000015258789
2026-02-10,688.4613037109375,610.029541015625,404.760009765625,94.9630889892578,462.3999938964844,24.13999938964844,26.799999237060547,90.14622497558594,17.790000915527344,20.43000030517578
2026-02-11,688.3021850585938,611.6657104492188,414.7799987792969,94.69741821289062,467.6300048828125,24.3700008392334,26.829999923706055,90.16593170166016,17.649999618530273,20.3700008392334
2026-02-12,677.668701171875,599.22509765625,406.1099853515625,95.27796173095705,451.3900146484375,23.799999237060547,26.81999969482422,90.16593170166016,20.81999969482422,22.170000076293945
2026-02-13,678.1461181640625,600.5020751953125,407.7200012207031,95.65186309814452,462.6199951171875,23.8799991607666,26.81999969482422,90.20537567138672,20.600000381469727,22.170000076293945
2026-02-17,679.2402954101562,599.8834838867188,407.510009765625,95.64202880859376,448.2000122070313,23.59000015258789,26.90999984741211,90.21522521972656,20.290000915527344,21.600000381469727
2026-02-18,682.662109375,604.3629150390625,412.5499877929687,95.44523620605467,458.2799987792969,24.209999084472656,27.079999923706055,90.22508239746094,19.6200008392334,21.389999389648438
2026-02-19,680.8616333007812,602.0484008789062,410.2000122070313,95.53379821777344,459.55999755859375,24.43000030517578,27.1200008392334,90.22508239746094,20.229999542236328,21.8799991607666
2026-02-20,685.7855834960938,607.3758544921875,415.0299987792969,95.53379821777344,468.6199951171875,24.600000381469727,27.09000015258789,90.2546615600586,19.09000015258789,21.09000015258789
2026-02-23,678.7827758789062,599.9932250976562,412.8800048828125,95.87818145751952,481.2799987792969,24.75,27.09000015258789,90.2546615600586,21.010000228881836,22.139999389648438
2026-02-24,683.7164916992188,606.4380493164062,419.1600036621094,95.85851287841795,474.6099853515625,24.719999313354492,27.11000061035156,90.27437591552734,19.549999237060547,21.34000015258789
2026-02-25,689.4859008789062,615.227294921875,426.1600036621094,95.77978515625,473.4200134277344,24.75,27.079999923706055,90.28421783447266,17.93000030517578,20.360000610351562
2026-02-26,685.6561889648438,607.8048095703125,412.010009765625,96.03561401367188,477.4800109863281,24.760000228881836,27.100000381469727,90.29408264160156,18.6299991607666,20.809999465942383
2026-02-27,682.3637084960938,605.859375,406.3699951171875,96.41936492919922,483.75,25.100000381469727,27.079999923706055,90.31381225585938,19.860000610351562,21.559999465942383
2026-03-02,682.751708984375,606.6575317382812,406.3900146484375,95.8401107788086,490.0,25.809999465942383,27.329999923706055,90.32665252685548,21.440000534057617,22.440000534057617
2026-03-03,676.7337036132812,600.1629028320312,391.05999755859375,95.73155212402344,468.1400146484375,25.90999984741211,27.459999084472656,90.33654022216795,23.56999969482422,23.540000915527344
2026-03-04,681.5082397460938,609.311279296875,399.1000061035156,95.5341796875,471.7999877929687,26.13999938964844,27.40999984741211,90.34642028808594,21.149999618530273,22.290000915527344
2026-03-05,677.70849609375,607.4755249023438,395.3500061035156,95.23814392089844,466.1300048828125,26.520000457763672,27.479999542236328,90.35629272460938,23.75,23.860000610351562
2026-03-06,668.82568359375,598.337158203125,380.55999755859375,95.1789321899414,473.510009765625,27.510000228881836,27.469999313354492,90.3760757446289,29.489999771118164,27.559999465942383
2026-03-09,674.6845703125,606.3283081054688,394.3699951171875,95.4749755859375,472.5299987792969,27.13999938964844,27.459999084472656,90.38595581054688,25.5,25.34000015258789
2026-03-10,673.6002807617188,606.3383178710938,397.3299865722656,95.1690673828125,477.8599853515625,27.600000381469727,27.450000762939453,90.39583587646484,24.93000030517578,25.510000228881836
2026-03-11,672.7548217773438,606.2584838867188,401.0299987792969,94.73486328125,476.239990234375,28.1299991607666,27.549999237060547,90.39583587646484,24.229999542236328,24.969999313354492
2026-03-12,662.5390625,595.8530883789062,388.1300048828125,94.42894744873048,466.8800048828125,28.86000061035156,27.68000030517578,90.41560363769533,27.290000915527344,26.950000762939453
2026-03-13,658.7890014648438,592.3213500976562,387.3299865722656,94.33026123046876,460.8399963378906,28.709999084472656,27.88999938964844,90.44525909423828,27.190000534057617,27.280000686645508
2026-03-16,665.493408203125,598.9656982421875,393.9200134277344,94.7545928955078,460.4299926757813,28.309999465942383,27.729999542236328,90.44525909423828,23.510000228881836,24.920000076293945
2026-03-17,667.2440185546875,601.8887939453125,396.8800048828125,94.92236328125,459.2699890136719,28.760000228881836,27.68000030517578,90.45513916015624,22.3700008392334,24.329999923706055
2026-03-18,657.9335327148438,593.4986572265625,393.6700134277344,94.48815155029295,444.739990234375,29.270000457763672,27.850000381469727,90.4748992919922,25.09000015258789,26.559999465942383
2026-03-19,656.3121948242188,591.623046875,394.9200134277344,94.4782943725586,426.4100036621094,28.84000015258789,27.579999923706055,90.4748992919922,24.059999465942383,25.540000915527344
2026-03-20,646.9034423828125,580.6888427734375,384.739990234375,93.6296157836914,413.3800048828125,28.940000534057617,27.68000030517578,90.50456237792967,26.780000686645508,27.43000030517578
2026-03-23,653.6959228515625,587.3545532226562,391.3599853515625,93.92566680908205,404.0400085449219,27.75,27.559999465942383,90.51444244384766,26.149999618530273,26.100000381469727
2026-03-24,651.5015869140625,583.3389282226562,394.5899963378906,93.6098861694336,404.1300048828125,28.239999771118164,27.649999618530273,90.5243148803711,26.950000762939453,26.559999465942383
2026-03-25,655.1322021484375,587.1747436523438,399.0199890136719,94.1032943725586,416.2900085449219,28.170000076293945,27.700000762939453,90.51444244384766,25.329999923706055,25.6299991607666
2026-03-26,643.432373046875,573.1600952148438,380.8399963378906,93.34343719482422,400.6400146484375,28.440000534057617,27.809999465942383,90.5342025756836,27.440000534057617,27.15999984741211
2026-03-27,632.4606323242188,561.9624633789062,374.25,93.35330963134766,414.7000122070313,29.100000381469727,27.84000015258789,90.56385803222656,31.049999237060547,29.270000457763672
2026-03-30,630.3460693359375,557.6671752929688,362.5299987792969,94.01447296142578,414.5799865722656,29.260000228881836,27.979999542236328,90.57373809814452,30.610000610351562,29.1299991607666
2026-03-31,648.6688842773438,576.54638671875,383.3999938964844,94.18224334716795,430.2900085449219,28.950000762939453,27.780000686645508,90.57373809814452,25.25,25.549999237060547
2026-04-01,653.5562744140625,583.6685791015625,391.9700012207031,94.10005950927734,437.8200073242187,28.68000030517578,27.729999542236328,90.5975341796875,24.540000915527344,24.860000610351562
2026-04-02,654.144775390625,584.3378295898438,392.3200073242187,94.3178939819336,429.4100036621094,29.329999923706055,27.86000061035156,90.61735534667967,23.8700008392334,24.719999313354492
2026-04-06,657.23681640625,587.85400390625,395.9800109863281,94.0703582763672,427.6499938964844,29.479999542236328,27.829999923706055,90.63717651367188,24.170000076293945,24.770000457763672
2026-04-07,657.5260009765625,587.9439086914062,399.8999938964844,94.3079833984375,431.80999755859375,29.3700008392334,27.75,90.64708709716795,25.780000686645508,25.56999969482422
2026-04-08,674.27294921875,605.4246826171875,422.9200134277344,94.5159149169922,434.5299987792969,28.559999465942383,27.530000686645508,90.64708709716795,21.040000915527344,22.68000030517578
2026-04-09,678.162841796875,609.5202026367188,430.30999755859375,94.48619842529295,437.9100036621094,28.709999084472656,27.479999542236328,90.6570053100586,19.489999771118164,21.809999465942383
2026-04-10,677.7140502929688,610.3992309570312,436.8800048828125,94.3277816772461,437.1300048828125,28.5,27.440000534057617,90.68673706054688,19.229999542236328,21.860000610351562
2026-04-13,684.3369750976562,616.7122802734375,443.3399963378906,94.53571319580078,435.3599853515625,28.959999084472656,27.3799991607666,90.68673706054688,19.1200008392334,21.34000015258789
2026-04-14,692.675537109375,627.909912109375,452.0,94.84264373779295,445.0899963378906,28.84000015258789,27.31999969482422,90.69664764404295,18.360000610351562,20.81999969482422
2026-04-15,698.1414184570312,636.7003173828125,453.0,94.63472747802734,440.4599914550781,28.88999938964844,27.290000915527344,90.70655822753906,18.170000076293945,20.780000686645508
2026-04-16,699.8569946289062,639.7669067382812,454.7999877929687,94.4664077758789,440.0799865722656,29.11000061035156,27.3700008392334,90.71648406982422,17.940000534057617,20.770000457763672
2026-04-17,708.3152465820312,648.1376953125,464.1600036621094,94.98126220703124,445.9299926757813,28.290000915527344,27.36000061035156,90.7462158203125,17.479999542236328,20.510000228881836
2026-04-20,706.8988037109375,646.0799560546875,463.9599914550781,94.89215087890624,442.0899963378906,28.670000076293945,27.31999969482422,90.75611877441406,18.8700008392334,21.239999771118164
2026-04-21,702.2708129882812,643.6226806640625,464.6600036621094,94.47631072998048,429.5700073242187,29.209999084472656,27.469999313354492,90.76602935791016,19.5,21.510000228881836
2026-04-22,709.3825073242188,654.390869140625,476.8299865722656,94.5753173828125,435.260009765625,29.510000228881836,27.479999542236328,90.76602935791016,18.920000076293945,21.239999771118164
2026-04-23,706.6295776367188,650.7048950195312,481.8500061035156,94.4268035888672,431.0400085449219,29.88999938964844,27.530000686645508,90.7858657836914,19.309999465942383,21.479999542236328
2026-04-24,712.10546875,663.1512451171875,506.44000244140625,94.61491394042967,433.25,29.86000061035156,27.479999542236328,90.8056869506836,18.709999084472656,21.299999237060547
2026-04-27,713.332275390625,663.5008544921875,506.260009765625,94.3970947265625,429.8900146484375,30.09000015258789,27.450000762939453,90.81559753417967,18.020000457763672,20.770000457763672
2026-04-28,709.8612060546875,656.8281860351562,491.2099914550781,94.3079833984375,421.9100036621094,30.34000015258789,27.530000686645508,90.82550811767578,17.829999923706055,20.489999771118164
2026-04-29,709.7515258789062,660.84375,499.5799865722656,93.86244201660156,417.4100036621094,31.079999923706055,27.61000061035156,90.82550811767578,18.809999465942383,21.190000534057617
2026-04-30,716.8132934570312,667.0069580078125,506.7200012207031,94.04065704345705,423.6600036621094,31.100000381469727,27.36000061035156,90.83541870117188,16.889999389648438,20.079999923706055
2026-05-01,718.7982177734375,673.4099731445312,509.8200073242187,94.1121826171875,423.1799926757813,30.809999465942383,27.40999984741211,90.86524963378906,16.989999771118164,20.3700008392334
2026-05-04,716.1649780273438,672.141357421875,506.7900085449219,93.76449584960938,414.7099914550781,31.329999923706055,27.479999542236328,90.8851318359375,18.290000915527344,21.049999237060547
2026-05-05,721.9102172851562,680.8617553710938,522.6900024414062,93.90357208251952,418.2699890136719,31.200000762939453,27.5,90.89507293701172,17.3799991607666,20.81999969482422
2026-05-06,731.9443359375,695.0062255859375,549.760009765625,94.37045288085938,430.9599914550781,30.209999084472656,27.350000381469727,90.8851318359375,17.389999389648438,20.56999969482422
2026-05-07,729.7001342773438,694.1771240234375,540.0999755859375,94.08238220214844,431.6799926757813,30.25,27.40999984741211,90.90501403808594,17.079999923706055,20.350000381469727
2026-05-08,735.724609375,710.44921875,566.5399780273438,94.33072662353516,433.7699890136719,30.299999237060547,27.34000015258789,90.92489624023438,17.190000534057617,20.5
2026-05-11,737.4002685546875,712.5069580078125,576.3099975585938,94.01284790039062,434.6499938964844,31.059999465942383,27.350000381469727,90.94478607177734,18.3799991607666,21.239999771118164
2026-05-12,736.2831420898438,706.463623046875,561.25,93.6949691772461,432.9299926757813,31.690000534057617,27.450000762939453,90.95471954345705,17.989999771118164,21.040000915527344
2026-05-13,740.4025268554688,713.9254760742188,572.4600219726562,93.6949691772461,430.5,31.3700008392334,27.510000228881836,90.95471954345705,17.8700008392334,21.18000030517578
2026-05-14,746.2474975585938,718.9998168945312,578.3400268554688,93.63536071777344,427.2099914550781,31.149999618530273,27.6200008392334,90.97460174560548,17.260000228881836,20.850000381469727
2026-05-15,737.2706298828125,708.1517944335938,556.3400268554688,92.89034271240234,417.2900085449219,31.190000534057617,27.770000457763672,90.99449157714844,18.43000030517578,21.360000610351562
2026-05-18,736.751953125,705.1051025390625,546.1599731445312,92.85060119628906,418.4299926757813,31.3799991607666,27.700000762939453,90.99449157714844,17.81999969482422,20.920000076293945
2026-05-19,731.8446044921875,700.7599487304688,543.9600219726562,92.49298095703124,411.5,31.61000061035156,27.790000915527344,91.01437377929688,18.059999465942383,21.1200008392334
2026-05-20,739.3452758789062,712.3671875,564.6599731445312,93.11881256103516,417.3999938964844,30.8799991607666,27.729999542236328,91.03424835205078,17.440000534057617,20.760000228881836
2026-05-21,740.8114624023438,713.7256469726562,567.8800048828125,93.17841339111328,416.989990234375,30.700000762939453,27.729999542236328,91.03424835205078,16.760000228881836,20.0
2026-05-22,743.7239990234375,716.7523193359375,576.3200073242188,93.25788116455078,413.8200073242187,30.540000915527344,27.770000457763672,91.05413818359376,16.700000762939453,20.030000686645508
2026-05-26,748.6613159179688,729.4783935546875,602.1400146484375,93.65523529052734,414.0,30.030000686645508,27.75,91.0740203857422,17.010000228881836,19.889999389648438
2026-05-27,748.5316162109375,728.6492919921875,595.5,93.6949691772461,408.489990234375,29.489999771118164,27.75,91.0839614868164,16.290000915527344,19.450000762939453
2026-05-28,752.6609497070312,734.79248046875,599.8300170898438,93.91350555419922,412.7699890136719,29.719999313354492,27.700000762939453,91.0938949584961,15.739999771118164,19.110000610351562
2026-05-29,754.5361328125,737.49951171875,598.9299926757812,94.02278137207033,417.1199951171875,29.479999542236328,27.65999984741211,91.1237335205078,15.319999694824219,18.65999984741211
2026-06-01,756.5908203125,741.9246826171875,607.8099975585938,93.86031341552734,411.260009765625,29.989999771118164,27.760000228881836,91.13270568847656,16.049999237060547,19.43000030517578
2026-06-02,757.6182250976562,745.3408813476562,632.2100219726562,93.93008422851562,411.9500122070313,30.1200008392334,27.760000228881836,91.12272644042967,15.770000457763672,19.489999771118164
2026-06-03,752.3018798828125,743.39306640625,637.9000244140625,93.6908721923828,407.8699951171875,30.290000915527344,27.86000061035156,91.1426773071289,16.059999465942383,19.760000228881836
2026-06-04,755.1445922851562,739.7969970703125,627.530029296875,93.81048583984376,411.2699890136719,29.8799991607666,27.84000015258789,91.1426773071289,15.399999618530273,19.229999542236328
2026-06-05,735.65478515625,704.2860107421875,569.6900024414062,93.31212615966795,396.239990234375,29.229999542236328,28.020000457763672,91.18254852294922,21.510000228881836,21.81999969482422
2026-06-08,737.3204345703125,715.283935546875,598.1599731445312,93.2124481201172,397.2699890136719,29.469999313354492,28.030000686645508,91.1925277709961,18.920000076293945,20.790000915527344
2026-06-09,735.1560668945312,707.052978515625,591.010009765625,93.47159576416016,390.7799987792969,29.06999969482422,28.010000228881836,91.1925277709961,19.8700008392334,21.309999465942383
2026-06-10,723.56591796875,692.9285278320312,570.9099731445312,93.38189697265624,374.5799865722656,29.170000076293945,28.049999237060547,91.20249938964844,22.219999313354492,22.889999389648438
2026-06-11,735.8642578125,716.332763671875,609.4500122070312,94.02975463867188,386.3200073242187,28.850000381469727,27.950000762939453,91.21247100830078,19.440000534057617,21.420000076293945
2026-06-12,739.843994140625,720.5481567382812,619.9600219726562,93.87028503417967,386.5400085449219,28.549999237060547,27.950000762939453,91.24237823486328,17.68000030517578,20.510000228881836
2026-06-15,752.890380859375,743.1832885742188,647.0999755859375,93.96995544433594,396.5499877929687,28.219999313354492,27.969999313354492,91.24237823486328,16.200000762939453,19.360000610351562
2026-06-16,748.4019775390625,729.0587768554688,616.0,94.20915985107422,397.6300048828125,27.899999618530273,27.93000030517578,91.25234985351562,16.40999984741211,19.530000686645508
2026-06-17,739.0560302734375,721.7168579101562,623.969970703125,93.71080780029295,388.6000061035156,27.709999084472656,28.18000030517578,91.26232147216795,18.440000534057617,20.6200008392334
2026-06-18,746.739990234375,739.8070068359375,659.8800048828125,94.04969024658205,387.1199951171875,27.6299991607666,28.299999237060547,91.3022003173828,16.399999618530273,19.56999969482422
2026-06-22,744.3900146484375,737.9500122070312,668.9099731445312,93.6908721923828,384.5899963378906,27.40999984741211,28.36000061035156,91.3022003173828,17.280000686645508,19.760000228881836
2026-06-23,733.5800170898438,713.6500244140625,622.0499877929688,93.81048583984376,377.3200073242187,27.1200008392334,28.450000762939453,91.31217956542967,19.489999771118164,21.059999465942383
2026-06-24,733.239990234375,710.6199951171875,618.9199829101562,94.4184799194336,365.9200134277344,26.450000762939453,28.530000686645508,91.3221435546875,18.6299991607666,20.3700008392334
2026-06-25,734.2999877929688,716.3800048828125,636.8800048828125,94.47827911376952,369.4599914550781,26.93000030517578,28.479999542236328,91.33211517333984,18.889999389648438,20.329999923706055
2026-06-26,728.989990234375,706.52001953125,611.6099853515625,94.7174835205078,373.6300048828125,26.56999969482422,28.459999084472656,91.36202239990234,18.40999984741211,20.1299991607666
2026-06-29,741.0,724.0800170898438,631.97998046875,94.74738311767578,368.5799865722656,26.559999465942383,28.3700008392334,91.37200164794922,17.649999618530273,19.530000686645508
2026-06-30,746.77001953125,736.4000244140625,655.8900146484375,94.25900268554688,368.3800048828125,26.65999984741211,28.40999984741211,91.37200164794922,16.450000762939453,19.0
2026-07-01,745.760009765625,725.1699829101562,620.4600219726562,94.02999877929688,370.6000061035156,26.450000762939453,28.489999771118164,91.4000015258789,16.59000015258789,19.15999984741211
2026-07-02,744.780029296875,712.5999755859375,592.2899780273438,94.12000274658205,378.1300048828125,26.56999969482422,28.34000015258789,91.44000244140624,16.149999618530273,19.040000915527344
2026-07-06,751.280029296875,722.8200073242188,604.2999877929688,94.18000030517578,382.1300048828125,27.0,28.31999969482422,91.43000030517578,15.569999694824219,18.780000686645508
2026-07-07,747.7100219726562,709.4299926757812,581.4500122070312,93.6999969482422,377.489990234375,27.350000381469727,28.399999618530273,91.4499969482422,16.1299991607666,19.010000228881836
2026-07-08,745.4000244140625,711.4400024414062,593.0,93.51000213623048,374.4500122070313,27.799999237060547,28.36000061035156,91.4499969482422,16.899999618530273,19.459999084472656
2026-07-09,751.7100219726562,723.280029296875,607.72998046875,93.70999908447266,378.1799926757813,27.579999923706055,28.36000061035156,91.45999908447266,15.84000015258789,18.989999771118164
2026-07-10,754.9500122070312,725.510009765625,611.030029296875,93.62999725341795,377.010009765625,27.520000457763672,28.38999938964844,91.5,15.029999732971191,18.56999969482422
2026-07-13,749.1699829101562,711.739990234375,585.6199951171875,93.29000091552734,367.1300048828125,28.329999923706055,28.5,91.5,17.15999984741211,19.639999389648438
2026-07-14,751.8300170898438,719.6900024414062,600.3099975585938,93.5500030517578,372.1499938964844,28.6299991607666,28.38999938964844,91.51000213623048,16.5,19.299999237060547
2026-07-15,754.8099975585938,717.739990234375,590.77001953125,93.77999877929688,372.3500061035156,28.790000915527344,28.25,91.5199966430664,15.670000076293945,18.90999984741211
2026-07-16,750.719970703125,705.9400024414062,568.9199829101562,93.72000122070312,364.9599914550781,28.459999084472656,28.34000015258789,91.52999877929688,16.729999542236328,19.5
2026-07-17,743.2899780273438,695.3300170898438,556.530029296875,93.83999633789062,368.4100036621094,28.979999542236328,28.329999923706055,91.5500030517578,18.770000457763672,20.540000915527344
2026-07-20,742.0900268554688,696.0599975585938,558.8300170898438,93.54000091552734,367.6000061035156,29.13999938964844,28.38999938964844,91.55999755859376,18.649999618530273,20.540000915527344
2026-07-21,748.280029296875,708.969970703125,584.0800170898438,93.30999755859376,374.80999755859375,29.56999969482422,28.479999542236328,91.55999755859376,17.049999237060547,20.540000915527344
