date,SPX,BOND,GOLD,OIL,USD,CASH
2008-01-02,103.22969055175781,55.76769256591797,84.86000061035156,26.99188232421875,19.492528915405273,72.41738891601562
2008-01-03,103.17982482910156,55.882198333740234,85.56999969482422,27.199960708618164,19.53402328491211,72.36998748779297
2008-01-04,100.6512451171875,56.028621673583984,85.12999725341797,27.04182243347168,19.326566696166992,72.35417938232422
2008-01-07,100.56578063964844,56.13044738769531,84.7699966430664,26.550756454467773,19.517425537109375,72.41738891601562
2008-01-08,98.94175720214844,56.251373291015625,86.77999877929688,26.792125701904297,19.492528915405273,72.36998748779297
2008-01-09,99.98167419433594,56.16230010986328,86.55000305175781,26.525789260864258,19.641897201538086,72.32258605957031
2008-01-10,100.63700866699219,56.00952911376953,88.25,26.40093994140625,19.451040267944336,72.35417938232422
2008-01-11,99.82499694824219,56.36589050292969,88.58000183105469,26.642309188842773,19.542316436767578,72.38585662841797
2008-01-14,100.62987518310547,56.391380310058594,89.54000091552734,26.975234985351562,19.442737579345703,72.44902038574219
2008-01-15,98.4146957397461,56.760467529296875,87.98999786376953,26.642309188842773,19.426143646240234,72.43319702148438
2008-01-16,97.56712341308594,56.652286529541016,86.69999694824219,26.392616271972656,19.666793823242188,72.43319702148438
2008-01-17,95.03852844238281,57.110477447509766,86.5,26.05136489868164,19.63359832763672,72.40160369873047
2008-01-18,94.06271362304688,57.02777862548828,87.41999816894531,26.151243209838867,19.691688537597656,72.44902038574219
2008-01-22,93.10829162597656,57.66417694091797,88.16999816894531,26.059690475463867,19.72488021850586,72.48062133789062
2008-01-23,95.34480285644531,57.39689636230469,87.88999938964844,25.568628311157227,19.666793823242188,72.55965423583984
2008-01-24,96.14968872070312,56.87502670288086,90.08000183105469,26.201183319091797,19.50082778930664,72.5912094116211
2008-01-25,94.76077270507812,57.40325164794922,90.30000305175781,26.783802032470703,19.550617218017578,72.5122299194336
2008-01-28,96.32777404785156,57.19327163696289,91.75,26.90865135192871,19.426143646240234,72.5438461303711
2008-01-29,96.80496215820312,56.96413803100586,91.1500015258789,27.133371353149414,19.417844772338867,72.60702514648438
2008-01-30,96.09269714355469,56.93870544433594,92.05999755859375,26.900327682495117,19.301671981811523,72.63865661621094
2008-01-31,97.84487915039062,57.23139572143555,91.4000015258789,27.03349494934082,19.451040267944336,72.63865661621094
2008-02-01,99.41900634765625,57.4172248840332,89.3499984741211,26.559078216552734,19.525724411010742,72.6307144165039
2008-02-04,98.16544342041016,57.09800338745117,89.0999984741211,27.025175094604492,19.492528915405273,72.64652252197266
2008-02-05,95.537109375,57.500186920166016,87.68000030517578,26.80044937133789,19.69998550415039,72.59900665283203
2008-02-06,94.76786041259766,57.39805221557617,88.94999694824219,26.675601959228516,19.69998550415039,72.66240692138672
2008-02-07,95.39466094970703,56.75321578979492,89.8499984741211,27.00020408630371,19.890844345092773,72.64652252197266
2008-02-08,94.7821273803711,57.23202133178711,91.0,27.807546615600586,19.8327579498291,72.64652252197266
2008-02-11,95.2664794921875,57.35974884033203,91.33000183105469,27.99065589904785,19.791269302368164,72.66240692138672
2008-02-12,96.14968872070312,57.23845672607422,89.33000183105469,27.424684524536133,19.72488021850586,72.64652252197266
2008-02-13,97.13262176513672,56.995849609375,89.44000244140625,27.649410247802734,19.758071899414062,72.66240692138672
2008-02-14,96.27787017822266,56.68302917480469,89.70999908447266,28.207054138183594,19.691688537597656,72.67826080322266
2008-02-15,96.25653076171875,56.804359436035156,89.1500015258789,28.07388687133789,19.691688537597656,72.67826080322266
2008-02-19,96.5271987915039,56.39573669433594,91.58000183105469,28.989431381225586,19.65849494934082,72.67826080322266
2008-02-20,96.81210327148438,56.344703674316406,93.23999786376953,29.13924217224121,19.666793823242188,72.64652252197266
2008-02-21,96.0072021484375,56.92566680908203,93.25,28.981109619140625,19.525724411010742,72.70990753173828
2008-02-22,96.59839630126953,56.766021728515625,93.38999938964844,29.380617141723633,19.301671981811523,72.70990753173828
2008-02-25,97.81641387939453,56.38936996459961,92.73999786376953,29.663602828979492,19.401247024536133,72.67826080322266
2008-02-26,98.55004119873047,56.52980422973633,93.70999908447266,30.296159744262695,19.268478393554688,72.72577667236328
2008-02-27,98.45032501220703,56.66388702392578,94.77999877929688,30.25454330444336,19.144004821777344,72.74163055419922
2008-02-28,97.48876190185547,57.32780456542969,95.98999786376953,30.545852661132812,19.0361270904541,72.74163055419922
2008-02-29,95.31633758544922,57.94071960449219,96.18000030517578,30.04646110534668,19.04442596435547,72.7574234008789
2008-03-03,95.0883560180664,57.79340744018555,97.23999786376953,30.48759651184082,19.0029354095459,72.78438568115234
2008-03-04,94.72517395019531,57.57568359375,95.18000030517578,30.379390716552734,19.052724838256836,72.78438568115234
2008-03-05,95.32344055175781,57.32589340209961,97.72000122070312,31.045238494873047,18.961444854736328,72.7685546875
2008-03-06,93.3504409790039,57.78697967529297,96.5,31.278291702270508,18.861862182617188,72.8002700805664
2008-03-07,92.38888549804688,57.985511779785156,96.08999633789062,30.96200942993164,18.919952392578125,72.8002700805664
2008-03-10,91.1708984375,58.40170669555664,95.87000274658203,31.544633865356445,18.861862182617188,72.8002700805664
2008-03-11,94.4473648071289,57.76774978637695,95.98999786376953,32.03569030761719,18.986339569091797,72.8002700805664
2008-03-12,93.56412506103516,58.43375015258789,97.01000213623047,32.3852653503418,18.654407501220703,72.8161849975586
2008-03-13,93.77069091796875,58.12641906738281,98.33999633789062,32.41856002807617,18.60462188720703,72.8002700805664
2008-03-14,92.3176498413086,58.72835159301758,98.70999908447266,32.37693786621094,18.6378116607666,72.89551544189453
2008-03-17,91.38455200195312,59.02293395996094,99.16999816894531,31.078535079956055,18.480144500732422,72.87968444824219
2008-03-18,95.1810073852539,58.61949157714844,96.5,31.769351959228516,18.695899963378906,72.95905303955078
2008-03-19,92.82337188720703,59.12540817260742,93.04000091552734,30.39603614807129,18.712495803833008,72.974853515625
2008-03-20,94.54268646240234,59.25343322753906,89.91000366210938,29.172536849975586,18.91165542602539,72.95905303955078
2008-03-24,96.43244934082031,58.20968246459961,90.0999984741211,29.705217361450195,19.19379425048828,72.89551544189453
2008-03-25,96.52550506591797,58.414546966552734,92.7300033569336,30.004850387573242,18.770584106445312,72.84790802001953
2008-03-26,95.34441375732422,58.45938491821289,93.80000305175781,30.903745651245117,18.505041122436523,72.89551544189453
2008-03-27,95.04376983642578,58.38254928588867,93.45999908447266,31.244998931884766,18.538232803344727,72.911376953125
2008-03-28,94.13467407226562,58.613040924072266,91.87999725341797,30.504243850708008,18.55483055114746,72.84790802001953
2008-03-31,94.46398162841797,58.71551513671875,90.41000366210938,29.771800994873047,18.588022232055664,72.92725372314453
2008-04-01,97.78531646728516,58.2021369934082,86.86000061035156,29.60533905029297,18.878459930419922,72.87962341308594
2008-04-02,97.84974670410156,58.009361267089844,89.2699966430664,30.48759651184082,18.695899963378906,72.87962341308594
2008-04-03,98.09308624267578,58.009361267089844,89.41999816894531,30.65406036376953,18.762287139892578,72.87962341308594
2008-04-04,97.98567962646484,58.45271682739258,90.25,30.870452880859375,18.57972526550293,72.9113540649414
2008-04-07,98.03581237792969,58.06718444824219,91.16999816894531,31.20338249206543,18.712495803833008,72.87962341308594
2008-04-08,97.93560028076172,58.07360076904297,90.3499984741211,31.328229904174805,18.712495803833008,72.92725372314453
2008-04-09,97.22695922851562,58.420616149902344,92.29000091552734,31.852581024169922,18.588022232055664,72.92725372314453
2008-04-10,97.36299896240234,58.18932342529297,91.7699966430664,31.711091995239258,18.67100715637207,72.92725372314453
2008-04-11,95.47322845458984,58.439849853515625,91.30000305175781,31.58624267578125,18.60462188720703,72.92725372314453
2008-04-14,95.15113067626953,58.29209899902344,91.11000061035156,31.80263900756836,18.60462188720703,72.9590835571289
2008-04-15,95.37305450439453,58.028648376464844,91.66000366210938,32.185508728027344,18.629514694213867,72.9590835571289
2008-04-16,97.95709228515625,57.636695861816406,93.2699966430664,32.493465423583984,18.44695472717285,72.9113540649414
2008-04-17,98.1002197265625,57.50173568725586,92.55999755859375,32.34365463256836,18.54653549194336,72.9113540649414
2008-04-18,99.12384033203125,57.44388198852539,90.62000274658203,32.360294342041016,18.67100715637207,72.8636474609375
2008-04-21,99.17393493652344,57.45034408569336,90.25,32.40190887451172,18.529937744140625,72.89545440673828
2008-04-22,98.73733520507812,57.49531936645508,90.2699966430664,32.60166549682617,18.463550567626953,72.9113540649414
2008-04-23,98.57982635498047,57.43751525878906,89.22000122070312,32.2937126159668,18.588022232055664,72.9113540649414
2008-04-24,99.00933074951172,56.98772048950195,87.22000122070312,31.752708435058594,18.795480728149414,72.92725372314453
2008-04-25,99.925537109375,56.91059112548828,87.2699966430664,32.335323333740234,18.84526824951172,72.92725372314453
2008-04-28,99.9469985961914,57.013423919677734,87.69000244140625,32.41023254394531,18.820371627807617,72.87962341308594
2008-04-29,99.55331420898438,57.11622619628906,85.80999755859375,31.627857208251953,18.89505958557129,72.9590835571289
2008-04-30,98.96633911132812,57.29615783691406,86.6500015258789,31.569599151611328,18.762287139892578,72.87962341308594
2008-05-01,101.01354217529297,57.289703369140625,83.98999786376953,30.8371639251709,18.919952392578125,72.93367767333984
2008-05-02,101.29267883300781,56.82559585571289,84.58000183105469,31.619539260864258,19.019533157348633,72.88592529296875
2008-05-05,100.80599212646484,56.90936279296875,86.2699966430664,32.277061462402344,18.92824935913086,72.90190124511719
2008-05-06,101.67925262451172,56.72891616821289,86.62999725341797,32.701541900634766,18.861862182617188,72.87000274658203
2008-05-07,99.8682632446289,56.95453643798828,85.81999969482422,32.759803771972656,18.986339569091797,72.91779327392578
2008-05-08,99.61055755615234,57.321903228759766,87.23999786376953,33.29248046875,18.986339569091797,72.88592529296875
2008-05-09,99.42445373535156,57.38636016845703,87.41999816894531,33.808509826660156,18.861862182617188,72.91779327392578
2008-05-12,100.5411376953125,57.289703369140625,86.98999786376953,33.23421859741211,18.83696937561035,72.91779327392578
2008-05-13,100.555419921875,56.81272888183594,85.38999938964844,33.41733169555664,18.919952392578125,72.88592529296875
2008-05-14,100.76302337646484,56.79338455200195,85.19999694824219,32.8763313293457,18.94485092163086,72.88592529296875
2008-05-15,102.02281951904297,57.10919952392578,87.0,33.25086975097656,18.92824935913086,72.88592529296875
2008-05-16,102.11588287353516,57.01258087158203,89.0999984741211,33.73360824584961,18.745689392089844,72.90190124511719
2008-05-19,102.39506530761719,57.141441345214844,89.38999938964844,33.783546447753906,18.84526824951172,72.90190124511719
2008-05-20,101.564697265625,57.315460205078125,90.9000015258789,34.2496452331543,18.654407501220703,72.87000274658203
2008-05-21,99.84680938720703,57.18011474609375,91.95999908447266,35.248416900634766,18.521635055541992,72.87000274658203
2008-05-22,99.86112213134766,56.80622863769531,90.9800033569336,34.74070739746094,18.6378116607666,72.91779327392578
2008-05-23,98.52253723144531,57.05762481689453,91.2300033569336,34.80729293823242,18.529937744140625,72.91779327392578
2008-05-27,99.25263977050781,56.7805061340332,89.36000061035156,34.2496452331543,18.6378116607666,72.91779327392578
2008-05-28,99.71077728271484,56.355098724365234,89.13999938964844,34.466041564941406,18.720794677734375,72.9495620727539
2008-05-29,100.21184539794922,56.09076690673828,86.51000213623047,33.525535583496094,18.87016487121582,72.91779327392578
2008-05-30,100.46234893798828,56.27768325805664,87.44999694824219,33.7502555847168,18.84526824951172,72.9495620727539
2008-06-02,99.42445373535156,56.61211395263672,87.95999908447266,34.199703216552734,18.820371627807617,73.00850677490234
2008-06-03,98.84468078613281,56.909671783447266,86.87999725341797,33.392364501953125,18.919952392578125,73.00850677490234
2008-06-04,98.79454803466797,56.70265579223633,86.6500015258789,32.892974853515625,18.969741821289062,72.99259185791016
2008-06-05,100.7701644897461,56.405155181884766,86.44999694824219,34.141441345214844,18.878459930419922,72.94479370117188
2008-06-06,97.55620574951172,56.89678192138672,89.05999755859375,35.0153694152832,18.662708282470703,72.96073150634766
2008-06-09,97.79241180419922,56.48924255371094,87.98999786376953,35.37326431274414,18.820371627807617,72.99259185791016
2008-06-10,97.30567932128906,56.15286636352539,85.55000305175781,35.23176956176758,19.019533157348633,73.04043579101562
2008-06-11,95.87407684326172,56.211090087890625,87.0199966430664,36.53017807006836,18.89505958557129,73.08818054199219
2008-06-12,96.23916625976562,55.719478607177734,85.5999984741211,36.521854400634766,19.052724838256836,73.04043579101562
2008-06-13,97.45601654052734,55.59012222290039,85.83000183105469,36.28881072998047,19.077619552612305,73.08818054199219
2008-06-16,97.51327514648438,55.59658432006836,87.01000213623047,36.255516052246094,18.99463653564453,73.08818054199219
2008-06-17,97.04084014892578,55.784149169921875,87.25,36.62173080444336,18.953144073486328,73.07225799560547
2008-06-18,96.09603118896484,56.088191986083984,88.27999877929688,37.12112045288086,18.936546325683594,73.10409545898438
2008-06-19,96.21768188476562,55.76475524902344,88.41999816894531,36.255516052246094,18.953144073486328,73.08818054199219
2008-06-20,94.65592193603516,56.02348709106445,88.94999694824219,36.50520706176758,18.82867431640625,73.12004089355469
2008-06-23,94.56243133544922,55.99762725830078,87.08999633789062,36.763221740722656,18.936546325683594,73.12004089355469
2008-06-24,94.37535858154297,56.29520797729492,87.47000122070312,36.77155303955078,18.886762619018555,73.12004089355469
2008-06-25,94.82135772705078,56.28871154785156,87.41999816894531,36.63005447387695,18.795480728149414,73.13594055175781
2008-06-26,92.2459945678711,56.605628967285156,90.61000061035156,37.84523391723633,18.679304122924805,73.13594055175781
2008-06-27,91.74241638183594,56.88382339477539,91.47000122070312,37.94511032104492,18.621217727661133,73.16783905029297
2008-06-30,92.06615447998047,56.92265319824219,91.4000015258789,37.270938873291016,18.662708282470703,73.12004089355469
2008-07-01,92.35394287109375,56.76815414428711,92.66000366210938,37.92845916748047,18.6461124420166,73.14554595947266
2008-07-02,90.77124786376953,56.90443420410156,93.16999816894531,38.6525764465332,18.55483055114746,73.14554595947266
2008-07-03,90.86477661132812,56.92390823364258,92.05999755859375,38.63592529296875,18.73739242553711,73.14554595947266
2008-07-07,89.93677520751953,57.19001388549805,91.2300033569336,38.111568450927734,18.720794677734375,73.1296615600586
2008-07-08,91.53376770019531,57.33277130126953,90.86000061035156,36.72993087768555,18.80377960205078,73.09767150878906
2008-07-09,89.77130889892578,57.60533142089844,91.5,36.70496368408203,18.67100715637207,73.11363220214844
2008-07-10,90.13823699951172,57.62480545043945,93.52999877929688,37.703731536865234,18.654407501220703,73.17747497558594
2008-07-11,89.08793640136719,57.08618927001953,95.16000366210938,38.22809600830078,18.529937744140625,73.225341796875
2008-07-14,88.28221130371094,57.39122009277344,95.91000366210938,38.24474334716797,18.49674415588379,73.225341796875
2008-07-15,87.03768920898438,57.59889602661133,96.16999816894531,37.02956771850586,18.480144500732422,73.24126434326172
2008-07-16,89.17424011230469,57.07318878173828,94.44000244140625,36.46359634399414,18.571426391601562,73.2572250366211
2008-07-17,90.06629943847656,56.800621032714844,94.22000122070312,35.6063117980957,18.60462188720703,73.14554595947266
2008-07-18,90.62738800048828,56.60590744018555,94.16999816894531,34.99871826171875,18.60462188720703,73.24126434326172
2008-07-21,90.67774963378906,56.73574447631836,95.12000274658203,35.42320251464844,18.538232803344727,73.17747497558594
2008-07-22,91.70645904541016,56.540992736816406,93.05999755859375,34.64915084838867,18.67100715637207,73.20938110351562
2008-07-23,92.20283508300781,56.450130462646484,90.56999969482422,33.86677932739258,18.745689392089844,73.24126434326172
2008-07-24,90.289306640625,56.93689727783203,91.33000183105469,33.891746520996094,18.729093551635742,73.225341796875
2008-07-25,90.26770782470703,56.60590744018555,91.69000244140625,33.46726608276367,18.75398826599121,73.24126434326172
2008-07-28,88.94405364990234,56.93038558959961,91.7300033569336,33.63372802734375,18.712495803833008,73.24126434326172
2008-07-29,90.84321594238281,56.76815414428711,90.58999633789062,33.25086975097656,18.87016487121582,73.24126434326172
2008-07-30,92.46178436279297,56.87849426269531,89.5199966430664,33.90839385986328,18.85356903076172,73.2572250366211
2008-07-31,91.2388687133789,57.33277130126953,90.08000183105469,33.62540817260742,18.85356903076172,73.2572250366211
2008-08-01,90.75690460205078,57.36148452758789,89.56999969482422,33.25086975097656,18.91165542602539,73.23490142822266
2008-08-04,89.91520690917969,57.322349548339844,88.13999938964844,32.152217864990234,18.919952392578125,73.25082397460938
2008-08-05,92.33952331542969,57.029335021972656,86.08000183105469,31.927490234375,19.06102180480957,73.26679992675781
2008-08-06,92.74958038330078,57.04885482788086,86.63999938964844,31.58624267578125,19.11911392211914,73.23490142822266
2008-08-07,91.36833953857422,57.582862854003906,86.08999633789062,31.761030197143555,19.218687057495117,73.28277587890625
2008-08-08,93.06607055664062,57.55684280395508,84.43000030517578,30.870452880859375,19.525724411010742,73.26679992675781
2008-08-11,94.03005981445312,57.276771545410156,81.12999725341797,30.8371639251709,19.63359832763672,73.28277587890625
2008-08-12,93.05169677734375,57.67402267456055,80.5199966430664,30.570823669433594,19.59210968017578,73.23490142822266
2008-08-13,92.49059295654297,57.550289154052734,81.55999755859375,31.594572067260742,19.59210968017578,73.29875183105469
2008-08-14,93.18836975097656,57.726131439208984,79.3499984741211,31.31990623474121,19.708282470703125,73.28277587890625
2008-08-15,93.64159393310547,57.941070556640625,77.62999725341797,30.895423889160156,19.857654571533203,73.29875183105469
2008-08-18,92.361083984375,58.0843620300293,78.80000305175781,31.070209503173828,19.7995662689209,73.25082397460938
2008-08-19,91.35397338867188,57.999664306640625,80.43000030517578,31.55295181274414,19.708282470703125,73.31470489501953
2008-08-20,91.77837371826172,58.168941497802734,80.05999755859375,31.80263900756836,19.766372680664062,73.31470489501953
2008-08-21,91.93666076660156,58.045257568359375,82.30000305175781,33.16763687133789,19.542316436767578,73.3306884765625
2008-08-22,93.26750946044922,57.87592315673828,81.08000183105469,32.04401397705078,19.741477966308594,73.34667205810547
2008-08-25,91.37553405761719,58.260162353515625,80.93000030517578,31.860902786254883,19.733179092407227,73.3306884765625
2008-08-26,91.64173126220703,58.27969741821289,81.2300033569336,31.87755584716797,19.849353790283203,73.34667205810547
2008-08-27,92.53374481201172,58.36436080932617,81.36000061035156,32.17718505859375,19.791269302368164,73.34667205810547
2008-08-28,93.65596771240234,58.27969741821289,82.18000030517578,31.544633865356445,19.857654571533203,73.34667205810547
2008-08-29,92.6488265991211,58.20808410644531,81.70999908447266,31.428104400634766,19.865949630737305,73.31470489501953
2008-09-02,92.0733413696289,58.52496337890625,79.19999694824219,30.612436294555664,20.056808471679688,73.36748504638672
2008-09-03,91.99420166015625,58.66867446899414,78.88999938964844,30.437654495239258,20.040212631225586,73.36748504638672
2008-09-04,89.224609375,58.962730407714844,78.38999938964844,30.004850387573242,20.197879791259766,73.36748504638672
2008-09-05,89.50518035888672,58.83205032348633,78.9800033569336,29.705217361450195,20.272563934326172,73.38348388671875
2008-09-08,91.35397338867188,58.83860778808594,78.86000061035156,29.63863182067871,20.38043785095215,73.38348388671875
2008-09-09,88.64192962646484,59.10646057128906,76.48999786376953,28.55662727355957,20.38874053955078,73.36748504638672
2008-09-10,89.00157928466797,58.956214904785156,74.22000122070312,28.598243713378906,20.521509170532227,73.39949798583984
2008-09-11,90.289306640625,58.85165786743164,73.08000183105469,28.356870651245117,20.57959747314453,73.38348388671875
2008-09-12,90.70652770996094,58.557640075683594,75.55000305175781,28.548303604125977,20.1895809173584,73.41548156738281
2008-09-15,86.39025115966797,59.68149185180664,77.55999755859375,27.424684524536133,20.007020950317383,73.49545288085938
2008-09-16,87.83619689941406,59.511627197265625,76.79000091552734,26.86703109741211,20.29745864868164,73.5274658203125
2008-09-17,83.88679504394531,60.0473518371582,85.45999908447266,27.674379348754883,19.857654571533203,73.84730529785156
2008-09-18,86.3758544921875,59.34165954589844,82.80000305175781,27.724319458007812,19.94063377380371,73.63939666748047
2008-09-19,89.80618286132812,58.28315353393555,85.9800033569336,28.639856338500977,19.782968521118164,73.38348388671875
2008-09-22,87.77302551269531,58.159080505371094,89.18000030517578,29.630311965942383,19.33486557006836,73.41548156738281
2008-09-23,85.77603149414062,58.159080505371094,88.31999969482422,29.339000701904297,19.459339141845703,73.6553726196289
2008-09-24,86.05098724365234,58.309364318847656,86.70999908447266,29.097631454467773,19.650197982788086,73.43147277832031
2008-09-25,87.39678955078125,58.13292694091797,86.44999694824219,29.60533905029297,19.617000579833984,73.5114517211914
2008-09-26,87.44019317626953,58.09374237060547,86.63999938964844,29.255773544311523,19.617000579833984,73.63939666748047
2008-09-29,80.58824157714844,58.903968811035156,89.56999969482422,27.441329956054688,19.766372680664062,73.95932006835938
2008-09-30,83.92375183105469,58.12636947631836,85.06999969482422,28.207054138183594,20.28086280822754,73.6874008178711
2008-10-01,83.97440338134766,58.536163330078125,85.97000122070312,27.549531936645508,20.363845825195312,73.67619323730469
2008-10-02,80.92827606201172,58.863983154296875,82.33000183105469,26.026397705078125,20.645980834960938,73.6441421508789
2008-10-03,79.83573150634766,59.08688735961914,82.58999633789062,25.418813705444336,20.562997817993164,73.6441421508789
2008-10-06,75.76944732666016,59.565555572509766,84.27999877929688,24.33680534362793,20.811948776245117,73.62814331054688
2008-10-07,72.37602233886719,59.519630432128906,87.2699966430664,24.63644027709961,20.662578582763672,73.61210632324219
2008-10-08,70.55269622802734,58.75907516479492,89.41999816894531,24.994333267211914,20.596195220947266,73.54805755615234
2008-10-09,65.6253433227539,58.16902160644531,89.9000015258789,23.82909393310547,20.704071044921875,73.66016387939453
2008-10-10,64.03356170654297,57.487098693847656,83.22000122070312,22.77206039428711,20.737260818481445,73.72427368164062
2008-10-13,73.33108520507812,57.093719482421875,81.98999786376953,24.037174224853516,20.720664978027344,73.43596649169922
2008-10-14,72.24575805664062,56.82492446899414,82.19999694824219,23.596050262451172,20.712369918823242,73.5640640258789
2008-10-15,65.13334655761719,57.29045104980469,83.30999755859375,22.522363662719727,20.953018188476562,73.58013153076172
2008-10-16,67.84664916992188,57.30352020263672,79.29000091552734,22.097885131835938,21.06089210510254,73.54805755615234
2008-10-17,67.44144439697266,57.66414260864258,77.20999908447266,22.347579956054688,21.094087600708008,73.38786315917969
2008-10-20,71.49332427978516,57.72320556640625,78.5,22.797025680541992,21.260055541992188,73.5640640258789
2008-10-21,69.35885620117188,58.33293151855469,76.02999877929688,21.98136329650879,21.608577728271484,73.5640640258789
2008-10-22,65.58197784423828,58.778751373291016,71.70999908447266,20.940969467163086,21.865821838378906,73.46794891357422
2008-10-23,66.3416748046875,58.857425689697266,70.6500015258789,21.02420425415039,21.74134635925293,73.5640640258789
2008-10-24,62.97719955444336,58.60824966430664,72.20999908447266,20.18356704711914,22.305625915527344,73.48395538330078
2008-10-27,60.741432189941406,58.575504302978516,72.18000030517578,20.03375244140625,22.305625915527344,73.59610748291016
2008-10-28,67.83940124511719,58.10340118408203,73.79000091552734,20.583078384399414,22.048383712768555,73.58013153076172
2008-10-29,67.34740447998047,58.18867874145508,74.0,21.79825210571289,21.691558837890625,73.50003051757812
2008-10-30,69.67721557617188,57.74283218383789,72.70999908447266,20.899356842041016,21.666664123535156,73.59610748291016
2008-10-31,70.0606918334961,57.624794006347656,71.33999633789062,21.132404327392578,21.99029541015625,73.51599884033203
2008-11-03,70.2632827758789,57.71689224243164,71.0999984741211,20.899356842041016,22.09817123413086,73.49514770507812
2008-11-04,72.65099334716797,58.40785598754883,75.4800033569336,21.84819221496582,21.63347053527832,73.52718353271484
2008-11-05,69.59762573242188,58.717132568359375,72.80000305175781,21.2822208404541,21.708154678344727,73.55929565429688
2008-11-06,65.74113464355469,58.53950881958008,72.22000122070312,20.350032806396484,22.01519012451172,73.67150115966797
2008-11-07,67.9117431640625,58.32893371582031,72.5,20.375001907348633,21.965396881103516,73.67150115966797
2008-11-10,67.02181243896484,58.388126373291016,73.58000183105469,20.508167266845703,21.98200035095215,73.65548706054688
2008-11-11,64.95246124267578,58.60527038574219,72.05000305175781,20.116985321044922,22.32222557067871,73.65548706054688
2008-11-12,62.09447479248047,58.96721649169922,70.0,19.526039123535156,22.372013092041016,73.67150115966797
2008-11-13,65.96543884277344,58.53950881958008,72.1500015258789,19.89225959777832,22.01519012451172,73.67150115966797
2008-11-14,62.67333984375,59.11855697631836,73.30000305175781,19.767412185668945,22.197750091552734,73.67150115966797
2008-11-17,61.84123611450195,59.368682861328125,72.6500015258789,19.317962646484375,22.181154251098633,73.7036361694336
2008-11-18,63.006187438964844,59.82923889160156,72.51000213623047,19.026657104492188,22.247539520263672,73.62342071533203
2008-11-19,58.968772888183594,60.47413635253906,72.26000213623047,18.810253143310547,22.32222557067871,73.60740661621094
2008-11-20,54.59135818481445,61.6915397644043,73.44999694824219,17.853097915649414,22.471595764160156,73.65548706054688
2008-11-21,57.5361213684082,61.12558364868164,78.8499984741211,18.161046981811523,22.36371612548828,73.63943481445312
2008-11-24,61.52288818359375,60.55305480957031,80.91000366210938,19.409517288208008,21.8160343170166,73.65548706054688
2008-11-25,61.97871398925781,61.592811584472656,80.87000274658203,18.76031494140625,21.55879020690918,73.67150115966797
2008-11-26,64.37361145019531,61.96788787841797,80.37999725341797,19.359580993652344,21.799436569213867,73.7036361694336
2008-11-28,65.18402862548828,62.092891693115234,80.30999755859375,18.518945693969727,22.03178596496582,73.47914123535156
2008-12-01,59.41012954711914,62.93337631225586,75.6500015258789,17.94464874267578,22.156261444091797,73.6812515258789
2008-12-02,61.69649887084961,63.26350784301758,76.94999694824219,17.952970504760742,22.03178596496582,73.7454605102539
2008-12-03,63.179786682128906,63.362525939941406,76.18000030517578,17.744892120361328,22.064977645874023,73.63314819335938
2008-12-04,61.7182502746582,63.75871276855469,75.5,16.81270408630371,22.006893157958984,73.60105895996094
2008-12-05,63.621158599853516,63.08523178100586,74.5199966430664,16.396547317504883,22.09817123413086,73.60105895996094
2008-12-08,65.84243774414062,62.84757995605469,76.19999694824219,17.153953552246094,21.72475242614746,73.61708068847656
2008-12-09,64.75711059570312,63.38235855102539,76.33000183105469,16.7794132232666,21.782840728759766,73.58502197265625
2008-12-10,65.19845581054688,63.322940826416016,79.75,17.287124633789062,21.658369064331055,73.63314819335938
2008-12-11,63.628379821777344,63.70587158203125,80.6500015258789,17.836448669433594,21.17707061767578,73.55299377441406
2008-12-12,64.38809967041016,63.88412094116211,80.80999755859375,18.227636337280273,21.12727928161621,73.58502197265625
2008-12-15,63.49090576171875,64.02274322509766,82.5999984741211,17.711917877197266,20.75970458984375,73.56893157958984
2008-12-16,66.47915649414062,65.03959655761719,84.45999908447266,17.96554946899414,20.258464813232422,73.61708068847656
2008-12-17,65.83519744873047,65.48190307617188,85.43000030517578,17.72037124633789,20.016197204589844,73.56893157958984
2008-12-18,64.60517883300781,65.92424011230469,83.87000274658203,17.449831008911133,20.358713150024414,73.52083587646484
2008-12-19,64.32727813720703,65.70641326904297,82.62999725341797,17.331470489501953,20.66781234741211,73.56893157958984
2008-12-22,63.503013610839844,65.53469848632812,83.45999908447266,16.84111785888672,20.659456253051758,73.66521453857422
2008-12-23,62.8465576171875,65.50171661376953,82.62999725341797,16.908750534057617,20.64274787902832,73.58502197265625
2008-12-24,63.21123504638672,65.4356689453125,83.45999908447266,16.64666748046875,20.634397506713867,73.66521453857422
2008-12-26,63.57598876953125,65.78556060791016,85.5999984741211,16.908750534057617,20.525794982910156,73.66521453857422
2008-12-29,63.39358901977539,65.93075561523438,86.3499984741211,17.094745635986328,20.62604331970215,73.4051742553711
2008-12-30,64.89619445800781,66.02346801757812,85.9000015258789,17.196199417114258,20.53414535522461,73.66200256347656
2008-12-31,65.8225326538086,65.2945556640625,86.5199966430664,17.914823532104492,20.62604331970215,73.50152587890625
2009-01-02,67.80657958984375,64.36022186279297,86.2300033569336,18.54044532775879,20.81818389892578,73.5175552368164
2009-01-05,67.7263412475586,64.24752807617188,84.4800033569336,18.734899520874023,21.04374122619629,73.5175552368164
2009-01-06,68.17858123779297,64.20774841308594,85.12999725341797,19.225250244140625,21.01032257080078,73.5335922241211
2009-01-07,66.13622283935547,64.22098541259766,82.75,18.24454116821289,20.876659393310547,73.64598083496094
2009-01-08,66.40612030029297,64.3932876586914,84.45999908447266,18.312177658081055,20.66781234741211,73.5656967163086
2009-01-09,64.98374938964844,64.69157409667969,83.91999816894531,18.100820541381836,20.985261917114258,73.61382293701172
2009-01-12,63.42276382446289,65.0958023071289,80.76000213623047,17.280746459960938,21.08551025390625,73.58171844482422
2009-01-13,63.53950119018555,65.14217376708984,80.87999725341797,17.568193435668945,21.327777862548828,73.67807006835938
2009-01-14,61.54092025756836,65.50662994384766,79.79000091552734,17.323017120361328,21.411317825317383,73.69410705566406
2009-01-15,61.56277084350586,65.45357513427734,80.38999938964844,17.306106567382812,21.402963638305664,73.71017456054688
2009-01-16,62.044185638427734,64.85057830810547,82.70999908447266,17.3821964263916,21.219173431396484,73.66200256347656
2009-01-20,58.76911163330078,64.75117492675781,84.5199966430664,16.84111785888672,21.829017639160156,73.5335922241211
2009-01-21,61.307456970214844,64.17455291748047,84.1500015258789,16.908750534057617,21.636871337890625,73.66200256347656
2009-01-22,60.359249114990234,63.750572204589844,84.58000183105469,16.68893814086914,21.620166778564453,73.67807006835938
2009-01-23,60.6218376159668,63.763736724853516,88.52999877929688,17.466739654541016,21.611814498901367,73.66200256347656
2009-01-26,61.0375862121582,63.604736328125,88.94999694824219,17.500558853149414,21.327777862548828,73.64598083496094
2009-01-27,61.6575927734375,64.02222442626953,88.37999725341797,17.02711296081543,21.302715301513672,73.61382293701172
2009-01-28,63.74372863769531,63.611366271972656,87.41999816894531,17.432924270629883,21.377901077270508,73.58171844482422
2009-01-29,61.67217254638672,62.78300857543945,89.5,17.2215633392334,21.54498291015625,73.58171844482422
2009-01-30,60.417579650878906,62.75640106201172,91.30999755859375,17.12010955810547,21.678646087646484,73.64598083496094
2009-02-02,60.235260009765625,63.26551818847656,88.83999633789062,16.790390014648438,21.66193389892578,73.69091033935547
2009-02-03,61.08136749267578,62.72062301635742,88.47000122070312,16.59593963623047,21.394609451293945,73.62666320800781
2009-02-04,60.78231430053711,62.40159606933594,89.18000030517578,16.68893814086914,21.59510612487793,73.67483520507812
2009-02-05,61.68674850463867,62.54777145385742,90.12000274658203,17.060930252075195,21.66193389892578,73.64277648925781
2009-02-06,63.44468688964844,62.16899871826172,89.58999633789062,17.187746047973633,21.478145599365234,73.53038024902344
2009-02-09,63.53217697143555,62.0427131652832,88.31999969482422,17.094745635986328,21.336132049560547,73.62666320800781
2009-02-10,60.6218376159668,62.8734130859375,90.20999908447266,16.874935150146484,21.58675193786621,73.61063385009766
2009-02-11,60.979225158691406,63.35853958129883,92.29000091552734,16.773483276367188,21.620166778564453,73.59455871582031
2009-02-12,61.023006439208984,63.338645935058594,93.16999816894531,16.798847198486328,21.703706741333008,73.59455871582031
2009-02-13,60.366554260253906,62.8402099609375,92.55000305175781,16.494487762451172,21.636871337890625,73.65880584716797
2009-02-17,57.784393310546875,63.8968391418457,95.44999694824219,15.57296085357666,22.062929153442383,73.65880584716797
2009-02-18,57.64581298828125,63.431663513183594,96.91000366210938,15.479961395263672,22.163177490234375,73.67483520507812
2009-02-19,57.025779724121094,63.0794563293457,95.7699966430664,15.8604097366333,22.037866592407227,73.67483520507812
2009-02-20,56.47146224975586,63.258872985839844,97.80000305175781,15.682867050170898,21.728769302368164,73.67483520507812
2009-02-23,54.45094680786133,63.31866455078125,97.7300033569336,15.530689239501953,21.929264068603516,73.65880584716797
2009-02-24,56.51518630981445,63.0794563293457,94.7300033569336,15.826591491699219,21.81231117248535,73.61063385009766
2009-02-25,56.07026290893555,62.50790786743164,93.1500015258789,16.012588500976562,22.07963752746582,73.57853698730469
2009-02-26,55.158470153808594,62.34845733642578,93.05999755859375,16.35076141357422,22.062929153442383,73.59455871582031
2009-02-27,53.925777435302734,62.29527282714844,92.62999725341797,16.15631103515625,22.12140655517578,73.64277648925781
2009-03-02,51.49683380126953,62.92023849487305,90.93000030517578,15.344693183898926,22.346965789794922,73.68608093261719
2009-03-03,51.110233306884766,62.84029769897461,90.04000091552734,15.446145057678223,22.338613510131836,73.67003631591797
2009-03-04,52.321044921875,62.520469665527344,88.98999786376953,15.987226486206055,22.213300704956055,73.67003631591797
2009-03-05,50.18388366699219,63.25343322753906,91.98999786376953,15.85195541381836,22.330257415771484,73.68608093261719
2009-03-06,50.271400451660156,62.95357131958008,92.29000091552734,16.23240089416504,22.221654891967773,73.67003631591797
2009-03-09,49.68057632446289,62.98027420043945,90.56999969482422,16.139404296875,22.346965789794922,73.67003631591797
2009-03-10,52.642005920410156,62.520469665527344,88.13999938964844,16.097131729125977,22.221654891967773,73.67003631591797
2009-03-11,52.98482894897461,62.966861724853516,89.22000122070312,15.58987045288086,21.97939109802246,73.67003631591797
2009-03-12,55.07097244262695,63.146827697753906,91.0999984741211,16.316944122314453,21.870784759521484,73.63790130615234
2009-03-13,55.50132369995117,63.10012435913086,91.30000305175781,16.173219680786133,21.89584732055664,73.62187957763672
2009-03-16,55.333534240722656,62.74039840698242,90.80000305175781,16.528305053710938,21.829017639160156,73.60582733154297
2009-03-17,57.025779724121094,62.620452880859375,90.04000091552734,16.88338851928711,21.79560089111328,73.65402221679688
2009-03-18,58.302284240722656,64.7659683227539,93.08999633789062,17.094745635986328,21.0938663482666,73.67003631591797
2009-03-19,57.58015823364258,64.54613494873047,94.3499984741211,17.449831008911133,20.843244552612305,73.62187957763672
2009-03-20,56.35405349731445,64.54613494873047,93.58999633789062,17.686553955078125,21.018678665161133,73.65402221679688
2009-03-23,60.401893615722656,64.32616424560547,92.08000183105469,18.05854606628418,20.910076141357422,73.67003631591797
2009-03-24,59.2117805480957,64.23289489746094,90.94999694824219,17.762643814086914,21.14398765563965,73.65402221679688
2009-03-25,59.836238861083984,63.8464469909668,91.9800033569336,17.492103576660156,20.976909637451172,73.68608093261719
2009-03-26,61.05571746826172,64.01304626464844,91.93000030517578,17.79646110534668,21.11057472229004,73.67003631591797
2009-03-27,59.95375061035156,63.97303009033203,90.69000244140625,17.466739654541016,21.36119270324707,73.68608093261719
2009-03-30,57.882080078125,64.24622344970703,89.9800033569336,16.83266258239746,21.494855880737305,73.67003631591797
2009-03-31,58.4183464050293,64.35950469970703,90.27999877929688,16.908750534057617,21.4196720123291,73.63790130615234
2009-04-01,59.549713134765625,64.51721954345703,91.02999877929688,16.86648178100586,21.43638038635254,73.65078735351562
2009-04-02,61.290809631347656,64.09626007080078,88.80000305175781,17.517467498779297,21.15234375,73.60261535644531
2009-04-03,61.900577545166016,63.36116027832031,87.58999633789062,17.788007736206055,21.08551025390625,73.65078735351562
2009-04-06,61.415687561035156,63.214134216308594,85.2699966430664,17.568193435668945,21.18575668334961,73.63475036621094
2009-04-07,59.98316192626953,63.37453842163086,86.73999786376953,17.255382537841797,21.344480514526367,73.63475036621094
2009-04-08,60.629634857177734,63.68857955932617,86.61000061035156,17.3821964263916,21.35283851623535,73.66686248779297
2009-04-09,63.03923797607422,63.31439208984375,86.30999755859375,17.63582992553711,21.43638038635254,73.6186294555664
2009-04-13,63.05392837524414,63.68857955932617,87.87999725341797,17.711917877197266,21.15234375,73.66686248779297
2009-04-14,61.96668243408203,64.0160903930664,87.37000274658203,17.390649795532227,21.202465057373047,73.63475036621094
2009-04-15,62.62784194946289,64.07617950439453,87.5,17.280746459960938,21.235883712768555,73.63475036621094
2009-04-16,63.54612350463867,63.822242736816406,85.80999755859375,17.204654693603516,21.31106948852539,73.68289947509766
2009-04-17,63.97221374511719,63.30777359008789,85.22000122070312,17.07784080505371,21.52827262878418,73.60261535644531
2009-04-20,61.290809631347656,63.74876022338867,86.94999694824219,16.4353084564209,21.695356369018555,73.63475036621094
2009-04-21,62.48826599121094,63.501529693603516,86.88999938964844,16.494487762451172,21.64522933959961,73.6186294555664
2009-04-22,62.10626220703125,63.34788513183594,87.37999725341797,16.519851684570312,21.58675193786621,73.66686248779297
2009-04-23,62.71599578857422,63.33440399169922,88.80000305175781,16.73966407775879,21.344480514526367,73.69894409179688
2009-04-24,63.66366958618164,63.08720779418945,89.72000122070312,16.993297576904297,21.177404403686523,73.69894409179688
2009-04-27,63.0612907409668,63.34788513183594,89.01000213623047,16.570575714111328,21.428024291992188,73.68289947509766
2009-04-28,62.86290740966797,63.04045104980469,87.75,16.452213287353516,21.294363021850586,73.69894409179688
2009-04-29,64.19998168945312,62.69966506958008,88.33000183105469,16.83266258239746,21.14398765563965,73.68289947509766
2009-04-30,64.22201538085938,62.59272003173828,87.2699966430664,16.891841888427734,21.169052124023438,73.68289947509766
2009-05-01,64.56729125976562,62.39168167114258,86.94999694824219,17.399106979370117,21.118927001953125,73.70698547363281
2009-05-04,66.76386260986328,62.45196533203125,88.63999938964844,17.737279891967773,20.92678451538086,73.61060333251953
2009-05-05,66.53612518310547,62.43855667114258,88.25,17.48365020751953,20.993616104125977,73.62667083740234
2009-05-06,67.68951416015625,62.46537399291992,89.54000091552734,17.948640823364258,20.951847076416016,73.61060333251953
2009-05-07,66.74917602539062,61.942596435546875,89.44000244140625,17.982458114624023,20.951847076416016,73.61060333251953
2009-05-08,68.30662536621094,62.01634979248047,89.9800033569336,18.430540084838867,20.575916290283203,73.62667083740234
2009-05-11,67.02832794189453,62.59937286376953,89.69000244140625,18.278364181518555,20.684518814086914,73.61060333251953
2009-05-12,66.82998657226562,62.55921173095703,90.69999694824219,18.464357376098633,20.575916290283203,73.67486572265625
2009-05-13,65.1476821899414,62.847450256347656,91.08999633789062,18.25299835205078,20.651103973388672,73.62667083740234
2009-05-14,65.70597839355469,62.8541259765625,91.02999877929688,18.37135887145996,20.584270477294922,73.64276885986328
2009-05-15,65.16971588134766,62.69994354248047,91.55000305175781,17.906370162963867,20.726285934448242,73.64276885986328
2009-05-18,67.02099609375,62.33129119873047,90.36000061035156,18.37981414794922,20.617685317993164,73.69090270996094
2009-05-19,66.940185546875,62.2442512512207,90.95999908447266,18.37981414794922,20.50908660888672,73.67486572265625
2009-05-20,66.49205017089844,62.43855667114258,92.25,18.67572021484375,20.258464813232422,73.61060333251953
2009-05-21,65.53702545166016,61.754974365234375,93.8499984741211,18.523536682128906,20.124801635742188,73.65882110595703
2009-05-22,65.39742279052734,61.39299392700195,94.1500015258789,18.794078826904297,19.9827823638916,73.67486572265625
2009-05-26,67.0723876953125,60.98418426513672,93.76000213623047,18.83635139465332,20.024553298950195,73.69090270996094
2009-05-27,65.87496948242188,60.2938346862793,93.44999694824219,18.92089080810547,20.091384887695312,73.69090270996094
2009-05-28,66.7932357788086,60.608795166015625,94.23999786376953,19.26752281188965,20.10809326171875,73.67486572265625
2009-05-29,67.97603607177734,61.292476654052734,96.19999694824219,19.639514923095703,19.824054718017578,73.69090270996094
2009-06-01,69.62156677246094,60.292171478271484,95.7300033569336,20.18059730529785,19.77393341064453,73.63310241699219
2009-06-02,69.68037414550781,60.493831634521484,96.36000061035156,20.265138626098633,19.590145111083984,73.63310241699219
2009-06-03,68.79878997802734,60.86360168457031,94.41000366210938,19.588790893554688,19.882535934448242,73.66522979736328
2009-06-04,69.44527435302734,60.15773391723633,96.2300033569336,20.30741310119629,19.840763092041016,73.66522979736328
2009-06-05,69.45996856689453,59.55952072143555,93.70999908447266,20.19750213623047,20.18328094482422,73.6491470336914
2009-06-08,69.1734848022461,59.2569580078125,93.55999755859375,20.146778106689453,20.191633224487305,73.66522979736328
2009-06-09,69.52607727050781,59.512447357177734,93.83000183105469,20.341230392456055,19.932659149169922,73.6491470336914
2009-06-10,69.34976196289062,59.15614700317383,93.86000061035156,20.265138626098633,20.04961395263672,73.66522979736328
2009-06-11,69.65830993652344,59.55952072143555,93.69999694824219,20.451133728027344,19.8491153717041,73.61705017089844
2009-06-12,69.84932708740234,59.875423431396484,92.16999816894531,20.16368865966797,20.041259765625,73.68128967285156
2009-06-15,68.24783325195312,60.144290924072266,91.0999984741211,19.774784088134766,20.408836364746094,73.68128967285156
2009-06-16,67.32217407226562,60.48041915893555,91.93000030517578,19.698694229125977,20.14150619506836,73.69735717773438
2009-06-17,67.25605773925781,60.31909942626953,92.3499984741211,19.75787925720215,20.024553298950195,73.69735717773438
2009-06-18,67.74827575683594,59.586360931396484,91.61000061035156,19.783241271972656,20.116445541381836,73.68128967285156
2009-06-19,67.99798583984375,59.86202621459961,91.9000015258789,19.614152908325195,20.024553298950195,73.69735717773438
2009-06-22,65.95893859863281,60.18467712402344,90.54000091552734,18.954713821411133,20.158214569091797,73.69735717773438
2009-06-23,66.01065063476562,60.37957763671875,90.91999816894531,19.28443145751953,19.924306869506836,73.69735717773438
2009-06-24,66.57950592041016,60.15101623535156,91.44999694824219,19.275976181030273,20.041259765625,73.69735717773438
2009-06-25,68.02752685546875,60.903961181640625,92.30999755859375,19.4450626373291,20.024553298950195,73.69735717773438
2009-06-26,67.85018920898438,60.98457717895508,92.29000091552734,19.28443145751953,19.907596588134766,73.69735717773438
2009-06-29,68.48558044433594,61.11233901977539,92.04000091552734,19.470428466796875,19.890888214111328,73.69735717773438
2009-06-30,67.93148040771484,60.95097351074219,91.18000030517578,19.123796463012695,19.966073989868164,73.68128967285156
2009-07-01,68.21224975585938,60.911861419677734,92.38999938964844,19.04770851135254,19.865825653076172,73.68289947509766
2009-07-02,66.35052490234375,61.11408615112305,91.25,18.624990463256836,19.97442626953125,73.69894409179688
2009-07-06,66.34307861328125,61.15452575683594,90.76000213623047,18.066999435424805,20.007844924926758,73.68289947509766
2009-07-07,65.05762481689453,61.39729309082031,90.70999908447266,17.77955436706543,20.091384887695312,73.68289947509766
2009-07-08,65.01326751708984,62.10503005981445,89.2699966430664,17.55974006652832,20.06632423400879,73.69894409179688
2009-07-09,65.13886260986328,61.74101257324219,89.51000213623047,17.669645309448242,19.899242401123047,73.68289947509766
2009-07-10,64.98375701904297,62.12527847290039,89.58000183105469,17.53437614440918,19.949363708496094,73.68289947509766
2009-07-13,66.56474304199219,61.90281295776367,90.19000244140625,17.62737464904785,19.91594886779785,73.69894409179688
2009-07-14,66.9415283203125,61.491573333740234,90.80999755859375,17.62737464904785,19.932659149169922,73.69894409179688
2009-07-15,68.8993148803711,60.69619369506836,92.23999786376953,18.092363357543945,19.740516662597656,73.6668472290039
2009-07-16,68.78849029541016,61.06020736694336,91.9800033569336,18.1346378326416,19.72381019592285,73.69894409179688
2009-07-17,69.54206085205078,60.64899444580078,91.93000030517578,18.40517807006836,19.765579223632812,73.69894409179688
2009-07-20,70.28083038330078,60.8714599609375,93.27999877929688,18.70953369140625,19.631914138793945,73.6668472290039
2009-07-21,70.60588836669922,61.5522575378418,93.12999725341797,18.64189910888672,19.640270233154297,73.6668472290039
2009-07-22,70.59113311767578,61.18828201293945,93.44000244140625,18.743350982666016,19.60685157775879,73.68289947509766
2009-07-23,72.14996337890625,60.595054626464844,93.26000213623047,19.132253646850586,19.60685157775879,73.6668472290039
2009-07-24,72.44550323486328,60.72315216064453,93.41000366210938,19.149160385131836,19.581790924072266,73.6507568359375
2009-07-27,72.65973663330078,60.44001007080078,93.70999908447266,19.225250244140625,19.56508445739746,73.6507568359375
2009-07-28,72.31988525390625,60.561309814453125,92.11000061035156,19.013893127441406,19.623559951782227,73.6668472290039
2009-07-29,72.1426010131836,60.6018180847168,91.19999694824219,18.523536682128906,19.765579223632812,73.6668472290039
2009-07-30,72.89611053466797,60.84452819824219,91.62000274658203,19.098432540893555,19.740516662597656,73.68289947509766
2009-07-31,72.99960327148438,61.45789337158203,93.3499984741211,19.478883743286133,19.481544494628906,73.63472747802734
2009-08-03,74.20381164550781,60.80481719970703,93.87000274658203,20.028417587280273,19.32281494140625,73.65399932861328
2009-08-04,74.39586639404297,60.62904357910156,94.68000030517578,20.0368709564209,19.32281494140625,73.67005157470703
2009-08-05,74.18162536621094,60.284271240234375,94.77999877929688,20.248231887817383,19.297754287719727,73.65399932861328
2009-08-06,73.79743957519531,60.284271240234375,94.5999984741211,19.783241271972656,19.389644622802734,73.65399932861328
2009-08-07,74.76526641845703,59.88540267944336,93.75,19.690244674682617,19.615205764770508,73.65399932861328
2009-08-10,74.61007690429688,60.27074432373047,92.93000030517578,19.681787490844727,19.682035446166992,73.65399932861328
2009-08-11,73.67925262451172,60.68989181518555,92.79000091552734,19.385883331298828,19.69874382019043,73.65399932861328
2009-08-12,74.46977996826172,60.520896911621094,92.94999694824219,19.48733901977539,19.60685157775879,73.68608856201172
2009-08-13,75.03862762451172,60.99415969848633,93.72000122070312,19.74942398071289,19.514957427978516,73.65399932861328
2009-08-14,74.46239471435547,61.18346405029297,93.0,19.191434860229492,19.590145111083984,73.68608856201172
2009-08-17,72.63017272949219,61.60262680053711,91.61000061035156,18.90398406982422,19.70709800720215,73.65399932861328
2009-08-18,73.20642852783203,61.386260986328125,92.05999755859375,19.275976181030273,19.656972885131836,73.68608856201172
2009-08-19,73.84920501708984,61.616119384765625,92.52999877929688,19.41124725341797,19.531665802001953,73.65399932861328
2009-08-20,74.61007690429688,61.77837371826172,92.2699966430664,19.2506160736084,19.473186492919922,73.67005157470703
2009-08-21,76.07292938232422,61.14962387084961,93.6500015258789,19.394338607788086,19.406354904174805,73.65399932861328
2009-08-24,76.0655746459961,61.52824020385742,92.33999633789062,19.428157806396484,19.448123931884766,73.65399932861328
2009-08-25,76.21330261230469,61.69047927856445,92.76000213623047,19.149160385131836,19.448123931884766,73.65399932861328
2009-08-26,76.22069549560547,61.77161407470703,92.79000091552734,19.098432540893555,19.523311614990234,73.67005157470703
2009-08-27,76.39060974121094,61.60262680053711,93.19000244140625,19.259069442749023,19.414709091186523,73.67005157470703
2009-08-28,76.3758544921875,61.744571685791016,93.87000274658203,19.216794967651367,19.448123931884766,73.68608856201172
2009-08-31,75.69615936279297,61.9271240234375,93.4000015258789,18.692626953125,19.43141746520996,73.68608856201172
2009-09-01,74.02649688720703,62.08773422241211,93.9000015258789,18.40517807006836,19.556726455688477,73.64114379882812
2009-09-02,73.74573516845703,62.426753997802734,96.19000244140625,18.447446823120117,19.481544494628906,73.70537567138672
2009-09-03,74.35894775390625,62.20302200317383,97.45999908447266,18.354450225830078,19.498249053955078,73.70537567138672
2009-09-04,75.40061950683594,61.830169677734375,97.52999877929688,18.278364181518555,19.423063278198242,73.70537567138672
2009-09-08,76.05078125,61.68777847290039,97.43000030517578,18.61653709411621,19.20585823059082,73.70537567138672
2009-09-09,76.6344223022461,61.74203872680664,97.08000183105469,18.692626953125,19.139028549194336,73.65721130371094
2009-09-10,77.41751098632812,62.20302200317383,97.69999694824219,18.794078826904297,19.097257614135742,73.67328643798828
2009-09-11,77.40276336669922,62.386104583740234,98.77999877929688,18.548900604248047,19.055484771728516,73.65721130371094
2009-09-14,77.77953338623047,62.019989013671875,97.95999908447266,18.447446823120117,19.038780212402344,73.65721130371094
2009-09-15,78.1045913696289,61.89117431640625,98.9000015258789,18.87862205505371,18.971946716308594,73.65721130371094
2009-09-16,79.28665924072266,61.843719482421875,99.91000366210938,19.123796463012695,18.913467407226562,73.65721130371094
2009-09-17,79.1684799194336,62.14878845214844,99.33999633789062,19.132253646850586,18.946884155273438,73.67328643798828
2009-09-18,79.21894073486328,61.816593170166016,98.66999816894531,18.963165283203125,19.013717651367188,73.65721130371094
2009-09-21,79.01851654052734,61.77595520019531,98.36000061035156,18.548900604248047,19.080551147460938,73.70537567138672
2009-09-22,79.4787368774414,61.938621520996094,99.66999816894531,18.853260040283203,18.880056381225586,73.65721130371094
2009-09-23,78.81807708740234,62.07417678833008,98.83000183105469,18.430540084838867,18.96359634399414,73.68928527832031
2009-09-24,77.94959259033203,62.243743896484375,97.55000305175781,18.193817138671875,19.10561180114746,73.65721130371094
2009-09-25,77.53386688232422,62.49457931518555,97.0,18.050092697143555,19.055484771728516,73.68928527832031
2009-09-28,78.92201232910156,62.6030387878418,97.05000305175781,18.210725784301758,19.11396598815918,73.70537567138672
2009-09-29,78.68449401855469,62.57591247558594,97.43000030517578,18.143089294433594,19.147382736206055,73.70537567138672
2009-09-30,78.380126953125,62.62337875366211,98.8499984741211,18.650354385375977,19.038780212402344,73.70537567138672
2009-10-01,76.43524932861328,63.09450149536133,97.88999938964844,18.531991958618164,19.17244529724121,73.6604232788086
2009-10-02,76.07899475097656,63.06730651855469,98.37000274658203,18.34599494934082,19.130674362182617,73.6604232788086
2009-10-05,77.21470642089844,63.06050491333008,99.81999969482422,18.937801361083984,19.022071838378906,73.69254302978516
2009-10-06,78.32074737548828,62.856502532958984,102.27999877929688,18.70953369140625,18.93852996826172,73.6604232788086
2009-10-07,78.53600311279297,63.257686614990234,102.36000061035156,18.743350982666016,18.955238342285156,73.69254302978516
2009-10-08,79.13724517822266,63.02650833129883,103.63999938964844,19.115345001220703,18.829931259155273,73.6604232788086
2009-10-09,79.6197509765625,62.421478271484375,102.83999633789062,19.191434860229492,18.980302810668945,73.67649841308594
2009-10-12,79.93156433105469,62.60504913330078,103.55999755859375,19.58033561706543,18.89676284790039,73.67649841308594
2009-10-13,79.76821899414062,62.7477912902832,104.26000213623047,19.800148010253906,18.854991912841797,73.67649841308594
2009-10-14,81.14148712158203,62.31948471069336,104.18000030517578,19.95232582092285,18.71297264099121,73.6604232788086
2009-10-15,81.43843078613281,62.115535736083984,102.86000061035156,20.155231475830078,18.72132682800293,73.6604232788086
2009-10-16,80.82972717285156,62.401100158691406,103.18000030517578,20.20595932006836,18.771448135375977,73.69254302978516
2009-10-19,81.497802734375,62.49623489379883,104.2300033569336,20.493406295776367,18.67955780029297,73.67649841308594
2009-10-20,81.06727600097656,62.63897705078125,103.41999816894531,20.366594314575195,18.76309585571289,73.6604232788086
2009-10-21,80.33980560302734,62.49623489379883,103.75,20.79776382446289,18.64613914489746,73.6604232788086
2009-10-22,81.15633392333984,62.312705993652344,103.91999816894531,20.96685218811035,18.637784957885742,73.6604232788086
2009-10-23,80.22846984863281,62.006752014160156,103.48999786376953,20.89076042175293,18.738035202026367,73.6604232788086
2009-10-26,79.35997009277344,61.65329360961914,101.86000061035156,20.51031494140625,18.863346099853516,73.6604232788086
2009-10-27,78.99623107910156,62.18350601196289,101.8499984741211,20.366594314575195,18.913467407226562,73.6604232788086
2009-10-28,77.50419616699219,62.3739013671875,100.7300033569336,19.842418670654297,18.98865509033203,73.6604232788086
2009-10-29,79.16697692871094,62.0747184753418,102.69000244140625,20.459592819213867,18.854991912841797,73.67649841308594
2009-10-30,76.87324523925781,62.53707504272461,102.52999877929688,19.943872451782227,18.96359634399414,73.70858764648438
2009-11-02,77.4374008178711,62.37253189086914,103.94999694824219,20.29050064086914,18.89676284790039,73.71019744873047
2009-11-03,77.68232727050781,62.228553771972656,106.45999908447266,20.577951431274414,18.946884155273438,73.71019744873047
2009-11-04,77.88276672363281,62.057125091552734,107.0999984741211,20.56104278564453,18.804866790771484,73.69413757324219
2009-11-05,79.3154296875,62.07082748413086,106.9800033569336,20.451133728027344,19.16408920288086,73.69413757324219
2009-11-06,79.52328491210938,62.25590896606445,107.43000030517578,20.08759880065918,19.07219123840332,73.71019744873047
2009-11-09,81.33451843261719,62.2833366394043,108.19000244140625,20.41731834411621,18.829931259155273,73.71019744873047
2009-11-10,81.34935760498047,62.331398010253906,108.38999938964844,20.315866470336914,18.746387481689453,73.66202545166016
2009-11-11,81.76504516601562,62.50959014892578,109.5999984741211,20.451133728027344,18.779802322387695,73.66202545166016
2009-11-12,80.93366241455078,62.530147552490234,108.20999908447266,20.146778106689453,19.04713249206543,73.66202545166016
2009-11-13,81.37164306640625,62.5781364440918,109.73999786376953,20.12986946105957,18.64613914489746,73.66202545166016
2009-11-16,82.55188751220703,62.9140625,111.62999725341797,20.713220596313477,18.56260108947754,73.66202545166016
2009-11-17,82.64839172363281,63.051204681396484,111.97000122070312,20.814674377441406,18.67955780029297,73.66202545166016
2009-11-18,82.5964126586914,62.893585205078125,112.25,20.831579208374023,18.612722396850586,73.66202545166016
2009-11-19,81.52005004882812,62.96894073486328,112.30000305175781,20.53567886352539,18.67120361328125,73.66202545166016
2009-11-20,81.23055267333984,62.962120056152344,112.94000244140625,20.51031494140625,18.746387481689453,73.66202545166016
2009-11-23,82.26238250732422,62.8729362487793,114.29000091552734,20.603317260742188,18.604372024536133,73.66202545166016
2009-11-24,82.3885726928711,63.195194244384766,114.7300033569336,20.366594314575195,18.62108039855957,73.66202545166016
2009-11-25,82.67809295654297,63.407718658447266,116.62000274658203,20.856945037841797,18.403873443603516,73.66202545166016
2009-11-27,81.33451843261719,63.69558334350586,115.05999755859375,20.620223999023438,18.596017837524414,73.6781005859375
2009-11-30,81.60914611816406,63.7984733581543,115.63999938964844,20.848487854003906,18.520832061767578,73.6781005859375
2009-12-01,82.61869812011719,63.446632385253906,117.37999725341797,21.000669479370117,18.437294006347656,73.6781005859375
2009-12-02,82.58158111572266,63.31614685058594,119.18000030517578,20.856945037841797,18.495769500732422,73.66202545166016
2009-12-03,81.93574523925781,63.020626068115234,118.69999694824219,20.840036392211914,18.50412368774414,73.66202545166016
2009-12-04,82.40342712402344,62.55341720581055,113.75,20.670949935913086,18.779802322387695,73.69413757324219
2009-12-07,82.27720642089844,62.7252082824707,113.11000061035156,20.484954833984375,18.779802322387695,73.66202545166016
2009-12-08,81.3642349243164,62.945098876953125,110.94999694824219,20.28204917907715,18.8716983795166,73.66202545166016
2009-12-09,81.66852569580078,62.821388244628906,110.83999633789062,20.028417587280273,18.796512603759766,73.69413757324219
2009-12-10,82.1287612915039,62.608402252197266,110.81999969482422,19.918506622314453,18.796512603759766,73.66202545166016
2009-12-11,82.47763061523438,62.29917907714844,109.31999969482422,20.019960403442383,18.946884155273438,73.66202545166016
2009-12-14,83.04183197021484,62.29917907714844,110.23999786376953,20.12986946105957,18.905113220214844,73.64598083496094
2009-12-15,82.65577697753906,62.099971771240234,110.20999908447266,20.0368709564209,19.038780212402344,73.64598083496094
2009-12-16,82.78199768066406,62.099971771240234,111.58999633789062,20.383502960205078,19.022071838378906,73.66202545166016
2009-12-17,81.78729248046875,62.64963912963867,107.33999633789062,20.070688247680664,19.22256851196289,73.66202545166016
2009-12-18,82.25001525878906,62.34048080444336,108.94999694824219,20.155231475830078,19.22256851196289,73.66202545166016
2009-12-21,83.08587646484375,61.70144271850586,106.94999694824219,19.96078109741211,19.28104591369629,73.66202545166016
2009-12-22,83.38440704345703,61.42658615112305,106.16999816894531,20.104509353637695,19.34787940979004,73.66202545166016
2009-12-23,83.54859161376953,61.399078369140625,106.55000305175781,20.459592819213867,19.239276885986328,73.66202545166016
2009-12-24,83.94413757324219,61.179264068603516,108.36000061035156,20.577951431274414,19.239276885986328,73.6781005859375
2009-12-28,84.12322998046875,61.01436233520508,108.55000305175781,20.941490173339844,19.189149856567383,73.66202545166016
2009-12-29,84.00382232666016,61.175445556640625,107.47000122070312,20.89921760559082,19.247631072998047,73.66844940185547
2009-12-30,83.97396850585938,61.285614013671875,106.93000030517578,20.87385368347168,19.247631072998047,73.68453216552734
2009-12-31,83.16795349121094,60.989585876464844,107.30999755859375,20.814674377441406,19.28104591369629,73.7005615234375
2010-01-04,84.5784912109375,61.14096450805664,109.80000305175781,21.33884620666504,19.147382736206055,73.66844940185547
2010-01-05,84.80235290527344,61.40946578979492,109.69999694824219,21.364208221435547,19.139028549194336,73.65241241455078
2010-01-06,84.86207580566406,61.16170883178711,111.51000213623047,21.744653701782227,19.088905334472656,73.65241241455078
2010-01-07,85.22029113769531,61.16170883178711,110.81999969482422,21.4741153717041,19.214214324951172,73.65241241455078
2010-01-08,85.50389862060547,61.237369537353516,111.37000274658203,21.45720863342285,19.080551147460938,73.65241241455078
2010-01-11,85.62332153320312,61.27867126464844,112.8499984741211,21.389570236206055,18.980302810668945,73.65241241455078
2010-01-12,84.82476043701172,61.71919250488281,110.48999786376953,20.93303680419922,18.980302810668945,73.65241241455078
2010-01-13,85.54120635986328,61.42322540283203,111.54000091552734,20.949941635131836,18.96359634399414,73.68453216552734
2010-01-14,85.77257537841797,61.71234130859375,112.02999877929688,20.840036392211914,18.913467407226562,73.66844940185547
2010-01-15,84.80985260009766,61.98768997192383,110.86000061035156,20.603317260742188,19.022071838378906,73.66844940185547
2010-01-19,85.86957550048828,61.87754821777344,111.5199966430664,20.738584518432617,19.080551147460938,73.66844940185547
2010-01-20,84.99641418457031,62.0909309387207,108.94000244140625,20.349681854248047,19.31446075439453,73.66844940185547
2010-01-21,83.36198425292969,62.318058013916016,107.37000274658203,20.096050262451172,19.31446075439453,73.66844940185547
2010-01-22,81.5036849975586,62.373172760009766,107.16999816894531,19.884693145751953,19.28104591369629,73.66844940185547
2010-01-25,81.92164611816406,62.23551559448242,107.4800033569336,19.97768783569336,19.255983352661133,73.68453216552734
2010-01-26,81.57831573486328,62.3593864440918,107.55999755859375,19.75787925720215,19.33952522277832,73.68453216552734
2010-01-27,81.96643829345703,62.21485137939453,106.52999877929688,19.470428466796875,19.406354904174805,73.7005615234375
2010-01-28,81.02608489990234,62.19414520263672,106.4800033569336,19.402793884277344,19.439773559570312,73.68453216552734
2010-01-29,80.14546966552734,62.43509292602539,105.95999908447266,19.1829776763916,19.590145111083984,73.7005615234375
2010-02-01,81.39177703857422,62.22103500366211,108.3499984741211,19.64797019958496,19.506607055664062,73.68453216552734
2010-02-02,82.37686920166016,62.324615478515625,109.12999725341797,20.070688247680664,19.439773559570312,73.66844940185547
2010-02-03,81.96643829345703,62.02764129638672,108.69999694824219,19.825511932373047,19.548372268676758,73.7005615234375
2010-02-04,79.43647766113281,62.53872299194336,104.37000274658203,19.16606903076172,19.673683166503906,73.7005615234375
2010-02-05,79.60062408447266,62.73902130126953,104.68000030517578,18.92089080810547,19.757225036621094,73.7005615234375
2010-02-08,79.02598571777344,62.683719635009766,104.04000091552734,18.92934799194336,19.748870849609375,73.7005615234375
2010-02-09,80.0185775756836,62.345340728759766,105.41000366210938,19.26752281188965,19.623559951782227,73.7005615234375
2010-02-10,79.8618392944336,62.17264938354492,105.12000274658203,19.343610763549805,19.682035446166992,73.7005615234375
2010-02-11,80.69770812988281,62.09669876098633,107.12999725341797,19.571882247924805,19.673683166503906,73.7005615234375
2010-02-12,80.63054656982422,62.24174880981445,107.04000091552734,19.461973190307617,19.740516662597656,73.7005615234375
2010-02-16,81.89927673339844,62.379859924316406,109.62000274658203,20.05377960205078,19.573434829711914,73.7005615234375
2010-02-17,82.28733825683594,62.04838943481445,109.25,19.95232582092285,19.757225036621094,73.65241241455078
2010-02-18,82.77242279052734,61.82741165161133,109.9800033569336,20.12986946105957,19.757225036621094,73.68453216552734
2010-02-19,82.94409942626953,61.861942291259766,109.47000122070312,20.248231887817383,19.81570053100586,73.65241241455078
2010-02-22,82.9590072631836,61.813533782958984,109.06999969482422,20.138322830200195,19.782285690307617,73.68453216552734
2010-02-23,81.95149230957031,62.283180236816406,107.88999938964844,19.808605194091797,19.890888214111328,73.65241241455078
2010-02-24,82.70525360107422,62.31766891479492,107.36000061035156,19.969236373901367,19.8491153717041,73.68453216552734
2010-02-25,82.59330749511719,62.54561996459961,108.30999755859375,19.63106346130371,19.80734634399414,73.68453216552734
2010-02-26,82.64553833007812,62.642276763916016,109.43000030517578,19.97768783569336,19.748870849609375,73.68453216552734
2010-03-01,83.5038070678711,62.70740509033203,109.43000030517578,19.774784088134766,19.81570053100586,73.65241241455078
2010-03-02,83.73514556884766,62.74199676513672,111.0199966430664,19.98614501953125,19.757225036621094,73.66844940185547
2010-03-03,83.8097915649414,62.67972946166992,111.62999725341797,20.18059730529785,19.640270233154297,73.65241241455078
2010-03-04,84.06354522705078,62.79055404663086,110.83000183105469,20.003053665161133,19.748870849609375,73.65241241455078
2010-03-05,85.26506042480469,62.49273681640625,110.80999755859375,20.239776611328125,19.740516662597656,73.65241241455078
2010-03-08,85.27999877929688,62.32655715942383,109.87999725341797,20.21441078186035,19.73216438293457,73.65241241455078
2010-03-09,85.42179870605469,62.4858512878418,109.72000122070312,19.994596481323242,19.765579223632812,73.65241241455078
2010-03-10,85.8023910522461,62.38197326660156,108.47000122070312,20.05377960205078,19.73216438293457,73.66844940185547
2010-03-11,86.16061401367188,62.32655715942383,108.5999984741211,20.003053665161133,19.69038963317871,73.65241241455078
2010-03-12,86.16808319091797,62.42351531982422,107.94999694824219,19.884693145751953,19.56508445739746,73.65241241455078
2010-03-15,86.19048309326172,62.42351531982422,108.36000061035156,19.64797019958496,19.673683166503906,73.65241241455078
2010-03-16,86.87711334228516,62.665870666503906,110.4000015258789,19.91005516052246,19.531665802001953,73.65241241455078
2010-03-17,87.39204406738281,62.74199676513672,109.58999633789062,20.08759880065918,19.540019989013672,73.65241241455078
2010-03-18,87.34725952148438,62.57588195800781,110.33999633789062,20.045326232910156,19.673683166503906,73.65241241455078
2010-03-19,86.90513610839844,62.49273681640625,108.27999877929688,19.800148010253906,19.80734634399414,73.65241241455078
2010-03-22,87.36976623535156,62.70048522949219,107.75,19.800148010253906,19.757225036621094,73.66844940185547
2010-03-23,87.98423767089844,62.56896209716797,108.31999969482422,19.71560287475586,19.824054718017578,73.66844940185547
2010-03-24,87.55706787109375,61.94563674926758,106.30000305175781,19.495790481567383,20.091384887695312,73.65241241455078
2010-03-25,87.41471099853516,61.71711349487305,106.77999877929688,19.385883331298828,20.158214569091797,73.68453216552734
2010-03-26,87.36225128173828,61.86255645751953,108.58999633789062,19.41969871520996,20.016197204589844,73.68453216552734
2010-03-29,87.91680145263672,61.77252197265625,108.75,19.85932731628418,19.91594886779785,73.65241241455078
2010-03-30,87.97672271728516,61.83486557006836,107.97000122070312,19.901599884033203,19.99113655090332,73.65241241455078
2010-03-31,87.67699432373047,61.98030471801758,108.94999694824219,19.884693145751953,19.882535934448242,73.68453216552734
2010-04-01,88.27650451660156,61.851806640625,110.26000213623047,20.273590087890625,19.765579223632812,73.68453216552734
2010-04-05,88.99591064453125,61.29621887207031,110.88999938964844,20.594860076904297,19.865825653076172,73.65241241455078
2010-04-06,89.20570373535156,61.47679138183594,111.02999877929688,20.577951431274414,19.924306869506836,73.65241241455078
2010-04-07,88.6961669921875,61.85872268676758,112.48999786376953,20.501861572265625,19.966073989868164,73.65241241455078
2010-04-08,89.00338745117188,61.78931427001953,112.6500015258789,20.46804428100586,19.949363708496094,73.65241241455078
2010-04-09,89.58787536621094,61.85872268676758,113.63999938964844,20.51031494140625,19.798995971679688,73.65241241455078
2010-04-12,89.73029327392578,62.02543258666992,113.01000213623047,20.493406295776367,19.7154541015625,73.65241241455078
2010-04-13,89.79772186279297,62.14352798461914,112.69000244140625,20.569494247436523,19.7154541015625,73.65241241455078
2010-04-14,90.81685638427734,61.976783752441406,113.02999877929688,20.80621910095215,19.615205764770508,73.65241241455078
2010-04-15,90.89179992675781,62.080970764160156,113.6500015258789,20.88231086730957,19.69038963317871,73.65241241455078
2010-04-16,89.44551849365234,62.456016540527344,111.23999786376953,20.501861572265625,19.757225036621094,73.65241241455078
2010-04-19,89.7827377319336,62.30320739746094,111.1500015258789,20.239776611328125,19.79064178466797,73.66844940185547
2010-04-20,90.5845718383789,62.33099365234375,111.45999908447266,20.400409698486328,19.824054718017578,73.65241241455078
2010-04-21,90.41969299316406,62.532413482666016,112.30999755859375,20.501861572265625,19.865825653076172,73.65241241455078
2010-04-22,90.68949127197266,62.38661575317383,111.83999633789062,20.55258560180664,19.957719802856445,73.65241241455078
2010-04-23,91.281494140625,62.212947845458984,113.19000244140625,20.687856674194336,19.91594886779785,73.65241241455078
2010-04-26,90.93675994873047,62.25460433959961,112.75,20.586406707763672,19.907596588134766,73.66844940185547
2010-04-27,88.78604125976562,62.8380012512207,114.62999725341797,20.273590087890625,20.149864196777344,73.65241241455078
2010-04-28,89.46051788330078,62.5185546875,114.30999755859375,20.341230392456055,20.14150619506836,73.66844940185547
2010-04-29,90.56957244873047,62.62269973754883,114.27999877929688,20.501861572265625,20.04961395263672,73.66844940185547
2010-04-30,89.03337097167969,63.004669189453125,115.36000061035156,20.662498474121094,20.016197204589844,73.65241241455078
2010-05-03,90.18740844726562,62.83954620361328,115.7300033569336,20.763946533203125,20.14150619506836,73.66844940185547
2010-05-04,88.06665802001953,63.264495849609375,114.87000274658203,20.20595932006836,20.367067337036133,73.65241241455078
2010-05-05,87.5421142578125,63.508296966552734,115.08999633789062,19.74942398071289,20.559207916259766,73.66844940185547
2010-05-06,84.63450622558594,64.20488739013672,118.48999786376953,19.360519409179688,20.726285934448242,73.68453216552734
2010-05-07,83.37557220458984,64.03070068359375,118.2699966430664,19.259069442749023,20.634397506713867,73.68453216552734
2010-05-10,87.04752349853516,63.54314422607422,117.56999969482422,19.63106346130371,20.584270477294922,73.68453216552734
2010-05-11,86.80021667480469,63.61973571777344,120.66000366210938,19.59724235534668,20.676164627075195,73.68453216552734
2010-05-12,88.0141830444336,63.45952224731445,121.4000015258789,19.75787925720215,20.734643936157227,73.68453216552734
2010-05-13,86.92010498046875,63.63370132446289,120.55999755859375,19.588790893554688,20.85159683227539,73.66844940185547
2010-05-14,85.34642791748047,64.04473114013672,120.37000274658203,19.089981079101562,21.04374122619629,73.68453216552734
2010-05-17,85.3913803100586,63.905399322509766,119.36000061035156,18.548900604248047,21.04374122619629,73.68453216552734
2010-05-18,84.22988891601562,64.37208557128906,119.48999786376953,18.523536682128906,21.269298553466797,73.66844940185547
2010-05-19,83.75025177001953,64.42778778076172,116.62999725341797,18.354450225830078,21.068803787231445,73.68453216552734
2010-05-20,80.587890625,65.05470275878906,115.83999633789062,17.974002838134766,20.9601993560791,73.68453216552734
2010-05-21,81.7643814086914,65.08952331542969,115.22000122070312,18.160001754760742,20.86830711364746,73.68453216552734
2010-05-24,80.71527862548828,65.08952331542969,116.83999633789062,18.143089294433594,21.07715606689453,73.68453216552734
2010-05-25,80.79769897460938,65.31249237060547,117.36000061035156,17.999366760253906,21.13563346862793,73.68453216552734
2010-05-26,80.31060791015625,65.18008422851562,118.47000122070312,18.193817138671875,21.27765464782715,73.7005615234375
2010-05-27,83.00090789794922,64.5601806640625,118.69000244140625,18.726444244384766,21.052093505859375,73.66844940185547
2010-05-28,81.95925903320312,64.85272979736328,118.87999725341797,18.565807342529297,21.169052124023438,73.68453216552734
2010-06-01,80.58037567138672,64.93655395507812,119.91000366210938,18.219181060791016,21.177404403686523,73.68453216552734
2010-06-02,82.67866516113281,64.56627655029297,119.77999877929688,18.438995361328125,21.169052124023438,73.7005615234375
2010-06-03,82.96337127685547,64.4755630493164,117.95999908447266,18.54044532775879,21.27765464782715,73.66844940185547
2010-06-04,80.04833221435547,65.36965942382812,119.19000244140625,17.96554946899414,21.52827262878418,73.7005615234375
2010-06-07,79.05166625976562,65.63508605957031,121.48999786376953,17.999366760253906,21.578397750854492,73.68453216552734
2010-06-08,79.89845275878906,65.43254852294922,121.0,18.143089294433594,21.511564254760742,73.7005615234375
2010-06-09,79.4713134765625,65.43946838378906,120.55999755859375,18.22763442993164,21.428024291992188,73.7005615234375
2010-06-10,81.79439544677734,64.83177185058594,118.97000122070312,18.531991958618164,21.202465057373047,73.7005615234375
2010-06-11,82.19157409667969,65.24398040771484,120.01000213623047,18.557357788085938,21.269298553466797,73.7005615234375
2010-06-14,82.06419372558594,65.18803405761719,119.5999984741211,18.608081817626953,21.07715606689453,73.66844940185547
2010-06-15,83.93010711669922,64.9854736328125,120.98999786376953,18.92089080810547,20.901723861694336,73.66844940185547
2010-06-16,83.9001235961914,65.16708374023438,120.33000183105469,18.963165283203125,20.968555450439453,73.66844940185547
2010-06-17,84.03504180908203,65.47442626953125,121.9000015258789,18.971620559692383,20.843244552612305,73.66844940185547
2010-06-18,84.12612915039062,65.34172058105469,122.83000183105469,18.937801361083984,20.83489227294922,73.68453216552734
2010-06-21,83.88516998291016,65.29278564453125,120.38999938964844,18.861711502075195,20.910076141357422,73.66844940185547
2010-06-22,82.49977111816406,65.68399047851562,121.44999694824219,18.819440841674805,20.943492889404297,73.68453216552734
2010-06-23,82.24376678466797,65.9284896850586,120.94999694824219,18.506628036499023,20.85995101928711,73.68453216552734
2010-06-24,80.88096618652344,65.87255096435547,121.30000305175781,18.548900604248047,20.85995101928711,73.68453216552734
2010-06-25,81.21977996826172,65.97734832763672,122.76000213623047,18.887075424194336,20.74299430847168,73.68453216552734
2010-06-28,80.96376037597656,66.44532775878906,121.08999633789062,18.684171676635742,20.85159683227539,73.68453216552734
2010-06-29,78.46401977539062,66.7318115234375,121.2699966430664,18.168453216552734,20.951847076416016,73.68453216552734
2010-06-30,77.71857452392578,66.82957458496094,121.68000030517578,18.236087799072266,20.935138702392578,73.7005615234375
2010-07-01,77.37223815917969,66.80015563964844,117.04000091552734,17.957096099853516,20.550857543945312,73.68453216552734
2010-07-02,76.9505844116211,66.6811294555664,118.48999786376953,17.923276901245117,20.525794982910156,73.68453216552734
2010-07-06,77.45506286621094,66.8421859741211,116.51000213623047,17.974002838134766,20.45895767211914,73.66844940185547
2010-07-07,79.89461517333984,66.63213348388672,117.7300033569336,18.37981414794922,20.39212989807129,73.66844940185547
2010-07-08,80.68517303466797,66.47105407714844,117.20999908447266,18.548900604248047,20.367067337036133,73.68453216552734
2010-07-09,81.28752136230469,66.29600524902344,118.36000061035156,18.582717895507812,20.417192459106445,73.66844940185547
2010-07-12,81.34024810791016,66.4079818725586,117.33999633789062,18.37135887145996,20.475669860839844,73.68453216552734
2010-07-13,82.56755828857422,66.07878112792969,118.36000061035156,18.66726303100586,20.30023193359375,73.68453216552734
2010-07-14,82.56002044677734,66.4079818725586,118.30000305175781,18.633445739746094,20.258464813232422,73.68453216552734
2010-07-15,82.58260345458984,66.75112915039062,118.2300033569336,18.81098747253418,20.024553298950195,73.68453216552734
2010-07-16,80.30872344970703,67.13639831542969,116.66999816894531,18.574262619018555,20.057968139648438,73.68453216552734
2010-07-19,80.7830810546875,66.96125793457031,115.7300033569336,18.557357788085938,20.074674606323242,73.66844940185547
2010-07-20,81.67906951904297,67.03130340576172,116.6500015258789,18.70953369140625,20.10809326171875,73.66844940185547
2010-07-21,80.617431640625,67.45848846435547,115.8499984741211,18.6588077545166,20.24175453186035,73.66844940185547
2010-07-22,82.41694641113281,67.08731079101562,116.86000061035156,19.03080177307129,20.074674606323242,73.66844940185547
2010-07-23,83.13224792480469,66.87023162841797,116.08999633789062,18.971620559692383,20.041259765625,73.68453216552734
2010-07-26,83.99812316894531,66.84919738769531,115.5199966430664,18.954713821411133,19.932659149169922,73.65241241455078
2010-07-27,83.9906005859375,66.61809539794922,113.51000213623047,18.751808166503906,19.966073989868164,73.65241241455078
2010-07-28,83.44850158691406,66.9052505493164,113.77999877929688,18.827896118164062,19.957719802856445,73.66844940185547
2010-07-29,83.04191589355469,67.0452880859375,114.29000091552734,19.098432540893555,19.824054718017578,73.65241241455078
2010-07-30,83.0268325805664,67.43750762939453,115.48999786376953,19.352067947387695,19.832408905029297,73.66844940185547
2010-08-02,84.90165710449219,67.22895050048828,115.54000091552734,19.72406005859375,19.648622512817383,73.65241241455078
2010-08-03,84.49506378173828,67.54496765136719,115.98999786376953,19.791696548461914,19.56508445739746,73.65241241455078
2010-08-04,85.05979919433594,67.26406860351562,116.72000122070312,19.96078109741211,19.673683166503906,73.65241241455078
2010-08-05,84.96944427490234,67.58709716796875,116.9800033569336,19.86778450012207,19.60685157775879,73.65241241455078
2010-08-06,84.62310791015625,68.0295181274414,117.83999633789062,19.690244674682617,19.506607055664062,73.65241241455078
2010-08-09,85.0748291015625,68.01545715332031,117.4000015258789,19.75787925720215,19.60685157775879,73.65241241455078
2010-08-10,84.61550903320312,68.35951232910156,117.7300033569336,19.546520233154297,19.648622512817383,73.66844940185547
2010-08-11,82.29647827148438,68.74573516845703,117.33999633789062,19.106889724731445,19.99113655090332,73.68453216552734
2010-08-12,81.79200744628906,68.57015991210938,118.7699966430664,18.963165283203125,20.057968139648438,73.68453216552734
2010-08-13,81.55106353759766,68.86509704589844,118.73999786376953,18.94625473022461,20.14150619506836,73.68453216552734
2010-08-16,81.513427734375,69.36367797851562,119.7300033569336,18.887075424194336,20.016197204589844,73.66844940185547
2010-08-17,82.51486206054688,69.0125503540039,119.75,19.15761375427246,19.949363708496094,73.68453216552734
2010-08-18,82.66542053222656,68.94236755371094,120.22000122070312,19.081525802612305,19.97442626953125,73.66844940185547
2010-08-19,81.2273178100586,69.25132751464844,120.38999938964844,18.887075424194336,20.016197204589844,73.66844940185547
2010-08-20,80.96376037597656,69.026611328125,119.97000122070312,18.768714904785156,20.158214569091797,73.68453216552734
2010-08-23,80.65509033203125,69.11787414550781,119.77999877929688,18.64189910888672,20.19998550415039,73.66844940185547
2010-08-24,79.45787811279297,69.6655502319336,120.36000061035156,18.430540084838867,20.16657066345215,73.66844940185547
2010-08-25,79.76661682128906,69.34965515136719,121.36000061035156,18.523536682128906,20.19998550415039,73.68453216552734
2010-08-26,79.23200225830078,69.6655502319336,120.95999908447266,18.734899520874023,20.074674606323242,73.66844940185547
2010-08-27,80.45929718017578,68.86509704589844,121.01000213623047,19.056163787841797,20.10809326171875,73.66844940185547
2010-08-30,79.29225158691406,69.39176940917969,120.91000366210938,19.0223445892334,20.16657066345215,73.68453216552734
2010-08-31,79.29225158691406,69.7007064819336,122.08000183105469,18.768714904785156,20.149864196777344,73.66844940185547
2010-09-01,81.66399383544922,69.19880676269531,121.69000244140625,19.140705108642578,19.99113655090332,73.66844940185547
2010-09-02,82.42451477050781,68.91017150878906,122.29000091552734,19.275976181030273,19.97442626953125,73.68453216552734
2010-09-03,83.49365234375,68.51596069335938,121.86000061035156,19.377429962158203,19.874181747436523,73.68453216552734
2010-09-07,82.55248260498047,69.05796813964844,122.69999694824219,19.478883743286133,20.083032608032227,73.66844940185547
2010-09-08,83.13224792480469,68.867919921875,122.70999908447266,19.521154403686523,20.016197204589844,73.66844940185547
2010-09-09,83.5162353515625,68.32587432861328,121.55999755859375,19.41124725341797,20.016197204589844,73.66844940185547
2010-09-10,83.9378890991211,68.12879943847656,121.7300033569336,19.614152908325195,20.03290557861328,73.66844940185547
2010-09-13,84.87152862548828,68.45259857177734,121.62000274658203,19.75787925720215,19.81570053100586,73.66844940185547
2010-09-14,84.81884765625,68.79753112792969,124.0199966430664,19.81705665588379,19.648622512817383,73.68453216552734
2010-09-15,85.14259338378906,68.55818939208984,123.94000244140625,19.783241271972656,19.73216438293457,73.68453216552734
2010-09-16,85.1200180053711,68.3188705444336,124.62999725341797,19.681787490844727,19.665332794189453,73.68453216552734
2010-09-17,85.15179443359375,68.47370910644531,124.54000091552734,19.74942398071289,19.7154541015625,73.66844940185547
2010-09-20,86.45381164550781,68.68489837646484,124.87000274658203,19.91005516052246,19.69038963317871,73.66844940185547
2010-09-21,86.27970123291016,69.32547760009766,126.01000213623047,19.698694229125977,19.473186492919922,73.66844940185547
2010-09-22,85.85579681396484,69.43108367919922,126.19999694824219,19.81705665588379,19.33116912841797,73.66844940185547
2010-09-23,85.15938568115234,69.52967834472656,126.30000305175781,19.83396339416504,19.389644622802734,73.66844940185547
2010-09-24,86.9155502319336,69.1847152709961,126.69000244140625,20.138322830200195,19.189149856567383,73.68453216552734
2010-09-27,86.49922180175781,69.7197265625,126.72000122070312,20.003053665161133,19.214214324951172,73.68453216552734
2010-09-28,86.80199432373047,69.95204162597656,127.8499984741211,20.003053665161133,19.11396598815918,73.66844940185547
2010-09-29,86.6506118774414,69.78306579589844,127.94999694824219,20.265138626098633,19.080551147460938,73.66844940185547
2010-09-30,86.39322662353516,69.69860076904297,127.91000366210938,20.383502960205078,19.080551147460938,73.66844940185547
2010-10-01,86.7566146850586,69.73601531982422,128.91000366210938,20.42577362060547,18.921823501586914,73.66844940185547
2010-10-04,86.10558319091797,69.98297882080078,128.4600067138672,20.358139038085938,19.00536346435547,73.68453216552734
2010-10-05,87.83905029296875,69.99707794189453,130.99000549316406,20.772397994995117,18.846637725830078,73.66844940185547
2010-10-06,87.83150482177734,70.44862365722656,131.80999755859375,20.78085708618164,18.754743576049805,73.66844940185547
2010-10-07,87.72551727294922,70.51924896240234,130.3699951171875,20.569494247436523,18.779802322387695,73.66844940185547
2010-10-08,88.21754455566406,70.54745483398438,131.66000366210938,21.254301071166992,18.71297264099121,73.66844940185547
2010-10-11,88.3008041381836,70.6180419921875,132.2899932861328,21.152847290039062,18.788158416748047,73.66844940185547
2010-10-12,88.57332611083984,70.41339111328125,131.9600067138672,21.254301071166992,18.72968101501465,73.66844940185547
2010-10-13,89.26216125488281,70.41339111328125,134.07000732421875,21.355754852294922,18.67955780029297,73.66844940185547
2010-10-14,88.9139633178711,70.01119995117188,134.75,21.321935653686523,18.55424690246582,73.68453216552734
2010-10-15,89.09562683105469,69.70780944824219,133.67999267578125,21.085214614868164,18.66284942626953,73.66844940185547
2010-10-18,89.53465270996094,70.03941345214844,134.27999877929688,21.296573638916016,18.64613914489746,73.68453216552734
2010-10-19,88.36136627197266,70.27931213378906,130.11000061035156,20.670949935913086,18.96359634399414,73.66844940185547
2010-10-20,89.22429656982422,70.23699951171875,131.32000732421875,21.161306381225586,18.704620361328125,73.66844940185547
2010-10-21,89.42112731933594,69.84888458251953,129.47000122070312,20.89921760559082,18.771448135375977,73.66844940185547
2010-10-22,89.58766174316406,69.87002563476562,129.72999572753906,21.076759338378906,18.771448135375977,73.68453216552734
2010-10-25,89.85259246826172,69.84888458251953,130.85000610351562,21.186664581298828,18.687911987304688,73.66844940185547
2010-10-26,89.86773681640625,69.38320922851562,130.8800048828125,21.296573638916016,18.813220977783203,73.68453216552734
2010-10-27,89.6103515625,68.98096466064453,129.52000427246094,21.22893714904785,18.921823501586914,73.68453216552734
2010-10-28,89.62551879882812,69.38320922851562,131.24000549316406,21.33884620666504,18.72132682800293,73.66844940185547
2010-10-29,89.69363403320312,69.69367980957031,132.6199951171875,21.288118362426758,18.687911987304688,73.68453216552734
2010-11-01,89.72390747070312,69.57694244384766,131.9199981689453,21.42338752746582,18.72132682800293,73.68453216552734
2010-11-02,90.43545532226562,69.81034851074219,132.49000549316406,21.617839813232422,18.587663650512695,73.65241241455078
2010-11-03,90.79883575439453,70.03668975830078,131.57000732421875,21.71929359436035,18.495769500732422,73.66844940185547
2010-11-04,92.54740142822266,70.60252380371094,136.02999877929688,22.235008239746094,18.353750228881836,73.66844940185547
2010-11-05,92.8956527709961,70.30546569824219,136.3800048828125,22.328006744384766,18.529184341430664,73.66844940185547
2010-11-08,92.72154998779297,70.32667541503906,137.77999877929688,22.387187957763672,18.637784957885742,73.66844940185547
2010-11-09,92.05538940429688,69.73258209228516,135.58999633789062,22.235008239746094,18.796512603759766,73.66844940185547
2010-11-10,92.4262924194336,69.99423217773438,137.24000549316406,22.471731185913086,18.779802322387695,73.66844940185547
2010-11-11,92.07808685302734,69.91643524169922,137.66000366210938,22.285737991333008,18.913467407226562,73.65241241455078
2010-11-12,90.9880599975586,69.33646392822266,133.69000244140625,21.355754852294922,18.88840675354004,73.68453216552734
2010-11-15,90.85936737060547,68.44532012939453,132.4199981689453,21.389570236206055,19.038780212402344,73.68453216552734
2010-11-16,89.44384002685547,68.95455169677734,130.97000122070312,20.7554931640625,19.147382736206055,73.68453216552734
2010-11-17,89.48924255371094,68.75648498535156,130.3800048828125,20.594860076904297,19.130674362182617,73.68453216552734
2010-11-18,90.806396484375,68.59383392333984,132.08999633789062,21.152847290039062,18.997011184692383,73.66844940185547
2010-11-19,91.05619049072266,68.73528289794922,132.1999969482422,20.848487854003906,18.93852996826172,73.66844940185547
2010-11-22,90.98046875,69.1030502319336,133.47999572753906,20.916126251220703,18.997011184692383,73.66844940185547
2010-11-23,89.66334533691406,69.24456024169922,134.41000366210938,20.865400314331055,19.247631072998047,73.66844940185547
2010-11-24,90.9880599975586,68.5018539428711,134.17999267578125,21.254301071166992,19.272693634033203,73.68453216552734
2010-11-26,89.92829132080078,68.79889678955078,133.11000061035156,21.355754852294922,19.389644622802734,73.68453216552734
2010-11-29,90.2008056640625,68.94745635986328,133.50999450683594,21.398025512695312,19.506607055664062,73.68453216552734
2010-11-30,89.69363403320312,69.06771087646484,135.4199981689453,21.19512176513672,19.631914138793945,73.68453216552734
2010-12-01,91.6012191772461,68.15940856933594,135.3800048828125,21.820743560791016,19.464834213256836,73.66844940185547
2010-12-02,92.77450561523438,67.98927307128906,135.1999969482422,22.006742477416992,19.34787940979004,73.66844940185547
2010-12-03,93.02430725097656,67.99630737304688,138.07000732421875,22.285737991333008,19.11396598815918,73.68453216552734
2010-12-06,92.92586517333984,68.42174530029297,139.11000061035156,22.260372161865234,19.20585823059082,73.66844940185547
2010-12-07,92.97889709472656,67.28726196289062,136.5,22.10819435119629,19.289398193359375,73.66844940185547
2010-12-08,93.31954193115234,66.71302795410156,134.7899932861328,22.277280807495117,19.297754287719727,73.66844940185547
2010-12-09,93.68289184570312,66.85476684570312,135.3699951171875,22.21809959411621,19.31446075439453,73.68453216552734
2010-12-10,94.22789001464844,66.28758239746094,135.41000366210938,22.184282302856445,19.31446075439453,73.68453216552734
2010-12-13,94.28845977783203,66.5002670288086,136.0500030517578,22.404096603393555,19.10561180114746,73.68453216552734
2010-12-14,94.37173461914062,65.79837036132812,136.17999267578125,22.34491729736328,19.139028549194336,73.68453216552734
2010-12-15,93.94024658203125,65.52886199951172,134.6999969482422,22.285737991333008,19.33952522277832,73.66844940185547
2010-12-16,94.48529052734375,65.91893005371094,133.80999755859375,22.209646224975586,19.289398193359375,73.66844940185547
2010-12-17,94.58650207519531,66.48616027832031,134.1999969482422,22.378732681274414,19.372940063476562,73.68453216552734
2010-12-20,94.81475067138672,66.47904205322266,135.11000061035156,22.58163833618164,19.414709091186523,73.68453216552734
2010-12-21,95.41590881347656,66.62081909179688,135.32000732421875,22.725360870361328,19.456480026245117,73.68453216552734
2010-12-22,95.71269989013672,66.43647766113281,135.0500030517578,22.843725204467773,19.439773559570312,73.66844940185547
2010-12-23,95.57569885253906,66.20250701904297,134.66000366210938,22.928268432617188,19.381296157836914,73.66844940185547
2010-12-27,95.61378479003906,66.457763671875,135.02000427246094,22.885995864868164,19.33952522277832,73.66844940185547
2010-12-28,95.75077819824219,65.7596435546875,137.22000122070312,23.131174087524414,19.34787940979004,73.68453216552734
2010-12-29,95.8192367553711,66.49896240234375,137.7100067138672,23.139629364013672,19.214214324951172,73.66844940185547
2010-12-30,95.66705322265625,66.36392211914062,137.02999877929688,22.860633850097656,19.147382736206055,73.68453216552734
2010-12-31,95.6898422241211,66.69806671142578,138.72000122070312,23.291807174682617,18.971946716308594,73.66844940185547
2011-01-03,96.67909240722656,66.4918441772461,138.0,23.393259048461914,19.063840866088867,73.68453216552734
2011-01-04,96.62584686279297,66.64828491210938,134.75,23.0804443359375,19.11396598815918,73.68453216552734
2011-01-05,97.1280746459961,65.93026733398438,134.3699951171875,23.32562255859375,19.306108474731445,73.68453216552734
2011-01-06,96.93782806396484,66.27152252197266,133.8300018310547,23.0128116607666,19.456480026245117,73.68453216552734
2011-01-07,96.74757385253906,66.7123031616211,133.5800018310547,22.928268432617188,19.514957427978516,73.66844940185547
2011-01-10,96.62584686279297,66.93978118896484,134.1199951171875,23.198808670043945,19.448123931884766,73.68453216552734
2011-01-11,96.96824645996094,66.67671203613281,134.91000366210938,23.460895538330078,19.439773559570312,73.68453216552734
2011-01-12,97.8433609008789,66.48474884033203,135.4600067138672,23.613073348999023,19.247631072998047,73.66844940185547
2011-01-13,97.6835708618164,66.93264770507812,134.0500030517578,23.579252243041992,19.04713249206543,73.66844940185547
2011-01-14,98.39122009277344,66.747802734375,132.69000244140625,23.689163208007812,19.022071838378906,73.66844940185547
2011-01-18,98.55865478515625,66.58432006835938,133.42999267578125,23.66379737854004,19.00536346435547,73.66844940185547
2011-01-19,97.59225463867188,66.75489807128906,133.72000122070312,23.6384334564209,18.88840675354004,73.68453216552734
2011-01-20,97.46290588378906,66.2359619140625,131.1999969482422,23.401714324951172,18.946884155273438,73.68453216552734
2011-01-21,97.6835708618164,66.45637512207031,131.02999877929688,23.6384334564209,18.788158416748047,73.66844940185547
2011-01-24,98.23906707763672,66.46343231201172,130.36000061035156,23.435531616210938,18.746387481689453,73.66844940185547
2011-01-25,98.29232025146484,66.79757690429688,130.10000610351562,23.139629364013672,18.738035202026367,73.68453216552734
2011-01-26,98.67280578613281,66.392333984375,131.16000366210938,23.65534019470215,18.704620361328125,73.66844940185547
2011-01-27,98.91630554199219,66.64118194580078,127.93000030517578,23.45244026184082,18.67120361328125,73.68453216552734
2011-01-28,97.18893432617188,66.94691467285156,130.27999877929688,23.74834442138672,18.788158416748047,73.66844940185547
2011-01-31,97.91944885253906,66.683837890625,129.8699951171875,24.12033462524414,18.67955780029297,73.66844940185547
2011-02-01,99.48701477050781,66.37380981445312,130.8000030517578,24.297876358032227,18.495769500732422,73.66844940185547
2011-02-02,99.29679870605469,66.21700286865234,130.4499969482422,24.534597396850586,18.529184341430664,73.66844940185547
2011-02-03,99.51744842529297,65.83927154541016,132.1999969482422,24.373966217041016,18.67955780029297,73.66844940185547
2011-02-04,99.7990493774414,65.43302917480469,131.66000366210938,24.238697052001953,18.738035202026367,73.68453216552734
2011-02-07,100.42298126220703,65.4045181274414,131.67999267578125,24.17106056213379,18.738035202026367,73.66844940185547
2011-02-08,100.87957763671875,64.95553588867188,133.13999938964844,24.331693649291992,18.72132682800293,73.66844940185547
2011-02-09,100.65129089355469,65.326171875,133.07000732421875,24.450054168701172,18.637784957885742,73.68453216552734
2011-02-10,100.68936157226562,65.1123046875,132.85000610351562,24.306333541870117,18.788158416748047,73.66844940185547
2011-02-11,101.29049682617188,65.4116439819336,132.32000732421875,24.22178840637207,18.838285446166992,73.66844940185547
2011-02-14,101.53397369384766,65.43302917480469,132.9499969482422,24.340150833129883,18.863346099853516,73.66844940185547
2011-02-15,101.21438598632812,65.58272552490234,133.97000122070312,24.0273380279541,18.880056381225586,73.68453216552734
2011-02-16,101.85360717773438,65.49003601074219,134.10000610351562,24.204877853393555,18.771448135375977,73.68453216552734
2011-02-17,102.1579360961914,65.73237609863281,135.0399932861328,24.280969619750977,18.72132682800293,73.68453216552734
2011-02-18,102.37100982666016,65.71810150146484,135.41000366210938,24.255605697631836,18.629432678222656,73.66844940185547
2011-02-22,100.31646728515625,66.3523941040039,136.2899932861328,24.22178840637207,18.67955780029297,73.66844940185547
2011-02-23,99.70010375976562,66.18849182128906,137.50999450683594,24.762868881225586,18.570955276489258,73.68453216552734
2011-02-24,99.63159942626953,66.35955047607422,136.47999572753906,24.54305648803711,18.50412368774414,73.68453216552734
2011-02-25,100.6969223022461,66.5733871459961,137.3800048828125,25.084135055541992,18.537538528442383,73.68453216552734
2011-02-28,101.32091522216797,66.54484558105469,137.66000366210938,25.12640380859375,18.453998565673828,73.66844940185547
2011-03-01,99.63159942626953,66.62054443359375,140.02999877929688,25.50684928894043,18.479061126708984,73.66844940185547
2011-03-02,99.84468078613281,66.27051544189453,139.9199981689453,25.608304977416992,18.378812789916992,73.68453216552734
2011-03-03,101.56440734863281,65.82048034667969,138.08999633789062,25.599851608276367,18.353750228881836,73.66844940185547
2011-03-04,100.803466796875,66.29194641113281,139.35000610351562,25.726665496826172,18.32868766784668,73.68453216552734
2011-03-07,100.01205444335938,66.12763214111328,139.72000122070312,25.608304977416992,18.345394134521484,73.66844940185547
2011-03-08,100.88716888427734,65.97052001953125,139.36000061035156,25.388490676879883,18.42893409729004,73.66844940185547
2011-03-09,100.74258422851562,66.35623931884766,139.41000366210938,25.489944458007812,18.395523071289062,73.66844940185547
2011-03-10,98.87825775146484,66.92060852050781,137.77000427246094,25.075679779052734,18.537538528442383,73.66844940185547
2011-03-11,99.56314086914062,66.76338958740234,138.22000122070312,24.93195343017578,18.403873443603516,73.68453216552734
2011-03-14,98.96195983886719,66.91348266601562,138.86000061035156,24.999589920043945,18.311981201171875,73.68453216552734
2011-03-15,97.82815551757812,67.15631103515625,136.27000427246094,24.086519241333008,18.32868766784668,73.7005615234375
2011-03-16,96.0170669555664,67.72776794433594,136.24000549316406,24.230241775512695,18.38716697692871,73.7005615234375
2011-03-17,97.28787994384766,67.52059936523438,136.97000122070312,24.982681274414062,18.228443145751953,73.7005615234375
2011-03-18,97.64173126220703,67.477783203125,138.3699951171875,25.12640380859375,18.144899368286133,73.7005615234375
2011-03-21,99.15492248535156,67.12776184082031,139.13999938964844,25.244766235351562,18.086421966552734,73.7005615234375
2011-03-22,98.81101989746094,67.1634521484375,139.0500030517578,25.430763244628906,18.094776153564453,73.66844940185547
2011-03-23,99.09382629394531,67.07772064208984,140.33999633789062,25.481489181518555,18.195022583007812,73.68453216552734
2011-03-24,100.04149627685547,66.73487091064453,139.22000122070312,25.566030502319336,18.15325355529785,73.66844940185547
2011-03-25,100.34721374511719,66.55624389648438,139.25999450683594,25.6336669921875,18.278564453125,73.66844940185547
2011-03-28,100.1026382446289,66.57772827148438,138.5399932861328,25.287036895751953,18.261857986450195,73.68453216552734
2011-03-29,100.77516174316406,66.38484191894531,138.2100067138672,25.430763244628906,18.25350570678711,73.66844940185547
2011-03-30,101.47064971923828,66.61341857910156,138.6699981689453,25.396947860717773,18.23679542541504,73.68453216552734
2011-03-31,101.33309173583984,66.4419937133789,139.86000061035156,25.794301986694336,18.203380584716797,73.66844940185547
2011-04-01,101.76107788085938,66.58380126953125,139.1999969482422,25.971843719482422,18.186670303344727,73.66844940185547
2011-04-04,101.84514617919922,66.73419189453125,139.83999633789062,26.208566665649414,18.186670303344727,73.66844940185547
2011-04-05,101.82986450195312,66.39759063720703,142.0500030517578,26.233930587768555,18.195022583007812,73.66844940185547
2011-04-06,102.15083312988281,66.11106872558594,142.3800048828125,26.31001853942871,18.094776153564453,73.66844940185547
2011-04-07,101.89102935791016,66.11821746826172,142.50999450683594,26.360740661621094,18.103132247924805,73.68453216552734
2011-04-08,101.5394287109375,65.92484283447266,143.66000366210938,26.98636817932129,17.96111297607422,73.66844940185547
2011-04-11,101.23373413085938,66.01078033447266,142.63999938964844,26.487560272216797,17.986173629760742,73.66844940185547
2011-04-12,100.4770736694336,66.38329315185547,141.61000061035156,25.946481704711914,17.944406509399414,73.68453216552734
2011-04-13,100.46949005126953,66.64111328125,141.89999389648438,26.149385452270508,17.96111297607422,73.68453216552734
2011-04-14,100.54590606689453,66.41909790039062,143.80999755859375,26.217021942138672,17.89427947998047,73.66844940185547
2011-04-15,100.91273498535156,66.90612030029297,145.0500030517578,26.3522891998291,17.92769432067871,73.68453216552734
2011-04-18,99.78166198730469,67.07088470458984,145.92999267578125,26.19165802001953,18.094776153564453,73.66844940185547
2011-04-19,100.35485076904297,67.15681457519531,145.92999267578125,26.200111389160156,17.986173629760742,73.66844940185547
2011-04-20,101.72284698486328,66.89176940917969,146.5,26.6143741607666,17.81074333190918,73.66844940185547
2011-04-21,102.2425537109375,66.94190979003906,146.74000549316406,26.808826446533203,17.743907928466797,73.66844940185547
2011-04-25,102.13555145263672,67.1783218383789,146.8699951171875,26.732736587524414,17.71884536743164,73.66844940185547
2011-04-26,103.01445770263672,67.46477508544922,146.3800048828125,26.72428321838379,17.67707633972168,73.66844940185547
2011-04-27,103.68701934814453,67.2713851928711,149.1999969482422,26.88491439819336,17.560121536254883,73.66844940185547
2011-04-28,104.02328491210938,67.52928924560547,149.82000732421875,26.69046401977539,17.509994506835938,73.66844940185547
2011-04-29,104.26785278320312,67.6653823852539,152.3699951171875,26.969459533691406,17.501644134521484,73.66844940185547
2011-05-02,104.10734558105469,67.64456176757812,150.41000366210938,26.69891929626465,17.518348693847656,73.66844940185547
2011-05-03,103.73285675048828,67.82402038574219,149.8800048828125,26.419923782348633,17.518348693847656,73.66844940185547
2011-05-04,103.0450439453125,67.99637603759766,147.72999572753906,25.997207641601562,17.509994506835938,73.7005615234375
2011-05-05,102.11261749267578,68.33389282226562,143.47000122070312,24.255605697631836,17.768970489501953,73.7005615234375
2011-05-06,102.56352233886719,68.36980438232422,145.3000030517578,24.179513931274414,17.90263557434082,73.7005615234375
2011-05-09,102.96097564697266,68.47034454345703,147.3800048828125,25.067222595214844,17.877573013305664,73.7005615234375
2011-05-10,103.83985137939453,68.13995361328125,147.89999389648438,25.295494079589844,17.860862731933594,73.7005615234375
2011-05-11,102.7469711303711,68.3841781616211,146.5399932861328,24.483871459960938,18.02794075012207,73.7005615234375
2011-05-12,103.23612213134766,68.23341369628906,146.58999633789062,24.509233474731445,17.994529724121094,73.7005615234375
2011-05-13,102.44124603271484,68.49909210205078,145.6300048828125,24.5515079498291,18.11983871459961,73.68453216552734
2011-05-16,101.79164123535156,68.66421508789062,145.3699951171875,24.230241775512695,18.06136131286621,73.68453216552734
2011-05-17,101.7763671875,68.86534118652344,144.74000549316406,24.289424896240234,18.044652938842773,73.68453216552734
2011-05-18,102.68579864501953,68.47034454345703,145.60000610351562,24.779775619506836,18.036298751831055,73.66844940185547
2011-05-19,102.93036651611328,68.54214477539062,145.64999389648438,24.585325241088867,17.96111297607422,73.7005615234375
2011-05-20,102.11261749267578,68.707275390625,147.49000549316406,24.813594818115234,18.086421966552734,73.68453216552734
2011-05-23,100.92801666259766,68.80065155029297,147.8300018310547,24.416236877441406,18.203380584716797,73.68453216552734
2011-05-24,100.84394836425781,68.87248229980469,148.58999633789062,24.74595832824707,18.15325355529785,73.68453216552734
2011-05-25,101.18022918701172,68.87963104248047,148.5800018310547,25.194042205810547,18.136545181274414,73.68453216552734
2011-05-26,101.64643859863281,69.26022338867188,148.22000122070312,25.287036895751953,18.06136131286621,73.68453216552734
2011-05-27,102.03621673583984,69.2530517578125,149.6999969482422,25.430763244628906,17.91098976135254,73.68453216552734
2011-05-31,103.0985336303711,69.36078643798828,149.63999938964844,25.574487686157227,17.82744789123535,73.68453216552734
2011-06-01,100.78282928466797,69.932373046875,149.91000366210938,25.253223419189453,17.869216918945312,73.66844940185547
2011-06-02,100.67581176757812,69.51490020751953,149.5,25.473033905029297,17.75226402282715,73.66844940185547
2011-06-03,99.67460632324219,69.78840637207031,150.22000122070312,25.574487686157227,17.61859893798828,73.66844940185547
2011-06-06,98.61994934082031,69.74518585205078,150.47999572753906,25.27858543395996,17.668724060058594,73.66844940185547
2011-06-07,98.55883026123047,69.87479400634766,150.4199981689453,25.515308380126953,17.5684757232666,73.68453216552734
2011-06-08,98.14613342285156,70.02600860595703,149.80999755859375,25.726665496826172,17.652013778686523,73.68453216552734
2011-06-09,98.89509582519531,69.74518585205078,150.55999755859375,25.870391845703125,17.710494995117188,73.66844940185547
2011-06-10,97.51945495605469,69.96835327148438,149.24000549316406,25.599851608276367,17.877573013305664,73.68453216552734
2011-06-13,97.59584045410156,69.81725311279297,147.77000427246094,25.430763244628906,17.78567886352539,73.66844940185547
2011-06-14,98.8339614868164,69.26287841796875,148.6699981689453,25.608304977416992,17.760616302490234,73.68453216552734
2011-06-15,97.076171875,70.01153564453125,149.1199951171875,24.92350196838379,18.044652938842773,73.68453216552734
2011-06-16,97.2901382446289,70.2059555053711,148.97000122070312,24.822050094604492,18.036298751831055,73.68453216552734
2011-06-17,97.58047485351562,70.15557861328125,149.94000244140625,24.712139129638672,17.91934585571289,73.68453216552734
2011-06-20,98.0797119140625,70.04754638671875,150.02999877929688,24.57686996459961,17.91934585571289,73.68453216552734
2011-06-21,99.42379760742188,69.9540023803711,150.75999450683594,24.593778610229492,17.802385330200195,73.66844940185547
2011-06-22,98.82473754882812,69.92524719238281,150.99000549316406,24.703685760498047,17.869216918945312,73.68453216552734
2011-06-23,98.54054260253906,70.29236602783203,148.33999633789062,24.179513931274414,17.96111297607422,73.68453216552734
2011-06-24,97.3961410522461,70.58753967285156,146.25999450683594,23.892066955566406,18.069713592529297,73.66844940185547
2011-06-27,98.26404571533203,70.3139419555664,145.72999572753906,23.883609771728516,17.986173629760742,73.66844940185547
2011-06-28,99.54667663574219,69.66600799560547,146.24000549316406,24.306333541870117,17.91934585571289,73.66844940185547
2011-06-29,100.39918518066406,69.24847412109375,147.17999267578125,24.74595832824707,17.81074333190918,73.68453216552734
2011-06-30,101.35926055908203,69.0108871459961,146.0,24.483871459960938,17.727197647094727,73.68453216552734
2011-07-01,102.85694885253906,68.83841705322266,144.92999267578125,24.517690658569336,17.710494995117188,73.66844940185547
2011-07-05,102.77247619628906,69.27137756347656,147.6300048828125,24.847410202026367,17.777326583862305,73.66844940185547
2011-07-06,102.8953628540039,69.39407348632812,148.91000366210938,24.838958740234375,17.885923385620117,73.68453216552734
2011-07-07,103.96297454833984,69.12714385986328,149.14999389648438,25.363126754760742,17.85251235961914,73.66844940185547
2011-07-08,103.22560119628906,69.86321258544922,150.25,25.337764739990234,17.89427947998047,73.66844940185547
2011-07-11,101.35926055908203,70.39717864990234,151.58999633789062,25.1433162689209,18.136545181274414,73.65241241455078
2011-07-12,100.92145538330078,70.4982681274414,152.77000427246094,25.363126754760742,18.128192901611328,73.66844940185547
2011-07-13,101.25941467285156,70.61370849609375,154.13999938964844,25.70975685119629,17.936052322387695,73.68453216552734
2011-07-14,100.56050109863281,70.2096176147461,154.5399932861328,25.566030502319336,17.936052322387695,73.68453216552734
2011-07-15,101.14421081542969,70.4982681274414,155.1999969482422,25.794301986694336,17.90263557434082,73.68453216552734
2011-07-18,100.31475830078125,70.45494842529297,156.57000732421875,25.650577545166016,17.944406509399414,73.68453216552734
2011-07-19,101.94300079345703,70.7219467163086,154.66000366210938,25.82811737060547,17.90263557434082,73.68453216552734
2011-07-20,101.8815689086914,70.37554168701172,156.02000427246094,25.912660598754883,17.819095611572266,73.66844940185547
2011-07-21,103.29476928710938,69.98590087890625,154.8300018310547,25.785844802856445,17.652013778686523,73.66844940185547
2011-07-22,103.36386108398438,70.25286865234375,156.1199951171875,25.997207641601562,17.652013778686523,73.68453216552734
2011-07-25,102.787841796875,70.0291519165039,157.33999633789062,25.870391845703125,17.63530731201172,73.68453216552734
2011-07-26,102.40383911132812,70.32504272460938,157.77000427246094,26.07329750061035,17.484935760498047,73.68453216552734
2011-07-27,100.30704498291016,70.2096176147461,157.19000244140625,25.895753860473633,17.61859893798828,73.68453216552734
2011-07-28,100.01521301269531,70.34669494628906,157.32000732421875,25.81121063232422,17.652013778686523,73.68453216552734
2011-07-29,99.33163452148438,71.1982421875,158.2899932861328,25.599851608276367,17.5684757232666,73.68453216552734
2011-08-01,98.90918731689453,71.45721435546875,157.72000122070312,25.599851608276367,17.660367965698242,73.68453216552734
2011-08-02,96.38233184814453,72.1155014038086,161.52000427246094,25.599851608276367,17.6854305267334,73.68453216552734
2011-08-03,96.90461730957031,72.17334747314453,161.49000549316406,25.219406127929688,17.601890563964844,73.68453216552734
2011-08-04,92.3654556274414,73.12824249267578,160.63999938964844,24.264062881469727,17.877573013305664,73.68453216552734
2011-08-05,92.22721099853516,72.28184509277344,161.75,24.36551284790039,17.727197647094727,73.68453216552734
2011-08-08,86.22106170654297,73.43209838867188,167.1199951171875,23.460895538330078,17.75226402282715,73.68453216552734
2011-08-09,90.23026275634766,73.85890197753906,168.61000061035156,23.689163208007812,17.601890563964844,73.68453216552734
2011-08-10,86.24407958984375,74.8354721069336,174.5800018310547,23.79061508178711,17.75226402282715,73.68453216552734
2011-08-11,90.1150894165039,73.73593139648438,170.75,24.306333541870117,17.727197647094727,73.68453216552734
2011-08-12,90.72178649902344,74.24950408935547,169.97000122070312,24.272512435913086,17.727197647094727,73.68453216552734
2011-08-15,92.64192199707031,73.97466278076172,171.8000030517578,24.568416595458984,17.543411254882812,73.68453216552734
2011-08-16,91.85086059570312,74.31463623046875,173.9199981689453,24.568416595458984,17.551767349243164,73.68453216552734
2011-08-17,91.91230773925781,74.8354721069336,174.4199981689453,24.779775619506836,17.509994506835938,73.68453216552734
2011-08-18,87.94915008544922,75.22608947753906,177.72000122070312,24.17106056213379,17.610246658325195,73.65241241455078
2011-08-19,86.51290130615234,75.3056640625,179.9499969482422,24.602235794067383,17.5684757232666,73.68453216552734
2011-08-22,86.58203125,75.16828155517578,184.58999633789062,24.644506454467773,17.601890563964844,73.65241241455078
2011-08-23,89.4314956665039,74.86443328857422,177.6699981689453,24.89813995361328,17.526704788208008,73.68453216552734
2011-08-24,90.69110107421875,74.0614242553711,171.64999389648438,24.644506454467773,17.560121536254883,73.68453216552734
2011-08-25,89.30860137939453,74.51721954345703,172.36000061035156,24.754411697387695,17.610246658325195,73.65241241455078
2011-08-26,90.60659790039062,74.7558822631836,177.47000122070312,25.033405303955078,17.509994506835938,73.68453216552734
2011-08-29,93.2103042602539,74.26397705078125,173.88999938964844,25.117952346801758,17.484935760498047,73.68453216552734
2011-08-30,93.4560546875,74.77764892578125,179.10000610351562,25.456127166748047,17.551767349243164,73.68453216552734
2011-08-31,93.8708267211914,74.50994873046875,177.72000122070312,25.498397827148438,17.601890563964844,73.68453216552734
2011-09-01,92.8877182006836,75.10374450683594,177.8699951171875,25.320858001708984,17.67707633972168,73.68453216552734
2011-09-02,90.51443481445312,75.79249572753906,183.24000549316406,25.185585021972656,17.727197647094727,73.68453216552734
2011-09-06,89.85391235351562,75.89396667480469,182.89999389648438,25.101045608520508,18.00288200378418,73.66844940185547
2011-09-07,92.38846588134766,75.48796844482422,177.0800018310547,25.329307556152344,17.90263557434082,73.65241241455078
2011-09-08,91.42842864990234,75.85774993896484,181.80999755859375,25.16022491455078,18.086421966552734,73.65241241455078
2011-09-09,89.0321273803711,76.22747039794922,180.6999969482422,24.762868881225586,18.303627014160156,73.66844940185547
2011-09-12,89.60813903808594,75.99549865722656,176.6699981689453,24.703685760498047,18.311981201171875,73.66844940185547
2011-09-13,90.4299545288086,75.77072143554688,178.5399932861328,24.627595901489258,18.25350570678711,73.65241241455078
2011-09-14,91.68186950683594,75.81427764892578,177.2100067138672,24.509233474731445,18.203380584716797,73.65241241455078
2011-09-15,93.26405334472656,75.24873352050781,174.39999389648438,24.610687255859375,18.094776153564453,73.65241241455078
2011-09-16,93.81604766845703,75.39371490478516,176.02999877929688,24.50078010559082,18.161605834960938,73.65241241455078
2011-09-19,92.88187408447266,76.01001739501953,173.30999755859375,24.086519241333008,18.261857986450195,73.66844940185547
2011-09-20,92.7738265991211,76.11148071289062,175.77999877929688,24.044248580932617,18.261857986450195,73.66844940185547
2011-09-21,90.04084014892578,76.43772888183594,173.58999633789062,23.689163208007812,18.403873443603516,73.66844940185547
2011-09-22,87.13033294677734,77.14827728271484,169.0500030517578,22.8521785736084,18.596017837524414,73.65241241455078
2011-09-23,87.65530395507812,76.51025390625,159.8000030517578,22.446367263793945,18.545894622802734,73.66844940185547
2011-09-26,89.7397689819336,76.19126892089844,157.5800018310547,22.522457122802734,18.529184341430664,73.66844940185547
2011-09-27,90.74339294433594,75.68374633789062,160.6300048828125,22.902904510498047,18.420581817626953,73.65241241455078
2011-09-28,88.89054870605469,75.69822692871094,156.22000122070312,22.285737991333008,18.487411499023438,73.66844940185547
2011-09-29,89.59309387207031,75.69822692871094,157.6999969482422,22.547821044921875,18.44564437866211,73.66844940185547
2011-09-30,87.35421752929688,76.17672729492188,158.05999755859375,21.770017623901367,18.637784957885742,73.66844940185547
2011-10-03,84.86830139160156,76.88213348388672,160.9600067138672,21.660112380981445,18.804866790771484,73.66844940185547
2011-10-04,86.72888946533203,76.48983001708984,157.63999938964844,21.617839813232422,18.72968101501465,73.66844940185547
2011-10-05,88.3346939086914,76.17020416259766,159.4600067138672,21.922195434570312,18.67120361328125,73.66844940185547
2011-10-06,89.93280029296875,75.63990020751953,160.49000549316406,22.378732681274414,18.55424690246582,73.65241241455078
2011-10-07,89.33059692382812,75.2475814819336,159.17999267578125,22.277280807495117,18.604372024536133,73.66844940185547
2011-10-10,92.31830596923828,74.45574951171875,163.27000427246094,22.776090621948242,18.311981201171875,73.65241241455078
2011-10-11,92.4109878540039,74.70269012451172,162.10000610351562,22.945175170898438,18.295272827148438,73.66844940185547
2011-10-12,93.22157287597656,74.448486328125,163.25999450683594,22.987449645996094,18.17831802368164,73.65241241455078
2011-10-13,93.03629302978516,74.746337890625,162.3000030517578,23.03817367553711,18.16996192932129,73.66844940185547
2011-10-14,94.62667083740234,74.3758316040039,163.39999389648438,23.562345504760742,18.086421966552734,73.65241241455078
2011-10-17,92.82014465332031,74.86251068115234,162.6199951171875,23.224170684814453,18.203380584716797,73.65241241455078
2011-10-18,94.63439178466797,74.78270721435547,161.83999633789062,23.350988388061523,18.17831802368164,73.66844940185547
2011-10-19,93.51494598388672,74.89888000488281,159.8699951171875,22.894451141357422,18.195022583007812,73.66844940185547
2011-10-20,93.92414093017578,74.746337890625,157.77000427246094,22.860633850097656,18.161605834960938,73.66844940185547
2011-10-21,95.70748901367188,74.60831451416016,159.52000427246094,22.978992462158203,17.994529724121094,73.65241241455078
2011-10-24,96.8809814453125,74.572021484375,161.02000427246094,23.342533111572266,17.9527587890625,73.65241241455078
2011-10-25,94.99724578857422,75.21125030517578,165.58999633789062,23.418622970581055,17.969467163085938,73.66844940185547
2011-10-26,95.96227264404297,74.65916442871094,167.39999389648438,23.28335189819336,17.969467163085938,73.66844940185547
2011-10-27,99.30509948730469,73.75830841064453,169.5500030517578,23.90052032470703,17.668724060058594,73.65241241455078
2011-10-28,99.28194427490234,74.2015151977539,169.6199951171875,23.7990665435791,17.67707633972168,73.65241241455078
2011-10-31,96.88868713378906,75.19676208496094,167.33999633789062,23.435531616210938,18.019590377807617,73.63629150390625
2011-11-01,94.18661499023438,76.09864807128906,167.3800048828125,23.15653419494629,18.211732864379883,73.66844940185547
2011-11-02,95.7229232788086,75.9166259765625,169.05999755859375,23.30025863647461,18.16996192932129,73.65241241455078
2011-11-03,97.46773529052734,75.56000518798828,171.72000122070312,23.587709426879883,18.086421966552734,73.63629150390625
2011-11-04,96.87325286865234,75.7856216430664,170.85000610351562,23.66379737854004,18.136545181274414,73.65241241455078
2011-11-07,97.4754409790039,75.87295532226562,174.97999572753906,24.01042938232422,18.11983871459961,73.66844940185547
2011-11-08,98.7260971069336,75.53082275390625,173.52999877929688,24.1287899017334,18.036298751831055,73.66844940185547
2011-11-09,95.0821304321289,76.20056915283203,172.07000732421875,23.596160888671875,18.353750228881836,73.65241241455078
2011-11-10,95.97770690917969,75.829345703125,171.13999938964844,23.57080078125,18.303627014160156,73.66844940185547
2011-11-11,97.78424072265625,75.47988891601562,173.9600067138672,23.7990665435791,18.11983871459961,73.65241241455078
2011-11-14,96.85781860351562,75.95307159423828,173.1999969482422,23.54543685913086,18.245147705078125,73.66844940185547
2011-11-15,97.33647155761719,75.85113525390625,173.36000061035156,23.714523315429688,18.353750228881836,73.65241241455078
2011-11-16,95.79241943359375,76.12774658203125,171.50999450683594,23.65534019470215,18.412229537963867,73.66844940185547
2011-11-17,94.27154541015625,76.2806396484375,167.10000610351562,23.10580825805664,18.437294006347656,73.66844940185547
2011-11-18,94.17117309570312,75.99674987792969,167.6199951171875,23.071992874145508,18.38716697692871,73.66844940185547
2011-11-21,92.38008117675781,76.20784759521484,163.5,22.902904510498047,18.420581817626953,73.66844940185547
2011-11-22,92.01722717285156,76.44078063964844,165.30999755859375,23.055084228515625,18.412229537963867,73.65241241455078
2011-11-23,89.98680877685547,76.70284271240234,164.8300018310547,22.708454132080078,18.62108039855957,73.66844940185547
2011-11-25,89.81697845458984,76.21511840820312,163.39999389648438,22.522457122802734,18.72968101501465,73.66844940185547
2011-11-28,92.41870880126953,76.22237396240234,166.6300048828125,22.801448822021484,18.654495239257812,73.66844940185547
2011-11-29,92.68118286132812,76.07684326171875,166.8800048828125,23.097352981567383,18.587663650512695,73.63629150390625
2011-11-30,96.49493408203125,75.6327896118164,170.1300048828125,23.367895126342773,18.42893409729004,73.65241241455078
2011-12-01,96.47950744628906,75.61088562011719,169.6300048828125,23.28335189819336,18.420581817626953,73.63629150390625
2011-12-02,96.39459228515625,75.94638061523438,169.82000732421875,23.486257553100586,18.479061126708984,73.65241241455078
2011-12-05,97.44454193115234,75.90261840820312,167.32000732421875,23.359439849853516,18.479061126708984,73.65241241455078
2011-12-06,97.4754409790039,75.7057113647461,168.17999267578125,23.486257553100586,18.46235466003418,73.66844940185547
2011-12-07,97.83828735351562,76.04849243164062,169.39999389648438,23.28335189819336,18.437294006347656,73.65241241455078
2011-12-08,95.69206237792969,76.43504333496094,165.97999572753906,22.987449645996094,18.537538528442383,73.65241241455078
2011-12-09,97.31330871582031,75.90990447998047,166.39999389648438,23.071992874145508,18.479061126708984,73.63629150390625
2011-12-12,95.8927993774414,76.17247772216797,161.99000549316406,22.776090621948242,18.67120361328125,73.63629150390625
2011-12-13,94.99724578857422,76.52252960205078,158.4499969482422,22.86908721923828,18.854991912841797,73.63629150390625
2011-12-14,93.98590087890625,76.84347534179688,152.88999938964844,22.05746841430664,18.89676284790039,73.65241241455078
2011-12-15,94.32557678222656,76.77783966064453,152.3300018310547,21.94755744934082,18.846637725830078,73.63629150390625
2011-12-16,94.46543884277344,77.1497573852539,155.22999572753906,22.12510108947754,18.788158416748047,73.65241241455078
2011-12-19,93.4554214477539,77.41238403320312,154.8699951171875,22.023649215698242,18.854991912841797,73.65241241455078
2011-12-20,96.28340148925781,76.71221923828125,156.97999572753906,22.53091049194336,18.696266174316406,73.65241241455078
2011-12-21,96.46987915039062,76.46422576904297,157.16000366210938,22.691545486450195,18.696266174316406,73.65241241455078
2011-12-22,97.32445526123047,76.55908966064453,156.0399932861328,22.716909408569336,18.696266174316406,73.65241241455078
2011-12-23,98.19463348388672,76.24542236328125,156.30999755859375,22.826812744140625,18.704620361328125,73.65241241455078
2011-12-27,98.27232360839844,76.28858184814453,154.91000366210938,22.928268432617188,18.66284942626953,73.63629150390625
2011-12-28,96.98263549804688,76.77075958251953,151.02999877929688,22.65772819519043,18.838285446166992,73.6395263671875
2011-12-29,97.98487091064453,76.86575317382812,150.33999633789062,22.725360870361328,18.804866790771484,73.6395263671875
2011-12-30,97.503173828125,77.13607788085938,151.99000549316406,22.691545486450195,18.771448135375977,73.6395263671875
2012-01-03,99.05702209472656,76.64656829833984,155.9199981689453,23.367895126342773,18.612722396850586,73.62346649169922
2012-01-04,99.21239471435547,76.40543365478516,156.7100067138672,23.54543685913086,18.71297264099121,73.62346649169922
2012-01-05,99.47657775878906,76.42005920410156,157.77999877929688,23.224170684814453,18.913467407226562,73.62346649169922
2012-01-06,99.22016143798828,76.71963500976562,157.1999969482422,23.32562255859375,18.980302810668945,73.62346649169922
2012-01-09,99.46099853515625,76.73423767089844,156.5,23.350988388061523,18.913467407226562,73.6395263671875
2012-01-10,100.3233871459961,76.5807876586914,158.63999938964844,23.52007293701172,18.89676284790039,73.6395263671875
2012-01-11,100.37775421142578,77.02647399902344,159.6699981689453,23.45244026184082,18.980302810668945,73.62346649169922
2012-01-12,100.6186294555664,76.86575317382812,160.3800048828125,23.122718811035156,18.854991912841797,73.62346649169922
2012-01-13,100.09808349609375,77.20918273925781,159.25999450683594,23.071992874145508,19.00536346435547,73.62346649169922
2012-01-17,100.48654174804688,77.28221130371094,160.5,23.23262596130371,18.93852996826172,73.62346649169922
2012-01-18,101.59752655029297,77.04113006591797,161.60000610351562,23.241079330444336,18.771448135375977,73.62346649169922
2012-01-19,102.13360595703125,76.5807876586914,161.22000122070312,23.342533111572266,18.67120361328125,73.62346649169922
2012-01-20,102.5142822265625,76.31773376464844,162.07000732421875,23.173446655273438,18.687911987304688,73.62346649169922
2012-01-23,102.25013732910156,76.14970397949219,163.16000366210938,23.443984985351562,18.579309463500977,73.62346649169922
2012-01-24,102.13360595703125,76.23738098144531,162.00999450683594,23.486257553100586,18.604372024536133,73.62346649169922
2012-01-25,102.98822021484375,76.60272216796875,166.4199981689453,23.680706024169922,18.520832061767578,73.62346649169922
2012-01-26,102.45989227294922,77.01189422607422,167.27000427246094,23.74834442138672,18.50412368774414,73.62346649169922
2012-01-27,102.41331481933594,77.24567413330078,168.97000122070312,23.832883834838867,18.370458602905273,73.62346649169922
2012-01-30,102.06370544433594,77.50871276855469,168.02999877929688,23.587709426879883,18.437294006347656,73.6395263671875
2012-01-31,102.02484893798828,77.80101013183594,169.30999755859375,23.528528213500977,18.479061126708984,73.62346649169922
2012-02-01,102.9183120727539,77.53092956542969,169.55999755859375,23.604616165161133,18.395523071289062,73.62346649169922
2012-02-02,103.08143615722656,77.64071655273438,171.0500030517578,23.66379737854004,18.403873443603516,73.62346649169922
2012-02-03,104.52651977539062,77.02580261230469,167.63999938964844,23.942790985107422,18.403873443603516,73.62346649169922
2012-02-06,104.45657348632812,77.23808288574219,167.17999267578125,24.061153411865234,18.412229537963867,73.6395263671875
2012-02-07,104.72074127197266,76.74036407470703,169.6999969482422,24.044248580932617,18.286916732788086,73.62346649169922
2012-02-08,105.03153991699219,76.77693176269531,168.5,24.154150009155273,18.303627014160156,73.6395263671875
2012-02-09,105.16356658935547,76.601318359375,168.02000427246094,24.280969619750977,18.311981201171875,73.62346649169922
2012-02-10,104.38663482666016,77.03315734863281,167.13999938964844,24.05270004272461,18.42893409729004,73.6395263671875
2012-02-13,105.16356658935547,76.98192596435547,167.50999450683594,24.111881256103516,18.403873443603516,73.62346649169922
2012-02-14,105.03153991699219,77.14289855957031,167.1199951171875,24.10342788696289,18.495769500732422,73.6395263671875
2012-02-15,104.54203796386719,77.20150756835938,168.11000061035156,24.187971115112305,18.55424690246582,73.62346649169922
2012-02-16,105.69969177246094,76.85018920898438,168.0,24.297876358032227,18.487411499023438,73.6395263671875
2012-02-17,105.97933959960938,76.76966857910156,167.35000610351562,24.255605697631836,18.487411499023438,73.62346649169922
2012-02-21,106.02593231201172,76.49148559570312,171.02000427246094,24.636049270629883,18.412229537963867,73.62346649169922
2012-02-22,105.68413543701172,76.79161071777344,172.94000244140625,24.864320755004883,18.437294006347656,73.62346649169922
2012-02-23,106.1502456665039,76.90135955810547,173.02000427246094,24.940410614013672,18.295272827148438,73.62346649169922
2012-02-24,106.38335418701172,76.9599838256836,172.22999572753906,25.092588424682617,18.22008514404297,73.6395263671875
2012-02-27,106.5620346069336,77.21614837646484,171.6999969482422,24.88968276977539,18.278564453125,73.62346649169922
2012-02-28,106.87279510498047,77.25276184082031,173.49000549316406,24.881229400634766,18.195022583007812,73.62346649169922
2012-02-29,106.45323944091797,76.94528198242188,164.2899932861328,24.78822898864746,18.345394134521484,73.6395263671875
2012-03-01,107.0048599243164,76.6960678100586,166.61000061035156,25.177133560180664,18.345394134521484,73.62346649169922
2012-03-02,106.67859649658203,77.00399780273438,166.33999633789062,24.92350196838379,18.470706939697266,73.62346649169922
2012-03-05,106.24349975585938,76.85002899169922,165.64999389648438,24.805139541625977,18.453998565673828,73.62346649169922
2012-03-06,104.68963623046875,77.17261505126953,162.6999969482422,24.399330139160156,18.570955276489258,73.62346649169922
2012-03-07,105.41995239257812,77.02592468261719,163.6300048828125,24.509233474731445,18.545894622802734,73.62346649169922
2012-03-08,106.46876525878906,76.79866027832031,165.27999877929688,24.712139129638672,18.420581817626953,73.6395263671875
2012-03-09,106.88056945800781,76.74000549316406,166.3800048828125,24.779775619506836,18.596017837524414,73.6395263671875
2012-03-12,106.88832092285156,76.718017578125,165.07000732421875,24.74595832824707,18.570955276489258,73.6395263671875
2012-03-13,108.81510925292969,76.16815948486328,162.3000030517578,24.855865478515625,18.629432678222656,73.6395263671875
2012-03-14,108.69855499267578,75.29570007324219,159.57000732421875,24.686777114868164,18.72968101501465,73.62346649169922
2012-03-15,109.3278579711914,75.27369689941406,161.0800018310547,24.703685760498047,18.654495239257812,73.62346649169922
2012-03-16,109.479248046875,75.25164031982422,161.3000030517578,25.008041381835938,18.529184341430664,73.62346649169922
2012-03-19,109.90846252441406,74.78981018066406,161.58999633789062,24.965774536132812,18.42893409729004,73.6395263671875
2012-03-20,109.58849334716797,74.8264389038086,160.1300048828125,24.661415100097656,18.46235466003418,73.6395263671875
2012-03-21,109.4090347290039,75.20774841308594,160.2100067138672,24.602235794067383,18.470706939697266,73.6395263671875
2012-03-22,108.620849609375,75.30308532714844,159.57000732421875,24.407785415649414,18.495769500732422,73.6395263671875
2012-03-23,108.97201538085938,75.58163452148438,161.52999877929688,24.644506454467773,18.395523071289062,73.6395263671875
2012-03-26,110.5014419555664,75.49362182617188,164.39999389648438,24.754411697387695,18.278564453125,73.6395263671875
2012-03-27,110.15811920166016,75.91156005859375,163.24000549316406,24.652957916259766,18.345394134521484,73.62346649169922
2012-03-28,109.6119155883789,75.77963256835938,161.50999450683594,24.416236877441406,18.337045669555664,73.6395263671875
2012-03-29,109.42461395263672,76.09485626220703,161.27999877929688,24.078062057495117,18.32868766784668,73.62346649169922
2012-03-30,109.87723541259766,75.72096252441406,162.1199951171875,24.348604202270508,18.303627014160156,73.62346649169922
2012-04-02,110.68093872070312,75.90235900878906,162.94000244140625,24.661415100097656,18.261857986450195,73.6073989868164
2012-04-03,110.22836303710938,75.34423828125,159.88999938964844,24.5515079498291,18.395523071289062,73.62346649169922
2012-04-04,109.13592529296875,75.72604370117188,157.2100067138672,24.17106056213379,18.487411499023438,73.6073989868164
2012-04-05,109.0812759399414,76.0638656616211,158.30999755859375,24.264062881469727,18.545894622802734,73.62346649169922
2012-04-09,107.8561782836914,76.8424072265625,159.3699951171875,24.154150009155273,18.487411499023438,73.6395263671875
2012-04-10,106.04584503173828,77.20222473144531,161.10000610351562,23.832883834838867,18.512475967407227,73.6395263671875
2012-04-11,106.9041748046875,76.9011459350586,161.07000732421875,23.892066955566406,18.487411499023438,73.6395263671875
2012-04-12,108.30096435546875,76.74690246582031,162.6999969482422,24.204877853393555,18.362106323242188,73.62346649169922
2012-04-13,107.01344299316406,77.2096176147461,160.85000610351562,23.959701538085938,18.512475967407227,73.6073989868164
2012-04-16,106.94316101074219,77.18757629394531,160.4600067138672,23.722978591918945,18.437294006347656,73.62346649169922
2012-04-17,108.52727508544922,77.1067886352539,160.25,23.832883834838867,18.42893409729004,73.62346649169922
2012-04-18,108.16051483154297,77.2610092163086,159.30999755859375,23.604616165161133,18.42893409729004,73.62346649169922
2012-04-19,107.46600341796875,77.34912872314453,159.42999267578125,23.613073348999023,18.420581817626953,73.6395263671875
2012-04-20,107.6454849243164,77.35647583007812,159.5399932861328,23.706069946289062,18.32033348083496,73.62346649169922
2012-04-23,106.74031066894531,77.51072692871094,159.07000732421875,23.66379737854004,18.378812789916992,73.6395263671875
2012-04-24,107.14608764648438,77.31242370605469,159.3000030517578,23.66379737854004,18.32868766784668,73.6395263671875
2012-04-25,108.6131362915039,77.2169418334961,159.6199951171875,23.7990665435791,18.286916732788086,73.62346649169922
2012-04-26,109.37004852294922,77.47400665283203,161.02999877929688,23.849794387817383,18.261857986450195,73.6395263671875
2012-04-27,109.54948425292969,77.55479431152344,161.3800048828125,23.925884246826172,18.228443145751953,73.62346649169922
2012-04-30,109.14371490478516,77.62091064453125,161.8800048828125,24.018882751464844,18.22008514404297,73.6395263671875
2012-05-01,109.82262420654297,77.4796371459961,161.32000732421875,24.018882751464844,18.23679542541504,73.6395263671875
2012-05-02,109.49484252929688,77.62679290771484,160.58999633789062,23.706069946289062,18.295272827148438,73.6395263671875
2012-05-03,108.65989685058594,77.61940002441406,158.97000122070312,23.443984985351562,18.311981201171875,73.62346649169922
2012-05-04,106.9041748046875,77.92835235595703,159.47000122070312,23.02971839904785,18.38716697692871,73.62346649169922
2012-05-07,106.98223114013672,77.90626525878906,159.0800018310547,22.978992462158203,18.412229537963867,73.6395263671875
2012-05-08,106.55305480957031,78.08287048339844,156.0,22.894451141357422,18.453998565673828,73.6395263671875
2012-05-09,105.92098236083984,78.14904022216797,154.47000122070312,22.716909408569336,18.529184341430664,73.6395263671875
2012-05-10,106.1395034790039,78.03868103027344,154.77000427246094,22.725360870361328,18.545894622802734,73.6395263671875
2012-05-11,105.81953430175781,78.29619598388672,153.55999755859375,22.556276321411133,18.579309463500977,73.6395263671875
2012-05-14,104.64905548095703,78.64190673828125,151.3300018310547,22.260372161865234,18.66284942626953,73.6395263671875
2012-05-15,104.04816436767578,78.66395568847656,149.74000549316406,22.302642822265625,18.813220977783203,73.6395263671875
2012-05-16,103.65023803710938,78.72279357910156,149.4600067138672,22.277280807495117,18.854991912841797,73.6395263671875
2012-05-17,102.11298370361328,79.01700592041016,152.8000030517578,22.22655487060547,18.838285446166992,73.6395263671875
2012-05-18,101.2390365600586,78.96552276611328,154.5500030517578,22.209646224975586,18.76309585571289,73.6395263671875
2012-05-21,102.97915649414062,78.75955200195312,154.64999389648438,22.50554847717285,18.704620361328125,73.6395263671875
2012-05-22,103.15862274169922,78.59036254882812,152.0800018310547,22.184282302856445,18.89676284790039,73.6073989868164
2012-05-23,103.2132568359375,78.79635620117188,151.6199951171875,21.939105987548828,18.96359634399414,73.6073989868164
2012-05-24,103.41610717773438,78.62712097167969,151.41000366210938,21.94755744934082,19.038780212402344,73.6395263671875
2012-05-25,103.08059692382812,78.85521697998047,152.67999267578125,22.023649215698242,19.063840866088867,73.6395263671875
2012-05-29,104.32913970947266,78.78897857666016,151.02000427246094,21.93065071105957,19.04713249206543,73.6395263671875
2012-05-30,102.81527709960938,79.53929901123047,151.91000366210938,21.524839401245117,19.1975040435791,73.6395263671875
2012-05-31,102.58897399902344,79.84832000732422,151.6199951171875,21.33884620666504,19.20585823059082,73.6395263671875
2012-06-01,100.00614929199219,80.53418731689453,157.5,20.89921760559082,19.147382736206055,73.6395263671875
2012-06-04,99.9593276977539,80.07002258300781,157.32000732421875,21.017580032348633,19.063840866088867,73.6395263671875
2012-06-05,100.71623992919922,79.80479431152344,157.13999938964844,20.941490173339844,19.130674362182617,73.6395263671875
2012-06-06,102.97915649414062,79.28167724609375,157.2100067138672,21.33039093017578,18.971946716308594,73.62346649169922
2012-06-07,103.04156494140625,79.47323608398438,154.5,21.186664581298828,18.997011184692383,73.62346649169922
2012-06-08,103.86092376708984,79.53215789794922,154.72999572753906,21.254301071166992,19.055484771728516,73.62346649169922
2012-06-11,102.54219055175781,79.74580383300781,155.36000061035156,20.865400314331055,19.080551147460938,73.62346649169922
2012-06-12,103.72046661376953,79.31845092773438,156.4600067138672,20.96685218811035,19.013717651367188,73.6395263671875
2012-06-13,103.05718994140625,79.73845672607422,157.1199951171875,20.80621910095215,18.955238342285156,73.6395263671875
2012-06-14,104.1496353149414,79.52479553222656,157.75,21.051395416259766,18.880056381225586,73.6395263671875
2012-06-15,105.21484375,79.89319610595703,157.83999633789062,21.017580032348633,18.796512603759766,73.62346649169922
2012-06-18,105.41873168945312,79.87106323242188,157.92999267578125,21.034486770629883,18.880056381225586,73.6395263671875
2012-06-19,106.43842315673828,79.59850311279297,157.16000366210938,21.2120304107666,18.738035202026367,73.6073989868164
2012-06-20,106.265869140625,79.43643188476562,155.97000122070312,20.865400314331055,18.76309585571289,73.6073989868164
2012-06-21,103.88140106201172,79.6058578491211,152.02000427246094,20.41731834411621,18.96359634399414,73.6395263671875
2012-06-22,104.68144226074219,79.25957489013672,152.63999938964844,20.620223999023438,18.921823501586914,73.62346649169922
2012-06-25,103.0029525756836,79.69425964355469,153.75999450683594,20.831579208374023,18.980302810668945,73.6395263671875
2012-06-26,103.52057647705078,79.51741790771484,152.6199951171875,20.975305557250977,18.946884155273438,73.6395263671875
2012-06-27,104.4540023803711,79.62794494628906,152.8300018310547,21.09366798400879,19.00536346435547,73.62346649169922
2012-06-28,104.15592956542969,79.88583374023438,151.0500030517578,20.865400314331055,19.030424118041992,73.6395263671875
2012-06-29,106.75214385986328,79.51741790771484,155.19000244140625,21.770017623901367,18.771448135375977,73.6073989868164
2012-07-02,107.07376861572266,79.88634490966797,155.08999633789062,21.727746963500977,18.813220977783203,73.6073989868164
2012-07-03,107.77970886230469,79.68716430664062,157.4600067138672,22.336462020874023,18.796512603759766,73.6073989868164
2012-07-05,107.29334259033203,79.901123046875,155.67999267578125,22.421005249023438,19.04713249206543,73.6073989868164
2012-07-06,106.27368927001953,80.18157958984375,153.7100067138672,21.90528678894043,19.17244529724121,73.6073989868164
2012-07-09,106.1403579711914,80.40284729003906,154.0399932861328,22.294191360473633,19.11396598815918,73.6073989868164
2012-07-10,105.21484375,80.43970489501953,152.14999389648438,22.006742477416992,19.180795669555664,73.6073989868164
2012-07-11,105.23052215576172,80.36592864990234,152.99000549316406,22.251916885375977,19.1975040435791,73.6073989868164
2012-07-12,104.72066497802734,80.55045318603516,152.58999633789062,22.302642822265625,19.239276885986328,73.6073989868164
2012-07-13,106.4776382446289,80.48401641845703,154.13999938964844,22.573184967041016,19.155733108520508,73.62346649169922
2012-07-16,106.22663879394531,80.66110229492188,154.2100067138672,22.8521785736084,19.097257614135742,73.6073989868164
2012-07-17,106.95612335205078,80.4544677734375,153.47000122070312,22.877540588378906,19.080551147460938,73.6073989868164
2012-07-18,107.74830627441406,80.53567504882812,153.0500030517578,23.0804443359375,19.063840866088867,73.6073989868164
2012-07-19,108.03068542480469,80.41754913330078,153.3800048828125,23.359439849853516,19.055484771728516,73.62346649169922
2012-07-20,107.04239654541016,80.73490142822266,153.6699981689453,23.359439849853516,19.1975040435791,73.6073989868164
2012-07-23,105.9599609375,80.8676986694336,153.02999877929688,22.86908721923828,19.22256851196289,73.6073989868164
2012-07-24,105.05005645751953,81.02262878417969,153.52000427246094,22.733816146850586,19.297754287719727,73.62346649169922
2012-07-25,105.0736083984375,81.06692504882812,155.6699981689453,22.902904510498047,19.1975040435791,73.6395263671875
2012-07-26,106.80709075927734,80.81602478027344,156.77000427246094,22.945175170898438,19.00536346435547,73.62346649169922
2012-07-27,108.77584075927734,80.2331771850586,157.5399932861328,23.18189811706543,18.997011184692383,73.6395263671875
2012-07-30,108.77584075927734,80.4914321899414,157.42999267578125,23.317169189453125,19.022071838378906,73.6395263671875
2012-07-31,108.0149917602539,80.6315689086914,156.49000549316406,23.03817367553711,18.971946716308594,73.6073989868164
2012-08-01,107.92084503173828,80.33750915527344,155.13999938964844,23.071992874145508,19.10561180114746,73.62346649169922
2012-08-02,107.17574310302734,80.52961730957031,154.1300048828125,22.877540588378906,19.139028549194336,73.62346649169922
2012-08-03,109.30134582519531,80.10841369628906,155.5500030517578,23.266443252563477,18.905113220214844,73.62346649169922
2012-08-06,109.51316833496094,80.16014099121094,156.3000030517578,23.401714324951172,18.880056381225586,73.6395263671875
2012-08-07,110.06220245361328,79.73896026611328,156.27999877929688,23.579252243041992,18.880056381225586,73.62346649169922
2012-08-08,110.19552612304688,79.62814331054688,156.47999572753906,23.646888732910156,18.913467407226562,73.6073989868164
2012-08-09,110.28968811035156,79.56901550292969,156.99000549316406,23.841341018676758,18.980302810668945,73.6073989868164
2012-08-10,110.47002410888672,79.79804229736328,157.17999267578125,23.714523315429688,18.946884155273438,73.6073989868164
2012-08-13,110.41512298583984,79.74635314941406,155.99000549316406,23.528528213500977,18.921823501586914,73.6073989868164
2012-08-14,110.43084716796875,79.35474395751953,155.1300048828125,23.553892135620117,18.93017578125,73.6073989868164
2012-08-15,110.55635070800781,78.95562744140625,155.6300048828125,23.75679588317871,18.980302810668945,73.6073989868164
2012-08-16,111.3720703125,78.7635498046875,156.55999755859375,23.849794387817383,18.913467407226562,73.6073989868164
2012-08-17,111.52113342285156,78.85963439941406,156.72000122070312,23.883609771728516,18.946884155273438,73.6073989868164
2012-08-20,111.52896118164062,78.90391540527344,157.25999450683594,23.993518829345703,18.921823501586914,73.6073989868164
2012-08-21,111.19169616699219,78.97044372558594,158.8300018310547,24.21333122253418,18.796512603759766,73.6073989868164
2012-08-22,111.23872375488281,79.58378601074219,160.5399932861328,24.340150833129883,18.704620361328125,73.6073989868164
2012-08-23,110.32882690429688,79.72415924072266,161.88999938964844,24.22178840637207,18.67120361328125,73.6073989868164
2012-08-24,110.99561309814453,79.68718719482422,161.97000122070312,24.111881256103516,18.72968101501465,73.6073989868164
2012-08-27,111.01909637451172,79.8941421508789,161.36000061035156,24.001972198486328,18.746387481689453,73.6073989868164
2012-08-28,110.90928649902344,79.92366027832031,161.63999938964844,24.018882751464844,18.67120361328125,73.6073989868164
2012-08-29,110.99561309814453,79.87197875976562,160.58999633789062,24.061153411865234,18.704620361328125,73.6073989868164
2012-08-30,110.19552612304688,80.01974487304688,160.52000427246094,24.086519241333008,18.746387481689453,73.6073989868164
2012-08-31,110.72106170654297,80.53693389892578,164.22000122070312,24.340150833129883,18.629432678222656,73.6073989868164
2012-09-04,110.6191177368164,80.35276794433594,164.47999572753906,24.348604202270508,18.654495239257812,73.6073989868164
2012-09-05,110.52494812011719,80.32318115234375,164.30999755859375,24.230241775512695,18.637784957885742,73.62346649169922
2012-09-06,112.76826477050781,79.77559661865234,164.88999938964844,24.22178840637207,18.587663650512695,73.62346649169922
2012-09-07,113.20751190185547,79.87916564941406,168.44000244140625,24.492324829101562,18.38716697692871,73.6073989868164
2012-09-10,112.56434631347656,79.91618347167969,167.2899932861328,24.526145935058594,18.44564437866211,73.6073989868164
2012-09-11,112.87808990478516,79.7681884765625,167.89999389648438,24.57686996459961,18.303627014160156,73.6073989868164
2012-09-12,113.25452423095703,79.37596893310547,167.9199981689453,24.703685760498047,18.286916732788086,73.6073989868164
2012-09-13,114.98018646240234,79.60538482666016,171.30999755859375,24.872774124145508,18.16996192932129,73.6073989868164
2012-09-14,115.49002838134766,78.85801696777344,171.8000030517578,25.13486099243164,18.07806968688965,73.6073989868164
2012-09-17,115.09780883789062,79.02083587646484,170.39999389648438,24.441600799560547,18.103132247924805,73.6073989868164
2012-09-18,115.00372314453125,79.2206039428711,171.72000122070312,24.264062881469727,18.161605834960938,73.6073989868164
2012-09-19,115.06645202636719,79.4056167602539,171.74000549316406,23.90897560119629,18.103132247924805,73.6073989868164
2012-09-20,115.07428741455078,79.45000457763672,171.47000122070312,24.044248580932617,18.186670303344727,73.6073989868164
2012-09-21,115.02619934082031,79.62014770507812,171.9600067138672,24.204877853393555,18.16996192932129,73.6073989868164
2012-09-24,114.85271453857422,79.79773712158203,171.0500030517578,23.95124626159668,18.211732864379883,73.6073989868164
2012-09-25,113.63043975830078,80.09376525878906,170.77000427246094,23.97661018371582,18.245147705078125,73.6073989868164
2012-09-26,112.99173736572266,80.42678833007812,169.80999755859375,23.807523727416992,18.278564453125,73.6073989868164
2012-09-27,114.05631256103516,80.25654602050781,172.33999633789062,24.10342788696289,18.228443145751953,73.62346649169922
2012-09-28,113.5279541015625,80.25654602050781,171.88999938964844,24.24715232849121,18.311981201171875,73.6073989868164
2012-10-01,113.82756805419922,80.4054946899414,172.2899932861328,24.280969619750977,18.27021026611328,73.6073989868164
2012-10-02,113.94587707519531,80.35359191894531,172.10000610351562,24.154150009155273,18.25350570678711,73.62346649169922
2012-10-03,114.41111755371094,80.4350814819336,172.41000366210938,23.739887237548828,18.303627014160156,73.6073989868164
2012-10-04,115.23114776611328,80.11653900146484,173.61000061035156,24.255605697631836,18.17831802368164,73.6073989868164
2012-10-05,115.23909759521484,79.75344848632812,172.6199951171875,24.1287899017334,18.17831802368164,73.6073989868164
2012-10-08,114.8448486328125,80.01276397705078,172.0500030517578,24.061153411865234,18.22008514404297,73.6073989868164
2012-10-09,113.70929718017578,79.84981536865234,170.99000549316406,24.238697052001953,18.337045669555664,73.6073989868164
2012-10-10,112.98385620117188,80.04244232177734,170.83999633789062,24.19642448425293,18.295272827148438,73.62346649169922
2012-10-11,113.04691314697266,80.11653900146484,171.32000732421875,24.47541618347168,18.261857986450195,73.62346649169922
2012-10-12,112.67630767822266,80.12393951416016,170.05999755859375,24.137243270874023,18.23679542541504,73.6073989868164
2012-10-15,113.61467742919922,80.14614868164062,168.35000610351562,24.018882751464844,18.245147705078125,73.62346649169922
2012-10-16,114.7659683227539,79.7682876586914,169.4199981689453,24.035791397094727,18.16996192932129,73.6073989868164
2012-10-17,115.28644561767578,79.26444244384766,169.5399932861328,24.044248580932617,18.07806968688965,73.62346649169922
2012-10-18,114.98678588867188,79.12369537353516,168.7899932861328,24.035791397094727,18.15325355529785,73.6073989868164
2012-10-19,113.0705795288086,79.45709991455078,166.97000122070312,23.672252655029297,18.22008514404297,73.6073989868164
2012-10-22,113.08634948730469,79.19036865234375,167.5800018310547,23.562345504760742,18.22008514404297,73.6073989868164
2012-10-23,111.5171127319336,79.56829071044922,165.42999267578125,23.2748966217041,18.303627014160156,73.62346649169922
2012-10-24,111.20169830322266,79.39785766601562,164.86000061035156,23.20726203918457,18.303627014160156,73.62346649169922
2012-10-25,111.52497863769531,79.10884094238281,166.02000427246094,23.266443252563477,18.32033348083496,73.6073989868164
2012-10-26,111.46192169189453,79.61271667480469,165.92999267578125,23.317169189453125,18.32033348083496,73.6073989868164
2012-10-31,111.46192169189453,79.93866729736328,166.8300018310547,23.30025863647461,18.286916732788086,73.62346649169922
2012-11-01,112.62899780273438,79.7791976928711,166.07000732421875,23.342533111572266,18.311981201171875,73.62346649169922
2012-11-02,111.62752532958984,79.84598541259766,162.60000610351562,22.945175170898438,18.437294006347656,73.62346649169922
2012-11-05,111.8562240600586,80.03886413574219,163.22999572753906,23.139629364013672,18.479061126708984,73.6073989868164
2012-11-06,112.7314682006836,79.67534637451172,166.3000030517578,23.553892135620117,18.453998565673828,73.6073989868164
2012-11-07,110.17662811279297,80.34307098388672,166.49000549316406,23.11426544189453,18.487411499023438,73.62346649169922
2012-11-08,108.85179901123047,80.69917297363281,167.99000549316406,23.148080825805664,18.487411499023438,73.62346649169922
2012-11-09,108.94644927978516,80.70660400390625,167.82000732421875,23.334077835083008,18.529184341430664,73.62346649169922
2012-11-12,109.03317260742188,80.75850677490234,167.4499969482422,23.224170684814453,18.537538528442383,73.62346649169922
2012-11-13,108.6546859741211,80.85498809814453,167.10000610351562,23.18189811706543,18.55424690246582,73.62346649169922
2012-11-14,107.18795776367188,80.87723541259766,167.13999938964844,23.249534606933594,18.545894622802734,73.62346649169922
2012-11-15,107.00660705566406,80.84013366699219,166.08999633789062,23.15653419494629,18.545894622802734,73.62346649169922
2012-11-16,107.53492736816406,80.89205932617188,165.8800048828125,23.25798797607422,18.579309463500977,73.62346649169922
2012-11-19,109.71135711669922,80.72884368896484,167.8699951171875,23.697616577148438,18.495769500732422,73.62346649169922
2012-11-20,109.7586669921875,80.39497375488281,167.38999938964844,23.5369815826416,18.487411499023438,73.6073989868164
2012-11-21,109.96367645263672,80.27632904052734,167.55999755859375,23.6384334564209,18.495769500732422,73.6073989868164
2012-11-23,111.46192169189453,80.23175811767578,169.61000061035156,23.722978591918945,18.32033348083496,73.6073989868164
2012-11-26,111.2253646850586,80.36530303955078,169.42999267578125,23.689163208007812,18.32868766784668,73.6073989868164
2012-11-27,110.6575927734375,80.55081939697266,168.7100067138672,23.65534019470215,18.38716697692871,73.6073989868164
2012-11-28,111.5486831665039,80.65461730957031,166.5500030517578,23.579252243041992,18.353750228881836,73.6073989868164
2012-11-29,112.0691146850586,80.73625183105469,167.17999267578125,23.739887237548828,18.32868766784668,73.6073989868164
2012-11-30,112.09276580810547,80.7214584350586,166.0500030517578,23.75679588317871,18.311981201171875,73.6073989868164
2012-12-03,111.54076385498047,80.68948364257812,166.1300048828125,23.815977096557617,18.25350570678711,73.6073989868164
2012-12-04,111.3830795288086,80.83064270019531,164.4199981689453,23.604616165161133,18.195022583007812,73.6073989868164
2012-12-05,111.58021545410156,80.89745330810547,164.1199951171875,23.579252243041992,18.23679542541504,73.6073989868164
2012-12-06,111.958740234375,80.94207763671875,164.5,23.367895126342773,18.337045669555664,73.6073989868164
2012-12-07,112.29779052734375,80.71178436279297,165.16000366210938,23.342533111572266,18.370458602905273,73.6073989868164
2012-12-10,112.34510803222656,80.78604125976562,165.8000030517578,23.291807174682617,18.345394134521484,73.6073989868164
2012-12-11,113.11000061035156,80.63011932373047,165.64999389648438,23.249534606933594,18.278564453125,73.6073989868164
2012-12-12,113.16522216796875,80.28833770751953,165.77000427246094,23.359439849853516,18.245147705078125,73.6073989868164
2012-12-13,112.4713134765625,80.13236236572266,164.3699951171875,23.148080825805664,18.261857986450195,73.6073989868164
2012-12-14,112.05332946777344,80.31060028076172,164.1300048828125,23.291807174682617,18.16996192932129,73.6073989868164
2012-12-17,113.37026977539062,79.8872299194336,164.44000244140625,23.2748966217041,18.16996192932129,73.6073989868164
2012-12-18,114.63191986083984,79.5751953125,162.0800018310547,23.334077835083008,18.11148452758789,73.62346649169922
2012-12-19,113.78028106689453,79.68657684326172,161.69000244140625,23.418622970581055,18.103132247924805,73.6073989868164
2012-12-20,114.43473815917969,79.73859405517578,159.72999572753906,23.308713912963867,18.086421966552734,73.6073989868164
2012-12-21,113.39602661132812,79.95406341552734,160.3300018310547,23.266443252563477,18.17831802368164,73.6073989868164
2012-12-24,113.04661560058594,79.87237548828125,160.6199951171875,23.19035530090332,18.17831802368164,73.6073989868164
2012-12-26,112.57015228271484,80.03675842285156,160.77999877929688,23.42707633972168,18.17831802368164,73.6073989868164
2012-12-27,112.4192123413086,80.20038604736328,161.16000366210938,23.42707633972168,18.17831802368164,73.6073989868164
2012-12-28,111.2042007446289,80.38639831542969,160.5399932861328,23.359439849853516,18.195022583007812,73.62346649169922
2012-12-31,113.09423065185547,79.9623794555664,162.02000427246094,23.486257553100586,18.22008514404297,73.6073989868164
2013-01-02,115.9928970336914,79.59786987304688,163.1699981689453,23.57080078125,18.228443145751953,73.6073989868164
2013-01-03,115.7308349609375,79.18869018554688,161.1999969482422,23.3763484954834,18.370458602905273,73.6073989868164
2013-01-04,116.23908996582031,79.2259292602539,160.44000244140625,23.2748966217041,18.370458602905273,73.62346649169922
2013-01-07,115.92140197753906,79.27050018310547,159.42999267578125,23.317169189453125,18.311981201171875,73.59130096435547
2013-01-08,115.58787536621094,79.46397399902344,160.55999755859375,23.3763484954834,18.337045669555664,73.59130096435547
2013-01-09,115.88169860839844,79.50856018066406,160.49000549316406,23.342533111572266,18.395523071289062,73.59130096435547
2013-01-10,116.80294799804688,79.27796173095703,161.97999572753906,23.42707633972168,18.211732864379883,73.59130096435547
2013-01-11,116.79496765136719,79.5308837890625,161.05999755859375,23.32562255859375,18.161605834960938,73.59130096435547
2013-01-14,116.71553802490234,79.50113677978516,161.5399932861328,23.477802276611328,18.136545181274414,73.59130096435547
2013-01-15,116.79496765136719,79.69457244873047,162.55999755859375,23.3763484954834,18.186670303344727,73.59130096435547
2013-01-16,116.77909088134766,79.79866790771484,162.64999389648438,23.401714324951172,18.203380584716797,73.59130096435547
2013-01-17,117.53353881835938,79.4341812133789,163.35000610351562,23.503164291381836,18.16996192932129,73.6073989868164
2013-01-18,117.79558563232422,79.65730285644531,163.08999633789062,23.65534019470215,18.25350570678711,73.59130096435547
2013-01-22,118.4309310913086,79.72429656982422,163.6699981689453,23.722978591918945,18.23679542541504,73.59130096435547
2013-01-23,118.62152099609375,79.7614974975586,163.2100067138672,23.74834442138672,18.23679542541504,73.59130096435547
2013-01-24,118.6533203125,79.62757873535156,161.4199981689453,23.731433868408203,18.23679542541504,73.6073989868164
2013-01-25,119.32035064697266,79.09942626953125,160.64999389648438,23.680706024169922,18.195022583007812,73.59130096435547
2013-01-28,119.17739868164062,78.93577575683594,160.2899932861328,23.672252655029297,18.203380584716797,73.59130096435547
2013-01-29,119.6459732055664,78.81675720214844,160.99000549316406,23.807523727416992,18.15325355529785,73.59130096435547
2013-01-30,119.17739868164062,78.86133575439453,162.19000244140625,24.078062057495117,18.07806968688965,73.59130096435547
2013-01-31,118.8835678100586,78.92829895019531,161.1999969482422,24.069608688354492,18.06136131286621,73.6073989868164
2013-02-01,120.10660552978516,78.66014862060547,161.4499969482422,24.162609100341797,18.044652938842773,73.59130096435547
2013-02-04,118.75650787353516,79.11454772949219,162.0,24.078062057495117,18.136545181274414,73.59130096435547
2013-02-05,119.95569610595703,78.83151245117188,161.9600067138672,24.17106056213379,18.128192901611328,73.6073989868164
2013-02-06,120.04304504394531,79.06987762451172,162.38999938964844,24.137243270874023,18.186670303344727,73.6073989868164
2013-02-07,119.88419342041016,79.10711669921875,161.83999633789062,24.044248580932617,18.286916732788086,73.6073989868164
2013-02-08,120.55130767822266,79.16668701171875,161.57000732421875,24.137243270874023,18.295272827148438,73.6073989868164
2013-02-11,120.52750396728516,79.08479309082031,159.6999969482422,24.05270004272461,18.311981201171875,73.6073989868164
2013-02-12,120.72601318359375,79.00281524658203,159.88999938964844,24.094970703125,18.27021026611328,73.6073989868164
2013-02-13,120.82929229736328,78.72718048095703,159.0500030517578,24.10342788696289,18.278564453125,73.59130096435547
2013-02-14,120.94042205810547,79.06244659423828,158.35000610351562,24.069608688354492,18.32868766784668,73.6073989868164
2013-02-15,120.79741668701172,78.98792266845703,155.75999450683594,23.968158721923828,18.345394134521484,73.59130096435547
2013-02-19,121.7027816772461,78.86127471923828,155.3300018310547,23.87515640258789,18.353750228881836,73.59130096435547
2013-02-20,120.18596649169922,79.0326156616211,151.44000244140625,23.604616165161133,18.487411499023438,73.6073989868164
2013-02-21,119.45538330078125,79.18907928466797,152.6199951171875,23.334077835083008,18.56260108947754,73.59130096435547
2013-02-22,120.62273406982422,79.285888671875,152.97000122070312,23.334077835083008,18.570955276489258,73.6073989868164
2013-02-25,118.32769012451172,79.89664459228516,154.33999633789062,23.224170684814453,18.64613914489746,73.59130096435547
2013-02-26,119.13771057128906,79.74767303466797,156.22000122070312,23.18189811706543,18.66284942626953,73.59130096435547
2013-02-27,120.63867950439453,79.71048736572266,154.57000732421875,23.03817367553711,18.587663650512695,73.6073989868164
2013-02-28,120.400390625,79.82221984863281,153.0,22.936723709106445,18.687911987304688,73.6073989868164
2013-03-01,120.79741668701172,80.02130126953125,152.44000244140625,22.776090621948242,18.746387481689453,73.6073989868164
2013-03-04,121.44071197509766,79.83494567871094,152.3000030517578,22.691545486450195,18.738035202026367,73.59130096435547
2013-03-05,122.5287094116211,79.75283813476562,152.3800048828125,22.902904510498047,18.71297264099121,73.6073989868164
2013-03-06,122.69548034667969,79.49927520751953,153.22999572753906,22.776090621948242,18.788158416748047,73.59130096435547
2013-03-07,122.91786193847656,79.19351196289062,152.69000244140625,22.928268432617188,18.704620361328125,73.6073989868164
2013-03-08,123.44193267822266,78.79077911376953,152.7100067138672,22.99590492248535,18.846637725830078,73.59130096435547
2013-03-11,123.9104995727539,78.82810974121094,152.99000549316406,23.0128116607666,18.804866790771484,73.6073989868164
2013-03-12,123.63256072998047,79.04436492919922,154.19000244140625,23.06353759765625,18.796512603759766,73.59130096435547
2013-03-13,123.80725860595703,78.97722625732422,153.66000366210938,22.945175170898438,18.8716983795166,73.6073989868164
2013-03-14,124.46641540527344,78.99964141845703,153.67999267578125,23.11426544189453,18.796512603759766,73.6073989868164
2013-03-15,124.30213928222656,79.27552032470703,154.0,23.16499137878418,18.71297264099121,73.6073989868164
2013-03-18,123.6161117553711,79.53656005859375,155.3800048828125,23.02971839904785,18.829931259155273,73.59130096435547
2013-03-19,123.32892608642578,79.78267669677734,156.0800018310547,22.860633850097656,18.88840675354004,73.59130096435547
2013-03-20,124.19039916992188,79.47692108154297,155.3699951171875,23.021265029907227,18.846637725830078,73.59130096435547
2013-03-21,123.12947082519531,79.68563079833984,156.25,22.91981315612793,18.846637725830078,73.59130096435547
2013-03-22,124.11863708496094,79.71554565429688,155.5500030517578,22.962085723876953,18.72968101501465,73.6073989868164
2013-03-25,123.60011291503906,79.77525329589844,155.24000549316406,22.978992462158203,18.863346099853516,73.59130096435547
2013-03-26,124.58927917480469,79.85723876953125,154.72000122070312,23.19035530090332,18.854991912841797,73.6073989868164
2013-03-27,124.58927917480469,80.20030975341797,155.36000061035156,23.308713912963867,18.93017578125,73.59130096435547
2013-03-28,124.97215270996094,80.0511245727539,154.4499969482422,23.088899612426758,18.880056381225586,73.6073989868164
2013-04-01,124.4776382446289,80.26396179199219,154.6699981689453,23.088899612426758,18.813220977783203,73.59130096435547
2013-04-02,125.09178924560547,80.10712432861328,152.42999267578125,22.978992462158203,18.854991912841797,73.6073989868164
2013-04-03,123.82350158691406,80.44320678710938,150.72999572753906,22.590091705322266,18.813220977783203,73.59130096435547
2013-04-04,124.32604217529297,80.76435089111328,150.2899932861328,22.564729690551758,18.788158416748047,73.59130096435547
2013-04-05,123.76764678955078,81.01820373535156,152.80999755859375,22.547821044921875,18.754743576049805,73.6073989868164
2013-04-08,124.6052017211914,80.75682067871094,152.16000366210938,22.615455627441406,18.804866790771484,73.6073989868164
2013-04-09,125.03599548339844,80.78672790527344,153.33999633789062,22.759180068969727,18.72132682800293,73.6073989868164
2013-04-10,126.5675277709961,80.45067596435547,150.75,22.708454132080078,18.738035202026367,73.6073989868164
2013-04-11,126.98231506347656,80.540283203125,151.0500030517578,22.615455627441406,18.687911987304688,73.59130096435547
2013-04-12,126.67117309570312,80.98834991455078,143.9499969482422,22.336462020874023,18.66284942626953,73.6073989868164
2013-04-15,123.73573303222656,81.16761016845703,131.30999755859375,21.66856575012207,18.72132682800293,73.6073989868164
2013-04-16,125.56246185302734,80.93609619140625,132.8000030517578,21.896833419799805,18.570955276489258,73.6073989868164
2013-04-17,123.72776794433594,81.08537292480469,132.8699951171875,21.57556915283203,18.771448135375977,73.6073989868164
2013-04-18,122.95404052734375,81.13028717041016,134.3000030517578,21.8038330078125,18.76309585571289,73.59130096435547
2013-04-19,124.02291107177734,81.08537292480469,135.47000122070312,21.753108978271484,18.796512603759766,73.6073989868164
2013-04-22,124.57330322265625,81.13028717041016,137.89999389648438,21.820743560791016,18.788158416748047,73.6073989868164
2013-04-23,125.85765075683594,81.07797241210938,136.8800048828125,21.68547248840332,18.854991912841797,73.6073989868164
2013-04-24,125.93736267089844,81.1153335571289,138.3699951171875,21.922195434570312,18.846637725830078,73.6073989868164
2013-04-25,126.44781494140625,81.02570343017578,141.6300048828125,22.209646224975586,18.804866790771484,73.59130096435547
2013-04-26,126.22455596923828,81.31693267822266,140.91000366210938,22.08283233642578,18.72132682800293,73.59130096435547
2013-04-29,127.0700454711914,81.28702545166016,142.3000030517578,22.378732681274414,18.637784957885742,73.59130096435547
2013-04-30,127.37313079833984,81.27217102050781,142.77000427246094,22.209646224975586,18.545894622802734,73.59130096435547
2013-05-01,126.25639343261719,81.53759002685547,141.11000061035156,21.81229019165039,18.529184341430664,73.59130096435547
2013-05-02,127.42896270751953,81.53759002685547,141.9199981689453,22.091283798217773,18.654495239257812,73.6073989868164
2013-05-03,128.7212371826172,80.84223937988281,142.08999633789062,22.336462020874023,18.64613914489746,73.59130096435547
2013-05-06,129.04823303222656,80.737548828125,142.14999389648438,22.361825942993164,18.687911987304688,73.59130096435547
2013-05-07,129.7024383544922,80.62538146972656,140.3800048828125,22.285737991333008,18.687911987304688,73.59130096435547
2013-05-08,130.29269409179688,80.72257232666016,142.4600067138672,22.387187957763672,18.604372024536133,73.6073989868164
2013-05-09,129.9257354736328,80.70761108398438,140.80999755859375,22.378732681274414,18.779802322387695,73.6073989868164
2013-05-10,130.34852600097656,80.25152587890625,139.60000610351562,22.277280807495117,18.880056381225586,73.59130096435547
2013-05-13,130.45220947265625,80.10944366455078,138.42999267578125,22.175827026367188,18.913467407226562,73.6073989868164
2013-05-14,131.8002471923828,79.78795623779297,137.80999755859375,22.0997371673584,18.98865509033203,73.59130096435547
2013-05-15,132.51022338867188,79.99730682373047,134.6300048828125,22.049013137817383,19.038780212402344,73.59130096435547
2013-05-16,131.88796997070312,80.37860870361328,134.08999633789062,22.023649215698242,19.030424118041992,73.59130096435547
2013-05-17,133.16433715820312,79.94491577148438,131.07000732421875,22.13355827331543,19.147382736206055,73.6073989868164
2013-05-20,133.1562957763672,79.8851089477539,135.1199951171875,22.277280807495117,19.030424118041992,73.59130096435547
2013-05-21,133.3477783203125,80.09447479248047,132.8800048828125,22.15046501159668,19.038780212402344,73.6073989868164
2013-05-22,132.3585968017578,79.458984375,131.94000244140625,22.049013137817383,19.1223201751709,73.6073989868164
2013-05-23,131.97576904296875,79.54122924804688,134.61000061035156,22.15046501159668,18.997011184692383,73.6073989868164
2013-05-24,131.8640594482422,79.57107543945312,133.75999450683594,22.065921783447266,18.971946716308594,73.6073989868164
2013-05-28,132.65380859375,78.6364517211914,133.49000549316406,22.26882553100586,19.10561180114746,73.59130096435547
2013-05-29,131.79226684570312,78.9580078125,134.8300018310547,22.12510108947754,18.96359634399414,73.6073989868164
2013-05-30,132.27886962890625,78.9654312133789,136.6999969482422,22.12510108947754,18.838285446166992,73.59130096435547
2013-05-31,130.3804473876953,78.7486343383789,133.9199981689453,21.863014221191406,18.88840675354004,73.6073989868164
2013-06-03,131.09829711914062,78.86243438720703,136.50999450683594,22.13355827331543,18.754743576049805,73.6073989868164
2013-06-04,130.4681854248047,78.66028594970703,135.22999572753906,22.21809959411621,18.76309585571289,73.6073989868164
2013-06-05,128.64146423339844,79.04206848144531,135.52000427246094,22.116647720336914,18.72968101501465,73.6073989868164
2013-06-06,129.80606079101562,79.13944244384766,136.52999877929688,22.201190948486328,18.487411499023438,73.59130096435547
2013-06-07,131.45729064941406,78.52552795410156,133.27999877929688,22.251916885375977,18.512475967407227,73.6073989868164
2013-06-10,131.45729064941406,78.33084869384766,133.94000244140625,22.167373657226562,18.520832061767578,73.59130096435547
2013-06-11,130.10122680664062,78.52552795410156,133.25,21.97292137145996,18.362106323242188,73.6073989868164
2013-06-12,129.02438354492188,78.1736068725586,134.25,21.998287200927734,18.353750228881836,73.59130096435547
2013-06-13,130.98663330078125,78.76509094238281,133.74000549316406,22.142011642456055,18.295272827148438,73.6073989868164
2013-06-14,130.16502380371094,78.86997985839844,134.42999267578125,22.235008239746094,18.278564453125,73.59130096435547
2013-06-17,131.17005920410156,78.68274688720703,133.77000427246094,22.285737991333008,18.245147705078125,73.59130096435547
2013-06-18,132.2071075439453,78.6378402709961,132.1300048828125,22.328006744384766,18.261857986450195,73.59130096435547
2013-06-19,130.3804473876953,77.55962371826172,130.58999633789062,22.361825942993164,18.42893409729004,73.59130096435547
2013-06-20,127.14979553222656,77.20775604248047,123.5999984741211,21.634750366210938,18.537538528442383,73.59130096435547
2013-06-21,127.55797576904297,76.39164733886719,125.05000305175781,21.499479293823242,18.66284942626953,73.6073989868164
2013-06-24,125.9461898803711,76.2044448852539,123.93000030517578,21.406478881835938,18.67955780029297,73.6073989868164
2013-06-25,127.15704345703125,76.1146469116211,123.47000122070312,21.42338752746582,18.71297264099121,73.6073989868164
2013-06-26,128.41600036621094,76.42156982421875,118.27999877929688,21.364208221435547,18.813220977783203,73.6073989868164
2013-06-27,129.16981506347656,76.83340454101562,115.94000244140625,21.355754852294922,18.804866790771484,73.59130096435547
2013-06-28,128.64051818847656,76.7435073852539,119.11000061035156,21.245845794677734,18.846637725830078,73.59130096435547
2013-07-01,129.3943634033203,76.77279663085938,121.12999725341797,21.381118774414062,18.804866790771484,73.6073989868164
2013-07-02,129.2740020751953,76.80278015136719,120.05000305175781,21.465660095214844,18.93017578125,73.59130096435547
2013-07-03,129.33013916015625,76.6528549194336,120.73999786376953,21.660112380981445,18.854991912841797,73.6073989868164
2013-07-05,130.72547912597656,75.36332702636719,118.08999633789062,21.609386444091797,19.130674362182617,73.6073989868164
2013-07-08,131.47122192382812,75.8056411743164,119.51000213623047,21.71929359436035,19.080551147460938,73.57526397705078
2013-07-09,132.41748046875,75.9331283569336,120.62000274658203,21.85456085205078,19.155733108520508,73.57526397705078
2013-07-10,132.46560668945312,75.6632080078125,120.94999694824219,21.922195434570312,19.030424118041992,73.57526397705078
2013-07-11,134.26991271972656,76.42040252685547,124.23999786376953,22.0321044921875,18.72968101501465,73.57526397705078
2013-07-12,134.3260040283203,76.36045837402344,124.12999725341797,22.116647720336914,18.771448135375977,73.57526397705078
2013-07-15,134.8392333984375,76.60040283203125,124.18000030517578,22.05746841430664,18.788158416748047,73.57526397705078
2013-07-16,134.333984375,76.63783264160156,124.88999938964844,22.08283233642578,18.654495239257812,73.57526397705078
2013-07-17,134.67881774902344,76.97522735595703,123.31999969482422,22.065921783447266,18.696266174316406,73.57526397705078
2013-07-18,135.41656494140625,76.61531829833984,124.01000213623047,22.158918380737305,18.72968101501465,73.59130096435547
2013-07-19,135.65716552734375,77.03515625,125.11000061035156,22.175827026367188,18.67955780029297,73.59130096435547
2013-07-22,135.9217987060547,77.02771759033203,128.83999633789062,22.158918380737305,18.596017837524414,73.59130096435547
2013-07-23,135.6331329345703,76.93775939941406,129.7100067138672,22.192737579345703,18.537538528442383,73.59130096435547
2013-07-24,135.13589477539062,76.42040252685547,127.4800033569336,22.01519775390625,18.604372024536133,73.6073989868164
2013-07-25,135.4646759033203,76.53289794921875,128.6699981689453,21.989831924438477,18.479061126708984,73.57526397705078
2013-07-26,135.60903930664062,76.60040283203125,128.77999877929688,21.85456085205078,18.46235466003418,73.57526397705078
2013-07-29,135.1920166015625,76.44292449951172,128.47000122070312,21.846107482910156,18.46235466003418,73.59130096435547
2013-07-30,135.1920166015625,76.42040252685547,128.1199951171875,21.770017623901367,18.50412368774414,73.57526397705078
2013-07-31,135.2882537841797,76.4729232788086,127.95999908447266,21.922195434570312,18.453998565673828,73.59130096435547
2013-08-01,136.8519744873047,75.79798126220703,126.61000061035156,21.97292137145996,18.612722396850586,73.57526397705078
2013-08-02,137.08453369140625,76.44358825683594,126.36000061035156,21.888378143310547,18.512475967407227,73.59130096435547
2013-08-05,136.88401794433594,76.20340728759766,125.69999694824219,21.778472900390625,18.487411499023438,73.59130096435547
2013-08-06,136.10621643066406,76.22587585449219,123.97000122070312,21.60093116760254,18.437294006347656,73.59130096435547
2013-08-07,135.6651611328125,76.50367736816406,124.1500015258789,21.45720863342285,18.362106323242188,73.57526397705078
2013-08-08,136.162353515625,76.61630249023438,126.86000061035156,21.567113876342773,18.303627014160156,73.57526397705078
2013-08-09,135.76943969726562,76.6688232421875,126.86000061035156,21.71929359436035,18.32033348083496,73.59130096435547
2013-08-12,135.60903930664062,76.5186996459961,129.1300048828125,21.98137664794922,18.370458602905273,73.59130096435547
2013-08-13,136.00994873046875,75.82797241210938,127.73999786376953,21.97292137145996,18.46235466003418,73.59130096435547
2013-08-14,135.3123016357422,75.89559173583984,129.0,22.15046501159668,18.453998565673828,73.59130096435547
2013-08-15,133.4198455810547,75.47506713867188,131.69000244140625,22.361825942993164,18.32868766784668,73.59130096435547
2013-08-16,132.97879028320312,75.18228912353516,132.5800018310547,22.37027931213379,18.362106323242188,73.59130096435547
2013-08-19,132.1288299560547,74.85948944091797,132.00999450683594,22.34491729736328,18.353750228881836,73.57526397705078
2013-08-20,132.77835083007812,75.26490783691406,132.4499969482422,22.302642822265625,18.27021026611328,73.59130096435547
2013-08-21,131.96043395996094,74.7919692993164,132.07000732421875,22.277280807495117,18.362106323242188,73.59130096435547
2013-08-22,133.1632537841797,74.76188659667969,132.80999755859375,22.285737991333008,18.403873443603516,73.57526397705078
2013-08-23,133.6123046875,75.18228912353516,134.89999389648438,22.46327781677246,18.370458602905273,73.59130096435547
2013-08-26,133.11512756347656,75.33247375488281,135.4499969482422,22.590091705322266,18.370458602905273,73.57526397705078
2013-08-27,130.97409057617188,75.7603988647461,136.75,22.809906005859375,18.311981201171875,73.57526397705078
2013-08-28,131.4391326904297,75.45259857177734,136.7100067138672,22.843725204467773,18.38716697692871,73.57526397705078
2013-08-29,131.6476287841797,75.52765655517578,135.8699951171875,22.60700035095215,18.512475967407227,73.59130096435547
2013-08-30,131.23069763183594,75.3850326538086,134.6199951171875,22.539365768432617,18.537538528442383,73.59130096435547
2013-09-03,131.82406616210938,74.95716857910156,136.4199981689453,22.65772819519043,18.596017837524414,73.59130096435547
2013-09-04,132.91468811035156,74.7090835571289,134.66000366210938,22.46327781677246,18.529184341430664,73.59130096435547
2013-09-05,133.08302307128906,74.13763427734375,132.1999969482422,22.412551879882812,18.654495239257812,73.59130096435547
2013-09-06,133.14720153808594,74.58878326416016,134.14999389648438,22.539365768432617,18.545894622802734,73.59130096435547
2013-09-09,134.42221069335938,74.73912048339844,133.91000366210938,22.39564323425293,18.453998565673828,73.55919647216797
2013-09-10,135.41656494140625,74.3932876586914,131.74000549316406,22.192737579345703,18.453998565673828,73.57526397705078
2013-09-11,135.84158325195312,74.76921844482422,131.6999969482422,22.22655487060547,18.38716697692871,73.57526397705078
2013-09-12,135.48077392578125,74.77674102783203,127.66999816894531,22.336462020874023,18.38716697692871,73.57526397705078
2013-09-13,135.78543090820312,74.87448120117188,127.81999969482422,22.26882553100586,18.370458602905273,73.59130096435547
2013-09-16,136.57125854492188,75.03987884521484,126.44999694824219,21.989831924438477,18.32868766784668,73.57526397705078
2013-09-17,137.18077087402344,75.1902847290039,126.5,21.761564254760742,18.295272827148438,73.57526397705078
2013-09-18,138.76852416992188,76.12264251708984,132.00999450683594,22.235008239746094,18.086421966552734,73.59130096435547
2013-09-19,138.5359649658203,75.85942840576172,131.75,22.15046501159668,18.11148452758789,73.59130096435547
2013-09-20,137.5673828125,75.9346694946289,127.95999908447266,21.94755744934082,18.11983871459961,73.57526397705078
2013-09-23,136.93081665039062,76.22038269042969,127.55000305175781,21.786928176879883,18.128192901611328,73.57526397705078
2013-09-24,136.60850524902344,76.49858856201172,127.66000366210938,21.778472900390625,18.161605834960938,73.57526397705078
2013-09-25,136.21363830566406,76.70916748046875,128.7899932861328,21.81229019165039,18.103132247924805,73.57526397705078
2013-09-26,136.73739624023438,76.54371643066406,127.79000091552734,21.98137664794922,18.144899368286133,73.57526397705078
2013-09-27,136.10888671875,76.64897918701172,128.97000122070312,21.871471405029297,18.07806968688965,73.57526397705078
2013-09-30,135.3836212158203,76.77680969238281,128.17999267578125,21.778472900390625,18.069713592529297,73.57526397705078
2013-10-01,136.4553680419922,76.60587310791016,124.58999633789062,21.634750366210938,18.053007125854492,73.59130096435547
2013-10-02,136.326416015625,76.7339096069336,127.05999755859375,21.846107482910156,17.986173629760742,73.59130096435547
2013-10-03,135.0693359375,76.83927154541016,127.18000030517578,21.81229019165039,17.969467163085938,73.59130096435547
2013-10-04,136.09275817871094,76.6284408569336,126.52999877929688,21.87992286682129,18.053007125854492,73.59130096435547
2013-10-07,134.916259765625,76.69625091552734,127.63999938964844,22.0321044921875,18.00288200378418,73.59130096435547
2013-10-08,133.3449249267578,76.65858459472656,127.4000015258789,22.10819435119629,18.0112361907959,73.59130096435547
2013-10-09,133.44166564941406,76.52301788330078,126.11000061035156,21.94755744934082,18.094776153564453,73.57526397705078
2013-10-10,136.3184356689453,76.35739135742188,124.2699966430664,22.22655487060547,18.128192901611328,73.55919647216797
2013-10-11,137.1967315673828,76.47036743164062,122.5999984741211,22.10819435119629,18.094776153564453,73.54315948486328
2013-10-14,137.7447052001953,76.21428680419922,122.83000183105469,22.0997371673584,18.06136131286621,73.54315948486328
2013-10-15,136.74545288085938,76.22937774658203,123.7300033569336,22.023649215698242,18.128192901611328,73.54315948486328
2013-10-16,138.6552276611328,76.59835815429688,123.54000091552734,22.192737579345703,18.11983871459961,73.55919647216797
2013-10-17,139.5818634033203,77.03507232666016,127.41999816894531,22.074377059936523,17.91934585571289,73.55919647216797
2013-10-18,140.52467346191406,77.0426025390625,126.8499984741211,22.201190948486328,17.91934585571289,73.57526397705078
2013-10-21,140.53274536132812,76.98993682861328,126.9800033569336,22.15046501159668,17.936052322387695,73.57526397705078
2013-10-22,141.34666442871094,77.52455139160156,129.33999633789062,22.12510108947754,17.83580207824707,73.57526397705078
2013-10-23,140.6697540283203,77.66010284423828,128.69000244140625,21.786928176879883,17.84415626525879,73.57526397705078
2013-10-24,141.1371307373047,77.50201416015625,129.89999389648438,21.795381546020508,17.819095611572266,73.55919647216797
2013-10-25,141.78179931640625,77.63756561279297,130.4600067138672,21.863014221191406,17.82744789123535,73.57526397705078
2013-10-28,142.0074005126953,77.56221771240234,130.55999755859375,21.94755744934082,17.860862731933594,73.57526397705078
2013-10-29,142.7648162841797,77.66761779785156,129.77000427246094,21.888378143310547,17.91098976135254,73.55919647216797
2013-10-30,142.05569458007812,77.46436309814453,129.60000610351562,21.956012725830078,17.944406509399414,73.55919647216797
2013-10-31,141.65284729003906,77.37394714355469,127.73999786376953,21.770017623901367,18.069713592529297,73.55919647216797
2013-11-01,141.99127197265625,76.94480895996094,126.94999694824219,21.499479293823242,18.16996192932129,73.55919647216797
2013-11-04,142.49085998535156,77.09568786621094,126.80999755859375,21.406478881835938,18.11983871459961,73.55919647216797
2013-11-05,142.03961181640625,76.74869537353516,126.55999755859375,21.34729766845703,18.161605834960938,73.55919647216797
2013-11-06,142.7648162841797,76.98249816894531,127.19999694824219,21.364208221435547,18.103132247924805,73.57526397705078
2013-11-07,140.9598388671875,77.18621826171875,126.16000366210938,21.2120304107666,18.186670303344727,73.55919647216797
2013-11-08,142.86151123046875,76.31884765625,124.27999877929688,21.33039093017578,18.295272827148438,73.55919647216797
2013-11-11,142.88571166992188,76.28114318847656,123.87000274658203,21.42338752746582,18.245147705078125,73.57526397705078
2013-11-12,142.59568786621094,76.21321105957031,122.44999694824219,21.279664993286133,18.25350570678711,73.57526397705078
2013-11-13,143.73988342285156,76.5300064086914,122.8499984741211,21.372663497924805,18.211732864379883,73.57526397705078
2013-11-14,144.45709228515625,76.89957427978516,124.2699966430664,21.465660095214844,18.211732864379883,73.55919647216797
2013-11-15,145.08560180664062,76.8392105102539,124.31999969482422,21.43184471130371,18.17831802368164,73.55919647216797
2013-11-18,144.57789611816406,77.11076354980469,122.9000015258789,21.288118362426758,18.15325355529785,73.55919647216797
2013-11-19,144.26370239257812,76.82415008544922,122.94999694824219,21.254301071166992,18.144899368286133,73.55919647216797
2013-11-20,143.81236267089844,76.40180969238281,120.12000274658203,21.271209716796875,18.228443145751953,73.55919647216797
2013-11-21,144.97276306152344,76.46961975097656,119.94000244140625,21.541749954223633,18.228443145751953,73.57526397705078
2013-11-22,145.69801330566406,76.68842315673828,119.91999816894531,21.609386444091797,18.15325355529785,73.55919647216797
2013-11-25,145.55294799804688,76.74869537353516,120.45999908447266,21.584022521972656,18.17831802368164,73.55919647216797
2013-11-26,145.5932159423828,76.91464233398438,119.81999969482422,21.57556915283203,18.11983871459961,73.55919647216797
2013-11-27,145.94775390625,76.74121856689453,119.45999908447266,21.57556915283203,18.144899368286133,73.57526397705078
2013-11-29,145.85105895996094,76.6959457397461,120.69999694824219,21.567113876342773,18.128192901611328,73.54315948486328
2013-12-02,145.47239685058594,76.36660766601562,117.58000183105469,21.541749954223633,18.186670303344727,73.55919647216797
2013-12-03,144.84385681152344,76.50257110595703,117.95999908447266,21.66856575012207,18.128192901611328,73.57526397705078
2013-12-04,144.8277130126953,76.15501403808594,119.95999908447266,21.71083641052246,18.11983871459961,73.57526397705078
2013-12-05,144.19114685058594,75.96620178222656,118.30000305175781,21.68547248840332,18.02794075012207,73.57526397705078
2013-12-06,145.802734375,76.03413391113281,118.55000305175781,21.761564254760742,18.02794075012207,73.57526397705078
2013-12-09,146.17337036132812,76.12483215332031,119.72000122070312,21.68547248840332,18.0112361907959,73.57526397705078
2013-12-10,145.64962768554688,76.44212341308594,121.81999969482422,21.753108978271484,17.96111297607422,73.55919647216797
2013-12-11,144.01382446289062,76.14749145507812,120.86000061035156,21.753108978271484,17.9527587890625,73.57526397705078
2013-12-12,143.53843688964844,75.92843627929688,118.29000091552734,21.55020523071289,18.019590377807617,73.57526397705078
2013-12-13,143.52232360839844,76.04169464111328,119.37999725341797,21.465660095214844,18.02794075012207,73.57526397705078
2013-12-16,144.41676330566406,76.0039291381836,119.69000244140625,21.533296585083008,17.994529724121094,73.55919647216797
2013-12-17,143.95750427246094,76.2457275390625,118.6500015258789,21.43184471130371,17.994529724121094,73.55919647216797
2013-12-18,146.41510009765625,75.95862579345703,117.61000061035156,21.4741153717041,18.069713592529297,73.57526397705078
2013-12-19,146.24595642089844,75.64131927490234,114.81999969482422,21.524839401245117,18.11148452758789,73.57526397705078
2013-12-20,147.09661865234375,75.87552642822266,115.94000244140625,21.693927764892578,18.094776153564453,73.55919647216797
2013-12-23,147.88253784179688,75.63375854492188,115.56999969482422,21.693927764892578,18.06136131286621,73.55919647216797
2013-12-24,148.20655822753906,75.33916473388672,116.0999984741211,21.761564254760742,18.07806968688965,73.55919647216797
2013-12-26,148.9600830078125,75.27410125732422,116.73999786376953,21.795381546020508,18.069713592529297,73.55919647216797
2013-12-27,148.95193481445312,75.22863006591797,117.12000274658203,21.85456085205078,18.036298751831055,73.57526397705078
2013-12-30,148.92767333984375,75.43299102783203,115.38999938964844,21.727746963500977,17.9527587890625,73.57526397705078
2013-12-31,149.6325225830078,75.09245300292969,116.12000274658203,21.693927764892578,17.977821350097656,73.54315948486328
2014-01-02,148.198486328125,75.3875961303711,118.0,21.381118774414062,18.086421966552734,73.54315948486328
2014-01-03,148.1741943359375,75.3421859741211,119.29000091552734,21.245845794677734,18.161605834960938,73.55919647216797
2014-01-06,147.74478149414062,75.55404663085938,119.5,21.271209716796875,18.11148452758789,73.54315948486328
2014-01-07,148.6521759033203,75.67514038085938,118.81999969482422,21.254301071166992,18.161605834960938,73.55919647216797
2014-01-08,148.68460083007812,75.30436706542969,118.12000274658203,21.051395416259766,18.195022583007812,73.55919647216797
2014-01-09,148.78182983398438,75.50109100341797,118.45999908447266,20.88231086730957,18.17831802368164,73.54315948486328
2014-01-10,149.18682861328125,76.13664245605469,120.26000213623047,21.017580032348633,18.103132247924805,73.55919647216797
2014-01-13,147.2019500732422,76.35615539550781,121.0199966430664,21.009122848510742,18.06136131286621,73.55919647216797
2014-01-14,148.80613708496094,76.06855773925781,119.88999938964844,21.009122848510742,18.094776153564453,73.55919647216797
2014-01-15,149.60821533203125,76.0005111694336,119.66000366210938,21.068302154541016,18.17831802368164,73.55919647216797
2014-01-16,149.41375732421875,76.2123794555664,119.79000091552734,21.034486770629883,18.161605834960938,73.55919647216797
2014-01-17,148.78182983398438,76.39395904541016,120.93000030517578,21.059850692749023,18.228443145751953,73.54315948486328
2014-01-21,149.21934509277344,76.31072998046875,119.69999694824219,21.11057472229004,18.195022583007812,73.55919647216797
2014-01-22,149.31649780273438,76.098876953125,119.19000244140625,21.2120304107666,18.22008514404297,73.55919647216797
2014-01-23,148.0931396484375,76.61338806152344,121.79000091552734,21.19512176513672,18.036298751831055,73.55919647216797
2014-01-24,144.9334259033203,76.92366790771484,122.29000091552734,21.203575134277344,18.06136131286621,73.54315948486328
2014-01-27,144.2205352783203,76.6890869140625,120.95999908447266,21.059850692749023,18.06136131286621,73.54315948486328
2014-01-28,145.0792694091797,76.80254364013672,120.94999694824219,21.161306381225586,18.069713592529297,73.54315948486328
2014-01-29,143.685791015625,77.1657943725586,122.47000122070312,21.144393920898438,18.069713592529297,73.55919647216797
2014-01-30,145.2089385986328,77.09007263183594,119.7699966430664,21.059850692749023,18.186670303344727,73.55919647216797
2014-01-31,144.35821533203125,77.39280700683594,120.08999633789062,21.034486770629883,18.23679542541504,73.54315948486328
2014-02-03,141.109375,77.81346893310547,121.31999969482422,21.034486770629883,18.17831802368164,73.54315948486328
2014-02-04,142.09779357910156,77.57845306396484,120.98999786376953,21.19512176513672,18.195022583007812,73.55919647216797
2014-02-05,141.91958618164062,77.29804229736328,121.29000091552734,21.237394332885742,18.16996192932129,73.54315948486328
2014-02-06,143.7910614013672,77.15399932861328,121.23999786376953,21.321935653686523,18.144899368286133,73.54315948486328
2014-02-07,145.57345581054688,77.35865783691406,122.16999816894531,21.567113876342773,18.086421966552734,73.55919647216797
2014-02-10,145.8408203125,77.39659118652344,122.91999816894531,21.448753356933594,18.069713592529297,73.54315948486328
2014-02-11,147.4368896484375,77.0555191040039,124.36000061035156,21.55866050720215,18.069713592529297,73.54315948486328
2014-02-12,147.50982666015625,76.87355041503906,124.43000030517578,21.60093116760254,18.086421966552734,73.55919647216797
2014-02-13,148.2714080810547,77.2374267578125,125.48999786376953,21.71929359436035,17.986173629760742,73.55919647216797
2014-02-14,149.08973693847656,77.18435668945312,127.1500015258789,21.795381546020508,17.9527587890625,73.55919647216797
2014-02-18,149.26792907714844,77.37381744384766,127.4000015258789,22.10819435119629,17.91934585571289,73.54315948486328
2014-02-19,148.27951049804688,77.22220611572266,126.2699966430664,22.167373657226562,17.969467163085938,73.55919647216797
2014-02-20,149.15447998046875,77.13887023925781,127.5999984741211,22.209646224975586,17.994529724121094,73.55919647216797
2014-02-21,148.98435974121094,77.2374267578125,127.58000183105469,22.15046501159668,17.977821350097656,73.54315948486328
2014-02-24,149.81076049804688,77.16161346435547,128.99000549316406,22.24346160888672,17.969467163085938,73.55919647216797
2014-02-25,149.75401306152344,77.42688751220703,129.2100067138672,22.142011642456055,17.944406509399414,73.55919647216797
2014-02-26,149.7621307373047,77.65428924560547,128.11000061035156,22.08283233642578,18.0112361907959,73.55919647216797
2014-02-27,150.5479736328125,77.74522399902344,128.1999969482422,22.01519775390625,17.977821350097656,73.54315948486328
2014-02-28,150.92877197265625,77.66943359375,127.62000274658203,22.091283798217773,17.860862731933594,73.55919647216797
2014-03-03,149.867431640625,78.05358123779297,130.2899932861328,22.39564323425293,17.92769432067871,73.55919647216797
2014-03-04,151.97389221191406,77.45384979248047,128.67999267578125,22.311100006103516,17.944406509399414,73.54315948486328
2014-03-05,152.11166381835938,77.5373306274414,128.88999938964844,22.12510108947754,17.936052322387695,73.55919647216797
2014-03-06,152.4600067138672,77.20332336425781,130.1699981689453,22.328006744384766,17.83580207824707,73.55919647216797
2014-03-07,152.5248565673828,76.86920928955078,129.08999633789062,22.22655487060547,17.85251235961914,73.54315948486328
2014-03-10,152.44381713867188,76.95277404785156,129.1300048828125,22.040557861328125,17.860862731933594,73.54315948486328
2014-03-11,151.6903839111328,77.0286865234375,129.86000061035156,22.049013137817383,17.860862731933594,73.54315948486328
2014-03-12,151.73089599609375,77.3323745727539,131.75999450683594,21.989831924438477,17.81074333190918,73.54315948486328
2014-03-13,150.0294647216797,77.7878646850586,132.2100067138672,21.888378143310547,17.819095611572266,73.54315948486328
2014-03-14,149.60821533203125,77.79545593261719,133.10000610351562,22.006742477416992,17.777326583862305,73.54315948486328
2014-03-17,150.961181640625,77.48417663574219,131.63999938964844,21.761564254760742,17.760616302490234,73.54315948486328
2014-03-18,152.03872680664062,77.67398834228516,130.6199951171875,21.871471405029297,17.768970489501953,73.54315948486328
2014-03-19,151.22854614257812,76.95277404785156,128.08999633789062,21.863014221191406,17.90263557434082,73.55919647216797
2014-03-20,152.11166381835938,76.96794128417969,127.86000061035156,21.761564254760742,17.96111297607422,73.54315948486328
2014-03-21,151.5216064453125,77.11222839355469,128.47000122070312,21.778472900390625,17.936052322387695,73.55919647216797
2014-03-24,150.89505004882812,77.1425552368164,126.18000030517578,21.770017623901367,17.885923385620117,73.55919647216797
2014-03-25,151.61117553710938,77.09700012207031,126.41000366210938,21.913742065429688,17.89427947998047,73.55919647216797
2014-03-26,150.52078247070312,77.42349243164062,125.41000366210938,21.896833419799805,17.89427947998047,73.54315948486328
2014-03-27,150.20338439941406,77.49930572509766,124.58999633789062,22.091283798217773,17.944406509399414,73.54315948486328
2014-03-28,150.9438934326172,77.22603607177734,124.55999755859375,22.0997371673584,17.944406509399414,73.54315948486328
2014-03-31,152.1808319091797,77.23369598388672,123.61000061035156,22.08283233642578,17.92769432067871,73.54315948486328
2014-04-01,153.1898956298828,77.07392120361328,123.38999938964844,21.81229019165039,17.92769432067871,73.54315948486328
2014-04-02,153.70254516601562,76.7392807006836,124.31999969482422,21.761564254760742,17.96111297607422,73.54315948486328
2014-04-03,153.49911499023438,76.79248809814453,123.91999816894531,21.939105987548828,18.0112361907959,73.55919647216797
2014-04-04,151.68443298339844,77.26407623291016,125.56999969482422,22.040557861328125,17.994529724121094,73.54315948486328
2014-04-07,150.008056640625,77.44660949707031,124.91000366210938,21.989831924438477,17.9527587890625,73.54315948486328
2014-04-08,150.6265411376953,77.55308532714844,126.08999633789062,22.24346160888672,17.83580207824707,73.54315948486328
2014-04-09,152.2458953857422,77.53028869628906,126.31999969482422,22.302642822265625,17.768970489501953,73.54315948486328
2014-04-10,149.04783630371094,77.85739135742188,127.01000213623047,22.311100006103516,17.760616302490234,73.54315948486328
2014-04-11,147.70518493652344,78.01710510253906,126.93000030517578,22.209646224975586,17.768970489501953,73.54315948486328
2014-04-14,148.86878967285156,77.89543914794922,127.8499984741211,22.412551879882812,17.819095611572266,73.54315948486328
2014-04-15,149.89414978027344,77.98667907714844,125.48999786376953,22.429460525512695,17.83580207824707,73.54315948486328
2014-04-16,151.46470642089844,77.86494445800781,125.54000091552734,22.471731185913086,17.85251235961914,73.54315948486328
2014-04-17,151.67630004882812,77.423828125,124.75,22.522457122802734,17.85251235961914,73.55919647216797
2014-04-21,152.2052459716797,77.40862274169922,124.23999786376953,22.446367263793945,17.869216918945312,73.54315948486328
2014-04-22,152.8969268798828,77.37823486328125,123.77999877929688,22.437915802001953,17.85251235961914,73.52704620361328
2014-04-23,152.53884887695312,77.57597351074219,123.76000213623047,22.421005249023438,17.85251235961914,73.54315948486328
2014-04-24,152.84808349609375,77.55308532714844,124.55999755859375,22.556276321411133,17.82744789123535,73.54315948486328
2014-04-25,151.5948944091797,77.6595687866211,125.43000030517578,22.46327781677246,17.82744789123535,73.54315948486328
2014-04-28,152.07504272460938,77.54549407958984,124.87999725341797,22.387187957763672,17.81074333190918,73.54315948486328
2014-04-29,152.78297424316406,77.61394500732422,124.86000061035156,22.446367263793945,17.82744789123535,73.54315948486328
2014-04-30,153.2386474609375,77.8193130493164,124.22000122070312,22.328006744384766,17.777326583862305,73.54315948486328
2014-05-01,153.2550048828125,78.04341888427734,123.80000305175781,22.158918380737305,17.768970489501953,73.52704620361328
2014-05-02,153.03526306152344,78.15770721435547,125.05999755859375,22.21809959411621,17.768970489501953,73.54315948486328
2014-05-05,153.32818603515625,78.11198425292969,126.22000122070312,22.167373657226562,17.760616302490234,73.54315948486328
2014-05-06,151.99365234375,78.20343780517578,125.9800033569336,22.184282302856445,17.67707633972168,73.52704620361328
2014-05-07,152.8887481689453,78.26438903808594,124.16999816894531,22.24346160888672,17.6854305267334,73.52704620361328
2014-05-08,152.7260284423828,78.34821319580078,124.16999816894531,22.175827026367188,17.727197647094727,73.52704620361328
2014-05-09,152.95387268066406,78.2872314453125,124.0999984741211,22.065921783447266,17.83580207824707,73.54315948486328
2014-05-12,154.44305419921875,78.08145141601562,124.94000244140625,22.116647720336914,17.85251235961914,73.52704620361328
2014-05-13,154.5813751220703,78.38629150390625,124.5999984741211,22.21809959411621,17.89427947998047,73.54315948486328
2014-05-14,153.84902954101562,78.74449157714844,125.80999755859375,22.31955337524414,17.885923385620117,73.54315948486328
2014-05-15,152.4981689453125,79.02645111083984,124.7699966430664,22.184282302856445,17.869216918945312,73.54315948486328
2014-05-16,153.02713012695312,78.8587875366211,124.5,22.209646224975586,17.869216918945312,73.54315948486328
2014-05-19,153.588623046875,78.75969696044922,124.58000183105469,22.192737579345703,17.869216918945312,73.54315948486328
2014-05-20,152.62026977539062,78.9883804321289,124.69000244140625,22.235008239746094,17.877573013305664,73.54315948486328
2014-05-21,153.9059600830078,78.86642456054688,124.38999938964844,22.277280807495117,17.877573013305664,73.52704620361328
2014-05-22,154.28033447265625,78.7825698852539,124.66999816894531,22.294191360473633,17.91098976135254,73.52704620361328
2014-05-23,154.8987579345703,78.94261932373047,124.51000213623047,22.34491729736328,17.944406509399414,73.54315948486328
2014-05-27,155.85086059570312,78.96551513671875,121.8499984741211,22.158918380737305,17.936052322387695,73.52704620361328
2014-05-28,155.73695373535156,79.39987182617188,121.19999694824219,22.167373657226562,17.986173629760742,73.54315948486328
2014-05-29,156.5425567626953,79.30084991455078,120.94000244140625,22.175827026367188,17.977821350097656,73.52704620361328
2014-05-30,156.79478454589844,79.23986053466797,120.43000030517578,22.006742477416992,17.936052322387695,73.54315948486328
2014-06-02,156.97384643554688,78.87723541259766,119.69999694824219,21.98137664794922,18.00288200378418,73.52704620361328
2014-06-03,156.89247131347656,78.48030853271484,120.01000213623047,21.964468002319336,17.986173629760742,73.52704620361328
2014-06-04,157.20986938476562,78.41922760009766,119.76000213623047,21.90528678894043,18.00288200378418,73.52704620361328
2014-06-05,158.23516845703125,78.53376007080078,120.66000366210938,21.93065071105957,17.92769432067871,73.52704620361328
2014-06-06,158.99195861816406,78.47266387939453,120.61000061035156,22.023649215698242,17.936052322387695,73.52704620361328
2014-06-09,159.1547088623047,78.35816955566406,120.6500015258789,22.116647720336914,18.00288200378418,73.54315948486328
2014-06-10,159.17098999023438,78.22076416015625,121.38999938964844,22.05746841430664,18.036298751831055,73.54315948486328
2014-06-11,158.6176300048828,78.32763671875,121.41000366210938,21.998287200927734,18.036298751831055,73.52704620361328
2014-06-12,157.49462890625,78.63294219970703,122.63999938964844,22.311100006103516,17.994529724121094,73.54315948486328
2014-06-13,157.9748077392578,78.48030853271484,122.95999908447266,22.311100006103516,17.994529724121094,73.52704620361328
2014-06-16,158.10496520996094,78.48030853271484,122.41999816894531,22.378732681274414,17.944406509399414,73.54315948486328
2014-06-17,158.5443878173828,78.15204620361328,122.27999877929688,22.404096603393555,17.994529724121094,73.52704620361328
2014-06-18,159.7080841064453,78.56429290771484,122.66999816894531,22.497095108032227,17.936052322387695,73.54315948486328
2014-06-19,159.88710021972656,78.36581420898438,126.94000244140625,22.716909408569336,17.90263557434082,73.54315948486328
2014-06-20,160.2117156982422,78.4573745727539,126.5,22.759180068969727,17.91098976135254,73.54315948486328
2014-06-23,160.16265869140625,78.4039535522461,126.8499984741211,22.67463493347168,17.877573013305664,73.54315948486328
2014-06-24,159.1978302001953,78.72454071044922,126.9800033569336,22.708454132080078,17.89427947998047,73.54315948486328
2014-06-25,159.9173583984375,78.80094146728516,126.98999786376953,22.74226951599121,17.877573013305664,73.52704620361328
2014-06-26,159.80287170410156,79.00699615478516,126.7300033569336,22.649272918701172,17.885923385620117,73.52704620361328
2014-06-27,160.1136016845703,79.00699615478516,126.66000366210938,22.60700035095215,17.82744789123535,73.54315948486328
2014-06-30,160.03184509277344,79.0680923461914,128.0399932861328,22.471731185913086,17.760616302490234,73.52704620361328
2014-07-01,161.1029510498047,78.80961608886719,127.69999694824219,22.404096603393555,17.768970489501953,73.54315948486328
2014-07-02,161.26649475097656,78.4883804321289,127.69999694824219,22.361825942993164,17.802385330200195,73.54315948486328
2014-07-03,162.05958557128906,78.3277816772461,127.16000366210938,22.31955337524414,17.869216918945312,73.52704620361328
2014-07-07,161.4954071044922,78.51902770996094,127.0199966430664,22.142011642456055,17.877573013305664,73.54315948486328
2014-07-08,160.45701599121094,78.87841796875,127.06999969482422,22.08283233642578,17.869216918945312,73.54315948486328
2014-07-09,161.17654418945312,78.89368438720703,127.83999633789062,21.93065071105957,17.82744789123535,73.52704620361328
2014-07-10,160.53875732421875,79.06195831298828,128.5399932861328,21.964468002319336,17.85251235961914,73.52704620361328
2014-07-11,160.759521484375,79.19197845458984,128.77999877929688,21.770017623901367,17.860862731933594,73.52704620361328
2014-07-14,161.56903076171875,79.01606750488281,125.72000122070312,21.85456085205078,17.85251235961914,73.52704620361328
2014-07-15,161.26649475097656,78.94727325439453,124.52999877929688,21.651657104492188,17.91098976135254,73.52704620361328
2014-07-16,161.8633575439453,79.06195831298828,124.97000122070312,21.68547248840332,17.9527587890625,73.52704620361328
2014-07-17,160.0236358642578,79.52082824707031,127.08999633789062,21.7362003326416,17.944406509399414,73.52704620361328
2014-07-18,161.65899658203125,79.3602294921875,126.12999725341797,21.592477798461914,17.944406509399414,73.51097869873047
2014-07-21,161.3564453125,79.38317108154297,126.33999633789062,21.693927764892578,17.936052322387695,73.52704620361328
2014-07-22,162.05958557128906,79.48258209228516,125.73999786376953,21.60093116760254,17.994529724121094,73.51097869873047
2014-07-23,162.41934204101562,79.47494506835938,125.62000274658203,21.660112380981445,18.00288200378418,73.52704620361328
2014-07-24,162.42758178710938,79.1537094116211,124.3499984741211,21.634750366210938,18.02794075012207,73.52704620361328
2014-07-25,161.66714477539062,79.4596176147461,125.79000091552734,21.71929359436035,18.06136131286621,73.52704620361328
2014-07-28,161.7325439453125,79.36787414550781,125.58000183105469,21.677019119262695,18.06136131286621,73.52704620361328
2014-07-29,161.03753662109375,79.47494506835938,125.19999694824219,21.609386444091797,18.094776153564453,73.52704620361328
2014-07-30,161.0620574951172,78.91664123535156,124.83000183105469,21.516389846801758,18.136545181274414,73.52704620361328
2014-07-31,157.8813934326172,78.89368438720703,123.38999938964844,21.406478881835938,18.161605834960938,73.51097869873047
2014-08-01,157.39894104003906,79.35802459716797,124.37999725341797,21.237394332885742,18.136545181274414,73.52704620361328
2014-08-04,158.53549194335938,79.40399932861328,123.98999786376953,21.398025512695312,18.128192901611328,73.52704620361328
2014-08-05,156.99826049804688,79.44232940673828,123.87000274658203,21.296573638916016,18.16996192932129,73.51097869873047
2014-08-06,157.04736328125,79.51129913330078,125.66999816894531,21.43184471130371,18.144899368286133,73.51097869873047
2014-08-07,156.19703674316406,79.87142181396484,126.18000030517578,21.4741153717041,18.16996192932129,73.52704620361328
2014-08-08,158.00404357910156,79.80244445800781,126.19000244140625,21.372663497924805,18.128192901611328,73.51097869873047
2014-08-11,158.46194458007812,79.7641372680664,125.95999908447266,21.406478881835938,18.136545181274414,73.51097869873047
2014-08-12,158.24111938476562,79.6491928100586,125.98999786376953,21.271209716796875,18.15325355529785,73.51097869873047
2014-08-13,159.31224060058594,79.90975189208984,126.19999694824219,21.254301071166992,18.16996192932129,73.52704620361328
2014-08-14,160.06451416015625,80.07061004638672,126.30999755859375,21.000669479370117,18.161605834960938,73.51097869873047
2014-08-15,160.03184509277344,80.39240264892578,125.4800033569336,21.085214614868164,18.128192901611328,73.52704620361328
2014-08-18,161.372802734375,80.13959503173828,124.95999908447266,20.907670974731445,18.161605834960938,73.51097869873047
2014-08-19,162.21498107910156,80.05534362792969,124.68000030517578,20.949941635131836,18.228443145751953,73.52704620361328
2014-08-20,162.6483154296875,79.81777954101562,124.22000122070312,21.009122848510742,18.311981201171875,73.51097869873047
2014-08-21,163.12257385253906,79.98635864257812,122.87999725341797,21.059850692749023,18.286916732788086,73.52704620361328
2014-08-22,162.86915588378906,79.99398040771484,123.19000244140625,21.026033401489258,18.32868766784668,73.52704620361328
2014-08-25,163.69496154785156,80.05534362792969,122.73999786376953,21.059850692749023,18.378812789916992,73.52704620361328
2014-08-26,163.80125427246094,80.03994750976562,123.3499984741211,21.068302154541016,18.395523071289062,73.52704620361328
2014-08-27,163.73577880859375,80.26217651367188,123.31999969482422,21.102121353149414,18.353750228881836,73.51097869873047
2014-08-28,163.64588928222656,80.3694839477539,124.0,21.119029998779297,18.353750228881836,73.52704620361328
2014-08-29,164.11195373535156,80.37712860107422,123.86000061035156,21.161306381225586,18.395523071289062,73.52704620361328
2014-09-02,164.03016662597656,79.8636474609375,121.6500015258789,20.856945037841797,18.453998565673828,73.51097869873047
2014-09-03,163.940185546875,79.97874450683594,122.1500015258789,20.941490173339844,18.437294006347656,73.52704620361328
2014-09-04,163.7032012939453,79.69475555419922,121.4800033569336,20.856945037841797,18.629432678222656,73.51097869873047
2014-09-05,164.43898010253906,79.71778869628906,122.05999755859375,20.8231258392334,18.629432678222656,73.52704620361328
2014-09-08,164.01380920410156,79.63336944580078,120.7300033569336,20.721677780151367,18.738035202026367,73.51097869873047
2014-09-09,162.97537231445312,79.44913482666016,120.87000274658203,20.55258560180664,18.704620361328125,73.51097869873047
2014-09-10,163.588623046875,79.24957275390625,120.26000213623047,20.408864974975586,18.738035202026367,73.52704620361328
2014-09-11,163.7766876220703,79.14983367919922,119.47000122070312,20.30741310119629,18.754743576049805,73.51097869873047
2014-09-12,162.82005310058594,78.85050964355469,118.37999725341797,20.146778106689453,18.738035202026367,73.51097869873047
2014-09-15,162.69735717773438,78.99632263183594,118.63999938964844,20.17214012145996,18.738035202026367,73.51097869873047
2014-09-16,163.92385864257812,78.97325897216797,118.83000183105469,20.358139038085938,18.704620361328125,73.51097869873047
2014-09-17,164.14462280273438,78.77368927001953,117.54000091552734,20.273590087890625,18.821575164794922,73.51097869873047
2014-09-18,165.0195770263672,78.7199935913086,117.77999877929688,20.079143524169922,18.738035202026367,73.52704620361328
2014-09-19,164.87086486816406,79.01934051513672,117.08999633789062,20.019960403442383,18.838285446166992,73.52704620361328
2014-09-22,163.59756469726562,79.18819427490234,116.8499984741211,19.850873947143555,18.821575164794922,73.52704620361328
2014-09-23,162.66102600097656,79.35704803466797,117.5999984741211,19.850873947143555,18.821575164794922,73.52704620361328
2014-09-24,163.93435668945312,79.13445281982422,117.05000305175781,19.93541717529297,18.905113220214844,73.52704620361328
2014-09-25,161.28919982910156,79.51824951171875,117.38999938964844,19.893144607543945,18.93852996826172,73.52704620361328
2014-09-26,162.5707244873047,79.34935760498047,117.05999755859375,19.85932731628418,19.04713249206543,73.52704620361328
2014-09-29,162.27500915527344,79.60265350341797,117.02999877929688,19.97768783569336,19.030424118041992,73.51097869873047
2014-09-30,161.84783935546875,79.53363037109375,116.20999908447266,19.63106346130371,19.10561180114746,73.52704620361328
2014-10-01,159.65444946289062,80.2018051147461,116.7699966430664,19.563425064086914,19.088905334472656,73.52704620361328
2014-10-02,159.67909240722656,79.96339416503906,116.73999786376953,19.48733901977539,19.030424118041992,73.52704620361328
2014-10-03,161.43704223632812,79.94039916992188,114.61000061035156,19.301340103149414,19.28104591369629,73.49488067626953
2014-10-06,161.24813842773438,80.07109832763672,116.02999877929688,19.546520233154297,19.063840866088867,73.49488067626953
2014-10-07,158.75906372070312,80.5401382446289,116.36000061035156,19.470428466796875,19.030424118041992,73.51097869873047
2014-10-08,161.53562927246094,80.82466888427734,117.47000122070312,19.394338607788086,18.946884155273438,73.51097869873047
2014-10-09,158.3318634033203,80.68624114990234,117.63999938964844,19.16606903076172,19.00536346435547,73.51097869873047
2014-10-10,156.52462768554688,81.0014877319336,117.58999633789062,19.098432540893555,19.097257614135742,73.51097869873047
2014-10-13,153.95338439941406,81.42443084716797,118.5199966430664,19.098432540893555,18.98865509033203,73.51097869873047
2014-10-14,154.19161987304688,81.58590698242188,118.58999633789062,18.81098747253418,19.07219123840332,73.49488067626953
2014-10-15,153.1483154296875,82.04728698730469,118.98999786376953,18.574262619018555,18.8716983795166,73.49488067626953
2014-10-16,153.016845703125,81.8243179321289,119.22000122070312,18.76026153564453,18.8716983795166,73.51097869873047
2014-10-17,154.8241424560547,81.58590698242188,118.98999786376953,18.827896118164062,18.93017578125,73.51097869873047
2014-10-20,156.3274688720703,81.70121765136719,119.80000305175781,18.692626953125,18.863346099853516,73.51097869873047
2014-10-21,159.42446899414062,81.47824096679688,120.0199966430664,18.844804763793945,18.96359634399414,73.49488067626953
2014-10-22,158.29078674316406,81.45516967773438,119.33999633789062,18.633445739746094,19.04713249206543,73.51097869873047
2014-10-23,160.13087463378906,81.11686706542969,118.5199966430664,18.853260040283203,19.063840866088867,73.49488067626953
2014-10-24,161.36317443847656,81.18608856201172,118.3499984741211,18.734899520874023,19.030424118041992,73.49488067626953
2014-10-27,161.141357421875,81.27068328857422,118.05999755859375,18.684171676635742,18.980302810668945,73.49488067626953
2014-10-28,162.98960876464844,81.07069396972656,118.0999984741211,18.83635139465332,18.946884155273438,73.49488067626953
2014-10-29,162.7431640625,80.80155181884766,116.41000366210938,19.056163787841797,19.088905334472656,73.51097869873047
2014-10-30,163.78652954101562,80.88619232177734,115.19000244140625,18.895532608032227,19.139028549194336,73.49488067626953
2014-10-31,165.65943908691406,80.75541687011719,112.66000366210938,18.870166778564453,19.289398193359375,73.51097869873047
2014-11-03,165.74977111816406,80.72541046142578,112.1500015258789,18.701082229614258,19.381296157836914,73.49488067626953
2014-11-04,165.17483520507812,80.71772003173828,112.22000122070312,18.430540084838867,19.33116912841797,73.51097869873047
2014-11-05,166.21804809570312,80.74082946777344,109.79000091552734,18.481266021728516,19.423063278198242,73.49488067626953
2014-11-06,166.88345336914062,80.49433898925781,109.87999725341797,18.4981746673584,19.556726455688477,73.51097869873047
2014-11-07,167.03956604003906,81.01041412353516,112.97000122070312,18.582717895507812,19.439773559570312,73.49488067626953
2014-11-10,167.56527709960938,80.67919158935547,110.45999908447266,18.40517807006836,19.498249053955078,73.51097869873047
2014-11-11,167.7295684814453,80.68688201904297,112.04000091552734,18.4981746673584,19.423063278198242,73.51097869873047
2014-11-12,167.54888916015625,80.6561050415039,111.5,18.438995361328125,19.48989486694336,73.51097869873047
2014-11-13,167.73785400390625,80.78701782226562,111.66999816894531,18.100820541381836,19.473186492919922,73.49488067626953
2014-11-14,167.7789306640625,80.95652770996094,114.47000122070312,18.29526710510254,19.423063278198242,73.49488067626953
2014-11-17,167.88563537597656,80.86407470703125,114.05000305175781,18.219181060791016,19.523311614990234,73.51097869873047
2014-11-18,168.85507202148438,80.95652770996094,115.05000305175781,18.126182556152344,19.43141746520996,73.49488067626953
2014-11-19,168.5839080810547,80.74082946777344,113.68000030517578,18.03318214416504,19.464834213256836,73.49488067626953
2014-11-20,168.87966918945312,80.88716125488281,114.86000061035156,18.185361862182617,19.439773559570312,73.49488067626953
2014-11-21,169.7832794189453,81.0489273071289,115.38999938964844,18.37981414794922,19.59849739074707,73.49488067626953
2014-11-24,170.2598114013672,81.1413803100586,115.11000061035156,18.219181060791016,19.548372268676758,73.51097869873047
2014-11-25,170.1365203857422,81.34162902832031,115.37999725341797,18.1346378326416,19.506607055664062,73.51097869873047
2014-11-26,170.57191467285156,81.48030853271484,115.16000366210938,18.092363357543945,19.448123931884766,73.49488067626953
2014-11-28,170.21043395996094,81.79612731933594,112.11000061035156,17.263835906982422,19.60685157775879,73.51097869873047
2014-12-01,169.0275115966797,81.59549713134766,116.58000183105469,17.618919372558594,19.514957427978516,73.49488067626953
2014-12-02,170.12008666992188,81.23287963867188,115.13999938964844,17.246925354003906,19.673683166503906,73.49488067626953
2014-12-03,170.77728271484375,81.263671875,116.33000183105469,17.14547348022461,19.73216438293457,73.49488067626953
2014-12-04,170.58834838867188,81.5491943359375,115.87999725341797,17.094745635986328,19.656972885131836,73.49488067626953
2014-12-05,170.86764526367188,81.0939712524414,114.43000030517578,17.05247688293457,19.80734634399414,73.51097869873047
2014-12-08,169.72576904296875,81.3639907836914,115.77999877929688,16.756574630737305,19.765579223632812,73.51097869873047
2014-12-09,169.61077880859375,81.66490936279297,118.19000244140625,16.874935150146484,19.673683166503906,73.49488067626953
2014-12-10,166.89166259765625,82.03530883789062,117.95999908447266,16.61284637451172,19.56508445739746,73.49488067626953
2014-12-11,167.73785400390625,81.89643859863281,117.69000244140625,16.460670471191406,19.640270233154297,73.49488067626953
2014-12-12,165.02699279785156,82.56771850585938,117.41000366210938,16.32539939880371,19.573434829711914,73.51097869873047
2014-12-15,163.893310546875,82.26679992675781,114.38999938964844,16.06331443786621,19.615205764770508,73.47885131835938
2014-12-16,162.5789031982422,82.68347930908203,114.94999694824219,15.970317840576172,19.473186492919922,73.47885131835938
2014-12-17,165.76629638671875,82.11245727539062,114.2699966430664,16.06331443786621,19.7154541015625,73.47885131835938
2014-12-18,169.86544799804688,81.64946746826172,115.1500015258789,16.012588500976562,19.77393341064453,73.49488067626953
2014-12-19,170.58815002441406,81.95042419433594,114.7699966430664,16.249311447143555,19.857471466064453,73.47885131835938
2014-12-22,171.37289428710938,81.95042419433594,112.55000305175781,15.953407287597656,19.874181747436523,73.47885131835938
2014-12-23,171.6042022705078,81.27145385742188,112.73999786376953,16.11404037475586,19.97442626953125,73.47885131835938
2014-12-24,171.6207275390625,81.33019256591797,112.7699966430664,15.902682304382324,19.949363708496094,73.49488067626953
2014-12-26,172.1741180419922,81.43832397460938,114.83000183105469,15.885774612426758,19.957719802856445,73.47885131835938
2014-12-29,172.40542602539062,81.71649169921875,113.66999816894531,15.733592987060547,20.007844924926758,73.47885131835938
2014-12-30,171.48028564453125,81.8092269897461,115.19999694824219,15.716684341430664,19.957719802856445,73.47885131835938
2014-12-31,169.7786865234375,81.9019775390625,113.58000183105469,15.598325729370117,20.024553298950195,73.49488067626953
2015-01-02,169.6878204345703,82.31922149658203,114.08000183105469,15.41232681274414,20.21669578552246,73.47885131835938
2015-01-05,166.62335205078125,82.821533203125,115.80000305175781,15.192513465881348,20.258464813232422,73.49488067626953
2015-01-06,165.053955078125,83.3779067993164,117.12000274658203,15.048789978027344,20.30023193359375,73.47885131835938
2015-01-07,167.11068725585938,83.3624496459961,116.43000030517578,14.955791473388672,20.37542152404785,73.47885131835938
2015-01-08,170.07606506347656,83.02240753173828,115.94000244140625,15.014973640441895,20.45895767211914,73.47885131835938
2015-01-09,168.7131805419922,83.43199157714844,117.26000213623047,14.989608764648438,20.367067337036133,73.47885131835938
2015-01-12,167.39151000976562,83.72563171386719,118.55999755859375,14.659887313842773,20.367067337036133,73.47885131835938
2015-01-13,166.92071533203125,83.80286407470703,118.16000366210938,14.6007080078125,20.425546646118164,73.47885131835938
2015-01-14,165.91293334960938,84.18926239013672,117.97000122070312,14.761340141296387,20.38377571105957,73.47885131835938
2015-01-15,164.3931427001953,84.90787506103516,120.94000244140625,14.55843448638916,20.450605392456055,73.47885131835938
2015-01-16,166.5490264892578,84.28199005126953,122.5199966430664,14.83742904663086,20.542499542236328,73.47885131835938
2015-01-20,166.90420532226562,84.47518157958984,124.19999694824219,14.634522438049316,20.62604331970215,73.47885131835938
2015-01-21,167.74673461914062,84.0733871459961,124.2300033569336,14.727524757385254,20.567562103271484,73.49488067626953
2015-01-22,170.2412872314453,83.8647232055664,125.2300033569336,14.710614204406738,20.876659393310547,73.47885131835938
2015-01-23,169.3079071044922,84.41339874267578,124.2300033569336,14.6176176071167,21.060447692871094,73.49488067626953
2015-01-26,169.70437622070312,84.22018432617188,122.98999786376953,14.566889762878418,21.027034759521484,73.49488067626953
2015-01-27,167.4658966064453,84.3360824584961,124.4000015258789,14.64297866821289,20.826536178588867,73.49488067626953
2015-01-28,165.31822204589844,84.98512268066406,123.41999816894531,14.431619644165039,20.951847076416016,73.47885131835938
2015-01-29,166.84634399414062,84.68378448486328,120.76000213623047,14.363983154296875,20.968555450439453,73.47885131835938
2015-01-30,164.74827575683594,85.42564392089844,123.44999694824219,14.710614204406738,20.993616104125977,73.47885131835938
2015-02-02,166.78854370117188,85.31885528564453,122.41999816894531,14.913516998291016,20.951847076416016,73.47885131835938
2015-02-03,169.200439453125,84.5989990234375,121.05000305175781,15.32778263092041,20.709583282470703,73.49488067626953
2015-02-04,168.55618286132812,84.73828887939453,121.58000183105469,14.989608764648438,20.83489227294922,73.47885131835938
2015-02-05,170.25782775878906,84.42871856689453,121.79000091552734,15.192513465881348,20.684518814086914,73.47885131835938
2015-02-06,169.78700256347656,83.48445892333984,118.63999938964844,15.234785079956055,20.935138702392578,73.47885131835938
2015-02-09,169.02703857421875,83.44573974609375,119.16999816894531,15.386963844299316,20.91843032836914,73.4627685546875
2015-02-10,170.8277587890625,83.23674774169922,118.47000122070312,15.192513465881348,20.943492889404297,73.47885131835938
2015-02-11,170.92686462402344,83.2057876586914,117.06999969482422,15.0741548538208,21.018678665161133,73.4627685546875
2015-02-12,172.57061767578125,83.23674774169922,117.33999633789062,15.302421569824219,20.81818389892578,73.4627685546875
2015-02-13,173.281005859375,82.95806884765625,117.9800033569336,15.471508026123047,20.809829711914062,73.47885131835938
2015-02-17,173.55361938476562,82.369873046875,116.01000213623047,15.479961395263672,20.784765243530273,73.47885131835938
2015-02-18,173.57009887695312,82.76456451416016,116.33999633789062,15.293968200683594,20.793121337890625,73.47885131835938
2015-02-19,173.44618225097656,82.55565643310547,115.94000244140625,15.243240356445312,20.86830711364746,73.47885131835938
2015-02-20,174.4869842529297,82.50916290283203,115.27999877929688,15.184059143066406,20.85159683227539,73.4627685546875
2015-02-23,174.4622039794922,82.88838958740234,115.43000030517578,15.08260726928711,20.910076141357422,73.47885131835938
2015-02-24,174.9578094482422,83.43797302246094,115.26000213623047,15.09106159210205,20.86830711364746,73.4627685546875
2015-02-25,174.8091278076172,83.515380859375,115.69999694824219,15.319330215454102,20.826536178588867,73.47885131835938
2015-02-26,174.6026153564453,83.02005767822266,116.06999969482422,15.192513465881348,21.04374122619629,73.4627685546875
2015-02-27,174.00796508789062,83.31416320800781,116.16000366210938,15.361600875854492,21.052093505859375,73.47885131835938
2015-03-02,175.10650634765625,82.69395446777344,115.68000030517578,15.141786575317383,21.0938663482666,73.4627685546875
2015-03-03,174.38784790039062,82.5156478881836,115.47000122070312,15.234785079956055,21.08551025390625,73.47885131835938
2015-03-04,173.65267944335938,82.57766723632812,115.11000061035156,15.099516868591309,21.194114685058594,73.47885131835938
2015-03-05,173.84271240234375,82.62422943115234,115.0,15.040335655212402,21.294363021850586,73.47885131835938
2015-03-06,171.3976593017578,81.7791748046875,111.86000061035156,14.854337692260742,21.553335189819336,73.4627685546875
2015-03-09,172.1081085205078,82.1590347290039,111.97000122070312,14.812066078186035,21.553335189819336,73.47885131835938
2015-03-10,169.3161163330078,82.50794982910156,111.41999816894531,14.6176176071167,21.778894424438477,73.47885131835938
2015-03-11,168.91964721679688,82.65522766113281,110.75,14.693703651428223,22.021160125732422,73.47885131835938
2015-03-12,171.06729125976562,82.73274993896484,110.72000122070312,14.626069068908691,21.904203414916992,73.4627685546875
2015-03-13,170.0182647705078,82.60867309570312,110.87999725341797,14.330167770385742,22.1297607421875,73.47885131835938
2015-03-16,172.2897491455078,82.8955307006836,110.80999755859375,14.313258171081543,21.962682723999023,73.47885131835938
2015-03-17,171.77764892578125,83.06608581542969,110.20999908447266,14.211806297302246,21.971033096313477,73.47885131835938
2015-03-18,173.84271240234375,84.0196304321289,112.37000274658203,14.6007080078125,21.536630630493164,73.47885131835938
2015-03-19,173.0497283935547,83.6242446899414,112.29000091552734,14.355527877807617,21.86243438720703,73.47885131835938
2015-03-20,174.57720947265625,83.9653549194336,113.56999969482422,14.549981117248535,21.570043563842773,73.47885131835938
2015-03-23,174.23703002929688,84.07390594482422,114.29000091552734,14.719070434570312,21.336132049560547,73.4627685546875
2015-03-24,173.25799560546875,84.3297119140625,114.56999969482422,14.6007080078125,21.402963638305664,73.47885131835938
2015-03-25,170.7190704345703,83.9653549194336,114.7300033569336,14.64297866821289,21.344480514526367,73.4627685546875
2015-03-26,170.31256103515625,83.49244689941406,115.4800033569336,14.820523262023926,21.4196720123291,73.4627685546875
2015-03-27,170.7025604248047,83.81807708740234,115.05999755859375,14.524618148803711,21.43638038635254,73.4627685546875
2015-03-30,172.78504943847656,83.81026458740234,113.75,14.6007080078125,21.603458404541016,73.44670867919922
2015-03-31,171.27496337890625,84.02732849121094,113.66000366210938,14.431619644165039,21.636871337890625,73.47885131835938
2015-04-01,170.66929626464844,84.4272689819336,115.5999984741211,14.693703651428223,21.64522933959961,73.44670867919922
2015-04-02,171.28330993652344,84.1865463256836,115.27999877929688,14.6176176071167,21.478145599365234,73.4627685546875
2015-04-06,172.43658447265625,84.29521179199219,116.69000244140625,14.80361270904541,21.31106948852539,73.4627685546875
2015-04-07,171.980224609375,84.36508178710938,116.11000061035156,14.8797025680542,21.553335189819336,73.47885131835938
2015-04-08,172.56103515625,84.28752136230469,115.47000122070312,14.592253684997559,21.58675193786621,73.47885131835938
2015-04-09,173.32435607910156,83.94580078125,114.66999816894531,14.592253684997559,21.81231117248535,73.4627685546875
2015-04-10,174.27024841308594,83.92252349853516,115.97000122070312,14.744433403015137,21.86243438720703,73.4627685546875
2015-04-13,173.48199462890625,84.09335327148438,115.13999938964844,14.676796913146973,21.89584732055664,73.44670867919922
2015-04-14,173.81385803222656,84.34182739257812,114.44000244140625,14.744433403015137,21.728769302368164,73.4627685546875
2015-04-15,174.59373474121094,84.38841247558594,115.43000030517578,15.040335655212402,21.62851905822754,73.44670867919922
2015-04-16,174.5439910888672,84.45052337646484,115.02999877929688,15.200967788696289,21.461442947387695,73.4627685546875
2015-04-17,172.53611755371094,84.62136840820312,115.5999984741211,15.167150497436523,21.411317825317383,73.44670867919922
2015-04-20,174.1125946044922,84.466064453125,114.72000122070312,15.099516868591309,21.536630630493164,73.44670867919922
2015-04-21,173.90516662597656,84.28752136230469,115.37999725341797,14.989608764648438,21.561689376831055,73.4627685546875
2015-04-22,174.759765625,83.79828643798828,113.83000183105469,15.040335655212402,21.561689376831055,73.44670867919922
2015-04-23,175.199462890625,84.05452728271484,114.66000366210938,15.226330757141113,21.402963638305664,73.44670867919922
2015-04-24,175.60601806640625,84.349609375,113.05000305175781,15.217875480651855,21.31942367553711,73.44670867919922
2015-04-27,174.8759307861328,84.2176284790039,115.33000183105469,15.217875480651855,21.252592086791992,73.4627685546875
2015-04-28,175.4317626953125,83.82933807373047,116.33000183105469,15.243240356445312,21.118927001953125,73.4627685546875
2015-04-29,174.70994567871094,83.51870727539062,115.51000213623047,15.344693183898926,20.935138702392578,73.4627685546875
2015-04-30,172.9592742919922,83.4954605102539,113.47000122070312,15.463053703308105,20.809829711914062,73.4627685546875
2015-05-01,174.83438110351562,83.03897857666016,113.08000183105469,15.446145057678223,20.910076141357422,73.44670867919922
2015-05-04,175.3321990966797,82.86787414550781,114.0999984741211,15.437688827514648,20.968555450439453,73.4627685546875
2015-05-05,173.32435607910156,82.72794342041016,114.41999816894531,15.564506530761719,20.910076141357422,73.4627685546875
2015-05-06,172.61085510253906,82.32353973388672,114.36000061035156,15.564506530761719,20.676164627075195,73.4627685546875
2015-05-07,173.2994384765625,82.67347717285156,113.41999816894531,15.319330215454102,20.784765243530273,73.44670867919922
2015-05-08,175.5811767578125,82.99229431152344,113.97000122070312,15.4038724899292,20.809829711914062,73.4627685546875
2015-05-11,174.74313354492188,82.17576599121094,113.52999877929688,15.336236000061035,20.876659393310547,73.44670867919922
2015-05-12,174.22042846679688,82.23797607421875,114.5,15.496870040893555,20.75970458984375,73.4627685546875
2015-05-13,174.25357055664062,82.12915802001953,116.55000305175781,15.513779640197754,20.575916290283203,73.4627685546875
2015-05-14,176.07069396972656,82.40904998779297,117.18000030517578,15.60677719116211,20.50908660888672,73.44670867919922
2015-05-15,176.26148986816406,83.00008392333984,117.52999877929688,15.598325729370117,20.475669860839844,73.44670867919922
2015-05-18,176.80908203125,82.44020080566406,117.5199966430664,15.556051254272461,20.676164627075195,73.44670867919922
2015-05-19,176.75100708007812,82.0746841430664,115.88999938964844,15.226330757141113,20.91843032836914,73.44670867919922
2015-05-20,176.6265411376953,82.2535171508789,116.08000183105469,15.192513465881348,20.9601993560791,73.44670867919922
2015-05-21,177.14096069335938,82.74346160888672,115.69000244140625,15.378509521484375,20.92678451538086,73.4627685546875
2015-05-22,176.71778869628906,82.55683135986328,115.5999984741211,15.20942211151123,21.118927001953125,73.4627685546875
2015-05-26,174.81787109375,83.07008361816406,113.91000366210938,14.913516998291016,21.35283851623535,73.4627685546875
2015-05-27,176.4772491455078,83.02342224121094,113.88999938964844,14.710614204406738,21.36119270324707,73.4627685546875
2015-05-28,176.27806091308594,83.10118865966797,114.0199966430664,14.786704063415527,21.302715301513672,73.44670867919922
2015-05-29,175.182861328125,83.14786529541016,114.0999984741211,14.972698211669922,21.269298553466797,73.44670867919922
2015-06-01,175.5396728515625,82.78096008300781,114.0,14.938881874084473,21.394609451293945,73.44670867919922
2015-06-02,175.36538696289062,82.2046127319336,114.45999908447266,15.116422653198242,21.068803787231445,73.4627685546875
2015-06-03,175.8300323486328,81.5036392211914,113.63999938964844,14.92197322845459,20.92678451538086,73.4627685546875
2015-06-04,174.34486389160156,81.90083312988281,112.83999633789062,14.786704063415527,20.951847076416016,73.44670867919922
2015-06-05,174.04620361328125,81.3088607788086,112.23999786376953,14.854337692260742,21.13563346862793,73.44670867919922
2015-06-08,172.9758758544922,81.42575073242188,112.56999969482422,14.862792015075684,20.893369674682617,73.43063354492188
2015-06-09,172.9509735107422,81.1608657836914,112.81999969482422,15.099516868591309,20.86830711364746,73.43063354492188
2015-06-10,175.0251922607422,80.84933471679688,113.77999877929688,15.158696174621582,20.7513484954834,73.44670867919922
2015-06-11,175.5894317626953,81.48805236816406,113.26000213623047,15.023427963256836,20.809829711914062,73.4627685546875
2015-06-12,174.24533081054688,81.4412841796875,113.2300033569336,14.871247291564941,20.793121337890625,73.44670867919922
2015-06-15,173.4986114501953,81.63601684570312,113.7300033569336,14.80361270904541,20.77641487121582,73.4627685546875
2015-06-16,174.44447326660156,81.94755554199219,113.31999969482422,14.845885276794434,20.81818389892578,73.43063354492188
2015-06-17,174.72654724121094,81.99431610107422,113.8499984741211,14.88815689086914,20.634397506713867,73.4627685546875
2015-06-18,176.5435333251953,81.93202209472656,115.31999969482422,14.88815689086914,20.567562103271484,73.43063354492188
2015-06-19,175.75990295410156,82.36817932128906,115.12000274658203,14.752886772155762,20.617685317993164,73.43063354492188
2015-06-22,176.66033935546875,81.67494201660156,113.63999938964844,14.80361270904541,20.659456253051758,73.44670867919922
2015-06-23,176.78538513183594,81.42575073242188,112.88999938964844,14.98115348815918,20.901723861694336,73.43063354492188
2015-06-24,175.50140380859375,81.66712951660156,112.58999633789062,14.8797025680542,20.85995101928711,73.43063354492188
2015-06-25,174.96780395507812,81.46465301513672,112.44000244140625,14.896612167358398,20.826536178588867,73.44670867919922
2015-06-26,174.9344482421875,81.0751953125,112.55999755859375,14.964245796203613,20.885011672973633,73.43063354492188
2015-06-29,171.26605224609375,82.01764678955078,113.06999969482422,14.896612167358398,20.7680606842041,73.44670867919922
2015-06-30,171.62452697753906,81.79183197021484,112.37000274658203,15.217875480651855,20.910076141357422,73.44670867919922
2015-07-01,173.0001678466797,81.36428833007812,111.9800033569336,15.031882286071777,21.07715606689453,73.44670867919922
2015-07-02,172.841796875,81.6529312133789,111.76000213623047,15.006519317626953,21.027034759521484,73.44670867919922
2015-07-06,172.3498992919922,82.23020935058594,112.05999755859375,14.516161918640137,21.068803787231445,73.44670867919922
2015-07-07,173.4337921142578,82.4486083984375,110.76000213623047,14.431619644165039,21.13563346862793,73.43063354492188
2015-07-08,170.52401733398438,82.77625274658203,111.08999633789062,14.363983154296875,21.052093505859375,73.43063354492188
2015-07-09,170.83258056640625,82.19902801513672,111.36000061035156,14.533072471618652,21.118927001953125,73.43063354492188
2015-07-10,172.98355102539062,81.62954711914062,111.48999786376953,14.6007080078125,20.968555450439453,73.43063354492188
2015-07-13,174.89276123046875,81.4111328125,110.98999786376953,14.609162330627441,21.177404403686523,73.43063354492188
2015-07-14,175.6515350341797,81.66854095458984,110.73999786376953,14.55843448638916,21.14398765563965,73.44670867919922
2015-07-15,175.59317016601562,81.98056030273438,110.16000366210938,14.389347076416016,21.235883712768555,73.43063354492188
2015-07-16,177.00218200683594,81.94938659667969,109.76000213623047,14.3217134475708,21.35283851623535,73.43063354492188
2015-07-17,177.15220642089844,81.95716857910156,108.6500015258789,14.245624542236328,21.402963638305664,73.44670867919922
2015-07-20,177.243896484375,81.7933120727539,105.69999694824219,14.017355918884277,21.411317825317383,73.43063354492188
2015-07-21,176.54354858398438,82.01958465576172,105.37000274658203,14.076534271240234,21.260944366455078,73.44670867919922
2015-07-22,176.22679138183594,82.1209716796875,104.80000305175781,13.873631477355957,21.31106948852539,73.43063354492188
2015-07-23,175.23463439941406,82.45645141601562,104.33000183105469,13.755270004272461,21.227529525756836,73.43063354492188
2015-07-24,173.41705322265625,82.5344467163086,105.3499984741211,13.645360946655273,21.260944366455078,73.44670867919922
2015-07-27,172.4082794189453,82.80741882324219,104.86000061035156,13.383277893066406,21.0938663482666,73.43063354492188
2015-07-28,174.52597045898438,82.57345581054688,105.0199966430664,13.493184089660645,21.11057472229004,73.43063354492188
2015-07-29,175.72654724121094,82.45645141601562,105.16999816894531,13.535456657409668,21.227529525756836,73.44670867919922
2015-07-30,175.76817321777344,82.55004119873047,104.2699966430664,13.484729766845703,21.31106948852539,73.44670867919922
2015-07-31,175.50140380859375,83.03369903564453,104.93000030517578,13.29873275756836,21.24423599243164,73.44670867919922
2015-08-03,174.90945434570312,83.2868423461914,104.0999984741211,13.078919410705566,21.294363021850586,73.44670867919922
2015-08-04,174.5676727294922,82.8571548461914,104.30999755859375,13.155009269714355,21.402963638305664,73.43063354492188
2015-08-05,175.1429443359375,82.53681182861328,103.93000030517578,13.104283332824707,21.394609451293945,73.43063354492188
2015-08-06,173.70884704589844,82.8259048461914,104.38999938964844,13.095829010009766,21.35283851623535,73.43063354492188
2015-08-07,173.37539672851562,83.15408325195312,104.6500015258789,13.045103073120117,21.31942367553711,73.43063354492188
2015-08-10,175.55982971191406,82.81024932861328,105.72000122070312,13.3240966796875,21.219173431396484,73.44670867919922
2015-08-11,173.97569274902344,83.35716247558594,106.26000213623047,13.146554946899414,21.219173431396484,73.43063354492188
2015-08-12,174.18409729003906,83.32592010498047,107.75,13.104283332824707,20.993616104125977,73.43063354492188
2015-08-13,173.96737670898438,83.10718536376953,106.86000061035156,13.045103073120117,21.027034759521484,73.43063354492188
2015-08-14,174.60098266601562,83.02124786376953,106.8499984741211,12.960558891296387,21.08551025390625,73.41458892822266
2015-08-17,175.57644653320312,83.16963195800781,107.12999725341797,12.909832954406738,21.118927001953125,73.41458892822266
2015-08-18,175.06787109375,83.03683471679688,107.11000061035156,12.842195510864258,21.169052124023438,73.43063354492188
2015-08-19,173.6838836669922,83.54467010498047,108.55000305175781,12.698473930358887,21.03538703918457,73.44670867919922
2015-08-20,170.05712890625,83.77129364013672,110.44000244140625,12.732290267944336,20.91843032836914,73.43063354492188
2015-08-21,164.93798828125,84.10726165771484,111.12999725341797,12.5209321975708,20.717933654785156,73.43063354492188
2015-08-24,157.99298095703125,84.24787139892578,110.52999877929688,12.208118438720703,20.37542152404785,73.43063354492188
2015-08-25,156.13372802734375,83.78691101074219,109.16000366210938,12.258845329284668,20.517436981201172,73.43063354492188
2015-08-26,162.12826538085938,83.27124786376953,107.66999816894531,12.182756423950195,20.7680606842041,73.44670867919922
2015-08-27,166.13853454589844,83.2243423461914,107.7300033569336,12.622383117675781,20.901723861694336,73.43063354492188
2015-08-28,166.14686584472656,83.23995971679688,108.69999694824219,12.952102661132812,20.968555450439453,73.44670867919922
2015-08-31,164.8045654296875,83.09934997558594,108.81999969482422,13.264915466308594,20.935138702392578,73.44670867919922
2015-09-01,159.8855743408203,83.47254180908203,109.19999694824219,12.825288772583008,20.809829711914062,73.44670867919922
2015-09-02,162.92031860351562,83.24568939208984,108.62000274658203,12.935195922851562,20.91843032836914,73.43063354492188
2015-09-03,163.037109375,83.44911193847656,107.83999633789062,13.019739151000977,21.018678665161133,73.44670867919922
2015-09-04,160.56919860839844,83.70738983154297,107.48999786376953,12.85910701751709,20.993616104125977,73.43063354492188
2015-09-08,164.60447692871094,83.33953857421875,107.5199966430664,12.952102661132812,20.91843032836914,73.43063354492188
2015-09-09,162.40345764160156,83.370849609375,106.12999725341797,12.783015251159668,20.91843032836914,73.43063354492188
2015-09-10,163.28724670410156,83.18305206298828,106.37999725341797,12.892922401428223,20.83489227294922,73.41458892822266
2015-09-11,164.0292205810547,83.40218353271484,106.16000366210938,12.876014709472656,20.74299430847168,73.43063354492188
2015-09-14,163.4205780029297,83.48043060302734,106.22000122070312,12.715381622314453,20.7513484954834,73.43063354492188
2015-09-15,165.46322631835938,82.8230972290039,105.9000015258789,12.757654190063477,20.83489227294922,73.41458892822266
2015-09-16,166.89727783203125,82.79957580566406,107.30999755859375,12.969013214111328,20.77641487121582,73.41458892822266
2015-09-17,166.5220184326172,83.48825073242188,108.41000366210938,12.884469032287598,20.559207916259766,73.41458892822266
2015-09-18,163.8008270263672,83.87953186035156,109.20999908447266,12.690018653869629,20.7680606842041,73.41458892822266
2015-09-21,164.64732360839844,83.40218353271484,108.52999877929688,12.83374309539795,20.893369674682617,73.43063354492188
2015-09-22,162.5102081298828,83.81695556640625,107.79000091552734,12.757654190063477,20.985261917114258,73.43063354492188
2015-09-23,162.25042724609375,83.72299194335938,108.22000122070312,12.656201362609863,20.985261917114258,73.41458892822266
2015-09-24,161.66380310058594,83.84820556640625,110.48999786376953,12.732290267944336,20.91843032836914,73.41458892822266
2015-09-25,161.62184143066406,83.6291275024414,109.80999755859375,12.808379173278809,20.951847076416016,73.41458892822266
2015-09-28,157.5656280517578,84.1064682006836,108.41999816894531,12.630837440490723,20.92678451538086,73.43063354492188
2015-09-29,157.65780639648438,84.3959732055664,107.9800033569336,12.715381622314453,20.893369674682617,73.43063354492188
2015-09-30,160.59942626953125,84.4116439819336,106.86000061035156,12.808379173278809,20.968555450439453,73.41458892822266
2015-10-01,161.0184783935547,84.47748565673828,106.7300033569336,12.723834991455078,20.9601993560791,73.43063354492188
2015-10-02,163.42373657226562,84.88501739501953,108.98999786376953,12.808379173278809,20.910076141357422,73.43063354492188
2015-10-05,166.3318328857422,84.41476440429688,108.7699966430664,12.977468490600586,20.91843032836914,73.41458892822266
2015-10-06,165.761962890625,84.58717346191406,109.86000061035156,13.231097221374512,20.77641487121582,73.41458892822266
2015-10-07,167.11961364746094,84.37560272216797,109.69999694824219,13.205734252929688,20.80147361755371,73.41458892822266
2015-10-08,168.62814331054688,84.15615844726562,109.13999938964844,13.264915466308594,20.7513484954834,73.41458892822266
2015-10-09,168.72872924804688,84.20313262939453,110.87000274658203,13.3240966796875,20.651103973388672,73.41458892822266
2015-10-12,168.8879852294922,84.48526763916016,111.30999755859375,13.112738609313965,20.634397506713867,73.41458892822266
2015-10-13,167.82362365722656,84.56368255615234,111.86000061035156,13.028193473815918,20.600976943969727,73.41458892822266
2015-10-14,167.01907348632812,85.02609252929688,113.80999755859375,13.062010765075684,20.425546646118164,73.41458892822266
2015-10-15,169.58358764648438,84.73613739013672,113.29000091552734,13.028193473815918,20.559207916259766,73.41458892822266
2015-10-16,170.35458374023438,84.66557312011719,112.48999786376953,13.036648750305176,20.592622756958008,73.41458892822266
2015-10-19,170.4384002685547,84.6263656616211,112.0199966430664,12.799925804138184,20.651103973388672,73.41458892822266
2015-10-20,170.22048950195312,84.33634185791016,112.7300033569336,12.825288772583008,20.634397506713867,73.39850616455078
2015-10-21,169.16453552246094,84.6263656616211,111.7300033569336,12.715381622314453,20.659456253051758,73.41458892822266
2015-10-22,172.0223846435547,84.71257019042969,111.69000244140625,12.757654190063477,20.9601993560791,73.41458892822266
2015-10-23,173.90802001953125,84.23455047607422,111.5,12.681563377380371,21.13563346862793,73.41458892822266
2015-10-26,173.4805908203125,84.45394897460938,111.43000030517578,12.647747039794922,21.068803787231445,73.39850616455078
2015-10-27,173.14535522460938,84.66557312011719,111.68000030517578,12.588566780090332,21.08551025390625,73.39850616455078
2015-10-28,175.1148223876953,84.2267074584961,110.77999877929688,12.799925804138184,21.260944366455078,73.39850616455078
2015-10-29,175.0142822265625,83.70941925048828,109.72000122070312,12.723834991455078,21.169052124023438,73.39850616455078
2015-10-30,174.25997924804688,83.8740234375,109.30000305175781,12.850651741027832,21.0938663482666,73.39850616455078
2015-11-02,176.3216552734375,83.633056640625,108.58999633789062,12.783015251159668,21.07715606689453,73.39850616455078
2015-11-03,176.83282470703125,83.41329956054688,106.9800033569336,13.011284828186035,21.13563346862793,73.41458892822266
2015-11-04,176.29652404785156,83.32691955566406,105.97000122070312,12.791470527648926,21.31106948852539,73.39850616455078
2015-11-05,176.12046813964844,83.2719497680664,105.63999938964844,12.690018653869629,21.327777862548828,73.39850616455078
2015-11-06,176.0282745361328,82.70685577392578,104.0999984741211,12.61392879486084,21.578397750854492,73.39850616455078
2015-11-09,174.38568115234375,82.56553649902344,104.4000015258789,12.504020690917969,21.536630630493164,73.41458892822266
2015-11-10,174.78799438476562,82.72254943847656,104.18000030517578,12.478659629821777,21.59510612487793,73.39850616455078
2015-11-11,174.10076904296875,82.68326568603516,103.83000183105469,12.351842880249023,21.536630630493164,73.41458892822266
2015-11-12,171.67030334472656,82.7303695678711,103.8499984741211,12.174302101135254,21.444732666015625,73.41458892822266
2015-11-13,169.74281311035156,83.04432678222656,103.55999755859375,12.081304550170898,21.51991844177246,73.39850616455078
2015-11-16,172.3240509033203,83.15423583984375,103.70999908447266,12.140484809875488,21.636871337890625,73.41458892822266
2015-11-17,172.1983642578125,83.13070678710938,102.33999633789062,11.954487800598145,21.670291900634766,73.39850616455078
2015-11-18,174.93043518066406,83.0914077758789,102.43000030517578,12.00521469116211,21.670291900634766,73.39850616455078
2015-11-19,174.779541015625,83.2719497680664,103.55999755859375,12.00521469116211,21.51991844177246,73.41458892822266
2015-11-20,175.41647338867188,83.16211700439453,103.08999633789062,11.98830509185791,21.670291900634766,73.39850616455078
2015-11-23,175.21536254882812,83.2719497680664,102.26000213623047,12.081304550170898,21.703706741333008,73.41458892822266
2015-11-24,175.45004272460938,83.35047149658203,102.94000244140625,12.27575397491455,21.66193389892578,73.39850616455078
2015-11-25,175.42494201660156,83.3975601196289,102.45999908447266,12.258845329284668,21.703706741333008,73.39850616455078
2015-11-27,175.62603759765625,83.4838638305664,101.25,12.07284927368164,21.737123489379883,73.41458892822266
2015-11-30,174.89688110351562,83.51528930664062,101.91999816894531,11.996759414672852,21.78724479675293,73.41458892822266
2015-12-01,176.56468200683594,83.9594955444336,102.27999877929688,12.132031440734863,21.68699836730957,73.39850616455078
2015-12-02,174.76283264160156,83.72360229492188,100.69000244140625,11.878397941589355,21.737123489379883,73.39850616455078
2015-12-03,172.31564331054688,82.8431396484375,101.76000213623047,12.01366901397705,21.219173431396484,73.41458892822266
2015-12-04,175.67633056640625,83.14970397949219,104.0199966430664,11.996759414672852,21.369544982910156,73.41458892822266
2015-12-07,174.61196899414062,83.41700744628906,102.66999816894531,11.650129318237305,21.43638038635254,73.41458892822266
2015-12-08,173.4386749267578,83.46420288085938,102.83999633789062,11.590949058532715,21.369544982910156,73.39850616455078
2015-12-09,172.08937072753906,83.5899887084961,102.63999938964844,11.599404335021973,21.14398765563965,73.38243103027344
2015-12-10,172.53355407714844,83.40912628173828,102.55000305175781,11.557132720947266,21.260944366455078,73.39850616455078
2015-12-11,169.1896514892578,84.077392578125,103.11000061035156,11.438770294189453,21.177404403686523,73.41458892822266
2015-12-14,170.0444793701172,83.45635223388672,101.79000091552734,11.362680435180664,21.219173431396484,73.41458892822266
2015-12-15,171.82957458496094,83.24405670166016,101.5199966430664,11.33731746673584,21.336132049560547,73.39850616455078
2015-12-16,174.34381103515625,83.02393341064453,102.75,11.286592483520508,21.336132049560547,73.41458892822266
2015-12-17,171.6871337890625,83.3698501586914,100.5,11.168231010437012,21.536630630493164,73.39850616455078
2015-12-18,168.6284637451172,83.66860961914062,102.04000091552734,11.218957901000977,21.411317825317383,73.41458892822266
2015-12-21,170.01954650878906,83.70790100097656,103.1500015258789,11.168231010437012,21.336132049560547,73.39850616455078
2015-12-22,171.56234741210938,83.47205352783203,102.61000061035156,11.117504119873047,21.302715301513672,73.39850616455078
2015-12-23,173.68685913085938,83.28335571289062,102.30999755859375,11.320409774780273,21.336132049560547,73.39850616455078
2015-12-24,173.40025329589844,83.43612670898438,103.05000305175781,11.320409774780273,21.286006927490234,73.41458892822266
2015-12-28,173.0039825439453,83.4518814086914,102.2699966430664,11.15977668762207,21.260944366455078,73.39850616455078
2015-12-29,174.85025024414062,83.01095581054688,102.19999694824219,11.345772743225098,21.31942367553711,73.39850616455078
2015-12-30,173.61099243164062,83.04248046875,101.41999816894531,11.235865592956543,21.31942367553711,73.41458892822266
2015-12-31,171.8742218017578,83.136962890625,101.45999908447266,11.295045852661133,21.428024291992188,73.39850616455078
2016-01-04,169.4715118408203,83.49124145507812,102.88999938964844,11.210502624511719,21.461442947387695,73.41458892822266
2016-01-05,169.75823974609375,83.46763610839844,103.18000030517578,11.100595474243164,21.58675193786621,73.41458892822266
2016-01-06,167.61680603027344,83.97151947021484,104.66999816894531,10.923053741455078,21.52827262878418,73.38243103027344
2016-01-07,163.5954132080078,84.15262603759766,106.1500015258789,10.872326850891113,21.31106948852539,73.39850616455078
2016-01-08,161.7997283935547,84.36521911621094,105.68000030517578,10.821600914001465,21.35283851623535,73.39850616455078
2016-01-11,161.9599151611328,84.09750366210938,104.73999786376953,10.525697708129883,21.453088760375977,73.39850616455078
2016-01-12,163.2666778564453,84.47543334960938,104.20999908447266,10.458063125610352,21.48650360107422,73.41458892822266
2016-01-13,159.19468688964844,84.8061294555664,104.72000122070312,10.398881912231445,21.453088760375977,73.39850616455078
2016-01-14,161.80819702148438,84.6329345703125,103.0199966430664,10.424243927001953,21.511564254760742,73.38243103027344
2016-01-15,158.33473205566406,85.02659606933594,104.08000183105469,10.204432487487793,21.461442947387695,73.38243103027344
2016-01-19,158.54551696777344,84.9163589477539,103.9800033569336,10.119888305664062,21.50320816040039,73.39850616455078
2016-01-20,156.51377868652344,85.33366394042969,105.37000274658203,10.04379940032959,21.511564254760742,73.39850616455078
2016-01-21,157.39053344726562,85.12105560302734,105.48999786376953,10.179069519042969,21.48650360107422,73.41458892822266
2016-01-22,160.61941528320312,84.93207550048828,105.0,10.483426094055176,21.603458404541016,73.38243103027344
2016-01-25,158.1914520263672,85.21559143066406,106.08000183105469,10.255157470703125,21.536630630493164,73.39850616455078
2016-01-26,160.34967041015625,85.27851867675781,107.29000091552734,10.458063125610352,21.494855880737305,73.38243103027344
2016-01-27,158.60452270507812,85.34152221679688,107.69000244140625,10.584878921508789,21.478145599365234,73.39850616455078
2016-01-28,159.4307098388672,85.45176696777344,106.54000091552734,10.703239440917969,21.377901077270508,73.39850616455078
2016-01-29,163.31724548339844,85.90840911865234,106.94999694824219,10.804693222045898,21.603458404541016,73.41458892822266
2016-02-01,163.2582244873047,85.71051025390625,108.05000305175781,10.601787567138672,21.461442947387695,73.38243103027344
2016-02-02,160.31597900390625,86.31766510009766,108.08999633789062,10.415789604187012,21.444732666015625,73.38243103027344
2016-02-03,161.27703857421875,86.22306060791016,109.25,10.677877426147461,21.07715606689453,73.39850616455078
2016-02-04,161.52992248535156,86.42808532714844,110.56999969482422,10.660967826843262,20.935138702392578,73.41458892822266
2016-02-05,158.45281982421875,86.5384292602539,112.31999969482422,10.593332290649414,21.027034759521484,73.41458892822266
2016-02-08,156.31982421875,87.18500518798828,113.83000183105469,10.542607307434082,20.976909637451172,73.39850616455078
2016-02-09,156.32826232910156,87.20075988769531,113.58000183105469,10.272067070007324,20.826536178588867,73.41458892822266
2016-02-10,156.1933135986328,87.46099853515625,114.45999908447266,10.288975715637207,20.784765243530273,73.39850616455078
2016-02-11,154.16163635253906,87.86315155029297,119.05999755859375,10.415789604187012,20.726285934448242,73.41458892822266
2016-02-12,157.3399200439453,87.19293975830078,118.36000061035156,10.567970275878906,20.81818389892578,73.39850616455078
2016-02-16,159.99559020996094,86.93269348144531,114.7699966430664,10.44960880279541,21.001970291137695,73.39850616455078
2016-02-17,162.60906982421875,86.71977233886719,115.4800033569336,10.66942310333252,20.993616104125977,73.39850616455078
2016-02-18,161.9430694580078,87.12193298339844,118.29000091552734,10.61024284362793,21.001970291137695,73.41458892822266
2016-02-19,161.8671875,87.12193298339844,117.58000183105469,10.517243385314941,20.943492889404297,73.41458892822266
2016-02-22,164.21087646484375,87.03524017333984,115.48999786376953,10.677877426147461,21.102218627929688,73.41458892822266
2016-02-23,162.13697814941406,87.20869445800781,117.22000122070312,10.534151077270508,21.11057472229004,73.39850616455078
2016-02-24,162.8788604736328,87.20869445800781,117.61000061035156,10.66942310333252,21.127281188964844,73.41458892822266
2016-02-25,164.85159301757812,87.46890258789062,117.91999816894531,10.660967826843262,21.11057472229004,73.39850616455078
2016-02-26,164.4722137451172,87.04312133789062,117.11000061035156,10.644059181213379,21.252592086791992,73.39850616455078
2016-02-29,163.1823272705078,87.18500518798828,118.63999938964844,10.779330253601074,21.294363021850586,73.41458892822266
2016-03-01,167.01821899414062,86.50357818603516,117.7699966430664,10.787784576416016,21.302715301513672,73.41458892822266
2016-03-02,167.76856994628906,86.35354614257812,118.68000030517578,10.846963882446289,21.286006927490234,73.39850616455078
2016-03-03,168.42613220214844,86.45621490478516,120.7300033569336,10.906145095825195,21.15234375,73.41458892822266
2016-03-04,168.97410583496094,86.1640396118164,120.54000091552734,11.117504119873047,21.0938663482666,73.41458892822266
2016-03-07,169.1090087890625,85.99029541015625,121.13999938964844,11.320409774780273,21.052093505859375,73.41458892822266
2016-03-08,167.2627410888672,86.48777770996094,120.58000183105469,11.168231010437012,21.060447692871094,73.39850616455078
2016-03-09,168.08892822265625,86.14823150634766,119.58000183105469,11.33731746673584,21.068803787231445,73.41458892822266
2016-03-10,168.22381591796875,85.84026336669922,121.5,11.320409774780273,20.85995101928711,73.41458892822266
2016-03-11,170.93846130371094,85.5954818725586,119.41000366210938,11.362680435180664,20.843244552612305,73.39850616455078
2016-03-14,170.7192840576172,85.65872955322266,117.87000274658203,11.261228561401367,20.92678451538086,73.39850616455078
2016-03-15,170.4410400390625,85.64286804199219,117.95999908447266,11.168231010437012,20.943492889404297,73.39850616455078
2016-03-16,171.42738342285156,86.09297180175781,120.58999633789062,11.362680435180664,20.717933654785156,73.41458892822266
2016-03-17,172.5150146484375,86.18770599365234,120.12999725341797,11.489496231079102,20.53414535522461,73.39850616455078
2016-03-18,173.19293212890625,86.33776092529297,119.80000305175781,11.481042861938477,20.584270477294922,73.39850616455078
2016-03-21,173.4386444091797,86.09297180175781,118.95999908447266,11.514859199523926,20.651103973388672,73.41458892822266
2016-03-22,173.345458984375,85.9113540649414,119.30999755859375,11.599404335021973,20.709583282470703,73.41458892822266
2016-03-23,172.20143127441406,86.30615997314453,116.61000061035156,11.354227066040039,20.81818389892578,73.39850616455078
2016-03-24,172.12515258789062,86.21931457519531,116.33000183105469,11.286592483520508,20.826536178588867,73.41458892822266
2016-03-28,172.2268829345703,86.34565734863281,116.5999984741211,11.320409774780273,20.784765243530273,73.41458892822266
2016-03-29,173.82003784179688,86.93000793457031,118.76000213623047,11.295045852661133,20.600976943969727,73.41458892822266
2016-03-30,174.58267211914062,86.81153106689453,117.0999984741211,11.252774238586426,20.53414535522461,73.41458892822266
2016-03-31,174.15890502929688,87.12738800048828,117.63999938964844,11.235865592956543,20.500732421875,73.41458892822266
2016-04-01,175.3453369140625,87.10208892822266,116.93000030517578,11.04141616821289,20.49237632751465,73.41458892822266
2016-04-04,174.77752685546875,87.2048568725586,116.1500015258789,10.889236450195312,20.475669860839844,73.41458892822266
2016-04-05,173.03196716308594,87.55284881591797,117.66000366210938,10.863873481750488,20.49237632751465,73.43063354492188
2016-04-06,174.92161560058594,87.36309051513672,116.94000244140625,10.982234001159668,20.450605392456055,73.43063354492188
2016-04-07,172.82850646972656,87.8138427734375,118.61000061035156,10.948416709899902,20.475669860839844,73.41458892822266
2016-04-08,173.29458618164062,87.67938995361328,118.43000030517578,11.210502624511719,20.400482177734375,73.43063354492188
2016-04-11,172.88784790039062,87.66357421875,120.02999877929688,11.295045852661133,20.350358963012695,73.41458892822266
2016-04-12,174.49794006347656,87.31560516357422,120.05000305175781,11.54022216796875,20.350358963012695,73.41458892822266
2016-04-13,176.26055908203125,87.37885284423828,118.7699966430664,11.599404335021973,20.50908660888672,73.43063354492188
2016-04-14,176.26901245117188,87.17322540283203,117.11000061035156,11.5064058303833,20.559207916259766,73.43063354492188
2016-04-15,176.07406616210938,87.43427276611328,117.91999816894531,11.464134216308594,20.500732421875,73.41458892822266
2016-04-18,177.3113250732422,87.34723663330078,117.73999786376953,11.514859199523926,20.45895767211914,73.43063354492188
2016-04-19,177.87059020996094,87.2048568725586,119.58000183105469,11.76003646850586,20.358713150024414,73.43063354492188
2016-04-20,178.0400848388672,86.76204681396484,118.97000122070312,11.98830509185791,20.475669860839844,73.43063354492188
2016-04-21,177.08250427246094,86.61965942382812,119.41999816894531,11.937578201293945,20.475669860839844,73.41458892822266
2016-04-22,177.08250427246094,86.5247802734375,117.88999938964844,11.886852264404297,20.592622756958008,73.43063354492188
2016-04-25,176.77743530273438,86.42984771728516,118.2300033569336,11.878397941589355,20.525794982910156,73.41458892822266
2016-04-26,177.0401153564453,86.24798583984375,118.69999694824219,12.030576705932617,20.467315673828125,73.43063354492188
2016-04-27,177.40451049804688,86.72250366210938,119.04000091552734,12.140484809875488,20.44225311279297,73.43063354492188
2016-04-28,175.79446411132812,87.02302551269531,121.29000091552734,12.208118438720703,20.275171279907227,73.43063354492188
2016-04-29,174.8453826904297,86.9913330078125,123.6500015258789,12.326478958129883,20.133155822753906,73.44670867919922
2016-05-02,176.23507690429688,86.73870849609375,123.23999786376953,12.157393455505371,20.057968139648438,73.43063354492188
2016-05-03,174.7012939453125,87.2535400390625,122.95999908447266,11.971395492553711,20.116445541381836,73.44670867919922
2016-05-04,173.72682189941406,87.41191864013672,122.20999908447266,11.979850769042969,20.191633224487305,73.43063354492188
2016-05-05,173.69290161132812,87.6495361328125,122.06999969482422,11.861489295959473,20.291881561279297,73.43063354492188
2016-05-06,174.3284149169922,87.44359588623047,123.18000030517578,11.937578201293945,20.316944122314453,73.44670867919922
2016-05-09,174.4725341796875,87.60990905761719,120.6500015258789,11.675494194030762,20.37542152404785,73.44670867919922
2016-05-10,176.641845703125,87.59405517578125,120.9800033569336,11.962942123413086,20.39212989807129,73.44670867919922
2016-05-11,174.9894256591797,87.72870635986328,122.12000274658203,12.241935729980469,20.291881561279297,73.41458892822266
2016-05-12,175.04029846191406,87.49108123779297,121.16000366210938,12.258845329284668,20.367067337036133,73.41458892822266
2016-05-13,173.51490783691406,87.82379150390625,121.70999908447266,12.241935729980469,20.45895767211914,73.41458892822266
2016-05-16,175.22669982910156,87.50696563720703,121.80000305175781,12.377205848693848,20.450605392456055,73.41458892822266
2016-05-17,173.59117126464844,87.38813018798828,122.22000122070312,12.470205307006836,20.450605392456055,73.41458892822266
2016-05-18,173.64205932617188,86.68331146240234,120.0999984741211,12.377205848693848,20.592622756958008,73.43063354492188
2016-05-19,173.04037475585938,86.77039337158203,119.87000274658203,12.343388557434082,20.62604331970215,73.41458892822266
2016-05-20,174.133544921875,86.82585144042969,119.70999908447266,12.39411449432373,20.62604331970215,73.43063354492188
2016-05-23,173.89622497558594,86.8812255859375,119.37000274658203,12.326478958129883,20.617685317993164,73.44670867919922
2016-05-24,176.15036010742188,86.73870849609375,117.30000305175781,12.326478958129883,20.684518814086914,73.41458892822266
2016-05-25,177.34521484375,86.69913482666016,116.9800033569336,12.470205307006836,20.62604331970215,73.43063354492188
2016-05-26,177.3960723876953,86.96841430664062,116.58000183105469,12.461750984191895,20.592622756958008,73.43063354492188
2016-05-27,178.15869140625,86.80209350585938,115.62000274658203,12.512476921081543,20.709583282470703,73.44670867919922
2016-05-31,177.8197784423828,86.90503692626953,116.05999755859375,12.436387062072754,20.7513484954834,73.44670867919922
2016-06-01,178.18411254882812,86.87568664550781,115.94000244140625,12.563201904296875,20.634397506713867,73.44670867919922
2016-06-02,178.72647094726562,87.1453857421875,115.66999816894531,12.588566780090332,20.659456253051758,73.43063354492188
2016-06-03,178.19261169433594,87.9544448852539,118.87999725341797,12.67310905456543,20.333650588989258,73.44670867919922
2016-06-06,179.0993194580078,87.72435760498047,118.91999816894531,12.825288772583008,20.333650588989258,73.4627685546875
2016-06-07,179.37899780273438,87.85128021240234,118.81999969482422,12.952102661132812,20.30023193359375,73.4627685546875
2016-06-08,179.9636993408203,87.9544448852539,120.58000183105469,13.171917915344238,20.24175453186035,73.4627685546875
2016-06-09,179.7179412841797,88.08921813964844,121.25,13.146554946899414,20.333650588989258,73.43063354492188
2016-06-10,178.01466369628906,88.39855194091797,121.73999786376953,12.985921859741211,20.467315673828125,73.43063354492188
2016-06-13,176.641845703125,88.57310485839844,122.63999938964844,12.985921859741211,20.417192459106445,73.43063354492188
2016-06-14,176.29441833496094,88.54926300048828,122.7699966430664,12.901376724243164,20.542499542236328,73.43063354492188
2016-06-15,176.04864501953125,88.81895446777344,123.68000030517578,12.83374309539795,20.49237632751465,73.43063354492188
2016-06-16,176.5740966796875,88.91413879394531,122.37999725341797,12.61392879486084,20.467315673828125,73.44670867919922
2016-06-17,175.91648864746094,88.61273956298828,123.94999694824219,12.909832954406738,20.37542152404785,73.43063354492188
2016-06-20,177.04940795898438,88.23201751708984,123.20999908447266,13.028193473815918,20.258464813232422,73.44670867919922
2016-06-21,177.55197143554688,88.03372192382812,120.83999633789062,12.926740646362305,20.358713150024414,73.44670867919922
2016-06-22,177.2623291015625,88.20817565917969,120.9000015258789,12.850651741027832,20.26681900024414,73.44670867919922
2016-06-23,179.57070922851562,87.7878189086914,120.11000061035156,12.952102661132812,20.174924850463867,73.44670867919922
2016-06-24,173.1225128173828,89.00137329101562,126.0,12.690018653869629,20.70122528076172,73.43063354492188
2016-06-27,170.0219268798828,89.77073669433594,126.68000030517578,12.664653778076172,20.876659393310547,73.43063354492188
2016-06-28,173.0884552001953,89.7548828125,125.31999969482422,12.867560386657715,20.77641487121582,73.43063354492188
2016-06-29,176.0356903076172,89.39002990722656,125.83999633789062,13.053556442260742,20.709583282470703,73.43063354492188
2016-06-30,178.43783569335938,89.58834075927734,126.47000122070312,12.977468490600586,20.7513484954834,73.43063354492188
2016-07-01,178.81265258789062,89.82503509521484,128.41000366210938,13.138100624084473,20.684518814086914,73.4627685546875
2016-07-05,177.52639770507812,90.31747436523438,129.47000122070312,12.766107559204102,20.826536178588867,73.4627685546875
2016-07-06,178.5911407470703,90.33335876464844,130.22999572753906,12.81683349609375,20.7680606842041,73.44670867919922
2016-07-07,178.48040771484375,90.21424102783203,129.74000549316406,12.453295707702637,20.81818389892578,73.4627685546875
2016-07-08,181.1380615234375,90.3889389038086,130.52000427246094,12.58011245727539,20.826536178588867,73.44670867919922
2016-07-11,181.77694702148438,89.91242218017578,129.2899932861328,12.52938461303711,20.885011672973633,73.4627685546875
2016-07-12,183.0972900390625,89.38019561767578,127.1500015258789,12.766107559204102,20.86830711364746,73.43063354492188
2016-07-13,183.07171630859375,89.61051940917969,128.32000732421875,12.605473518371582,20.81818389892578,73.44670867919922
2016-07-14,184.09393310546875,89.23721313476562,127.33000183105469,12.656201362609863,20.7680606842041,73.4627685546875
2016-07-15,183.8468475341797,88.89569854736328,126.83999633789062,12.622383117675781,20.85159683227539,73.44670867919922
2016-07-18,184.3408966064453,88.87188720703125,127.04000091552734,12.563201904296875,20.86830711364746,73.44670867919922
2016-07-19,184.1535186767578,89.11018371582031,127.20999908447266,12.487112998962402,20.968555450439453,73.4627685546875
2016-07-20,184.92015075683594,88.927490234375,125.38999938964844,12.402569770812988,20.985261917114258,73.4627685546875
2016-07-21,184.22169494628906,89.12604522705078,127.30000305175781,12.33493423461914,20.951847076416016,73.4627685546875
2016-07-22,185.04791259765625,89.05451965332031,126.3499984741211,12.309572219848633,21.060447692871094,73.4627685546875
2016-07-25,184.54534912109375,88.98310089111328,125.47000122070312,12.174302101135254,21.027034759521484,73.44670867919922
2016-07-26,184.63047790527344,89.03868865966797,126.0,12.123576164245605,21.001970291137695,73.44670867919922
2016-07-27,184.43458557128906,89.41996002197266,128.02999877929688,12.00521469116211,20.901723861694336,73.4627685546875
2016-07-28,184.64755249023438,89.46756744384766,127.66000366210938,11.971395492553711,20.893369674682617,73.44670867919922
2016-07-29,184.94570922851562,89.80912017822266,128.97999572753906,12.07284927368164,20.609333038330078,73.4627685546875
2016-08-01,184.79234313964844,89.49732208251953,129.22000122070312,11.861489295959473,20.66781234741211,73.44670867919922
2016-08-02,183.6083526611328,89.2825927734375,130.27000427246094,11.844581604003906,20.525794982910156,73.4627685546875
2016-08-03,184.1449737548828,89.33032989501953,129.64999389648438,12.039031028747559,20.64274787902832,73.44670867919922
2016-08-04,184.3408966064453,89.54508972167969,129.8699951171875,12.089756965637207,20.676164627075195,73.44670867919922
2016-08-05,185.8485870361328,88.98827362060547,127.55000305175781,12.140484809875488,20.784765243530273,73.44670867919922
2016-08-08,185.7378692626953,88.9405746459961,127.44000244140625,12.208118438720703,20.80147361755371,73.44670867919922
2016-08-09,185.8485870361328,89.25871276855469,127.95999908447266,12.174302101135254,20.75970458984375,73.44670867919922
2016-08-10,185.38868713378906,89.49732208251953,128.55999755859375,12.030576705932617,20.651103973388672,73.44670867919922
2016-08-11,186.24893188476562,89.06783294677734,127.66999816894531,12.216572761535645,20.709583282470703,73.44670867919922
2016-08-12,186.08709716796875,89.38594818115234,127.4000015258789,12.309572219848633,20.676164627075195,73.44670867919922
2016-08-15,186.6237335205078,89.12351989746094,127.83999633789062,12.512476921081543,20.64274787902832,73.44670867919922
2016-08-16,185.66119384765625,88.97242736816406,128.47000122070312,12.61392879486084,20.45895767211914,73.44670867919922
2016-08-17,186.01043701171875,89.11553955078125,128.5,12.664653778076172,20.475669860839844,73.44670867919922
2016-08-18,186.4278106689453,89.27462768554688,129.11000061035156,12.825288772583008,20.32529640197754,73.4627685546875
2016-08-19,186.15525817871094,88.97242736816406,127.97000122070312,12.783015251159668,20.400482177734375,73.44670867919922
2016-08-22,186.14674377441406,89.1711654663086,127.77999877929688,12.664653778076172,20.425546646118164,73.44670867919922
2016-08-23,186.52159118652344,89.16331481933594,127.76000213623047,12.715381622314453,20.408836364746094,73.44670867919922
2016-08-24,185.56753540039062,89.13140869140625,126.33999633789062,12.563201904296875,20.467315673828125,73.4627685546875
2016-08-25,185.43971252441406,88.98827362060547,126.2300033569336,12.61392879486084,20.467315673828125,73.44670867919922
2016-08-26,185.09051513671875,88.64625549316406,126.05000305175781,12.57165813446045,20.617685317993164,73.44670867919922
2016-08-29,186.0019073486328,89.01216125488281,126.30000305175781,12.5209321975708,20.634397506713867,73.4627685546875
2016-08-30,185.6953125,89.00421905517578,125.02999877929688,12.402569770812988,20.74299430847168,73.4627685546875
2016-08-31,185.1671142578125,88.90081787109375,124.77999877929688,12.165846824645996,20.734643936157227,73.4627685546875
2016-09-01,185.1756591796875,89.0401611328125,125.29000091552734,12.030576705932617,20.659456253051758,73.4627685546875
2016-09-02,186.01043701171875,88.80921936035156,126.56999969482422,12.165846824645996,20.709583282470703,73.47885131835938
2016-09-06,186.5726776123047,89.22339630126953,128.7100067138672,12.25039005279541,20.467315673828125,73.47885131835938
2016-09-07,186.5555419921875,89.27117156982422,128.27000427246094,12.360298156738281,20.500732421875,73.4627685546875
2016-09-08,186.1296844482422,88.83313751220703,127.58999633789062,12.58011245727539,20.525794982910156,73.4627685546875
2016-09-09,181.6747283935547,88.41096496582031,126.75,12.385659217834473,20.584270477294922,73.47885131835938
2016-09-12,184.28125,88.4906005859375,126.58999633789062,12.385659217834473,20.550857543945312,73.44670867919922
2016-09-13,181.6321563720703,88.16404724121094,125.75,12.225027084350586,20.634397506713867,73.4627685546875
2016-09-14,181.5640106201172,88.36315155029297,126.18000030517578,12.132031440734863,20.584270477294922,73.4627685546875
2016-09-15,183.3783416748047,88.3870849609375,125.37000274658203,12.191210746765137,20.575916290283203,73.4627685546875
2016-09-16,182.66952514648438,88.48258972167969,125.05999755859375,12.208118438720703,20.74299430847168,73.4627685546875
2016-09-19,182.70370483398438,88.3313217163086,125.31999969482422,12.199665069580078,20.692873001098633,73.4627685546875
2016-09-20,182.7122802734375,88.46669006347656,125.44000244140625,12.241935729980469,20.726285934448242,73.4627685546875
2016-09-21,184.76693725585938,88.6100845336914,127.2699966430664,12.39411449432373,20.634397506713867,73.4627685546875
2016-09-22,185.93128967285156,88.87289428710938,127.56999969482422,12.461750984191895,20.609333038330078,73.47885131835938
2016-09-23,184.9125213623047,88.91278076171875,127.6500015258789,12.318024635314941,20.617685317993164,73.47885131835938
2016-09-26,183.41424560546875,89.16758728027344,127.55000305175781,12.402569770812988,20.575916290283203,73.47885131835938
2016-09-27,184.55294799804688,89.31893157958984,126.62000274658203,12.284208297729492,20.592622756958008,73.4627685546875
2016-09-28,185.46900939941406,89.27912902832031,126.22000122070312,12.57165813446045,20.609333038330078,73.4627685546875
2016-09-29,183.79098510742188,89.33489227294922,126.06999969482422,12.647747039794922,20.62604331970215,73.4627685546875
2016-09-30,185.177978515625,89.11184692382812,125.63999938964844,12.690018653869629,20.617685317993164,73.47885131835938
2016-10-03,184.73272705078125,88.90447998046875,125.31999969482422,12.799925804138184,20.659456253051758,73.4627685546875
2016-10-04,183.79098510742188,88.49775695800781,120.97000122070312,12.766107559204102,20.7513484954834,73.47885131835938
2016-10-05,184.6042938232422,88.29834747314453,120.77999877929688,12.842195510864258,20.77641487121582,73.47885131835938
2016-10-06,184.73272705078125,88.11490631103516,119.66000366210938,12.867560386657715,20.885011672973633,73.47885131835938
2016-10-07,184.09922790527344,88.24249267578125,119.73999786376953,12.83374309539795,20.85159683227539,73.47885131835938
2016-10-10,185.0580596923828,88.01121520996094,120.16000366210938,12.977468490600586,20.935138702392578,73.47885131835938
2016-10-11,182.72084045410156,87.98728942871094,119.55000305175781,12.901376724243164,21.0938663482666,73.4627685546875
2016-10-12,182.96055603027344,87.98728942871094,119.73999786376953,12.808379173278809,21.15234375,73.47885131835938
2016-10-13,182.36123657226562,88.17076873779297,120.02999877929688,12.892922401428223,21.07715606689453,73.4627685546875
2016-10-14,182.45545959472656,87.89952850341797,119.36000061035156,12.901376724243164,21.18575668334961,73.4627685546875
2016-10-17,181.82191467285156,88.09098815917969,119.68000030517578,12.918286323547363,21.13563346862793,73.4627685546875
2016-10-18,182.96055603027344,88.2664794921875,120.41999816894531,12.943649291992188,21.15234375,73.4627685546875
2016-10-19,183.44854736328125,88.30633544921875,121.11000061035156,13.028193473815918,21.16069793701172,73.47885131835938
2016-10-20,183.10610961914062,88.22655487060547,120.73999786376953,12.909832954406738,21.227529525756836,73.4627685546875
2016-10-21,183.19168090820312,88.3222427368164,120.83000183105469,12.960558891296387,21.302715301513672,73.4627685546875
2016-10-24,183.97079467773438,88.20265197753906,120.55999755859375,12.969013214111328,21.327777862548828,73.4627685546875
2016-10-25,183.3544158935547,88.18673706054688,121.47000122070312,12.909832954406738,21.31942367553711,73.4627685546875
2016-10-26,182.98623657226562,87.99531555175781,120.79000091552734,12.825288772583008,21.31106948852539,73.47885131835938
2016-10-27,182.498291015625,87.69216918945312,121.01000213623047,12.901376724243164,21.35283851623535,73.4627685546875
2016-10-28,181.95889282226562,87.70816040039062,121.58000183105469,12.81683349609375,21.227529525756836,73.47885131835938
2016-10-31,181.9674530029297,87.7798843383789,121.94000244140625,12.647747039794922,21.235883712768555,73.49488067626953
2016-11-01,180.64903259277344,87.78312683105469,122.7300033569336,12.706927299499512,21.127281188964844,73.47885131835938
2016-11-02,179.56178283691406,88.04666900634766,123.63999938964844,12.55474853515625,21.052093505859375,73.49488067626953
2016-11-03,178.73989868164062,87.99081420898438,124.30000305175781,12.512476921081543,20.993616104125977,73.47885131835938
2016-11-04,178.54299926757812,88.26236724853516,124.38999938964844,12.427932739257812,20.935138702392578,73.49488067626953
2016-11-07,182.4811248779297,87.89495086669922,122.1500015258789,12.478659629821777,21.11057472229004,73.47885131835938
2016-11-08,183.30296325683594,87.58344268798828,121.63999938964844,12.461750984191895,21.169052124023438,73.49488067626953
2016-11-09,185.24639892578125,86.24959564208984,121.55999755859375,12.5209321975708,21.302715301513672,73.4627685546875
2016-11-10,185.70864868164062,85.73052215576172,119.75,12.419479370117188,21.344480514526367,73.4627685546875
2016-11-11,185.28065490722656,85.5547866821289,117.0999984741211,12.182756423950195,21.377901077270508,73.43063354492188
2016-11-14,185.42616271972656,85.05961608886719,116.11000061035156,12.157393455505371,21.58675193786621,73.4627685546875
2016-11-15,186.87301635742188,85.05961608886719,117.12000274658203,12.427932739257812,21.620166778564453,73.47885131835938
2016-11-16,186.5220184326172,85.13949584960938,116.7699966430664,12.27575397491455,21.678646087646484,73.47885131835938
2016-11-17,187.48086547851562,84.76412963867188,116.16999816894531,12.301117897033691,21.803955078125,73.49488067626953
2016-11-18,187.0613250732422,84.38874816894531,115.1500015258789,12.402569770812988,21.87914276123047,73.47885131835938
2016-11-21,188.4739532470703,84.46060180664062,115.58000183105469,12.749198913574219,21.79560089111328,73.4627685546875
2016-11-22,188.84205627441406,84.54046630859375,115.54000091552734,12.732290267944336,21.829017639160156,73.4627685546875
2016-11-23,188.94480895996094,84.23696899414062,113.25,12.783015251159668,21.962682723999023,73.4627685546875
2016-11-25,189.64686584472656,84.16512298583984,112.61000061035156,12.690018653869629,21.92091178894043,73.47885131835938
2016-11-28,188.7564239501953,84.5484619140625,113.80000305175781,12.732290267944336,21.86243438720703,73.4627685546875
2016-11-29,189.1246337890625,84.63629913330078,113.2699966430664,12.478659629821777,21.81231117248535,73.4627685546875
2016-11-30,188.6708221435547,84.06928253173828,111.75,12.85910701751709,21.929264068603516,73.4627685546875
2016-12-01,187.9774169921875,83.74856567382812,111.54000091552734,13.095829010009766,21.81231117248535,73.49651336669922
2016-12-02,188.0715789794922,84.12444305419922,112.13999938964844,13.188826560974121,21.762182235717773,73.4804458618164
2016-12-05,189.20166015625,84.09247589111328,111.54000091552734,13.256462097167969,21.620166778564453,73.4804458618164
2016-12-06,189.80088806152344,84.12444305419922,111.43000030517578,13.197280883789062,21.703706741333008,73.49651336669922
2016-12-07,192.28372192382812,84.40438842773438,111.83000183105469,13.095829010009766,21.636871337890625,73.49651336669922
2016-12-08,192.75453186035156,84.08448028564453,111.56999969482422,13.12119197845459,21.829017639160156,73.49651336669922
2016-12-09,193.9188232421875,83.65251922607422,110.4000015258789,13.188826560974121,21.92091178894043,73.49651336669922
2016-12-12,193.69625854492188,83.66856384277344,110.81999969482422,13.273370742797852,21.79560089111328,73.4804458618164
2016-12-13,194.98899841308594,83.71650695800781,110.44999694824219,13.3071870803833,21.820663452148438,73.49651336669922
2016-12-14,193.3794708251953,83.02069854736328,108.83000183105469,13.180370330810547,22.029512405395508,73.49651336669922
2016-12-15,194.17572021484375,82.78874969482422,107.33999633789062,13.16346263885498,22.271778106689453,73.49651336669922
2016-12-16,193.79591369628906,82.89271545410156,108.05000305175781,13.222643852233887,22.196596145629883,73.4804458618164
2016-12-19,194.21788024902344,83.276611328125,108.58999633789062,13.146554946899414,22.263423919677734,73.49651336669922
2016-12-20,194.96705627441406,83.10066986083984,107.79000091552734,13.205734252929688,22.305194854736328,73.4804458618164
2016-12-21,194.424560546875,83.23668670654297,107.8499984741211,13.129646301269531,22.238365173339844,73.49651336669922
2016-12-22,194.08872985839844,83.20060729980469,107.58999633789062,13.112738609313965,22.263423919677734,73.4804458618164
2016-12-23,194.37295532226562,83.28068542480469,107.93000030517578,13.138100624084473,22.246715545654297,73.4804458618164
2016-12-27,194.85516357421875,83.16055297851562,108.55999755859375,13.341004371643066,22.238365173339844,73.49651336669922
2016-12-28,193.24476623535156,83.46497344970703,108.86000061035156,13.349459648132324,22.296844482421875,73.49492645263672
2016-12-29,193.20172119140625,83.72128295898438,110.29000091552734,13.366368293762207,22.171531677246094,73.51101684570312
2016-12-30,192.4955291748047,83.96963500976562,109.61000061035156,13.391732215881348,22.104698181152344,73.47887420654297
2017-01-03,193.9681396484375,83.92955780029297,110.47000122070312,13.231097221374512,22.305194854736328,73.51101684570312
2017-01-04,195.12205505371094,84.02569580078125,110.86000061035156,13.332551002502441,22.13811683654785,73.51101684570312
2017-01-05,194.96705627441406,84.57041931152344,112.58000183105469,13.400186538696289,21.904203414916992,73.49492645263672
2017-01-06,195.6646270751953,84.18595123291016,111.75,13.383277893066406,22.062929153442383,73.51101684570312
2017-01-09,195.0187530517578,84.5063705444336,112.66999816894531,13.180370330810547,22.004451751708984,73.51101684570312
2017-01-10,195.0187530517578,84.46632385253906,113.1500015258789,13.12119197845459,22.012805938720703,73.49492645263672
2017-01-11,195.56988525390625,84.56243133544922,113.5,13.264915466308594,21.962682723999023,73.51101684570312
2017-01-12,195.07904052734375,84.61054229736328,113.91000366210938,13.459366798400879,21.87914276123047,73.51101684570312
2017-01-13,195.52684020996094,84.42626953125,114.20999908447266,13.434004783630371,21.854082107543945,73.51101684570312
2017-01-17,194.83792114257812,84.85082244873047,115.8499984741211,13.425549507141113,21.653583526611328,73.51101684570312
2017-01-18,195.26852416992188,84.24999237060547,114.87000274658203,13.3071870803833,21.854082107543945,73.49492645263672
2017-01-19,194.5450897216797,83.92955780029297,114.7699966430664,13.264915466308594,21.820663452148438,73.49492645263672
2017-01-20,195.25987243652344,83.96963500976562,115.05000305175781,13.417094230651855,21.7454776763916,73.51101684570312
2017-01-23,194.75180053710938,84.41026306152344,115.79000091552734,13.417094230651855,21.62851905822754,73.49492645263672
2017-01-24,196.00045776367188,84.08980560302734,115.2699966430664,13.450912475585938,21.636871337890625,73.49492645263672
2017-01-25,197.6969757080078,83.67324829101562,114.31999969482422,13.366368293762207,21.561689376831055,73.51101684570312
2017-01-26,197.4903106689453,83.78536987304688,113.26000213623047,13.425549507141113,21.703706741333008,73.5270767211914
2017-01-27,197.18028259277344,83.88954162597656,113.48999786376953,13.315642356872559,21.71206283569336,73.49492645263672
2017-01-30,195.9574432373047,83.86553192138672,113.97000122070312,13.23955249786377,21.670291900634766,73.5270767211914
2017-01-31,195.940185546875,84.1539077758789,115.55000305175781,13.315642356872559,21.494855880737305,73.51101684570312
2017-02-01,196.01773071289062,83.99263763427734,115.19999694824219,13.459366798400879,21.511564254760742,73.51586151123047
2017-02-02,196.1468963623047,84.02471160888672,115.83999633789062,13.459366798400879,21.54498291015625,73.51586151123047
2017-02-03,197.49888610839844,84.08890533447266,116.12999725341797,13.450912475585938,21.536630630493164,73.49976348876953
2017-02-06,197.1458282470703,84.49006652832031,117.69999694824219,13.366368293762207,21.553335189819336,73.53192901611328
2017-02-07,197.15443420410156,84.64249420166016,117.45999908447266,13.3071870803833,21.66193389892578,73.53192901611328
2017-02-08,197.41275024414062,84.98747253417969,118.19000244140625,13.35791301727295,21.636871337890625,73.53192901611328
2017-02-09,198.58396911621094,84.48204040527344,117.29000091552734,13.425549507141113,21.720417022705078,73.53192901611328
2017-02-10,199.3676300048828,84.42588806152344,117.5999984741211,13.569272994995117,21.7454776763916,73.51586151123047
2017-02-13,200.4527130126953,84.2975082397461,116.80000305175781,13.417094230651855,21.79560089111328,73.51586151123047
2017-02-14,201.2535400390625,83.99263763427734,116.93000030517578,13.434004783630371,21.84572410583496,73.53192901611328
2017-02-15,202.30419921875,83.83219146728516,117.44999694824219,13.450912475585938,21.803955078125,73.51586151123047
2017-02-16,202.1319122314453,84.16918182373047,118.08000183105469,13.366368293762207,21.678646087646484,73.51586151123047
2017-02-17,202.45057678222656,84.393798828125,117.68000030517578,13.341004371643066,21.78724479675293,73.53192901611328
2017-02-21,203.65623474121094,84.35368347167969,117.75,13.3240966796875,21.887495040893555,73.51586151123047
2017-02-22,203.47543334960938,84.49006652832031,117.91000366210938,13.256462097167969,21.837371826171875,73.51586151123047
2017-02-23,203.61312866210938,84.71466827392578,118.94000244140625,13.29873275756836,21.78724479675293,73.51586151123047
2017-02-24,203.8715362548828,85.10782623291016,119.69999694824219,13.273370742797852,21.829017639160156,73.51586151123047
2017-02-27,204.1901092529297,84.802978515625,119.12000274658203,13.23955249786377,21.829017639160156,73.51586151123047
2017-02-28,203.6389923095703,84.76280975341797,119.2300033569336,13.290279388427734,21.81231117248535,73.5479965209961
2017-03-01,206.48944091796875,84.17230224609375,119.05999755859375,13.349459648132324,21.962682723999023,73.51905059814453
2017-03-02,205.18911743164062,83.93134307861328,117.58000183105469,13.138100624084473,22.054574966430664,73.51905059814453
2017-03-03,205.31826782226562,84.01164245605469,117.51000213623047,13.205734252929688,21.86243438720703,73.53511810302734
2017-03-06,204.70684814453125,83.99559020996094,116.72000122070312,13.188826560974121,21.9376220703125,73.55120086669922
2017-03-07,204.09542846679688,83.87504577636719,115.77999877929688,13.129646301269531,21.962682723999023,73.51905059814453
2017-03-08,203.7164764404297,83.59388732910156,115.05999755859375,12.83374309539795,22.037866592407227,73.51905059814453
2017-03-09,203.9748077392578,83.36092376708984,114.47000122070312,12.723834991455078,21.996097564697266,73.51905059814453
2017-03-10,204.6896209716797,83.53768920898438,114.72000122070312,12.605473518371582,21.84572410583496,73.53511810302734
2017-03-13,204.79290771484375,83.32878875732422,114.73999786376953,12.588566780090332,21.87914276123047,73.51905059814453
2017-03-14,204.00930786132812,83.41715240478516,114.12000274658203,12.537839889526367,21.954328536987305,73.51905059814453
2017-03-15,205.77467346191406,84.14824676513672,116.25,12.647747039794922,21.695356369018555,73.53511810302734
2017-03-16,205.3699188232422,83.9152603149414,116.7300033569336,12.630837440490723,21.620166778564453,73.55120086669922
2017-03-17,205.00927734375,84.14022827148438,116.98999786376953,12.67310905456543,21.62851905822754,73.55120086669922
2017-03-20,204.7843475341797,84.34103393554688,117.51000213623047,12.664653778076172,21.636871337890625,73.53511810302734
2017-03-21,202.15504455566406,84.62223052978516,118.54000091552734,12.597021102905273,21.50320816040039,73.55120086669922
2017-03-22,202.63076782226562,84.782958984375,118.83000183105469,12.588566780090332,21.48650360107422,73.55120086669922
2017-03-23,202.41452026367188,84.69456481933594,118.66999816894531,12.563201904296875,21.511564254760742,73.53511810302734
2017-03-24,202.26748657226562,84.74275970458984,118.86000061035156,12.605473518371582,21.50320816040039,73.55120086669922
2017-03-27,202.05992126464844,84.95160675048828,119.52999877929688,12.588566780090332,21.386255264282227,73.55120086669922
2017-03-28,203.53025817871094,84.66239166259766,119.04000091552734,12.664653778076172,21.50320816040039,73.55120086669922
2017-03-29,203.7205352783203,84.9034194946289,119.33000183105469,12.783015251159668,21.54498291015625,73.55120086669922
2017-03-30,204.36923217773438,84.66239166259766,118.47000122070312,12.83374309539795,21.68699836730957,73.55120086669922
2017-03-31,203.8935546875,84.83111572265625,118.72000122070312,12.85910701751709,21.678646087646484,73.53511810302734
2017-04-03,203.53890991210938,85.24872589111328,119.3499984741211,12.808379173278809,21.678646087646484,73.54158020019531
2017-04-04,203.6686553955078,85.12803649902344,119.62000274658203,12.935195922851562,21.703706741333008,73.54158020019531
2017-04-05,203.06321716308594,85.28895568847656,119.62000274658203,12.960558891296387,21.695356369018555,73.54158020019531
2017-04-06,203.63404846191406,85.2326431274414,119.18000030517578,12.994376182556152,21.7454776763916,73.54158020019531
2017-04-07,203.42645263671875,84.97512817382812,119.45999908447266,13.028193473815918,21.84572410583496,73.54158020019531
2017-04-10,203.54759216308594,85.12803649902344,119.45999908447266,13.129646301269531,21.803955078125,73.54158020019531
2017-04-11,203.3053741455078,85.52227020263672,121.19000244140625,13.155009269714355,21.737123489379883,73.55767822265625
2017-04-12,202.41452026367188,85.7878189086914,122.0199966430664,13.155009269714355,21.62851905822754,73.54158020019531
2017-04-13,201.0998077392578,86.0452880859375,122.5999984741211,13.197280883789062,21.703706741333008,73.55767822265625
2017-04-17,202.8816375732422,85.90849304199219,122.23999786376953,13.12119197845459,21.64522933959961,73.55767822265625
2017-04-18,202.27615356445312,86.3993148803711,122.81999969482422,13.070465087890625,21.461442947387695,73.57376861572266
2017-04-19,201.9042510986328,86.17406463623047,121.7300033569336,12.842195510864258,21.536630630493164,73.57376861572266
2017-04-20,203.54759216308594,85.98092651367188,121.95999908447266,12.791470527648926,21.54498291015625,73.57376861572266
2017-04-21,202.8988800048828,86.02111053466797,122.30999755859375,12.664653778076172,21.561689376831055,73.57376861572266
2017-04-24,205.13035583496094,85.84418487548828,121.4800033569336,12.622383117675781,21.36119270324707,73.55767822265625
2017-04-25,206.3239288330078,85.40160369873047,120.25,12.681563377380371,21.302715301513672,73.55767822265625
2017-04-26,206.19415283203125,85.62688446044922,120.83999633789062,12.61392879486084,21.35283851623535,73.57376861572266
2017-04-27,206.3671875,85.6832046508789,120.38999938964844,12.546294212341309,21.386255264282227,73.55767822265625
2017-04-28,205.91744995117188,85.77171325683594,120.7699966430664,12.512476921081543,21.36119270324707,73.5898208618164
2017-05-01,206.43637084960938,85.5864028930664,119.66999816894531,12.537839889526367,21.377901077270508,73.58503723144531
2017-05-02,206.51419067382812,85.76368713378906,119.6500015258789,12.402569770812988,21.344480514526367,73.56893157958984
2017-05-03,206.26336669921875,85.5864028930664,117.9800033569336,12.351842880249023,21.428024291992188,73.56893157958984
2017-05-04,206.50555419921875,85.39297485351562,116.79000091552734,12.055940628051758,21.294363021850586,73.58503723144531
2017-05-05,207.31857299804688,85.40911102294922,117.01000213623047,12.225027084350586,21.260944366455078,73.56893157958984
2017-05-08,207.28399658203125,85.19956970214844,116.75,12.174302101135254,21.377901077270508,73.58503723144531
2017-05-09,207.09373474121094,85.10286712646484,116.05000305175781,12.115120887756348,21.48650360107422,73.58503723144531
2017-05-10,207.46559143066406,85.07064819335938,116.04000091552734,12.309572219848633,21.494855880737305,73.60108947753906
2017-05-11,207.04180908203125,85.13511657714844,116.5,12.360298156738281,21.50320816040039,73.60108947753906
2017-05-12,206.69583129882812,85.57026672363281,116.83000183105469,12.360298156738281,21.394609451293945,73.58503723144531
2017-05-15,207.8375701904297,85.51383972167969,117.13999938964844,12.427932739257812,21.336132049560547,73.60108947753906
2017-05-16,207.6472625732422,85.6267318725586,117.6500015258789,12.444841384887695,21.177404403686523,73.60108947753906
2017-05-17,203.96273803710938,86.31163024902344,119.79000091552734,12.52938461303711,21.03538703918457,73.6172103881836
2017-05-18,204.7843475341797,86.28748321533203,118.80999755859375,12.495567321777344,21.11057472229004,73.6172103881836
2017-05-19,206.11631774902344,86.2632827758789,119.4000015258789,12.740744590759277,20.9601993560791,73.60108947753906
2017-05-22,207.16290283203125,86.16658020019531,119.9000015258789,12.825288772583008,20.92678451538086,73.6172103881836
2017-05-23,207.6212921142578,85.94093322753906,119.13999938964844,12.783015251159668,21.018678665161133,73.6172103881836
2017-05-24,208.10562133789062,86.11822509765625,119.61000061035156,12.757654190063477,20.951847076416016,73.60108947753906
2017-05-25,209.1002960205078,86.16658020019531,119.4800033569336,12.478659629821777,20.976909637451172,73.6172103881836
2017-05-26,209.05702209472656,86.2229995727539,120.54000091552734,12.57165813446045,21.027034759521484,73.63328552246094
2017-05-30,208.87542724609375,86.44058227539062,120.13999938964844,12.470205307006836,21.001970291137695,73.60108947753906
2017-05-31,208.823486328125,86.4808578491211,120.62000274658203,12.33493423461914,20.951847076416016,73.60108947753906
2017-06-01,210.48416137695312,86.43566131591797,120.72000122070312,12.25039005279541,20.976909637451172,73.62853240966797
2017-06-02,211.18472290039062,86.81495666503906,121.61000061035156,12.191210746765137,20.876659393310547,73.61236572265625
2017-06-05,211.02903747558594,86.6696548461914,121.7300033569336,12.123576164245605,20.893369674682617,73.62853240966797
2017-06-06,210.35443115234375,86.94409942626953,123.0999984741211,12.208118438720703,20.843244552612305,73.61236572265625
2017-06-07,210.74365234375,86.7826919555664,122.44999694824219,12.039031028747559,20.86830711364746,73.64462280273438
2017-06-08,210.84739685058594,86.6455078125,121.6500015258789,12.039031028747559,20.943492889404297,73.62853240966797
2017-06-09,210.52735900878906,86.56478118896484,120.54000091552734,12.10666561126709,21.01032257080078,73.64462280273438
2017-06-12,210.48416137695312,86.54864501953125,120.36000061035156,11.996759414672852,20.976909637451172,73.62853240966797
2017-06-13,211.5133819580078,86.58088684082031,120.4800033569336,12.0474853515625,20.951847076416016,73.64462280273438
2017-06-14,211.24522399902344,87.03288269042969,119.81999969482422,11.836126327514648,20.935138702392578,73.62853240966797
2017-06-15,210.8387908935547,86.8795394897461,119.31999969482422,11.886852264404297,21.060447692871094,73.62853240966797
2017-06-16,210.88478088378906,86.92794036865234,119.33999633789062,11.937578201293945,20.985261917114258,73.66071319580078
2017-06-19,212.64044189453125,86.68582916259766,118.43000030517578,11.861489295959473,21.07715606689453,73.64462280273438
2017-06-20,211.20640563964844,86.90371704101562,118.18000030517578,11.743128776550293,21.11057472229004,73.64462280273438
2017-06-21,211.15428161621094,86.89569854736328,118.5199966430664,11.616312980651855,21.068803787231445,73.66071319580078
2017-06-22,211.05870056152344,86.97640991210938,118.91999816894531,11.633221626281738,21.07715606689453,73.67681884765625
2017-06-23,211.3106689453125,87.00062561035156,119.43000030517578,11.683947563171387,21.01032257080078,73.66071319580078
2017-06-26,211.44970703125,87.07325744628906,118.36000061035156,11.709311485290527,21.04374122619629,73.64462280273438
2017-06-27,209.74623107910156,86.6455078125,118.80999755859375,11.844581604003906,20.809829711914062,73.64462280273438
2017-06-28,211.6235809326172,86.56478118896484,118.9000015258789,11.920670509338379,20.74299430847168,73.67681884765625
2017-06-29,209.763671875,86.24193572998047,118.31999969482422,11.971395492553711,20.64274787902832,73.66071319580078
2017-06-30,210.1547393798828,86.04019165039062,118.0199966430664,12.216572761535645,20.676164627075195,73.67681884765625
2017-07-03,210.5110626220703,85.72415924072266,116.08999633789062,12.343388557434082,20.80147361755371,73.68489074707031
2017-07-05,210.997802734375,85.7888412475586,116.5199966430664,12.157393455505371,20.809829711914062,73.66876220703125
2017-07-06,209.06834411621094,85.62720489501953,116.47000122070312,12.165846824645996,20.717933654785156,73.68489074707031
2017-07-07,210.42413330078125,85.48976135253906,115.27999877929688,12.0474853515625,20.7513484954834,73.68489074707031
2017-07-10,210.65008544921875,85.60293579101562,115.47000122070312,12.098212242126465,20.75970458984375,73.68489074707031
2017-07-11,210.4936981201172,85.71604919433594,115.62000274658203,12.216572761535645,20.684518814086914,73.68489074707031
2017-07-12,212.07550048828125,85.96662902832031,116.02999877929688,12.157393455505371,20.684518814086914,73.66876220703125
2017-07-13,212.43185424804688,85.87775421142578,115.81999969482422,12.148938179016113,20.692873001098633,73.66876220703125
2017-07-14,213.42266845703125,85.99894714355469,116.7699966430664,12.284208297729492,20.567562103271484,73.70098876953125
2017-07-17,213.39649963378906,86.10405731201172,117.29000091552734,12.241935729980469,20.567562103271484,73.68489074707031
2017-07-18,213.5095672607422,86.41929626464844,118.11000061035156,12.292662620544434,20.45895767211914,73.68489074707031
2017-07-19,214.66551208496094,86.41929626464844,118.08000183105469,12.402569770812988,20.50908660888672,73.68489074707031
2017-07-20,214.76113891601562,86.44352722167969,118.23999786376953,12.385659217834473,20.38377571105957,73.68489074707031
2017-07-21,214.56993103027344,86.59709930419922,119.26000213623047,12.216572761535645,20.316944122314453,73.68489074707031
2017-07-24,214.51776123046875,86.54051208496094,119.30999755859375,12.241935729980469,20.32529640197754,73.68489074707031
2017-07-25,215.0392303466797,86.05552673339844,118.91999816894531,12.377205848693848,20.358713150024414,73.68489074707031
2017-07-26,215.04794311523438,86.33036041259766,119.87999725341797,12.495567321777344,20.24175453186035,73.70098876953125
2017-07-27,214.8480224609375,86.19295501708984,119.79000091552734,12.57165813446045,20.316944122314453,73.71710968017578
2017-07-28,214.59603881835938,86.33844757080078,120.69000244140625,12.63929271697998,20.191633224487305,73.70098876953125
2017-07-31,214.47433471679688,86.36266326904297,120.75,12.715381622314453,20.10809326171875,73.70098876953125
2017-08-01,214.9523162841797,86.57722473144531,120.6500015258789,12.57165813446045,20.14150619506836,73.7203369140625
2017-08-02,215.056640625,86.49625396728516,120.4000015258789,12.597021102905273,20.116445541381836,73.73651123046875
2017-08-03,214.6394500732422,86.79578399658203,120.58999633789062,12.504020690917969,20.06632423400879,73.73651123046875
2017-08-04,215.03053283691406,86.56104278564453,119.6500015258789,12.52938461303711,20.24175453186035,73.73651123046875
2017-08-07,215.43031311035156,86.60958862304688,119.51000213623047,12.55474853515625,20.233402252197266,73.73651123046875
2017-08-08,214.9001922607422,86.53675842285156,119.86000061035156,12.563201904296875,20.26681900024414,73.73651123046875
2017-08-09,214.89151000976562,86.64198303222656,121.30999755859375,12.647747039794922,20.250110626220703,73.73651123046875
2017-08-10,211.8582305908203,86.96575164794922,122.20999908447266,12.453295707702637,20.21669578552246,73.73651123046875
2017-08-11,212.17111206054688,87.0628890991211,122.79000091552734,12.495567321777344,20.14150619506836,73.75261688232422
2017-08-14,214.27439880371094,86.85247039794922,121.91999816894531,12.385659217834473,20.225048065185547,73.73651123046875
2017-08-15,214.2483367919922,86.59341430664062,120.9800033569336,12.326478958129883,20.316944122314453,73.75261688232422
2017-08-16,214.62205505371094,86.75531005859375,121.87000274658203,12.292662620544434,20.250110626220703,73.73651123046875
2017-08-17,211.2759246826172,87.0628890991211,122.48999786376953,12.326478958129883,20.291881561279297,73.75261688232422
2017-08-18,210.94566345214844,87.0791015625,122.30000305175781,12.546294212341309,20.225048065185547,73.73651123046875
2017-08-21,211.1107635498047,87.13575744628906,122.76000213623047,12.39411449432373,20.16657066345215,73.75261688232422
2017-08-22,213.31834411621094,86.96575164794922,122.20999908447266,12.427932739257812,20.250110626220703,73.76873779296875
2017-08-23,212.553466796875,87.26530456542969,122.66999816894531,12.537839889526367,20.16657066345215,73.76873779296875
2017-08-24,212.05813598632812,87.127685546875,122.29000091552734,12.52938461303711,20.208341598510742,73.76873779296875
2017-08-25,212.553466796875,87.27339172363281,122.73999786376953,12.504020690917969,20.041259765625,73.75261688232422
2017-08-28,212.5622100830078,87.3543701171875,124.69000244140625,12.512476921081543,19.9827823638916,73.76873779296875
2017-08-29,212.8055419921875,87.5567398071289,124.41999816894531,12.512476921081543,20.007844924926758,73.76873779296875
2017-08-30,213.81375122070312,87.48388671875,124.36000061035156,12.419479370117188,20.133155822753906,73.76873779296875
2017-08-31,215.10009765625,87.62147521972656,125.81999969482422,12.766107559204102,20.074674606323242,73.78483581542969
2017-09-01,215.40428161621094,87.36368560791016,126.05999755859375,12.783015251159668,20.116445541381836,73.78973388671875
2017-09-05,213.857177734375,87.97167205810547,127.45999908447266,12.808379173278809,20.007844924926758,73.75741577148438
2017-09-06,214.58729553222656,87.76093292236328,126.80999755859375,12.935195922851562,19.99113655090332,73.78973388671875
2017-09-07,214.5612030029297,88.1419677734375,128.1300048828125,12.926740646362305,19.8491153717041,73.78973388671875
2017-09-08,214.30918884277344,88.07707214355469,127.97000122070312,12.783015251159668,19.798995971679688,73.77354431152344
2017-09-11,216.59494018554688,87.57450103759766,126.19000244140625,12.808379173278809,19.932659149169922,73.77354431152344
2017-09-12,217.3250274658203,87.36368560791016,126.55999755859375,12.842195510864258,19.924306869506836,73.80585479736328
2017-09-13,217.4293670654297,87.18529510498047,125.61000061035156,12.901376724243164,20.041259765625,73.80585479736328
2017-09-14,217.35980224609375,87.20149993896484,126.16000366210938,12.909832954406738,19.9827823638916,73.78973388671875
2017-09-15,217.65243530273438,87.30686950683594,125.52999877929688,12.969013214111328,19.91594886779785,73.78973388671875
2017-09-18,218.11534118652344,86.96644592285156,124.36000061035156,12.952102661132812,19.966073989868164,73.78973388671875
2017-09-19,218.33372497558594,86.86912536621094,124.62000274658203,12.926740646362305,19.907596588134766,73.82201385498047
2017-09-20,218.41226196289062,86.69888305664062,123.62000274658203,13.036648750305176,20.06632423400879,73.82201385498047
2017-09-21,217.82705688476562,86.58537292480469,122.68000030517578,12.985921859741211,20.007844924926758,73.82201385498047
2017-09-22,217.8707733154297,86.73941040039062,123.23999786376953,13.036648750305176,19.99113655090332,73.82201385498047
2017-09-25,217.42535400390625,86.99886322021484,124.52999877929688,13.256462097167969,20.10809326171875,73.82201385498047
2017-09-26,217.55630493164062,86.92588806152344,123.13999938964844,13.138100624084473,20.174924850463867,73.82201385498047
2017-09-27,218.403564453125,86.47999572753906,121.9800033569336,13.087373733520508,20.275171279907227,73.82201385498047
2017-09-28,218.6655731201172,86.46376037597656,122.20999908447266,13.087373733520508,20.21669578552246,73.80585479736328
2017-09-29,219.43429565429688,86.35840606689453,121.58000183105469,13.019739151000977,20.19998550415039,73.83810424804688
2017-10-02,220.38632202148438,86.2601547241211,120.7699966430664,12.909832954406738,20.316944122314453,73.84135437011719
2017-10-03,220.85791015625,86.38189697265625,120.83000183105469,12.918286323547363,20.30858612060547,73.84135437011719
2017-10-04,221.11997985839844,86.35758209228516,121.16999816894531,12.935195922851562,20.283527374267578,73.82518005371094
2017-10-05,222.43011474609375,86.26824188232422,120.5199966430664,13.078919410705566,20.39212989807129,73.84135437011719
2017-10-06,222.17681884765625,86.1626968383789,121.08999633789062,12.876014709472656,20.358713150024414,73.82518005371094
2017-10-09,221.80995178222656,86.2601547241211,122.08000183105469,12.884469032287598,20.32529640197754,73.82518005371094
2017-10-10,222.3951873779297,86.2926025390625,122.4000015258789,13.036648750305176,20.21669578552246,73.82518005371094
2017-10-11,222.74456787109375,86.39004516601562,122.79000091552734,13.062010765075684,20.158214569091797,73.82518005371094
2017-10-12,222.41265869140625,86.47126770019531,122.88999938964844,13.045103073120117,20.19998550415039,73.8575210571289
2017-10-13,222.6833953857422,86.76353454589844,123.81999969482422,13.171917915344238,20.19998550415039,73.8575210571289
2017-10-16,222.9804229736328,86.61737060546875,122.97000122070312,13.205734252929688,20.250110626220703,73.84135437011719
2017-10-17,223.13760375976562,86.58488464355469,122.12999725341797,13.188826560974121,20.30023193359375,73.8575210571289
2017-10-18,223.35598754882812,86.36568450927734,121.66999816894531,13.180370330810547,20.275171279907227,73.8575210571289
2017-10-19,223.41714477539062,86.45499420166016,122.38999938964844,13.12119197845459,20.225048065185547,73.8575210571289
2017-10-20,224.57000732421875,86.0977554321289,121.61000061035156,13.188826560974121,20.342004776000977,73.8736572265625
2017-10-23,223.69659423828125,86.17891693115234,121.80000305175781,13.188826560974121,20.367067337036133,73.8575210571289
2017-10-24,224.0896759033203,85.91912841796875,121.33000183105469,13.3240966796875,20.400482177734375,73.88980102539062
2017-10-25,222.9804229736328,85.78109741210938,121.3499984741211,13.341004371643066,20.350358963012695,73.88980102539062
2017-10-26,223.2686004638672,85.66741943359375,120.33000183105469,13.400186538696289,20.567562103271484,73.88980102539062
2017-10-27,225.09410095214844,85.94349670410156,120.9000015258789,13.46782112121582,20.617685317993164,73.88980102539062
2017-10-30,224.25563049316406,86.25203704833984,121.12999725341797,13.501638412475586,20.517436981201172,73.8736572265625
2017-10-31,224.60499572753906,86.19517517089844,120.66999816894531,13.535456657409668,20.53414535522461,73.88980102539062
2017-11-01,224.90196228027344,86.2472152709961,121.11000061035156,13.54391098022461,20.575916290283203,73.89788818359375
2017-11-02,224.98928833007812,86.36104583740234,121.19000244140625,13.628454208374023,20.575916290283203,73.88170623779297
2017-11-03,225.74049377441406,86.49933624267578,120.62000274658203,13.712997436523438,20.62604331970215,73.88170623779297
2017-11-06,226.08982849121094,86.60501098632812,121.6500015258789,13.975085258483887,20.575916290283203,73.89788818359375
2017-11-07,225.93264770507812,86.63755798339844,121.20999908447266,13.890542030334473,20.609333038330078,73.89788818359375
2017-11-08,226.31689453125,86.53182983398438,121.62999725341797,13.865177154541016,20.600976943969727,73.89788818359375
2017-11-09,225.4959259033203,86.49933624267578,122.12999725341797,13.890542030334473,20.517436981201172,73.88170623779297
2017-11-10,225.426025390625,86.06017303466797,121.12999725341797,13.865177154541016,20.500732421875,73.89788818359375
2017-11-13,225.63568115234375,86.01951599121094,121.30999755859375,13.822905540466309,20.517436981201172,73.89788818359375
2017-11-14,225.11160278320312,86.14151000976562,121.55999755859375,13.636907577514648,20.37542152404785,73.89788818359375
2017-11-15,223.9848175048828,86.45051574707031,121.41000366210938,13.619998931884766,20.367067337036133,73.89788818359375
2017-11-16,225.88897705078125,86.23097229003906,121.4000015258789,13.577728271484375,20.39212989807129,73.91407775878906
2017-11-17,225.22512817382812,86.34479522705078,122.86000061035156,13.797540664672852,20.333650588989258,73.89788818359375
2017-11-20,225.60943603515625,86.20657348632812,121.30999755859375,13.68763542175293,20.433895111083984,73.91407775878906
2017-11-21,227.08558654785156,86.22278594970703,121.51000213623047,13.780631065368652,20.408836364746094,73.93024444580078
2017-11-22,226.8846893310547,86.49933624267578,122.62999725341797,13.856720924377441,20.250110626220703,73.93024444580078
2017-11-24,227.4087371826172,86.42611694335938,122.31999969482422,13.898995399475098,20.158214569091797,73.91407775878906
2017-11-27,227.2952117919922,86.4830551147461,122.83000183105469,13.873631477355957,20.18328094482422,73.91407775878906
2017-11-28,229.60113525390625,86.49933624267578,122.80999755859375,13.81445026397705,20.26681900024414,73.9463882446289
2017-11-29,229.46131896972656,86.22278594970703,122.04000091552734,13.721451759338379,20.258464813232422,73.93024444580078
2017-11-30,231.47021484375,85.95445251464844,121.0999984741211,13.662271499633789,20.208341598510742,73.93024444580078
2017-12-01,230.9898223876953,86.27208709716797,121.58999633789062,13.780631065368652,20.191633224487305,73.9350357055664
2017-12-04,230.71031188964844,86.23136901855469,121.18000030517578,13.61154556274414,20.258464813232422,73.9431381225586
2017-12-05,229.88052368164062,86.2965087890625,120.31999969482422,13.61154556274414,20.291881561279297,73.95124816894531
2017-12-06,229.92422485351562,86.4757308959961,120.06999969482422,13.383277893066406,20.342004776000977,73.9431381225586
2017-12-07,230.649169921875,86.32097625732422,118.48999786376953,13.425549507141113,20.38377571105957,73.95124816894531
2017-12-08,231.90692138671875,86.25579833984375,118.4800033569336,13.493184089660645,20.417192459106445,73.95932006835938
2017-12-11,232.6056671142578,86.19876098632812,118.01000213623047,13.527002334594727,20.417192459106445,73.95124816894531
2017-12-12,233.01622009277344,86.12549591064453,118.1500015258789,13.40864086151123,20.450605392456055,73.95932006835938
2017-12-13,232.99002075195312,86.4757308959961,119.16999816894531,13.349459648132324,20.30858612060547,73.95124816894531
2017-12-14,232.03797912597656,86.44312286376953,118.93000030517578,13.391732215881348,20.32529640197754,73.95932006835938
2017-12-15,233.97027587890625,86.42681121826172,119.18000030517578,13.391732215881348,20.408836364746094,73.96744537353516
2017-12-18,235.453857421875,86.23136901855469,119.7300033569336,13.450912475585938,20.377897262573242,73.97551727294922
2017-12-19,234.5496826171875,85.84041595458984,119.81999969482422,13.552366256713867,20.31936264038086,73.97710418701172
2017-12-20,234.42672729492188,85.5879898071289,120.13999938964844,13.628454208374023,20.294279098510742,73.97710418701172
2017-12-21,234.9095916748047,85.64837646484375,120.30999755859375,13.636907577514648,20.28591537475586,73.97710418701172
2017-12-22,234.84817504882812,85.68098449707031,120.94000244140625,13.696089744567871,20.294279098510742,73.9933090209961
2017-12-26,234.56715393066406,85.7136001586914,121.7699966430664,13.898995399475098,20.27755355834961,73.98522186279297
2017-12-27,234.68133544921875,86.08065032958984,122.2300033569336,13.932811737060547,20.235746383666992,74.0013656616211
2017-12-28,235.16416931152344,85.97461700439453,122.8499984741211,14.000446319580078,20.177209854125977,74.0013656616211
2017-12-29,234.27745056152344,86.11334228515625,123.6500015258789,14.042719841003418,20.093591690063477,73.98522186279297
2018-01-02,235.95433044433594,85.82781982421875,125.1500015258789,14.110352516174316,20.009977340698242,73.9933090209961
2018-01-03,237.44668579101562,85.91748809814453,124.81999969482422,14.19489860534668,20.08523178100586,74.00947570800781
2018-01-04,238.447509765625,85.87671661376953,125.45999908447266,14.17798900604248,20.01833724975586,74.0176010131836
2018-01-05,240.03659057617188,85.77073669433594,125.33000183105469,14.127260208129883,20.03506088256836,74.0176010131836
2018-01-08,240.47561645507812,85.72991180419922,125.30999755859375,14.118807792663574,20.12704086303711,74.02568054199219
2018-01-09,241.01979064941406,85.32206726074219,124.7300033569336,14.211806297302246,20.168851852416992,74.02568054199219
2018-01-10,240.6510467529297,85.29759216308594,125.02999877929688,14.262533187866211,20.118677139282227,74.02568054199219
2018-01-11,242.40695190429688,85.35470581054688,125.44000244140625,14.25407886505127,20.03506088256836,74.0176010131836
2018-01-12,243.98721313476562,85.29759216308594,126.95999908447266,14.347074508666992,19.826013565063477,74.04188537597656
2018-01-16,243.1531524658203,85.33837890625,127.16999816894531,14.279439926147461,19.717308044433594,74.02568054199219
2018-01-17,245.47068786621094,85.15079498291016,126.13999938964844,14.296348571777344,19.767480850219727,74.04188537597656
2018-01-18,245.05824279785156,84.88155364990234,125.86000061035156,14.296348571777344,19.742395401000977,74.04188537597656
2018-01-19,246.1731414794922,84.66133880615234,126.41999816894531,14.270987510681152,19.775842666625977,74.04999542236328
2018-01-22,248.17478942871094,84.62869262695312,126.6500015258789,14.304803848266602,19.70894432067871,74.05805206298828
2018-01-23,248.7014923095703,84.87345123291016,127.27999877929688,14.406255722045898,19.658777236938477,74.05805206298828
2018-01-24,248.6048583984375,84.71028137207031,128.8300018310547,14.55843448638916,19.46645164489746,74.06616973876953
2018-01-25,248.71018981933594,84.89791107177734,127.97000122070312,14.473892211914062,19.491539001464844,74.06616973876953
2018-01-26,251.58982849121094,84.64502716064453,128.07000732421875,14.583797454833984,19.44972801208496,74.08235168457031
2018-01-29,249.92173767089844,84.43295288085938,127.3499984741211,14.541526794433594,19.49989891052246,74.06616973876953
2018-01-30,247.3583221435547,84.2372055053711,126.80000305175781,14.44007396697998,19.46645164489746,74.07428741455078
2018-01-31,247.4812469482422,84.26164245605469,127.6500015258789,14.456982612609863,19.441368103027344,74.08235168457031
2018-02-01,247.20021057128906,83.82695007324219,128.07000732421875,14.6007080078125,19.341022491455078,74.0791244506836
2018-02-02,241.8187255859375,83.51654052734375,126.38999938964844,14.363983154296875,19.458091735839844,74.08721923828125
2018-02-05,231.70526123046875,84.20282745361328,126.70999908447266,14.228714942932129,19.541709899902344,74.0791244506836
2018-02-06,236.27035522460938,83.83517456054688,125.37999725341797,14.144170761108398,19.583520889282227,74.08721923828125
2018-02-07,234.9886016845703,83.59003448486328,124.79000091552734,13.983539581298828,19.734033584594727,74.0953369140625
2018-02-08,226.17440795898438,83.66358947753906,124.9800033569336,13.839812278747559,19.734033584594727,74.08721923828125
2018-02-09,229.5719757080078,83.51654052734375,124.7699966430664,13.636907577514648,19.750757217407227,74.1033935546875
2018-02-12,232.94308471679688,83.49201965332031,125.37000274658203,13.721451759338379,19.683862686157227,74.1033935546875
2018-02-13,233.5224609375,83.63088989257812,126.08000183105469,13.746816635131836,19.575157165527344,74.1033935546875
2018-02-14,236.67417907714844,83.12433624267578,128.22999572753906,13.958174705505371,19.424640655517578,74.1033935546875
2018-02-15,239.6942138671875,83.14888763427734,128.3800048828125,13.983539581298828,19.341022491455078,74.11149597167969
2018-02-16,239.76441955566406,83.34496307373047,127.95999908447266,14.00890064239502,19.474815368652344,74.11962127685547
2018-02-20,238.26316833496094,83.25505828857422,126.23999786376953,14.051173210144043,19.600242614746094,74.11962127685547
2018-02-21,237.0779571533203,83.00996398925781,125.66000366210938,14.03426456451416,19.675498962402344,74.11149597167969
2018-02-22,237.3853302001953,83.12433624267578,126.30000305175781,14.161079406738281,19.608604431152344,74.11962127685547
2018-02-23,241.1690673828125,83.44300079345703,126.13999938964844,14.25407886505127,19.650415420532227,74.13581848144531
2018-02-26,243.9696044921875,83.54105377197266,126.44999694824219,14.330167770385742,19.625328063964844,74.11962127685547
2018-02-27,240.9232177734375,83.27955627441406,125.12999725341797,14.186443328857422,19.750757217407227,74.13581848144531
2018-02-28,238.48263549804688,83.47563934326172,125.0,14.03426456451416,19.809289932250977,74.14395904541016
2018-03-01,235.0149383544922,83.83489227294922,124.72000122070312,14.059625625610352,19.742395401000977,74.15125274658203
2018-03-02,236.2264404296875,83.5239486694336,125.38999938964844,14.059625625610352,19.658777236938477,74.15933990478516
2018-03-05,238.95672607421875,83.4176025390625,125.18000030517578,14.144170761108398,19.658777236938477,74.15933990478516
2018-03-06,239.5625,83.40936279296875,126.52999877929688,14.19489860534668,19.608604431152344,74.15933990478516
2018-03-07,239.47471618652344,83.40936279296875,125.72000122070312,14.042719841003418,19.591880798339844,74.15933990478516
2018-03-08,240.63351440429688,83.58125305175781,125.41999816894531,13.958174705505371,19.717308044433594,74.15125274658203
2018-03-09,244.821044921875,83.40116882324219,125.54000091552734,14.09344482421875,19.692222595214844,74.16742706298828
2018-03-12,244.51390075683594,83.5976333618164,125.54000091552734,14.06808090209961,19.667137145996094,74.17552947998047
2018-03-13,242.93370056152344,83.73672485351562,125.77999877929688,14.025810241699219,19.616968154907227,74.17552947998047
2018-03-14,241.68695068359375,83.9003677368164,125.69999694824219,14.025810241699219,19.625328063964844,74.17552947998047
2018-03-15,241.42361450195312,83.86763763427734,124.9000015258789,14.017355918884277,19.700584411621094,74.16742706298828
2018-03-16,241.6853790283203,83.76945495605469,124.5999984741211,14.06808090209961,19.750757217407227,74.18370056152344
2018-03-19,238.41539001464844,83.68756866455078,124.87000274658203,13.975085258483887,19.667137145996094,74.18370056152344
2018-03-20,238.82077026367188,83.5239486694336,124.30999755859375,14.06808090209961,19.784204483032227,74.17552947998047
2018-03-21,238.36245727539062,83.58125305175781,126.4800033569336,14.3217134475708,19.625328063964844,74.19175720214844
2018-03-22,232.4040985107422,83.92491912841797,125.9800033569336,14.211806297302246,19.650415420532227,74.19989013671875
2018-03-23,227.45046997070312,84.03946685791016,127.61000061035156,14.338618278503418,19.583520889282227,74.20799255371094
2018-03-26,233.67327880859375,83.81031799316406,128.27999877929688,14.347074508666992,19.491539001464844,74.19989013671875
2018-03-27,229.69810485839844,84.28495025634766,127.48999786376953,14.287894248962402,19.583520889282227,74.21609497070312
2018-03-28,229.0194091796875,84.26860046386719,125.7300033569336,14.228714942932129,19.759119033813477,74.22421264648438
2018-03-29,231.9456787109375,84.44046783447266,125.79000091552734,14.355527877807617,19.742395401000977,74.24044799804688
2018-04-02,226.93930053710938,84.52653503417969,127.26000213623047,14.161079406738281,19.734033584594727,74.23638153076172
2018-04-03,229.84793090820312,84.25601959228516,126.30000305175781,14.237168312072754,19.767480850219727,74.22825622558594
2018-04-04,232.30711364746094,84.20677947998047,126.44999694824219,14.17798900604248,19.759119033813477,74.24449920654297
2018-04-05,234.14048767089844,83.99374389648438,125.80000305175781,14.245624542236328,19.834373474121094,74.25261688232422
2018-04-06,228.92247009277344,84.36256408691406,126.38999938964844,14.144170761108398,19.759119033813477,74.25261688232422
2018-04-09,230.0507049560547,84.37898254394531,126.81999969482422,14.3217134475708,19.70894432067871,74.26069641113281
2018-04-10,233.70858764648438,84.23145294189453,127.12000274658203,14.566889762878418,19.658777236938477,74.25261688232422
2018-04-11,232.48342895507812,84.31333923339844,128.11000061035156,14.676796913146973,19.642051696777344,74.26885986328125
2018-04-12,234.3960723876953,84.0101089477539,126.62000274658203,14.6176176071167,19.683862686157227,74.26885986328125
2018-04-13,233.70858764648438,84.0838623046875,127.44999694824219,14.626069068908691,19.683862686157227,74.26885986328125
2018-04-16,235.63011169433594,84.04288482666016,127.62999725341797,14.575343132019043,19.616968154907227,74.28507232666016
2018-04-17,238.15087890625,84.09207916259766,127.75,14.583797454833984,19.616968154907227,74.28507232666016
2018-04-18,238.32723999023438,83.7641830444336,127.8499984741211,14.854337692260742,19.658777236938477,74.27694702148438
2018-04-19,237.00509643554688,83.5346908569336,127.5999984741211,14.795158386230469,19.717308044433594,74.293212890625
2018-04-20,234.99542236328125,83.2560043334961,126.62999725341797,14.769795417785645,19.834373474121094,74.293212890625
2018-04-23,234.9601593017578,83.17403411865234,125.62000274658203,14.761340141296387,19.959802627563477,74.293212890625
2018-04-24,231.7958984375,83.07566833496094,126.2300033569336,14.685250282287598,19.934717178344727,74.30130767822266
2018-04-25,232.3687744140625,82.89530944824219,125.41000366210938,14.710614204406738,20.01833724975586,74.30941009521484
2018-04-26,234.73098754882812,83.13304138183594,124.97000122070312,14.786704063415527,20.11031723022461,74.31757354736328
2018-04-27,234.9513702392578,83.27239227294922,125.5,14.778249740600586,20.093591690063477,74.32566833496094
2018-04-30,233.1444854736328,83.3625717163086,124.58999633789062,14.845885276794434,20.177209854125977,74.31757354736328
2018-05-01,233.55874633789062,83.23197174072266,123.70999908447266,14.761340141296387,20.311002731323242,74.32324981689453
2018-05-02,231.9898223876953,83.24842834472656,123.6500015258789,14.761340141296387,20.402984619140625,74.33135986328125
2018-05-03,231.4785919189453,83.46186065673828,124.27999877929688,14.854337692260742,20.31936264038086,74.33135986328125
2018-05-04,234.47540283203125,83.47014617919922,124.54000091552734,14.955791473388672,20.344449996948242,74.34764099121094
2018-05-07,235.26876831054688,83.4291000366211,124.56999969482422,14.947338104248047,20.386259078979492,74.34764099121094
2018-05-08,235.26876831054688,83.28944396972656,124.58999633789062,14.989608764648438,20.461515426635742,74.35577392578125
2018-05-09,237.54273986816406,83.10055541992188,124.33000183105469,15.124879837036133,20.461515426635742,74.35577392578125
2018-05-10,239.76390075683594,83.27301788330078,125.18000030517578,15.200967788696289,20.369535446166992,74.35577392578125
2018-05-11,240.4955291748047,83.2812728881836,125.0,15.10797119140625,20.336088180541992,74.35577392578125
2018-05-14,240.61009216308594,83.10055541992188,124.48999786376953,15.217875480651855,20.361173629760742,74.35577392578125
2018-05-15,238.9530029296875,82.64073181152344,122.4800033569336,15.234785079956055,20.486600875854492,74.37198638916016
2018-05-16,239.95785522460938,82.46824645996094,122.29000091552734,15.319330215454102,20.536773681640625,74.3801498413086
2018-05-17,239.75506591796875,82.41899108886719,122.36000061035156,15.336236000061035,20.561859130859375,74.3801498413086
2018-05-18,239.15570068359375,82.7392349243164,122.41000366210938,15.344693183898926,20.603666305541992,74.38824462890625
2018-05-21,240.95382690429688,82.79669952392578,122.4800033569336,15.463053703308105,20.586944580078125,74.38824462890625
2018-05-22,240.28395080566406,82.7638931274414,122.41000366210938,15.479961395263672,20.578582763671875,74.38824462890625
2018-05-23,240.9450225830078,83.1416244506836,122.54000091552734,15.564506530761719,20.662200927734375,74.39643859863281
2018-05-24,240.45143127441406,83.35514831542969,123.58999633789062,15.463053703308105,20.637115478515625,74.41268157958984
2018-05-25,239.8784942626953,83.68367004394531,123.20999908447266,15.234785079956055,20.737457275390625,74.42073059082031
2018-05-29,237.11962890625,84.58699035644531,123.19000244140625,15.09106159210205,20.879606246948242,74.42073059082031
2018-05-30,240.28395080566406,84.2257080078125,123.37000274658203,15.28551197052002,20.720735549926758,74.41268157958984
2018-05-31,238.81201171875,84.18456268310547,123.0999984741211,15.243240356445312,20.704010009765625,74.42886352539062
2018-06-01,241.15660095214844,83.8735580444336,122.48999786376953,15.141786575317383,20.737457275390625,74.43377685546875
2018-06-04,242.3024444580078,83.57736206054688,122.37000274658203,14.964245796203613,20.720735549926758,74.44196319580078
2018-06-05,242.47874450683594,83.79127502441406,122.8499984741211,14.989608764648438,20.695650100708008,74.44196319580078
2018-06-06,244.5060272216797,83.45390319824219,122.91999816894531,15.040335655212402,20.637115478515625,74.43377685546875
2018-06-07,244.4795379638672,83.80774688720703,122.86000061035156,15.099516868591309,20.595304489135742,74.44196319580078
2018-06-08,245.20225524902344,83.69256591796875,123.01000213623047,15.09106159210205,20.603666305541992,74.45821380615234
2018-06-11,245.5284423828125,83.6102523803711,123.2300033569336,15.08260726928711,20.620389938354492,74.46636962890625
2018-06-12,245.84576416015625,83.56087493896484,122.81999969482422,15.0741548538208,20.662200927734375,74.46636962890625
2018-06-13,245.061279296875,83.46212768554688,123.19000244140625,15.133334159851074,20.628751754760742,74.45821380615234
2018-06-14,245.6782989501953,83.72542572021484,123.37999725341797,14.964245796203613,20.896333694458008,74.4826431274414
2018-06-15,245.36483764648438,83.79127502441406,121.33999633789062,14.6007080078125,20.879606246948242,74.4826431274414
2018-06-18,244.86016845703125,83.83243560791016,121.11000061035156,14.727524757385254,20.879606246948242,74.47447967529297
2018-06-19,243.92164611816406,84.0545654296875,120.80000305175781,14.575343132019043,20.938142776489258,74.49075317382812
2018-06-20,244.33787536621094,83.78305053710938,120.26000213623047,14.55843448638916,20.95486831665039,74.4826431274414
2018-06-21,242.8060760498047,84.00525665283203,120.05000305175781,14.448529243469238,20.896333694458008,74.49075317382812
2018-06-22,243.248779296875,84.02167510986328,120.33999633789062,14.735978126525879,20.82107925415039,74.49893188476562
2018-06-25,239.93739318847656,84.13690185546875,119.88999938964844,14.566889762878418,20.787630081176758,74.5152359008789
2018-06-26,240.46878051757812,84.177978515625,119.26000213623047,14.710614204406738,20.896333694458008,74.50706481933594
2018-06-27,238.4766845703125,84.49893188476562,118.58000183105469,14.786704063415527,21.021760940551758,74.52328491210938
2018-06-28,239.84007263183594,84.4166488647461,118.22000122070312,14.778249740600586,21.021760940551758,74.52328491210938
2018-06-29,240.1853485107422,84.35079956054688,118.6500015258789,14.947338104248047,20.854524612426758,74.53961944580078
2018-07-02,240.69888305664062,84.29309844970703,117.45999908447266,14.634522438049316,20.95486831665039,74.52899932861328
2018-07-03,239.84890747070312,84.5074234008789,118.6500015258789,14.6176176071167,20.887971878051758,74.54528045654297
2018-07-05,241.8055877685547,84.51567840576172,119.05000305175781,14.70215892791748,20.82107925415039,74.54528045654297
2018-07-06,243.85079956054688,84.58985900878906,118.86000061035156,14.769795417785645,20.754180908203125,74.56161499023438
2018-07-09,246.04656982421875,84.37555694580078,119.1500015258789,14.845885276794434,20.762542724609375,74.56161499023438
2018-07-10,246.93190002441406,84.3095932006836,118.93000030517578,14.812066078186035,20.770904541015625,74.56974029541016
2018-07-11,245.125732421875,84.48272705078125,117.63999938964844,14.296348571777344,20.913055419921875,74.56974029541016
2018-07-12,247.34803771972656,84.44975280761719,118.12999725341797,14.372438430786133,20.92978286743164,74.56974029541016
2018-07-13,247.54287719726562,84.58985900878906,117.61000061035156,14.397801399230957,20.904693603515625,74.57789611816406
2018-07-16,247.3215789794922,84.44975280761719,117.55000305175781,14.09344482421875,20.871246337890625,74.58609008789062
2018-07-17,248.3219451904297,84.40027618408203,116.27999877929688,14.110352516174316,20.96323013305664,74.58609008789062
2018-07-18,248.84432983398438,84.33434295654297,116.30999755859375,14.237168312072754,20.98831558227539,74.59422302246094
2018-07-19,247.90586853027344,84.56519317626953,115.80999755859375,14.220260620117188,21.030120849609375,74.60237121582031
2018-07-20,247.62252807617188,84.26837921142578,116.55999755859375,14.3217134475708,20.86288833618164,74.61051177978516
2018-07-23,248.08294677734375,83.85620880126953,116.0,14.372438430786133,20.896333694458008,74.60237121582031
2018-07-24,249.33128356933594,83.91389465332031,116.04000091552734,14.448529243469238,20.904693603515625,74.61866760253906
2018-07-25,251.45620727539062,83.85620880126953,116.68000030517578,14.64297866821289,20.804353713989258,74.61051177978516
2018-07-26,250.86300659179688,83.7654800415039,115.7699966430664,14.64297866821289,20.946504592895508,74.61866760253906
2018-07-27,249.1631317138672,83.89739990234375,115.83000183105469,14.583797454833984,20.92142105102539,74.63496398925781
2018-07-30,247.86155700683594,83.79022216796875,115.6500015258789,14.668343544006348,20.846160888671875,74.6268081665039
2018-07-31,249.08338928222656,83.90565490722656,115.98999786376953,14.583797454833984,20.887971878051758,74.64312744140625
2018-08-01,248.66732788085938,83.70738983154297,115.13999938964844,14.372438430786133,20.913055419921875,74.64718627929688
2018-08-02,250.0219268798828,83.80652618408203,114.5199966430664,14.456982612609863,21.030120849609375,74.65533447265625
2018-08-03,251.09320068359375,84.02131652832031,114.91999816894531,14.507708549499512,21.046850204467773,74.65533447265625
2018-08-06,252.0140838623047,84.06256866455078,114.33000183105469,14.533072471618652,21.08029556274414,74.66349792480469
2018-08-07,252.8462371826172,83.88916778564453,114.58999633789062,14.64297866821289,21.05521011352539,74.67172241210938
2018-08-08,252.739990234375,83.9634780883789,114.91000366210938,14.465436935424805,21.030120849609375,74.66349792480469
2018-08-09,252.394775390625,84.19476318359375,114.73999786376953,14.406255722045898,21.155550003051758,74.67172241210938
2018-08-10,250.70355224609375,84.5582046508789,114.69000244140625,14.406255722045898,21.306066513061523,74.68802642822266
2018-08-13,249.76513671875,84.53340911865234,112.95999908447266,14.330167770385742,21.31442642211914,74.69617462158203
2018-08-14,251.3587646484375,84.45081329345703,113.06999969482422,14.355527877807617,21.398046493530273,74.67984771728516
2018-08-15,249.4818572998047,84.6573486328125,111.19000244140625,14.042719841003418,21.398046493530273,74.69617462158203
2018-08-16,251.50050354003906,84.63253784179688,111.0999984741211,14.152626037597656,21.38132095336914,74.69617462158203
2018-08-17,252.38589477539062,84.66561889648438,112.12999725341797,14.211806297302246,21.27261734008789,74.70433807373047
2018-08-20,252.92599487304688,84.92990112304688,112.69000244140625,14.237168312072754,21.222444534301758,74.70433807373047
2018-08-21,253.51914978027344,84.81426239013672,113.0199966430664,14.262533187866211,21.097017288208008,74.7125015258789
2018-08-22,253.3686981201172,84.97119140625,113.2699966430664,14.465436935424805,21.038484573364258,74.7125015258789
2018-08-23,253.0322265625,84.96293640136719,112.19999694824219,14.44007396697998,21.17227554321289,74.73701477050781
2018-08-24,254.5550537109375,84.98768615722656,114.16000366210938,14.549981117248535,21.07193374633789,74.73701477050781
2018-08-27,256.56488037109375,84.79776000976562,114.58999633789062,14.6007080078125,20.98831558227539,74.7451400756836
2018-08-28,256.6888732910156,84.60778045654297,113.68000030517578,14.541526794433594,20.98831558227539,74.7451400756836
2018-08-29,258.0700378417969,84.5829849243164,114.19999694824219,14.70215892791748,20.95486831665039,74.73701477050781
2018-08-30,257.0251770019531,84.73992156982422,113.63999938964844,14.676796913146973,20.971590042114258,74.7696533203125
2018-08-31,257.03411865234375,84.75642395019531,113.51000213623047,14.693703651428223,21.063570022583008,74.76148986816406
2018-09-04,256.5914611816406,84.56275177001953,112.93000030517578,14.609162330627441,21.155550003051758,74.76798248291016
2018-09-05,255.90078735351562,84.55447387695312,113.31999969482422,14.549981117248535,21.08029556274414,74.75984191894531
2018-09-06,255.13059997558594,84.72831726074219,113.54000091552734,14.465436935424805,21.08029556274414,74.77616119384766
2018-09-07,254.634765625,84.34759521484375,113.2300033569336,14.499255180358887,21.13882827758789,74.79253387451172
2018-09-10,255.0774383544922,84.3972396850586,113.1500015258789,14.549981117248535,21.097017288208008,74.79253387451172
2018-09-11,255.91848754882812,84.09098815917969,113.22000122070312,14.693703651428223,21.113744735717773,74.80072021484375
2018-09-12,255.9805450439453,84.19034576416016,114.16999816894531,14.795158386230469,21.038484573364258,74.80072021484375
2018-09-13,257.4944763183594,84.18203735351562,113.76000213623047,14.634522438049316,20.979951858520508,74.80072021484375
2018-09-14,257.5388488769531,84.02477264404297,113.0199966430664,14.541526794433594,21.05521011352539,74.80887603759766
2018-09-17,256.17535400390625,84.04133605957031,113.61000061035156,14.524618148803711,20.95486831665039,74.82524871826172
2018-09-18,257.5653381347656,83.69371795654297,113.44000244140625,14.659887313842773,20.98831558227539,74.82524871826172
2018-09-19,257.8398742675781,83.55301666259766,113.87999725341797,14.752886772155762,20.979951858520508,74.82524871826172
2018-09-20,259.92926025390625,83.56128692626953,114.2699966430664,14.752886772155762,20.82944107055664,74.84161376953125
2018-09-21,259.69183349609375,83.59441375732422,113.48999786376953,14.786704063415527,20.896333694458008,74.84161376953125
2018-09-24,258.82916259765625,83.50337982177734,113.47000122070312,15.006519317626953,20.896333694458008,74.84980010986328
2018-09-25,258.5889892578125,83.42059326171875,113.6500015258789,15.040335655212402,20.913055419921875,74.84980010986328
2018-09-26,257.8152770996094,83.69371795654297,113.05000305175781,14.972698211669922,20.92142105102539,74.84980010986328
2018-09-27,258.53564453125,83.69371795654297,112.05000305175781,15.040335655212402,21.07193374633789,74.86610412597656
2018-09-28,258.56231689453125,83.7351303100586,112.76000213623047,15.192513465881348,21.12210464477539,74.86610412597656
2018-10-01,259.460693359375,83.52279663085938,112.56999969482422,15.479961395263672,21.155550003051758,74.87103271484375
2018-10-02,259.30938720703125,83.73841857910156,113.87000274658203,15.530689239501953,21.18899917602539,74.87921905517578
2018-10-03,259.4517822265625,83.11639404296875,113.41999816894531,15.674413681030273,21.255895614624023,74.87921905517578
2018-10-04,257.4239196777344,82.90079498291016,113.4800033569336,15.505325317382812,21.264257431030273,74.89558410644531
2018-10-05,255.9830780029297,82.70172882080078,113.80000305175781,15.471508026123047,21.23917007446289,74.9037857055664
2018-10-08,255.9830780029297,82.73493194580078,112.54000091552734,15.429235458374023,21.264257431030273,74.9037857055664
2018-10-09,255.6095428466797,82.89249420166016,112.5999984741211,15.539140701293945,21.255895614624023,74.89558410644531
2018-10-10,247.51617431640625,82.93397521972656,112.87999725341797,15.234785079956055,21.23080825805664,74.91197967529297
2018-10-11,242.06419372558594,83.27398681640625,115.77999877929688,15.006519317626953,21.113744735717773,74.92013549804688
2018-10-12,245.4261016845703,83.17447662353516,115.2300033569336,15.124879837036133,21.180639266967773,74.92013549804688
2018-10-15,244.04751586914062,83.22422790527344,116.0,15.158696174621582,21.130464553833008,74.92835998535156
2018-10-16,249.38385009765625,83.2159194946289,115.80000305175781,15.226330757141113,21.13882827758789,74.93653106689453
2018-10-17,249.4283447265625,82.9754409790039,115.79000091552734,15.09106159210205,21.247533798217773,74.93653106689453
2018-10-18,245.82632446289062,83.12471008300781,115.91999816894531,14.92197322845459,21.339513778686523,74.93653106689453
2018-10-19,245.69288635253906,83.02517700195312,116.01000213623047,15.006519317626953,21.297704696655273,74.94474029541016
2018-10-22,244.59002685546875,83.04175567626953,115.70999908447266,15.023427963256836,21.37295913696289,74.96109008789062
2018-10-23,243.3448944091797,83.2574234008789,116.38999938964844,14.693703651428223,21.339513778686523,74.96109008789062
2018-10-24,235.97190856933594,83.70521545410156,116.66000366210938,14.592253684997559,21.448217391967773,74.96929931640625
2018-10-25,240.20533752441406,83.50617980957031,116.4000015258789,14.651432991027832,21.506750106811523,74.9774398803711
2018-10-26,235.9807891845703,83.87939453125,116.7699966430664,14.761340141296387,21.448217391967773,74.98565673828125
2018-10-29,234.6734161376953,83.87113952636719,116.30999755859375,14.609162330627441,21.506750106811523,74.98565673828125
2018-10-30,238.15090942382812,83.68866729736328,115.80000305175781,14.533072471618652,21.598731994628906,74.98565673828125
2018-10-31,240.69454956054688,83.4813232421875,115.1500015258789,14.338618278503418,21.590370178222656,74.99383544921875
2018-11-01,243.2559814453125,83.5528335571289,116.62999725341797,14.237168312072754,21.448217391967773,75.01024627685547
2018-11-02,241.81527709960938,83.08735656738281,116.6500015258789,14.203351974487305,21.498388290405273,75.01024627685547
2018-11-05,243.14926147460938,83.13724517822266,116.37000274658203,14.19489860534668,21.490026473999023,75.01844024658203
2018-11-06,244.68792724609375,83.04580688476562,116.04000091552734,14.135714530944824,21.439857482910156,75.01844024658203
2018-11-07,249.92640686035156,83.04580688476562,116.02999877929688,14.101899147033691,21.398046493530273,75.02666473388672
2018-11-08,249.4728546142578,82.92945861816406,115.77999877929688,14.017355918884277,21.52347183227539,75.03487396240234
2018-11-09,247.03585815429688,83.25360870361328,114.4800033569336,13.865177154541016,21.565284729003906,75.05126953125
2018-11-12,242.419921875,83.50296020507812,113.66000366210938,13.831358909606934,21.757606506347656,75.04305267333984
2018-11-13,241.96644592285156,83.56942749023438,113.69999694824219,13.450912475585938,21.682350158691406,75.05126953125
2018-11-14,240.31211853027344,83.74396514892578,114.63999938964844,13.569272994995117,21.60709571838379,75.04305267333984
2018-11-15,242.82015991210938,83.80216217041016,114.7699966430664,13.54391098022461,21.657262802124023,75.06768035888672
2018-11-16,243.45167541503906,84.05978393554688,115.62000274658203,13.628454208374023,21.498388290405273,75.07589721679688
2018-11-19,239.33380126953125,84.18444061279297,115.66999816894531,13.628454208374023,21.481666564941406,75.06768035888672
2018-11-20,234.90467834472656,84.16780090332031,115.66999816894531,13.214189529418945,21.590370178222656,75.08407592773438
2018-11-21,235.70504760742188,84.15122985839844,115.86000061035156,13.3240966796875,21.590370178222656,75.10045623779297
2018-11-23,234.13087463378906,84.20109558105469,115.7699966430664,12.935195922851562,21.632179260253906,75.10045623779297
2018-11-26,237.91079711914062,84.13459777832031,115.63999938964844,12.994376182556152,21.673988342285156,75.10868835449219
2018-11-27,238.7112274169922,84.21770477294922,114.94999694824219,12.943649291992188,21.73252296447754,75.10868835449219
2018-11-28,244.20762634277344,84.20939636230469,115.37999725341797,12.901376724243164,21.623817443847656,75.11687469482422
2018-11-29,243.67396545410156,84.42547607421875,115.73999786376953,12.985921859741211,21.590370178222656,75.12505340576172
2018-11-30,245.1592559814453,84.59171295166016,115.54000091552734,12.926740646362305,21.673988342285156,75.1332778930664
2018-12-03,248.405517578125,84.7766342163086,116.41000366210938,13.222643852233887,21.682350158691406,75.1308364868164
2018-12-04,240.3566131591797,85.16804504394531,117.12000274658203,13.231097221374512,21.640541076660156,75.13903045654297
2018-12-06,239.99188232421875,85.38455200195312,117.13999938964844,13.12119197845459,21.632179260253906,75.15544128417969
2018-12-07,234.41551208496094,85.63441467285156,118.08999633789062,13.273370742797852,21.573646545410156,75.1636734008789
2018-12-10,234.86012268066406,85.68441772460938,117.68000030517578,13.062010765075684,21.71579933166504,75.17184448242188
2018-12-11,234.91351318359375,85.46788024902344,117.54000091552734,13.138100624084473,21.77433204650879,75.1636734008789
2018-12-12,236.0963897705078,85.23467254638672,117.79000091552734,13.095829010009766,21.690711975097656,75.18009948730469
2018-12-13,236.01637268066406,85.28465270996094,117.52999877929688,13.264915466308594,21.690711975097656,75.18831634521484
2018-12-14,231.65835571289062,85.41790008544922,117.05999755859375,13.062010765075684,21.77433204650879,75.1965560913086
2018-12-17,227.1136016845703,85.66776275634766,117.87000274658203,12.909832954406738,21.71579933166504,75.20479583740234
2018-12-18,226.86460876464844,85.87893676757812,118.1500015258789,12.63929271697998,21.707435607910156,75.20479583740234
2018-12-19,223.46714782714844,86.17935180664062,117.43000030517578,12.690018653869629,21.71579933166504,75.1965103149414
2018-12-20,219.82958984375,86.07084655761719,119.23999786376953,12.57165813446045,21.548561096191406,75.21294403076172
2018-12-21,215.32537841796875,86.14598846435547,118.72000122070312,12.461750984191895,21.690711975097656,75.22943115234375
2018-12-24,209.63580322265625,86.36294555664062,120.0199966430664,12.323866844177246,21.5943603515625,75.23765563964844
2018-12-26,220.22763061523438,85.95401000976562,119.66000366210938,12.597921371459961,21.70423698425293,75.22943115234375
2018-12-27,221.9183807373047,86.17103576660156,120.56999969482422,12.478021621704102,21.611263275146484,75.25411224365234
2018-12-28,221.63211059570312,86.63839721679688,121.05999755859375,12.375251770019531,21.552104949951172,75.26236724853516
2018-12-31,223.57334899902344,86.96387481689453,121.25,12.409507751464844,21.509843826293945,75.27059173583984
2019-01-02,223.80596923828125,87.14746856689453,121.33000183105469,12.443765640258789,21.670429229736328,75.26236724853516
2019-01-03,218.46534729003906,87.84016418457031,122.43000030517578,12.546534538269043,21.552104949951172,75.28705596923828
2019-01-04,225.78297424316406,87.13076782226562,121.44000244140625,12.717820167541504,21.518295288085938,75.2952880859375
2019-01-07,227.56321716308594,86.88872528076172,121.86000061035156,12.812026023864746,21.42532730102539,75.2952880859375
2019-01-08,229.70123291015625,86.67176055908203,121.52999877929688,12.9404878616333,21.49294090270996,75.2952880859375
2019-01-09,230.77476501464844,86.72183990478516,122.30999755859375,13.19741439819336,21.290098190307617,75.2952880859375
2019-01-10,231.58880615234375,86.68010711669922,121.58999633789062,13.16315746307373,21.416873931884766,75.30347442626953
2019-01-11,231.67825317382812,86.93883514404297,121.80000305175781,13.120335578918457,21.43377685546875,75.3199462890625
2019-01-14,230.26487731933594,86.88872528076172,122.08999633789062,13.009000778198242,21.43377685546875,75.31173706054688
2019-01-15,232.90382385253906,86.80534362792969,121.87999725341797,13.111771583557129,21.509843826293945,75.32820129394531
2019-01-16,233.46743774414062,86.75520324707031,122.2699966430664,13.180286407470703,21.535200119018555,75.33645629882812
2019-01-17,235.23863220214844,86.59662628173828,122.11000061035156,13.188850402832031,21.535200119018555,75.35291290283203
2019-01-18,238.36968994140625,86.32122802734375,121.0199966430664,13.32587718963623,21.602813720703125,75.35291290283203
2019-01-22,235.1492462158203,86.62168884277344,121.44999694824219,13.231670379638672,21.602813720703125,75.361083984375
2019-01-23,235.6412353515625,86.57992553710938,121.27999877929688,13.214543342590332,21.552104949951172,75.361083984375
2019-01-24,235.7664794921875,86.85536193847656,121.08999633789062,13.248799324035645,21.67888069152832,75.38578796386719
2019-01-25,237.76144409179688,86.65511322021484,122.86000061035156,13.317313194274902,21.501392364501953,75.37757873535156
2019-01-28,235.95437622070312,86.68010711669922,123.29000091552734,13.137465476989746,21.518295288085938,75.38578796386719
2019-01-29,235.6412353515625,86.93050384521484,123.9800033569336,13.265928268432617,21.526748657226562,75.38578796386719
2019-01-30,239.3716278076172,87.13076782226562,124.69000244140625,13.36013412475586,21.416873931884766,75.40227508544922
2019-01-31,241.47389221191406,87.5313949584961,124.75,13.291620254516602,21.459131240844727,75.40227508544922
2019-02-01,241.5902099609375,87.06301879882812,124.5,13.411519050598145,21.459131240844727,75.40969848632812
2019-02-04,243.28982543945312,86.87066650390625,123.95999908447266,13.420083999633789,21.518295288085938,75.41793823242188
2019-02-05,244.3097686767578,87.02124786376953,124.27999877929688,13.36013412475586,21.57745933532715,75.41793823242188
2019-02-06,243.9877166748047,87.08814239501953,123.44000244140625,13.3772611618042,21.661975860595703,75.43443298339844
2019-02-07,241.66183471679688,87.37248229980469,123.73999786376953,13.248799324035645,21.71268653869629,75.43443298339844
2019-02-08,241.9569549560547,87.48956298828125,124.20999908447266,13.265928268432617,21.738040924072266,75.45088958740234
2019-02-11,242.0911407470703,87.35570526123047,123.5999984741211,13.188850402832031,21.822561264038086,75.44267272949219
2019-02-12,245.20425415039062,87.23863983154297,123.86000061035156,13.265928268432617,21.74649429321289,75.45918273925781
2019-02-13,246.0004119873047,87.02124786376953,123.37000274658203,13.343005180358887,21.86482048034668,75.45918273925781
2019-02-14,245.45474243164062,87.4310073852539,124.05999755859375,13.3772611618042,21.83946418762207,75.4756851196289
2019-02-15,248.12962341308594,87.3473892211914,124.80000305175781,13.62562370300293,21.79720687866211,75.4756851196289
2019-02-19,248.55899047851562,87.49797821044922,126.69999694824219,13.659880638122559,21.71268653869629,75.49215698242188
2019-02-20,249.0599822998047,87.48120880126953,126.4800033569336,13.702702522277832,21.729589462280273,75.49215698242188
2019-02-21,248.17433166503906,87.22190856933594,125.05000305175781,13.745521545410156,21.74649429321289,75.50042724609375
2019-02-22,249.71299743652344,87.48120880126953,125.5,13.779778480529785,21.738040924072266,75.51688385009766
2019-02-25,250.0529327392578,87.3473892211914,125.37000274658203,13.574238777160645,21.721139907836914,75.50863647460938
2019-02-26,249.87405395507812,87.60664367675781,125.58000183105469,13.634187698364258,21.636621475219727,75.51688385009766
2019-02-27,249.76670837402344,87.29723358154297,124.69000244140625,13.702702522277832,21.653526306152344,75.52513885498047
2019-02-28,249.30142211914062,87.0713882446289,123.98999786376953,13.668444633483887,21.670429229736328,75.54163360595703
2019-03-01,250.85812377929688,86.78567504882812,121.87999725341797,13.514287948608398,21.754945755004883,75.5499038696289
2019-03-04,249.94554138183594,87.05377960205078,121.55999755859375,13.557110786437988,21.780303955078125,75.54163360595703
2019-03-05,249.60562133789062,87.10409545898438,121.72000122070312,13.62562370300293,21.83946418762207,75.5499038696289
2019-03-06,248.09381103515625,87.34709167480469,121.61000061035156,13.548545837402344,21.83946418762207,75.55814361572266
2019-03-07,246.0183563232422,87.64034271240234,121.51000213623047,13.514287948608398,22.033855438232422,75.57466888427734
2019-03-08,245.5263214111328,87.76608276367188,122.83999633789062,13.505724906921387,21.96624183654785,75.58291625976562
2019-03-11,249.08677673339844,87.69903564453125,122.23999786376953,13.522852897644043,21.915529251098633,75.58291625976562
2019-03-12,250.0261688232422,87.94204711914062,122.9800033569336,13.60849666595459,21.87327003479004,75.59117889404297
2019-03-13,251.68106079101562,87.90851593017578,123.83999633789062,13.694136619567871,21.771848678588867,75.59945678710938
2019-03-14,251.5200653076172,87.7828140258789,122.41000366210938,13.634187698364258,21.83946418762207,75.59945678710938
2019-03-15,252.7626495361328,88.05934143066406,122.97000122070312,13.634187698364258,21.8056583404541,75.60773468017578
2019-03-18,253.67918395996094,87.94204711914062,123.04000091552734,13.702702522277832,21.780303955078125,75.61595916748047
2019-03-19,253.74208068847656,87.88335418701172,123.37999725341797,13.736959457397461,21.754945755004883,75.61595916748047
2019-03-20,252.9783477783203,88.49504089355469,124.18000030517578,13.839728355407715,21.628170013427734,75.61595916748047
2019-03-21,255.83566284179688,88.45321655273438,123.68000030517578,13.771215438842773,21.763395309448242,75.64076232910156
2019-03-22,250.91172790527344,89.10678100585938,123.97000122070312,13.65131664276123,21.8056583404541,75.64076232910156
2019-03-25,250.72305297851562,89.33299255371094,124.91999816894531,13.702702522277832,21.8056583404541,75.64076232910156
2019-03-26,252.59194946289062,89.25757598876953,124.30000305175781,13.728395462036133,21.87327003479004,75.64899444580078
2019-03-27,251.2711639404297,89.5173568725586,123.6500015258789,13.65131664276123,21.89862632751465,75.6572494506836
2019-03-28,252.22354125976562,89.52571868896484,121.9000015258789,13.60849666595459,21.974693298339844,75.67382049560547
2019-03-29,253.81393432617188,89.38327026367188,122.01000213623047,13.617058753967285,22.000049591064453,75.67382049560547
2019-04-01,256.8239440917969,88.7686538696289,121.52999877929688,13.745521545410156,21.98314666748047,75.68704223632812
2019-04-02,256.94970703125,88.91979217529297,121.9800033569336,13.779778480529785,22.008502960205078,75.67876434326172
2019-04-03,257.3540954589844,88.64271545410156,121.80000305175781,13.796906471252441,21.974693298339844,75.68704223632812
2019-04-04,258.0370178222656,88.73504638671875,122.11000061035156,13.805471420288086,22.000049591064453,75.71184539794922
2019-04-05,259.28594970703125,88.77706146240234,121.9800033569336,13.848292350769043,22.025402069091797,75.71184539794922
2019-04-08,259.483642578125,88.63433074951172,122.51000213623047,13.899677276611328,21.949338912963867,75.71184539794922
2019-04-09,258.1538391113281,88.79385375976562,123.1500015258789,13.873985290527344,21.95779037475586,75.72016906738281
2019-04-10,259.03448486328125,89.00375366210938,123.52999877929688,13.993884086608887,21.923982620239258,75.72016906738281
2019-04-11,258.96246337890625,88.8022689819336,121.94999694824219,13.925371170043945,21.991596221923828,75.7449951171875
2019-04-12,260.714599609375,88.39079284667969,121.83000183105469,13.968189239501953,21.940885543823242,75.7449951171875
2019-04-15,260.5438537597656,88.50835418701172,121.5999984741211,13.942498207092285,21.932435989379883,75.75328063964844
2019-04-16,260.714599609375,88.20610046386719,120.51000213623047,13.89111328125,21.98314666748047,75.75328063964844
2019-04-17,260.0766906738281,88.22285461425781,120.27999877929688,13.839728355407715,21.96624183654785,75.76983642578125
2019-04-18,260.5887756347656,88.43276977539062,120.37000274658203,13.882548332214355,22.08456802368164,75.77812194824219
2019-04-22,260.81341552734375,88.30683135986328,120.37000274658203,13.951064109802246,22.033855438232422,75.77812194824219
2019-04-23,263.1585693359375,88.46640014648438,120.12000274658203,13.968189239501953,22.10992431640625,75.77812194824219
2019-04-24,262.57452392578125,88.8022689819336,120.47000122070312,13.916805267333984,22.21979522705078,75.79463958740234
2019-04-25,262.4128112792969,88.69306182861328,120.56999969482422,13.89111328125,22.262056350708008,75.81121063232422
2019-04-26,263.6346740722656,88.92816925048828,121.37000274658203,13.728395462036133,22.2367000579834,75.80290985107422
2019-04-29,264.0480651855469,88.74348449707031,120.83000183105469,13.736959457397461,22.185989379882812,75.81121063232422
2019-04-30,264.1830139160156,88.91979217529297,121.19999694824219,13.779778480529785,22.11837387084961,75.81951141357422
2019-05-01,262.1971740722656,88.87940979003906,120.4000015258789,13.736959457397461,22.14373016357422,75.82281494140625
2019-05-02,261.631103515625,88.62699127197266,119.94000244140625,13.582802772521973,22.194440841674805,75.83110046386719
2019-05-03,264.1918640136719,88.7447509765625,120.6500015258789,13.5913667678833,22.10992431640625,75.8393783569336
2019-05-06,263.1047058105469,88.97196197509766,120.80999755859375,13.634187698364258,22.1268253326416,75.84765625
2019-05-07,258.7109069824219,89.27486419677734,121.20999908447266,13.46290397644043,22.14373016357422,75.85597229003906
2019-05-08,258.35150146484375,89.1065902709961,120.91000366210938,13.480031967163086,22.152179718017578,75.85597229003906
2019-05-09,257.5697326660156,89.34214782714844,121.19999694824219,13.411519050598145,22.10992431640625,75.8642578125
2019-05-10,258.8636474609375,89.28327178955078,121.43000030517578,13.437211036682129,22.101470947265625,75.88085174560547
2019-05-13,252.35833740234375,89.72918701171875,122.66999816894531,13.368698120117188,22.101470947265625,75.87257385253906
2019-05-14,254.6405792236328,89.64502716064453,122.45999908447266,13.548545837402344,22.152179718017578,75.88085174560547
2019-05-15,256.1322326660156,89.93110656738281,122.38999938964844,13.668444633483887,22.160633087158203,75.88915252685547
2019-05-16,258.5041809082031,89.75439453125,121.51000213623047,13.745521545410156,22.21979522705078,75.89742279052734
2019-05-17,256.8329162597656,89.79645538330078,120.6500015258789,13.617058753967285,22.2705078125,75.9057388305664
2019-05-20,255.134765625,89.64502716064453,120.63999938964844,13.677008628845215,22.253602981567383,75.9140396118164
2019-05-21,257.43499755859375,89.54408264160156,120.36000061035156,13.685572624206543,22.287410736083984,75.9140396118164
2019-05-22,256.64422607421875,89.81330871582031,120.23999786376953,13.48859691619873,22.30431365966797,75.93062591552734
2019-05-23,253.50840759277344,90.36018371582031,121.16999816894531,13.205979347229004,22.262056350708008,75.94718933105469
2019-05-24,254.0835723876953,90.33491516113281,121.30000305175781,13.385826110839844,22.185989379882812,75.94718933105469
2019-05-28,251.72036743164062,90.73035430908203,120.83000183105469,13.497160911560059,22.278959274291992,75.95551300048828
2019-05-29,250.03111267089844,90.69666290283203,120.87000274658203,13.445775985717773,22.329669952392578,75.95551300048828
2019-05-30,250.71408081054688,91.02482604980469,121.69000244140625,13.308749198913574,22.33812141418457,75.98035430908203
2019-05-31,247.3356170654297,91.63062286376953,123.33000183105469,12.957616806030273,22.24515151977539,75.98035430908203
2019-06-03,246.70668029785156,92.07149505615234,125.11000061035156,12.914795875549316,22.1268253326416,75.97705841064453
2019-06-04,252.0618133544922,91.73429107666016,125.1500015258789,12.991873741149902,22.101470947265625,75.99364471435547
2019-06-05,254.24525451660156,91.73429107666016,125.47000122070312,12.726383209228516,22.17753791809082,75.99364471435547
2019-06-06,255.89852905273438,91.71739959716797,125.87999725341797,12.949051856994629,22.101470947265625,76.01860046386719
2019-06-07,258.45928955078125,92.07989501953125,126.58999633789062,12.991873741149902,22.008502960205078,76.01026916503906
2019-06-10,259.64532470703125,91.62471771240234,125.33000183105469,12.957616806030273,22.033855438232422,76.02690124511719
2019-06-11,259.5823974609375,91.62471771240234,125.18000030517578,13.043258666992188,22.042306900024414,76.01860046386719
2019-06-12,259.1242370605469,91.8607406616211,125.83000183105469,12.863411903381348,22.101470947265625,76.02690124511719
2019-06-13,260.1933898925781,92.08832550048828,126.5999984741211,13.026131629943848,22.11837387084961,76.05182647705078
2019-06-14,259.9059143066406,92.15580749511719,126.55999755859375,13.077516555786133,22.2367000579834,76.06015014648438
2019-06-17,260.00482177734375,92.1388931274414,126.4800033569336,13.017566680908203,22.24515151977539,76.06015014648438
2019-06-18,262.7272644042969,92.31594848632812,127.12000274658203,13.171721458435059,22.278959274291992,76.06015014648438
2019-06-19,263.32037353515625,92.56884002685547,127.88999938964844,13.14603042602539,22.17753791809082,76.07676696777344
2019-06-20,265.8361511230469,92.72057342529297,131.11000061035156,13.411519050598145,22.042306900024414,76.08509826660156
2019-06-21,265.4498291015625,92.34123229980469,131.97999572753906,13.445775985717773,21.932435989379883,76.08509826660156
2019-06-24,265.12469482421875,92.66156768798828,133.94000244140625,13.505724906921387,21.89862632751465,76.09336853027344
2019-06-25,262.5244140625,92.80487060546875,134.1999969482422,13.548545837402344,21.949338912963867,76.09336853027344
2019-06-26,262.2625427246094,92.425537109375,132.97000122070312,13.617058753967285,21.96624183654785,76.11001586914062
2019-06-27,263.1925354003906,92.70372772216797,132.83999633789062,13.617058753967285,21.96624183654785,76.11001586914062
2019-06-28,264.546875,92.74586486816406,133.1999969482422,13.471467971801758,21.949338912963867,76.11830139160156
2019-07-01,266.9485778808594,92.62934112548828,130.6199951171875,13.46290397644043,22.10992431640625,76.11414337158203
2019-07-02,267.64373779296875,92.95868682861328,133.41000366210938,13.240235328674316,22.093017578125,76.12245178222656
2019-07-03,269.78363037109375,93.1360092163086,133.6300048828125,13.368698120117188,22.093017578125,76.14742279052734
2019-07-05,269.4765930175781,92.54488372802734,132.13999938964844,13.394390106201172,22.211345672607422,76.13911437988281
2019-07-08,267.99591064453125,92.45201110839844,131.2899932861328,13.3772611618042,22.253602981567383,76.13911437988281
2019-07-09,268.3299560546875,92.39286804199219,131.75,13.420083999633789,22.2705078125,76.14742279052734
2019-07-10,269.61199951171875,92.44356536865234,133.8300018310547,13.71126651763916,22.17753791809082,76.15576171875
2019-07-11,270.2441101074219,91.98751831054688,132.6999969482422,13.719830513000488,22.17753791809082,76.17240905761719
2019-07-12,271.4539794921875,92.0888900756836,133.52999877929688,13.7540864944458,22.135278701782227,76.18071746826172
2019-07-15,271.544189453125,92.28311920166016,133.52999877929688,13.60849666595459,22.169082641601562,76.18071746826172
2019-07-16,270.66845703125,92.08041381835938,132.39999389648438,13.46290397644043,22.2705078125,76.18904876708984
2019-07-17,268.8265380859375,92.51109313964844,134.5800018310547,13.343005180358887,22.228246688842773,76.18904876708984
2019-07-18,269.8106689453125,92.73910522460938,136.47999572753906,13.248799324035645,22.10992431640625,76.21403503417969
2019-07-19,268.3118896484375,92.57022857666016,134.47000122070312,13.32587718963623,22.21979522705078,76.21403503417969
2019-07-22,268.9709167480469,92.61243438720703,134.4499969482422,13.28305721282959,22.262056350708008,76.21403503417969
2019-07-23,270.8941955566406,92.4604721069336,133.69000244140625,13.368698120117188,22.363475799560547,76.20568084716797
2019-07-24,272.1671142578125,92.59553527832031,134.3699951171875,13.308749198913574,22.363475799560547,76.22238159179688
2019-07-25,270.8670959472656,92.43511199951172,133.4199981689453,13.257363319396973,22.405736923217773,76.23902130126953
2019-07-26,272.68182373046875,92.41825866699219,133.63999938964844,13.274492263793945,22.439542770385742,76.23067474365234
2019-07-29,272.1853332519531,92.50267028808594,134.52999877929688,13.32587718963623,22.45644760131836,76.24734497070312
2019-07-30,271.51715087890625,92.54488372802734,134.97999572753906,13.402953147888184,22.45644760131836,76.24734497070312
2019-07-31,268.546630859375,92.78134155273438,133.2100067138672,13.317313194274902,22.5916748046875,76.25566101074219
2019-08-01,266.2081604003906,93.83370208740234,136.41000366210938,12.949051856994629,22.524059295654297,76.2764892578125
2019-08-02,264.2037048339844,94.02831268310547,135.88999938964844,12.966181755065918,22.473350524902344,76.2764892578125
2019-08-05,256.2583312988281,94.84039306640625,137.7899932861328,12.854846954345703,22.363475799560547,76.26815795898438
2019-08-06,259.8517761230469,94.99266052246094,138.91000366210938,12.786333084106445,22.388830184936523,76.2764892578125
2019-08-07,260.0053405761719,94.99266052246094,141.02000427246094,12.623614311218262,22.37192726135254,76.29315948486328
2019-08-08,265.10662841796875,95.00115203857422,141.72999572753906,12.692126274108887,22.388830184936523,76.301513671875
2019-08-09,263.3008728027344,94.85731506347656,141.25999450683594,12.803462028503418,22.363475799560547,76.29315948486328
2019-08-12,260.09564208984375,95.45799255371094,142.6300048828125,12.709256172180176,22.346572875976562,76.30982971191406
2019-08-13,264.1405334472656,95.11952209472656,141.77999877929688,13.009000778198242,22.447994232177734,76.31817626953125
2019-08-14,256.3304748535156,95.7540283203125,142.75,12.812026023864746,22.498706817626953,76.30982971191406
2019-08-15,257.0077209472656,96.36312866210938,143.6999969482422,12.709256172180176,22.515605926513672,76.34320068359375
2019-08-16,260.79974365234375,96.10932922363281,142.77999877929688,12.700691223144531,22.532512664794922,76.33484649658203
2019-08-19,263.9419250488281,95.65252685546875,141.11000061035156,12.760641098022461,22.583223342895508,76.33484649658203
2019-08-20,261.91937255859375,96.07552337646484,142.2100067138672,12.794897079467773,22.532512664794922,76.34320068359375
2019-08-21,264.05023193359375,95.82171630859375,141.75999450683594,12.83771800994873,22.55786895751953,76.33484649658203
2019-08-22,263.968994140625,95.6102294921875,141.39999389648438,12.777769088745117,22.540964126586914,76.35986328125
2019-08-23,257.1882629394531,96.25316619873047,144.1699981689453,12.683564186096191,22.414186477661133,76.35155487060547
2019-08-26,260.03240966796875,96.16011047363281,144.19000244140625,12.674999237060547,22.532512664794922,76.35986328125
2019-08-27,259.0120544433594,96.57459259033203,145.57000732421875,12.760641098022461,22.515605926513672,76.36822509765625
2019-08-28,260.8359375,96.60845184326172,145.16000366210938,12.87197494506836,22.566320419311523,76.35986328125
2019-08-29,264.1675720214844,96.42234802246094,144.1199951171875,12.906231880187988,22.6254825592041,76.3765640258789
2019-08-30,264.05023193359375,96.44774627685547,143.75,12.700691223144531,22.710002899169922,76.3848876953125
2019-09-03,262.50628662109375,96.6595458984375,145.75,12.63217830657959,22.760713577270508,76.39990997314453
2019-09-04,265.4858703613281,96.81209564208984,146.66000366210938,12.931923866271973,22.617029190063477,76.39154815673828
2019-09-05,268.8987731933594,96.03250122070312,143.13999938964844,12.914795875549316,22.6254825592041,76.39990997314453
2019-09-06,269.10650634765625,96.09185028076172,141.9199981689453,12.949051856994629,22.633935928344727,76.40827941894531
2019-09-09,269.24188232421875,95.49864196777344,141.38999938964844,13.068950653076172,22.5916748046875,76.40827941894531
2019-09-10,269.1786804199219,94.80381774902344,140.17999267578125,13.086079597473145,22.617029190063477,76.42497253417969
2019-09-11,271.0929260253906,94.71063232421875,141.02999877929688,12.991873741149902,22.684642791748047,76.4166259765625
2019-09-12,272.0318298339844,94.49877166748047,141.32000732421875,12.9404878616333,22.617029190063477,76.43331909179688
2019-09-13,271.8512268066406,93.63443756103516,140.14999389648438,12.9404878616333,22.583223342895508,76.43331909179688
2019-09-16,271.0115661621094,94.04119873046875,141.32000732421875,13.514287948608398,22.684642791748047,76.43331909179688
2019-09-17,271.6976318359375,94.28691864013672,141.60000610351562,13.257363319396973,22.583223342895508,76.44169616699219
2019-09-18,271.86029052734375,94.3208236694336,140.7100067138672,13.171721458435059,22.667739868164062,76.4583969116211
2019-09-19,271.8421630859375,94.36320495605469,141.27999877929688,13.240235328674316,22.617029190063477,76.4583969116211
2019-09-20,270.5577697753906,94.90552520751953,142.9499969482422,13.257363319396973,22.676191329956055,76.46674346923828
2019-09-23,270.4942626953125,95.04109954833984,143.75,13.291620254516602,22.710002899169922,76.48347473144531
2019-09-24,268.3717956542969,95.51566314697266,144.50999450683594,13.137465476989746,22.6254825592041,76.48347473144531
2019-09-25,269.9590759277344,94.8885726928711,141.8300018310547,13.060386657714844,22.802968978881836,76.48347473144531
2019-09-26,269.3967590332031,95.09193420410156,141.7899932861328,13.060386657714844,22.86213493347168,76.50016021728516
2019-09-27,267.9454345703125,95.2275161743164,141.05999755859375,13.009000778198242,22.828325271606445,76.50016021728516
2019-09-30,269.1881103515625,95.30377960205078,138.8699951171875,12.880538940429688,22.90439224243164,76.50853729248047
2019-10-01,265.9862365722656,95.56769561767578,139.6300048828125,12.87197494506836,22.828325271606445,76.50599670410156
2019-10-02,261.28765869140625,95.89867401123047,141.25999450683594,12.760641098022461,22.811420440673828,76.50599670410156
2019-10-03,263.4282531738281,96.39940643310547,141.89999389648438,12.743513107299805,22.802968978881836,76.5311050415039
2019-10-04,266.9930114746094,96.58607482910156,141.89999389648438,12.846282005310059,22.78606605529785,76.5311050415039
2019-10-07,265.8410949707031,96.26362609863281,140.69000244140625,12.829153060913086,22.828325271606445,76.53947448730469
2019-10-08,261.71392822265625,96.46732330322266,141.9199981689453,12.820590019226074,22.86213493347168,76.53947448730469
2019-10-09,264.1991882324219,96.22118377685547,142.0500030517578,12.854846954345703,22.84522819519043,76.53947448730469
2019-10-10,265.9862365722656,95.6186294555664,140.80999755859375,12.9404878616333,22.752260208129883,76.55622100830078
2019-10-11,268.7437438964844,94.96516418457031,140.02999877929688,13.094643592834473,22.667739868164062,76.5645751953125
2019-10-14,268.4443359375,95.22826385498047,140.58999633789062,13.03469467163086,22.7353572845459,76.55622100830078
2019-10-15,271.1020202636719,94.7699966430664,139.61000061035156,13.000438690185547,22.667739868164062,76.5645751953125
2019-10-16,270.6666259765625,94.95667266845703,140.41000366210938,13.017566680908203,22.608579635620117,76.57293701171875
2019-10-17,271.46490478515625,94.92273712158203,140.61000061035156,13.068950653076172,22.524059295654297,76.5813217163086
2019-10-18,270.2766418457031,95.0075912475586,140.4600067138672,13.060386657714844,22.439542770385742,76.5813217163086
2019-10-21,272.10882568359375,94.6596450805664,139.7899932861328,13.043258666992188,22.45644760131836,76.58970642089844
2019-10-22,271.21990966796875,94.88028717041016,140.1999969482422,13.060386657714844,22.507156372070312,76.58970642089844
2019-10-23,272.0090637207031,94.91425323486328,140.52999877929688,13.223106384277344,22.498706817626953,76.58970642089844
2019-10-24,272.4534606933594,94.89727020263672,141.52999877929688,13.291620254516602,22.566320419311523,76.60639953613281
2019-10-25,273.56927490234375,94.6935806274414,141.86000061035156,13.368698120117188,22.5916748046875,76.60639953613281
2019-10-28,275.1112060546875,94.3371810913086,140.63999938964844,13.317313194274902,22.574771881103516,76.59806060791016
2019-10-29,275.0295715332031,94.42206573486328,140.25,13.291620254516602,22.566320419311523,76.61475372314453
2019-10-30,275.8731689453125,94.88028717041016,141.02000427246094,13.205979347229004,22.515605926513672,76.6231460571289
2019-10-31,275.1384582519531,95.48284912109375,142.42999267578125,13.128901481628418,22.473350524902344,76.63147735595703
2019-11-01,277.68731689453125,95.30265045166016,142.55999755859375,13.368698120117188,22.46489906311035,76.63065338134766
2019-11-04,278.80291748046875,94.81819915771484,142.14999389648438,13.454339027404785,22.549415588378906,76.6390380859375
2019-11-05,278.49456787109375,94.30828857421875,139.85000610351562,13.48859691619873,22.633935928344727,76.63065338134766
2019-11-06,278.5581359863281,94.58019256591797,140.4499969482422,13.343005180358887,22.633935928344727,76.6390380859375
2019-11-07,279.5376281738281,93.82376861572266,138.27000427246094,13.334440231323242,22.684642791748047,76.65579223632812
2019-11-08,280.2270202636719,93.6962890625,137.38999938964844,13.368698120117188,22.7353572845459,76.65579223632812
2019-11-11,279.69189453125,93.79827880859375,137.05999755859375,13.28305721282959,22.701549530029297,76.65579223632812
2019-11-12,280.28155517578125,93.84075164794922,137.42999267578125,13.291620254516602,22.7353572845459,76.6641845703125
2019-11-13,280.37213134765625,94.09577178955078,137.97999572753906,13.317313194274902,22.726905822753906,76.6641845703125
2019-11-14,280.78033447265625,94.57170867919922,138.55999755859375,13.274492263793945,22.710002899169922,76.67259216308594
2019-11-15,282.8121032714844,94.49523162841797,138.2100067138672,13.343005180358887,22.65928840637207,76.6641845703125
2019-11-18,283.0208740234375,94.65673065185547,138.6199951171875,13.205979347229004,22.617029190063477,76.68093872070312
2019-11-19,282.939208984375,94.83518981933594,138.69000244140625,13.086079597473145,22.642385482788086,76.67259216308594
2019-11-20,281.886962890625,95.18366241455078,138.75999450683594,13.257363319396973,22.642385482788086,76.68093872070312
2019-11-21,281.43341064453125,94.94570922851562,138.0,13.3772611618042,22.676191329956055,76.68093872070312
2019-11-22,282.0592956542969,94.92867279052734,137.74000549316406,13.368698120117188,22.743806838989258,76.68929290771484
2019-11-25,284.2452392578125,94.97117614746094,137.0800018310547,13.368698120117188,22.760713577270508,76.68929290771484
2019-11-26,284.8893127441406,95.14968872070312,137.74000549316406,13.445775985717773,22.7353572845459,76.69771575927734
2019-11-27,286.1592102050781,94.9031982421875,137.00999450683594,13.3772611618042,22.769163131713867,76.71446228027344
2019-11-29,285.0979919433594,94.82672882080078,137.86000061035156,13.111771583557129,22.743806838989258,76.71446228027344
2019-12-02,282.67608642578125,94.48625946044922,137.7899932861328,13.094643592834473,22.650835037231445,76.72028350830078
2019-12-03,280.78033447265625,95.32889556884766,139.11000061035156,13.103208541870117,22.6254825592041,76.71192932128906
2019-12-04,282.5128173828125,94.9628677368164,138.9199981689453,13.308749198913574,22.600128173828125,76.72028350830078
2019-12-05,283.0208740234375,94.7415771484375,139.0,13.334440231323242,22.549415588378906,76.7370834350586
2019-12-06,285.60595703125,94.45219421386719,137.6199951171875,13.420083999633789,22.633935928344727,76.7370834350586
2019-12-09,284.7079162597656,94.52880096435547,137.5800018310547,13.402953147888184,22.608579635620117,76.7454833984375
2019-12-10,284.39044189453125,94.41812133789062,137.97000122070312,13.46290397644043,22.583223342895508,76.7454833984375
2019-12-11,285.1976623535156,94.80968475341797,138.9199981689453,13.402953147888184,22.498706817626953,76.7454833984375
2019-12-12,287.6558837890625,94.06063842773438,138.42999267578125,13.522852897644043,22.532512664794922,76.76225280761719
2019-12-13,287.8282165527344,94.61392211914062,139.0500030517578,13.5913667678833,22.532512664794922,76.7454833984375
2019-12-16,289.8055725097656,94.17131805419922,139.0399932861328,13.685572624206543,22.490253448486328,76.76225280761719
2019-12-17,289.8691101074219,94.1798324584961,139.00999450683594,13.745521545410156,22.532512664794922,76.75387573242188
2019-12-18,289.88720703125,93.92448425292969,139.02000427246094,13.7540864944458,22.574771881103516,76.7706527709961
2019-12-19,291.0755615234375,93.99779510498047,139.3800048828125,13.814034461975098,22.574771881103516,76.779052734375
2019-12-20,292.3515625,93.99779510498047,139.52000427246094,13.796906471252441,22.650835037231445,76.78324890136719
2019-12-23,292.7982482910156,93.91253662109375,139.9499969482422,13.800387382507324,22.638769149780273,76.78324890136719
2019-12-24,292.8073425292969,94.0744857788086,141.27000427246094,13.861298561096191,22.638769149780273,76.7916259765625
2019-12-26,294.36602783203125,94.21086120605469,142.3800048828125,13.965713500976562,22.604284286499023,76.80004119873047
2019-12-27,294.2932434082031,94.34727478027344,142.3300018310547,13.991819381713867,22.492210388183594,76.7916259765625
2019-12-30,292.67059326171875,94.28756713867188,142.6300048828125,13.965713500976562,22.449106216430664,76.80004119873047
2019-12-31,293.3816223144531,93.94661712646484,142.89999389648438,13.878700256347656,22.38875961303711,76.80004119873047
2020-01-02,296.1252136230469,94.38133239746094,143.9499969482422,13.896103858947754,22.466346740722656,76.82526397705078
2020-01-03,293.8829650878906,95.01207733154297,145.86000061035156,14.061429023742676,22.492210388183594,76.82526397705078
2020-01-06,295.0041198730469,94.9098129272461,147.38999938964844,14.08753490447998,22.440486907958984,76.81683349609375
2020-01-07,294.1747131347656,94.77339935302734,147.97000122070312,14.078832626342773,22.51807403564453,76.81683349609375
2020-01-08,295.74249267578125,94.55178833007812,146.86000061035156,13.869999885559082,22.57842254638672,76.83363342285156
2020-01-09,297.7478332519531,94.6200180053711,146.02999877929688,13.809088706970215,22.62152671813965,76.8420639038086
2020-01-10,296.8909606933594,94.82457733154297,146.91000366210938,13.809088706970215,22.604284286499023,76.8420639038086
2020-01-13,298.9328308105469,94.71378326416016,145.82000732421875,13.704673767089844,22.604284286499023,76.8420639038086
2020-01-14,298.4769592285156,94.90129089355469,145.69000244140625,13.765583038330078,22.612903594970703,76.8420639038086
2020-01-15,299.15155029296875,95.13995361328125,146.5399932861328,13.695971488952637,22.57842254638672,76.85042572021484
2020-01-16,301.6400146484375,94.94390869140625,146.30999755859375,13.678568840026855,22.612903594970703,76.86725616455078
2020-01-17,302.578857421875,94.8672103881836,146.5800018310547,13.722075462341309,22.690494537353516,76.85884094238281
2020-01-21,301.9862976074219,95.2422103881836,146.74000549316406,13.643763542175293,22.67325210571289,76.86725616455078
2020-01-22,302.02276611328125,95.2592544555664,146.7899932861328,13.461034774780273,22.656009674072266,76.86725616455078
2020-01-23,302.36920166015625,95.49790954589844,147.1199951171875,13.347917556762695,22.716358184814453,76.87564086914062
2020-01-24,299.68023681640625,95.83890533447266,147.97999572753906,13.147784233093262,22.750839233398438,76.87564086914062
2020-01-27,294.8765563964844,96.4866714477539,148.99000549316406,12.904146194458008,22.78532600402832,76.88401794433594
2020-01-28,297.9665222167969,96.16276550292969,147.66000366210938,12.965056419372559,22.78532600402832,76.88401794433594
2020-01-29,297.72039794921875,96.62303161621094,148.4600067138672,12.904146194458008,22.819808959960938,76.89244079589844
2020-01-30,298.6866455078125,96.71683502197266,148.47000122070312,12.79102897644043,22.750839233398438,76.89244079589844
2020-01-31,293.2631530761719,97.20265197753906,149.3300018310547,12.68661117553711,22.656009674072266,76.89244079589844
2020-02-03,295.44171142578125,97.11984252929688,148.36000061035156,12.451674461364746,22.768083572387695,76.89913940429688
2020-02-04,299.94451904296875,96.55655670166016,146.42999267578125,12.469077110290527,22.802566528320312,76.89913940429688
2020-02-05,303.4082946777344,96.13832092285156,146.61000061035156,12.660507202148438,22.888778686523438,76.91598510742188
2020-02-06,304.4292297363281,96.20661163330078,147.39999389648438,12.712716102600098,22.931882858276367,76.92439270019531
2020-02-07,302.8067321777344,96.6675033569336,147.7899932861328,12.643104553222656,22.98360824584961,76.92439270019531
2020-02-10,305.0672607421875,96.8552474975586,148.1699981689453,12.529987335205078,23.01809310913086,76.91598510742188
2020-02-11,305.59600830078125,96.62482452392578,147.66000366210938,12.573493003845215,22.992229461669922,76.92439270019531
2020-02-12,307.5648193359375,96.37730407714844,147.5399932861328,12.747520446777344,23.05257797241211,76.93282318115234
2020-02-13,307.2366638183594,96.46266174316406,148.3800048828125,12.75622272491455,23.078441619873047,76.94120788574219
2020-02-14,307.72894287109375,96.70162963867188,149.0,12.747520446777344,23.0698184967041,76.94120788574219
2020-02-18,306.9359436035156,96.8552474975586,150.91000366210938,12.843236923217773,23.156028747558594,76.94963836669922
2020-02-19,308.4034423828125,96.83821105957031,151.7899932861328,12.965056419372559,23.199132919311523,76.94963836669922
2020-02-20,307.136474609375,97.11984252929688,152.41000366210938,12.912847518920898,23.26810073852539,76.94963836669922
2020-02-21,303.97344970703125,97.51245880126953,154.6999969482422,12.860639572143555,23.130163192749023,76.96646881103516
2020-02-24,293.89208984375,98.27204895019531,156.08999633789062,12.6170015335083,23.138784408569336,76.95804595947266
2020-02-25,284.9865417480469,98.54519653320312,153.3000030517578,12.382063865661621,23.0698184967041,76.95804595947266
2020-02-26,283.9383239746094,98.49396514892578,153.97000122070312,12.260244369506836,23.087060928344727,76.974853515625
2020-02-27,271.1861267089844,98.97197723388672,154.0,12.051411628723145,22.949125289916992,76.99166870117188
2020-02-28,270.04669189453125,100.08153533935547,148.3800048828125,11.842577934265137,22.87153434753418,76.9832763671875
2020-03-02,281.7414855957031,100.0131607055664,149.1999969482422,12.112320899963379,22.750839233398438,77.00601959228516
2020-03-03,273.6745300292969,101.17530059814453,153.88999938964844,12.13842487335205,22.656009674072266,77.0228500366211
2020-03-04,285.1779479980469,100.95313262939453,154.16000366210938,12.147126197814941,22.733598709106445,77.05650329589844
2020-03-05,275.6982116699219,101.850341796875,157.49000549316406,12.016605377197266,22.56117820739746,77.07333374023438
2020-03-06,271.14056396484375,102.88433837890625,157.5500030517578,11.625042915344238,22.43186378479004,77.07333374023438
2020-03-09,249.9659423828125,103.80720520019531,157.80999755859375,10.720099449157715,22.190473556518555,77.10704040527344
2020-03-10,262.9004211425781,101.90161895751953,154.47999572753906,11.059453964233398,22.51807403564453,77.09017181396484
2020-03-11,250.08447265625,100.8847427368164,153.92999267578125,10.859320640563965,22.55255889892578,77.10704040527344
2020-03-12,226.15707397460938,100.93601989746094,147.7899932861328,10.4242525100708,22.793947219848633,77.11540222167969
2020-03-13,245.4903564453125,100.27806091308594,143.27999877929688,10.537370681762695,23.656047821044922,77.1323013305664
2020-03-16,218.62794494628906,102.92706298828125,141.63999938964844,9.902170181274414,22.897397994995117,77.14067840576172
2020-03-17,230.43206787109375,100.34640502929688,143.55999755859375,9.74554443359375,23.30258560180664,77.14067840576172
2020-03-18,218.76466369628906,98.95353698730469,140.6999969482422,9.423593521118164,23.656047821044922,77.15754699707031
2020-03-19,219.22952270507812,99.27823638916016,138.0399932861328,9.623725891113281,24.216411590576172,77.14067840576172
2020-03-20,209.7820281982422,101.80762481689453,140.11000061035156,9.519309043884277,24.147445678710938,77.16593933105469
2020-03-23,204.41827392578125,103.01251220703125,146.3000030517578,9.632426261901855,24.112960815429688,77.14911651611328
2020-03-24,222.939208984375,102.31182098388672,153.39999389648438,9.84126091003418,23.837087631225586,77.14911651611328
2020-03-25,226.27664184570312,102.37162780761719,151.3000030517578,10.006586074829102,23.61294174194336,77.14911651611328
2020-03-26,239.4889373779297,102.61942291259766,153.24000549316406,9.971781730651855,23.233617782592773,77.14911651611328
2020-03-27,232.3555450439453,103.37995910644531,152.25,9.936976432800293,23.043956756591797,77.1323013305664
2020-03-30,239.90147399902344,103.6192398071289,152.9199981689453,9.910872459411621,23.14740753173828,77.1323013305664
2020-03-31,236.3256378173828,103.80720520019531,148.0500030517578,9.789052963256836,23.130163192749023,77.14067840576172
2020-04-01,225.68988037109375,104.22986602783203,149.4499969482422,9.510607719421387,23.276721954345703,77.13394927978516
2020-04-02,230.89773559570312,104.24694061279297,151.89999389648438,9.693337440490723,23.397415161132812,77.14236450195312
2020-04-03,227.560302734375,104.32398986816406,152.64999389648438,9.936976432800293,23.5267333984375,77.11710357666016
2020-04-06,242.84463500976562,103.8534164428711,156.8800048828125,9.989182472229004,23.535350799560547,77.12551879882812
2020-04-07,243.09230041503906,103.39144134521484,156.0399932861328,10.058795928955078,23.319828033447266,77.10868072509766
2020-04-08,251.2524871826172,103.26309967041016,154.64999389648438,10.03269100189209,23.406036376953125,77.11710357666016
2020-04-09,255.07583618164062,103.48552703857422,158.69000244140625,10.058795928955078,23.233617782592773,77.10022735595703
2020-04-13,252.74697875976562,103.26309967041016,161.41000366210938,10.23282241821289,23.199132919311523,77.11710357666016
2020-04-14,260.201171875,103.39997100830078,162.67999267578125,10.145809173583984,23.0698184967041,77.12551879882812
2020-04-15,254.67239379882812,104.32398986816406,161.85000610351562,9.936976432800293,23.242238998413086,77.11710357666016
2020-04-16,255.90097045898438,104.43517303466797,161.7100067138672,9.910872459411621,23.345691680908203,77.10868072509766
2020-04-17,262.8142395019531,104.16140747070312,158.57000732421875,9.954378128051758,23.285343170166016,77.12551879882812
2020-04-20,258.1841125488281,104.43517303466797,159.6999969482422,9.789052963256836,23.362932205200195,77.11710357666016
2020-04-21,250.3447723388672,104.72607421875,158.61000061035156,9.327878952026367,23.397415161132812,77.11710357666016
2020-04-22,255.90097045898438,104.40094757080078,161.72999572753906,9.458399772644043,23.466384887695312,77.11710357666016
2020-04-23,255.88265991210938,104.46941375732422,163.33999633789062,9.432295799255371,23.475006103515625,77.12551879882812
2020-04-24,259.4493713378906,104.49507904052734,162.63999938964844,9.310476303100586,23.42327880859375,77.11710357666016
2020-04-27,263.1902160644531,103.93896484375,161.55999755859375,9.136448860168457,23.362932205200195,77.11710357666016
2020-04-28,261.9799499511719,104.39239501953125,160.83999633789062,9.145151138305664,23.33707046508789,77.11710357666016
2020-04-29,268.83819580078125,104.341064453125,161.72999572753906,9.310476303100586,23.242238998413086,77.10868072509766
2020-04-30,266.3350830078125,104.09294891357422,158.8000030517578,9.484503746032715,23.09568214416504,77.12551879882812
2020-05-01,259.2843322753906,104.23685455322266,159.77999877929688,9.36268424987793,23.121543884277344,77.1120376586914
2020-05-04,259.9994201660156,104.25396728515625,160.33999633789062,9.47580337524414,23.250858306884766,77.1120376586914
2020-05-05,262.40167236328125,104.17688751220703,161.02000427246094,9.719441413879395,23.26810073852539,77.1120376586914
2020-05-06,260.6229248046875,103.79150390625,158.9499969482422,9.528011322021484,23.380176544189453,77.12047576904297
2020-05-07,263.7678527832031,104.42527770996094,161.38999938964844,9.588920593261719,23.311208724975586,77.1120376586914
2020-05-08,268.13226318359375,104.08269500732422,160.4199981689453,9.789052963256836,23.30258560180664,77.1120376586914
2020-05-11,268.18719482421875,103.79150390625,159.4199981689453,9.658531188964844,23.3887939453125,77.12047576904297
2020-05-12,262.841796875,104.13404846191406,160.0399932861328,9.580219268798828,23.345691680908203,77.12047576904297
2020-05-13,258.1932373046875,104.34819030761719,161.5800018310547,9.484503746032715,23.3887939453125,77.12047576904297
2020-05-14,261.283203125,104.51092529296875,163.00999450683594,9.64983081817627,23.414657592773438,77.12889862060547
2020-05-15,262.4842529296875,104.44239807128906,163.92999267578125,9.74554443359375,23.431901931762695,77.1120376586914
2020-05-18,270.4793701171875,103.80003356933594,162.69000244140625,10.0239896774292,23.242238998413086,77.1120376586914
2020-05-19,267.7012023925781,104.09123229980469,164.25999450683594,9.997884750366211,23.22499656677246,77.1120376586914
2020-05-20,272.24896240234375,104.11692810058594,164.64999389648438,10.171913146972656,23.14740753173828,77.1120376586914
2020-05-21,270.3692932128906,104.1854476928711,162.25,10.128405570983887,23.199132919311523,77.12047576904297
2020-05-22,270.8828430175781,104.3824234008789,163.2100067138672,10.050094604492188,23.26810073852539,77.1120376586914
2020-05-26,274.22021484375,104.10836791992188,160.88999938964844,10.154509544372559,23.09568214416504,77.12047576904297
2020-05-27,278.30035400390625,104.19400787353516,161.17999267578125,10.0239896774292,23.087060928344727,77.1120376586914
2020-05-28,277.7870178222656,104.09980773925781,161.72000122070312,10.076197624206543,22.96636390686035,77.1120376586914
2020-05-29,279.0246887207031,104.43385314941406,162.91000366210938,10.250224113464355,22.931882858276367,77.1120376586914
2020-06-01,280.1524353027344,104.39266204833984,163.66000366210938,10.311136245727539,22.802566528320312,77.12047576904297
2020-06-02,282.4721374511719,104.22119140625,162.60000610351562,10.4242525100708,22.776704788208008,77.12047576904297
2020-06-03,286.2314147949219,103.60395812988281,159.60000610351562,10.4242525100708,22.638769149780273,77.12047576904297
2020-06-04,285.4794616699219,103.19246673583984,161.27999877929688,10.511265754699707,22.55255889892578,77.12047576904297
2020-06-05,292.7962646484375,102.67809295654297,158.00999450683594,10.720099449157715,22.595661163330078,77.10360717773438
2020-06-08,296.33538818359375,102.78949737548828,159.72000122070312,10.650487899780273,22.535316467285156,77.1120376586914
2020-06-09,294.12579345703125,103.15814971923828,161.25999450683594,10.685294151306152,22.466346740722656,77.1120376586914
2020-06-10,292.48455810546875,103.92974090576172,163.57000732421875,10.754904747009277,22.354272842407227,77.12047576904297
2020-06-11,275.6230773925781,104.29834747314453,162.38999938964844,10.40684986114502,22.57842254638672,77.10360717773438
2020-06-12,278.923828125,104.06692504882812,162.6199951171875,10.450357437133789,22.638769149780273,77.12047576904297
2020-06-15,281.52777099609375,103.98118591308594,162.3300018310547,10.546072959899902,22.54393768310547,77.12047576904297
2020-06-16,286.9465026855469,103.76683044433594,162.25,10.633086204528809,22.612903594970703,77.12047576904297
2020-06-17,285.7546691894531,103.92974090576172,162.55999755859375,10.580877304077148,22.63014793395996,77.12047576904297
2020-06-18,285.8646240234375,104.16117095947266,162.24000549316406,10.6417875289917,22.716358184814453,77.1120376586914
2020-06-19,284.23095703125,104.19548797607422,164.02999877929688,10.728801727294922,22.742219924926758,77.1120376586914
2020-06-22,286.0543518066406,104.10116577148438,165.08999633789062,10.8419189453125,22.62152671813965,77.1120376586914
2020-06-23,287.37127685546875,104.06692504882812,166.47999572753906,10.78971004486084,22.54393768310547,77.1120376586914
2020-06-24,280.0408020019531,104.26409149169922,165.89999389648438,10.519968032836914,22.647390365600586,77.1120376586914
2020-06-25,283.0430603027344,104.28121185302734,165.8000030517578,10.615683555603027,22.681873321533203,77.12047576904297
2020-06-26,276.3202819824219,104.56414031982422,166.5399932861328,10.485161781311035,22.716358184814453,77.1120376586914
2020-06-29,280.3815002441406,104.6669692993164,166.6300048828125,10.659189224243164,22.724979400634766,77.1120376586914
2020-06-30,283.97308349609375,104.47838592529297,167.3699951171875,10.71139907836914,22.690494537353516,77.1120376586914
2020-07-01,285.96221923828125,104.31534576416016,166.6199951171875,10.798412322998047,22.638769149780273,77.1120376586914
2020-07-02,287.53704833984375,104.44408416748047,166.97999572753906,10.8419189453125,22.656009674072266,77.12047576904297
2020-07-06,291.9757995605469,104.28961944580078,167.97999572753906,10.928933143615723,22.535316467285156,77.1120376586914
2020-07-07,288.96441650390625,104.62429809570312,169.0399932861328,10.937634468078613,22.5870418548584,77.1120376586914
2020-07-08,291.1745910644531,104.46123504638672,170.08999633789062,11.076855659484863,22.466346740722656,77.1120376586914
2020-07-09,289.5169372558594,104.79591369628906,169.6300048828125,10.946335792541504,22.54393768310547,77.1120376586914
2020-07-10,292.4731140136719,104.58993530273438,169.19000244140625,11.015946388244629,22.50945472717285,77.12047576904297
2020-07-13,289.94061279296875,104.70148468017578,169.39999389648438,10.902828216552734,22.47496795654297,77.12047576904297
2020-07-14,293.697998046875,104.69292449951172,170.19000244140625,10.955037117004395,22.43186378479004,77.12047576904297
2020-07-15,296.396240234375,104.65862274169922,170.33999633789062,11.08555793762207,22.371517181396484,77.12047576904297
2020-07-16,295.42010498046875,104.73580169677734,168.72999572753906,10.998544692993164,22.449106216430664,77.1120376586914
2020-07-17,296.27655029296875,104.71005249023438,170.1199951171875,11.015946388244629,22.354272842407227,77.12047576904297
2020-07-20,298.67095947265625,104.77873992919922,170.94000244140625,11.007244110107422,22.31978988647461,77.12047576904297
2020-07-21,299.3063049316406,104.89030456542969,173.0,11.163869857788086,22.181854248046875,77.12047576904297
2020-07-22,301.00994873046875,104.9245834350586,175.6300048828125,11.233481407165527,22.12150764465332,77.1120376586914
2020-07-23,297.41845703125,105.02757263183594,177.17999267578125,11.207378387451172,22.07840347290039,77.12047576904297
2020-07-24,295.5029602050781,104.97608947753906,178.6999969482422,11.224780082702637,21.983572006225586,77.1120376586914
2020-07-27,297.6578674316406,104.81304931640625,182.22999572753906,11.329195976257324,21.819772720336914,77.1120376586914
2020-07-28,295.7700500488281,105.06189727783203,183.75,11.26828670501709,21.85425567626953,77.12047576904297
2020-07-29,299.4075622558594,105.19918060302734,185.1300048828125,11.329195976257324,21.750804901123047,77.12047576904297
2020-07-30,298.3393249511719,105.34503936767578,183.75999450683594,11.198676109313965,21.664594650268555,77.1120376586914
2020-07-31,300.6968688964844,105.37078857421875,185.42999267578125,11.259584426879883,21.793909072875977,77.12047576904297
2020-08-03,302.787353515625,105.31925964355469,185.63999938964844,11.372703552246094,21.793909072875977,77.1120376586914
2020-08-04,303.9569396972656,105.67994689941406,189.58999633789062,11.433613777160645,21.716320037841797,77.12047576904297
2020-08-05,305.84478759765625,105.32781219482422,191.35000610351562,11.529328346252441,21.621488571166992,77.1120376586914
2020-08-06,307.88922119140625,105.4480972290039,193.88999938964844,11.616342544555664,21.621488571166992,77.1120376586914
2020-08-07,308.1102600097656,105.22477722167969,190.80999755859375,11.459717750549316,21.750804901123047,77.12047576904297
2020-08-10,309.03118896484375,105.11315155029297,190.14999389648438,11.520626068115234,21.785287857055664,77.12047576904297
2020-08-11,306.4802551269531,104.75247192382812,179.94000244140625,11.337897300720215,21.819772720336914,77.1120376586914
2020-08-12,310.75323486328125,104.4433364868164,179.10000610351562,11.459717750549316,21.750804901123047,77.1120376586914
2020-08-13,310.19146728515625,104.2286148071289,183.3300018310547,11.520626068115234,21.7421817779541,77.12047576904297
2020-08-14,310.2007141113281,104.28015899658203,182.5399932861328,11.520626068115234,21.707700729370117,77.1120376586914
2020-08-17,311.18609619140625,104.45191192626953,186.5,11.712057113647461,21.612869262695312,77.1120376586914
2020-08-18,311.8583679199219,104.6322250366211,188.17999267578125,11.738161087036133,21.49217414855957,77.12047576904297
2020-08-19,310.55987548828125,104.49482727050781,182.24000549316406,11.703356742858887,21.664594650268555,77.12047576904297
2020-08-20,311.5268859863281,104.79540252685547,183.5,11.685952186584473,21.604248046875,77.12047576904297
2020-08-21,312.6319274902344,104.87271118164062,182.02999877929688,11.572834968566895,21.707700729370117,77.12047576904297
2020-08-24,315.79986572265625,104.72671508789062,181.0,11.633745193481445,21.7421817779541,77.12047576904297
2020-08-25,316.905029296875,104.47767639160156,181.22000122070312,11.729459762573242,21.664594650268555,77.1120376586914
2020-08-26,320.0821533203125,104.43473052978516,183.36000061035156,11.755563735961914,21.63873291015625,77.1120376586914
2020-08-27,320.7819519042969,104.06547546386719,181.24000549316406,11.712057113647461,21.664594650268555,77.1120376586914
2020-08-28,322.8540954589844,104.2372055053711,184.38999938964844,11.790369987487793,21.49217414855957,77.12047576904297
2020-08-31,321.6845703125,104.3488540649414,184.8300018310547,11.781667709350586,21.466312408447266,77.12047576904297
2020-09-01,324.71429443359375,104.69087982177734,185.0500030517578,11.799071311950684,21.509416580200195,77.12047576904297
2020-09-02,329.4110107421875,104.83699035644531,182.6199951171875,11.64244556427002,21.587005615234375,77.12047576904297
2020-09-03,318.07452392578125,104.97447204589844,181.13999938964844,11.538029670715332,21.595624923706055,77.1120376586914
2020-09-04,315.4775695800781,104.39009857177734,181.63999938964844,11.433613777160645,21.630109786987305,77.12047576904297
2020-09-08,306.8577880859375,104.61355590820312,181.2899932861328,11.155167579650879,21.7421817779541,77.12047576904297
2020-09-09,312.91741943359375,104.56198120117188,183.0500030517578,11.259584426879883,21.707700729370117,77.1120376586914
2020-09-10,307.4840087890625,104.69087982177734,182.4600067138672,11.146467208862305,21.750804901123047,77.1120376586914
2020-09-11,307.6405944824219,104.85417175292969,182.4499969482422,11.224780082702637,21.707700729370117,77.10360717773438
2020-09-14,311.6925964355469,104.75961303710938,183.88999938964844,11.233481407165527,21.655973434448242,77.12047576904297
2020-09-15,313.267333984375,104.70807647705078,183.4499969482422,11.294390678405762,21.673213958740234,77.10360717773438
2020-09-16,312.02423095703125,104.64794158935547,183.97000122070312,11.50322437286377,21.699079513549805,77.12047576904297
2020-09-17,309.2798156738281,104.68228912353516,182.9600067138672,11.633745193481445,21.621488571166992,77.12047576904297
2020-09-18,305.7191467285156,104.58776092529297,183.1999969482422,11.685952186584473,21.64735221862793,77.10360717773438
2020-09-21,302.316650390625,104.77682495117188,179.52000427246094,11.398807525634766,21.802532196044922,77.10360717773438
2020-09-22,305.3955383300781,104.77682495117188,178.64999389648438,11.346599578857422,21.880117416381836,77.10360717773438
2020-09-23,298.3131103515625,104.77682495117188,174.7899932861328,11.216078758239746,22.00081443786621,77.10360717773438
2020-09-24,299.1082458496094,104.82838439941406,175.44000244140625,11.26828670501709,21.966331481933594,77.1120376586914
2020-09-25,303.9439697265625,104.91432189941406,174.94000244140625,11.26828670501709,22.026674270629883,77.10360717773438
2020-09-28,308.9923095703125,104.89714050292969,176.6999969482422,11.364002227783203,21.95770835876465,77.1120376586914
2020-09-29,307.30950927734375,104.97447204589844,178.19000244140625,11.233481407165527,21.85425567626953,77.1120376586914
2020-09-30,309.6394958496094,104.69087982177734,177.1199951171875,11.364002227783203,21.85425567626953,77.10360717773438
2020-10-01,311.6273498535156,104.75022888183594,178.6999969482422,11.224780082702637,21.819772720336914,77.10360717773438
2020-10-02,308.66864013671875,104.64706420898438,178.5399932861328,11.08555793762207,21.87150001525879,77.10360717773438
2020-10-05,314.142333984375,103.98487854003906,179.41000366210938,11.372703552246094,21.776668548583984,77.10360717773438
2020-10-06,309.6764831542969,104.22563171386719,177.3000030517578,11.416210174560547,21.83701515197754,77.1120376586914
2020-10-07,315.06689453125,103.92463684082031,177.22000122070312,11.459717750549316,21.81114959716797,77.10360717773438
2020-10-08,317.85919189453125,104.11382293701172,177.85000610351562,11.572834968566895,21.802532196044922,77.10360717773438
2020-10-09,320.6977233886719,104.0622787475586,181.0800018310547,11.607641220092773,21.673213958740234,77.10360717773438
2020-10-12,325.8569641113281,104.17405700683594,180.55999755859375,11.485820770263672,21.64735221862793,77.1120376586914
2020-10-13,323.73040771484375,104.40626525878906,177.72000122070312,11.511924743652344,21.776668548583984,77.10360717773438
2020-10-14,321.6962890625,104.44066619873047,178.27000427246094,11.590237617492676,21.72494125366211,77.10360717773438
2020-10-15,321.29864501953125,104.328857421875,178.9199981689453,11.625042915344238,21.828393936157227,77.10360717773438
2020-10-16,321.10455322265625,104.2686538696289,178.3000030517578,11.546730995178223,21.802532196044922,77.1120376586914
2020-10-19,316.22259521484375,104.09667205810547,178.38999938964844,11.555432319641113,21.733562469482422,77.1120376586914
2020-10-20,317.4892578125,103.87308502197266,179.25,11.685952186584473,21.664594650268555,77.10360717773438
2020-10-21,316.8883361816406,103.7354965209961,180.60000610351562,11.590237617492676,21.552518844604492,77.10360717773438
2020-10-22,318.6264953613281,103.37428283691406,178.8300018310547,11.625042915344238,21.63873291015625,77.1120376586914
2020-10-23,319.7083740234375,103.52052307128906,178.63999938964844,11.538029670715332,21.587005615234375,77.1120376586914
2020-10-26,313.8001403808594,103.79571533203125,178.5500030517578,11.372703552246094,21.664594650268555,77.1120376586914
2020-10-27,312.7183532714844,104.0278549194336,179.02000427246094,11.45101547241211,21.621488571166992,77.10360717773438
2020-10-28,302.0300598144531,104.01925659179688,176.1300048828125,11.146467208862305,21.759424209594727,77.10360717773438
2020-10-29,305.0997009277344,103.58069610595703,175.39999389648438,11.007244110107422,21.84563636779785,77.1120376586914
2020-10-30,301.9190673828125,103.24530029296875,176.1999969482422,11.007244110107422,21.87150001525879,77.1120376586914
2020-11-02,305.3030700683594,103.422607421875,177.91000366210938,11.207378387451172,21.897361755371094,77.1120376586914
2020-11-03,310.69354248046875,103.19023895263672,178.9199981689453,11.27698802947998,21.776668548583984,77.1120376586914
2020-11-04,317.6372375488281,104.05934143066406,178.82000732421875,11.398807525634766,21.7421817779541,77.10360717773438
2020-11-05,323.8320617675781,104.04215240478516,182.92999267578125,11.45101547241211,21.5352783203125,77.1120376586914
2020-11-06,323.7582092285156,103.68933868408203,183.19000244140625,11.40750789642334,21.45768928527832,77.10360717773438
2020-11-09,327.8263854980469,102.92349243164062,175.0800018310547,11.546730995178223,21.595624923706055,77.1120376586914
2020-11-10,327.3455810546875,102.63092041015625,175.66000366210938,11.772966384887695,21.595624923706055,77.10360717773438
2020-11-11,329.7772521972656,102.7944107055664,174.89999389648438,11.764266014099121,21.621488571166992,77.10360717773438
2020-11-12,326.5781555175781,103.37955474853516,175.9600067138672,11.668549537658691,21.621488571166992,77.10360717773438
2020-11-13,331.0994567871094,103.24190521240234,177.16000366210938,11.616342544555664,21.578384399414062,77.1120376586914
2020-11-16,335.23236083984375,103.1644287109375,177.14999389648438,11.720759391784668,21.526655197143555,77.1120376586914
2020-11-17,333.429443359375,103.43118286132812,176.5,11.755563735961914,21.49217414855957,77.1120376586914
2020-11-18,329.4167175292969,103.39678192138672,175.49000549316406,11.772966384887695,21.500795364379883,77.1120376586914
2020-11-19,330.8035583496094,103.50862884521484,175.16000366210938,11.772966384887695,21.466312408447266,77.1120376586914
2020-11-20,328.53826904296875,103.68933868408203,175.69000244140625,11.833876609802246,21.49217414855957,77.1120376586914
2020-11-23,330.5076904296875,103.48282623291016,172.22999572753906,11.868682861328125,21.526655197143555,77.1120376586914
2020-11-24,335.8334655761719,103.31932830810547,169.58999633789062,12.12102222442627,21.423206329345703,77.1120376586914
2020-11-25,335.3156433105469,103.35372924804688,169.50999450683594,12.225438117980957,21.38871955871582,77.10360717773438
2020-11-27,336.24951171875,103.66348266601562,167.7899932861328,12.199336051940918,21.345617294311523,77.1120376586914
2020-11-30,334.7608947753906,103.59468078613281,166.6699981689453,12.12972354888916,21.397342681884766,77.10360717773438
2020-12-01,338.4222412109375,103.04359436035156,170.17999267578125,12.094917297363281,21.20768165588379,77.09773254394531
2020-12-02,339.13421630859375,102.87138366699219,171.4600067138672,12.147126197814941,21.18181800842285,77.10611724853516
2020-12-03,339.041748046875,103.14692687988281,172.80999755859375,12.164527893066406,21.069746017456055,77.10611724853516
2020-12-04,341.9635009765625,102.74220275878906,172.32000732421875,12.216737747192383,21.09560775756836,77.11456298828125
2020-12-07,341.2607727050781,103.06082153320312,174.88999938964844,12.216737747192383,21.13009262084961,77.09773254394531
2020-12-08,342.2593994140625,103.16415405273438,175.5,12.234140396118164,21.155956268310547,77.09773254394531
2020-12-09,339.18975830078125,103.01777648925781,172.5,12.242840766906738,21.16457748413086,77.09773254394531
2020-12-10,339.0787658691406,103.25022888183594,172.1699981689453,12.425569534301758,21.10422706604004,77.09773254394531
2020-12-11,338.68115234375,103.45687866210938,172.49000549316406,12.390764236450195,21.155956268310547,77.10611724853516
2020-12-14,337.1647644042969,103.39668273925781,171.5399932861328,12.425569534301758,21.09560775756836,77.09773254394531
2020-12-15,341.72308349609375,103.29330444335938,173.94000244140625,12.521286010742188,21.026641845703125,77.09773254394531
2020-12-16,342.2593994140625,103.20722198486328,174.89999389648438,12.590896606445312,21.000778198242188,77.10611724853516
2020-12-17,344.1733093261719,103.13226318359375,176.74000549316406,12.73882007598877,20.888702392578125,77.10611724853516
2020-12-18,342.799072265625,103.04605865478516,176.44000244140625,12.782326698303223,20.914566040039062,77.10611724853516
2020-12-21,341.57330322265625,103.1150131225586,175.8800048828125,12.65180492401123,20.957670211791992,77.10611724853516
2020-12-22,340.9976806640625,103.28730773925781,174.49000549316406,12.51258373260498,21.069746017456055,77.10611724853516
2020-12-23,341.30413818359375,103.07193756103516,175.64999389648438,12.669209480285645,20.97491455078125,77.09773254394531
2020-12-24,342.63189697265625,103.21841430664062,176.35000610351562,12.704014778137207,20.992155075073242,77.10611724853516
2020-12-28,345.575439453125,103.22699737548828,175.7100067138672,12.625701904296875,20.992155075073242,77.10611724853516
2020-12-29,344.9161682128906,103.20979309082031,176.35000610351562,12.660507202148438,20.923187255859375,77.10611724853516
2020-12-30,345.40826416015625,103.27872467041016,177.6999969482422,12.73882007598877,20.836978912353516,77.09773254394531
2020-12-31,347.1632385253906,103.3476333618164,178.36000061035156,12.79102897644043,20.89732551574707,77.10611724853516
2021-01-04,342.4369201660156,103.37351989746094,182.3300018310547,12.721416473388672,20.914566040039062,77.10611724853516
2021-01-05,344.7955017089844,103.13226318359375,182.8699951171875,13.07817268371582,20.793872833251953,77.09773254394531
2021-01-06,346.85675048828125,102.52910614013672,179.89999389648438,13.095577239990234,20.768009185791016,77.10611724853516
2021-01-07,352.0101623535156,102.16726684570312,179.47999572753906,13.156485557556152,20.888702392578125,77.10611724853516
2021-01-08,354.015869140625,101.87431335449219,173.33999633789062,13.260903358459473,20.923187255859375,77.09773254394531
2021-01-11,351.6295166015625,101.67615509033203,173.0,13.16518783569336,21.052501678466797,77.10611724853516
2021-01-12,351.7037658691406,101.65890502929688,174.1199951171875,13.417527198791504,20.9404296875,77.09773254394531
2021-01-13,352.6509094238281,102.0121841430664,173.3699951171875,13.382721900939941,21.009397506713867,77.09773254394531
2021-01-14,351.41595458984375,101.77953338623047,173.27999877929688,13.504541397094727,20.966293334960938,77.10611724853516
2021-01-15,348.85321044921875,102.0552749633789,171.1300048828125,13.3131103515625,21.10422706604004,77.10611724853516
2021-01-19,351.59234619140625,102.11554718017578,172.5800018310547,13.35661792755127,21.043882369995117,77.10611724853516
2021-01-20,356.4579772949219,102.1586685180664,175.38999938964844,13.36531925201416,21.035261154174805,77.10611724853516
2021-01-21,356.7829284667969,102.0121841430664,175.27999877929688,13.35661792755127,20.9404296875,77.10611724853516
2021-01-22,355.52008056640625,102.16726684570312,173.89999389648438,13.130382537841797,20.98353385925293,77.09773254394531
2021-01-25,356.92218017578125,102.58081817626953,174.0500030517578,13.269603729248047,21.009397506713867,77.10611724853516
2021-01-26,356.3650207519531,102.54634857177734,173.6199951171875,13.295708656311035,20.94904899597168,77.09773254394531
2021-01-27,347.6553039550781,102.66699981689453,172.52000427246094,13.260903358459473,21.078365325927734,77.09773254394531
2021-01-28,350.6451721191406,102.39991760253906,172.67999267578125,13.199993133544922,21.026641845703125,77.10611724853516
2021-01-29,343.6255187988281,102.21894073486328,172.61000061035156,13.217394828796387,21.052501678466797,77.10611724853516
2021-02-01,349.3453369140625,102.3465347290039,174.22999572753906,13.469735145568848,21.155956268310547,77.10611724853516
2021-02-02,354.2850646972656,102.08792114257812,172.11000061035156,13.574151992797852,21.18181800842285,77.09773254394531
2021-02-03,354.5637512207031,101.837890625,171.85000610351562,13.669867515563965,21.17319679260254,77.09773254394531
2021-02-04,358.5935974121094,101.80342864990234,168.14999389648438,13.73947811126709,21.26802635192871,77.10611724853516
2021-02-05,360.0049743652344,101.58785247802734,169.80999755859375,13.809088706970215,21.1473331451416,77.10611724853516
2021-02-08,362.6048278808594,101.6310043334961,171.52000427246094,14.026625633239746,21.138713836669922,77.10611724853516
2021-02-09,362.3633728027344,101.70856475830078,172.0800018310547,14.078832626342773,21.026641845703125,77.10611724853516
2021-02-10,362.20562744140625,101.96720886230469,172.7100067138672,14.052728652954102,21.01801872253418,77.09773254394531
2021-02-11,362.7904968261719,101.8896255493164,171.2100067138672,14.026625633239746,21.009397506713867,77.10611724853516
2021-02-12,364.5826721191406,101.55337524414062,170.69000244140625,14.200653076171875,21.026641845703125,77.09773254394531
2021-02-16,364.2668762207031,100.820556640625,168.24000549316406,14.392082214355469,21.026641845703125,77.10611724853516
2021-02-17,364.3504943847656,100.88951110839844,166.3300018310547,14.435589790344238,21.11284828186035,77.10611724853516
2021-02-18,362.7998046875,100.88088989257812,166.32000732421875,14.383380889892578,21.043882369995117,77.09773254394531
2021-02-19,362.1591796875,100.47569274902344,167.00999450683594,14.374679565429688,20.992155075073242,77.10611724853516
2021-02-22,359.3735656738281,100.31185150146484,169.50999450683594,14.696630477905273,20.93181037902832,77.09773254394531
2021-02-23,359.8099670410156,100.38946533203125,169.1199951171875,14.766240119934082,20.94904899597168,77.09773254394531
2021-02-24,363.77484130859375,100.2514877319336,169.0,14.992477416992188,20.914566040039062,77.08928680419922
2021-02-25,355.00933837890625,98.91514587402344,165.82000732421875,14.870657920837402,20.98353385925293,77.09773254394531
2021-02-26,353.1801452636719,99.8031997680664,161.80999755859375,14.55740737915039,21.138713836669922,77.09773254394531
2021-03-01,361.7413024902344,99.69102478027344,161.52999877929688,14.435589790344238,21.155956268310547,77.08928680419922
2021-03-02,358.9186096191406,99.8722152709961,162.41000366210938,14.496500015258789,21.078365325927734,77.08928680419922
2021-03-03,354.1644287109375,99.33733367919922,160.6199951171875,14.583513259887695,21.138713836669922,77.09773254394531
2021-03-04,349.78173828125,98.84561157226562,159.0399932861328,14.809748649597168,21.276649475097656,77.09773254394531
2021-03-05,356.2164611816406,98.70755767822266,159.13999938964844,15.114297866821289,21.354238510131836,77.09773254394531
2021-03-08,354.4429931640625,98.31939697265625,157.49000549316406,14.905462265014648,21.474933624267578,77.08928680419922
2021-03-09,359.5035400390625,98.7852554321289,160.83999633789062,14.905462265014648,21.354238510131836,77.08928680419922
2021-03-10,361.7413024902344,98.99227142333984,161.66000366210938,15.001178741455078,21.319753646850586,77.08928680419922
2021-03-11,365.40911865234375,98.95775604248047,161.52000427246094,15.227415084838867,21.21630096435547,77.09773254394531
2021-03-12,365.9012451171875,98.24176025390625,161.49000549316406,15.157803535461426,21.28527069091797,77.08928680419922
2021-03-15,368.083251953125,98.36251068115234,162.1999969482422,15.105596542358398,21.32837677001953,77.08928680419922
2021-03-16,367.6190185546875,98.34526824951172,162.35000610351562,15.044684410095215,21.32837677001953,77.08928680419922
2021-03-17,368.87249755859375,98.18135070800781,163.50999450683594,15.044684410095215,21.22492218017578,77.09773254394531
2021-03-18,363.50555419921875,97.56883239746094,162.55999755859375,14.331171989440918,21.354238510131836,77.08928680419922
2021-03-19,362.8329162597656,97.50846862792969,163.24000549316406,14.64442253112793,21.36285972595215,77.08928680419922
2021-03-22,365.7301940917969,97.82766723632812,163.0,14.618317604064941,21.319753646850586,77.08928680419922
2021-03-23,362.85162353515625,98.3107681274414,161.80999755859375,14.209352493286133,21.44906997680664,77.09773254394531
2021-03-24,361.0069885253906,98.44014739990234,162.3699951171875,14.583513259887695,21.500795364379883,77.08928680419922
2021-03-25,363.0379638671875,98.3107681274414,161.77999877929688,14.252860069274902,21.561141967773438,77.08928680419922
2021-03-26,368.8882141113281,97.98294067382812,162.24000549316406,14.592214584350586,21.5352783203125,77.08928680419922
2021-03-29,368.701904296875,97.64649200439453,160.30999755859375,14.609619140625,21.587005615234375,77.08928680419922
2021-03-30,367.7237548828125,97.5602035522461,157.57000732421875,14.374679565429688,21.673213958740234,77.09773254394531
2021-03-31,369.2143249511719,97.42218017578125,159.9600067138672,14.45299243927002,21.655973434448242,77.08928680419922
2021-04-01,373.20147705078125,97.85380554199219,161.97999572753906,14.696630477905273,21.561141967773438,77.09773254394531
2021-04-05,378.5580139160156,97.57756805419922,161.9199981689453,14.479095458984375,21.49217414855957,77.08928680419922
2021-04-06,378.3344421386719,98.0523452758789,163.22000122070312,14.531305313110352,21.44045066833496,77.08085632324219
2021-04-07,378.7723388671875,97.99192810058594,162.75999450683594,14.574810981750488,21.466312408447266,77.08085632324219
2021-04-08,380.5702209472656,98.32857513427734,164.50999450683594,14.653121948242188,21.37148094177246,77.08928680419922
2021-04-09,383.3370361328125,98.06961059570312,163.27000427246094,14.60091495513916,21.38871955871582,77.08085632324219
2021-04-12,383.4767761230469,98.0091781616211,162.27999877929688,14.609619140625,21.38010025024414,77.08085632324219
2021-04-13,384.61334228515625,98.41487884521484,163.42999267578125,14.766240119934082,21.302513122558594,77.08085632324219
2021-04-14,383.2997741699219,98.29405975341797,162.72000122070312,15.105596542358398,21.276649475097656,77.08085632324219
2021-04-15,387.41741943359375,98.92415618896484,165.35000610351562,15.201309204101562,21.276649475097656,77.08928680419922
2021-04-16,388.7123107910156,98.6565933227539,166.35000610351562,15.175206184387207,21.250783920288086,77.08928680419922
2021-04-19,386.8025817871094,98.5530014038086,165.88999938964844,15.192608833312988,21.13009262084961,77.08085632324219
2021-04-20,383.9705505371094,98.84651184082031,166.47999572753906,15.166505813598633,21.16457748413086,77.08085632324219
2021-04-21,387.6036682128906,98.89834594726562,168.1300048828125,15.105596542358398,21.138713836669922,77.08085632324219
2021-04-22,384.06365966796875,98.97600555419922,167.0399932861328,15.227415084838867,21.199060440063477,77.08928680419922
2021-04-23,388.2278747558594,98.84651184082031,166.39999389648438,15.349234580993652,21.078365325927734,77.08928680419922
2021-04-26,389.0383605957031,98.7428970336914,166.83999633789062,15.453649520874023,21.078365325927734,77.08085632324219
2021-04-27,388.9544982910156,98.35447692871094,166.4199981689453,15.584172248840332,21.086984634399414,77.08928680419922
2021-04-28,388.84271240234375,98.48394775390625,166.91000366210938,15.610275268554688,21.009397506713867,77.08085632324219
2021-04-29,391.3207702636719,98.3113021850586,166.22000122070312,15.714693069458008,21.01801872253418,77.08085632324219
2021-04-30,388.7496337890625,98.39763641357422,165.66000366210938,15.584172248840332,21.190439224243164,77.08928680419922
2021-05-03,389.5880126953125,98.56521606445312,167.80999755859375,15.758198738098145,21.09560775756836,77.08928680419922
2021-05-04,387.1845703125,98.69475555419922,166.5800018310547,16.0018367767334,21.190439224243164,77.08085632324219
2021-05-05,387.3056945800781,98.81571197509766,167.27000427246094,16.062746047973633,21.18181800842285,77.08928680419922
2021-05-06,390.39849853515625,98.85890197753906,170.05999755859375,16.14105796813965,21.078365325927734,77.08928680419922
2021-05-07,393.23968505859375,98.8934097290039,171.58999633789062,16.297683715820312,20.923187255859375,77.08085632324219
2021-05-10,389.3457946777344,98.69475555419922,172.11000061035156,16.184566497802734,20.923187255859375,77.08085632324219
2021-05-11,385.8709411621094,98.53064727783203,172.13999938964844,16.358592987060547,20.905946731567383,77.08085632324219
2021-05-12,377.6731262207031,98.05558776855469,170.42999267578125,16.341190338134766,21.061124801635742,77.07245635986328
2021-05-13,382.2098693847656,98.38382720947266,171.1300048828125,15.88871955871582,21.026641845703125,77.07245635986328
2021-05-14,388.078857421875,98.59976959228516,172.69000244140625,16.01923942565918,20.9404296875,77.07245635986328
2021-05-17,387.0913391113281,98.50474548339844,174.6999969482422,16.219369888305664,20.914566040039062,77.08085632324219
2021-05-18,383.7563171386719,98.50474548339844,175.0399932861328,16.14105796813965,20.819734573364258,77.08085632324219
2021-05-19,382.7501220703125,98.2110595703125,175.16000366210938,15.810405731201172,20.914566040039062,77.07245635986328
2021-05-20,386.86773681640625,98.61701965332031,175.9600067138672,15.645079612731934,20.811115264892578,77.07245635986328
2021-05-21,386.5510559082031,98.65158081054688,176.0399932861328,15.79300308227539,20.880081176757812,77.08085632324219
2021-05-24,390.49163818359375,98.74659729003906,176.35000610351562,16.01053810119629,20.828357696533203,77.07245635986328
2021-05-25,389.625244140625,99.10938262939453,177.9499969482422,15.958329200744629,20.802492141723633,77.07245635986328
2021-05-26,390.39849853515625,98.9970932006836,177.63999938964844,15.98443603515625,20.880081176757812,77.07245635986328
2021-05-27,390.60345458984375,98.82434844970703,177.7100067138672,16.23677635192871,20.86284065246582,77.08085632324219
2021-05-28,391.3021240234375,98.81571197509766,178.3800048828125,16.184566497802734,20.880081176757812,77.08085632324219
2021-06-01,390.9574279785156,98.7975845336914,177.89999389648438,16.471712112426758,20.845598220825195,77.07245635986328
2021-06-02,391.5722961425781,98.909912109375,178.77000427246094,16.558725357055664,20.845598220825195,77.07245635986328
2021-06-03,390.1190185546875,98.6592788696289,175.27000427246094,16.419504165649414,20.97491455078125,77.07245635986328
2021-06-04,393.6868896484375,99.20379638671875,177.16000366210938,16.602231979370117,20.89732551574707,77.08085632324219
2021-06-07,393.3050231933594,99.1259994506836,177.8699951171875,16.628337860107422,20.86284065246582,77.06401824951172
2021-06-08,393.38885498046875,99.41123962402344,177.32000732421875,16.793663024902344,20.888702392578125,77.06401824951172
2021-06-09,392.802001953125,99.722412109375,176.97999572753906,16.715351104736328,20.905946731567383,77.06401824951172
2021-06-10,394.6278991699219,100.07677459716797,177.74000549316406,16.776262283325195,20.888702392578125,77.06401824951172
2021-06-11,395.27996826171875,99.92986297607422,175.74000549316406,16.724048614501953,20.992155075073242,77.07245635986328
2021-06-14,396.1650085449219,99.61870574951172,174.7100067138672,16.628337860107422,20.97491455078125,77.06401824951172
2021-06-15,395.4383544921875,99.63597106933594,174.0500030517578,16.558725357055664,20.992155075073242,77.06401824951172
2021-06-16,393.2304382324219,98.9531478881836,171.11000061035156,16.463010787963867,21.16457748413086,77.07245635986328
2021-06-17,393.10009765625,99.30752563476562,165.85000610351562,16.03664207458496,21.32837677001953,77.06401824951172
2021-06-18,387.7969970703125,99.8693618774414,164.92999267578125,16.201967239379883,21.397342681884766,77.07245635986328
2021-06-21,393.3487243652344,99.5495376586914,166.9499969482422,16.402101516723633,21.29389190673828,77.06401824951172
2021-06-22,395.45166015625,99.73107147216797,166.25,16.428203582763672,21.2594051361084,77.06401824951172
2021-06-23,394.9748840332031,99.53224182128906,166.13999938964844,16.532621383666992,21.29389190673828,77.06401824951172
2021-06-24,397.3115539550781,99.51493072509766,166.0399932861328,16.593530654907227,21.276649475097656,77.07245635986328
2021-06-25,398.7227783203125,99.30752563476562,166.58999633789062,16.5239200592041,21.28527069091797,77.07245635986328
2021-06-28,399.5266418457031,99.61870574951172,166.5800018310547,16.51521873474121,21.29389190673828,77.06401824951172
2021-06-29,399.7415771484375,99.67054748535156,164.8300018310547,16.593530654907227,21.345617294311523,77.06401824951172
2021-06-30,400.07806396484375,99.82612609863281,165.6300048828125,16.750154495239258,21.405961990356445,77.06401824951172
2021-07-01,402.2930908203125,99.75435638427734,166.1999969482422,16.811065673828125,21.466312408447266,77.07245635986328
2021-07-02,405.3680114746094,100.11760711669922,167.2899932861328,16.967689514160156,21.38010025024414,77.06401824951172
2021-07-06,404.62957763671875,100.64522552490234,168.1199951171875,16.506515502929688,21.45768928527832,77.05557250976562
2021-07-07,406.0596923828125,100.93932342529297,168.75999450683594,16.306386947631836,21.49217414855957,77.05557250976562
2021-07-08,402.7511291503906,101.19879913330078,168.64999389648438,16.445606231689453,21.405961990356445,77.06401824951172
2021-07-09,407.05035400390625,100.68852996826172,169.2100067138672,16.637039184570312,21.354238510131836,77.06401824951172
2021-07-12,408.5083923339844,100.63660430908203,169.0,16.66314125061035,21.38010025024414,77.06401824951172
2021-07-13,407.1158447265625,100.32524108886719,169.22000122070312,16.8023624420166,21.509416580200195,77.06401824951172
2021-07-14,407.7232666015625,100.75769805908203,171.0399932861328,16.637039184570312,21.405961990356445,77.05557250976562
2021-07-15,406.33074951171875,101.1815185546875,171.07000732421875,16.550024032592773,21.466312408447266,77.06401824951172
2021-07-16,403.1435852050781,101.1642074584961,169.41000366210938,16.550024032592773,21.49217414855957,77.06401824951172
2021-07-19,397.19000244140625,102.02918243408203,169.61000061035156,15.88871955871582,21.526655197143555,77.05557250976562
2021-07-20,402.8819580078125,101.89945220947266,169.38999938964844,16.123659133911133,21.552518844604492,77.05557250976562
2021-07-21,406.143798828125,101.31123352050781,168.75999450683594,16.445606231689453,21.500795364379883,77.05557250976562
2021-07-22,406.9942321777344,101.54479217529297,169.08999633789062,16.576128005981445,21.526655197143555,77.06401824951172
2021-07-23,411.1814270019531,101.38912200927734,168.55999755859375,16.66314125061035,21.5352783203125,77.05557250976562
2021-07-26,412.1908874511719,101.31991577148438,168.16000366210938,16.784961700439453,21.466312408447266,77.06401824951172
2021-07-27,410.312255859375,101.75238800048828,168.44000244140625,16.689245223999023,21.431827545166016,77.05557250976562
2021-07-28,410.1440124511719,101.83885955810547,169.2899932861328,16.767559051513672,21.37148094177246,77.05557250976562
2021-07-29,411.8450012207031,101.52750396728516,171.1699981689453,17.063405990600586,21.29389190673828,77.06401824951172
2021-07-30,409.8449401855469,101.81295013427734,169.82000732421875,16.967689514160156,21.354238510131836,77.05557250976562
2021-08-02,408.9850158691406,102.25952911376953,169.61000061035156,16.784961700439453,21.32837677001953,77.05557250976562
2021-08-03,412.31231689453125,102.28548431396484,169.49000549316406,16.706649780273438,21.33699607849121,77.05557250976562
2021-08-04,410.2841796875,102.25952911376953,169.52999877929688,16.436904907226562,21.37148094177246,77.05557250976562
2021-08-05,412.8824768066406,101.88737487792969,168.86000061035156,16.680545806884766,21.37148094177246,77.05557250976562
2021-08-06,413.56475830078125,101.2901611328125,164.63999938964844,16.541324615478516,21.49217414855957,77.06401824951172
2021-08-09,413.22833251953125,101.07377624511719,161.72000122070312,16.306386947631836,21.5352783203125,77.06401824951172
2021-08-10,413.7423095703125,100.88336944580078,161.77000427246094,16.602231979370117,21.552518844604492,77.05557250976562
2021-08-11,414.7704772949219,100.99588012695312,164.0,16.750154495239258,21.509416580200195,77.05557250976562
2021-08-12,416.013427734375,100.89202880859375,164.0399932861328,16.689245223999023,21.5352783203125,77.05557250976562
2021-08-13,416.77056884765625,101.47191619873047,166.38999938964844,16.593530654907227,21.431827545166016,77.06401824951172
2021-08-16,417.7519226074219,101.69695281982422,167.22000122070312,16.550024032592773,21.44906997680664,77.04718780517578
2021-08-17,415.0133972167969,101.64506530761719,166.97000122070312,16.36729621887207,21.578384399414062,77.04718780517578
2021-08-18,410.4710998535156,101.59310913085938,167.10000610351562,16.175865173339844,21.578384399414062,77.04718780517578
2021-08-19,411.1067199707031,101.81813049316406,166.61000061035156,15.949628829956055,21.681835174560547,77.06401824951172
2021-08-20,414.3778991699219,101.72290802001953,166.6999969482422,15.575469970703125,21.655973434448242,77.06401824951172
2021-08-23,418.0229797363281,101.74887084960938,168.72999572753906,16.14105796813965,21.526655197143555,77.04718780517578
2021-08-24,418.6864929199219,101.47191619873047,168.64999389648438,16.48041534423828,21.509416580200195,77.04718780517578
2021-08-25,419.56512451171875,101.07377624511719,167.47999572753906,16.628337860107422,21.49217414855957,77.04718780517578
2021-08-26,417.0882873535156,101.07377624511719,167.6699981689453,16.497814178466797,21.552518844604492,77.05557250976562
2021-08-27,420.8174743652344,101.40270233154297,170.19000244140625,16.706649780273438,21.45768928527832,77.05557250976562
2021-08-30,422.6680603027344,101.60174560546875,169.35000610351562,16.767559051513672,21.45768928527832,77.05557250976562
2021-08-31,422.0418701171875,101.41133117675781,169.69000244140625,16.689245223999023,21.45768928527832,77.04718780517578
2021-09-01,422.26617431640625,101.45463562011719,169.6999969482422,16.610933303833008,21.414583206176758,77.04718780517578
2021-09-02,423.56536865234375,101.57588195800781,169.25,16.8023624420166,21.36285972595215,77.06401824951172
2021-09-03,423.4625244140625,101.3333740234375,171.05999755859375,16.819766998291016,21.319753646850586,77.04718780517578
2021-09-07,421.9483947753906,100.93497467041016,167.7100067138672,16.628337860107422,21.423206329345703,77.04718780517578
2021-09-08,421.4342956542969,101.21214294433594,167.2899932861328,16.750154495239258,21.45768928527832,77.04718780517578
2021-09-09,419.6304931640625,101.49794006347656,168.02999877929688,16.628337860107422,21.405961990356445,77.04718780517578
2021-09-10,416.3218688964844,101.17749786376953,167.17999267578125,16.845870971679688,21.44045066833496,77.05557250976562
2021-09-13,417.3873596191406,101.2987289428711,167.74000549316406,16.976390838623047,21.44045066833496,77.05557250976562
2021-09-14,415.13494873046875,101.6798095703125,168.82000732421875,16.967689514160156,21.44045066833496,77.04718780517578
2021-09-15,418.60247802734375,101.506591796875,167.8300018310547,17.246135711669922,21.397342681884766,77.04718780517578
2021-09-16,417.9388427734375,101.18614959716797,164.02999877929688,17.124317169189453,21.49217414855957,77.05557250976562
2021-09-17,413.86773681640625,100.89167022705078,163.77000427246094,16.98509407043457,21.56976318359375,77.04718780517578
2021-09-20,406.96673583984375,101.40267181396484,164.94000244140625,16.784961700439453,21.578384399414062,77.05557250976562
2021-09-21,406.5823059082031,101.34208679199219,166.0399932861328,16.8023624420166,21.561141967773438,77.04718780517578
2021-09-22,410.5484619140625,101.43732452392578,165.4199981689453,16.99379539489746,21.621488571166992,77.04718780517578
2021-09-23,415.53668212890625,100.51924896240234,163.50999450683594,17.25483512878418,21.5352783203125,77.05557250976562
2021-09-24,416.2211608886719,100.21614074707031,163.3000030517578,17.333147048950195,21.595624923706055,77.04718780517578
2021-09-27,415.0302734375,99.9476547241211,163.63999938964844,17.568084716796875,21.621488571166992,77.04718780517578
2021-09-28,406.66668701171875,99.56658172607422,162.0500030517578,17.428863525390625,21.699079513549805,77.04718780517578
2021-09-29,407.3512268066406,99.67047119140625,161.32000732421875,17.446266174316406,21.85425567626953,77.05557250976562
2021-09-30,402.37237548828125,99.7917251586914,164.22000122070312,17.559385299682617,21.819772720336914,77.05557250976562
2021-10-01,407.15423583984375,100.1990737915039,164.58999633789062,17.794321060180664,21.776668548583984,77.05557250976562
2021-10-04,401.9036560058594,100.07772064208984,165.36000061035156,18.08146858215332,21.707700729370117,77.03876495361328
2021-10-05,406.08538818359375,99.76570129394531,164.58999633789062,18.307703018188477,21.750804901123047,77.04718780517578
2021-10-06,407.77301025390625,99.79174041748047,165.02999877929688,18.003156661987305,21.81114959716797,77.04718780517578
2021-10-07,411.2986145019531,99.39302825927734,164.16000366210938,18.22939109802246,21.802532196044922,77.04718780517578
2021-10-08,410.5484619140625,99.17637634277344,164.22999572753906,18.290302276611328,21.785287857055664,77.04718780517578
2021-10-11,407.5762023925781,98.93370819091797,163.9199981689453,18.412120819091797,21.84563636779785,77.04718780517578
2021-10-12,406.57293701171875,99.38441467285156,164.66000366210938,18.412120819091797,21.87150001525879,77.04718780517578
2021-10-13,408.03564453125,99.57505798339844,167.58999633789062,18.51653480529785,21.750804901123047,77.04718780517578
2021-10-14,414.8990478515625,99.80908203125,168.0,18.707965850830078,21.750804901123047,77.03876495361328
2021-10-15,418.0588684082031,99.31505584716797,165.3300018310547,18.864591598510742,21.72494125366211,77.04718780517578
2021-10-18,419.2965393066406,99.17637634277344,164.9199981689453,18.75147247314453,21.733562469482422,77.03876495361328
2021-10-19,422.53131103515625,98.821044921875,165.4499969482422,18.794981002807617,21.681835174560547,77.03876495361328
2021-10-20,424.19091796875,98.77770233154297,166.89999389648438,19.003812789916992,21.64735221862793,77.03876495361328
2021-10-21,425.29730224609375,98.51768493652344,166.75,18.7166690826416,21.699079513549805,77.03876495361328
2021-10-22,424.856689453125,98.76900482177734,167.77000427246094,18.803682327270508,21.655973434448242,77.03876495361328
2021-10-25,427.1350402832031,98.89037322998047,168.92999267578125,18.899394989013672,21.69045639038086,77.04718780517578
2021-10-26,427.5195007324219,99.0117416381836,167.67999267578125,18.925500869750977,21.733562469482422,77.03032684326172
2021-10-27,425.62554931640625,99.56641387939453,168.1199951171875,18.57744598388672,21.72494125366211,77.03032684326172
2021-10-28,429.73236083984375,99.30638122558594,168.0800018310547,18.673158645629883,21.595624923706055,77.04718780517578
2021-10-29,430.60430908203125,99.3497085571289,166.64999389648438,18.57744598388672,21.768047332763672,77.04718780517578
2021-11-01,431.34503173828125,99.34191131591797,167.52000427246094,18.7166690826416,21.699079513549805,77.04718780517578
2021-11-02,433.0888977050781,99.58476257324219,167.16000366210938,18.768875122070312,21.750804901123047,77.03032684326172
2021-11-03,435.73309326171875,99.27252960205078,165.77000427246094,18.290302276611328,21.699079513549805,77.03032684326172
2021-11-04,437.7864685058594,99.81026458740234,167.64999389648438,18.177183151245117,21.81114959716797,77.03876495361328
2021-11-05,439.30548095703125,100.356689453125,169.83999633789062,18.429521560668945,21.793909072875977,77.03876495361328
2021-11-08,439.6805114746094,99.92300415039062,170.4499969482422,18.542640686035156,21.750804901123047,77.04718780517578
2021-11-09,438.2271423339844,100.38269805908203,171.2899932861328,18.690563201904297,21.72494125366211,77.03032684326172
2021-11-10,434.70166015625,99.5240478515625,173.14999389648438,18.455625534057617,21.95770835876465,77.03032684326172
2021-11-11,434.8423767089844,99.20314025878906,174.1199951171875,18.586149215698242,22.009435653686523,77.03876495361328
2021-11-12,438.12408447265625,99.41128540039062,174.4499969482422,18.560043334960938,21.983572006225586,77.03876495361328
2021-11-15,438.2740783691406,99.02098083496094,174.17999267578125,18.568744659423828,22.104267120361328,77.03876495361328
2021-11-16,440.0085754394531,98.93426513671875,172.9199981689453,18.542640686035156,22.190473556518555,77.03032684326172
2021-11-17,438.9397888183594,99.2898941040039,174.5,18.3773136138916,22.147371292114258,77.03032684326172
2021-11-18,440.4305725097656,99.35060119628906,173.94000244140625,18.438222885131836,22.087024688720703,77.03876495361328
2021-11-19,439.6429443359375,99.61945343017578,172.61000061035156,18.142377853393555,22.199094772338867,77.03876495361328
2021-11-22,438.4053649902344,98.89091491699219,168.74000549316406,18.272897720336914,22.311168670654297,77.03876495361328
2021-11-23,438.98663330078125,98.48323822021484,167.27999877929688,18.603548049926758,22.302549362182617,77.03032684326172
2021-11-24,440.1587219238281,98.78685760498047,167.1199951171875,18.533939361572266,22.38875961303711,77.03876495361328
2021-11-26,430.3417053222656,100.06177520751953,166.85000610351562,17.428863525390625,22.216339111328125,77.03032684326172
2021-11-29,435.6205749511719,99.83626556396484,166.6199951171875,17.428863525390625,22.259443283081055,77.03876495361328
2021-11-30,427.1443786621094,100.43473815917969,165.5,16.950288772583008,22.15599250793457,77.03032684326172
2021-12-01,422.4000244140625,100.62397003173828,166.16000366210938,16.8023624420166,22.216339111328125,77.03876495361328
2021-12-02,428.8697204589844,100.40695190429688,165.24000549316406,16.950288772583008,22.22496223449707,77.03876495361328
2021-12-03,425.1379089355469,100.99717712402344,166.6300048828125,16.967689514160156,22.216339111328125,77.03032684326172
2021-12-06,430.1729736328125,100.49373626708984,166.22000122070312,17.263538360595703,22.250823974609375,77.03032684326172
2021-12-07,439.071044921875,100.11184692382812,166.80999755859375,17.524578094482422,22.259443283081055,77.03032684326172
2021-12-08,440.2336730957031,99.79067993164062,166.89999389648438,17.7595157623291,22.15599250793457,77.03876495361328
2021-12-09,437.26141357421875,100.04241943359375,165.8800048828125,17.489770889282227,22.23358154296875,77.03032684326172
2021-12-10,441.3775634765625,100.11184692382812,166.5800018310547,17.689905166625977,22.199094772338867,77.03876495361328
2021-12-13,437.4676818847656,100.58922576904297,167.0,17.602890014648438,22.26806640625,77.03876495361328
2021-12-14,434.4578857421875,100.41559600830078,165.44000244140625,17.446266174316406,22.311168670654297,77.03876495361328
2021-12-15,441.2463073730469,100.26805877685547,166.14999389648438,17.533281326293945,22.276687622070312,77.03876495361328
2021-12-16,437.3552551269531,100.5599594116211,168.16000366210938,17.637697219848633,22.181854248046875,77.03032684326172
2021-12-17,432.7004699707031,100.7858657836914,167.8000030517578,17.428863525390625,22.337032318115234,77.03876495361328
2021-12-20,428.0993347167969,100.69895935058594,167.08999633789062,17.307043075561523,22.311168670654297,77.03032684326172
2021-12-21,435.7019958496094,100.29935455322266,167.02000427246094,17.672502517700195,22.285306930541992,77.02191162109375
2021-12-22,440.05841064453125,100.39493560791016,168.58999633789062,17.881336212158203,22.199094772338867,77.02191162109375
2021-12-23,442.7965393066406,100.18643188476562,168.97000122070312,17.97705078125,22.181854248046875,77.02191162109375
2021-12-27,449.06304931640625,100.22117614746094,169.3699951171875,18.203285217285156,22.190473556518555,77.03032684326172
2021-12-28,448.6960754394531,100.20380401611328,168.63999938964844,18.168479919433594,22.216339111328125,77.02191162109375
2021-12-29,449.27008056640625,99.69122314453125,168.58999633789062,18.2554931640625,22.15599250793457,77.02191162109375
2021-12-30,448.0281066894531,100.02130889892578,169.8000030517578,18.168479919433594,22.190473556518555,77.03032684326172
2021-12-31,446.8988952636719,99.90840911865234,170.9600067138672,18.08146858215332,22.095643997192383,77.03032684326172
2022-01-03,449.4864807128906,98.97884368896484,168.3300018310547,18.151077270507812,22.23358154296875,77.02191162109375
2022-01-04,449.3359375,98.92670440673828,169.57000732421875,18.36861228942871,22.250823974609375,77.03032684326172
2022-01-05,440.70770263671875,98.50968170166016,169.05999755859375,18.290302276611328,22.22496223449707,77.03032684326172
2022-01-06,440.293701171875,98.26641845703125,166.99000549316406,18.44692611694336,22.242202758789062,77.03032684326172
2022-01-07,438.5529479980469,97.9449691772461,167.75,18.48172950744629,22.12150764465332,77.03032684326172
2022-01-10,438.0072937011719,97.9189224243164,168.25999450683594,18.403417587280273,22.173233032226562,77.02191162109375
2022-01-11,441.9967346191406,98.15347290039062,170.2899932861328,18.760173797607422,22.07840347290039,77.01344299316406
2022-01-12,443.19171142578125,98.17086791992188,170.74000549316406,18.908098220825195,21.93184471130371,77.02191162109375
2022-01-13,437.0851135253906,98.4836196899414,170.16000366210938,18.707965850830078,21.92322540283203,77.03032684326172
2022-01-14,437.2639465332031,97.80598449707031,169.6699981689453,18.95160675048828,21.983572006225586,77.03032684326172
2022-01-18,429.5201416015625,97.06756591796875,169.38999938964844,19.09952735900879,22.12150764465332,77.01344299316406
2022-01-19,425.06024169921875,97.3021240234375,172.0800018310547,19.20394515991211,22.069782257080078,77.03032684326172
2022-01-20,420.35565185546875,97.51060485839844,171.64999389648438,19.13433265686035,22.138750076293945,77.03032684326172
2022-01-21,412.103759765625,98.07527160644531,171.08999633789062,19.151735305786133,22.07840347290039,77.02191162109375
2022-01-24,413.8538513183594,97.9884033203125,172.02999877929688,19.108230590820312,22.147371292114258,77.03032684326172
2022-01-25,408.8011474609375,97.85810852050781,172.5800018310547,19.282257080078125,22.15599250793457,77.01344299316406
2022-01-26,407.7755432128906,97.1630859375,169.7899932861328,19.325763702392578,22.276687622070312,77.02191162109375
2022-01-27,405.761962890625,97.57140350341797,167.60000610351562,19.421480178833008,22.466346740722656,77.03032684326172
2022-01-28,415.8392028808594,97.7972640991211,167.10000610351562,19.43888282775879,22.457725524902344,77.01344299316406
2022-01-31,423.328857421875,97.7972640991211,168.08999633789062,19.50849151611328,22.302549362182617,77.03032684326172
2022-02-01,426.1892395019531,97.66511535644531,168.22999572753906,19.58680534362793,22.242202758789062,77.02191162109375
2022-02-02,430.3293151855469,97.86512756347656,168.83999633789062,19.665117263793945,22.15599250793457,77.03032684326172
2022-02-03,420.2144775390625,97.44773864746094,168.60000610351562,19.708627700805664,22.043916702270508,77.03032684326172
2022-02-04,422.1903991699219,96.6998519897461,168.86000061035156,19.865249633789062,22.026674270629883,77.01344299316406
2022-02-07,420.83551025390625,96.72596740722656,170.11000061035156,19.908756256103516,22.035297393798828,77.01344299316406
2022-02-08,424.2980651855469,96.41288757324219,170.6300048828125,19.73472785949707,22.069782257080078,77.02191162109375
2022-02-09,430.50811767578125,96.5433120727539,171.2100067138672,19.93486213684082,22.043916702270508,77.01344299316406
2022-02-10,422.7737731933594,95.65633392333984,170.55999755859375,19.830446243286133,22.07840347290039,77.01344299316406
2022-02-11,414.437255859375,96.64766693115234,173.80999755859375,20.126291275024414,22.173233032226562,77.01344299316406
2022-02-14,413.08233642578125,95.97808074951172,174.74000549316406,20.2307071685791,22.23358154296875,77.00502014160156
2022-02-15,419.7440490722656,95.69111633300781,173.0800018310547,19.900053024291992,22.147371292114258,77.02191162109375
2022-02-16,420.2144775390625,95.89115142822266,174.86000061035156,19.926158905029297,22.104267120361328,77.02191162109375
2022-02-17,411.2381896972656,96.40421295166016,177.25,20.09148406982422,22.112886428833008,77.01344299316406
2022-02-18,408.57525634765625,96.71727752685547,177.1199951171875,20.169797897338867,22.173233032226562,77.02191162109375
2022-02-22,404.1905517578125,96.70855712890625,177.49000549316406,20.456945419311523,22.181854248046875,77.02191162109375
2022-02-23,397.0207824707031,96.20417785644531,178.2899932861328,20.648374557495117,22.20771598815918,77.01344299316406
2022-02-24,402.9956359863281,96.43026733398438,177.13999938964844,20.735387802124023,22.38875961303711,77.01344299316406
2022-02-25,411.8873291015625,96.40421295166016,176.5500030517578,20.422136306762695,22.276687622070312,77.01344299316406
2022-02-28,410.8335266113281,97.49988555908203,178.3800048828125,20.77019500732422,22.311168670654297,77.01344299316406
2022-03-01,404.576416015625,98.44943237304688,181.6199951171875,21.60552406311035,22.48358917236328,77.0320053100586
2022-03-02,412.0191650390625,96.96984100341797,179.72999572753906,22.310335159301758,22.466346740722656,77.0320053100586
2022-03-03,409.96783447265625,97.38761138916016,180.8000030517578,22.55397605895996,22.55255889892578,77.04044342041016
2022-03-04,406.6370849609375,98.35371398925781,183.67999267578125,23.50242805480957,22.724979400634766,77.04044342041016
2022-03-07,394.649658203125,97.93597412109375,186.41000366210938,24.01580810546875,22.888778686523438,77.04044342041016
2022-03-08,391.6575622558594,97.30057525634766,191.50999450683594,24.424772262573242,22.845672607421875,77.04044342041016
2022-03-09,402.15826416015625,96.70001983642578,185.82000732421875,22.484363555908203,22.62152671813965,77.04044342041016
2022-03-10,400.34228515625,96.25613403320312,186.39999389648438,22.21462059020996,22.733598709106445,77.04044342041016
2022-03-11,395.2519226074219,96.22998809814453,185.08999633789062,22.597482681274414,22.854293823242188,77.0320053100586
2022-03-14,392.3632507324219,95.01146697998047,182.3000030517578,21.936176300048828,22.845672607421875,77.04044342041016
2022-03-15,400.991455078125,94.96792602539062,178.88999938964844,21.396692276000977,22.819808959960938,77.02361297607422
2022-03-16,409.8831481933594,94.83739471435547,180.00999450683594,21.21396255493164,22.656009674072266,77.04044342041016
2022-03-17,415.01123046875,94.65459442138672,180.88999938964844,22.232025146484375,22.604284286499023,77.04044342041016
2022-03-18,419.5567321777344,94.93313598632812,179.3000030517578,22.336442947387695,22.63014793395996,77.0320053100586
2022-03-21,419.43402099609375,93.69715118408203,180.6699981689453,23.17177391052246,22.716358184814453,77.0320053100586
2022-03-22,424.34197998046875,93.18364715576172,179.36000061035156,23.119565963745117,22.70773696899414,77.0320053100586
2022-03-23,418.8771667480469,93.81034851074219,181.80999755859375,23.693857192993164,22.733598709106445,77.04888153076172
2022-03-24,425.19140625,93.2880859375,183.1300048828125,23.458919525146484,22.759462356567383,77.04888153076172
2022-03-25,427.26788330078125,92.33064270019531,182.3800048828125,23.63294792175293,22.768083572387695,77.0320053100586
2022-03-28,430.3070983886719,92.5395278930664,179.05999755859375,22.606184005737305,22.837051391601562,77.0320053100586
2022-03-29,435.63037109375,93.0008773803711,179.13999938964844,22.693199157714844,22.699115753173828,77.0320053100586
2022-03-30,432.9403991699219,93.3664321899414,180.5800018310547,23.102163314819336,22.57842254638672,77.04888153076172
2022-03-31,426.27685546875,93.54049682617188,180.64999389648438,22.67579460144043,22.67325210571289,77.04888153076172
2022-04-01,427.4850158691406,92.93141174316406,179.5,22.823719024658203,22.70773696899414,77.04888153076172
2022-04-04,431.1470642089844,92.87039947509766,180.3699951171875,23.258787155151367,22.811187744140625,77.04044342041016
2022-04-05,425.70111083984375,91.76377868652344,179.24000549316406,23.06735610961914,22.931882858276367,77.0320053100586
2022-04-06,421.4443054199219,91.44134521484375,179.66000366210938,22.88463020324707,22.949125289916992,77.04044342041016
2022-04-07,423.5679626464844,91.21479797363281,180.33999633789062,22.962940216064453,22.992229461669922,77.04044342041016
2022-04-08,422.43536376953125,90.75302124023438,181.47000122070312,23.250085830688477,22.992229461669922,77.0320053100586
2022-04-11,415.2150573730469,90.31732177734375,182.3699951171875,23.058656692504883,23.043956756591797,77.04044342041016
2022-04-12,413.6766052246094,90.75302124023438,183.77000427246094,23.746065139770508,23.121543884277344,77.04044342041016
2022-04-13,418.4146423339844,90.9533920288086,184.64999389648438,24.26814842224121,23.026714324951172,77.04044342041016
2022-04-14,413.2046813964844,90.13433837890625,184.0399932861328,24.450876235961914,23.130163192749023,77.0320053100586
2022-04-18,413.37451171875,89.87290954589844,184.61000061035156,24.72932243347168,23.22499656677246,77.04044342041016
2022-04-19,420.04754638671875,89.28038024902344,181.82000732421875,24.0941219329834,23.276721954345703,77.0320053100586
2022-04-20,419.73602294921875,89.97749328613281,182.7100067138672,24.120223999023438,23.11292266845703,77.04888153076172
2022-04-21,413.4595642089844,89.48080444335938,182.05999755859375,24.085418701171875,23.18189239501953,77.04888153076172
2022-04-22,402.1145324707031,89.52437591552734,180.2899932861328,23.62424659729004,23.319828033447266,77.04044342041016
2022-04-25,404.44580078125,90.09945678710938,177.0500030517578,23.450218200683594,23.431901931762695,77.04888153076172
2022-04-26,392.7326965332031,90.70072174072266,177.32000732421875,23.772171020507812,23.578458786010742,77.04044342041016
2022-04-27,393.8368835449219,90.1952896118164,175.97999572753906,23.937496185302734,23.72501564025879,77.04044342041016
2022-04-28,403.7851257324219,90.06462860107422,176.92999267578125,24.137624740600586,23.862951278686523,77.05728149414062
2022-04-29,388.86297607421875,89.58536529541016,176.91000366210938,23.954896926879883,23.76811981201172,77.04044342041016
2022-05-02,391.2037353515625,88.91793823242188,173.6300048828125,24.320358276367188,23.888813018798828,77.04888153076172
2022-05-03,392.9969787597656,89.02262878417969,174.08999633789062,23.981000900268555,23.84571075439453,77.04044342041016
2022-05-04,404.9649353027344,89.59842681884766,175.8000030517578,24.72932243347168,23.64742660522461,77.05728149414062
2022-05-05,390.5713806152344,88.69983673095703,175.1300048828125,24.598800659179688,23.84571075439453,77.05728149414062
2022-05-06,388.2401428222656,88.19384002685547,175.4199981689453,24.624902725219727,23.888813018798828,77.05728149414062
2022-05-09,375.8096008300781,88.84815216064453,172.8800048828125,23.511127471923828,23.89743423461914,77.04888153076172
2022-05-10,376.6779479980469,89.14478302001953,171.4199981689453,23.371904373168945,23.94916343688965,77.04888153076172
2022-05-11,370.6939697265625,89.69441986083984,172.82000732421875,23.946197509765625,23.975025177001953,77.04888153076172
2022-05-12,370.3070373535156,89.99103546142578,170.1699981689453,24.059314727783203,24.181928634643555,77.05728149414062
2022-05-13,379.1602783203125,89.51991271972656,168.7899932861328,24.38996696472168,24.112960815429688,77.06575775146484
2022-05-16,377.621826171875,89.89508056640625,170.39999389648438,24.790231704711914,24.018131256103516,77.05728149414062
2022-05-17,385.3896179199219,89.21456909179688,169.3300018310547,24.520488739013672,23.81984519958496,77.05728149414062
2022-05-18,369.8540344238281,89.85144805908203,169.4199981689453,23.989704132080078,23.940540313720703,77.05728149414062
2022-05-19,367.5887451171875,90.17425537109375,171.91000366210938,24.294252395629883,23.690532684326172,77.07415008544922
2022-05-20,367.7491760253906,90.59300231933594,172.02999877929688,24.329055786132812,23.74225616455078,77.07415008544922
2022-05-23,374.62982177734375,90.04340362548828,172.8300018310547,24.51178741455078,23.5267333984375,77.07415008544922
2022-05-24,371.7699279785156,90.8198471069336,174.1300048828125,24.494382858276367,23.457763671875,77.06575775146484
2022-05-25,375.05450439453125,91.0030517578125,173.0800018310547,24.668411254882812,23.543973922729492,77.07415008544922
2022-05-26,382.5487060546875,90.95944213867188,172.75999450683594,24.938154220581055,23.466384887695312,77.09101104736328
2022-05-27,391.9399719238281,91.09028625488281,172.85000610351562,25.2340030670166,23.414657592773438,77.07415008544922
2022-05-31,389.74072265625,90.13935089111328,171.13999938964844,25.059974670410156,23.457763671875,77.06575775146484
2022-06-01,386.5882568359375,89.6318359375,172.22999572753906,25.181793212890625,23.638805389404297,77.06656646728516
2022-06-02,393.9503173828125,89.76287841796875,174.35000610351562,25.756086349487305,23.431901931762695,77.08342742919922
2022-06-03,387.4849853515625,89.5881576538086,172.5800018310547,25.999723434448242,23.535350799560547,77.06656646728516
2022-06-06,388.6647644042969,88.91556549072266,171.82000732421875,26.112842559814453,23.587080001831055,77.07499694824219
2022-06-07,392.3929443359375,89.27368927001953,172.94000244140625,26.286867141723633,23.561216354370117,77.06656646728516
2022-06-08,388.1267395019531,88.94175720214844,172.77999877929688,26.521806716918945,23.630184173583984,77.07499694824219
2022-06-09,378.89599609375,88.86316680908203,172.22999572753906,26.565311431884766,23.80260467529297,77.08342742919922
2022-06-10,367.90966796875,87.9896240234375,174.5399932861328,26.304269790649414,23.992267608642578,77.06656646728516
2022-06-13,353.9407958984375,86.4260482788086,169.92999267578125,26.0084228515625,24.225032806396484,77.07499694824219
2022-06-14,352.87432861328125,85.73591613769531,168.57000732421875,25.72127914428711,24.27676010131836,77.06656646728516
2022-06-15,357.9049072265625,86.93264770507812,170.77000427246094,25.73868179321289,24.087099075317383,77.07499694824219
2022-06-16,346.0597229003906,87.50045776367188,172.69000244140625,25.85179901123047,23.854331970214844,77.09188079833984
2022-06-17,346.8057556152344,87.52665710449219,171.27000427246094,24.929452896118164,24.095720291137695,77.08342742919922
2022-06-21,355.5361328125,87.07243347167969,170.6300048828125,24.86854362487793,24.00950813293457,77.10028076171875
2022-06-22,354.8915100097656,88.17305755615234,171.30999755859375,24.424772262573242,23.975025177001953,77.10871124267578
2022-06-23,358.370361328125,88.67097473144531,170.25999450683594,23.8765869140625,24.000886917114258,77.10871124267578
2022-06-24,369.76434326171875,88.35650634765625,170.08999633789062,24.10282325744629,23.94916343688965,77.09188079833984
2022-06-27,368.3518981933594,87.85858917236328,169.89999389648438,24.050613403320312,23.90605354309082,77.09188079833984
2022-06-28,360.825439453125,87.97215270996094,169.6199951171875,24.337759017944336,24.043991088867188,77.10871124267578
2022-06-29,360.53155517578125,88.67974090576172,169.49000549316406,23.92009162902832,24.181928634643555,77.11715698242188
2022-06-30,357.6025695800781,89.36102294921875,168.4600067138672,23.18047523498535,24.104339599609375,77.12557220458984
2022-07-01,361.384765625,90.31898498535156,168.32000732421875,23.293596267700195,24.181928634643555,77.11966705322266
2022-07-05,362.0672302246094,90.65143585205078,164.75,21.727344512939453,24.526769638061523,77.11966705322266
2022-07-06,363.29010009765625,89.88158416748047,162.13999938964844,21.4053955078125,24.63884162902832,77.11966705322266
2022-07-07,368.7311706542969,89.3304214477539,162.22999572753906,22.29293441772461,24.647462844848633,77.11966705322266
2022-07-08,368.4278564453125,88.78797149658203,162.3000030517578,22.68449592590332,24.63022232055664,77.11124420166016
2022-07-11,364.21905517578125,89.48789978027344,161.42999267578125,22.6409912109375,24.914714813232422,77.11966705322266
2022-07-12,360.9961242675781,89.6978530883789,160.8300018310547,21.614229202270508,24.90609359741211,77.11124420166016
2022-07-13,359.1002502441406,90.08277893066406,161.60000610351562,21.736045837402344,24.854366302490234,77.11124420166016
2022-07-14,358.2281799316406,89.5841293334961,159.3300018310547,21.53591537475586,25.02678871154785,77.11966705322266
2022-07-15,365.0721740722656,89.89034271240234,159.00999450683594,21.814359664916992,24.880229949951172,77.11124420166016
2022-07-18,362.0577392578125,89.62786102294922,159.16000366210938,22.223325729370117,24.742294311523438,77.11124420166016
2022-07-19,371.84033203125,89.2166976928711,159.5399932861328,22.310335159301758,24.58711814880371,77.11124420166016
2022-07-20,374.2100830078125,89.12921142578125,158.0399932861328,22.29293441772461,24.656085968017578,77.11124420166016
2022-07-21,378.0207214355469,90.14404296875,160.27000427246094,21.91877555847168,24.58711814880371,77.13652038574219
2022-07-22,374.513427734375,91.17634582519531,160.6699981689453,21.657733917236328,24.55263328552246,77.14496612548828
2022-07-25,374.96844482421875,90.8526382446289,160.22999572753906,22.04929542541504,24.51814842224121,77.13652038574219
2022-07-26,370.5321350097656,90.88764190673828,160.0399932861328,22.092802047729492,24.707809448242188,77.13652038574219
2022-07-27,380.1535949707031,91.07135772705078,161.6699981689453,22.597482681274414,24.500905990600586,77.13652038574219
2022-07-28,384.92156982421875,91.97244262695312,163.63999938964844,22.614885330200195,24.48366355895996,77.14496612548828
2022-07-29,390.53326416015625,92.00743103027344,164.10000610351562,22.719301223754883,24.38883399963379,77.15340423583984
2022-08-01,389.3768615722656,92.54554748535156,165.02999877929688,22.258129119873047,24.294002532958984,77.1593246459961
2022-08-02,386.80792236328125,91.26604461669922,164.0500030517578,22.14501190185547,24.44917869567871,77.16780090332031
2022-08-03,392.8652038574219,91.64288330078125,164.4499969482422,21.95357894897461,24.51814842224121,77.1593246459961
2022-08-04,392.5997314453125,92.10736846923828,167.1699981689453,21.71864128112793,24.36297035217285,77.17623138427734
2022-08-05,391.9361877441406,90.77526092529297,165.2899932861328,21.64033317565918,24.569873809814453,77.193115234375
2022-08-08,391.481201171875,91.30984497070312,166.69000244140625,21.901371002197266,24.535388946533203,77.20155334472656
2022-08-09,389.9266357421875,91.0381851196289,167.1999969482422,22.0841007232666,24.5095272064209,77.193115234375
2022-08-10,398.1166076660156,91.09077453613281,166.77999877929688,22.388648986816406,24.242277145385742,77.20155334472656
2022-08-11,398.1166076660156,90.48605346679688,166.33999633789062,22.823719024658203,24.259517669677734,77.20155334472656
2022-08-12,404.85626220703125,90.84537506103516,167.8699951171875,22.701900482177734,24.354347229003906,77.21844482421875
2022-08-15,406.5246887207031,91.13458251953125,165.7100067138672,22.42345428466797,24.569873809814453,77.20999908447266
2022-08-16,407.3209228515625,91.02943420410156,165.4199981689453,22.17111587524414,24.561254501342773,77.21844482421875
2022-08-17,404.4297790527344,90.41595458984375,164.35000610351562,22.258129119873047,24.59573745727539,77.21844482421875
2022-08-18,405.60516357421875,90.5912094116211,163.9199981689453,22.597482681274414,24.785400390625,77.25221252441406
2022-08-19,400.1546936035156,89.81126403808594,162.72000122070312,22.588781356811523,24.94057846069336,77.25221252441406
2022-08-22,391.8224182128906,89.41686248779297,161.63999938964844,22.78891372680664,25.147480010986328,77.2606430053711
2022-08-23,390.87451171875,89.19778442382812,162.77000427246094,23.163074493408203,25.044029235839844,77.24374389648438
2022-08-24,392.1258544921875,88.89981079101562,163.25,23.406713485717773,25.06127166748047,77.26910400390625
2022-08-25,397.66162109375,89.46949005126953,163.75,23.076059341430664,25.018165588378906,77.27754974365234
2022-08-26,384.201171875,89.36430358886719,161.75999450683594,23.17177391052246,25.112995147705078,77.27754974365234
2022-08-29,381.6607360839844,88.85599517822266,161.86000061035156,23.511127471923828,25.121618270874023,77.27754974365234
2022-08-30,377.4709167480469,88.82972717285156,160.50999450683594,22.8585262298584,25.112995147705078,77.28598022460938
2022-08-31,374.59869384765625,88.46161651611328,159.27000427246094,22.379947662353516,25.09575653076172,77.30289459228516
2022-09-01,375.77423095703125,87.75841522216797,157.8699951171875,21.901371002197266,25.319902420043945,77.31895446777344
2022-09-02,371.8119201660156,88.25004577636719,159.25999450683594,22.04929542541504,25.328521728515625,77.32740020751953
2022-09-06,370.4089660644531,87.26676940917969,158.3300018310547,21.91877555847168,25.475078582763672,77.32740020751953
2022-09-07,377.0633850097656,87.8374252319336,159.94000244140625,21.396692276000977,25.294038772583008,77.33586883544922
2022-09-08,379.5279235839844,87.51258087158203,158.97999572753906,21.483707427978516,25.34576416015625,77.35276794433594
2022-09-09,385.42401123046875,87.52135467529297,159.82000732421875,22.092802047729492,25.164724349975586,77.35276794433594
2022-09-12,389.5663757324219,87.31066131591797,160.6300048828125,22.39735221862793,25.035411834716797,77.34432983398438
2022-09-13,372.6270751953125,86.81902313232422,158.5399932861328,22.28423500061035,25.3802490234375,77.36121368408203
2022-09-14,374.0489501953125,86.8629379272461,157.92999267578125,22.379947662353516,25.328521728515625,77.36121368408203
2022-09-15,369.8022766113281,86.56439971923828,154.97999572753906,21.727344512939453,25.34576416015625,77.38660430908203
2022-09-16,366.9811096191406,86.63465118408203,155.83999633789062,21.649032592773438,25.34576416015625,77.38660430908203
2022-09-19,369.8269958496094,86.38878631591797,155.9600067138672,21.71864128112793,25.328521728515625,77.38660430908203
2022-09-20,365.5819091796875,85.85327911376953,155.07000732421875,21.69253921508789,25.449216842651367,77.37812805175781
2022-09-21,359.2047119140625,86.1956787109375,155.7899932861328,21.56201934814453,25.69922637939453,77.39503479003906
2022-09-22,356.1875305175781,84.89631652832031,155.6999969482422,21.622928619384766,25.73371124267578,77.42887878417969
2022-09-23,350.21966552734375,85.00167083740234,153.00999450683594,20.892011642456055,26.138898849487305,77.42887878417969
2022-09-26,346.7550354003906,83.58820343017578,151.22999572753906,20.404735565185547,26.4320125579834,77.41194915771484
2022-09-27,345.86981201171875,83.01756286621094,151.5399932861328,20.622272491455078,26.44063377380371,77.43733215332031
2022-09-28,352.6753845214844,84.88756561279297,154.69000244140625,21.19655990600586,26.095792770385742,77.44578552246094
2022-09-29,345.30828857421875,84.49248504638672,154.66000366210938,21.0660400390625,25.992340087890625,77.46269226074219
2022-09-30,339.9686279296875,84.27300262451172,154.6699981689453,20.80499839782715,25.992340087890625,77.46269226074219
2022-10-03,348.94427490234375,85.27314758300781,158.42999267578125,21.274873733520508,25.871646881103516,77.4415283203125
2022-10-04,359.7568054199219,85.44911193847656,160.6999969482422,21.849164962768555,25.518184661865234,77.46693420410156
2022-10-05,358.9192199707031,84.63980865478516,159.80999755859375,22.240726470947266,25.759572982788086,77.46693420410156
2022-10-06,355.2166748046875,84.17359924316406,159.6300048828125,22.379947662353516,26.018203735351562,77.48384857177734
2022-10-07,345.30828857421875,83.76018524169922,157.8800048828125,22.614885330200195,26.12165641784668,77.48384857177734
2022-10-10,342.67181396484375,83.26758575439453,155.47999572753906,22.362546920776367,26.23373031616211,77.4923324584961
2022-10-11,340.50164794921875,83.4786605834961,155.16000366210938,22.04059410095215,26.2509708404541,77.4923324584961
2022-10-12,339.3785095214844,83.75135803222656,155.99000549316406,22.04059410095215,26.2509708404541,77.4923324584961
2022-10-13,348.33502197265625,83.39950561523438,154.91000366210938,22.345142364501953,26.078548431396484,77.51776885986328
2022-10-14,340.39697265625,82.93328094482422,152.97999572753906,21.901371002197266,26.25959014892578,77.51776885986328
2022-10-17,349.1440734863281,83.0212631225586,153.4199981689453,21.849164962768555,25.992340087890625,77.51776885986328
2022-10-18,353.2464294433594,83.23238372802734,153.75,21.614229202270508,25.975099563598633,77.51776885986328
2022-10-19,350.7431945800781,82.36152648925781,151.69000244140625,21.60552406311035,26.164762496948242,77.51776885986328
2022-10-20,347.80206298828125,81.74578094482422,151.4499969482422,21.622928619384766,26.182003021240234,77.5516357421875
2022-10-21,356.2541198730469,81.93048095703125,154.14999389648438,21.649032592773438,25.957855224609375,77.56011199951172
2022-10-24,360.6134338378906,81.82494354248047,153.64999389648438,21.709941864013672,25.983718872070312,77.5516357421875
2022-10-25,366.3719177246094,82.84532928466797,154.0,21.831762313842773,25.69922637939453,77.5516357421875
2022-10-26,363.6116943359375,83.26758575439453,154.97999572753906,22.240726470947266,25.431976318359375,77.56857299804688
2022-10-27,361.6699523925781,83.85694885253906,154.74000549316406,22.27553367614746,25.63025665283203,77.593994140625
2022-10-28,370.2743835449219,83.42591857910156,153.16000366210938,22.014488220214844,25.673364639282227,77.58554077148438
2022-10-31,367.5997619628906,83.04765319824219,151.91000366210938,21.857866287231445,25.888887405395508,77.58554077148438
2022-11-01,365.9912109375,83.03266906738281,153.4600067138672,22.18851661682129,25.880268096923828,77.59233856201172
2022-11-02,356.80621337890625,82.8916244506836,152.38999938964844,22.388648986816406,25.992340087890625,77.61780548095703
2022-11-03,353.1322021484375,82.53019714355469,151.80999755859375,22.371246337890625,26.20786476135254,77.64328002929688
2022-11-04,358.2148742675781,82.35387420654297,156.47000122070312,23.128267288208008,25.716468811035156,77.66022491455078
2022-11-07,361.6414489746094,82.06294250488281,155.85000610351562,22.92813491821289,25.56991195678711,77.6517333984375
2022-11-08,363.5926818847656,82.60953521728516,159.4499969482422,22.64969253540039,25.457839965820312,77.66022491455078
2022-11-09,356.10186767578125,82.8916244506836,158.64999389648438,22.127607345581055,25.64750099182129,77.7026596069336
2022-11-10,375.6711120605469,84.75165557861328,163.47999572753906,22.327739715576172,25.06127166748047,77.71117401123047
2022-11-11,379.30706787109375,84.57536315917969,164.55999755859375,22.754108428955078,24.699188232421875,77.7026596069336
2022-11-14,376.08038330078125,84.37260437011719,164.9199981689453,22.414756774902344,24.811262130737305,77.7026596069336
2022-11-15,379.28802490234375,84.99851989746094,165.5,22.67579460144043,24.725053787231445,77.71966552734375
2022-11-16,376.39447021484375,85.62437438964844,165.1199951171875,22.42345428466797,24.67332649230957,77.72816467285156
2022-11-17,375.2428283691406,85.04258728027344,163.9199981689453,22.04929542541504,24.768157958984375,77.7536392211914
2022-11-18,376.946533203125,84.74282836914062,162.7899932861328,21.892671585083008,24.83712387084961,77.7536392211914
2022-11-21,375.5759582519531,84.68994903564453,161.8800048828125,21.814359664916992,25.052650451660156,77.76213836669922
2022-11-22,380.63006591796875,85.17481231689453,162.07000732421875,22.04059410095215,24.897472381591797,77.77910614013672
2022-11-23,383.0287170410156,85.63323974609375,163.0800018310547,21.736045837402344,24.63884162902832,77.79609680175781
2022-11-25,382.9429931640625,85.60673522949219,163.22000122070312,21.544614791870117,24.63884162902832,77.79609680175781
2022-11-28,376.83233642578125,85.64203643798828,161.92999267578125,21.414094924926758,24.81988525390625,77.80457305908203
2022-11-29,376.18511962890625,85.28059387207031,162.72999572753906,21.69253921508789,24.86298942565918,77.83003997802734
2022-11-30,388.03521728515625,86.04752349853516,164.80999755859375,22.17981719970703,24.664705276489258,77.83003997802734
2022-12-01,387.7496337890625,86.98735046386719,167.83999633789062,22.066699981689453,24.36297035217285,77.84706115722656
2022-12-02,387.3023681640625,87.16403198242188,167.25999450683594,21.831762313842773,24.33710479736328,77.8556137084961
2022-12-05,380.3350524902344,86.28072357177734,164.38999938964844,21.266172409057617,24.535388946533203,77.86412811279297
2022-12-06,374.8525390625,86.81071472167969,164.83999633789062,20.926816940307617,24.55263328552246,77.8896484375
2022-12-07,374.2148742675781,87.5703353881836,166.3300018310547,20.822402954101562,24.475040435791016,77.8896484375
2022-12-08,377.1464538574219,87.07566833496094,166.47000122070312,20.787595748901367,24.3974552154541,77.94071960449219
2022-12-09,374.3290710449219,86.43087005615234,167.05999755859375,20.81369972229004,24.44917869567871,77.93222045898438
2022-12-12,379.7259216308594,86.3072280883789,165.67999267578125,21.039936065673828,24.466421127319336,77.94071960449219
2022-12-13,382.600341796875,87.08450317382812,168.50999450683594,21.387990951538086,24.250898361206055,77.94071960449219
2022-12-14,380.1541748046875,87.32306671142578,168.10000610351562,21.553316116333008,24.138824462890625,77.96627807617188
2022-12-15,370.8550109863281,87.49295806884766,165.35000610351562,21.29227638244629,24.36297035217285,77.98332214355469
2022-12-16,366.4765625,87.27169036865234,166.7899932861328,21.022531509399414,24.40607452392578,77.98332214355469
2022-12-19,363.3690185546875,86.56367492675781,166.32000732421875,20.983139038085938,24.41216278076172,77.99272918701172
2022-12-20,363.8662414550781,85.93531799316406,169.0800018310547,21.07943344116211,24.24692153930664,78.00125122070312
2022-12-21,369.30694580078125,86.0415267944336,168.8000030517578,21.350805282592773,24.30780029296875,78.00979614257812
2022-12-22,364.038330078125,86.0149917602539,166.75999450683594,21.07943344116211,24.342586517333984,78.0610122680664
2022-12-23,366.1324157714844,85.62555694580078,167.25999450683594,21.4646053314209,24.333890914916992,78.0610122680664
2022-12-27,364.68853759765625,84.90867614746094,168.6699981689453,21.65719223022461,24.325193405151367,78.0610122680664
2022-12-28,360.1562194824219,84.70515441894531,167.91000366210938,21.41208267211914,24.41216278076172,78.08665466308594
2022-12-29,366.63909912109375,85.12110137939453,168.85000610351562,21.385822296142578,24.264314651489258,78.12077331542969
2022-12-30,365.6734924316406,84.76707458496094,169.63999938964844,21.578405380249023,24.1860408782959,78.1122817993164
2023-01-03,364.13397216796875,85.43087005615234,171.05999755859375,21.061925888061523,24.446949005126953,78.12077331542969
2023-01-04,366.9451599121094,86.08576965332031,172.6699981689453,20.68550682067871,24.359981536865234,78.1122817993164
2023-01-05,362.7570495605469,85.96186065673828,170.52000427246094,20.580461502075195,24.586101531982422,78.13787841796875
2023-01-06,371.0757751464844,87.06817626953125,173.7100067138672,20.69426155090332,24.264314651489258,78.12934112548828
2023-01-09,370.8655090332031,87.2894058227539,174.10000610351562,20.93937110900879,24.11646842956543,78.14640808105469
2023-01-10,373.46630859375,86.74067687988281,174.74000549316406,20.93937110900879,24.133859634399414,78.13787841796875
2023-01-11,378.1898498535156,87.29825592041016,174.6199951171875,21.3157901763916,24.133859634399414,78.13787841796875
2023-01-12,379.5667724609375,88.07706451416016,176.63999938964844,21.49086570739746,23.899045944213867,78.1976318359375
2023-01-13,381.039306640625,87.60799407958984,178.75999450683594,21.70096206665039,23.890348434448242,78.20619201660156
2023-01-17,380.34130859375,87.33366394042969,177.58999633789062,21.849777221679688,23.959922790527344,78.20619201660156
2023-01-18,374.33642578125,88.51956176757812,177.0800018310547,21.613422393798828,23.959922790527344,78.2147216796875
2023-01-19,371.611328125,88.35143280029297,179.88999938964844,21.832271575927734,23.899045944213867,78.24889373779297
2023-01-20,378.5340576171875,87.76728820800781,179.2899932861328,21.963579177856445,23.8642578125,78.25743865966797
2023-01-23,383.0759582519531,87.4841079711914,179.6300048828125,22.016103744506836,23.899045944213867,78.25743865966797
2023-01-24,382.6648254394531,87.98857116699219,180.27999877929688,21.8935489654541,23.872955322265625,78.2659683227539
2023-01-25,382.8081970214844,88.08592224121094,181.11000061035156,21.832271575927734,23.79468536376953,78.2745132446289
2023-01-26,387.01544189453125,87.76728820800781,179.47000122070312,21.92856216430664,23.855562210083008,78.31722259521484
2023-01-27,387.9046936035156,87.6345443725586,179.22000122070312,21.683454513549805,23.890348434448242,78.32574462890625
2023-01-30,383.0376892089844,87.3602066040039,178.75999450683594,21.403329849243164,23.977317810058594,78.32574462890625
2023-01-31,388.6697082519531,87.80270385742188,179.41000366210938,21.77099609375,23.92513656616211,78.33430480957031
2023-02-01,392.8003234863281,88.43419647216797,181.6699981689453,21.359560012817383,23.699016571044922,78.33943176269531
2023-02-02,398.5183410644531,88.39871978759766,177.89999389648438,21.201988220214844,23.855562210083008,78.37372589111328
2023-02-03,394.2824401855469,87.44973754882812,173.4600067138672,20.668001174926758,24.168651580810547,78.39086151123047
2023-02-06,391.872802734375,86.69586181640625,173.82000732421875,20.729276657104492,24.30780029296875,78.39944458007812
2023-02-07,396.9980163574219,86.48298645019531,173.97999572753906,21.123201370239258,24.264314651489258,78.40796661376953
2023-02-08,392.65692138671875,86.80227661132812,174.41000366210938,21.16697120666504,24.2904052734375,78.40796661376953
2023-02-09,389.2528991699219,86.41202545166016,173.02999877929688,21.000648498535156,24.255617141723633,78.43370056152344
2023-02-10,390.16131591796875,85.99519348144531,173.36000061035156,21.298282623291016,24.333890914916992,78.44229888916016
2023-02-13,394.74139404296875,86.19917297363281,172.47999572753906,21.254512786865234,24.264314651489258,78.45941925048828
2023-02-14,394.5597839355469,85.80891418457031,172.61000061035156,21.32454490661621,24.24692153930664,78.45941925048828
2023-02-15,395.84100341796875,85.5517349243164,170.88999938964844,21.096940994262695,24.41216278076172,78.47654724121094
2023-02-16,390.3907165527344,85.26787567138672,170.75,21.03566551208496,24.446949005126953,78.51945495605469
2023-02-17,389.41546630859375,85.50738525390625,171.25999450683594,20.878093719482422,24.429555892944336,78.52799987792969
2023-02-21,381.60345458984375,84.57611083984375,170.6199951171875,20.904356002807617,24.507827758789062,78.52799987792969
2023-02-22,381.0775146484375,84.72689056396484,169.66000366210938,20.632984161376953,24.586101531982422,78.55372619628906
2023-02-23,383.1046142578125,85.05503845214844,169.57000732421875,20.79055404663086,24.594797134399414,78.57940673828125
2023-02-24,379.01214599609375,84.5406265258789,168.35000610351562,20.720523834228516,24.77743148803711,78.58798217773438
2023-02-27,380.3031005859375,84.79782104492188,169.00999450683594,20.73802947998047,24.6469783782959,78.5965347290039
2023-02-28,378.8974609375,84.9308853149414,169.77999877929688,20.799306869506836,24.716554641723633,78.60514831542969
2023-03-01,377.4440002441406,84.25189208984375,170.75999450683594,21.158218383789062,24.586101531982422,78.60943603515625
2023-03-02,380.3795471191406,83.90528106689453,170.66000366210938,21.07943344116211,24.716554641723633,78.63523864746094
2023-03-03,386.47998046875,84.58071899414062,172.49000549316406,21.41208267211914,24.620885848999023,78.65238952636719
2023-03-06,386.7477111816406,84.42963409423828,171.6199951171875,21.307035446166992,24.586101531982422,78.6609878540039
2023-03-07,380.81927490234375,84.43852996826172,168.6199951171875,20.869340896606445,24.890491485595703,78.6609878540039
2023-03-08,381.44085693359375,84.41184997558594,168.5399932861328,20.755537033081055,24.881793975830078,78.67819213867188
2023-03-09,374.4033508300781,84.93621826171875,170.1999969482422,20.50167465209961,24.812219619750977,78.69539642333984
2023-03-10,369.0009765625,86.5003890991211,173.8699951171875,20.720523834228516,24.655675888061523,78.71258544921875
2023-03-13,368.4750061035156,87.54908752441406,177.86000061035156,20.589214324951172,24.429555892944336,78.7297592163086
2023-03-14,374.5659484863281,86.72257995605469,176.8300018310547,20.326595306396484,24.429555892944336,78.73837280273438
2023-03-15,372.2232666015625,87.97567749023438,178.2100067138672,19.853885650634766,24.690462112426758,78.78132629394531
2023-03-16,378.75396728515625,87.18468475341797,178.57000732421875,19.915163040161133,24.664371490478516,78.81571197509766
2023-03-17,374.32537841796875,88.21562957763672,183.77000427246094,19.853885650634766,24.525222778320312,78.83291625976562
2023-03-20,377.9246826171875,87.86015319824219,183.83999633789062,19.93267059326172,24.386072158813477,78.84149932861328
2023-03-21,382.8870544433594,87.09584045410156,180.3699951171875,20.002702713012695,24.37737464904785,78.84149932861328
2023-03-22,376.3601989746094,88.24230194091797,183.44000244140625,20.055225372314453,24.194740295410156,78.85867309570312
2023-03-23,377.3776550292969,88.74888610839844,185.74000549316406,20.002702713012695,24.22952651977539,78.89306640625
2023-03-24,379.85400390625,88.7755355834961,183.64999389648438,20.0989933013916,24.37737464904785,78.91026306152344
2023-03-27,380.564208984375,87.68241882324219,181.9499969482422,20.475414276123047,24.299102783203125,78.90166473388672
2023-03-28,379.7100830078125,87.62909698486328,183.44000244140625,20.571706771850586,24.212133407592773,78.91886138916016
2023-03-29,385.2290344238281,87.47798919677734,182.52999877929688,20.440397262573242,24.273012161254883,78.91886138916016
2023-03-30,387.48468017578125,87.61129760742188,184.17999267578125,20.589214324951172,24.15995216369629,78.93602752685547
2023-03-31,392.9461364746094,88.09119415283203,183.22000122070312,20.781801223754883,24.24692153930664,78.91886138916016
2023-04-03,394.44342041015625,88.5062026977539,184.5399932861328,21.123201370239258,24.133859634399414,78.93785095214844
2023-04-04,392.2550964355469,89.07609558105469,187.97999572753906,21.096940994262695,24.03819465637207,78.94644165039062
2023-04-05,391.22802734375,89.4500961303711,187.8300018310547,21.17572784423828,24.107770919799805,78.98961639404297
2023-04-06,392.7541809082031,89.47683715820312,186.49000549316406,21.114450454711914,24.125164031982422,78.99825286865234
2023-04-10,393.1572570800781,88.59522247314453,185.11000061035156,21.114450454711914,24.264314651489258,79.00688934326172
2023-04-11,393.2628479003906,88.55962371826172,186.27999877929688,21.22825050354004,24.177345275878906,79.01549530029297
2023-04-12,391.659912109375,88.81786346435547,187.19000244140625,21.394575119018555,24.046892166137695,79.0327377319336
2023-04-13,396.86224365234375,88.52400207519531,189.72000122070312,21.394575119018555,23.933834075927734,79.07592010498047
2023-04-14,395.8927917480469,88.08765411376953,186.36000061035156,21.42083740234375,24.07298469543457,79.07592010498047
2023-04-17,397.3133544921875,87.52664184570312,185.52999877929688,21.333297729492188,24.194740295410156,79.09318542480469
2023-04-18,397.5724792480469,87.66912841796875,186.25,21.37706756591797,24.107770919799805,79.101806640625
2023-04-19,397.50537109375,87.48213958740234,185.36000061035156,21.07943344116211,24.15995216369629,79.11043548583984
2023-04-20,395.3360900878906,87.98969268798828,186.08999633789062,20.895601272583008,24.15995216369629,79.17082977294922
2023-04-21,395.6432189941406,87.77598571777344,184.25,20.851831436157227,24.133859634399414,79.16222381591797
2023-04-24,396.05596923828125,88.20345306396484,184.80999755859375,21.018157958984375,24.05558967590332,79.17082977294922
2023-04-25,389.7690124511719,89.07609558105469,185.75,20.720523834228516,24.168651580810547,79.16222381591797
2023-04-26,388.11810302734375,88.72880554199219,184.74000549316406,20.405380249023438,24.090377807617188,79.1794662475586
2023-04-27,395.8448181152344,88.15001678466797,184.75,20.431644439697266,24.09907341003418,79.20537567138672
2023-04-28,399.223388671875,88.80896759033203,184.8000030517578,20.624229431152344,24.133859634399414,79.20537567138672
2023-05-01,398.8203430175781,87.76370239257812,183.97000122070312,20.44915199279785,24.255617141723633,79.20797729492188
2023-05-02,394.337890625,88.90623474121094,187.52000427246094,19.985193252563477,24.194740295410156,79.19062805175781
2023-05-03,391.6311340332031,89.4864730834961,189.11000061035156,19.73133087158203,24.064287185668945,79.19931030273438
2023-05-04,388.8572692871094,89.4686050415039,190.44000244140625,19.81011390686035,24.090377807617188,79.22528839111328
2023-05-05,396.05596923828125,88.986572265625,187.4600067138672,20.25656509399414,24.05558967590332,79.24262237548828
2023-05-08,396.16162109375,88.44206237792969,187.69000244140625,20.35285758972168,24.090377807617188,79.25127410888672
2023-05-09,394.4242248535156,88.33497619628906,189.02000427246094,20.414134979248047,24.168651580810547,79.25992584228516
2023-05-10,396.26715087890625,88.99551391601562,188.75,20.35285758972168,24.125164031982422,79.26859283447266
2023-05-11,395.5760498046875,89.32579040527344,187.1300048828125,20.002702713012695,24.281709671020508,79.3205795288086
2023-05-12,395.0577697753906,88.79022216796875,186.80999755859375,19.84513282775879,24.43825340270996,79.3379135131836
2023-05-15,396.42071533203125,88.59384155273438,187.2100067138672,20.07273292541504,24.36867904663086,79.34657287597656
2023-05-16,393.77154541015625,88.30818939208984,184.8699951171875,19.853885650634766,24.429555892944336,79.3379135131836
2023-05-17,398.5515441894531,88.02253723144531,184.22999572753906,20.090242385864258,24.473039627075195,79.355224609375
2023-05-18,402.39080810546875,87.47801971435547,181.83999633789062,19.906410217285156,24.655675888061523,79.39856719970703
2023-05-19,401.805419921875,87.14775848388672,183.63999938964844,19.88014793395996,24.586101531982422,79.39856719970703
2023-05-22,401.96856689453125,86.98707580566406,183.2100067138672,19.897655487060547,24.60349464416504,79.4072265625
2023-05-23,397.45733642578125,87.1299057006836,183.42999267578125,19.976438522338867,24.673070907592773,79.4072265625
2023-05-24,394.5778503417969,86.90674591064453,181.9499969482422,19.985193252563477,24.76003646850586,79.4072265625
2023-05-25,397.99481201171875,86.36225128173828,180.1999969482422,19.67005157470703,24.873098373413086,79.4592056274414
2023-05-26,403.1492004394531,86.52289581298828,180.9199981689453,19.985193252563477,24.86440086364746,79.4765396118164
2023-05-30,403.3027038574219,87.20132446289062,182.0399932861328,19.521236419677734,24.838308334350586,79.48519134521484
2023-05-31,401.06634521484375,87.5315933227539,182.32000732421875,19.30238914489746,24.881793975830078,79.50247955322266
2023-06-01,404.8768310546875,87.77495574951172,183.75999450683594,19.617528915405273,24.586101531982422,79.546875
2023-06-02,410.7318420410156,87.07706451416016,181.0500030517578,19.87139320373535,24.847007751464844,79.5555648803711
2023-06-05,409.94476318359375,87.05021667480469,182.13999938964844,19.818870544433594,24.803524017333984,79.5555648803711
2023-06-06,410.83746337890625,87.10389709472656,182.33999633789062,19.84513282775879,24.881793975830078,79.57296752929688
2023-06-07,409.4168701171875,86.46862030029297,180.14999389648438,19.923917770385742,24.890491485595703,79.58165740966797
2023-06-08,411.8931884765625,87.05021667480469,182.52999877929688,19.95893096923828,24.690462112426758,79.62516021728516
2023-06-09,412.63226318359375,86.73706817626953,182.0399932861328,19.83637809753418,24.768735885620117,79.63386535644531
2023-06-12,416.3756103515625,86.88020324707031,181.8800048828125,19.565004348754883,24.77743148803711,79.6425552368164
2023-06-13,419.1207275390625,86.26285552978516,180.5399932861328,19.82762336730957,24.69915771484375,79.65995788574219
2023-06-14,419.619873046875,86.379150390625,180.63999938964844,19.87139320373535,24.577404022216797,79.67733764648438
2023-06-15,424.82220458984375,87.05021667480469,181.91000366210938,20.291582107543945,24.43825340270996,79.71217346191406
2023-06-16,423.3751220703125,86.6744155883789,181.6300048828125,20.54544448852539,24.481735229492188,79.72085571289062
2023-06-20,421.1785583496094,86.93389129638672,179.75,20.36161231994629,24.551313400268555,79.73825073242188
2023-06-21,419.02056884765625,87.0144271850586,179.49000549316406,20.65924835205078,24.43825340270996,79.73825073242188
2023-06-22,420.5331726074219,86.5223159790039,177.7100067138672,20.27407455444336,24.525222778320312,79.77303314208984
2023-06-23,417.3538818359375,86.88020324707031,178.1999969482422,20.055225372314453,24.655675888061523,79.78174591064453
2023-06-26,415.6487121582031,87.09493255615234,178.50999450683594,20.081485748291016,24.62958526611328,79.79045104980469
2023-06-27,420.2055969238281,86.79073333740234,177.69000244140625,19.757593154907227,24.56870460510254,79.80783081054688
2023-06-28,420.4174499511719,87.13968658447266,177.27999877929688,19.69631576538086,24.681766510009766,79.81654357910156
2023-06-29,422.0745544433594,86.24492645263672,177.08999633789062,19.705068588256836,24.7861270904541,79.84261322021484
2023-06-30,427.05535888671875,86.43284606933594,178.27000427246094,19.87139320373535,24.681766510009766,79.86872863769531
2023-07-03,427.5466613769531,86.05793762207031,178.47000122070312,19.87139320373535,24.707855224609375,79.88882446289062
2023-07-05,426.9108581542969,85.64535522460938,177.83999633789062,19.993946075439453,24.8209171295166,79.89754486083984
2023-07-06,423.5677795410156,84.94574737548828,177.30999755859375,19.950178146362305,24.76003646850586,79.9237289428711
2023-07-07,422.4984436035156,84.83814239501953,178.63999938964844,20.11650276184082,24.551313400268555,79.9324722290039
2023-07-10,423.5677795410156,85.27764129638672,178.77999877929688,20.1602725982666,24.490432739257812,79.9499282836914
2023-07-11,426.26531982421875,85.45698547363281,179.4499969482422,20.39662742614746,24.429555892944336,79.95868682861328
2023-07-12,429.69500732421875,86.29112243652344,181.8800048828125,20.54544448852539,24.142559051513672,79.97614288330078
2023-07-13,433.10546875,87.0086441040039,182.00999450683594,20.834321975708008,23.977317810058594,80.01107025146484
2023-07-14,432.83575439453125,86.57813262939453,181.42999267578125,20.69426155090332,24.020803451538086,80.01980590820312
2023-07-17,434.338623046875,86.72163391113281,181.55999755859375,20.527936935424805,23.99471092224121,80.02854919433594
2023-07-18,437.5660400390625,86.82028198242188,183.63999938964844,20.799306869506836,24.01210594177246,80.02854919433594
2023-07-19,438.5390930175781,87.11626434326172,183.6699981689453,20.913108825683594,24.107770919799805,80.04601287841797
2023-07-20,435.6296081542969,86.4256591796875,182.74000549316406,20.97438621520996,24.24692153930664,80.08968353271484
2023-07-21,435.6296081542969,86.49740600585938,182.17999267578125,21.088186264038086,24.31649398803711,80.08968353271484
2023-07-24,437.57562255859375,86.29112243652344,181.39999389648438,21.4646053314209,24.40346336364746,80.09842681884766
2023-07-25,438.7702331542969,86.12966918945312,182.41000366210938,21.543392181396484,24.37737464904785,80.1071548461914
2023-07-26,438.83770751953125,86.4256591796875,183.3000030517578,21.43834686279297,24.30780029296875,80.11591339111328
2023-07-27,435.92822265625,85.48390197753906,180.4199981689453,21.385822296142578,24.533916473388672,80.15956115722656
2023-07-28,440.19610595703125,85.761962890625,181.86000061035156,21.517127990722656,24.49913215637207,80.16828155517578
2023-07-31,441.0342712402344,85.86956787109375,182.35000610351562,21.60466957092285,24.542613983154297,80.17701721191406
2023-08-01,439.772216796875,85.36785125732422,180.4600067138672,21.49086570739746,24.655675888061523,80.19808959960938
2023-08-02,433.6546325683594,85.1969985961914,179.60000610351562,21.16697120666504,24.742645263671875,80.20684814453125
2023-08-03,432.41180419921875,84.56755828857422,179.5399932861328,21.36831283569336,24.725250244140625,80.24192810058594
2023-08-04,430.4561462402344,85.46675109863281,180.19000244140625,21.403329849243164,24.60349464416504,80.25948333740234
2023-08-07,434.2134094238281,85.25994873046875,179.77999877929688,21.41208267211914,24.620885848999023,80.25948333740234
2023-08-08,432.32513427734375,85.6915512084961,178.63999938964844,21.385822296142578,24.733945846557617,80.27702331542969
2023-08-09,429.4349060058594,85.74551391601562,177.7899932861328,21.534637451171875,24.751338958740234,80.28579711914062
2023-08-10,429.589111328125,85.0890884399414,177.60000610351562,21.42083740234375,24.794824600219727,80.32963562011719
2023-08-11,429.3385925292969,84.63951110839844,177.60000610351562,21.385822296142578,24.847007751464844,80.33841705322266
2023-08-14,431.70855712890625,84.50462341308594,177.05999755859375,21.280773162841797,24.933977127075195,80.34720611572266
2023-08-15,426.6795654296875,84.34275817871094,176.58999633789062,21.02691078186035,24.942672729492188,80.35594177246094
2023-08-16,423.5485534667969,84.01908111572266,175.57000732421875,20.93937110900879,25.01224708557129,80.37350463867188
2023-08-17,420.3211975097656,83.91117095947266,175.3000030517578,20.99189567565918,25.003549575805664,80.40857696533203
2023-08-18,420.5235290527344,84.16293334960938,175.3300018310547,21.140710830688477,25.020946502685547,80.41736602783203
2023-08-21,423.2595520019531,83.64144134521484,175.80999755859375,21.088186264038086,24.994853973388672,80.42613220214844
2023-08-22,422.11309814453125,83.67737579345703,176.10000610351562,21.096940994262695,25.081823348999023,80.4349136352539
2023-08-23,426.81451416015625,84.5855484008789,177.88999938964844,21.140710830688477,24.994853973388672,80.45246887207031
2023-08-24,420.8992004394531,84.27083587646484,177.85000610351562,21.158218383789062,25.194881439208984,80.47875213623047
2023-08-25,423.8665466308594,84.24385833740234,177.6199951171875,21.36831283569336,25.22966957092285,80.49630737304688
2023-08-28,426.55438232421875,84.47765350341797,178.1300048828125,21.333297729492188,25.18618392944336,80.51383972167969
2023-08-29,432.72015380859375,85.0801010131836,179.8699951171875,21.41208267211914,25.047033309936523,80.50508117675781
2023-08-30,434.5023498535156,85.07111358642578,180.32000732421875,21.43834686279297,25.003549575805664,80.52259826660156
2023-08-31,433.8666076660156,85.24195098876953,180.02000427246094,21.525882720947266,25.125307083129883,80.57524108886719
2023-09-01,434.6758117675781,84.72089385986328,180.11000061035156,21.779747009277344,25.281850814819336,80.58847045898438
2023-09-05,432.79718017578125,84.20707702636719,178.63999938964844,21.88479232788086,25.412303924560547,80.60606384277344
2023-09-06,429.8876953125,83.99069213867188,177.8300018310547,21.93731689453125,25.421001434326172,80.60606384277344
2023-09-07,428.5679016113281,84.27915954589844,178.02000427246094,21.8935489654541,25.48187828063965,80.6501235961914
2023-09-08,429.21337890625,84.29721069335938,178.0800018310547,21.93731689453125,25.507970809936523,80.65895080566406
2023-09-11,432.0361328125,84.15296936035156,178.41000366210938,22.06862449645996,25.386213302612305,80.65895080566406
2023-09-12,429.6661682128906,84.2701644897461,177.49000549316406,22.147411346435547,25.429698944091797,80.68538665771484
2023-09-13,430.1671447753906,84.36930847167969,177.0800018310547,22.21744155883789,25.447092056274414,80.69417572021484
2023-09-14,433.87615966796875,84.18000030517578,177.1699981689453,22.401275634765625,25.603635787963867,80.72062683105469
2023-09-15,428.6487121582031,83.91857147216797,178.33999633789062,22.348752975463867,25.58624267578125,80.7382583618164
2023-09-18,428.90008544921875,83.99972534179688,179.38999938964844,22.339996337890625,25.542757034301758,80.74703979492188
2023-09-19,428.0105895996094,83.69322967529297,179.22000122070312,22.357505798339844,25.560152053833008,80.75586700439453
2023-09-20,424.0758056640625,83.63009643554688,179.35000610351562,22.173673629760742,25.603635787963867,80.76466369628906
2023-09-21,417.0665283203125,83.00807189941406,178.0500030517578,22.1036434173584,25.621028900146484,80.8087387084961
2023-09-22,416.1286926269531,83.33261108398438,178.6199951171875,22.121150970458984,25.681909561157227,80.81754302978516
2023-09-25,417.8786315917969,82.7196273803711,177.6999969482422,22.016103744506836,25.77757453918457,80.82633972167969
2023-09-26,411.7394714355469,82.69258880615234,176.27999877929688,21.98984146118164,25.855846405029297,80.83515167236328
2023-09-27,411.9037780761719,82.32295989990234,174.10000610351562,22.112396240234375,25.977602005004883,80.8615951538086
2023-09-28,414.291748046875,82.54833984375,173.22999572753906,22.08613395690918,25.838451385498047,80.88802337646484
2023-09-29,413.28631591796875,82.56637573242188,171.4499969482422,21.849777221679688,25.855846405029297,80.89683532714844
2023-10-02,413.1219482421875,81.89663696289062,169.64999389648438,21.683454513549805,26.055871963500977,80.90923309326172
2023-10-03,407.5918884277344,81.21875,169.16000366210938,21.587160110473633,26.08196449279785,80.92691802978516
2023-10-04,410.5599670410156,81.73394775390625,169.13999938964844,20.983139038085938,26.003692626953125,80.9357681274414
2023-10-05,410.40533447265625,81.8875732421875,168.8300018310547,20.860584259033203,25.916723251342773,80.98883819580078
2023-10-06,415.2779235839844,81.40852355957031,169.6999969482422,20.93937110900879,25.86454200744629,80.98883819580078
2023-10-09,417.9366149902344,82.44795227050781,172.82000732421875,21.37706756591797,25.855846405029297,80.99768829345703
2023-10-10,420.1119384765625,82.28528594970703,172.52999877929688,21.32454490661621,25.794965744018555,80.99768829345703
2023-10-11,421.83282470703125,82.73721313476562,173.7899932861328,21.201988220214844,25.794965744018555,81.01539611816406
2023-10-12,419.2611083984375,81.94181823730469,173.25999450683594,21.193233489990234,26.012388229370117,81.05081176757812
2023-10-13,417.1728515625,82.46604919433594,178.8300018310547,21.75348663330078,26.02978515625,81.0684814453125
2023-10-16,421.5621032714844,81.97796630859375,177.9600067138672,21.683454513549805,25.916723251342773,81.07733154296875
2023-10-17,421.5426940917969,81.17356872558594,178.2899932861328,21.744731903076172,25.925418853759766,81.08618927001953
2023-10-18,415.9256896972656,80.79395294189453,180.8699951171875,21.93731689453125,26.021085739135742,81.09505462646484
2023-10-19,412.27117919921875,80.39625549316406,183.08999633789062,22.164920806884766,25.94281578063965,81.13040924072266
2023-10-20,407.20513916015625,80.86627197265625,183.58999633789062,21.998594284057617,25.95151138305664,81.14811706542969
2023-10-23,406.49932861328125,81.24584197998047,182.97000122070312,21.858530044555664,25.82105827331543,81.15696716308594
2023-10-24,409.5641784667969,81.3904800415039,182.9499969482422,21.622177124023438,25.96890640258789,81.16584014892578
2023-10-25,403.68597412109375,80.67643737792969,183.72000122070312,21.779747009277344,26.038480758666992,81.17466735839844
2023-10-26,398.8520812988281,81.29103088378906,184.00999450683594,21.595914840698242,26.09935760498047,81.21007537841797
2023-10-27,397.04412841796875,81.41757202148438,186.14999389648438,21.88479232788086,26.0645694732666,81.2365951538086
2023-10-30,401.79107666015625,81.14643096923828,185.10000610351562,21.534637451171875,25.960206985473633,81.24546813964844
2023-10-31,404.3144836425781,80.97471618652344,184.08999633789062,21.455852508544922,26.11675262451172,81.24546813964844
2023-11-01,408.6263427734375,81.9073486328125,183.50999450683594,21.49086570739746,26.125450134277344,81.27033996582031
2023-11-02,416.4573974609375,82.41490936279297,184.1199951171875,21.718469619750977,25.9949951171875,81.2969970703125
2023-11-03,420.2569580078125,83.04937744140625,184.7899932861328,21.60466957092285,25.751483917236328,81.30591583251953
2023-11-06,421.2237548828125,82.56900024414062,183.35000610351562,21.692209243774414,25.77757453918457,81.31477355957031
2023-11-07,422.4225158691406,83.0403060913086,182.58999633789062,21.22825050354004,25.86454200744629,81.33255767822266
2023-11-08,422.73193359375,83.37564086914062,180.77000427246094,20.99189567565918,25.855846405029297,81.34143829345703
2023-11-09,419.43511962890625,82.55085754394531,181.49000549316406,20.93937110900879,25.96890640258789,81.38587188720703
2023-11-10,425.9803161621094,82.6414794921875,179.50999450683594,21.044418334960938,25.95151138305664,81.394775390625
2023-11-13,425.57427978515625,82.5961685180664,180.50999450683594,21.350805282592773,25.916723251342773,81.40362548828125
2023-11-14,433.83074951171875,83.83789825439453,182.1199951171875,21.3157901763916,25.507970809936523,81.41254425048828
2023-11-15,434.7491760253906,83.18531036376953,181.63999938964844,21.17572784423828,25.603635787963867,81.43033599853516
2023-11-16,435.2809753417969,83.81071472167969,183.69000244140625,20.668001174926758,25.621028900146484,81.46589660644531
2023-11-17,435.8223876953125,83.86509704589844,183.6699981689453,20.965633392333984,25.48187828063965,81.48365020751953
2023-11-20,439.1771240234375,83.98289489746094,183.3699951171875,21.22825050354004,25.403606414794922,81.48365020751953
2023-11-21,438.219970703125,84.09169006347656,185.35000610351562,21.350805282592773,25.429698944091797,81.51029968261719
2023-11-22,439.9118957519531,84.06446838378906,184.55999755859375,21.16697120666504,25.516666412353516,81.54586029052734
2023-11-24,440.1825866699219,83.6294174194336,185.52000427246094,21.02691078186035,25.403606414794922,81.55474090576172
2023-11-27,439.3898010253906,84.26387023925781,186.77000427246094,20.88684844970703,25.351425170898438,81.5636215209961
2023-11-28,439.8248596191406,84.63546752929688,189.25999450683594,21.140710830688477,25.264455795288086,81.5814208984375
2023-11-29,439.5155029296875,85.07958984375,189.5399932861328,21.289527893066406,25.29054832458496,81.59031677246094
2023-11-30,441.2460632324219,84.66268920898438,188.75,20.930618286132812,25.47318458557129,81.62586212158203
2023-12-01,443.8564147949219,85.46147918701172,192.00999450683594,20.834321975708008,25.39491081237793,81.642822265625
2023-12-04,441.5264587402344,85.10704040527344,187.86000061035156,20.69426155090332,25.507970809936523,81.642822265625
2023-12-05,441.4394226074219,85.70685577392578,187.14999389648438,20.51042938232422,25.603635787963867,81.66067504882812
2023-12-06,439.6605224609375,86.06127166748047,187.83999633789062,20.011455535888672,25.664514541625977,81.66959381103516
2023-12-07,443.01531982421875,85.9340591430664,188.14999389648438,20.046470642089844,25.52536392211914,81.70531463623047
2023-12-08,444.9199523925781,85.37969970703125,185.63999938964844,20.134010314941406,25.621028900146484,81.72319030761719
2023-12-11,446.65045166015625,85.38878631591797,183.58999633789062,20.063980102539062,25.65581703186035,81.74104309082031
2023-12-12,448.6903991699219,85.57052612304688,183.49000549316406,19.757593154907227,25.58624267578125,81.74104309082031
2023-12-13,454.87786865234375,86.84282684326172,187.6300048828125,19.985193252563477,25.368820190429688,81.74995422363281
2023-12-14,456.3377990722656,87.56470489501953,188.72999572753906,20.317842483520508,25.134002685546875,81.78568267822266
2023-12-15,455.5864562988281,87.49179077148438,187.0,20.35285758972168,25.299243927001953,81.81245422363281
2023-12-18,458.14910888671875,87.30036926269531,187.85000610351562,20.498884201049805,25.295543670654297,81.82231903076172
2023-12-19,460.9351501464844,87.46443939208984,189.1300048828125,20.655014038085938,25.18451690673828,81.82231903076172
2023-12-20,454.5477600097656,87.892822265625,188.10000610351562,20.416229248046875,25.295543670654297,81.84027099609375
2023-12-21,458.8577880859375,87.75611877441406,189.42999267578125,20.452964782714844,25.129003524780273,81.89407348632812
2023-12-22,459.7799072265625,87.6740951538086,190.27000427246094,20.416229248046875,25.1197509765625,81.9030532836914
2023-12-26,461.72137451171875,87.72877502441406,191.72000122070312,20.61827850341797,25.064237594604492,81.9209976196289
2023-12-27,462.5561828613281,88.41236114501953,192.58999633789062,20.526437759399414,24.934709548950195,81.9209976196289
2023-12-28,462.7309265136719,88.07511901855469,191.47000122070312,20.351940155029297,25.01797866821289,81.9748306274414
2023-12-29,461.3913269042969,87.85638427734375,191.1699981689453,20.241731643676758,25.064237594604492,81.9748306274414
2024-01-02,458.8092041015625,87.52824401855469,190.72000122070312,20.076417922973633,25.27703857421875,81.9837875366211
2024-01-03,455.062255859375,87.73788452148438,189.1300048828125,20.33357048034668,25.360309600830078,82.01068115234375
2024-01-04,453.596435546875,87.20925903320312,189.32000732421875,20.223363876342773,25.360309600830078,82.03759765625
2024-01-05,454.2177734375,86.89024353027344,189.35000610351562,20.324386596679688,25.360309600830078,82.04656219482422
2024-01-08,460.7021179199219,87.18186950683594,187.8699951171875,20.03049659729004,25.314048767089844,82.05554962158203
2024-01-09,460.00323486328125,87.14544677734375,187.92999267578125,20.177440643310547,25.39731788635254,82.06451416015625
2024-01-10,462.60467529296875,87.00872039794922,187.5,20.03968048095703,25.351057052612305,82.08245086669922
2024-01-11,462.4008483886719,87.47357940673828,187.8699951171875,20.18662452697754,25.36956024169922,82.1272964477539
2024-01-12,462.7212219238281,87.71052551269531,189.7100067138672,20.260099411010742,25.39731788635254,82.14524841308594
2024-01-16,461.0224609375,86.99959564208984,187.91000366210938,20.085601806640625,25.61937141418457,82.1541976928711
2024-01-17,458.4597473144531,86.71705627441406,185.83999633789062,20.058048248291016,25.637874603271484,82.17214965820312
2024-01-18,462.5367736816406,86.525634765625,187.3699951171875,20.18662452697754,25.665632247924805,82.20802307128906
2024-01-19,468.30279541015625,86.53473663330078,187.92999267578125,20.149890899658203,25.628623962402344,82.21701049804688
2024-01-22,469.2929992675781,86.799072265625,187.22000122070312,20.232547760009766,25.637874603271484,82.22596740722656
2024-01-23,470.66162109375,86.58032989501953,187.9499969482422,20.342754364013672,25.702640533447266,82.23493194580078
2024-01-24,471.1761779785156,86.33423614501953,186.39999389648438,20.517253875732422,25.628623962402344,82.24390411376953
2024-01-25,473.7388610839844,86.70792388916016,187.13999938964844,20.673383712768555,25.702640533447266,82.28872680664062
2024-01-26,473.136962890625,86.55296325683594,187.00999450683594,20.76522445678711,25.702640533447266,82.2977294921875
2024-01-29,476.8839111328125,87.0725326538086,188.3300018310547,20.59072494506836,25.702640533447266,82.30667877197266
2024-01-30,476.51507568359375,87.19100189208984,188.58999633789062,20.728487014770508,25.68413734436035,82.31565856933594
2024-01-31,468.7396240234375,87.92018127441406,188.4499969482422,20.50806999206543,25.7489013671875,82.32463836669922
2024-02-01,474.8746032714844,88.4647445678711,190.41000366210938,20.260099411010742,25.61937141418457,82.36605834960938
2024-02-02,479.8737487792969,87.31346893310547,188.61000061035156,20.03049659729004,25.850677490234375,82.38410186767578
2024-02-05,478.1264953613281,86.4637451171875,187.57000732421875,20.1131534576416,25.989459991455078,82.38410186767578
2024-02-06,479.51458740234375,86.92972564697266,188.5500030517578,20.18662452697754,25.915441513061523,82.40211486816406
2024-02-07,483.513916015625,86.77439880371094,188.5,20.278467178344727,25.887685775756836,82.41111755371094
2024-02-08,483.7275085449219,86.49114990234375,188.3300018310547,20.3886775970459,25.915441513061523,82.4471664428711
2024-02-09,486.523193359375,86.33580780029297,187.60000610351562,20.44378089904785,25.896936416625977,82.45618438720703
2024-02-12,486.30963134765625,86.41805267333984,187.11000061035156,20.452964782714844,25.924694061279297,82.47419738769531
2024-02-13,479.61163330078125,85.46778106689453,184.52999877929688,20.33357048034668,26.12824249267578,82.47419738769531
2024-02-14,483.9701843261719,85.78759765625,184.4199981689453,20.14070701599121,26.081981658935547,82.4922103881836
2024-02-15,487.3094482421875,86.02515411376953,185.66000366210938,20.18662452697754,25.980207443237305,82.53726196289062
2024-02-16,484.8826904296875,85.65050506591797,186.33999633789062,20.232547760009766,25.989459991455078,82.5552749633789
2024-02-20,482.2131652832031,85.79674530029297,187.47000122070312,20.122337341308594,25.952449798583984,82.56427764892578
2024-02-21,482.6500244140625,85.52261352539062,187.47999572753906,20.204994201660156,25.924694061279297,82.57329559326172
2024-02-22,492.638671875,85.53174591064453,187.55999755859375,20.260099411010742,25.924694061279297,82.61834716796875
2024-02-23,492.97845458984375,85.92463684082031,188.6199951171875,19.966209411621094,25.943199157714844,82.62735748291016
2024-02-26,491.17291259765625,85.79674530029297,188.1999969482422,20.149890899658203,25.896936416625977,82.62735748291016
2024-02-27,492.0853576660156,85.6048583984375,188.0,20.306018829345703,25.915441513061523,82.64539337158203
2024-02-28,491.4350280761719,85.91551208496094,188.33999633789062,20.223363876342773,25.933948516845703,82.65436553955078
2024-02-29,493.20166015625,86.089111328125,189.30999755859375,20.195810317993164,25.989459991455078,82.6904296875
2024-03-01,497.8320007324219,86.48213958740234,192.88999938964844,20.29683494567871,25.943199157714844,82.71302032470703
2024-03-04,497.2981262207031,86.28974914550781,196.00999450683594,20.36112403869629,25.943199157714844,82.72207641601562
2024-03-05,492.32806396484375,86.82109832763672,197.19000244140625,20.204994201660156,25.915441513061523,82.72207641601562
2024-03-06,494.8227844238281,87.03181457519531,198.80999755859375,20.37030792236328,25.822919845581055,82.74018096923828
2024-03-07,499.734619140625,87.17839050292969,199.94000244140625,20.425413131713867,25.693389892578125,82.77635955810547
2024-03-08,496.73516845703125,87.24252319335938,201.6300048828125,20.36112403869629,25.702640533447266,82.78539276123047
2024-03-11,496.30804443359375,87.13258361816406,202.0,20.53562355041504,25.730396270751953,82.79444885253906
2024-03-12,501.64697265625,86.77529907226562,199.7899932861328,20.48051643371582,25.7489013671875,82.82157135009766
2024-03-13,500.860595703125,86.58291625976562,201.19000244140625,20.76522445678711,25.721145629882812,82.82157135009766
2024-03-14,499.87054443359375,85.94161224365234,200.35000610351562,20.829513549804688,25.85993003845215,82.85772705078125
2024-03-15,496.43817138671875,85.7950439453125,199.7100067138672,20.902984619140625,25.887685775756836,82.8758316040039
2024-03-18,499.38848876953125,85.69425964355469,200.02999877929688,21.095849990844727,25.943199157714844,82.88487243652344
2024-03-19,502.16363525390625,85.94161224365234,199.8000030517578,21.086666107177734,26.007963180541992,82.90299987792969
2024-03-20,506.8083801269531,86.1431884765625,202.17999267578125,21.03156089782715,25.887685775756836,82.9120101928711
2024-03-21,508.48321533203125,86.15232849121094,201.97000122070312,21.004011154174805,26.0634765625,82.93914794921875
2024-03-22,507.5193176269531,86.57373046875,200.35000610351562,20.857065200805664,26.202259063720703,82.94819641113281
2024-03-25,506.11700439453125,86.34471130371094,200.99000549316406,21.03156089782715,26.137495040893555,82.96629333496094
2024-03-26,505.1823425292969,86.47298431396484,201.63999938964844,20.866249084472656,26.1560001373291,82.97531127929688
2024-03-27,509.427734375,86.80278778076172,203.10000610351562,20.847881317138672,26.174503326416016,83.02960968017578
2024-03-28,509.33038330078125,86.72032165527344,205.72000122070312,21.095849990844727,26.24852180480957,83.02960968017578
2024-04-01,508.44415283203125,85.93567657470703,207.82000732421875,21.196874618530273,26.350296020507812,83.05229187011719
2024-04-02,505.2115478515625,85.75191497802734,210.88999938964844,21.38974380493164,26.31328773498535,83.07046508789062
2024-04-03,505.7665100097656,85.85298156738281,212.74000549316406,21.646896362304688,26.193008422851562,83.07046508789062
2024-04-04,499.5930480957031,86.14696502685547,211.52000427246094,21.70199966430664,26.193008422851562,83.10682678222656
2024-04-05,504.8122253417969,85.57734680175781,215.13999938964844,21.812210083007812,26.220766067504883,83.125
2024-04-08,505.0945739746094,85.38438415527344,216.47999572753906,21.80302619934082,26.18375587463379,83.13407897949219
2024-04-09,505.6788330078125,85.7243423461914,217.6699981689453,21.68363380432129,26.174503326416016,83.14315032958984
2024-04-10,500.61541748046875,84.58502960205078,215.61000061035156,21.793840408325195,26.452070236206055,83.16133880615234
2024-04-11,504.3935241699219,84.4655990600586,219.8000030517578,21.757104873657227,26.4705753326416,83.18856811523438
2024-04-12,497.43133544921875,84.8147201538086,216.88999938964844,21.784656524658203,26.68337631225586,83.19766998291016
2024-04-15,491.1994934082031,84.27265167236328,220.9499969482422,21.812210083007812,26.72963523864746,83.2158203125
2024-04-16,490.3036193847656,83.94186401367188,221.22000122070312,21.77547264099121,26.766645431518555,83.22490692138672
2024-04-17,487.4018859863281,84.47478485107422,219.58999633789062,21.4356632232666,26.68337631225586,83.2340087890625
2024-04-18,486.39892578125,84.18074798583984,220.33999633789062,21.42647933959961,26.738889694213867,83.2794189453125
2024-04-19,482.1534423828125,84.291015625,221.02999877929688,21.527503967285156,26.738889694213867,83.28850555419922
2024-04-22,486.5937194824219,84.3001937866211,215.57000732421875,21.527503967285156,26.748140335083008,83.30667877197266
2024-04-23,492.3679504394531,84.41046905517578,215.0399932861328,21.61934471130371,26.637115478515625,83.31575775146484
2024-04-24,492.1342468261719,84.15319061279297,214.63999938964844,21.591793060302734,26.664871215820312,83.31575775146484
2024-04-25,490.26470947265625,83.83161926269531,215.9199981689453,21.711185455322266,26.609357833862305,83.3611831665039
2024-04-26,494.9093933105469,84.06129455566406,216.6199951171875,21.72955322265625,26.72963523864746,83.3611831665039
2024-04-29,496.66204833984375,84.40126037597656,216.17999267578125,21.711185455322266,26.646366119384766,83.37934112548828
2024-04-30,488.7943420410156,84.00619506835938,211.8699951171875,21.4356632232666,26.81290626525879,83.3884506225586
2024-05-01,487.2071838378906,84.33885192871094,213.7899932861328,21.123403549194336,26.7851505279541,83.40483856201172
2024-05-02,491.7642517089844,84.73509979248047,213.1300048828125,21.196874618530273,26.581600189208984,83.45046997070312
2024-05-03,497.8597717285156,85.2051010131836,212.9600067138672,21.224428176879883,26.50758171081543,83.45960998535156
2024-05-06,503.00103759765625,85.2788314819336,215.1999969482422,21.463214874267578,26.53533935546875,83.45960998535156
2024-05-07,503.5561218261719,85.50000762939453,214.2100067138672,21.444847106933594,26.609357833862305,83.46873474121094
2024-05-08,503.6047668457031,85.2603988647461,213.5800018310547,21.334636688232422,26.646366119384766,83.48698425292969
2024-05-09,506.5065612792969,85.51841735839844,216.9499969482422,21.417293548583984,26.553844451904297,83.5325698852539
2024-05-10,507.158935546875,85.24195861816406,218.7100067138672,21.380558013916016,26.590852737426758,83.5325698852539
2024-05-13,507.2270202636719,85.34333038330078,216.25999450683594,21.518320083618164,26.581600189208984,83.55084991455078
2024-05-14,509.5542907714844,85.5921401977539,218.08999633789062,21.42647933959961,26.52608871459961,83.55995178222656
2024-05-15,515.8641357421875,86.2372055053711,220.88999938964844,21.499950408935547,26.359548568725586,83.569091796875
2024-05-16,514.802734375,86.07133483886719,220.02999877929688,21.555055618286133,26.424312591552734,83.6055679321289
2024-05-17,515.5427856445312,85.8041000366211,223.66000366210938,21.77547264099121,26.424312591552734,83.61471557617188
2024-05-20,516.13671875,85.67508697509766,224.55999755859375,21.968339920043945,26.461322784423828,83.63294219970703
2024-05-21,517.4024658203125,85.896240234375,224.22999572753906,21.87649917602539,26.461322784423828,83.6420669555664
2024-05-22,515.9127807617188,85.78565216064453,220.11000061035156,21.564239501953125,26.544593811035156,83.66032409667969
2024-05-23,512.14453125,85.48155212402344,215.72000122070312,21.454030990600586,26.600107192993164,83.71504211425781
2024-05-24,515.5330810546875,85.5921401977539,215.9199981689453,21.600975036621094,26.516836166381836,83.72416687011719
2024-05-28,515.8933715820312,85.11294555664062,218.19000244140625,21.98670768737793,26.479827880859375,83.71504211425781
2024-05-29,512.2808227539062,84.6982421875,216.16000366210938,21.757104873657227,26.62786293029785,83.73330688476562
2024-05-30,508.8824157714844,85.1221694946289,216.57000732421875,21.472396850585938,26.544593811035156,83.7515640258789
2024-05-31,513.5172729492188,85.51841735839844,215.3000030517578,21.371374130249023,26.52608871459961,83.76978302001953
2024-06-03,513.9360961914062,86.07852172851562,217.22000122070312,21.06829833984375,26.387304306030273,83.7835464477539
2024-06-04,514.5105590820312,86.5499267578125,215.27000427246094,20.857065200805664,26.396556854248047,83.8018569946289
2024-06-05,520.6256713867188,86.86418151855469,217.82000732421875,20.930538177490234,26.43356704711914,83.81103515625
2024-06-06,520.6159057617188,86.82719421386719,219.42999267578125,21.2060604095459,26.396556854248047,83.8201904296875
2024-06-07,519.9829711914062,85.91213989257812,211.60000610351562,20.902984619140625,26.618610382080078,83.85686492919922
2024-06-10,521.5896606445312,85.7273178100586,213.5399932861328,21.2060604095459,26.68337631225586,83.87517547607422
2024-06-11,522.845703125,86.18020629882812,214.14999389648438,21.17850685119629,26.72038459777832,83.88434600830078
2024-06-12,527.139892578125,86.66082763671875,214.72000122070312,21.25197982788086,26.600107192993164,83.90264892578125
2024-06-13,528.2012939453125,87.23388671875,212.97000122070312,21.270349502563477,26.701879501342773,83.91183471679688
2024-06-14,528.5227661132812,87.4372329711914,215.72999572753906,21.18769073486328,26.822158813476562,83.95764923095703
2024-06-17,532.7291870117188,87.03052520751953,214.61000061035156,21.261165618896484,26.75739288330078,83.96680450439453
2024-06-18,534.08251953125,87.40950775146484,215.47000122070312,21.4356632232666,26.748140335083008,83.98514556884766
2024-06-20,532.6318359375,87.18769836425781,218.16000366210938,21.481582641601562,26.859169006347656,84.00347137451172
2024-06-21,531.917724609375,87.2061538696289,214.77999877929688,21.307085037231445,26.923933029174805,84.03096771240234
2024-06-24,530.188720703125,87.28009796142578,215.6300048828125,21.481582641601562,26.831411361694336,84.04930877685547
2024-06-25,532.2302856445312,87.35404968261719,214.55999755859375,21.27953338623047,26.859169006347656,84.04930877685547
2024-06-26,532.8946533203125,86.82719421386719,212.5800018310547,21.316267013549805,26.988697052001953,84.0584716796875
2024-06-27,533.7347412109375,87.02130126953125,214.99000549316406,21.42647933959961,26.951688766479492,84.0767822265625
2024-06-28,531.6343994140625,86.55918884277344,215.00999450683594,21.334636688232422,26.951688766479492,84.1042709350586
2024-07-01,532.7284545898438,85.9148178100586,215.57000732421875,21.61016082763672,26.960941314697266,84.13370513916016
2024-07-02,536.3135986328125,86.23930358886719,215.55999755859375,21.637710571289062,26.923933029174805,84.14290618896484
2024-07-03,538.70703125,86.81411743164062,217.99000549316406,21.757104873657227,26.81290626525879,84.1705322265625
2024-07-05,541.8134155273438,87.29620361328125,220.92999267578125,21.839763641357422,26.72038459777832,84.19815063476562
2024-07-08,542.4385375976562,87.32402801513672,218.19000244140625,21.54587173461914,26.766645431518555,84.21652221679688
2024-07-09,542.9661865234375,87.20350646972656,218.55999755859375,21.39892578125,26.803653717041016,84.21652221679688
2024-07-10,548.3388671875,87.28694915771484,219.36000061035156,21.39892578125,26.775897979736328,84.23495483398438
2024-07-11,543.6109008789062,87.84319305419922,223.25,21.472396850585938,26.637115478515625,84.24415588378906
2024-07-12,547.0396728515625,88.02863311767578,223.11000061035156,21.38974380493164,26.544593811035156,84.28096771240234
2024-07-15,548.5440673828125,87.75049591064453,223.8300018310547,21.233613967895508,26.590852737426758,84.29936218261719
2024-07-16,551.7969970703125,88.1398696899414,228.2899932861328,21.17850685119629,26.590852737426758,84.29936218261719
2024-07-17,544.0602416992188,88.21403503417969,227.22999572753906,21.17850685119629,26.4705753326416,84.32695770263672
2024-07-18,539.8792724609375,87.9637222290039,225.77999877929688,21.022377014160156,26.590852737426758,84.33618927001953
2024-07-19,536.2940063476562,87.68560028076172,221.72999572753906,20.7376708984375,26.664871215820312,84.3637924194336
2024-07-22,541.8233032226562,87.60214233398438,221.8000030517578,20.792776107788086,26.646366119384766,84.3822021484375
2024-07-23,540.9734497070312,87.66706085205078,222.5800018310547,20.599910736083984,26.692628860473633,84.3822021484375
2024-07-24,528.713623046875,87.47235870361328,221.8000030517578,20.59072494506836,26.68337631225586,84.40980529785156
2024-07-25,525.9588012695312,87.66706085205078,218.3300018310547,20.636646270751953,26.68337631225586,84.40980529785156
2024-07-26,531.849365234375,88.0842514038086,220.6300048828125,20.425413131713867,26.664871215820312,84.4558334350586
2024-07-29,532.1619262695312,88.23257446289062,220.32000732421875,20.33357048034668,26.738889694213867,84.4558334350586
2024-07-30,529.4656372070312,88.41802215576172,222.52000427246094,20.269283294677734,26.75739288330078,84.46502685546875
2024-07-31,538.0720825195312,89.06697845458984,226.5500030517578,20.7376708984375,26.609357833862305,84.48345184326172
2024-08-01,530.4525146484375,89.44731140136719,225.77000427246094,20.489700317382812,26.701879501342773,84.5037612915039
2024-08-02,520.576171875,90.8328628540039,225.33999633789062,20.1131534576416,26.43356704711914,84.54998016357422
2024-08-05,505.4150695800781,90.92584228515625,222.47999572753906,20.076417922973633,26.28553009033203,84.54998016357422
2024-08-06,510.0747985839844,90.11683654785156,220.6999969482422,19.911104202270508,26.368799209594727,84.56847381591797
2024-08-07,506.6654968261719,89.79141235351562,220.5500030517578,20.094785690307617,26.424312591552734,84.58695220947266
2024-08-08,518.378173828125,89.52169036865234,224.00999450683594,20.278467178344727,26.461322784423828,84.59620666503906
2024-08-09,520.6640625,89.88436126708984,224.55999755859375,20.397859573364258,26.43356704711914,84.61469268798828
2024-08-12,520.9376831054688,90.13545227050781,228.41000366210938,20.682567596435547,26.43356704711914,84.64241790771484
2024-08-13,529.5048217773438,90.53530883789062,228.05999755859375,20.489700317382812,26.294782638549805,84.65166473388672
2024-08-14,531.17529296875,90.65616607666016,226.1999969482422,20.36112403869629,26.322540283203125,84.66090393066406
2024-08-15,540.2796630859375,90.0889663696289,226.91000366210938,20.526437759399414,26.41506004333496,84.6701431274414
2024-08-16,541.4910888671875,90.26561737060547,231.99000549316406,20.397859573364258,26.28553009033203,84.71637725830078
2024-08-19,546.66845703125,90.38652038574219,231.61000061035156,20.28765296936035,26.146747589111328,84.71637725830078
2024-08-20,545.779541015625,90.7491683959961,232.4600067138672,20.204994201660156,26.05422592163086,84.73485565185547
2024-08-21,547.6551513671875,90.93516540527344,232.14999389648438,20.10396957397461,25.97095489501953,84.75334167480469
2024-08-22,543.3568725585938,90.5167007446289,229.3699951171875,20.085601806640625,26.09123420715332,84.75334167480469
2024-08-23,549.1302490234375,90.93516540527344,232.02000427246094,20.44378089904785,25.869178771972656,84.79029846191406
2024-08-26,547.8211669921875,90.82356262207031,232.75999450683594,20.655014038085938,25.924694061279297,84.79956817626953
2024-08-27,548.5734252929688,90.78639221191406,233.38999938964844,20.55398941040039,25.84142303466797,84.81803131103516
2024-08-28,545.3887329101562,90.73988342285156,231.75,20.306018829345703,25.989459991455078,84.8272933959961
2024-08-29,545.4376220703125,90.58181762695312,232.9499969482422,20.53562355041504,26.081981658935547,84.8272933959961
2024-08-30,550.6443481445312,90.26561737060547,231.2899932861328,20.306018829345703,26.1560001373291,84.87350463867188
2024-09-03,539.3126831054688,90.86065673828125,230.2899932861328,19.901918411254883,26.202259063720703,84.90694427490234
2024-09-04,538.2088012695312,91.39230346679688,230.42999267578125,19.754974365234375,26.072731018066406,84.91622161865234
2024-09-05,536.8997802734375,91.60681915283203,232.35000610351562,19.800893783569336,26.03571891784668,84.92549133300781
2024-09-06,527.8636474609375,91.73738861083984,230.6300048828125,19.534557342529297,26.072731018066406,84.971923828125
2024-09-09,533.7738037109375,91.86793518066406,231.60000610351562,19.58966064453125,26.18375587463379,84.971923828125
2024-09-10,536.0987548828125,92.25967407226562,232.6199951171875,19.304954528808594,26.193008422851562,84.99976348876953
2024-09-11,541.5985107421875,92.19440460205078,232.25,19.479450225830078,26.220766067504883,84.99976348876953
2024-09-12,546.1604614257812,92.045166015625,236.3300018310547,19.856000900268555,26.109737396240234,85.009033203125
2024-09-13,549.012939453125,92.22235870361328,238.67999267578125,19.89273452758789,26.072731018066406,85.05545043945312
2024-09-16,549.8238525390625,92.4648666381836,238.66000366210938,20.03968048095703,25.989459991455078,85.07403564453125
2024-09-17,550.0485229492188,92.29698944091797,237.33999633789062,20.177440643310547,26.072731018066406,85.08332061767578
2024-09-18,548.4171752929688,91.89595794677734,235.50999450683594,20.048864364624023,26.100486755371094,85.10187530517578
2024-09-19,557.7754516601562,91.82130432128906,239.1699981689453,20.40704345703125,25.989459991455078,85.1204605102539
2024-09-20,556.8113403320312,91.79334259033203,242.2100067138672,20.40704345703125,26.03571891784668,85.1575927734375
2024-09-23,558.2028198242188,91.73738861083984,242.67999267578125,20.416229248046875,26.072731018066406,85.16686248779297
2024-09-24,559.7999267578125,91.83998107910156,246.07000732421875,20.756040573120117,25.924694061279297,85.1761474609375
2024-09-25,558.5652465820312,91.46690368652344,245.72999572753906,20.58154296875,26.100486755371094,85.1947250366211
2024-09-26,560.77978515625,91.40162658691406,246.97999572753906,20.397859573364258,25.980207443237305,85.1947250366211
2024-09-27,559.9664916992188,91.76537322998047,245.02000427246094,20.498884201049805,25.97095489501953,85.22257232666016
2024-09-30,562.21044921875,91.51354217529297,243.05999755859375,20.452964782714844,26.072731018066406,85.23182678222656
2024-10-01,557.1739501953125,91.84654235839844,245.61000061035156,20.81114387512207,26.18375587463379,85.2514419555664
2024-10-02,557.4090576171875,91.58460998535156,245.66000366210938,20.98564338684082,26.294782638549805,85.26074981689453
2024-10-03,556.3899536132812,91.116943359375,245.49000549316406,21.28871726989746,26.378053665161133,85.27940368652344
2024-10-04,561.446044921875,90.2376480102539,245.0,21.343820571899414,26.52608871459961,85.29801940917969
2024-10-07,556.370361328125,89.91029357910156,244.1699981689453,21.637710571289062,26.544593811035156,85.31668090820312
2024-10-08,561.6322631835938,89.985107421875,242.3699951171875,21.132587432861328,26.544593811035156,85.31668090820312
2024-10-09,565.5223999023438,89.64835357666016,241.0500030517578,20.94890594482422,26.664871215820312,85.32598876953125
2024-10-10,564.53271484375,89.63899230957031,242.82000732421875,21.36219024658203,26.65561866760254,85.3353271484375
2024-10-11,567.9132690429688,89.66707611083984,245.47000122070312,21.380558013916016,26.674121856689453,85.38191986083984
2024-10-14,572.557861328125,89.50806427001953,245.07000732421875,21.049930572509766,26.75739288330078,85.37259674072266
2024-10-15,568.1091918945312,89.96639251708984,245.9199981689453,20.645830154418945,26.775897979736328,85.40058135986328
2024-10-16,570.5784912109375,90.1067123413086,247.14999389648438,20.59072494506836,26.84991455078125,85.40058135986328
2024-10-17,570.62744140625,89.63899230957031,248.6300048828125,20.61827850341797,26.933185577392578,85.41918182373047
2024-10-18,572.8224487304688,89.74188995361328,251.27000427246094,20.50806999206543,26.859169006347656,85.44715118408203
2024-10-21,571.8817749023438,89.0497055053711,251.22000122070312,20.572359085083008,26.979446411132812,85.46580505371094
2024-10-22,571.5780029296875,88.96552276611328,253.92999267578125,20.930538177490234,27.0072021484375,85.47513580322266
2024-10-23,566.3552856445312,88.75971984863281,250.8699951171875,20.81114387512207,27.09972381591797,85.47513580322266
2024-10-24,567.5801391601562,88.9561538696289,252.8000030517578,20.801959991455078,26.99795150756836,85.48445129394531
2024-10-25,567.3841552734375,88.75971984863281,253.32000732421875,20.94890594482422,27.090473175048828,85.52174377441406
2024-10-28,569.1381225585938,88.55392456054688,253.3300018310547,20.3886775970459,27.090473175048828,85.52174377441406
2024-10-29,570.0592041015625,88.59136962890625,256.0899963378906,20.351940155029297,27.09972381591797,85.5403823852539
2024-10-30,568.3345947265625,88.46041107177734,257.5,20.609094619750977,27.034957885742188,85.5497055053711
2024-10-31,557.1935424804688,88.41363525390625,253.50999450683594,20.746854782104492,27.016454696655273,85.56835174560547
2024-11-01,559.5451049804688,87.89006042480469,252.47000122070312,20.526437759399414,27.127479553222656,85.60482025146484
2024-11-04,558.3399658203125,88.35922241210938,252.8300018310547,20.87543296813965,27.025707244873047,85.6235580444336
2024-11-05,565.0912475585938,88.40614318847656,253.39999389648438,21.004011154174805,26.91468048095703,85.6235580444336
2024-11-06,579.1425170898438,87.49597930908203,245.6999969482422,20.7744083404541,27.349533081054688,85.64228057861328
2024-11-07,583.62060546875,88.19972229003906,249.64999389648438,20.98564338684082,27.127479553222656,85.65164184570312
2024-11-08,586.148681640625,88.38736724853516,247.9600067138672,20.664199829101562,27.31252670288086,85.69842529296875
2024-11-11,586.707275390625,88.1434097290039,242.13999938964844,20.33357048034668,27.46981430053711,85.68904876708984
2024-11-12,584.8846435546875,87.58980560302734,240.0500030517578,20.223363876342773,27.590091705322266,85.69842529296875
2024-11-13,585.1688232421875,87.53351593017578,237.6300048828125,20.159074783325195,27.747379302978516,85.71713256835938
2024-11-14,581.4061279296875,87.52412414550781,237.00999450683594,20.14070701599121,27.858407974243164,85.71713256835938
2024-11-15,573.9591064453125,87.56167602539062,236.58999633789062,20.03968048095703,27.830650329589844,85.74520111083984
2024-11-18,576.3109130859375,87.75872039794922,241.08999633789062,20.498884201049805,27.69186782836914,85.7545394897461
2024-11-19,578.4175415039062,87.9463882446289,243.25,20.563173294067383,27.682613372802734,85.78262329101562
2024-11-20,578.6134643554688,87.81501770019531,244.6199951171875,20.55398941040039,27.821395874023438,85.79199981689453
2024-11-21,581.7195434570312,87.76809692382812,246.66000366210938,20.700937271118164,27.91391944885254,85.80135345458984
2024-11-22,583.5226440429688,87.82437896728516,249.83999633789062,20.719303131103516,28.061954498291016,85.8294448852539
2024-11-25,585.5020141601562,88.7720718383789,242.47999572753906,20.425413131713867,27.867658615112305,85.83879852294922
2024-11-26,588.5591430664062,88.58440399169922,242.9499969482422,20.425413131713867,27.904666900634766,85.83879852294922
2024-11-27,586.7757568359375,88.94096374511719,243.49000549316406,20.315204620361328,27.66411018371582,85.86685943603516
2024-11-29,590.4208374023438,89.31627655029297,245.58999633789062,20.33357048034668,27.617849349975586,85.88556671142578
2024-12-02,591.4791870117188,89.30876159667969,243.44000244140625,20.18662452697754,27.78438949584961,85.9090576171875
2024-12-03,591.7535400390625,89.05462646484375,243.92999267578125,20.416229248046875,27.775136947631836,85.92784118652344
2024-12-04,595.427978515625,89.39344787597656,244.6699981689453,20.306018829345703,27.76588249206543,85.93721771240234
2024-12-05,594.4481811523438,89.3840560913086,242.86000061035156,20.278467178344727,27.617849349975586,85.94661712646484
2024-12-06,595.5750122070312,89.66638946533203,242.9499969482422,20.122337341308594,27.69186782836914,85.98419952392578
2024-12-09,592.5079345703125,89.3558120727539,245.36000061035156,20.315204620361328,27.738126754760742,85.99359130859375
2024-12-10,590.6658325195312,89.19578552246094,248.58999633789062,20.36112403869629,27.802892684936523,86.01236724853516
2024-12-11,595.2321166992188,88.93226623535156,250.9600067138672,20.61827850341797,27.895414352416992,86.02175903320312
2024-12-12,592.1650390625,88.59343719482422,247.27999877929688,20.53562355041504,27.98793601989746,86.04053497314453
2024-12-13,592.0474853515625,88.17932891845703,244.2899932861328,20.526437759399414,27.997190475463867,86.06867980957031
2024-12-16,594.5755615234375,88.20756530761719,244.8800048828125,20.416229248046875,27.950927734375,86.07811737060547
2024-12-17,592.1258544921875,88.20756530761719,243.94000244140625,20.278467178344727,27.97868537902832,86.08750915527344
2024-12-18,574.4783935546875,87.52580261230469,239.25999450683594,20.094785690307617,28.302513122558594,86.08750915527344
2024-12-19,574.3020629882812,87.12919616699219,239.60000610351562,20.094785690307617,28.3580265045166,86.0997543334961
2024-12-20,581.199951171875,87.45024871826172,242.10000610351562,20.223363876342773,28.219242095947266,86.13748931884766
2024-12-23,584.6802978515625,87.0630874633789,240.9600067138672,20.238842010498047,28.322710037231445,86.13748931884766
2024-12-24,591.1790771484375,87.11029815673828,241.44000244140625,20.354934692382812,28.400068283081055,86.15635681152344
2024-12-26,591.2183837890625,87.17640686035156,243.07000732421875,20.296886444091797,28.34204864501953,86.17520904541016
2024-12-27,584.9949951171875,86.94977569580078,241.39999389648438,20.393630981445312,28.293699264526367,86.21294403076172
2024-12-30,578.3192138671875,87.45968627929688,240.6300048828125,20.57744598388672,28.322710037231445,86.21294403076172
2024-12-31,576.21533203125,87.29916381835938,242.1300048828125,20.683862686157227,28.448415756225586,86.23180389404297
2025-01-02,574.7994995117188,87.34638214111328,245.4199981689453,20.887025833129883,28.690160751342773,86.25064849853516
2025-01-03,581.9864501953125,87.20474243164062,243.49000549316406,20.780607223510742,28.603132247924805,86.26010131835938
2025-01-06,585.3390502929688,87.1197509765625,243.19000244140625,20.819305419921875,28.41940689086914,86.26953125
2025-01-07,578.7223510742188,86.72314453125,244.55999755859375,20.91604995727539,28.525774002075195,86.28839111328125
2025-01-08,579.56787109375,86.87423706054688,245.86000061035156,20.877351760864258,28.63214111328125,86.3072509765625
2025-01-10,570.7193603515625,86.24156188964844,248.2100067138672,21.438467025756836,28.77718734741211,86.33555603027344
2025-01-13,571.604248046875,86.09048461914062,245.74000549316406,21.5932559967041,28.864215850830078,86.34498596191406
2025-01-14,572.3907470703125,86.1187973022461,247.02999877929688,21.583581924438477,28.680490493774414,86.36383819580078
2025-01-15,582.8025512695312,87.02532196044922,248.8800048828125,21.931861877441406,28.63214111328125,86.37327575683594
2025-01-16,581.6817016601562,87.2330551147461,250.60000610351562,21.83511734008789,28.63214111328125,86.37327575683594
2025-01-17,587.521728515625,87.29916381835938,249.27000427246094,21.738372802734375,28.738508224487305,86.4204330444336
2025-01-21,592.8995971679688,87.59188842773438,253.1300048828125,21.631956100463867,28.371057510375977,86.4204330444336
2025-01-22,596.2326049804688,87.36527252197266,254.42999267578125,21.612606048583984,28.41940689086914,86.43930053710938
2025-01-23,599.4868774414062,87.1386489868164,254.07000732421875,21.53521156311035,28.40973663330078,86.43930053710938
2025-01-24,597.73681640625,87.31803894042969,255.64999389648438,21.544885635375977,28.235681533813477,86.47702026367188
2025-01-27,589.2815551757812,87.8846206665039,252.99000549316406,21.21595573425293,28.245349884033203,86.4864501953125
2025-01-28,594.344970703125,87.89407348632812,255.17999267578125,21.235305786132812,28.361387252807617,86.4864501953125
2025-01-29,591.680419921875,87.79019927978516,254.1999969482422,21.274002075195312,28.41940689086914,86.4958724975586
2025-01-30,594.8561401367188,87.97904968261719,258.04998779296875,21.293350219726562,28.41940689086914,86.50531005859375
2025-01-31,591.6903686523438,87.83739471435547,258.55999755859375,21.25465202331543,28.535444259643555,86.53360748291016
2025-02-03,587.7085571289062,87.89994049072266,259.94000244140625,21.419116973876953,28.661149978637695,86.5582046508789
2025-02-04,591.651123046875,88.1177978515625,262.5,21.47716522216797,28.400068283081055,86.5582046508789
2025-02-05,594.0498657226562,88.62933349609375,264.1300048828125,21.34172248840332,28.35171890258789,86.56768798828125
2025-02-06,596.1146850585938,88.52515411376953,263.42999267578125,21.351396560668945,28.332378387451172,86.58660888671875
2025-02-07,590.6580810546875,88.23149108886719,263.8999938964844,21.36107063293457,28.458086013793945,86.60553741455078
2025-02-10,594.6693115234375,88.21253967285156,268.3699951171875,21.670652389526367,28.545114517211914,86.61500549316406
2025-02-11,595.1216430664062,87.98519134521484,267.3900146484375,21.83511734008789,28.448415756225586,86.62448120117188
2025-02-12,593.204345703125,87.37891387939453,267.6700134277344,21.5932559967041,28.467756271362305,86.63394927978516
2025-02-13,599.4671630859375,88.03255462646484,270.30999755859375,21.699676513671875,28.235681533813477,86.65287780761719
2025-02-14,599.4376831054688,88.4019775390625,266.2900085449219,21.7093505859375,28.158323287963867,86.68126678466797
2025-02-18,601.1975708007812,87.92833709716797,270.70001220703125,22.02860450744629,28.21634292602539,86.7001953125
2025-02-19,602.61328125,88.07044982910156,270.8500061035156,22.20274543762207,28.245349884033203,86.70964813232422
2025-02-20,600.1062622070312,88.25043487548828,270.989990234375,22.231767654418945,28.022947311401367,86.72859191894531
2025-02-21,589.842041015625,88.77145385742188,270.739990234375,21.92218589782715,28.119644165039062,86.75699615478516
2025-02-24,587.157958984375,88.96089935302734,272.2099914550781,21.844791412353516,28.13898468017578,86.76644134521484
2025-02-25,584.2378540039062,89.66190338134766,268.6199951171875,21.60293197631836,28.032615661621094,86.76644134521484
2025-02-26,584.5328979492188,89.90819549560547,269.0299987792969,21.419116973876953,28.090635299682617,86.7853775024414
2025-02-27,575.2025756835938,89.80400085449219,264.92999267578125,21.44814109802246,28.293699264526367,86.79484558105469
2025-02-28,584.178955078125,90.29658508300781,263.2699890136719,21.283676147460938,28.41940689086914,86.81377410888672
2025-03-03,573.9441528320312,90.62435150146484,266.739990234375,21.148235321044922,28.14865493774414,86.8318099975586
2025-03-04,567.1504516601562,90.33934783935547,269.05999755859375,21.21595573425293,27.897239685058594,86.8318099975586
2025-03-05,573.2461547851562,89.83583068847656,269.6199951171875,21.157909393310547,27.55879783630371,86.84130859375
2025-03-06,563.0703735351562,89.788330078125,268.25,21.051490783691406,27.539459228515625,86.85081481933594
2025-03-07,566.2262573242188,89.67432403564453,268.3900146484375,21.235305786132812,27.452430725097656,86.88878631591797
2025-03-10,551.14453125,90.30134582519531,266.0400085449219,21.099863052368164,27.471771240234375,86.89827728271484
2025-03-11,546.5628662109375,89.97833251953125,269.1600036621094,21.21595573425293,27.317054748535156,86.90777587890625
2025-03-12,549.4632568359375,89.71233367919922,270.3299865722656,21.21595573425293,27.384742736816406,86.91727447509766
2025-03-13,542.1386108398438,90.07333374023438,275.1300048828125,21.138561248779297,27.481441497802734,86.93626403808594
2025-03-14,553.3368530273438,89.75981903076172,275.239990234375,21.25465202331543,27.452430725097656,86.95526123046875
2025-03-17,557.6039428710938,89.83583068847656,276.7300109863281,21.399770736694336,27.346065521240234,86.97423553466797
2025-03-18,551.5771484375,89.94032287597656,279.9599914550781,21.351396560668945,27.326725006103516,86.97423553466797
2025-03-19,557.584228515625,90.2158432006836,281.1099853515625,21.48683738708496,27.394412994384766,86.98373413085938
2025-03-20,555.9718627929688,90.34884643554688,280.75,21.525535583496094,27.471771240234375,87.00272369384766
2025-03-21,556.1552124023438,90.27283477783203,278.489990234375,21.399770736694336,27.55879783630371,87.03121948242188
2025-03-24,566.1151733398438,89.75030517578125,277.25,21.47716522216797,27.607147216796875,87.03121948242188
2025-03-25,567.4760131835938,89.90231323242188,278.4700012207031,21.506187438964844,27.57813835144043,87.04069519042969
2025-03-26,560.7013549804688,89.69331359863281,278.239990234375,21.47716522216797,27.70384407043457,87.0501937866211
2025-03-27,559.2122802734375,89.6173095703125,281.9700012207031,21.53521156311035,27.616817474365234,87.0691909790039
2025-03-28,547.95068359375,90.33934783935547,284.05999755859375,21.467491149902344,27.56846809387207,87.09769439697266
2025-03-31,551.62890625,90.60536193847656,288.1400146484375,21.767396926879883,27.59747886657715,87.09769439697266
2025-04-01,553.18701171875,90.92369079589844,287.57000732421875,21.777070999145508,27.62648582458496,87.11769104003906
2025-04-02,556.687744140625,90.83789825439453,288.1600036621094,21.912511825561523,27.51045036315918,87.12720489501953
2025-04-03,529.2537231445312,91.77192687988281,286.4200134277344,21.032142639160156,27.026962280273438,87.13672637939453
2025-04-04,498.26971435546875,92.02926635742188,279.7200012207031,20.267866134643555,27.326725006103516,87.16532897949219
2025-04-07,497.3822021484375,90.9332275390625,273.7099914550781,19.948610305786133,27.442760467529297,87.17485046386719
2025-04-08,489.5918273925781,90.47575378417969,275.20001220703125,19.50358772277832,27.317054748535156,87.19391632080078
2025-04-09,541.0084228515625,90.18980407714844,285.3800048828125,20.20981788635254,27.35573387145996,87.19391632080078
2025-04-10,517.3019409179688,89.62751007080078,292.3500061035156,19.958282470703125,26.785219192504883,87.20344543457031
2025-04-11,526.5320434570312,89.12238311767578,297.92999267578125,20.248516082763672,26.543476104736328,87.2415542602539
2025-04-14,531.6402587890625,89.83717346191406,296.2300109863281,20.258190155029297,26.45644760131836,87.2415542602539
2025-04-15,530.151123046875,90.10404205322266,297.7799987792969,20.20981788635254,26.60149383544922,87.2605972290039
2025-04-16,518.3668823242188,90.49480438232422,307.4700012207031,20.46135139465332,26.37908935546875,87.27013397216797
2025-04-17,519.1065063476562,90.23747253417969,306.1199951171875,20.674190521240234,26.398427963256836,87.30824279785156
2025-04-21,506.7503356933594,89.75139617919922,315.5899963378906,20.500049591064453,26.147014617919922,87.31776428222656
2025-04-22,519.9348754882812,89.818115234375,311.1099853515625,20.59679412841797,26.29206085205078,87.31776428222656
2025-04-23,527.9915161132812,89.91341400146484,303.6499938964844,20.44200325012207,26.53380584716797,87.33683776855469
2025-04-24,539.1051635742188,90.39950561523438,308.07000732421875,20.625816345214844,26.417766571044922,87.33683776855469
2025-04-25,543.0003662109375,90.74259948730469,304.7300109863281,20.65484046936035,26.485454559326172,87.37495422363281
2025-04-28,543.2074584960938,91.1047592163086,309.07000732421875,20.538747787475586,26.321069717407227,87.38447570800781
2025-04-29,546.6293334960938,91.41927337646484,306.05999755859375,20.277538299560547,26.408098220825195,87.38447570800781
2025-04-30,546.8462524414062,91.562255859375,303.7699890136719,19.900236129760742,26.50479507446289,87.39400482177734
2025-05-01,550.7216186523438,91.16352081298828,297.4599914550781,19.996980667114258,26.65951156616211,87.4150390625
2025-05-02,558.8966674804688,90.55155181884766,297.9800109863281,20.08405113220215,26.620832443237305,87.44374084472656
2025-05-05,555.6918334960938,90.38899993896484,306.8800048828125,19.967958450317383,26.57248306274414,87.44374084472656
2025-05-06,551.0471801757812,90.61849212646484,315.4800109863281,20.267866134643555,26.408098220825195,87.46284484863281
2025-05-07,553.364501953125,90.8575439453125,310.75,20.01633071899414,26.60149383544922,87.46284484863281
2025-05-08,557.2202758789062,90.14996337890625,304.6300048828125,20.277538299560547,26.823896408081055,87.48196411132812
2025-05-09,556.5103149414062,90.2168960571289,306.8399963378906,20.432329177856445,26.746540069580078,87.5106430053711
2025-05-12,574.9015502929688,89.64318084716797,298.19000244140625,20.567771911621094,27.123659133911133,87.5106430053711
2025-05-13,578.6981811523438,89.57623291015625,299.4599914550781,20.887025833129883,26.891584396362305,87.52976989746094
2025-05-14,579.437744140625,89.24156951904297,293.1600036621094,20.780607223510742,26.949604034423828,87.52976989746094
2025-05-15,582.2678833007812,89.82484436035156,297.8399963378906,20.57744598388672,26.881916046142578,87.53932189941406
2025-05-16,585.9559936523438,89.8535385131836,294.239990234375,20.500049591064453,26.959272384643555,87.57756805419922
2025-05-19,586.596923828125,89.80572509765625,298.0299987792969,20.471027374267578,26.775548934936523,87.57756805419922
2025-05-20,584.6246948242188,89.69097900390625,303.5799865722656,20.732234954833984,26.698190689086914,87.5966796875
2025-05-21,574.7733154296875,89.0694580078125,305.82000732421875,20.70321273803711,26.5821533203125,87.60624694824219
2025-05-22,575.0001831054688,89.40413665771484,303.1099853515625,20.59679412841797,26.65951156616211,87.62537384033203
2025-05-23,571.0753784179688,89.66229248046875,309.75,20.712886810302734,26.46611785888672,87.66361999511719
2025-05-27,582.9483032226562,90.03520965576172,304.5,20.529071807861328,26.611164093017578,87.66361999511719
2025-05-28,579.5757446289062,89.7865982055664,303.80999755859375,20.46135139465332,26.698190689086914,87.67317962646484
2025-05-29,581.8636474609375,90.1595230102539,305.6099853515625,20.354934692382812,26.553142547607422,87.6827392578125
2025-05-30,581.2127075195312,90.42726135253906,303.6000061035156,20.20014190673828,26.543476104736328,87.71141815185547
2025-06-02,584.4866943359375,90.1202621459961,311.6700134277344,20.625816345214844,26.35974884033203,87.72677612304688
2025-06-03,587.81982421875,90.03392791748047,308.9100036621094,20.76125717163086,26.53380584716797,87.7459716796875
2025-06-04,587.6619262695312,90.69586944580078,310.8999938964844,20.683862686157227,26.417766571044922,87.7459716796875
2025-06-05,584.8219604492188,90.42725372314453,309.3299865722656,20.780607223510742,26.398427963256836,87.75555419921875
2025-06-06,590.8274536132812,89.70774841308594,305.17999267578125,20.945072174072266,26.53380584716797,87.78433990478516
2025-06-09,591.3599243164062,89.87083435058594,306.6199951171875,20.964420318603516,26.46611785888672,87.80353546142578
2025-06-10,594.7128295898438,90.02432250976562,306.7099914550781,20.91604995727539,26.49512481689453,87.81312561035156
2025-06-11,593.0166015625,90.39847564697266,308.3699951171875,21.25465202331543,26.398427963256836,87.81312561035156
2025-06-12,595.37353515625,90.79180145263672,312.20001220703125,21.25465202331543,26.205034255981445,87.82270050048828
2025-06-13,588.7171020507812,90.45603942871094,316.2900085449219,21.912511825561523,26.272722244262695,87.861083984375
2025-06-16,594.318359375,90.19700622558594,311.7799987792969,21.8641414642334,26.30173110961914,87.861083984375
2025-06-17,589.2398681640625,90.6383056640625,311.94000244140625,22.328510284423828,26.475786209106445,87.8802719116211
2025-06-18,589.1510620117188,90.69586944580078,310.260009765625,22.38655662536621,26.52413558959961,87.89945220947266
2025-06-20,587.7673950195312,90.75341796875,310.1300048828125,22.50265121459961,26.49512481689453,87.91864013671875
2025-06-23,593.5730590820312,91.07001495361328,311.0799865722656,21.670652389526367,26.38875961303711,87.93783569335938
2025-06-24,600.13037109375,91.38658142089844,306.19000244140625,21.148235321044922,26.253381729125977,87.93783569335938
2025-06-25,600.4666748046875,91.42497253417969,307.1199951171875,21.119211196899414,26.185693740844727,87.94744110107422
2025-06-26,605.1646118164062,91.75113677978516,306.7799987792969,21.196605682373047,26.07932472229004,87.95702362060547
2025-06-27,608.1712646484375,91.51130676269531,301.2200012207031,21.090187072753906,26.127676010131836,87.99539947509766
2025-06-30,611.0790405273438,91.8758544921875,304.8299865722656,21.099863052368164,25.992298126220703,88.00501251220703
2025-07-01,610.8812866210938,91.70552062988281,307.54998779296875,21.21595573425293,25.982629776000977,88.02040100097656
2025-07-02,613.650634765625,91.51302337646484,309.25,21.564233779907227,25.963289260864258,88.03001403808594
2025-07-03,618.4869995117188,91.1954574584961,307.1400146484375,21.5545597076416,26.0889949798584,88.07815551757812
2025-07-07,613.8781127929688,90.90673065185547,307.3699951171875,21.53521156311035,26.176023483276367,88.08778381347656
2025-07-08,613.5418090820312,90.7719955444336,304.1600036621094,21.60293197631836,26.195363998413086,88.08778381347656
2025-07-09,617.2210693359375,91.24357604980469,305.5199890136719,21.564233779907227,26.195363998413086,88.09741973876953
2025-07-10,618.9617919921875,91.1954574584961,306.20001220703125,21.496511459350586,26.243711471557617,88.11665344238281
2025-07-11,616.7858276367188,90.7719955444336,309.1400146484375,21.777070999145508,26.321069717407227,88.13591766357422
2025-07-14,617.9628295898438,90.73351287841797,308.010009765625,21.5932559967041,26.38875961303711,88.1455307006836
2025-07-15,615.3221435546875,90.3774185180664,306.7300109863281,21.5545597076416,26.53380584716797,88.15515899658203
2025-07-16,617.3792724609375,90.62763977050781,308.260009765625,21.583581924438477,26.43710708618164,88.17440795898438
2025-07-17,621.1573486328125,90.59876251220703,307.5899963378906,21.757720947265625,26.553142547607422,88.17440795898438
2025-07-18,620.7025146484375,90.84899139404297,308.3900146484375,21.796419143676758,26.51446533203125,88.21290588378906
2025-07-21,621.8793334960938,91.16658020019531,313.1300048828125,21.748046875,26.340410232543945,88.23217010498047
2025-07-22,621.9683837890625,91.42642211914062,316.1000061035156,21.7093505859375,26.205034255981445,88.24180603027344
2025-07-23,627.259765625,91.09919738769531,312.17999267578125,21.651302337646484,26.166353225708008,88.25141906738281
2025-07-24,627.4674682617188,90.96446990966797,310.2699890136719,21.670652389526367,26.234041213989258,88.25141906738281
2025-07-25,630.1181030273438,91.17620086669922,307.3999938964844,21.44814109802246,26.29206085205078,88.28030395507812
2025-07-28,629.9598388671875,90.9740982055664,305.4100036621094,21.670652389526367,26.59182357788086,88.28992462158203
2025-07-29,628.29833984375,91.57079315185547,306.25,21.951210021972656,26.65951156616211,88.29956817626953
2025-07-30,627.5070190429688,91.25318908691406,300.9599914550781,21.9028377532959,26.920595169067383,88.3091812133789
2025-07-31,625.153076171875,91.3301773071289,302.9599914550781,21.719024658203125,26.978612899780273,88.31880950927734
2025-08-01,614.9066162109375,92.38163757324219,309.1099853515625,21.370746612548828,26.65951156616211,88.35648345947266
2025-08-04,624.2530517578125,92.50715637207031,310.9100036621094,21.293350219726562,26.64984130859375,88.36614227294922
2025-08-05,621.088134765625,92.43956756591797,311.1600036621094,21.10953712463379,26.64984130859375,88.36614227294922
2025-08-06,625.8455200195312,92.37197875976562,310.5,21.06116485595703,26.49512481689453,88.3951187133789
2025-08-07,625.3212890625,92.30440521240234,313.1199951171875,21.12888526916504,26.475786209106445,88.3951187133789
2025-08-08,630.1972045898438,92.09197998046875,313.04998779296875,21.12888526916504,26.52413558959961,88.42408752441406
2025-08-11,628.9509887695312,92.1209487915039,308.54998779296875,21.157909393310547,26.630502700805664,88.43374633789062
2025-08-12,635.6468505859375,92.10163879394531,308.2699890136719,21.07084083557129,26.49512481689453,88.44342041015625
2025-08-13,637.82275390625,92.42992401123047,309.2099914550781,21.04181671142578,26.42743682861328,88.45307159423828
2025-08-14,637.882080078125,92.1305923461914,307.25,21.12888526916504,26.52413558959961,88.46273040771484
2025-08-15,636.388671875,91.94715881347656,307.42999267578125,21.06116485595703,26.43710708618164,88.5013656616211
2025-08-18,636.2501831054688,91.86026763916016,306.95001220703125,21.080514907836914,26.50479507446289,88.5013656616211
2025-08-19,632.7984008789062,92.09197998046875,305.2699890136719,20.91604995727539,26.57248306274414,88.52067565917969
2025-08-20,631.1170043945312,92.22715759277344,308.3599853515625,21.148235321044922,26.553142547607422,88.54000854492188
2025-08-21,628.5851440429688,91.95681762695312,307.2900085449219,21.274002075195312,26.688520431518555,88.54000854492188
2025-08-22,638.2380981445312,92.46854400634766,310.5799865722656,21.36107063293457,26.42743682861328,88.56897735595703
2025-08-25,635.4293212890625,92.28509521484375,309.8299865722656,21.467491149902344,26.64017105102539,88.57865142822266
2025-08-26,638.0897216796875,92.52647399902344,312.0799865722656,21.30302619934082,26.57248306274414,88.58831787109375
2025-08-27,639.543701171875,92.70027160644531,312.7099914550781,21.32237434387207,26.5821533203125,88.59796905517578
2025-08-28,641.80859375,92.91268920898438,315.0299987792969,21.457815170288086,26.485454559326172,88.6076431274414
2025-08-29,637.9810180664062,92.83543395996094,318.07000732421875,21.48683738708496,26.46611785888672,88.64627075195312
2025-09-02,633.2533569335938,92.55839538574219,325.5899963378906,21.83511734008789,26.64017105102539,88.6676025390625
2025-09-03,636.6853637695312,92.8780517578125,328.1400146484375,21.641630172729492,26.59182357788086,88.67728424072266
2025-09-04,642.0064086914062,93.29460144042969,326.69000244140625,21.48683738708496,26.630502700805664,88.69667053222656
2025-09-05,640.14697265625,93.74988555908203,331.04998779296875,21.312700271606445,26.49512481689453,88.72576904296875
2025-09-08,641.7196044921875,94.04048919677734,334.82000732421875,21.457815170288086,26.408098220825195,88.7354507446289
2025-09-09,643.2031860351562,93.81768035888672,334.05999755859375,21.51586151123047,26.51446533203125,88.7451400756836
2025-09-10,645.0625610351562,94.06954956054688,335.260009765625,21.66097640991211,26.53380584716797,88.75482940673828
2025-09-11,650.4231567382812,94.21485900878906,334.760009765625,21.496511459350586,26.44677734375,88.76451873779297
2025-09-12,650.2055053710938,93.9436264038086,335.4200134277344,21.62228012084961,26.485454559326172,88.7936019897461
2025-09-15,653.6671142578125,94.09861755371094,338.9100036621094,21.815767288208008,26.398427963256836,88.80329895019531
2025-09-16,652.7671508789062,94.15673828125,339.5899963378906,22.038280487060547,26.234041213989258,88.81299591064453
2025-09-17,651.9561157226562,93.95330047607422,336.9700012207031,21.806095123291016,26.321069717407227,88.82269287109375
2025-09-18,655.0023803710938,93.64334106445312,335.6199951171875,21.7093505859375,26.44677734375,88.83236694335938
2025-09-19,658.2465209960938,93.60458374023438,339.17999267578125,21.53521156311035,26.52413558959961,88.87116241455078
2025-09-22,661.3607177734375,93.4495849609375,345.04998779296875,21.53521156311035,26.42743682861328,88.88084411621094
2025-09-23,657.7605590820312,93.71112823486328,346.4599914550781,21.757720947265625,26.408098220825195,88.88084411621094
2025-09-24,655.6678466796875,93.45928192138672,343.32000732421875,21.9028377532959,26.60149383544922,88.90023803710938
2025-09-25,652.6429443359375,93.25585174560547,344.75,22.057626724243164,26.785219192504883,88.90023803710938
2025-09-26,656.3818969726562,93.20743560791016,346.739990234375,22.067302703857422,26.688520431518555,88.9293212890625
2025-09-29,658.2266845703125,93.4786605834961,352.4599914550781,21.88348960876465,26.630502700805664,88.93901062011719
2025-09-30,660.7060546875,93.43990325927734,355.4700012207031,21.796419143676758,26.60149383544922,88.93901062011719
2025-10-01,662.9574584960938,93.75471496582031,356.0299987792969,21.757720947265625,26.59182357788086,88.95943450927734
2025-10-02,663.7210693359375,93.85187530517578,354.7900085449219,21.612606048583984,26.630502700805664,88.96916198730469
2025-10-03,663.7113037109375,93.66726684570312,357.6400146484375,21.680326461791992,26.5821533203125,88.98861694335938
2025-10-06,666.0914916992188,93.39521026611328,364.3800048828125,21.9028377532959,26.707860946655273,89.00807189941406
2025-10-07,663.6220092773438,93.62840270996094,366.260009765625,21.989906311035156,26.862577438354492,89.00807189941406
2025-10-08,667.5791625976562,93.64784240722656,372.29998779296875,22.018930435180664,26.920595169067383,89.02751922607422
2025-10-09,665.6452026367188,93.57981872558594,365.42999267578125,21.815767288208008,27.104320526123047,89.02751922607422
2025-10-10,647.6542358398438,94.1628189086914,369.1199951171875,21.351396560668945,26.968942642211914,89.0664291381836
2025-10-13,657.5919189453125,94.21139526367188,378.0899963378906,21.62228012084961,27.065641403198242,89.07616424560547
2025-10-14,656.78857421875,94.45429992675781,380.7900085449219,21.380420684814453,26.988283157348633,89.07616424560547
2025-10-15,659.7044067382812,94.34741973876953,387.3900146484375,21.457815170288086,26.910924911499023,89.08588409423828
2025-10-16,655.211669921875,94.78467559814453,396.45001220703125,21.419116973876953,26.80455780029297,89.09561157226562
2025-10-17,658.9308471679688,94.62921142578125,388.989990234375,21.399770736694336,26.833566665649414,89.11507415771484
2025-10-20,665.7840576171875,94.75553131103516,403.1499938964844,21.612606048583984,26.901254653930664,89.134521484375
2025-10-21,665.7741088867188,94.93041229248047,377.239990234375,21.390094757080078,27.00762367248535,89.134521484375
2025-10-22,662.312744140625,94.94986724853516,377.2799987792969,21.728696823120117,26.978612899780273,89.15397644042969
2025-10-23,666.2402954101562,94.63892364501953,378.7900085449219,22.096324920654297,26.988283157348633,89.1636962890625
2025-10-24,671.6851806640625,94.72635650634766,377.5199890136719,22.106000900268555,26.988283157348633,89.19287109375
2025-10-27,679.6094970703125,94.72635650634766,367.010009765625,22.057626724243164,26.959272384643555,89.19287109375
2025-10-28,681.41455078125,94.81383514404297,364.3800048828125,21.85446548461914,26.9399356842041,89.20260620117188
2025-10-29,681.7418212890625,94.20169067382812,363.0,21.970558166503906,27.094650268554688,89.2317886352539
2025-10-30,674.2440185546875,94.0656509399414,370.1300048828125,21.98023223876953,27.201017379760742,89.2317886352539
2025-10-31,676.4556884765625,94.10449981689453,368.1199951171875,22.13502311706543,27.27837562561035,89.25122833251953
2025-11-03,677.7251586914062,94.05967712402344,368.7799987792969,22.299488067626953,27.297714233398438,89.26392364501953
2025-11-04,669.691650390625,94.17665100097656,362.32000732421875,22.144697189331055,27.384742736816406,89.27368927001953
2025-11-05,672.012451171875,93.72827911376953,366.510009765625,22.076976776123047,27.394412994384766,89.283447265625
2025-11-06,664.80224609375,94.20589447021484,366.07000732421875,22.106000900268555,27.249366760253906,89.29320526123047
2025-11-07,665.4567260742188,94.244873046875,368.30999755859375,22.15437126159668,27.230026245117188,89.32247161865234
2025-11-10,675.8406982421875,94.11814880371094,378.3800048828125,22.39623260498047,27.249366760253906,89.34200286865234
2025-11-11,677.387939453125,94.41057586669922,379.8699951171875,22.54134750366211,27.2106876373291,89.33223724365234
2025-11-12,677.7647705078125,94.43006896972656,385.989990234375,22.289813995361328,27.220355987548828,89.34200286865234
2025-11-13,666.5180053710938,94.15715026855469,382.8699951171875,22.173721313476562,27.14299964904785,89.35176086425781
2025-11-14,666.4088134765625,94.0011978149414,375.9599914550781,22.222091674804688,27.181678771972656,89.39078521728516
2025-11-17,660.2003173828125,94.10841369628906,371.6499938964844,22.193069458007812,27.249366760253906,89.39078521728516
2025-11-18,654.65625,94.26437377929688,374.3500061035156,22.376882553100586,27.27837562561035,89.41030883789062
2025-11-19,657.185302734375,94.19613647460938,374.9599914550781,22.15437126159668,27.452430725097656,89.41030883789062
2025-11-20,647.1683349609375,94.42032623291016,374.8500061035156,21.94153594970703,27.471771240234375,89.42981719970703
2025-11-21,653.6148681640625,94.73223114013672,374.2699890136719,21.796419143676758,27.452430725097656,89.44934844970703
2025-11-24,663.2351684570312,94.87843322753906,380.20001220703125,21.9028377532959,27.452430725097656,89.44934844970703
2025-11-25,669.4735107421875,95.12210845947266,380.0799865722656,21.786745071411133,27.375072479248047,89.46886444091797
2025-11-26,674.09521484375,95.20008850097656,383.1199951171875,22.018930435180664,27.297714233398438,89.47862243652344
2025-11-28,677.7747192382812,95.03437805175781,387.8800048828125,22.309162139892578,27.27837562561035,89.50789642333984
2025-12-01,674.6803588867188,94.52407836914062,389.75,22.367210388183594,27.268707275390625,89.51866149902344
2025-12-02,675.9299926757812,94.60227966308594,387.239990234375,22.270465850830078,27.259037017822266,89.54804229736328
2025-12-03,678.2706298828125,94.79781341552734,386.8800048828125,22.376882553100586,27.123659133911133,89.55782318115234
2025-12-04,678.7665405273438,94.5045394897461,387.1300048828125,22.4349308013916,27.181678771972656,89.56761169433594
2025-12-05,680.0557861328125,94.30900573730469,386.44000244140625,22.570371627807617,27.152667999267578,89.5871810913086
2025-12-08,678.0127563476562,94.11347961425781,385.4200134277344,22.289813995361328,27.191349029541016,89.59696960449219
2025-12-09,677.4276123046875,93.97662353515625,387.3999938964844,22.24144172668457,27.230026245117188,89.6165542602539
2025-12-10,681.9203491210938,94.2796859741211,389.04998779296875,22.376882553100586,27.084980010986328,89.6165542602539
2025-12-11,683.5072021484375,94.28946685791016,393.239990234375,22.357534408569336,26.988283157348633,89.6263427734375
2025-12-12,676.1581420898438,94.0352783203125,395.44000244140625,22.173721313476562,27.026962280273438,89.66549682617188
2025-12-15,675.1365966796875,94.11347961425781,395.79998779296875,22.067302703857422,27.00762367248535,89.66549682617188
2025-12-16,673.2918701171875,94.37744903564453,395.8900146484375,21.844791412353516,26.978612899780273,89.67529296875
2025-12-17,665.8832397460938,94.3578872680664,399.2900085449219,22.106000900268555,27.036630630493164,89.6850814819336
2025-12-18,670.9114990234375,94.60227966308594,398.57000732421875,21.951210021972656,27.055971145629883,89.6998062133789
2025-12-19,676.9923095703125,94.38945007324219,399.0199890136719,22.106000900268555,27.14299964904785,89.72930908203125
2025-12-22,681.2098388671875,94.2913818359375,408.2300109863281,22.389999389648438,27.030000686645508,89.72930908203125
2025-12-23,684.3233032226562,94.25214385986328,413.6400146484375,22.639999389648438,26.940000534057617,89.72930908203125
2025-12-24,686.7305297851562,94.49734497070312,411.92999267578125,22.6299991607666,26.950000762939453,89.75878143310547
2025-12-26,686.660888671875,94.58561706542969,416.739990234375,22.700000762939453,26.969999313354492,89.78827667236328
2025-12-29,684.2138671875,94.72293090820312,398.6000061035156,22.489999771118164,26.979999542236328,89.78827667236328
2025-12-30,683.3782958984375,94.6248550415039,398.8900146484375,22.639999389648438,27.049999237060547,89.79810333251953
2025-12-31,678.3152465820312,94.31099700927734,396.30999755859375,22.360000610351562,27.030000686645508,89.80791473388672
2026-01-02,679.55859375,94.23252868652344,398.2799987792969,22.389999389648438,27.110000610351562,89.84722900390625
2026-01-05,684.0845947265625,94.51696014404297,408.760009765625,22.809999465942383,27.06999969482422,89.84722900390625
2026-01-06,688.1529541015625,94.44831085205078,413.17999267578125,22.799999237060547,27.15999984741211,89.85706329345703
2026-01-07,685.9347534179688,94.6248550415039,409.2300109863281,22.59000015258789,27.200000762939453,89.87671661376953
2026-01-08,685.8651123046875,94.34041595458984,411.489990234375,22.8799991607666,27.270000457763672,89.87671661376953
2026-01-09,690.4010009765625,94.44831085205078,414.4700012207031,22.899999618530273,27.329999923706055,89.89636993408203
2026-01-12,691.4852294921875,94.33061218261719,422.2300109863281,23.190000534057617,27.280000686645508,89.90621185302734
2026-01-13,690.1026000976562,94.44831085205078,421.6300048828125,23.3700008392334,27.350000381469727,89.91602325439453
2026-01-14,686.7105712890625,94.64445495605469,425.94000244140625,23.389999389648438,27.329999923706055,89.92586517333984
2026-01-15,688.5806884765625,94.44831085205078,423.3299865722656,23.200000762939453,27.43000030517578,89.92586517333984
2026-01-16,688.0037231445312,94.08541870117188,421.2900085449219,23.15999984741211,27.43000030517578,89.96517181396484
2026-01-20,673.9981689453125,93.71273803710938,437.2300109863281,23.479999542236328,27.209999084472656,89.96517181396484
2026-01-21,681.77685546875,93.95792388916016,443.6000061035156,23.75,27.270000457763672,89.97500610351562
2026-01-22,685.3379516601562,93.94811248779297,451.7900085449219,23.739999771118164,27.149999618530273,89.98482513427734
2026-01-23,685.5865478515625,94.10503387451172,458.0,24.18000030517578,26.90999984741211,90.01429748535156
2026-01-26,689.068115234375,94.24234008789062,464.70001220703125,24.290000915527344,26.780000686645508,90.01429748535156
2026-01-27,691.8134765625,94.13446044921875,476.1000061035156,24.6200008392334,26.469999313354492,90.0241470336914
2026-01-28,691.7438354492188,94.05599975585938,494.55999755859375,24.940000534057617,26.6299991607666,90.03397369384766
2026-01-29,690.3711547851562,94.1540756225586,495.8999938964844,25.299999237060547,26.59000015258789,90.0536117553711
2026-01-30,688.3121337890625,94.09522247314453,444.95001220703125,24.43000030517578,26.850000381469727,90.07328033447266
2026-02-02,691.73388671875,93.91024780273438,427.1300048828125,23.540000915527344,26.989999771118164,90.08707427978516
2026-02-03,685.885009765625,93.99879455566406,454.2900085449219,24.149999618530273,26.920000076293945,90.08707427978516
2026-02-04,682.5626831054688,93.97913360595703,453.9700012207031,24.190000534057617,27.010000228881836,90.10679626464844
2026-02-05,674.0379638671875,94.5301513671875,441.8800048828125,23.760000228881836,27.09000015258789,90.10679626464844
2026-02-06,686.96923828125,94.5301513671875,455.4599914550781,24.010000228881836,27.010000228881836,90.1363754272461
2026-02-09,690.2816162109375,94.54981994628906,467.0299987792969,24.25,26.790000915527344,90.1363754272461
2026-02-10,688.4613037109375,94.96309661865234,462.3999938964844,24.139999389648438,26.799999237060547,90.14622497558594
2026-02-11,688.3021850585938,94.6974105834961,467.6300048828125,24.3700008392334,26.829999923706055,90.16593170166016
2026-02-12,677.668701171875,95.27796173095703,451.3900146484375,23.799999237060547,26.81999969482422,90.16593170166016
2026-02-13,678.1461181640625,95.65187072753906,462.6199951171875,23.8799991607666,26.81999969482422,90.20537567138672
2026-02-17,679.2402954101562,95.64202117919922,448.20001220703125,23.59000015258789,26.90999984741211,90.21522521972656
2026-02-18,682.662109375,95.44523620605469,458.2799987792969,24.209999084472656,27.079999923706055,90.22508239746094
2026-02-19,680.8616943359375,95.5337905883789,459.55999755859375,24.43000030517578,27.1200008392334,90.22508239746094
2026-02-20,685.7855834960938,95.5337905883789,468.6199951171875,24.600000381469727,27.09000015258789,90.25465393066406
2026-02-23,678.7827758789062,95.87818908691406,481.2799987792969,24.75,27.09000015258789,90.25465393066406
2026-02-24,683.7164916992188,95.85850524902344,474.6099853515625,24.719999313354492,27.110000610351562,90.27437591552734
2026-02-25,689.4859008789062,95.77978515625,473.4200134277344,24.75,27.079999923706055,90.28421783447266
2026-02-26,685.6561889648438,96.03561401367188,477.4800109863281,24.760000228881836,27.100000381469727,90.29409790039062
2026-02-27,682.3637084960938,96.41937255859375,483.75,25.100000381469727,27.079999923706055,90.31380462646484
2026-03-02,682.7516479492188,95.84010314941406,490.0,25.809999465942383,27.329999923706055,90.32664489746094
2026-03-03,676.7337036132812,95.73155212402344,468.1400146484375,25.90999984741211,27.459999084472656,90.33654022216797
2026-03-04,681.50830078125,95.53418731689453,471.79998779296875,26.139999389648438,27.40999984741211,90.34642028808594
2026-03-05,677.7084350585938,95.23814392089844,466.1300048828125,26.520000457763672,27.479999542236328,90.3563003540039
2026-03-06,668.8256225585938,95.17892456054688,473.510009765625,27.510000228881836,27.469999313354492,90.3760757446289
2026-03-09,674.6845092773438,95.47498321533203,472.5299987792969,27.139999389648438,27.459999084472656,90.38595581054688
2026-03-10,673.6002807617188,95.16905975341797,477.8599853515625,27.600000381469727,27.450000762939453,90.39583587646484
2026-03-11,672.7548217773438,94.73486328125,476.239990234375,28.1299991607666,27.549999237060547,90.39583587646484
2026-03-12,662.5390625,94.428955078125,466.8800048828125,28.860000610351562,27.68000030517578,90.41561126708984
2026-03-13,658.7890014648438,94.33025360107422,460.8399963378906,28.709999084472656,27.889999389648438,90.44525909423828
2026-03-16,665.493408203125,94.75460052490234,460.42999267578125,28.309999465942383,27.729999542236328,90.44525909423828
2026-03-17,667.2440185546875,94.92235565185547,459.2699890136719,28.760000228881836,27.68000030517578,90.45513916015625
2026-03-18,657.9335327148438,94.4881591796875,444.739990234375,29.270000457763672,27.850000381469727,90.47490692138672
2026-03-19,656.3121337890625,94.47828674316406,426.4100036621094,28.84000015258789,27.579999923706055,90.47490692138672
2026-03-20,646.9034423828125,93.6296157836914,413.3800048828125,28.940000534057617,27.68000030517578,90.50456237792969
2026-03-23,653.6959228515625,93.92566680908203,404.0400085449219,27.75,27.559999465942383,90.51444244384766
2026-03-24,651.5015869140625,93.6098861694336,404.1300048828125,28.239999771118164,27.649999618530273,90.5243148803711
2026-03-25,655.1322021484375,94.1032943725586,416.2900085449219,28.170000076293945,27.700000762939453,90.51444244384766
2026-03-26,643.432373046875,93.34343719482422,400.6400146484375,28.440000534057617,27.809999465942383,90.53421783447266
2026-03-27,632.4606323242188,93.35330963134766,414.70001220703125,29.100000381469727,27.84000015258789,90.56385040283203
2026-03-30,630.3460693359375,94.01447296142578,414.5799865722656,29.260000228881836,27.979999542236328,90.57373809814453
2026-03-31,648.6688842773438,94.18224334716797,430.2900085449219,28.950000762939453,27.780000686645508,90.57373809814453
2026-04-01,653.5562744140625,94.10006713867188,437.82000732421875,28.68000030517578,27.729999542236328,90.59752655029297
2026-04-02,654.144775390625,94.31788635253906,429.4100036621094,29.329999923706055,27.860000610351562,90.61735534667969
2026-04-06,657.23681640625,94.07035827636719,427.6499938964844,29.479999542236328,27.829999923706055,90.6371841430664
2026-04-07,657.5260009765625,94.30799102783203,431.80999755859375,29.3700008392334,27.75,90.64708709716797
2026-04-08,674.27294921875,94.51591491699219,434.5299987792969,28.559999465942383,27.530000686645508,90.64708709716797
2026-04-09,678.162841796875,94.48621368408203,437.9100036621094,28.709999084472656,27.479999542236328,90.65699768066406
2026-04-10,677.7140502929688,94.3277816772461,437.1300048828125,28.5,27.440000534057617,90.68673706054688
2026-04-13,684.3369750976562,94.53571319580078,435.3599853515625,28.959999084472656,27.3799991607666,90.68673706054688
2026-04-14,692.675537109375,94.8426513671875,445.0899963378906,28.84000015258789,27.31999969482422,90.6966552734375
2026-04-15,698.1414184570312,94.63472747802734,440.4599914550781,28.889999389648438,27.290000915527344,90.7065658569336
2026-04-16,699.8569946289062,94.46640014648438,440.0799865722656,29.110000610351562,27.3700008392334,90.71647644042969
2026-04-17,708.3152465820312,94.98126220703125,445.92999267578125,28.290000915527344,27.360000610351562,90.7462158203125
2026-04-20,706.8988037109375,94.89215087890625,442.0899963378906,28.670000076293945,27.31999969482422,90.75611877441406
2026-04-21,702.2708129882812,94.47630310058594,429.57000732421875,29.209999084472656,27.469999313354492,90.76603698730469
2026-04-22,709.3825073242188,94.57530975341797,435.260009765625,29.510000228881836,27.479999542236328,90.76603698730469
2026-04-23,706.6295776367188,94.42679595947266,431.0400085449219,29.889999389648438,27.530000686645508,90.78585815429688
2026-04-24,712.10546875,94.61492156982422,433.25,29.860000610351562,27.479999542236328,90.8056869506836
2026-04-27,713.332275390625,94.39708709716797,429.8900146484375,30.09000015258789,27.450000762939453,90.81559753417969
2026-04-28,709.8612060546875,94.30799102783203,421.9100036621094,30.34000015258789,27.530000686645508,90.82550811767578
2026-04-29,709.7515258789062,93.86243438720703,417.4100036621094,31.079999923706055,27.610000610351562,90.82550811767578
2026-04-30,716.8132934570312,94.04065704345703,423.6600036621094,31.100000381469727,27.360000610351562,90.83541870117188
2026-05-01,718.7982177734375,94.1121826171875,423.17999267578125,30.809999465942383,27.40999984741211,90.86524963378906
2026-05-04,716.1649780273438,93.76449584960938,414.7099914550781,31.329999923706055,27.479999542236328,90.8851318359375
2026-05-05,721.9102172851562,93.90357208251953,418.2699890136719,31.200000762939453,27.5,90.89507293701172
2026-05-06,731.9443359375,94.37045288085938,430.9599914550781,30.209999084472656,27.350000381469727,90.8851318359375
2026-05-07,729.7001342773438,94.08238220214844,431.67999267578125,30.25,27.40999984741211,90.90501403808594
2026-05-08,735.724609375,94.33072662353516,433.7699890136719,30.299999237060547,27.34000015258789,90.92489624023438
2026-05-11,737.4002685546875,94.01284790039062,434.6499938964844,31.059999465942383,27.350000381469727,90.94478607177734
2026-05-12,736.2831420898438,93.6949691772461,432.92999267578125,31.690000534057617,27.450000762939453,90.95471954345703
2026-05-13,740.4025268554688,93.6949691772461,430.5,31.3700008392334,27.510000228881836,90.95471954345703
2026-05-14,746.2474975585938,93.63536071777344,427.2099914550781,31.149999618530273,27.6200008392334,90.97460174560547
2026-05-15,737.2706298828125,92.89034271240234,417.2900085449219,31.190000534057617,27.770000457763672,90.99449157714844
2026-05-18,736.751953125,92.85060119628906,418.42999267578125,31.3799991607666,27.700000762939453,90.99449157714844
2026-05-19,731.8446044921875,92.49298095703125,411.5,31.610000610351562,27.790000915527344,91.01437377929688
2026-05-20,739.3452758789062,93.11881256103516,417.3999938964844,30.8799991607666,27.729999542236328,91.03424835205078
2026-05-21,740.8114624023438,93.17841339111328,416.989990234375,30.700000762939453,27.729999542236328,91.03424835205078
2026-05-22,743.7239990234375,93.25788116455078,413.82000732421875,30.540000915527344,27.770000457763672,91.05413818359375
2026-05-26,748.6613159179688,93.65523529052734,414.0,30.030000686645508,27.75,91.07402038574219
2026-05-27,748.5316162109375,93.6949691772461,408.489990234375,29.489999771118164,27.75,91.0839614868164
2026-05-28,752.6609497070312,93.91350555419922,412.7699890136719,29.719999313354492,27.700000762939453,91.0938949584961
2026-05-29,754.5361328125,94.02278137207031,417.1199951171875,29.479999542236328,27.65999984741211,91.12373352050781
2026-06-01,756.5908203125,93.86031341552734,411.260009765625,29.989999771118164,27.760000228881836,91.13270568847656
2026-06-02,757.6182250976562,93.93008422851562,411.95001220703125,30.1200008392334,27.760000228881836,91.12272644042969
2026-06-03,752.3018798828125,93.69087219238281,407.8699951171875,30.290000915527344,27.860000610351562,91.1426773071289
2026-06-04,755.1445922851562,93.81048583984375,411.2699890136719,29.8799991607666,27.84000015258789,91.1426773071289
2026-06-05,735.65478515625,93.31212615966797,396.239990234375,29.229999542236328,28.020000457763672,91.18254852294922
2026-06-08,737.3204345703125,93.21244812011719,397.2699890136719,29.469999313354492,28.030000686645508,91.1925277709961
2026-06-09,735.1560668945312,93.47159576416016,390.7799987792969,29.06999969482422,28.010000228881836,91.1925277709961
2026-06-10,723.56591796875,93.38189697265625,374.5799865722656,29.170000076293945,28.049999237060547,91.20249938964844
2026-06-11,735.8642578125,94.02975463867188,386.32000732421875,28.850000381469727,27.950000762939453,91.21247100830078
2026-06-12,739.843994140625,93.87028503417969,386.5400085449219,28.549999237060547,27.950000762939453,91.24237823486328
2026-06-15,752.890380859375,93.96995544433594,396.54998779296875,28.219999313354492,27.969999313354492,91.24237823486328
2026-06-16,748.4019775390625,94.20915985107422,397.6300048828125,27.899999618530273,27.93000030517578,91.25234985351562
2026-06-17,739.0560302734375,93.71080780029297,388.6000061035156,27.709999084472656,28.18000030517578,91.26232147216797
2026-06-18,746.739990234375,94.04969024658203,387.1199951171875,27.6299991607666,28.299999237060547,91.30220031738281
2026-06-22,744.3900146484375,93.69087219238281,384.5899963378906,27.40999984741211,28.360000610351562,91.30220031738281
2026-06-23,733.5800170898438,93.81048583984375,377.32000732421875,27.1200008392334,28.450000762939453,91.31217956542969
2026-06-24,733.239990234375,94.4184799194336,365.9200134277344,26.450000762939453,28.530000686645508,91.3221435546875
2026-06-25,734.2999877929688,94.47827911376953,369.4599914550781,26.93000030517578,28.479999542236328,91.33211517333984
2026-06-26,728.989990234375,94.71748352050781,373.6300048828125,26.56999969482422,28.459999084472656,91.36202239990234
2026-06-29,741.0,94.74738311767578,368.5799865722656,26.559999465942383,28.3700008392334,91.37200164794922
2026-06-30,746.77001953125,94.25900268554688,368.3800048828125,26.65999984741211,28.40999984741211,91.37200164794922
2026-07-01,745.760009765625,94.02999877929688,370.6000061035156,26.450000762939453,28.489999771118164,91.4000015258789
2026-07-02,744.780029296875,94.12000274658203,378.1300048828125,26.56999969482422,28.34000015258789,91.44000244140625
2026-07-06,751.280029296875,94.18000030517578,382.1300048828125,27.0,28.31999969482422,91.43000030517578
2026-07-07,747.7100219726562,93.69999694824219,377.489990234375,27.350000381469727,28.399999618530273,91.44999694824219
2026-07-08,745.4000244140625,93.51000213623047,374.45001220703125,27.799999237060547,28.360000610351562,91.44999694824219
2026-07-09,751.7100219726562,93.70999908447266,378.17999267578125,27.579999923706055,28.360000610351562,91.45999908447266
2026-07-10,754.9500122070312,93.62999725341797,377.010009765625,27.520000457763672,28.389999389648438,91.5
2026-07-13,749.1699829101562,93.29000091552734,367.1300048828125,28.329999923706055,28.5,91.5
2026-07-14,751.8300170898438,93.55000305175781,372.1499938964844,28.6299991607666,28.389999389648438,91.51000213623047
2026-07-15,754.8099975585938,93.77999877929688,372.3500061035156,28.790000915527344,28.25,91.5199966430664
2026-07-16,750.719970703125,93.72000122070312,364.9599914550781,28.459999084472656,28.34000015258789,91.52999877929688
2026-07-17,743.2899780273438,93.83999633789062,368.4100036621094,28.979999542236328,28.329999923706055,91.55000305175781
2026-07-20,742.0900268554688,93.54000091552734,367.6000061035156,29.139999389648438,28.389999389648438,91.55999755859375
2026-07-21,748.280029296875,93.30999755859375,374.80999755859375,29.56999969482422,28.479999542236328,91.55999755859375
