date,AQMIX,BIL
2010-01-04,,73.66844940185547
2010-01-05,5.372642993927002,73.65238189697266
2010-01-06,5.372642993927002,73.65238189697266
2010-01-07,5.361896991729736,73.65238189697266
2010-01-08,5.361896991729736,73.65238189697266
2010-01-11,5.388759613037109,73.65238189697266
2010-01-12,5.335033893585205,73.65238189697266
2010-01-13,5.361896991729736,73.68452453613281
2010-01-14,5.378015041351318,73.66844940185547
2010-01-15,5.351152420043945,73.66844940185547
2010-01-19,5.399506568908691,73.66844940185547
2010-01-20,5.35652494430542,73.66844940185547
2010-01-21,5.313544273376465,73.66844940185547
2010-01-22,5.2490715980529785,73.66844940185547
2010-01-25,5.2490715980529785,73.68452453613281
2010-01-26,5.2490715980529785,73.68452453613281
2010-01-27,5.2383270263671875,73.7005844116211
2010-01-28,5.211463451385498,73.68452453613281
2010-01-29,5.2168354988098145,73.7005844116211
2010-02-01,5.222209930419922,73.68452453613281
2010-02-02,5.232953071594238,73.66844940185547
2010-02-03,5.227581977844238,73.7005844116211
2010-02-04,5.184599876403809,73.7005844116211
2010-02-05,5.1416192054748535,73.7005844116211
2010-02-08,5.136247158050537,73.7005844116211
2010-02-09,5.1416192054748535,73.7005844116211
2010-02-10,5.130873203277588,73.7005844116211
2010-02-11,5.152364253997803,73.7005844116211
2010-02-12,5.173854827880859,73.7005844116211
2010-02-16,5.163109302520752,73.7005844116211
2010-02-17,5.200717449188232,73.65238189697266
2010-02-18,5.189971923828125,73.68452453613281
2010-02-19,5.179227352142334,73.65238189697266
2010-02-22,5.184599876403809,73.68452453613281
2010-02-23,5.179227352142334,73.65238189697266
2010-02-24,5.173854827880859,73.68452453613281
2010-02-25,5.1416192054748535,73.68452453613281
2010-02-26,5.1416192054748535,73.68452453613281
2010-03-01,5.1416192054748535,73.65238189697266
2010-03-02,5.14699125289917,73.66844940185547
2010-03-03,5.157736778259277,73.65238189697266
2010-03-04,5.168481826782227,73.65238189697266
2010-03-05,5.206090450286865,73.65238189697266
2010-03-08,5.211463451385498,73.65238189697266
2010-03-09,5.2168354988098145,73.65238189697266
2010-03-10,5.222209930419922,73.66844940185547
2010-03-11,5.222209930419922,73.65238189697266
2010-03-12,5.232953071594238,73.65238189697266
2010-03-15,5.222209930419922,73.65238189697266
2010-03-16,5.243699073791504,73.65238189697266
2010-03-17,5.270561695098877,73.65238189697266
2010-03-18,5.259817123413086,73.65238189697266
2010-03-19,5.254443645477295,73.65238189697266
2010-03-22,5.265190124511719,73.66844940185547
2010-03-23,5.297425270080566,73.66844940185547
2010-03-24,5.265190124511719,73.65238189697266
2010-03-25,5.254443645477295,73.68452453613281
2010-03-26,5.2490715980529785,73.68452453613281
2010-03-29,5.292052745819092,73.65238189697266
2010-03-30,5.302798271179199,73.65238189697266
2010-03-31,5.324288845062256,73.68452453613281
2010-04-01,5.361896991729736,73.68452453613281
2010-04-05,5.383388042449951,73.65238189697266
2010-04-06,5.399506568908691,73.65238189697266
2010-04-07,5.388759613037109,73.65238189697266
2010-04-08,5.388759613037109,73.65238189697266
2010-04-09,5.388759613037109,73.65238189697266
2010-04-12,5.367269992828369,73.65238189697266
2010-04-13,5.367269992828369,73.65238189697266
2010-04-14,5.410251140594482,73.65238189697266
2010-04-15,5.431741714477539,73.65238189697266
2010-04-16,5.372642993927002,73.65238189697266
2010-04-19,5.3457794189453125,73.66844940185547
2010-04-20,5.3941330909729,73.65238189697266
2010-04-21,5.404878616333008,73.65238189697266
2010-04-22,5.3941330909729,73.65238189697266
2010-04-23,5.404878616333008,73.65238189697266
2010-04-26,5.426368713378906,73.66844940185547
2010-04-27,5.372642993927002,73.65238189697266
2010-04-28,5.351152420043945,73.66844940185547
2010-04-29,5.388759613037109,73.66844940185547
2010-04-30,5.409316539764404,73.65238189697266
2010-05-03,5.425542831420898,73.66844940185547
2010-05-04,5.366042137145996,73.65238189697266
2010-05-05,5.366042137145996,73.66844940185547
2010-05-06,5.274083137512207,73.68452453613281
2010-05-07,5.203762054443359,73.68452453613281
2010-05-10,5.333585262298584,73.68452453613281
2010-05-11,5.333585262298584,73.68452453613281
2010-05-12,5.382269859313965,73.68452453613281
2010-05-13,5.393088340759277,73.66844940185547
2010-05-14,5.387679100036621,73.68452453613281
2010-05-17,5.355223178863525,73.68452453613281
2010-05-18,5.371450901031494,73.66844940185547
2010-05-19,5.311948299407959,73.68452453613281
2010-05-20,5.236217498779297,73.68452453613281
2010-05-21,5.236217498779297,73.68452453613281
2010-05-24,5.2578558921813965,73.68452453613281
2010-05-25,5.263265132904053,73.68452453613281
2010-05-26,5.268672943115234,73.7005844116211
2010-05-27,5.236217498779297,73.66844940185547
2010-05-28,5.268672943115234,73.68452453613281
2010-06-01,5.279492378234863,73.68452453613281
2010-06-02,5.290310382843018,73.7005844116211
2010-06-03,5.2849016189575195,73.66844940185547
2010-06-04,5.33899450302124,73.7005844116211
2010-06-07,5.344404697418213,73.68452453613281
2010-06-08,5.349813938140869,73.7005844116211
2010-06-09,5.333585262298584,73.7005844116211
2010-06-10,5.301130294799805,73.7005844116211
2010-06-11,5.311948299407959,73.7005844116211
2010-06-14,5.274083137512207,73.66844940185547
2010-06-15,5.274083137512207,73.66844940185547
2010-06-16,5.274083137512207,73.66844940185547
2010-06-17,5.290310382843018,73.66844940185547
2010-06-18,5.290310382843018,73.68452453613281
2010-06-21,5.2849016189575195,73.66844940185547
2010-06-22,5.301130294799805,73.68452453613281
2010-06-23,5.311948299407959,73.68452453613281
2010-06-24,5.295720100402832,73.68452453613281
2010-06-25,5.301130294799805,73.68452453613281
2010-06-28,5.33899450302124,73.68452453613281
2010-06-29,5.33899450302124,73.68452453613281
2010-06-30,5.301130294799805,73.7005844116211
2010-07-01,5.268672943115234,73.68452453613281
2010-07-02,5.252445697784424,73.68452453613281
2010-07-06,5.252445697784424,73.66844940185547
2010-07-07,5.230807781219482,73.66844940185547
2010-07-08,5.192943096160889,73.68452453613281
2010-07-09,5.198352336883545,73.66844940185547
2010-07-12,5.21998929977417,73.68452453613281
2010-07-13,5.209171295166016,73.68452453613281
2010-07-14,5.21458101272583,73.68452453613281
2010-07-15,5.21458101272583,73.68452453613281
2010-07-16,5.209171295166016,73.68452453613281
2010-07-19,5.192943096160889,73.66844940185547
2010-07-20,5.192943096160889,73.66844940185547
2010-07-21,5.209171295166016,73.66844940185547
2010-07-22,5.198352336883545,73.66844940185547
2010-07-23,5.17671537399292,73.68452453613281
2010-07-26,5.165896415710449,73.65238189697266
2010-07-27,5.155077934265137,73.65238189697266
2010-07-28,5.17130708694458,73.66844940185547
2010-07-29,5.165896415710449,73.65238189697266
2010-07-30,5.198352336883545,73.66844940185547
2010-08-02,5.209171295166016,73.65238189697266
2010-08-03,5.225399017333984,73.65238189697266
2010-08-04,5.236217498779297,73.65238189697266
2010-08-05,5.236217498779297,73.65238189697266
2010-08-06,5.236217498779297,73.65238189697266
2010-08-09,5.236217498779297,73.65238189697266
2010-08-10,5.225399017333984,73.66844940185547
2010-08-11,5.21458101272583,73.68452453613281
2010-08-12,5.21458101272583,73.68452453613281
2010-08-13,5.225399017333984,73.68452453613281
2010-08-16,5.2578558921813965,73.66844940185547
2010-08-17,5.263265132904053,73.68452453613281
2010-08-18,5.263265132904053,73.66844940185547
2010-08-19,5.241626739501953,73.66844940185547
2010-08-20,5.241626739501953,73.68452453613281
2010-08-23,5.252445697784424,73.66844940185547
2010-08-24,5.236217498779297,73.66844940185547
2010-08-25,5.225399017333984,73.68452453613281
2010-08-26,5.236217498779297,73.66844940185547
2010-08-27,5.230807781219482,73.66844940185547
2010-08-30,5.247036933898926,73.68452453613281
2010-08-31,5.2578558921813965,73.66844940185547
2010-09-01,5.274083137512207,73.66844940185547
2010-09-02,5.279492378234863,73.68452453613281
2010-09-03,5.2849016189575195,73.68452453613281
2010-09-07,5.311948299407959,73.66844940185547
2010-09-08,5.317357540130615,73.66844940185547
2010-09-09,5.301130294799805,73.66844940185547
2010-09-10,5.274083137512207,73.66844940185547
2010-09-13,5.306538105010986,73.66844940185547
2010-09-14,5.344404697418213,73.68452453613281
2010-09-15,5.317357540130615,73.68452453613281
2010-09-16,5.301130294799805,73.68452453613281
2010-09-17,5.32276725769043,73.66844940185547
2010-09-20,5.355223178863525,73.66844940185547
2010-09-21,5.371450901031494,73.66844940185547
2010-09-22,5.382269859313965,73.66844940185547
2010-09-23,5.376859188079834,73.66844940185547
2010-09-24,5.425542831420898,73.68452453613281
2010-09-27,5.4363627433776855,73.68452453613281
2010-09-28,5.447180271148682,73.66844940185547
2010-09-29,5.441771984100342,73.66844940185547
2010-09-30,5.4363627433776855,73.66844940185547
2010-10-01,5.420134544372559,73.66844940185547
2010-10-04,5.414724826812744,73.68452453613281
2010-10-05,5.468818187713623,73.66844940185547
2010-10-06,5.490455150604248,73.66844940185547
2010-10-07,5.4796366691589355,73.66844940185547
2010-10-08,5.549957752227783,73.66844940185547
2010-10-11,5.555367469787598,73.66844940185547
2010-10-12,5.5607757568359375,73.66844940185547
2010-10-13,5.604051113128662,73.66844940185547
2010-10-14,5.614870548248291,73.68452453613281
2010-10-15,5.587822914123535,73.66844940185547
2010-10-18,5.582413673400879,73.68452453613281
2010-10-19,5.50668478012085,73.66844940185547
2010-10-20,5.566186428070068,73.66844940185547
2010-10-21,5.549957752227783,73.66844940185547
2010-10-22,5.555367469787598,73.68452453613281
2010-10-25,5.609461784362793,73.66844940185547
2010-10-26,5.566186428070068,73.68452453613281
2010-10-27,5.50668478012085,73.68452453613281
2010-10-28,5.533730506896973,73.66844940185547
2010-10-29,5.555367469787598,73.68452453613281
2010-11-01,5.587822914123535,73.68452453613281
2010-11-02,5.614870548248291,73.65238189697266
2010-11-03,5.620279312133789,73.66844940185547
2010-11-04,5.728465557098389,73.66844940185547
2010-11-05,5.728465557098389,73.66844940185547
2010-11-08,5.706827640533447,73.66844940185547
2010-11-09,5.701419353485107,73.66844940185547
2010-11-10,5.6851911544799805,73.66844940185547
2010-11-11,5.6635541915893555,73.65238189697266
2010-11-12,5.566186428070068,73.68452453613281
2010-11-15,5.5607757568359375,73.68452453613281
2010-11-16,5.457999229431152,73.68452453613281
2010-11-17,5.457999229431152,73.68452453613281
2010-11-18,5.522911548614502,73.66844940185547
2010-11-19,5.5012736320495605,73.66844940185547
2010-11-22,5.512092113494873,73.66844940185547
2010-11-23,5.463408946990967,73.66844940185547
2010-11-24,5.4958648681640625,73.68452453613281
2010-11-26,5.452590465545654,73.68452453613281
2010-11-29,5.452590465545654,73.68452453613281
2010-11-30,5.447180271148682,73.68452453613281
2010-12-01,5.512092113494873,73.66844940185547
2010-12-02,5.549957752227783,73.66844940185547
2010-12-03,5.566186428070068,73.68452453613281
2010-12-06,5.577004909515381,73.66844940185547
2010-12-07,5.571596145629883,73.66844940185547
2010-12-08,5.555367469787598,73.66844940185547
2010-12-09,5.555367469787598,73.68452453613281
2010-12-10,5.571596145629883,73.68452453613281
2010-12-13,5.593233108520508,73.68452453613281
2010-12-14,5.598642349243164,73.68452453613281
2010-12-15,5.587822914123535,73.66844940185547
2010-12-16,5.598642349243164,73.66844940185547
2010-12-17,5.608608245849609,73.68452453613281
2010-12-20,5.619680881500244,73.68452453613281
2010-12-21,5.658438205718994,73.68452453613281
2010-12-22,5.675047397613525,73.66844940185547
2010-12-23,5.675047397613525,73.66844940185547
2010-12-27,5.686120986938477,73.66844940185547
2010-12-28,5.702730178833008,73.68452453613281
2010-12-29,5.713803768157959,73.66844940185547
2010-12-30,5.6971940994262695,73.68452453613281
2010-12-31,5.702730178833008,73.66844940185547
2011-01-03,5.719339847564697,73.68452453613281
2011-01-04,5.6971940994262695,73.68452453613281
2011-01-05,5.713803768157959,73.68452453613281
2011-01-06,5.713803768157959,73.68452453613281
2011-01-07,5.730414390563965,73.66844940185547
2011-01-10,5.713803768157959,73.68452453613281
2011-01-11,5.730414390563965,73.68452453613281
2011-01-12,5.747024059295654,73.66844940185547
2011-01-13,5.68058443069458,73.66844940185547
2011-01-14,5.68058443069458,73.66844940185547
2011-01-18,5.691657066345215,73.66844940185547
2011-01-19,5.658438205718994,73.68452453613281
2011-01-20,5.586461544036865,73.68452453613281
2011-01-21,5.586461544036865,73.66844940185547
2011-01-24,5.597534656524658,73.66844940185547
2011-01-25,5.553240776062012,73.68452453613281
2011-01-26,5.597534656524658,73.66844940185547
2011-01-27,5.608608245849609,73.68452453613281
2011-01-28,5.575387477874756,73.66844940185547
2011-01-31,5.597534656524658,73.66844940185547
2011-02-01,5.658438205718994,73.66844940185547
2011-02-02,5.669511318206787,73.66844940185547
2011-02-03,5.68058443069458,73.66844940185547
2011-02-04,5.686120986938477,73.68452453613281
2011-02-07,5.6971940994262695,73.66844940185547
2011-02-08,5.6971940994262695,73.66844940185547
2011-02-09,5.686120986938477,73.68452453613281
2011-02-10,5.68058443069458,73.66844940185547
2011-02-11,5.669511318206787,73.66844940185547
2011-02-14,5.6971940994262695,73.66844940185547
2011-02-15,5.686120986938477,73.68452453613281
2011-02-16,5.7082672119140625,73.68452453613281
2011-02-17,5.735950469970703,73.68452453613281
2011-02-18,5.730414390563965,73.66844940185547
2011-02-22,5.625217437744141,73.66844940185547
2011-02-23,5.614145278930664,73.68452453613281
2011-02-24,5.614145278930664,73.68452453613281
2011-02-25,5.663974285125732,73.68452453613281
2011-02-28,5.702730178833008,73.66844940185547
2011-03-01,5.686120986938477,73.66844940185547
2011-03-02,5.7082672119140625,73.68452453613281
2011-03-03,5.713803768157959,73.66844940185547
2011-03-04,5.719339847564697,73.68452453613281
2011-03-07,5.669511318206787,73.66844940185547
2011-03-08,5.663974285125732,73.66844940185547
2011-03-09,5.663974285125732,73.66844940185547
2011-03-10,5.591997146606445,73.66844940185547
2011-03-11,5.603071212768555,73.68452453613281
2011-03-14,5.591997146606445,73.68452453613281
2011-03-15,5.481265068054199,73.7005844116211
2011-03-16,5.459118366241455,73.7005844116211
2011-03-17,5.531095027923584,73.7005844116211
2011-03-18,5.531095027923584,73.7005844116211
2011-03-21,5.553240776062012,73.7005844116211
2011-03-22,5.542168140411377,73.66844940185547
2011-03-23,5.5366315841674805,73.68452453613281
2011-03-24,5.542168140411377,73.66844940185547
2011-03-25,5.508948802947998,73.66844940185547
2011-03-28,5.486802101135254,73.68452453613281
2011-03-29,5.503411293029785,73.66844940185547
2011-03-30,5.525558948516846,73.68452453613281
2011-03-31,5.553240776062012,73.66844940185547
2011-04-01,5.586461544036865,73.66844940185547
2011-04-04,5.591997146606445,73.66844940185547
2011-04-05,5.608608245849609,73.66844940185547
2011-04-06,5.647364616394043,73.66844940185547
2011-04-07,5.636291027069092,73.68452453613281
2011-04-08,5.686120986938477,73.66844940185547
2011-04-11,5.658438205718994,73.66844940185547
2011-04-12,5.586461544036865,73.68452453613281
2011-04-13,5.608608245849609,73.68452453613281
2011-04-14,5.608608245849609,73.66844940185547
2011-04-15,5.614145278930664,73.68452453613281
2011-04-18,5.542168140411377,73.66844940185547
2011-04-19,5.575387477874756,73.66844940185547
2011-04-20,5.663974285125732,73.66844940185547
2011-04-21,5.68058443069458,73.66844940185547
2011-04-25,5.686120986938477,73.66844940185547
2011-04-26,5.713803768157959,73.66844940185547
2011-04-27,5.747024059295654,73.66844940185547
2011-04-28,5.780243873596191,73.66844940185547
2011-04-29,5.791316986083984,73.66844940185547
2011-05-02,5.791316986083984,73.66844940185547
2011-05-03,5.763632774353027,73.66844940185547
2011-05-04,5.719339847564697,73.7005844116211
2011-05-05,5.586461544036865,73.7005844116211
2011-05-06,5.580924987792969,73.7005844116211
2011-05-09,5.608608245849609,73.7005844116211
2011-05-10,5.630754470825195,73.7005844116211
2011-05-11,5.575387477874756,73.7005844116211
2011-05-12,5.575387477874756,73.7005844116211
2011-05-13,5.5366315841674805,73.68452453613281
2011-05-16,5.531095027923584,73.68452453613281
2011-05-17,5.525558948516846,73.68452453613281
2011-05-18,5.542168140411377,73.66844940185547
2011-05-19,5.564315319061279,73.7005844116211
2011-05-20,5.558777809143066,73.68452453613281
2011-05-23,5.514485836029053,73.68452453613281
2011-05-24,5.5366315841674805,73.68452453613281
2011-05-25,5.5366315841674805,73.68452453613281
2011-05-26,5.580924987792969,73.68452453613281
2011-05-27,5.614145278930664,73.68452453613281
2011-05-31,5.647364616394043,73.68452453613281
2011-06-01,5.625217437744141,73.66844940185547
2011-06-02,5.614145278930664,73.66844940185547
2011-06-03,5.614145278930664,73.66844940185547
2011-06-06,5.591997146606445,73.66844940185547
2011-06-07,5.597534656524658,73.68452453613281
2011-06-08,5.575387477874756,73.68452453613281
2011-06-09,5.580924987792969,73.66844940185547
2011-06-10,5.5366315841674805,73.68452453613281
2011-06-13,5.542168140411377,73.66844940185547
2011-06-14,5.5366315841674805,73.68452453613281
2011-06-15,5.49233865737915,73.68452453613281
2011-06-16,5.503411293029785,73.68452453613281
2011-06-17,5.497875690460205,73.68452453613281
2011-06-20,5.486802101135254,73.68452453613281
2011-06-21,5.503411293029785,73.66844940185547
2011-06-22,5.520021438598633,73.68452453613281
2011-06-23,5.520021438598633,73.68452453613281
2011-06-24,5.503411293029785,73.66844940185547
2011-06-27,5.514485836029053,73.66844940185547
2011-06-28,5.49233865737915,73.66844940185547
2011-06-29,5.486802101135254,73.68452453613281
2011-06-30,5.486802101135254,73.68452453613281
2011-07-01,5.503411293029785,73.66844940185547
2011-07-05,5.514485836029053,73.66844940185547
2011-07-06,5.520021438598633,73.68452453613281
2011-07-07,5.5366315841674805,73.66844940185547
2011-07-08,5.547705173492432,73.66844940185547
2011-07-11,5.503411293029785,73.65238189697266
2011-07-12,5.464654445648193,73.66844940185547
2011-07-13,5.470191955566406,73.68452453613281
2011-07-14,5.459118366241455,73.68452453613281
2011-07-15,5.486802101135254,73.68452453613281
2011-07-18,5.470191955566406,73.68452453613281
2011-07-19,5.503411293029785,73.68452453613281
2011-07-20,5.481265068054199,73.66844940185547
2011-07-21,5.475728511810303,73.66844940185547
2011-07-22,5.497875690460205,73.68452453613281
2011-07-25,5.49233865737915,73.68452453613281
2011-07-26,5.514485836029053,73.68452453613281
2011-07-27,5.486802101135254,73.68452453613281
2011-07-28,5.486802101135254,73.68452453613281
2011-07-29,5.525558948516846,73.68452453613281
2011-08-01,5.5366315841674805,73.68452453613281
2011-08-02,5.553240776062012,73.68452453613281
2011-08-03,5.542168140411377,73.68452453613281
2011-08-04,5.531095027923584,73.68452453613281
2011-08-05,5.531095027923584,73.68452453613281
2011-08-08,5.531095027923584,73.68452453613281
2011-08-09,5.558777809143066,73.68452453613281
2011-08-10,5.547705173492432,73.68452453613281
2011-08-11,5.553240776062012,73.68452453613281
2011-08-12,5.547705173492432,73.68452453613281
2011-08-15,5.520021438598633,73.68452453613281
2011-08-16,5.531095027923584,73.68452453613281
2011-08-17,5.5366315841674805,73.68452453613281
2011-08-18,5.580924987792969,73.65238189697266
2011-08-19,5.591997146606445,73.68452453613281
2011-08-22,5.580924987792969,73.65238189697266
2011-08-23,5.569851398468018,73.68452453613281
2011-08-24,5.558777809143066,73.68452453613281
2011-08-25,5.547705173492432,73.65238189697266
2011-08-26,5.580924987792969,73.68452453613281
2011-08-29,5.558777809143066,73.68452453613281
2011-08-30,5.569851398468018,73.68452453613281
2011-08-31,5.5366315841674805,73.68452453613281
2011-09-01,5.5366315841674805,73.68452453613281
2011-09-02,5.575387477874756,73.68452453613281
2011-09-06,5.586461544036865,73.66844940185547
2011-09-07,5.553240776062012,73.65238189697266
2011-09-08,5.553240776062012,73.65238189697266
2011-09-09,5.558777809143066,73.66844940185547
2011-09-12,5.553240776062012,73.66844940185547
2011-09-13,5.5366315841674805,73.65238189697266
2011-09-14,5.503411293029785,73.65238189697266
2011-09-15,5.470191955566406,73.65238189697266
2011-09-16,5.470191955566406,73.65238189697266
2011-09-19,5.520021438598633,73.66844940185547
2011-09-20,5.514485836029053,73.66844940185547
2011-09-21,5.497875690460205,73.66844940185547
2011-09-22,5.564315319061279,73.65238189697266
2011-09-23,5.542168140411377,73.66844940185547
2011-09-26,5.531095027923584,73.66844940185547
2011-09-27,5.425899028778076,73.65238189697266
2011-09-28,5.453582286834717,73.66844940185547
2011-09-29,5.425899028778076,73.66844940185547
2011-09-30,5.481265068054199,73.66844940185547
2011-10-03,5.5366315841674805,73.66844940185547
2011-10-04,5.564315319061279,73.66844940185547
2011-10-05,5.514485836029053,73.66844940185547
2011-10-06,5.436972618103027,73.65238189697266
2011-10-07,5.414824962615967,73.66844940185547
2011-10-10,5.353922367095947,73.65238189697266
2011-10-11,5.337312698364258,73.66844940185547
2011-10-12,5.293020248413086,73.65238189697266
2011-10-13,5.320703029632568,73.66844940185547
2011-10-14,5.281946659088135,73.65238189697266
2011-10-17,5.315166473388672,73.65238189697266
2011-10-18,5.3428497314453125,73.66844940185547
2011-10-19,5.337312698364258,73.66844940185547
2011-10-20,5.376069068908691,73.66844940185547
2011-10-21,5.348385810852051,73.65238189697266
2011-10-24,5.287482738494873,73.65238189697266
2011-10-25,5.315166473388672,73.66844940185547
2011-10-26,5.315166473388672,73.66844940185547
2011-10-27,5.221044540405273,73.65238189697266
2011-10-28,5.221044540405273,73.65238189697266
2011-10-31,5.221044540405273,73.63628387451172
2011-11-01,5.281946659088135,73.66844940185547
2011-11-02,5.270873069763184,73.65238189697266
2011-11-03,5.259800434112549,73.63628387451172
2011-11-04,5.254262924194336,73.65238189697266
2011-11-07,5.287482738494873,73.66844940185547
2011-11-08,5.281946659088135,73.66844940185547
2011-11-09,5.293020248413086,73.65238189697266
2011-11-10,5.293020248413086,73.66844940185547
2011-11-11,5.293020248413086,73.65238189697266
2011-11-14,5.304092884063721,73.66844940185547
2011-11-15,5.326239109039307,73.65238189697266
2011-11-16,5.326239109039307,73.66844940185547
2011-11-17,5.320703029632568,73.66844940185547
2011-11-18,5.309630393981934,73.66844940185547
2011-11-21,5.348385810852051,73.66844940185547
2011-11-22,5.359459400177002,73.65238189697266
2011-11-23,5.398214817047119,73.66844940185547
2011-11-25,5.398214817047119,73.66844940185547
2011-11-28,5.3428497314453125,73.66844940185547
2011-11-29,5.326239109039307,73.63628387451172
2011-11-30,5.281946659088135,73.65238189697266
2011-12-01,5.248725891113281,73.63628387451172
2011-12-02,5.243190765380859,73.65238189697266
2011-12-05,5.254262924194336,73.65238189697266
2011-12-06,5.259800434112549,73.66844940185547
2011-12-07,5.281946659088135,73.65238189697266
2011-12-08,5.293020248413086,73.65238189697266
2011-12-09,5.320703029632568,73.63628387451172
2011-12-12,5.348385810852051,73.63628387451172
2011-12-13,5.364996433258057,73.63628387451172
2011-12-14,5.414824962615967,73.65238189697266
2011-12-15,5.414824962615967,73.63628387451172
2011-12-16,5.400320053100586,73.65238189697266
2011-12-19,5.405900001525879,73.65238189697266
2011-12-20,5.366847515106201,73.65238189697266
2011-12-21,5.338954448699951,73.65238189697266
2011-12-22,5.32779598236084,73.65238189697266
2011-12-23,5.322216510772705,73.65238189697266
2011-12-27,5.311058521270752,73.63628387451172
2011-12-28,5.322216510772705,73.6395034790039
2011-12-29,5.338954448699951,73.6395034790039
2011-12-30,5.338954448699951,73.6395034790039
2012-01-03,5.311058521270752,73.62345886230469
2012-01-04,5.32779598236084,73.62345886230469
2012-01-05,5.3556904792785645,73.62345886230469
2012-01-06,5.361268520355225,73.62345886230469
2012-01-09,5.35011100769043,73.6395034790039
2012-01-10,5.322216510772705,73.6395034790039
2012-01-11,5.344532012939453,73.62345886230469
2012-01-12,5.338954448699951,73.62345886230469
2012-01-13,5.366847515106201,73.62345886230469
2012-01-17,5.3556904792785645,73.62345886230469
2012-01-18,5.338954448699951,73.62345886230469
2012-01-19,5.294322967529297,73.62345886230469
2012-01-20,5.288743495941162,73.62345886230469
2012-01-23,5.249692440032959,73.62345886230469
2012-01-24,5.221797943115234,73.62345886230469
2012-01-25,5.2329559326171875,73.62345886230469
2012-01-26,5.260849952697754,73.62345886230469
2012-01-27,5.255270481109619,73.62345886230469
2012-01-30,5.2831645011901855,73.6395034790039
2012-01-31,5.311058521270752,73.62345886230469
2012-02-01,5.316637992858887,73.62345886230469
2012-02-02,5.316637992858887,73.62345886230469
2012-02-03,5.305480480194092,73.62345886230469
2012-02-06,5.305480480194092,73.6395034790039
2012-02-07,5.277585983276367,73.62345886230469
2012-02-08,5.277585983276367,73.6395034790039
2012-02-09,5.272006988525391,73.62345886230469
2012-02-10,5.266428470611572,73.6395034790039
2012-02-13,5.2831645011901855,73.62345886230469
2012-02-14,5.288743495941162,73.6395034790039
2012-02-15,5.305480480194092,73.62345886230469
2012-02-16,5.299901962280273,73.6395034790039
2012-02-17,5.299901962280273,73.62345886230469
2012-02-21,5.294322967529297,73.62345886230469
2012-02-22,5.294322967529297,73.62345886230469
2012-02-23,5.311058521270752,73.62345886230469
2012-02-24,5.333374500274658,73.6395034790039
2012-02-27,5.338954448699951,73.62345886230469
2012-02-28,5.344532012939453,73.62345886230469
2012-02-29,5.35011100769043,73.6395034790039
2012-03-01,5.378005504608154,73.62345886230469
2012-03-02,5.389163017272949,73.62345886230469
2012-03-05,5.338954448699951,73.62345886230469
2012-03-06,5.277585983276367,73.62345886230469
2012-03-07,5.316637992858887,73.62345886230469
2012-03-08,5.3556904792785645,73.6395034790039
2012-03-09,5.366847515106201,73.6395034790039
2012-03-12,5.3556904792785645,73.6395034790039
2012-03-13,5.394741535186768,73.6395034790039
2012-03-14,5.338954448699951,73.62345886230469
2012-03-15,5.338954448699951,73.62345886230469
2012-03-16,5.35011100769043,73.62345886230469
2012-03-19,5.35011100769043,73.6395034790039
2012-03-20,5.322216510772705,73.6395034790039
2012-03-21,5.311058521270752,73.6395034790039
2012-03-22,5.266428470611572,73.6395034790039
2012-03-23,5.2831645011901855,73.6395034790039
2012-03-26,5.322216510772705,73.6395034790039
2012-03-27,5.316637992858887,73.62345886230469
2012-03-28,5.294322967529297,73.6395034790039
2012-03-29,5.294322967529297,73.62345886230469
2012-03-30,5.299901962280273,73.62345886230469
2012-04-02,5.311058521270752,73.60741424560547
2012-04-03,5.311058521270752,73.62345886230469
2012-04-04,5.272006988525391,73.60741424560547
2012-04-05,5.277585983276367,73.62345886230469
2012-04-09,5.249692440032959,73.6395034790039
2012-04-10,5.205061435699463,73.6395034790039
2012-04-11,5.216219425201416,73.6395034790039
2012-04-12,5.2329559326171875,73.62345886230469
2012-04-13,5.255270481109619,73.60741424560547
2012-04-16,5.244112491607666,73.62345886230469
2012-04-17,5.244112491607666,73.62345886230469
2012-04-18,5.255270481109619,73.62345886230469
2012-04-19,5.249692440032959,73.6395034790039
2012-04-20,5.244112491607666,73.62345886230469
2012-04-23,5.266428470611572,73.6395034790039
2012-04-24,5.260849952697754,73.6395034790039
2012-04-25,5.266428470611572,73.62345886230469
2012-04-26,5.266428470611572,73.6395034790039
2012-04-27,5.260849952697754,73.62345886230469
2012-04-30,5.260849952697754,73.6395034790039
2012-05-01,5.266428470611572,73.6395034790039
2012-05-02,5.294322967529297,73.6395034790039
2012-05-03,5.2831645011901855,73.62345886230469
2012-05-04,5.288743495941162,73.62345886230469
2012-05-07,5.2831645011901855,73.6395034790039
2012-05-08,5.294322967529297,73.6395034790039
2012-05-09,5.316637992858887,73.6395034790039
2012-05-10,5.322216510772705,73.6395034790039
2012-05-11,5.338954448699951,73.6395034790039
2012-05-14,5.394741535186768,73.6395034790039
2012-05-15,5.411478042602539,73.6395034790039
2012-05-16,5.4282145500183105,73.6395034790039
2012-05-17,5.422636985778809,73.6395034790039
2012-05-18,5.4282145500183105,73.6395034790039
2012-05-21,5.411478042602539,73.6395034790039
2012-05-22,5.417057037353516,73.60741424560547
2012-05-23,5.489582538604736,73.60741424560547
2012-05-24,5.478425025939941,73.6395034790039
2012-05-25,5.478425025939941,73.6395034790039
2012-05-29,5.4672675132751465,73.6395034790039
2012-05-30,5.556528091430664,73.6395034790039
2012-05-31,5.578843593597412,73.6395034790039
2012-06-01,5.629053115844727,73.6395034790039
2012-06-04,5.612317085266113,73.6395034790039
2012-06-05,5.595580101013184,73.6395034790039
2012-06-06,5.500739097595215,73.62345886230469
2012-06-07,5.472845554351807,73.62345886230469
2012-06-08,5.500739097595215,73.62345886230469
2012-06-11,5.500739097595215,73.62345886230469
2012-06-12,5.478425025939941,73.6395034790039
2012-06-13,5.4672675132751465,73.6395034790039
2012-06-14,5.456108570098877,73.6395034790039
2012-06-15,5.456108570098877,73.62345886230469
2012-06-18,5.456108570098877,73.6395034790039
2012-06-19,5.400320053100586,73.60741424560547
2012-06-20,5.389163017272949,73.60741424560547
2012-06-21,5.456108570098877,73.6395034790039
2012-06-22,5.456108570098877,73.62345886230469
2012-06-25,5.489582538604736,73.6395034790039
2012-06-26,5.484003067016602,73.6395034790039
2012-06-27,5.461688041687012,73.62345886230469
2012-06-28,5.478425025939941,73.6395034790039
2012-06-29,5.333374500274658,73.60741424560547
2012-07-02,5.35011100769043,73.60741424560547
2012-07-03,5.294322967529297,73.60741424560547
2012-07-05,5.361268520355225,73.60741424560547
2012-07-06,5.4282145500183105,73.60741424560547
2012-07-09,5.417057037353516,73.60741424560547
2012-07-10,5.4393720626831055,73.60741424560547
2012-07-11,5.433793067932129,73.60741424560547
2012-07-12,5.478425025939941,73.60741424560547
2012-07-13,5.456108570098877,73.62345886230469
2012-07-16,5.456108570098877,73.60741424560547
2012-07-17,5.4505295753479,73.60741424560547
2012-07-18,5.489582538604736,73.60741424560547
2012-07-19,5.4672675132751465,73.62345886230469
2012-07-20,5.5286335945129395,73.60741424560547
2012-07-23,5.5509490966796875,73.60741424560547
2012-07-24,5.567686557769775,73.62345886230469
2012-07-25,5.556528091430664,73.6395034790039
2012-07-26,5.489582538604736,73.62345886230469
2012-07-27,5.433793067932129,73.6395034790039
2012-07-30,5.456108570098877,73.6395034790039
2012-07-31,5.4505295753479,73.60741424560547
2012-08-01,5.4505295753479,73.62345886230469
2012-08-02,5.489582538604736,73.62345886230469
2012-08-03,5.422636985778809,73.62345886230469
2012-08-06,5.405900001525879,73.6395034790039
2012-08-07,5.366847515106201,73.62345886230469
2012-08-08,5.383584022521973,73.60741424560547
2012-08-09,5.411478042602539,73.60741424560547
2012-08-10,5.4393720626831055,73.60741424560547
2012-08-13,5.405900001525879,73.60741424560547
2012-08-14,5.400320053100586,73.60741424560547
2012-08-15,5.417057037353516,73.60741424560547
2012-08-16,5.417057037353516,73.60741424560547
2012-08-17,5.417057037353516,73.60741424560547
2012-08-20,5.417057037353516,73.60741424560547
2012-08-21,5.400320053100586,73.60741424560547
2012-08-22,5.383584022521973,73.60741424560547
2012-08-23,5.3556904792785645,73.60741424560547
2012-08-24,5.366847515106201,73.60741424560547
2012-08-27,5.3556904792785645,73.60741424560547
2012-08-28,5.338954448699951,73.60741424560547
2012-08-29,5.338954448699951,73.60741424560547
2012-08-30,5.32779598236084,73.60741424560547
2012-08-31,5.338954448699951,73.60741424560547
2012-09-04,5.322216510772705,73.60741424560547
2012-09-05,5.288743495941162,73.62345886230469
2012-09-06,5.344532012939453,73.62345886230469
2012-09-07,5.361268520355225,73.60741424560547
2012-09-10,5.322216510772705,73.60741424560547
2012-09-11,5.32779598236084,73.60741424560547
2012-09-12,5.333374500274658,73.60741424560547
2012-09-13,5.3556904792785645,73.60741424560547
2012-09-14,5.383584022521973,73.60741424560547
2012-09-17,5.338954448699951,73.60741424560547
2012-09-18,5.333374500274658,73.60741424560547
2012-09-19,5.32779598236084,73.60741424560547
2012-09-20,5.322216510772705,73.60741424560547
2012-09-21,5.32779598236084,73.60741424560547
2012-09-24,5.299901962280273,73.60741424560547
2012-09-25,5.294322967529297,73.60741424560547
2012-09-26,5.255270481109619,73.60741424560547
2012-09-27,5.294322967529297,73.62345886230469
2012-09-28,5.299901962280273,73.60741424560547
2012-10-01,5.294322967529297,73.60741424560547
2012-10-02,5.2831645011901855,73.62345886230469
2012-10-03,5.260849952697754,73.60741424560547
2012-10-04,5.299901962280273,73.60741424560547
2012-10-05,5.294322967529297,73.60741424560547
2012-10-08,5.277585983276367,73.60741424560547
2012-10-09,5.255270481109619,73.60741424560547
2012-10-10,5.238534450531006,73.62345886230469
2012-10-11,5.272006988525391,73.62345886230469
2012-10-12,5.255270481109619,73.60741424560547
2012-10-15,5.272006988525391,73.62345886230469
2012-10-16,5.277585983276367,73.60741424560547
2012-10-17,5.294322967529297,73.62345886230469
2012-10-18,5.288743495941162,73.60741424560547
2012-10-19,5.244112491607666,73.60741424560547
2012-10-22,5.244112491607666,73.60741424560547
2012-10-23,5.205061435699463,73.62345886230469
2012-10-24,5.210639953613281,73.62345886230469
2012-10-25,5.2329559326171875,73.60741424560547
2012-10-26,5.216219425201416,73.60741424560547
2012-10-31,5.244112491607666,73.62345886230469
2012-11-01,5.272006988525391,73.62345886230469
2012-11-02,5.260849952697754,73.62345886230469
2012-11-05,5.266428470611572,73.60741424560547
2012-11-06,5.288743495941162,73.60741424560547
2012-11-07,5.255270481109619,73.62345886230469
2012-11-08,5.216219425201416,73.62345886230469
2012-11-09,5.216219425201416,73.62345886230469
2012-11-12,5.205061435699463,73.62345886230469
2012-11-13,5.19390344619751,73.62345886230469
2012-11-14,5.19390344619751,73.62345886230469
2012-11-15,5.205061435699463,73.62345886230469
2012-11-16,5.199481964111328,73.62345886230469
2012-11-19,5.221797943115234,73.62345886230469
2012-11-20,5.221797943115234,73.60741424560547
2012-11-21,5.249692440032959,73.60741424560547
2012-11-23,5.288743495941162,73.60741424560547
2012-11-26,5.277585983276367,73.60741424560547
2012-11-27,5.272006988525391,73.60741424560547
2012-11-28,5.2831645011901855,73.60741424560547
2012-11-29,5.305480480194092,73.60741424560547
2012-11-30,5.322216510772705,73.60741424560547
2012-12-03,5.299901962280273,73.60741424560547
2012-12-04,5.305480480194092,73.60741424560547
2012-12-05,5.338954448699951,73.60741424560547
2012-12-06,5.35011100769043,73.60741424560547
2012-12-07,5.35011100769043,73.60741424560547
2012-12-10,5.366847515106201,73.60741424560547
2012-12-11,5.389163017272949,73.60741424560547
2012-12-12,5.422636985778809,73.60741424560547
2012-12-13,5.422636985778809,73.60741424560547
2012-12-14,5.414203643798828,73.60741424560547
2012-12-17,5.4085798263549805,73.60741424560547
2012-12-18,5.4310688972473145,73.62345886230469
2012-12-19,5.442314147949219,73.60741424560547
2012-12-20,5.453557968139648,73.60741424560547
2012-12-21,5.402958869934082,73.60741424560547
2012-12-24,5.414203643798828,73.60741424560547
2012-12-26,5.436691761016846,73.60741424560547
2012-12-27,5.464803695678711,73.60741424560547
2012-12-28,5.453557968139648,73.62345886230469
2012-12-31,5.498536109924316,73.60741424560547
2013-01-02,5.560380458831787,73.60741424560547
2013-01-03,5.549135684967041,73.60741424560547
2013-01-04,5.571624755859375,73.62345886230469
2013-01-07,5.56600284576416,73.59131622314453
2013-01-08,5.537891864776611,73.59131622314453
2013-01-09,5.577247619628906,73.59131622314453
2013-01-10,5.605358600616455,73.59131622314453
2013-01-11,5.605358600616455,73.59131622314453
2013-01-14,5.616603374481201,73.59131622314453
2013-01-15,5.5884904861450195,73.59131622314453
2013-01-16,5.56600284576416,73.59131622314453
2013-01-17,5.605358600616455,73.60741424560547
2013-01-18,5.59973669052124,73.59131622314453
2013-01-22,5.5884904861450195,73.59131622314453
2013-01-23,5.5884904861450195,73.59131622314453
2013-01-24,5.63347053527832,73.60741424560547
2013-01-25,5.650336742401123,73.59131622314453
2013-01-28,5.63347053527832,73.59131622314453
2013-01-29,5.667203903198242,73.59131622314453
2013-01-30,5.667203903198242,73.59131622314453
2013-01-31,5.678447246551514,73.60741424560547
2013-02-01,5.72904634475708,73.59131622314453
2013-02-04,5.667203903198242,73.59131622314453
2013-02-05,5.700937271118164,73.60741424560547
2013-02-06,5.695313930511475,73.60741424560547
2013-02-07,5.655958652496338,73.60741424560547
2013-02-08,5.655958652496338,73.60741424560547
2013-02-11,5.678447246551514,73.60741424560547
2013-02-12,5.695313930511475,73.60741424560547
2013-02-13,5.712181091308594,73.59131622314453
2013-02-14,5.700937271118164,73.60741424560547
2013-02-15,5.71780252456665,73.59131622314453
2013-02-19,5.751535892486572,73.59131622314453
2013-02-20,5.71780252456665,73.60741424560547
2013-02-21,5.63347053527832,73.59131622314453
2013-02-22,5.655958652496338,73.60741424560547
2013-02-25,5.582870006561279,73.59131622314453
2013-02-26,5.543513298034668,73.59131622314453
2013-02-27,5.582870006561279,73.60741424560547
2013-02-28,5.610980987548828,73.60741424560547
2013-03-01,5.644713878631592,73.60741424560547
2013-03-04,5.63347053527832,73.59131622314453
2013-03-05,5.672825336456299,73.60741424560547
2013-03-06,5.700937271118164,73.59131622314453
2013-03-07,5.706558704376221,73.60741424560547
2013-03-08,5.72342586517334,73.59131622314453
2013-03-11,5.751535892486572,73.60741424560547
2013-03-12,5.740292072296143,73.59131622314453
2013-03-13,5.72904634475708,73.60741424560547
2013-03-14,5.71780252456665,73.60741424560547
2013-03-15,5.72342586517334,73.60741424560547
2013-03-18,5.700937271118164,73.59131622314453
2013-03-19,5.684069633483887,73.59131622314453
2013-03-20,5.712181091308594,73.59131622314453
2013-03-21,5.661580562591553,73.59131622314453
2013-03-22,5.650336742401123,73.60741424560547
2013-03-25,5.644713878631592,73.59131622314453
2013-03-26,5.678447246551514,73.60741424560547
2013-03-27,5.684069633483887,73.59131622314453
2013-03-28,5.661580562591553,73.60741424560547
2013-04-01,5.605358600616455,73.59131622314453
2013-04-02,5.661580562591553,73.60741424560547
2013-04-03,5.616603374481201,73.59131622314453
2013-04-04,5.712181091308594,73.59131622314453
2013-04-05,5.7346696853637695,73.60741424560547
2013-04-08,5.796514511108398,73.60741424560547
2013-04-09,5.774024486541748,73.60741424560547
2013-04-10,5.835870742797852,73.60741424560547
2013-04-11,5.869602680206299,73.59131622314453
2013-04-12,5.880847930908203,73.60741424560547
2013-04-15,5.819004058837891,73.60741424560547
2013-04-16,5.858358860015869,73.60741424560547
2013-04-17,5.835870742797852,73.60741424560547
2013-04-18,5.819004058837891,73.59131622314453
2013-04-19,5.863980770111084,73.60741424560547
2013-04-22,5.858358860015869,73.60741424560547
2013-04-23,5.880847930908203,73.60741424560547
2013-04-24,5.892091751098633,73.60741424560547
2013-04-25,5.863980770111084,73.59131622314453
2013-04-26,5.858358860015869,73.59131622314453
2013-04-29,5.886470317840576,73.59131622314453
2013-04-30,5.8977131843566895,73.59131622314453
2013-05-01,5.908958911895752,73.59131622314453
2013-05-02,5.925825119018555,73.60741424560547
2013-05-03,5.903337001800537,73.59131622314453
2013-05-06,5.8977131843566895,73.59131622314453
2013-05-07,5.880847930908203,73.59131622314453
2013-05-08,5.8977131843566895,73.60741424560547
2013-05-09,5.925825119018555,73.60741424560547
2013-05-10,5.8977131843566895,73.59131622314453
2013-05-13,5.886470317840576,73.60741424560547
2013-05-14,5.908958911895752,73.59131622314453
2013-05-15,5.948314666748047,73.59131622314453
2013-05-16,5.948314666748047,73.59131622314453
2013-05-17,5.970803260803223,73.60741424560547
2013-05-20,5.953935623168945,73.59131622314453
2013-05-21,5.96518087387085,73.60741424560547
2013-05-22,5.959558963775635,73.60741424560547
2013-05-23,5.886470317840576,73.60741424560547
2013-05-24,5.858358860015869,73.60741424560547
2013-05-28,5.8977131843566895,73.59131622314453
2013-05-29,5.83024787902832,73.60741424560547
2013-05-30,5.80775785446167,73.59131622314453
2013-05-31,5.774024486541748,73.60741424560547
2013-06-03,5.72342586517334,73.60741424560547
2013-06-04,5.740292072296143,73.60741424560547
2013-06-05,5.689691543579102,73.60741424560547
2013-06-06,5.6390910148620605,73.59131622314453
2013-06-07,5.689691543579102,73.60741424560547
2013-06-10,5.72904634475708,73.59131622314453
2013-06-11,5.695313930511475,73.60741424560547
2013-06-12,5.689691543579102,73.59131622314453
2013-06-13,5.672825336456299,73.60741424560547
2013-06-14,5.622225284576416,73.59131622314453
2013-06-17,5.655958652496338,73.59131622314453
2013-06-18,5.700937271118164,73.59131622314453
2013-06-19,5.695313930511475,73.59131622314453
2013-06-20,5.71780252456665,73.59131622314453
2013-06-21,5.684069633483887,73.60741424560547
2013-06-24,5.700937271118164,73.60741424560547
2013-06-25,5.684069633483887,73.60741424560547
2013-06-26,5.678447246551514,73.60741424560547
2013-06-27,5.684069633483887,73.59131622314453
2013-06-28,5.684069633483887,73.59131622314453
2013-07-01,5.684069633483887,73.60741424560547
2013-07-02,5.684069633483887,73.59131622314453
2013-07-03,5.700937271118164,73.60741424560547
2013-07-05,5.745914936065674,73.60741424560547
2013-07-08,5.72904634475708,73.57524108886719
2013-07-09,5.700937271118164,73.57524108886719
2013-07-10,5.72342586517334,73.57524108886719
2013-07-11,5.706558704376221,73.57524108886719
2013-07-12,5.72342586517334,73.57524108886719
2013-07-15,5.7346696853637695,73.57524108886719
2013-07-16,5.700937271118164,73.57524108886719
2013-07-17,5.706558704376221,73.57524108886719
2013-07-18,5.72342586517334,73.59131622314453
2013-07-19,5.71780252456665,73.59131622314453
2013-07-22,5.678447246551514,73.59131622314453
2013-07-23,5.684069633483887,73.59131622314453
2013-07-24,5.7346696853637695,73.60741424560547
2013-07-25,5.712181091308594,73.57524108886719
2013-07-26,5.695313930511475,73.57524108886719
2013-07-29,5.689691543579102,73.59131622314453
2013-07-30,5.706558704376221,73.57524108886719
2013-07-31,5.71780252456665,73.59131622314453
2013-08-01,5.785269737243652,73.57524108886719
2013-08-02,5.790892124176025,73.59131622314453
2013-08-05,5.779647350311279,73.59131622314453
2013-08-06,5.774024486541748,73.59131622314453
2013-08-07,5.745914936065674,73.57524108886719
2013-08-08,5.71780252456665,73.57524108886719
2013-08-09,5.700937271118164,73.59131622314453
2013-08-12,5.684069633483887,73.59131622314453
2013-08-13,5.745914936065674,73.59131622314453
2013-08-14,5.72342586517334,73.59131622314453
2013-08-15,5.712181091308594,73.59131622314453
2013-08-16,5.72342586517334,73.59131622314453
2013-08-19,5.71780252456665,73.57524108886719
2013-08-20,5.7346696853637695,73.59131622314453
2013-08-21,5.745914936065674,73.59131622314453
2013-08-22,5.796514511108398,73.57524108886719
2013-08-23,5.779647350311279,73.59131622314453
2013-08-26,5.7346696853637695,73.57524108886719
2013-08-27,5.712181091308594,73.57524108886719
2013-08-28,5.72342586517334,73.57524108886719
2013-08-29,5.712181091308594,73.59131622314453
2013-08-30,5.689691543579102,73.59131622314453
2013-09-03,5.71780252456665,73.59131622314453
2013-09-04,5.712181091308594,73.59131622314453
2013-09-05,5.762780666351318,73.59131622314453
2013-09-06,5.71780252456665,73.59131622314453
2013-09-09,5.712181091308594,73.55919647216797
2013-09-10,5.740292072296143,73.57524108886719
2013-09-11,5.71780252456665,73.57524108886719
2013-09-12,5.706558704376221,73.57524108886719
2013-09-13,5.72342586517334,73.59131622314453
2013-09-16,5.700937271118164,73.57524108886719
2013-09-17,5.700937271118164,73.57524108886719
2013-09-18,5.700937271118164,73.59131622314453
2013-09-19,5.695313930511475,73.59131622314453
2013-09-20,5.706558704376221,73.57524108886719
2013-09-23,5.661580562591553,73.57524108886719
2013-09-24,5.644713878631592,73.57524108886719
2013-09-25,5.622225284576416,73.57524108886719
2013-09-26,5.627847194671631,73.57524108886719
2013-09-27,5.616603374481201,73.57524108886719
2013-09-30,5.59973669052124,73.57524108886719
2013-10-01,5.616603374481201,73.59131622314453
2013-10-02,5.610980987548828,73.59131622314453
2013-10-03,5.605358600616455,73.59131622314453
2013-10-04,5.59973669052124,73.59131622314453
2013-10-07,5.56600284576416,73.59131622314453
2013-10-08,5.543513298034668,73.59131622314453
2013-10-09,5.526647090911865,73.57524108886719
2013-10-10,5.582870006561279,73.55919647216797
2013-10-11,5.610980987548828,73.54315185546875
2013-10-14,5.616603374481201,73.54315185546875
2013-10-15,5.63347053527832,73.54315185546875
2013-10-16,5.655958652496338,73.55919647216797
2013-10-17,5.672825336456299,73.55919647216797
2013-10-18,5.672825336456299,73.57524108886719
2013-10-21,5.689691543579102,73.57524108886719
2013-10-22,5.71780252456665,73.57524108886719
2013-10-23,5.672825336456299,73.57524108886719
2013-10-24,5.684069633483887,73.55919647216797
2013-10-25,5.678447246551514,73.57524108886719
2013-10-28,5.689691543579102,73.57524108886719
2013-10-29,5.689691543579102,73.55919647216797
2013-10-30,5.689691543579102,73.55919647216797
2013-10-31,5.655958652496338,73.55919647216797
2013-11-01,5.6390910148620605,73.55919647216797
2013-11-04,5.672825336456299,73.55919647216797
2013-11-05,5.655958652496338,73.55919647216797
2013-11-06,5.695313930511475,73.57524108886719
2013-11-07,5.650336742401123,73.55919647216797
2013-11-08,5.661580562591553,73.55919647216797
2013-11-11,5.684069633483887,73.57524108886719
2013-11-12,5.706558704376221,73.57524108886719
2013-11-13,5.700937271118164,73.57524108886719
2013-11-14,5.72342586517334,73.55919647216797
2013-11-15,5.740292072296143,73.55919647216797
2013-11-18,5.7571587562561035,73.55919647216797
2013-11-19,5.751535892486572,73.55919647216797
2013-11-20,5.72342586517334,73.55919647216797
2013-11-21,5.762780666351318,73.57524108886719
2013-11-22,5.779647350311279,73.55919647216797
2013-11-25,5.796514511108398,73.55919647216797
2013-11-26,5.790892124176025,73.55919647216797
2013-11-27,5.84149169921875,73.57524108886719
2013-11-29,5.858358860015869,73.54315185546875
2013-12-02,5.880847930908203,73.55919647216797
2013-12-03,5.83024787902832,73.57524108886719
2013-12-04,5.796514511108398,73.57524108886719
2013-12-05,5.774024486541748,73.57524108886719
2013-12-06,5.852736949920654,73.57524108886719
2013-12-09,5.880847930908203,73.57524108886719
2013-12-10,5.835870742797852,73.55919647216797
2013-12-11,5.785269737243652,73.57524108886719
2013-12-12,5.824625015258789,73.57524108886719
2013-12-13,5.8021368980407715,73.57524108886719
2013-12-16,5.813381671905518,73.55919647216797
2013-12-17,5.80775785446167,73.55919647216797
2013-12-18,5.892091751098633,73.57524108886719
2013-12-19,5.892091751098633,73.57524108886719
2013-12-20,5.90742826461792,73.55919647216797
2013-12-23,5.930149555206299,73.55919647216797
2013-12-24,5.9415106773376465,73.55919647216797
2013-12-26,5.969911098480225,73.55919647216797
2013-12-27,6.021033763885498,73.57524108886719
2013-12-30,6.021033763885498,73.57524108886719
2013-12-31,6.015352725982666,73.54315185546875
2014-01-02,5.964231491088867,73.54315185546875
2014-01-03,5.930149555206299,73.55919647216797
2014-01-06,5.896069049835205,73.54315185546875
2014-01-07,5.930149555206299,73.55919647216797
2014-01-08,5.981270790100098,73.55919647216797
2014-01-09,5.98695182800293,73.54315185546875
2014-01-10,5.924469470977783,73.55919647216797
2014-01-13,5.856307029724121,73.55919647216797
2014-01-14,5.9415106773376465,73.55919647216797
2014-01-15,5.98695182800293,73.55919647216797
2014-01-16,5.975591659545898,73.55919647216797
2014-01-17,5.969911098480225,73.54315185546875
2014-01-21,5.992631912231445,73.55919647216797
2014-01-22,6.026712894439697,73.55919647216797
2014-01-23,5.981270790100098,73.55919647216797
2014-01-24,5.873347759246826,73.54315185546875
2014-01-27,5.873347759246826,73.54315185546875
2014-01-28,5.884706974029541,73.54315185546875
2014-01-29,5.8790283203125,73.55919647216797
2014-01-30,5.867666244506836,73.55919647216797
2014-01-31,5.827905654907227,73.54315185546875
2014-02-03,5.748382568359375,73.54315185546875
2014-02-04,5.719980716705322,73.55919647216797
2014-02-05,5.68589973449707,73.54315185546875
2014-02-06,5.697259902954102,73.54315185546875
2014-02-07,5.719980716705322,73.55919647216797
2014-02-10,5.708621501922607,73.54315185546875
2014-02-11,5.702940940856934,73.54315185546875
2014-02-12,5.68589973449707,73.55919647216797
2014-02-13,5.73134183883667,73.55919647216797
2014-02-14,5.708621501922607,73.55919647216797
2014-02-18,5.708621501922607,73.54315185546875
2014-02-19,5.725661754608154,73.55919647216797
2014-02-20,5.719980716705322,73.55919647216797
2014-02-21,5.742701530456543,73.54315185546875
2014-02-24,5.714301586151123,73.55919647216797
2014-02-25,5.725661754608154,73.55919647216797
2014-02-26,5.742701530456543,73.55919647216797
2014-02-27,5.748382568359375,73.54315185546875
2014-02-28,5.759743690490723,73.55919647216797
2014-03-03,5.691580295562744,73.55919647216797
2014-03-04,5.742701530456543,73.54315185546875
2014-03-05,5.719980716705322,73.55919647216797
2014-03-06,5.737022399902344,73.55919647216797
2014-03-07,5.771103382110596,73.54315185546875
2014-03-10,5.759743690490723,73.54315185546875
2014-03-11,5.754062652587891,73.54315185546875
2014-03-12,5.719980716705322,73.54315185546875
2014-03-13,5.668859481811523,73.54315185546875
2014-03-14,5.646137237548828,73.54315185546875
2014-03-17,5.68589973449707,73.54315185546875
2014-03-18,5.725661754608154,73.54315185546875
2014-03-19,5.714301586151123,73.55919647216797
2014-03-20,5.702940940856934,73.54315185546875
2014-03-21,5.668859481811523,73.55919647216797
2014-03-24,5.657499313354492,73.55919647216797
2014-03-25,5.657499313354492,73.55919647216797
2014-03-26,5.6290974617004395,73.54315185546875
2014-03-27,5.617737293243408,73.54315185546875
2014-03-28,5.6290974617004395,73.54315185546875
2014-03-31,5.65181827545166,73.54315185546875
2014-04-01,5.668859481811523,73.54315185546875
2014-04-02,5.646137237548828,73.54315185546875
2014-04-03,5.646137237548828,73.55919647216797
2014-04-04,5.6063761711120605,73.54315185546875
2014-04-07,5.572295188903809,73.54315185546875
2014-04-08,5.560935020446777,73.54315185546875
2014-04-09,5.6063761711120605,73.54315185546875
2014-04-10,5.577976226806641,73.54315185546875
2014-04-11,5.5552544593811035,73.54315185546875
2014-04-14,5.549574375152588,73.54315185546875
2014-04-15,5.577976226806641,73.54315185546875
2014-04-16,5.612056732177734,73.54315185546875
2014-04-17,5.617737293243408,73.55919647216797
2014-04-21,5.617737293243408,73.54315185546875
2014-04-22,5.6347784996032715,73.52703857421875
2014-04-23,5.612056732177734,73.54315185546875
2014-04-24,5.6063761711120605,73.54315185546875
2014-04-25,5.583655834197998,73.54315185546875
2014-04-28,5.589336395263672,73.54315185546875
2014-04-29,5.617737293243408,73.54315185546875
2014-04-30,5.6290974617004395,73.54315185546875
2014-05-01,5.6063761711120605,73.52703857421875
2014-05-02,5.612056732177734,73.54315185546875
2014-05-05,5.6063761711120605,73.54315185546875
2014-05-06,5.600696563720703,73.52703857421875
2014-05-07,5.600696563720703,73.52703857421875
2014-05-08,5.589336395263672,73.52703857421875
2014-05-09,5.577976226806641,73.54315185546875
2014-05-12,5.589336395263672,73.52703857421875
2014-05-13,5.600696563720703,73.54315185546875
2014-05-14,5.583655834197998,73.54315185546875
2014-05-15,5.5552544593811035,73.54315185546875
2014-05-16,5.560935020446777,73.54315185546875
2014-05-19,5.572295188903809,73.54315185546875
2014-05-20,5.5552544593811035,73.54315185546875
2014-05-21,5.595016956329346,73.52703857421875
2014-05-22,5.600696563720703,73.52703857421875
2014-05-23,5.612056732177734,73.54315185546875
2014-05-27,5.6290974617004395,73.52703857421875
2014-05-28,5.623417377471924,73.54315185546875
2014-05-29,5.6290974617004395,73.52703857421875
2014-05-30,5.646137237548828,73.54315185546875
2014-06-02,5.640458583831787,73.52703857421875
2014-06-03,5.612056732177734,73.52703857421875
2014-06-04,5.595016956329346,73.52703857421875
2014-06-05,5.646137237548828,73.52703857421875
2014-06-06,5.646137237548828,73.52703857421875
2014-06-09,5.674540042877197,73.54315185546875
2014-06-10,5.668859481811523,73.54315185546875
2014-06-11,5.663179397583008,73.52703857421875
2014-06-12,5.680219650268555,73.54315185546875
2014-06-13,5.674540042877197,73.52703857421875
2014-06-16,5.668859481811523,73.54315185546875
2014-06-17,5.663179397583008,73.52703857421875
2014-06-18,5.68589973449707,73.54315185546875
2014-06-19,5.697259902954102,73.54315185546875
2014-06-20,5.691580295562744,73.54315185546875
2014-06-23,5.674540042877197,73.54315185546875
2014-06-24,5.668859481811523,73.54315185546875
2014-06-25,5.680219650268555,73.52703857421875
2014-06-26,5.691580295562744,73.52703857421875
2014-06-27,5.68589973449707,73.54315185546875
2014-06-30,5.702940940856934,73.52703857421875
2014-07-01,5.742701530456543,73.54315185546875
2014-07-02,5.742701530456543,73.54315185546875
2014-07-03,5.776782989501953,73.52703857421875
2014-07-07,5.748382568359375,73.54315185546875
2014-07-08,5.73134183883667,73.54315185546875
2014-07-09,5.742701530456543,73.52703857421875
2014-07-10,5.725661754608154,73.52703857421875
2014-07-11,5.73134183883667,73.52703857421875
2014-07-14,5.737022399902344,73.52703857421875
2014-07-15,5.742701530456543,73.52703857421875
2014-07-16,5.742701530456543,73.52703857421875
2014-07-17,5.708621501922607,73.52703857421875
2014-07-18,5.725661754608154,73.51095581054688
2014-07-21,5.73134183883667,73.52703857421875
2014-07-22,5.759743690490723,73.51095581054688
2014-07-23,5.776782989501953,73.52703857421875
2014-07-24,5.748382568359375,73.52703857421875
2014-07-25,5.725661754608154,73.52703857421875
2014-07-28,5.725661754608154,73.52703857421875
2014-07-29,5.742701530456543,73.52703857421875
2014-07-30,5.73134183883667,73.52703857421875
2014-07-31,5.680219650268555,73.51095581054688
2014-08-01,5.646137237548828,73.52703857421875
2014-08-04,5.65181827545166,73.52703857421875
2014-08-05,5.646137237548828,73.51095581054688
2014-08-06,5.617737293243408,73.51095581054688
2014-08-07,5.6063761711120605,73.52703857421875
2014-08-08,5.612056732177734,73.51095581054688
2014-08-11,5.6063761711120605,73.51095581054688
2014-08-12,5.6290974617004395,73.51095581054688
2014-08-13,5.6347784996032715,73.52703857421875
2014-08-14,5.663179397583008,73.51095581054688
2014-08-15,5.668859481811523,73.52703857421875
2014-08-18,5.702940940856934,73.51095581054688
2014-08-19,5.725661754608154,73.52703857421875
2014-08-20,5.742701530456543,73.51095581054688
2014-08-21,5.719980716705322,73.52703857421875
2014-08-22,5.742701530456543,73.52703857421875
2014-08-25,5.771103382110596,73.52703857421875
2014-08-26,5.776782989501953,73.52703857421875
2014-08-27,5.788143634796143,73.51095581054688
2014-08-28,5.782464504241943,73.52703857421875
2014-08-29,5.8108649253845215,73.52703857421875
2014-09-02,5.839266300201416,73.51095581054688
2014-09-03,5.833585262298584,73.52703857421875
2014-09-04,5.890388488769531,73.51095581054688
2014-09-05,5.901748180389404,73.52703857421875
2014-09-08,5.918789386749268,73.51095581054688
2014-09-09,5.8790283203125,73.51095581054688
2014-09-10,5.896069049835205,73.52703857421875
2014-09-11,5.896069049835205,73.51095581054688
2014-09-12,5.873347759246826,73.51095581054688
2014-09-15,5.856307029724121,73.51095581054688
2014-09-16,5.856307029724121,73.51095581054688
2014-09-17,5.896069049835205,73.51095581054688
2014-09-18,5.918789386749268,73.52703857421875
2014-09-19,5.969911098480225,73.52703857421875
2014-09-22,5.964231491088867,73.52703857421875
2014-09-23,5.9415106773376465,73.52703857421875
2014-09-24,5.975591659545898,73.52703857421875
2014-09-25,5.935829162597656,73.52703857421875
2014-09-26,5.98695182800293,73.52703857421875
2014-09-29,5.9528703689575195,73.51095581054688
2014-09-30,6.00967264175415,73.52703857421875
2014-10-01,5.981270790100098,73.52703857421875
2014-10-02,5.930149555206299,73.52703857421875
2014-10-03,6.021033763885498,73.49492645263672
2014-10-06,5.9415106773376465,73.49492645263672
2014-10-07,5.90742826461792,73.51095581054688
2014-10-08,5.924469470977783,73.51095581054688
2014-10-09,5.935829162597656,73.51095581054688
2014-10-10,5.9528703689575195,73.51095581054688
2014-10-13,5.913108825683594,73.51095581054688
2014-10-14,5.947190761566162,73.49492645263672
2014-10-15,5.981270790100098,73.49492645263672
2014-10-16,5.9415106773376465,73.51095581054688
2014-10-17,5.924469470977783,73.51095581054688
2014-10-20,5.930149555206299,73.51095581054688
2014-10-21,5.901748180389404,73.49492645263672
2014-10-22,5.918789386749268,73.51095581054688
2014-10-23,5.890388488769531,73.49492645263672
2014-10-24,5.901748180389404,73.49492645263672
2014-10-27,5.90742826461792,73.49492645263672
2014-10-28,5.884706974029541,73.49492645263672
2014-10-29,5.86198616027832,73.51095581054688
2014-10-30,5.901748180389404,73.49492645263672
2014-10-31,5.947190761566162,73.51095581054688
2014-11-03,5.992631912231445,73.49492645263672
2014-11-04,6.038074016571045,73.51095581054688
2014-11-05,6.049433708190918,73.49492645263672
2014-11-06,6.083515167236328,73.51095581054688
2014-11-07,6.038074016571045,73.49492645263672
2014-11-10,6.066474914550781,73.51095581054688
2014-11-11,6.060794830322266,73.51095581054688
2014-11-12,6.072154998779297,73.51095581054688
2014-11-13,6.123277187347412,73.49492645263672
2014-11-14,6.106236934661865,73.49492645263672
2014-11-17,6.134637832641602,73.51095581054688
2014-11-18,6.140317916870117,73.49492645263672
2014-11-19,6.163038730621338,73.49492645263672
2014-11-20,6.163038730621338,73.49492645263672
2014-11-21,6.180078983306885,73.49492645263672
2014-11-24,6.19711971282959,73.51095581054688
2014-11-25,6.214159965515137,73.51095581054688
2014-11-26,6.225520133972168,73.49492645263672
2014-11-28,6.401607990264893,73.51095581054688
2014-12-01,6.322085380554199,73.49492645263672
2014-12-02,6.384566307067871,73.49492645263672
2014-12-03,6.407286167144775,73.49492645263672
2014-12-04,6.401607990264893,73.49492645263672
2014-12-05,6.464090824127197,73.51095581054688
2014-12-08,6.452728271484375,73.51095581054688
2014-12-09,6.395927906036377,73.49492645263672
2014-12-10,6.3902482986450195,73.49492645263672
2014-12-11,6.447049617767334,73.49492645263672
2014-12-12,6.447049617767334,73.51095581054688
2014-12-15,6.430008888244629,73.47886657714844
2014-12-16,6.4356889724731445,73.47886657714844
2014-12-17,6.469770908355713,73.47886657714844
2014-12-18,6.4754509925842285,73.49492645263672
2014-12-19,6.474209785461426,73.47886657714844
2014-12-22,6.536281585693359,73.47886657714844
2014-12-23,6.536281585693359,73.47886657714844
2014-12-24,6.548696994781494,73.49492645263672
2014-12-26,6.567318916320801,73.47886657714844
2014-12-29,6.610768795013428,73.47886657714844
2014-12-30,6.561110973358154,73.47886657714844
2014-12-31,6.598355770111084,73.49492645263672
2015-01-02,6.660427093505859,73.47886657714844
2015-01-05,6.666635513305664,73.49492645263672
2015-01-06,6.660427093505859,73.47886657714844
2015-01-07,6.716292858123779,73.47886657714844
2015-01-08,6.753536701202393,73.47886657714844
2015-01-09,6.741122722625732,73.47886657714844
2015-01-12,6.778366565704346,73.47886657714844
2015-01-13,6.790781021118164,73.47886657714844
2015-01-14,6.765950679779053,73.47886657714844
2015-01-15,6.778366565704346,73.47886657714844
2015-01-16,6.759744644165039,73.47886657714844
2015-01-20,6.803194999694824,73.47886657714844
2015-01-21,6.765950679779053,73.49492645263672
2015-01-22,6.852853298187256,73.47886657714844
2015-01-23,6.958378314971924,73.49492645263672
2015-01-26,6.933549404144287,73.49492645263672
2015-01-27,6.88389253616333,73.49492645263672
2015-01-28,6.9211344718933105,73.47886657714844
2015-01-29,6.939755916595459,73.47886657714844
2015-01-30,6.914927959442139,73.47886657714844
2015-02-02,6.914927959442139,73.47886657714844
2015-02-03,6.796988487243652,73.49492645263672
2015-02-04,6.846646785736084,73.47886657714844
2015-02-05,6.803194999694824,73.47886657714844
2015-02-06,6.790781021118164,73.47886657714844
2015-02-09,6.741122722625732,73.4627685546875
2015-02-10,6.765950679779053,73.47886657714844
2015-02-11,6.790781021118164,73.4627685546875
2015-02-12,6.78457498550415,73.4627685546875
2015-02-13,6.778366565704346,73.47886657714844
2015-02-17,6.728708744049072,73.47886657714844
2015-02-18,6.765950679779053,73.47886657714844
2015-02-19,6.803194999694824,73.47886657714844
2015-02-20,6.803194999694824,73.4627685546875
2015-02-23,6.865269660949707,73.47886657714844
2015-02-24,6.859061241149902,73.4627685546875
2015-02-25,6.840439319610596,73.47886657714844
2015-02-26,6.896304607391357,73.4627685546875
2015-02-27,6.859061241149902,73.47886657714844
2015-03-02,6.8900980949401855,73.4627685546875
2015-03-03,6.840439319610596,73.47886657714844
2015-03-04,6.88389253616333,73.47886657714844
2015-03-05,6.914927959442139,73.47886657714844
2015-03-06,6.958378314971924,73.4627685546875
2015-03-09,6.958378314971924,73.47886657714844
2015-03-10,7.008037567138672,73.47886657714844
2015-03-11,7.082525253295898,73.47886657714844
2015-03-12,7.094939708709717,73.4627685546875
2015-03-13,7.169427394866943,73.47886657714844
2015-03-16,7.1818413734436035,73.47886657714844
2015-03-17,7.200462341308594,73.47886657714844
2015-03-18,7.169427394866943,73.47886657714844
2015-03-19,7.231498718261719,73.47886657714844
2015-03-20,7.163218975067139,73.47886657714844
2015-03-23,7.07631778717041,73.4627685546875
2015-03-24,7.119767665863037,73.47886657714844
2015-03-25,7.070110321044922,73.4627685546875
2015-03-26,7.026658058166504,73.4627685546875
2015-03-27,7.082525253295898,73.4627685546875
2015-03-30,7.1321821212768555,73.44673156738281
2015-03-31,7.163218975067139,73.47886657714844
2015-04-01,7.138388633728027,73.44673156738281
2015-04-02,7.113560199737549,73.4627685546875
2015-04-06,7.08873176574707,73.4627685546875
2015-04-07,7.138388633728027,73.47886657714844
2015-04-08,7.194255352020264,73.47886657714844
2015-04-09,7.256328105926514,73.4627685546875
2015-04-10,7.293571472167969,73.4627685546875
2015-04-13,7.324608325958252,73.44673156738281
2015-04-14,7.293571472167969,73.4627685546875
2015-04-15,7.281157493591309,73.44673156738281
2015-04-16,7.2190842628479,73.4627685546875
2015-04-17,7.163218975067139,73.44673156738281
2015-04-20,7.21287727355957,73.44673156738281
2015-04-21,7.2190842628479,73.4627685546875
2015-04-22,7.206669807434082,73.44673156738281
2015-04-23,7.163218975067139,73.44673156738281
2015-04-24,7.188048839569092,73.44673156738281
2015-04-27,7.194255352020264,73.4627685546875
2015-04-28,7.150805950164795,73.4627685546875
2015-04-29,7.001829147338867,73.4627685546875
2015-04-30,6.933549404144287,73.4627685546875
2015-05-01,6.939755916595459,73.44673156738281
2015-05-04,6.9459638595581055,73.4627685546875
2015-05-05,6.8714752197265625,73.4627685546875
2015-05-06,6.796988487243652,73.4627685546875
2015-05-07,6.803194999694824,73.44673156738281
2015-05-08,6.846646785736084,73.4627685546875
2015-05-11,6.852853298187256,73.44673156738281
2015-05-12,6.834232330322266,73.4627685546875
2015-05-13,6.821817874908447,73.4627685546875
2015-05-14,6.809403896331787,73.44673156738281
2015-05-15,6.809403896331787,73.44673156738281
2015-05-18,6.803194999694824,73.44673156738281
2015-05-19,6.859061241149902,73.44673156738281
2015-05-20,6.88389253616333,73.44673156738281
2015-05-21,6.896304607391357,73.4627685546875
2015-05-22,6.908720016479492,73.4627685546875
2015-05-26,6.939755916595459,73.4627685546875
2015-05-27,6.976998805999756,73.4627685546875
2015-05-28,6.964585781097412,73.44673156738281
2015-05-29,6.9211344718933105,73.44673156738281
2015-06-01,6.914927959442139,73.44673156738281
2015-06-02,6.834232330322266,73.4627685546875
2015-06-03,6.834232330322266,73.4627685546875
2015-06-04,6.815610885620117,73.44673156738281
2015-06-05,6.834232330322266,73.44673156738281
2015-06-08,6.753536701202393,73.43067169189453
2015-06-09,6.710087299346924,73.43067169189453
2015-06-10,6.685258388519287,73.44673156738281
2015-06-11,6.759744644165039,73.4627685546875
2015-06-12,6.759744644165039,73.44673156738281
2015-06-15,6.753536701202393,73.4627685546875
2015-06-16,6.741122722625732,73.43067169189453
2015-06-17,6.741122722625732,73.4627685546875
2015-06-18,6.759744644165039,73.43067169189453
2015-06-19,6.772159576416016,73.43067169189453
2015-06-22,6.778366565704346,73.44673156738281
2015-06-23,6.765950679779053,73.43067169189453
2015-06-24,6.741122722625732,73.43067169189453
2015-06-25,6.703879356384277,73.44673156738281
2015-06-26,6.691464900970459,73.43067169189453
2015-06-29,6.604562282562256,73.44673156738281
2015-06-30,6.567318916320801,73.44673156738281
2015-07-01,6.5797343254089355,73.44673156738281
2015-07-02,6.585940837860107,73.44673156738281
2015-07-06,6.616977214813232,73.44673156738281
2015-07-07,6.679050445556641,73.43067169189453
2015-07-08,6.554903507232666,73.43067169189453
2015-07-09,6.530075550079346,73.43067169189453
2015-07-10,6.4990386962890625,73.43067169189453
2015-07-13,6.4990386962890625,73.43067169189453
2015-07-14,6.5114521980285645,73.44673156738281
2015-07-15,6.573525428771973,73.43067169189453
2015-07-16,6.598355770111084,73.43067169189453
2015-07-17,6.623184680938721,73.44673156738281
2015-07-20,6.641806125640869,73.43067169189453
2015-07-21,6.616977214813232,73.44673156738281
2015-07-22,6.654220104217529,73.43067169189453
2015-07-23,6.672842979431152,73.43067169189453
2015-07-24,6.697670936584473,73.44673156738281
2015-07-27,6.679050445556641,73.43067169189453
2015-07-28,6.660427093505859,73.43067169189453
2015-07-29,6.648012638092041,73.44673156738281
2015-07-30,6.672842979431152,73.44673156738281
2015-07-31,6.710087299346924,73.44673156738281
2015-08-03,6.778366565704346,73.44673156738281
2015-08-04,6.747329235076904,73.43067169189453
2015-08-05,6.765950679779053,73.43067169189453
2015-08-06,6.765950679779053,73.43067169189453
2015-08-07,6.765950679779053,73.43067169189453
2015-08-10,6.703879356384277,73.44673156738281
2015-08-11,6.765950679779053,73.43067169189453
2015-08-12,6.703879356384277,73.43067169189453
2015-08-13,6.716292858123779,73.43067169189453
2015-08-14,6.716292858123779,73.41460418701172
2015-08-17,6.747329235076904,73.41460418701172
2015-08-18,6.759744644165039,73.43067169189453
2015-08-19,6.803194999694824,73.44673156738281
2015-08-20,6.803194999694824,73.43067169189453
2015-08-21,6.852853298187256,73.43067169189453
2015-08-24,7.045281410217285,73.43067169189453
2015-08-25,6.983208179473877,73.43067169189453
2015-08-26,6.995622158050537,73.44673156738281
2015-08-27,6.8714752197265625,73.43067169189453
2015-08-28,6.803194999694824,73.44673156738281
2015-08-31,6.809403896331787,73.44673156738281
2015-09-01,6.902512550354004,73.44673156738281
2015-09-02,6.877683162689209,73.43067169189453
2015-09-03,6.865269660949707,73.44673156738281
2015-09-04,6.958378314971924,73.43067169189453
2015-09-08,6.877683162689209,73.43067169189453
2015-09-09,6.865269660949707,73.43067169189453
2015-09-10,6.859061241149902,73.41460418701172
2015-09-11,6.8714752197265625,73.43067169189453
2015-09-14,6.877683162689209,73.43067169189453
2015-09-15,6.834232330322266,73.41460418701172
2015-09-16,6.747329235076904,73.41460418701172
2015-09-17,6.78457498550415,73.41460418701172
2015-09-18,6.846646785736084,73.41460418701172
2015-09-21,6.840439319610596,73.43067169189453
2015-09-22,6.933549404144287,73.43067169189453
2015-09-23,6.964585781097412,73.41460418701172
2015-09-24,6.9707932472229,73.41460418701172
2015-09-25,6.9211344718933105,73.41460418701172
2015-09-28,7.014243125915527,73.43067169189453
2015-09-29,7.026658058166504,73.43067169189453
2015-09-30,6.976998805999756,73.41460418701172
2015-10-01,6.976998805999756,73.43067169189453
2015-10-02,6.964585781097412,73.43067169189453
2015-10-05,6.877683162689209,73.41460418701172
2015-10-06,6.815610885620117,73.41460418701172
2015-10-07,6.772159576416016,73.41460418701172
2015-10-08,6.747329235076904,73.41460418701172
2015-10-09,6.710087299346924,73.41460418701172
2015-10-12,6.734916687011719,73.41460418701172
2015-10-13,6.778366565704346,73.41460418701172
2015-10-14,6.809403896331787,73.41460418701172
2015-10-15,6.765950679779053,73.41460418701172
2015-10-16,6.759744644165039,73.41460418701172
2015-10-19,6.778366565704346,73.41460418701172
2015-10-20,6.747329235076904,73.39852905273438
2015-10-21,6.790781021118164,73.41460418701172
2015-10-22,6.790781021118164,73.41460418701172
2015-10-23,6.772159576416016,73.41460418701172
2015-10-26,6.796988487243652,73.39852905273438
2015-10-27,6.852853298187256,73.39852905273438
2015-10-28,6.803194999694824,73.39852905273438
2015-10-29,6.765950679779053,73.39852905273438
2015-10-30,6.741122722625732,73.39852905273438
2015-11-02,6.722501754760742,73.39852905273438
2015-11-03,6.672842979431152,73.41460418701172
2015-11-04,6.691464900970459,73.39852905273438
2015-11-05,6.703879356384277,73.39852905273438
2015-11-06,6.691464900970459,73.39852905273438
2015-11-09,6.703879356384277,73.41460418701172
2015-11-10,6.734916687011719,73.39852905273438
2015-11-11,6.728708744049072,73.41460418701172
2015-11-12,6.728708744049072,73.41460418701172
2015-11-13,6.759744644165039,73.39852905273438
2015-11-16,6.778366565704346,73.41460418701172
2015-11-17,6.796988487243652,73.39852905273438
2015-11-18,6.809403896331787,73.39852905273438
2015-11-19,6.78457498550415,73.41460418701172
2015-11-20,6.809403896331787,73.39852905273438
2015-11-23,6.803194999694824,73.41460418701172
2015-11-24,6.778366565704346,73.39852905273438
2015-11-25,6.809403896331787,73.39852905273438
2015-11-27,6.8714752197265625,73.41460418701172
2015-11-30,6.859061241149902,73.41460418701172
2015-12-01,6.852853298187256,73.39852905273438
2015-12-02,6.8900980949401855,73.39852905273438
2015-12-03,6.654220104217529,73.41460418701172
2015-12-04,6.641806125640869,73.41460418701172
2015-12-07,6.741122722625732,73.41460418701172
2015-12-08,6.722501754760742,73.39852905273438
2015-12-09,6.691464900970459,73.38243865966797
2015-12-10,6.722501754760742,73.39852905273438
2015-12-11,6.753536701202393,73.41460418701172
2015-12-14,6.728708744049072,73.41460418701172
2015-12-15,6.703879356384277,73.39852905273438
2015-12-16,6.716292858123779,73.41460418701172
2015-12-17,6.778366565704346,73.39852905273438
2015-12-18,6.778366565704346,73.41460418701172
2015-12-21,6.734088897705078,73.39852905273438
2015-12-22,6.734088897705078,73.39852905273438
2015-12-23,6.694438457489014,73.39852905273438
2015-12-24,6.674612998962402,73.41460418701172
2015-12-28,6.714263439178467,73.39852905273438
2015-12-29,6.687830448150635,73.39852905273438
2015-12-30,6.740698337554932,73.41460418701172
2015-12-31,6.727482318878174,73.39852905273438
2016-01-04,6.734088897705078,73.41460418701172
2016-01-05,6.760523319244385,73.41460418701172
2016-01-06,6.800175666809082,73.38243865966797
2016-01-07,6.800175666809082,73.39852905273438
2016-01-08,6.833218574523926,73.39852905273438
2016-01-11,6.905911922454834,73.39852905273438
2016-01-12,6.912520408630371,73.41460418701172
2016-01-13,6.91912841796875,73.39852905273438
2016-01-14,6.925735950469971,73.38243865966797
2016-01-15,7.051299571990967,73.38243865966797
2016-01-19,7.018257141113281,73.39852905273438
2016-01-20,7.110776424407959,73.39852905273438
2016-01-21,7.0446906089782715,73.41460418701172
2016-01-22,6.925735950469971,73.38243865966797
2016-01-25,6.965388774871826,73.39852905273438
2016-01-26,6.932345390319824,73.38243865966797
2016-01-27,6.925735950469971,73.39852905273438
2016-01-28,6.91912841796875,73.39852905273438
2016-01-29,6.866260051727295,73.41460418701172
2016-02-01,6.846434593200684,73.38243865966797
2016-02-02,6.952171802520752,73.38243865966797
2016-02-03,6.945563316345215,73.39852905273438
2016-02-04,6.925735950469971,73.41460418701172
2016-02-05,6.965388774871826,73.41460418701172
2016-02-08,7.0446906089782715,73.39852905273438
2016-02-09,7.110776424407959,73.41460418701172
2016-02-10,7.117385387420654,73.39852905273438
2016-02-11,7.216512680053711,73.41460418701172
2016-02-12,7.117385387420654,73.39852905273438
2016-02-16,7.064515590667725,73.39852905273438
2016-02-17,6.991822719573975,73.39852905273438
2016-02-18,7.011647701263428,73.41460418701172
2016-02-19,7.038081169128418,73.41460418701172
2016-02-22,6.991822719573975,73.41460418701172
2016-02-23,7.038081169128418,73.39852905273438
2016-02-24,7.064515590667725,73.41460418701172
2016-02-25,7.0446906089782715,73.39852905273438
2016-02-26,7.005039691925049,73.39852905273438
2016-02-29,7.024865627288818,73.41460418701172
2016-03-01,6.9389543533325195,73.41460418701172
2016-03-02,6.8860859870910645,73.39852905273438
2016-03-03,6.872868061065674,73.41460418701172
2016-03-04,6.7935662269592285,73.41460418701172
2016-03-07,6.780350208282471,73.41460418701172
2016-03-08,6.846434593200684,73.39852905273438
2016-03-09,6.7935662269592285,73.41460418701172
2016-03-10,6.773740768432617,73.41460418701172
2016-03-11,6.707655906677246,73.39852905273438
2016-03-14,6.714263439178467,73.39852905273438
2016-03-15,6.7539167404174805,73.39852905273438
2016-03-16,6.740698337554932,73.41460418701172
2016-03-17,6.734088897705078,73.39852905273438
2016-03-18,6.740698337554932,73.39852905273438
2016-03-21,6.727482318878174,73.41460418701172
2016-03-22,6.720871925354004,73.41460418701172
2016-03-23,6.7539167404174805,73.39852905273438
2016-03-24,6.747307777404785,73.41460418701172
2016-03-28,6.727482318878174,73.41460418701172
2016-03-29,6.747307777404785,73.41460418701172
2016-03-30,6.727482318878174,73.41460418701172
2016-03-31,6.7539167404174805,73.41460418701172
2016-04-01,6.806783676147461,73.41460418701172
2016-04-04,6.820000171661377,73.41460418701172
2016-04-05,6.892694473266602,73.43067169189453
2016-04-06,6.879477500915527,73.43067169189453
2016-04-07,6.925735950469971,73.41460418701172
2016-04-08,6.8860859870910645,73.43067169189453
2016-04-11,6.866260051727295,73.41460418701172
2016-04-12,6.806783676147461,73.41460418701172
2016-04-13,6.747307777404785,73.43067169189453
2016-04-14,6.720871925354004,73.43067169189453
2016-04-15,6.747307777404785,73.41460418701172
2016-04-18,6.740698337554932,73.43067169189453
2016-04-19,6.681221008300781,73.43067169189453
2016-04-20,6.66139554977417,73.43067169189453
2016-04-21,6.621744632720947,73.41460418701172
2016-04-22,6.549050807952881,73.43067169189453
2016-04-25,6.549050807952881,73.41460418701172
2016-04-26,6.529224872589111,73.43067169189453
2016-04-27,6.542442321777344,73.43067169189453
2016-04-28,6.641571044921875,73.43067169189453
2016-04-29,6.694438457489014,73.44673156738281
2016-05-02,6.701047897338867,73.43067169189453
2016-05-03,6.701047897338867,73.44673156738281
2016-05-04,6.681221008300781,73.43067169189453
2016-05-05,6.668004512786865,73.43067169189453
2016-05-06,6.694438457489014,73.44673156738281
2016-05-09,6.641571044921875,73.44673156738281
2016-05-10,6.641571044921875,73.44673156738281
2016-05-11,6.668004512786865,73.41460418701172
2016-05-12,6.628352165222168,73.41460418701172
2016-05-13,6.654787063598633,73.41460418701172
2016-05-16,6.641571044921875,73.41460418701172
2016-05-17,6.628352165222168,73.41460418701172
2016-05-18,6.582094192504883,73.43067169189453
2016-05-19,6.575484752655029,73.41460418701172
2016-05-20,6.575484752655029,73.43067169189453
2016-05-23,6.582094192504883,73.44673156738281
2016-05-24,6.555659770965576,73.41460418701172
2016-05-25,6.549050807952881,73.43067169189453
2016-05-26,6.555659770965576,73.43067169189453
2016-05-27,6.542442321777344,73.44673156738281
2016-05-31,6.5093994140625,73.44673156738281
2016-06-01,6.542442321777344,73.44673156738281
2016-06-02,6.601919174194336,73.43067169189453
2016-06-03,6.63496208190918,73.44673156738281
2016-06-06,6.621744632720947,73.4627685546875
2016-06-07,6.615135669708252,73.4627685546875
2016-06-08,6.628352165222168,73.4627685546875
2016-06-09,6.668004512786865,73.43067169189453
2016-06-10,6.701047897338867,73.43067169189453
2016-06-13,6.727482318878174,73.43067169189453
2016-06-14,6.7539167404174805,73.43067169189453
2016-06-15,6.740698337554932,73.43067169189453
2016-06-16,6.820000171661377,73.44673156738281
2016-06-17,6.786957263946533,73.43067169189453
2016-06-20,6.694438457489014,73.44673156738281
2016-06-21,6.621744632720947,73.44673156738281
2016-06-22,6.615135669708252,73.44673156738281
2016-06-23,6.522616386413574,73.44673156738281
2016-06-24,6.859652996063232,73.43067169189453
2016-06-27,6.932345390319824,73.43067169189453
2016-06-28,6.912520408630371,73.43067169189453
2016-06-29,6.8860859870910645,73.43067169189453
2016-06-30,6.872868061065674,73.43067169189453
2016-07-01,6.905911922454834,73.4627685546875
2016-07-05,6.978605270385742,73.4627685546875
2016-07-06,6.9984307289123535,73.44673156738281
2016-07-07,6.9984307289123535,73.4627685546875
2016-07-08,7.018257141113281,73.44673156738281
2016-07-11,6.9389543533325195,73.4627685546875
2016-07-12,6.839827537536621,73.43067169189453
2016-07-13,6.866260051727295,73.44673156738281
2016-07-14,6.786957263946533,73.4627685546875
2016-07-15,6.760523319244385,73.44673156738281
2016-07-18,6.7539167404174805,73.44673156738281
2016-07-19,6.767131805419922,73.4627685546875
2016-07-20,6.720871925354004,73.4627685546875
2016-07-21,6.747307777404785,73.4627685546875
2016-07-22,6.7539167404174805,73.4627685546875
2016-07-25,6.747307777404785,73.44673156738281
2016-07-26,6.780350208282471,73.44673156738281
2016-07-27,6.806783676147461,73.4627685546875
2016-07-28,6.833218574523926,73.44673156738281
2016-07-29,6.899302959442139,73.4627685546875
2016-08-01,6.905911922454834,73.44673156738281
2016-08-02,6.905911922454834,73.4627685546875
2016-08-03,6.866260051727295,73.44673156738281
2016-08-04,6.899302959442139,73.44673156738281
2016-08-05,6.879477500915527,73.44673156738281
2016-08-08,6.853043556213379,73.44673156738281
2016-08-09,6.879477500915527,73.44673156738281
2016-08-10,6.912520408630371,73.44673156738281
2016-08-11,6.859652996063232,73.44673156738281
2016-08-12,6.853043556213379,73.44673156738281
2016-08-15,6.839827537536621,73.44673156738281
2016-08-16,6.820000171661377,73.44673156738281
2016-08-17,6.7935662269592285,73.44673156738281
2016-08-18,6.806783676147461,73.4627685546875
2016-08-19,6.767131805419922,73.44673156738281
2016-08-22,6.780350208282471,73.44673156738281
2016-08-23,6.7935662269592285,73.44673156738281
2016-08-24,6.767131805419922,73.4627685546875
2016-08-25,6.7539167404174805,73.44673156738281
2016-08-26,6.720871925354004,73.44673156738281
2016-08-29,6.7539167404174805,73.4627685546875
2016-08-30,6.720871925354004,73.4627685546875
2016-08-31,6.707655906677246,73.4627685546875
2016-09-01,6.720871925354004,73.4627685546875
2016-09-02,6.727482318878174,73.47886657714844
2016-09-06,6.853043556213379,73.47886657714844
2016-09-07,6.859652996063232,73.4627685546875
2016-09-08,6.760523319244385,73.4627685546875
2016-09-09,6.66139554977417,73.47886657714844
2016-09-12,6.63496208190918,73.44673156738281
2016-09-13,6.582094192504883,73.4627685546875
2016-09-14,6.608528137207031,73.4627685546875
2016-09-15,6.628352165222168,73.4627685546875
2016-09-16,6.641571044921875,73.4627685546875
2016-09-19,6.687830448150635,73.4627685546875
2016-09-20,6.714263439178467,73.4627685546875
2016-09-21,6.747307777404785,73.4627685546875
2016-09-22,6.780350208282471,73.47886657714844
2016-09-23,6.767131805419922,73.47886657714844
2016-09-26,6.7539167404174805,73.47886657714844
2016-09-27,6.7935662269592285,73.4627685546875
2016-09-28,6.760523319244385,73.4627685546875
2016-09-29,6.714263439178467,73.4627685546875
2016-09-30,6.694438457489014,73.47886657714844
2016-10-03,6.687830448150635,73.4627685546875
2016-10-04,6.628352165222168,73.47886657714844
2016-10-05,6.575484752655029,73.47886657714844
2016-10-06,6.568875312805176,73.47886657714844
2016-10-07,6.582094192504883,73.47886657714844
2016-10-10,6.588702201843262,73.47886657714844
2016-10-11,6.562268257141113,73.4627685546875
2016-10-12,6.549050807952881,73.47886657714844
2016-10-13,6.5093994140625,73.4627685546875
2016-10-14,6.5093994140625,73.4627685546875
2016-10-17,6.502791404724121,73.4627685546875
2016-10-18,6.542442321777344,73.4627685546875
2016-10-19,6.568875312805176,73.47886657714844
2016-10-20,6.549050807952881,73.4627685546875
2016-10-21,6.549050807952881,73.4627685546875
2016-10-24,6.562268257141113,73.4627685546875
2016-10-25,6.568875312805176,73.4627685546875
2016-10-26,6.5093994140625,73.47886657714844
2016-10-27,6.489574432373047,73.4627685546875
2016-10-28,6.476357460021973,73.47886657714844
2016-10-31,6.456531524658203,73.49492645263672
2016-11-01,6.4433135986328125,73.47886657714844
2016-11-02,6.416880130767822,73.49492645263672
2016-11-03,6.416880130767822,73.47886657714844
2016-11-04,6.397054195404053,73.49492645263672
2016-11-07,6.416880130767822,73.47886657714844
2016-11-08,6.410271644592285,73.49492645263672
2016-11-09,6.357402801513672,73.4627685546875
2016-11-10,6.31114387512207,73.4627685546875
2016-11-11,6.2516679763793945,73.43067169189453
2016-11-14,6.2516679763793945,73.4627685546875
2016-11-15,6.218625068664551,73.47886657714844
2016-11-16,6.198798656463623,73.47886657714844
2016-11-17,6.198798656463623,73.49492645263672
2016-11-18,6.192191123962402,73.47886657714844
2016-11-21,6.185581684112549,73.4627685546875
2016-11-22,6.198798656463623,73.4627685546875
2016-11-23,6.205407619476318,73.4627685546875
2016-11-25,6.238449573516846,73.47886657714844
2016-11-28,6.238449573516846,73.4627685546875
2016-11-29,6.218625068664551,73.4627685546875
2016-11-30,6.172365188598633,73.4627685546875
2016-12-01,6.159146785736084,73.49652862548828
2016-12-02,6.152539253234863,73.48043823242188
2016-12-05,6.152539253234863,73.48043823242188
2016-12-06,6.145931243896484,73.49652862548828
2016-12-07,6.159146785736084,73.49652862548828
2016-12-08,6.205407619476318,73.49652862548828
2016-12-09,6.238449573516846,73.49652862548828
2016-12-12,6.2252326011657715,73.48043823242188
2016-12-13,6.238449573516846,73.49652862548828
2016-12-14,6.218625068664551,73.49652862548828
2016-12-15,6.2252326011657715,73.49652862548828
2016-12-16,6.212015628814697,73.48043823242188
2016-12-19,6.192191123962402,73.49652862548828
2016-12-20,6.206732273101807,73.48043823242188
2016-12-21,6.180292129516602,73.49652862548828
2016-12-22,6.173682689666748,73.48043823242188
2016-12-23,6.160462856292725,73.48043823242188
2016-12-27,6.193512439727783,73.49652862548828
2016-12-28,6.193512439727783,73.49496459960938
2016-12-29,6.180292129516602,73.51100158691406
2016-12-30,6.160462856292725,73.47886657714844
2017-01-03,6.180292129516602,73.51100158691406
2017-01-04,6.206732273101807,73.51100158691406
2017-01-05,6.173682689666748,73.49496459960938
2017-01-06,6.200122356414795,73.51100158691406
2017-01-09,6.180292129516602,73.51100158691406
2017-01-10,6.180292129516602,73.49496459960938
2017-01-11,6.206732273101807,73.51100158691406
2017-01-12,6.213342189788818,73.51100158691406
2017-01-13,6.219952583312988,73.51100158691406
2017-01-17,6.193512439727783,73.51100158691406
2017-01-18,6.193512439727783,73.49496459960938
2017-01-19,6.206732273101807,73.49496459960938
2017-01-20,6.200122356414795,73.51100158691406
2017-01-23,6.173682689666748,73.49496459960938
2017-01-24,6.219952583312988,73.49496459960938
2017-01-25,6.253001689910889,73.51100158691406
2017-01-26,6.266221046447754,73.52710723876953
2017-01-27,6.253001689910889,73.49496459960938
2017-01-30,6.213342189788818,73.52710723876953
2017-01-31,6.206732273101807,73.51100158691406
2017-02-01,6.226561546325684,73.51582336425781
2017-02-02,6.226561546325684,73.51582336425781
2017-02-03,6.239781856536865,73.49974060058594
2017-02-06,6.213342189788818,73.53191375732422
2017-02-07,6.200122356414795,73.53191375732422
2017-02-08,6.193512439727783,73.53191375732422
2017-02-09,6.219952583312988,73.53191375732422
2017-02-10,6.272831916809082,73.51582336425781
2017-02-13,6.286052227020264,73.51582336425781
2017-02-14,6.312492370605469,73.53191375732422
2017-02-15,6.358761310577393,73.51582336425781
2017-02-16,6.312492370605469,73.51582336425781
2017-02-17,6.299271106719971,73.53191375732422
2017-02-21,6.338931560516357,73.51582336425781
2017-02-22,6.3323211669921875,73.51582336425781
2017-02-23,6.338931560516357,73.51582336425781
2017-02-24,6.305881023406982,73.51582336425781
2017-02-27,6.299271106719971,73.51582336425781
2017-02-28,6.272831916809082,73.5479965209961
2017-03-01,6.325711250305176,73.51901245117188
2017-03-02,6.2596116065979,73.51901245117188
2017-03-03,6.2331719398498535,73.5351333618164
2017-03-06,6.226561546325684,73.55121612548828
2017-03-07,6.239781856536865,73.51901245117188
2017-03-08,6.1869025230407715,73.51901245117188
2017-03-09,6.160462856292725,73.51901245117188
2017-03-10,6.147243022918701,73.5351333618164
2017-03-13,6.180292129516602,73.51901245117188
2017-03-14,6.167073726654053,73.51901245117188
2017-03-15,6.180292129516602,73.5351333618164
2017-03-16,6.193512439727783,73.55121612548828
2017-03-17,6.200122356414795,73.55121612548828
2017-03-20,6.206732273101807,73.5351333618164
2017-03-21,6.127412796020508,73.55121612548828
2017-03-22,6.100972652435303,73.55121612548828
2017-03-23,6.100972652435303,73.5351333618164
2017-03-24,6.114192962646484,73.55121612548828
2017-03-27,6.074532508850098,73.55121612548828
2017-03-28,6.114192962646484,73.55121612548828
2017-03-29,6.134023189544678,73.55121612548828
2017-03-30,6.1208038330078125,73.55121612548828
2017-03-31,6.100972652435303,73.5351333618164
2017-04-03,6.094363212585449,73.54155731201172
2017-04-04,6.0877532958984375,73.54155731201172
2017-04-05,6.081143856048584,73.54155731201172
2017-04-06,6.074532508850098,73.54155731201172
2017-04-07,6.081143856048584,73.54155731201172
2017-04-10,6.067923545837402,73.54155731201172
2017-04-11,6.081143856048584,73.55767059326172
2017-04-12,6.081143856048584,73.54155731201172
2017-04-13,6.094363212585449,73.55767059326172
2017-04-17,6.107583045959473,73.55767059326172
2017-04-18,6.0414838790893555,73.57374572753906
2017-04-19,6.008434295654297,73.57374572753906
2017-04-20,6.02165412902832,73.57374572753906
2017-04-21,6.02165412902832,73.57374572753906
2017-04-24,6.008434295654297,73.55767059326172
2017-04-25,5.981994152069092,73.55767059326172
2017-04-26,5.9886040687561035,73.57374572753906
2017-04-27,5.9886040687561035,73.55767059326172
2017-04-28,5.981994152069092,73.5898208618164
2017-05-01,5.962165832519531,73.58504486083984
2017-05-02,5.9886040687561035,73.56890869140625
2017-05-03,5.962165832519531,73.56890869140625
2017-05-04,5.96877384185791,73.58504486083984
2017-05-05,5.962165832519531,73.56890869140625
2017-05-08,5.955554485321045,73.58504486083984
2017-05-09,5.948944568634033,73.58504486083984
2017-05-10,5.942334175109863,73.60111236572266
2017-05-11,5.955554485321045,73.60111236572266
2017-05-12,5.962165832519531,73.58504486083984
2017-05-15,5.96877384185791,73.60111236572266
2017-05-16,5.96877384185791,73.60111236572266
2017-05-17,5.8828444480896,73.6171875
2017-05-18,5.869625568389893,73.6171875
2017-05-19,5.8828444480896,73.60111236572266
2017-05-22,5.896065711975098,73.6171875
2017-05-23,5.902674674987793,73.6171875
2017-05-24,5.909284591674805,73.60111236572266
2017-05-25,5.948944568634033,73.6171875
2017-05-26,5.93572473526001,73.63330078125
2017-05-30,5.93572473526001,73.60111236572266
2017-05-31,5.948944568634033,73.60111236572266
2017-06-01,5.96877384185791,73.62850952148438
2017-06-02,5.995214462280273,73.61241149902344
2017-06-05,5.9886040687561035,73.62850952148438
2017-06-06,5.981994152069092,73.61241149902344
2017-06-07,5.975384712219238,73.64460754394531
2017-06-08,5.96877384185791,73.62850952148438
2017-06-09,5.975384712219238,73.64460754394531
2017-06-12,5.955554485321045,73.62850952148438
2017-06-13,5.948944568634033,73.64460754394531
2017-06-14,5.981994152069092,73.62850952148438
2017-06-15,5.896065711975098,73.62850952148438
2017-06-16,5.915894031524658,73.66070556640625
2017-06-19,5.93572473526001,73.64460754394531
2017-06-20,5.942334175109863,73.64460754394531
2017-06-21,5.948944568634033,73.66070556640625
2017-06-22,5.948944568634033,73.67681121826172
2017-06-23,5.948944568634033,73.66070556640625
2017-06-26,5.9886040687561035,73.64460754394531
2017-06-27,5.9225053787231445,73.64460754394531
2017-06-28,5.915894031524658,73.67681121826172
2017-06-29,5.849795341491699,73.66070556640625
2017-06-30,5.816746234893799,73.67681121826172
2017-07-03,5.816746234893799,73.68487548828125
2017-07-05,5.829965114593506,73.66876983642578
2017-07-06,5.810136318206787,73.68487548828125
2017-07-07,5.849795341491699,73.68487548828125
2017-07-10,5.8431854248046875,73.68487548828125
2017-07-11,5.8431854248046875,73.68487548828125
2017-07-12,5.849795341491699,73.66876983642578
2017-07-13,5.863015174865723,73.66876983642578
2017-07-14,5.856405258178711,73.70098876953125
2017-07-17,5.856405258178711,73.68487548828125
2017-07-18,5.829965114593506,73.68487548828125
2017-07-19,5.823356628417969,73.68487548828125
2017-07-20,5.849795341491699,73.68487548828125
2017-07-21,5.816746234893799,73.68487548828125
2017-07-24,5.816746234893799,73.68487548828125
2017-07-25,5.856405258178711,73.68487548828125
2017-07-26,5.869625568389893,73.70098876953125
2017-07-27,5.836575508117676,73.71709442138672
2017-07-28,5.816746234893799,73.70098876953125
2017-07-31,5.823356628417969,73.70098876953125
2017-08-01,5.810136318206787,73.7203369140625
2017-08-02,5.823356628417969,73.73648071289062
2017-08-03,5.796916484832764,73.73648071289062
2017-08-04,5.810136318206787,73.73648071289062
2017-08-07,5.810136318206787,73.73648071289062
2017-08-08,5.803524971008301,73.73648071289062
2017-08-09,5.750646591186523,73.73648071289062
2017-08-10,5.69115686416626,73.73648071289062
2017-08-11,5.677937030792236,73.75260925292969
2017-08-14,5.69776725769043,73.73648071289062
2017-08-15,5.717596530914307,73.75260925292969
2017-08-16,5.763865947723389,73.73648071289062
2017-08-17,5.69776725769043,73.75260925292969
2017-08-18,5.717596530914307,73.73648071289062
2017-08-21,5.717596530914307,73.75260925292969
2017-08-22,5.750646591186523,73.76870727539062
2017-08-23,5.770476818084717,73.76870727539062
2017-08-24,5.777085304260254,73.76870727539062
2017-08-25,5.816746234893799,73.75260925292969
2017-08-28,5.816746234893799,73.76870727539062
2017-08-29,5.823356628417969,73.76870727539062
2017-08-30,5.823356628417969,73.76870727539062
2017-08-31,5.863015174865723,73.78486633300781
2017-09-01,5.8828444480896,73.78968048095703
2017-09-05,5.823356628417969,73.75746154785156
2017-09-06,5.8431854248046875,73.78968048095703
2017-09-07,5.889455318450928,73.78968048095703
2017-09-08,5.849795341491699,73.77356719970703
2017-09-11,5.869625568389893,73.77356719970703
2017-09-12,5.863015174865723,73.80584716796875
2017-09-13,5.8431854248046875,73.80584716796875
2017-09-14,5.8431854248046875,73.78968048095703
2017-09-15,5.849795341491699,73.78968048095703
2017-09-18,5.863015174865723,73.78968048095703
2017-09-19,5.8828444480896,73.82195281982422
2017-09-20,5.8828444480896,73.82195281982422
2017-09-21,5.876235008239746,73.82195281982422
2017-09-22,5.869625568389893,73.82195281982422
2017-09-25,5.8431854248046875,73.82195281982422
2017-09-26,5.823356628417969,73.82195281982422
2017-09-27,5.810136318206787,73.82195281982422
2017-09-28,5.816746234893799,73.80584716796875
2017-09-29,5.816746234893799,73.83810424804688
2017-10-02,5.810136318206787,73.84133911132812
2017-10-03,5.8431854248046875,73.84133911132812
2017-10-04,5.849795341491699,73.8252182006836
2017-10-05,5.849795341491699,73.84133911132812
2017-10-06,5.829965114593506,73.8252182006836
2017-10-09,5.8431854248046875,73.8252182006836
2017-10-10,5.876235008239746,73.8252182006836
2017-10-11,5.902674674987793,73.8252182006836
2017-10-12,5.889455318450928,73.85749053955078
2017-10-13,5.896065711975098,73.85749053955078
2017-10-16,5.9225053787231445,73.84133911132812
2017-10-17,5.909284591674805,73.85749053955078
2017-10-18,5.93572473526001,73.85749053955078
2017-10-19,5.9225053787231445,73.85749053955078
2017-10-20,5.948944568634033,73.87362670898438
2017-10-23,5.9225053787231445,73.85749053955078
2017-10-24,5.948944568634033,73.88978576660156
2017-10-25,5.948944568634033,73.88978576660156
2017-10-26,5.955554485321045,73.88978576660156
2017-10-27,5.975384712219238,73.88978576660156
2017-10-30,5.962165832519531,73.87362670898438
2017-10-31,5.995214462280273,73.88978576660156
2017-11-01,6.028264045715332,73.89788818359375
2017-11-02,6.001824378967285,73.8817367553711
2017-11-03,6.015044212341309,73.8817367553711
2017-11-06,6.034873962402344,73.89788818359375
2017-11-07,6.034873962402344,73.89788818359375
2017-11-08,6.028264045715332,73.89788818359375
2017-11-09,6.008434295654297,73.8817367553711
2017-11-10,5.995214462280273,73.89788818359375
2017-11-13,6.001824378967285,73.89788818359375
2017-11-14,5.9886040687561035,73.89788818359375
2017-11-15,5.955554485321045,73.89788818359375
2017-11-16,5.9886040687561035,73.91405487060547
2017-11-17,6.008434295654297,73.89788818359375
2017-11-20,6.02165412902832,73.91405487060547
2017-11-21,6.067923545837402,73.93019104003906
2017-11-22,6.048094272613525,73.93019104003906
2017-11-24,6.0877532958984375,73.91405487060547
2017-11-27,6.0414838790893555,73.91405487060547
2017-11-28,6.061314105987549,73.9463882446289
2017-11-29,6.0414838790893555,73.93019104003906
2017-11-30,6.081143856048584,73.93019104003906
2017-12-01,6.081143856048584,73.93506622314453
2017-12-04,6.067923545837402,73.94315338134766
2017-12-05,6.0414838790893555,73.95124816894531
2017-12-06,5.981994152069092,73.94315338134766
2017-12-07,6.048094272613525,73.95124816894531
2017-12-08,6.074532508850098,73.95932006835938
2017-12-11,6.094363212585449,73.95124816894531
2017-12-12,6.061314105987549,73.95932006835938
2017-12-13,6.028264045715332,73.95124816894531
2017-12-14,6.028264045715332,73.95932006835938
2017-12-15,6.048094272613525,73.96741485595703
2017-12-18,6.074532508850098,73.97547912597656
2017-12-19,6.067923545837402,73.97711181640625
2017-12-20,6.067923545837402,73.97711181640625
2017-12-21,6.074532508850098,73.97711181640625
2017-12-22,6.074532508850098,73.99331665039062
2017-12-26,6.114192962646484,73.98526000976562
2017-12-27,6.100972652435303,74.00141143798828
2017-12-28,6.100972652435303,74.00141143798828
2017-12-29,6.100972652435303,73.98526000976562
2018-01-02,6.100972652435303,73.99331665039062
2018-01-03,6.147243022918701,74.0094985961914
2018-01-04,6.193512439727783,74.01758575439453
2018-01-05,6.206732273101807,74.01758575439453
2018-01-08,6.200122356414795,74.02566528320312
2018-01-09,6.193512439727783,74.02566528320312
2018-01-10,6.173682689666748,74.02566528320312
2018-01-11,6.193512439727783,74.01758575439453
2018-01-12,6.266221046447754,74.04185485839844
2018-01-16,6.2794413566589355,74.02566528320312
2018-01-17,6.292661666870117,74.04185485839844
2018-01-18,6.292661666870117,74.04185485839844
2018-01-19,6.305881023406982,74.0499496459961
2018-01-22,6.338931560516357,74.05810546875
2018-01-23,6.352149963378906,74.05810546875
2018-01-24,6.405029773712158,74.066162109375
2018-01-25,6.391811370849609,74.066162109375
2018-01-26,6.424860000610352,74.08232116699219
2018-01-29,6.3719801902771,74.066162109375
2018-01-30,6.299271106719971,74.07425689697266
2018-01-31,6.338931560516357,74.08232116699219
2018-02-01,6.385200500488281,74.07910919189453
2018-02-02,6.286052227020264,74.08721160888672
2018-02-05,6.1208038330078125,74.07910919189453
2018-02-06,6.061314105987549,74.08721160888672
2018-02-07,5.9886040687561035,74.09529113769531
2018-02-08,5.929114818572998,74.08721160888672
2018-02-09,5.863015174865723,74.1034164428711
2018-02-12,5.909284591674805,74.1034164428711
2018-02-13,5.9225053787231445,74.1034164428711
2018-02-14,6.048094272613525,74.1034164428711
2018-02-15,6.0877532958984375,74.11153411865234
2018-02-16,6.074532508850098,74.11963653564453
2018-02-20,6.034873962402344,74.11963653564453
2018-02-21,6.0414838790893555,74.11153411865234
2018-02-22,6.048094272613525,74.11963653564453
2018-02-23,6.048094272613525,74.13582611083984
2018-02-26,6.061314105987549,74.11963653564453
2018-02-27,6.034873962402344,74.13582611083984
2018-02-28,5.96877384185791,74.14392852783203
2018-03-01,5.915894031524658,74.15122985839844
2018-03-02,5.955554485321045,74.15930938720703
2018-03-05,5.975384712219238,74.15930938720703
2018-03-06,6.008434295654297,74.15930938720703
2018-03-07,5.981994152069092,74.15930938720703
2018-03-08,5.942334175109863,74.15122985839844
2018-03-09,5.9886040687561035,74.1674575805664
2018-03-12,5.981994152069092,74.17554473876953
2018-03-13,5.9886040687561035,74.17554473876953
2018-03-14,5.962165832519531,74.17554473876953
2018-03-15,5.955554485321045,74.1674575805664
2018-03-16,5.96877384185791,74.18364715576172
2018-03-19,5.948944568634033,74.18364715576172
2018-03-20,5.96877384185791,74.17554473876953
2018-03-21,6.02165412902832,74.19182586669922
2018-03-22,5.96877384185791,74.19989013671875
2018-03-23,5.981994152069092,74.20799255371094
2018-03-26,6.02165412902832,74.19989013671875
2018-03-27,5.96877384185791,74.21607971191406
2018-03-28,5.902674674987793,74.22418212890625
2018-03-29,5.909284591674805,74.24043273925781
2018-04-02,5.889455318450928,74.23634338378906
2018-04-03,5.902674674987793,74.22821807861328
2018-04-04,5.896065711975098,74.24449920654297
2018-04-05,5.869625568389893,74.25260162353516
2018-04-06,5.856405258178711,74.25260162353516
2018-04-09,5.889455318450928,74.26072692871094
2018-04-10,5.929114818572998,74.25260162353516
2018-04-11,5.96877384185791,74.26886749267578
2018-04-12,5.96877384185791,74.26886749267578
2018-04-13,5.975384712219238,74.26886749267578
2018-04-16,5.96877384185791,74.28504180908203
2018-04-17,5.955554485321045,74.28504180908203
2018-04-18,5.975384712219238,74.2769546508789
2018-04-19,5.975384712219238,74.29320526123047
2018-04-20,5.948944568634033,74.29320526123047
2018-04-23,5.929114818572998,74.29320526123047
2018-04-24,5.9225053787231445,74.30134582519531
2018-04-25,5.9225053787231445,74.3094253540039
2018-04-26,5.909284591674805,74.31758117675781
2018-04-27,5.8828444480896,74.32564544677734
2018-04-30,5.869625568389893,74.31758117675781
2018-05-01,5.8431854248046875,74.32322692871094
2018-05-02,5.836575508117676,74.33138275146484
2018-05-03,5.829965114593506,74.33138275146484
2018-05-04,5.836575508117676,74.3476333618164
2018-05-07,5.856405258178711,74.3476333618164
2018-05-08,5.8431854248046875,74.35576629638672
2018-05-09,5.889455318450928,74.35576629638672
2018-05-10,5.8828444480896,74.35576629638672
2018-05-11,5.8828444480896,74.35576629638672
2018-05-14,5.896065711975098,74.35576629638672
2018-05-15,5.93572473526001,74.37200164794922
2018-05-16,5.942334175109863,74.38016510009766
2018-05-17,5.955554485321045,74.38016510009766
2018-05-18,5.929114818572998,74.38826751708984
2018-05-21,5.948944568634033,74.38826751708984
2018-05-22,5.955554485321045,74.38826751708984
2018-05-23,5.889455318450928,74.39636993408203
2018-05-24,5.869625568389893,74.41265869140625
2018-05-25,5.823356628417969,74.4207992553711
2018-05-29,5.69776725769043,74.4207992553711
2018-05-30,5.7374267578125,74.41265869140625
2018-05-31,5.717596530914307,74.42891693115234
2018-06-01,5.757256507873535,74.43380737304688
2018-06-04,5.757256507873535,74.4419174194336
2018-06-05,5.763865947723389,74.4419174194336
2018-06-06,5.7374267578125,74.43380737304688
2018-06-07,5.717596530914307,74.4419174194336
2018-06-08,5.7374267578125,74.45822143554688
2018-06-11,5.717596530914307,74.46634674072266
2018-06-12,5.724206924438477,74.46634674072266
2018-06-13,5.744036674499512,74.45822143554688
2018-06-14,5.783697128295898,74.48265075683594
2018-06-15,5.7374267578125,74.48265075683594
2018-06-18,5.744036674499512,74.47447204589844
2018-06-19,5.730816841125488,74.49076843261719
2018-06-20,5.750646591186523,74.48265075683594
2018-06-21,5.724206924438477,74.49076843261719
2018-06-22,5.744036674499512,74.49889373779297
2018-06-25,5.677937030792236,74.51518249511719
2018-06-26,5.717596530914307,74.50706481933594
2018-06-27,5.744036674499512,74.52334594726562
2018-06-28,5.757256507873535,74.52334594726562
2018-06-29,5.757256507873535,74.53961944580078
2018-07-02,5.790306091308594,74.52898406982422
2018-07-03,5.750646591186523,74.54530334472656
2018-07-05,5.757256507873535,74.54530334472656
2018-07-06,5.744036674499512,74.56161499023438
2018-07-09,5.783697128295898,74.56161499023438
2018-07-10,5.790306091308594,74.56977844238281
2018-07-11,5.777085304260254,74.56977844238281
2018-07-12,5.796916484832764,74.56977844238281
2018-07-13,5.810136318206787,74.57791137695312
2018-07-16,5.744036674499512,74.58606719970703
2018-07-17,5.790306091308594,74.58606719970703
2018-07-18,5.810136318206787,74.5942153930664
2018-07-19,5.836575508117676,74.60238647460938
2018-07-20,5.763865947723389,74.61051940917969
2018-07-23,5.790306091308594,74.60238647460938
2018-07-24,5.783697128295898,74.61865997314453
2018-07-25,5.750646591186523,74.61051940917969
2018-07-26,5.803524971008301,74.61865997314453
2018-07-27,5.757256507873535,74.63497161865234
2018-07-30,5.717596530914307,74.62684631347656
2018-07-31,5.717596530914307,74.64312744140625
2018-08-01,5.704376697540283,74.64720153808594
2018-08-02,5.763865947723389,74.65535736083984
2018-08-03,5.763865947723389,74.65535736083984
2018-08-06,5.816746234893799,74.6635513305664
2018-08-07,5.816746234893799,74.67166900634766
2018-08-08,5.783697128295898,74.6635513305664
2018-08-09,5.810136318206787,74.67166900634766
2018-08-10,5.863015174865723,74.68804168701172
2018-08-13,5.902674674987793,74.69619750976562
2018-08-14,5.915894031524658,74.67987060546875
2018-08-15,5.889455318450928,74.69619750976562
2018-08-16,5.902674674987793,74.69619750976562
2018-08-17,5.902674674987793,74.70435333251953
2018-08-20,5.863015174865723,74.70435333251953
2018-08-21,5.829965114593506,74.7125015258789
2018-08-22,5.829965114593506,74.7125015258789
2018-08-23,5.8828444480896,74.73697662353516
2018-08-24,5.863015174865723,74.73697662353516
2018-08-27,5.8431854248046875,74.74514770507812
2018-08-28,5.863015174865723,74.74514770507812
2018-08-29,5.869625568389893,74.73697662353516
2018-08-30,5.929114818572998,74.7696304321289
2018-08-31,5.93572473526001,74.76148986816406
2018-09-04,5.962165832519531,74.76800537109375
2018-09-05,5.9225053787231445,74.75985717773438
2018-09-06,5.902674674987793,74.77619171142578
2018-09-07,5.942334175109863,74.79253387451172
2018-09-10,5.929114818572998,74.79253387451172
2018-09-11,5.9886040687561035,74.80072021484375
2018-09-12,5.955554485321045,74.80072021484375
2018-09-13,5.929114818572998,74.80072021484375
2018-09-14,5.96877384185791,74.80889129638672
2018-09-17,5.948944568634033,74.82526397705078
2018-09-18,5.962165832519531,74.82526397705078
2018-09-19,5.93572473526001,74.82526397705078
2018-09-20,5.896065711975098,74.84159088134766
2018-09-21,5.863015174865723,74.84159088134766
2018-09-24,5.902674674987793,74.84976196289062
2018-09-25,5.915894031524658,74.84976196289062
2018-09-26,5.876235008239746,74.84976196289062
2018-09-27,5.902674674987793,74.86608123779297
2018-09-28,5.915894031524658,74.86608123779297
2018-10-01,5.955554485321045,74.87103271484375
2018-10-02,5.93572473526001,74.87919616699219
2018-10-03,6.034873962402344,74.87919616699219
2018-10-04,6.0414838790893555,74.8956069946289
2018-10-05,6.048094272613525,74.90377044677734
2018-10-08,6.0414838790893555,74.90377044677734
2018-10-09,6.015044212341309,74.8956069946289
2018-10-10,5.962165832519531,74.91193389892578
2018-10-11,5.816746234893799,74.92013549804688
2018-10-12,5.823356628417969,74.92013549804688
2018-10-15,5.796916484832764,74.92837524414062
2018-10-16,5.810136318206787,74.93653106689453
2018-10-17,5.816746234893799,74.93653106689453
2018-10-18,5.816746234893799,74.93653106689453
2018-10-19,5.816746234893799,74.9447250366211
2018-10-22,5.810136318206787,74.96109771728516
2018-10-23,5.796916484832764,74.96109771728516
2018-10-24,5.790306091308594,74.96929168701172
2018-10-25,5.790306091308594,74.97747802734375
2018-10-26,5.783697128295898,74.98565673828125
2018-10-29,5.763865947723389,74.98565673828125
2018-10-30,5.763865947723389,74.98565673828125
2018-10-31,5.763865947723389,74.99385833740234
2018-11-01,5.651497840881348,75.01024627685547
2018-11-02,5.638277053833008,75.01024627685547
2018-11-05,5.658107757568359,75.01847839355469
2018-11-06,5.658107757568359,75.01847839355469
2018-11-07,5.6316680908203125,75.0266342163086
2018-11-08,5.644887924194336,75.03484344482422
2018-11-09,5.658107757568359,75.05126190185547
2018-11-12,5.69115686416626,75.04306030273438
2018-11-13,5.644887924194336,75.05126190185547
2018-11-14,5.677937030792236,75.04306030273438
2018-11-15,5.611837863922119,75.06767272949219
2018-11-16,5.565567493438721,75.07588195800781
2018-11-19,5.585398197174072,75.06767272949219
2018-11-20,5.618447780609131,75.08406066894531
2018-11-21,5.592008113861084,75.10047912597656
2018-11-23,5.592008113861084,75.10047912597656
2018-11-26,5.585398197174072,75.10865783691406
2018-11-27,5.592008113861084,75.10865783691406
2018-11-28,5.552347660064697,75.11687469482422
2018-11-29,5.539128303527832,75.12506866455078
2018-11-30,5.552347660064697,75.13327026367188
2018-12-03,5.48624849319458,75.13082122802734
2018-12-04,5.492859363555908,75.13902282714844
2018-12-06,5.552347660064697,75.15544891357422
2018-12-07,5.506079196929932,75.16366577148438
2018-12-10,5.578787326812744,75.17189025878906
2018-12-11,5.572178363800049,75.16366577148438
2018-12-12,5.512688636779785,75.18010711669922
2018-12-13,5.519299030303955,75.18827056884766
2018-12-14,5.552347660064697,75.196533203125
2018-12-17,5.539128303527832,75.20476531982422
2018-12-18,5.572178363800049,75.20476531982422
2018-12-19,5.552347660064697,75.196533203125
2018-12-20,5.565567493438721,75.21297454833984
2018-12-21,5.605227470397949,75.22943878173828
2018-12-24,5.605227470397949,75.23767852783203
2018-12-26,5.605227470397949,75.22943878173828
2018-12-27,5.598618030548096,75.25411987304688
2018-12-28,5.578787326812744,75.2623519897461
2018-12-31,5.558958530426025,75.27058410644531
2019-01-02,5.598618030548096,75.2623519897461
2019-01-03,5.605227470397949,75.28701782226562
2019-01-04,5.545739650726318,75.29528045654297
2019-01-07,5.499468803405762,75.29528045654297
2019-01-08,5.479639053344727,75.29528045654297
2019-01-09,5.426759719848633,75.29528045654297
2019-01-10,5.446589469909668,75.30351257324219
2019-01-11,5.446589469909668,75.3199691772461
2019-01-14,5.466419696807861,75.3117446899414
2019-01-15,5.4531989097595215,75.32817077636719
2019-01-16,5.439979076385498,75.33644104003906
2019-01-17,5.420150279998779,75.35289001464844
2019-01-18,5.380490779876709,75.35289001464844
2019-01-22,5.413538455963135,75.36113739013672
2019-01-23,5.420150279998779,75.36113739013672
2019-01-24,5.439979076385498,75.38582611083984
2019-01-25,5.413538455963135,75.37757110595703
2019-01-28,5.4333696365356445,75.38582611083984
2019-01-29,5.420150279998779,75.38582611083984
2019-01-30,5.406930446624756,75.40227508544922
2019-01-31,5.426759719848633,75.40227508544922
2019-02-01,5.413538455963135,75.40968322753906
2019-02-04,5.400319576263428,75.41792297363281
2019-02-05,5.406930446624756,75.41792297363281
2019-02-06,5.413538455963135,75.43440246582031
2019-02-07,5.4531989097595215,75.43440246582031
2019-02-08,5.473029136657715,75.45092010498047
2019-02-11,5.466419696807861,75.44268035888672
2019-02-12,5.426759719848633,75.45916748046875
2019-02-13,5.426759719848633,75.45916748046875
2019-02-14,5.439979076385498,75.47562408447266
2019-02-15,5.426759719848633,75.47562408447266
2019-02-19,5.4333696365356445,75.49217224121094
2019-02-20,5.4333696365356445,75.49217224121094
2019-02-21,5.413538455963135,75.50040435791016
2019-02-22,5.446589469909668,75.516845703125
2019-02-25,5.446589469909668,75.50863647460938
2019-02-26,5.446589469909668,75.516845703125
2019-02-27,5.420150279998779,75.52513122558594
2019-02-28,5.413538455963135,75.54161071777344
2019-03-01,5.406930446624756,75.54987335205078
2019-03-04,5.420150279998779,75.54159545898438
2019-03-05,5.420150279998779,75.54987335205078
2019-03-06,5.459809303283691,75.5581283569336
2019-03-07,5.519299030303955,75.57466125488281
2019-03-08,5.492859363555908,75.58289337158203
2019-03-11,5.512688636779785,75.58289337158203
2019-03-12,5.492859363555908,75.5911865234375
2019-03-13,5.506079196929932,75.59945678710938
2019-03-14,5.52590799331665,75.59945678710938
2019-03-15,5.519299030303955,75.60771179199219
2019-03-18,5.532517910003662,75.61593627929688
2019-03-19,5.539128303527832,75.61593627929688
2019-03-20,5.506079196929932,75.61593627929688
2019-03-21,5.532517910003662,75.64076232910156
2019-03-22,5.545739650726318,75.64076232910156
2019-03-25,5.545739650726318,75.64076232910156
2019-03-26,5.565567493438721,75.64904022216797
2019-03-27,5.585398197174072,75.65726470947266
2019-03-28,5.585398197174072,75.67383575439453
2019-03-29,5.598618030548096,75.67383575439453
2019-04-01,5.598618030548096,75.6870346069336
2019-04-02,5.625057697296143,75.67877197265625
2019-04-03,5.598618030548096,75.6870346069336
2019-04-04,5.592008113861084,75.71186828613281
2019-04-05,5.605227470397949,75.71186828613281
2019-04-08,5.611837863922119,75.71186828613281
2019-04-09,5.598618030548096,75.72015380859375
2019-04-10,5.611837863922119,75.72015380859375
2019-04-11,5.611837863922119,75.74496459960938
2019-04-12,5.592008113861084,75.74496459960938
2019-04-15,5.592008113861084,75.75325775146484
2019-04-16,5.618447780609131,75.75325775146484
2019-04-17,5.618447780609131,75.76982879638672
2019-04-18,5.644887924194336,75.77812194824219
2019-04-22,5.651497840881348,75.77812194824219
2019-04-23,5.677937030792236,75.77812194824219
2019-04-24,5.724206924438477,75.79467010498047
2019-04-25,5.69776725769043,75.81120300292969
2019-04-26,5.704376697540283,75.80290985107422
2019-04-29,5.717596530914307,75.81120300292969
2019-04-30,5.724206924438477,75.81951904296875
2019-05-01,5.710987091064453,75.82279205322266
2019-05-02,5.69115686416626,75.83110809326172
2019-05-03,5.710987091064453,75.83939361572266
2019-05-06,5.704376697540283,75.8476791381836
2019-05-07,5.684547424316406,75.85597229003906
2019-05-08,5.671327114105225,75.85597229003906
2019-05-09,5.651497840881348,75.8642578125
2019-05-10,5.664717197418213,75.880859375
2019-05-13,5.638277053833008,75.87255859375
2019-05-14,5.6316680908203125,75.880859375
2019-05-15,5.671327114105225,75.88914489746094
2019-05-16,5.704376697540283,75.8974380493164
2019-05-17,5.724206924438477,75.90570068359375
2019-05-20,5.684547424316406,75.9140396118164
2019-05-21,5.69115686416626,75.9140396118164
2019-05-22,5.69776725769043,75.93061828613281
2019-05-23,5.69115686416626,75.94718933105469
2019-05-24,5.671327114105225,75.94718933105469
2019-05-28,5.677937030792236,75.95549774169922
2019-05-29,5.651497840881348,75.95549774169922
2019-05-30,5.592008113861084,75.98036193847656
2019-05-31,5.638277053833008,75.98036193847656
2019-06-03,5.6316680908203125,75.97705078125
2019-06-04,5.6316680908203125,75.99368286132812
2019-06-05,5.664717197418213,75.99368286132812
2019-06-06,5.651497840881348,76.0185775756836
2019-06-07,5.684547424316406,76.01026153564453
2019-06-10,5.671327114105225,76.02689361572266
2019-06-11,5.658107757568359,76.0185775756836
2019-06-12,5.677937030792236,76.02689361572266
2019-06-13,5.69776725769043,76.0517807006836
2019-06-14,5.710987091064453,76.06014251708984
2019-06-17,5.710987091064453,76.06014251708984
2019-06-18,5.750646591186523,76.06014251708984
2019-06-19,5.750646591186523,76.07675170898438
2019-06-20,5.757256507873535,76.08509063720703
2019-06-21,5.717596530914307,76.08509063720703
2019-06-24,5.717596530914307,76.09334564208984
2019-06-25,5.710987091064453,76.09334564208984
2019-06-26,5.671327114105225,76.11001586914062
2019-06-27,5.677937030792236,76.11001586914062
2019-06-28,5.684547424316406,76.1183090209961
2019-07-01,5.717596530914307,76.1141357421875
2019-07-02,5.796916484832764,76.12245178222656
2019-07-03,5.796916484832764,76.14742279052734
2019-07-05,5.777085304260254,76.13911437988281
2019-07-08,5.777085304260254,76.13911437988281
2019-07-09,5.763865947723389,76.14742279052734
2019-07-10,5.7374267578125,76.15575408935547
2019-07-11,5.710987091064453,76.17240142822266
2019-07-12,5.704376697540283,76.18074035644531
2019-07-15,5.730816841125488,76.18074035644531
2019-07-16,5.770476818084717,76.18902587890625
2019-07-17,5.796916484832764,76.18902587890625
2019-07-18,5.829965114593506,76.21404266357422
2019-07-19,5.810136318206787,76.21404266357422
2019-07-22,5.823356628417969,76.21404266357422
2019-07-23,5.836575508117676,76.20572662353516
2019-07-24,5.869625568389893,76.22236633300781
2019-07-25,5.8431854248046875,76.23898315429688
2019-07-26,5.869625568389893,76.23063659667969
2019-07-29,5.909284591674805,76.2473373413086
2019-07-30,5.889455318450928,76.2473373413086
2019-07-31,5.869625568389893,76.25565338134766
2019-08-01,5.96877384185791,76.27648162841797
2019-08-02,5.981994152069092,76.27648162841797
2019-08-05,5.9886040687561035,76.26815032958984
2019-08-06,5.981994152069092,76.27648162841797
2019-08-07,6.0877532958984375,76.29316711425781
2019-08-08,6.074532508850098,76.30152893066406
2019-08-09,6.054703712463379,76.29316711425781
2019-08-12,6.0877532958984375,76.30982971191406
2019-08-13,6.028264045715332,76.31818389892578
2019-08-14,6.081143856048584,76.30982971191406
2019-08-15,6.100972652435303,76.34320068359375
2019-08-16,6.081143856048584,76.33484649658203
2019-08-19,6.0414838790893555,76.33484649658203
2019-08-20,6.054703712463379,76.34320068359375
2019-08-21,6.0414838790893555,76.33484649658203
2019-08-22,6.02165412902832,76.35987091064453
2019-08-23,6.081143856048584,76.35152435302734
2019-08-26,6.081143856048584,76.35987091064453
2019-08-27,6.094363212585449,76.36820983886719
2019-08-28,6.094363212585449,76.35987091064453
2019-08-29,6.081143856048584,76.37654113769531
2019-08-30,6.081143856048584,76.38485717773438
2019-09-03,6.160462856292725,76.39990234375
2019-09-04,6.054703712463379,76.39156341552734
2019-09-05,5.962165832519531,76.39990234375
2019-09-06,5.955554485321045,76.40825653076172
2019-09-09,5.876235008239746,76.40825653076172
2019-09-10,5.836575508117676,76.42498016357422
2019-09-11,5.849795341491699,76.41661071777344
2019-09-12,5.783697128295898,76.433349609375
2019-09-13,5.69776725769043,76.433349609375
2019-09-16,5.677937030792236,76.433349609375
2019-09-17,5.710987091064453,76.44171905517578
2019-09-18,5.744036674499512,76.45836639404297
2019-09-19,5.770476818084717,76.45836639404297
2019-09-20,5.796916484832764,76.46675872802734
2019-09-23,5.823356628417969,76.48344421386719
2019-09-24,5.8431854248046875,76.48344421386719
2019-09-25,5.810136318206787,76.48344421386719
2019-09-26,5.836575508117676,76.50016021728516
2019-09-27,5.836575508117676,76.50016021728516
2019-09-30,5.816746234893799,76.50848388671875
2019-10-01,5.803524971008301,76.50598907470703
2019-10-02,5.744036674499512,76.50598907470703
2019-10-03,5.757256507873535,76.53111267089844
2019-10-04,5.770476818084717,76.53111267089844
2019-10-07,5.777085304260254,76.53948211669922
2019-10-08,5.777085304260254,76.53948211669922
2019-10-09,5.763865947723389,76.53948211669922
2019-10-10,5.710987091064453,76.55621337890625
2019-10-11,5.618447780609131,76.5645523071289
2019-10-14,5.651497840881348,76.55621337890625
2019-10-15,5.644887924194336,76.5645523071289
2019-10-16,5.651497840881348,76.57293701171875
2019-10-17,5.605227470397949,76.58129119873047
2019-10-18,5.572178363800049,76.58129119873047
2019-10-21,5.565567493438721,76.58967590332031
2019-10-22,5.565567493438721,76.58967590332031
2019-10-23,5.565567493438721,76.58967590332031
2019-10-24,5.598618030548096,76.60640716552734
2019-10-25,5.598618030548096,76.60640716552734
2019-10-28,5.572178363800049,76.59803009033203
2019-10-29,5.558958530426025,76.6147689819336
2019-10-30,5.565567493438721,76.62312316894531
2019-10-31,5.611837863922119,76.6314926147461
2019-11-01,5.578787326812744,76.63064575195312
2019-11-04,5.572178363800049,76.6390380859375
2019-11-05,5.545739650726318,76.63064575195312
2019-11-06,5.572178363800049,76.6390380859375
2019-11-07,5.532517910003662,76.65579986572266
2019-11-08,5.52590799331665,76.65579986572266
2019-11-11,5.519299030303955,76.65579986572266
2019-11-12,5.545739650726318,76.66413116455078
2019-11-13,5.519299030303955,76.66413116455078
2019-11-14,5.539128303527832,76.67257690429688
2019-11-15,5.552347660064697,76.66413116455078
2019-11-18,5.558958530426025,76.680908203125
2019-11-19,5.558958530426025,76.67257690429688
2019-11-20,5.539128303527832,76.680908203125
2019-11-21,5.519299030303955,76.680908203125
2019-11-22,5.52590799331665,76.68931579589844
2019-11-25,5.565567493438721,76.68931579589844
2019-11-26,5.578787326812744,76.69767761230469
2019-11-27,5.592008113861084,76.71443939208984
2019-11-29,5.565567493438721,76.71443939208984
2019-12-02,5.532517910003662,76.72032165527344
2019-12-03,5.499468803405762,76.7119140625
2019-12-04,5.506079196929932,76.72032165527344
2019-12-05,5.512688636779785,76.7370834350586
2019-12-06,5.545739650726318,76.7370834350586
2019-12-09,5.545739650726318,76.74547576904297
2019-12-10,5.552347660064697,76.74547576904297
2019-12-11,5.552347660064697,76.74547576904297
2019-12-12,5.552347660064697,76.76226806640625
2019-12-13,5.611837863922119,76.74547576904297
2019-12-16,5.625057697296143,76.76226806640625
2019-12-17,5.625057697296143,76.75384521484375
2019-12-18,5.625057697296143,76.7706527709961
2019-12-19,5.6316680908203125,76.77901458740234
2019-12-20,5.625057697296143,76.78326416015625
2019-12-23,5.631875991821289,76.78326416015625
2019-12-24,5.645512104034424,76.79163360595703
2019-12-26,5.659149169921875,76.80005645751953
2019-12-27,5.6864213943481445,76.79163360595703
2019-12-30,5.67278528213501,76.80005645751953
2019-12-31,5.6659674644470215,76.80005645751953
2020-01-02,5.679603576660156,76.82522583007812
2020-01-03,5.6864213943481445,76.82522583007812
2020-01-06,5.679603576660156,76.81684112548828
2020-01-07,5.6864213943481445,76.81684112548828
2020-01-08,5.6523308753967285,76.8336410522461
2020-01-09,5.67278528213501,76.84202575683594
2020-01-10,5.679603576660156,76.84202575683594
2020-01-13,5.679603576660156,76.84202575683594
2020-01-14,5.693240165710449,76.84202575683594
2020-01-15,5.700057506561279,76.8504409790039
2020-01-16,5.727330684661865,76.86724853515625
2020-01-17,5.747786045074463,76.85884857177734
2020-01-21,5.727330684661865,76.86724853515625
2020-01-22,5.727330684661865,76.86724853515625
2020-01-23,5.6864213943481445,76.87561798095703
2020-01-24,5.693240165710449,76.87561798095703
2020-01-27,5.631875991821289,76.88404846191406
2020-01-28,5.61142110824585,76.88404846191406
2020-01-29,5.618239402770996,76.89244079589844
2020-01-30,5.590966701507568,76.89244079589844
2020-01-31,5.563693523406982,76.89244079589844
2020-02-03,5.5568742752075195,76.89916229248047
2020-02-04,5.5568742752075195,76.89916229248047
2020-02-05,5.570511341094971,76.91596984863281
2020-02-06,5.61142110824585,76.92439270019531
2020-02-07,5.625057697296143,76.92439270019531
2020-02-10,5.659149169921875,76.91596984863281
2020-02-11,5.6523308753967285,76.92439270019531
2020-02-12,5.6523308753967285,76.93280792236328
2020-02-13,5.6523308753967285,76.94122314453125
2020-02-14,5.659149169921875,76.94122314453125
2020-02-18,5.679603576660156,76.94962310791016
2020-02-19,5.700057506561279,76.94962310791016
2020-02-20,5.747786045074463,76.94962310791016
2020-02-21,5.754603862762451,76.96642303466797
2020-02-24,5.734149932861328,76.95803833007812
2020-02-25,5.679603576660156,76.95803833007812
2020-02-26,5.679603576660156,76.97486114501953
2020-02-27,5.597784519195557,76.99166870117188
2020-02-28,5.550057411193848,76.98326110839844
2020-03-02,5.570511341094971,77.00597381591797
2020-03-03,5.570511341094971,77.02283477783203
2020-03-04,5.625057697296143,77.05651092529297
2020-03-05,5.645512104034424,77.0733413696289
2020-03-06,5.720513820648193,77.0733413696289
2020-03-09,5.8432416915893555,77.10698699951172
2020-03-10,5.754603862762451,77.09016418457031
2020-03-11,5.775059223175049,77.10698699951172
2020-03-12,5.802331924438477,77.11544799804688
2020-03-13,5.734149932861328,77.13228607177734
2020-03-16,5.7955145835876465,77.14069366455078
2020-03-17,5.8159685134887695,77.14069366455078
2020-03-18,5.884151458740234,77.15753173828125
2020-03-19,5.8159685134887695,77.14069366455078
2020-03-20,5.870513916015625,77.16593170166016
2020-03-23,5.925060272216797,77.14912414550781
2020-03-24,5.863696575164795,77.14912414550781
2020-03-25,5.829605579376221,77.14912414550781
2020-03-26,5.8432416915893555,77.14912414550781
2020-03-27,5.829605579376221,77.13228607177734
2020-03-30,5.87733268737793,77.13228607177734
2020-03-31,5.850059509277344,77.14069366455078
2020-04-01,5.904606342315674,77.13394165039062
2020-04-02,5.897787094116211,77.14237976074219
2020-04-03,5.918242454528809,77.11709594726562
2020-04-06,5.890969276428223,77.12551879882812
2020-04-07,5.809150695800781,77.10867309570312
2020-04-08,5.822786331176758,77.11709594726562
2020-04-09,5.822786331176758,77.10025787353516
2020-04-13,5.822786331176758,77.11709594726562
2020-04-14,5.829605579376221,77.12551879882812
2020-04-15,5.87733268737793,77.11709594726562
2020-04-16,5.890969276428223,77.10867309570312
2020-04-17,5.850059509277344,77.12551879882812
2020-04-20,5.8432416915893555,77.11709594726562
2020-04-21,5.890969276428223,77.11709594726562
2020-04-22,5.884151458740234,77.11709594726562
2020-04-23,5.884151458740234,77.12551879882812
2020-04-24,5.911424160003662,77.11709594726562
2020-04-27,5.884151458740234,77.11709594726562
2020-04-28,5.884151458740234,77.11709594726562
2020-04-29,5.870513916015625,77.10867309570312
2020-04-30,5.836423397064209,77.12551879882812
2020-05-01,5.870513916015625,77.11204528808594
2020-05-04,5.897787094116211,77.11204528808594
2020-05-05,5.870513916015625,77.11204528808594
2020-05-06,5.897787094116211,77.12046813964844
2020-05-07,5.904606342315674,77.11204528808594
2020-05-08,5.884151458740234,77.11204528808594
2020-05-11,5.870513916015625,77.12046813964844
2020-05-12,5.890969276428223,77.12046813964844
2020-05-13,5.9455156326293945,77.12046813964844
2020-05-14,5.952333927154541,77.12892150878906
2020-05-15,5.979606628417969,77.11204528808594
2020-05-18,5.884151458740234,77.11204528808594
2020-05-19,5.8432416915893555,77.11204528808594
2020-05-20,5.8432416915893555,77.11204528808594
2020-05-21,5.870513916015625,77.12046813964844
2020-05-22,5.904606342315674,77.11204528808594
2020-05-26,5.788695335388184,77.12046813964844
2020-05-27,5.802331924438477,77.11204528808594
2020-05-28,5.7955145835876465,77.11204528808594
2020-05-29,5.809150695800781,77.11204528808594
2020-06-01,5.754603862762451,77.12046813964844
2020-06-02,5.706876754760742,77.12046813964844
2020-06-03,5.6386942863464355,77.12046813964844
2020-06-04,5.631875991821289,77.12046813964844
2020-06-05,5.563693523406982,77.1036148071289
2020-06-08,5.570511341094971,77.11204528808594
2020-06-09,5.577330112457275,77.11204528808594
2020-06-10,5.5841474533081055,77.12046813964844
2020-06-11,5.631875991821289,77.1036148071289
2020-06-12,5.625057697296143,77.12046813964844
2020-06-15,5.597784519195557,77.12046813964844
2020-06-16,5.6386942863464355,77.12046813964844
2020-06-17,5.645512104034424,77.12046813964844
2020-06-18,5.645512104034424,77.11204528808594
2020-06-19,5.6523308753967285,77.11204528808594
2020-06-22,5.659149169921875,77.11204528808594
2020-06-23,5.6659674644470215,77.11204528808594
2020-06-24,5.706876754760742,77.11204528808594
2020-06-25,5.706876754760742,77.12046813964844
2020-06-26,5.740967750549316,77.11204528808594
2020-06-29,5.700057506561279,77.11204528808594
2020-06-30,5.6864213943481445,77.11204528808594
2020-07-01,5.631875991821289,77.11204528808594
2020-07-02,5.659149169921875,77.12046813964844
2020-07-06,5.693240165710449,77.11204528808594
2020-07-07,5.700057506561279,77.11204528808594
2020-07-08,5.693240165710449,77.11204528808594
2020-07-09,5.7136945724487305,77.11204528808594
2020-07-10,5.679603576660156,77.12046813964844
2020-07-13,5.706876754760742,77.12046813964844
2020-07-14,5.7136945724487305,77.12046813964844
2020-07-15,5.693240165710449,77.12046813964844
2020-07-16,5.700057506561279,77.11204528808594
2020-07-17,5.700057506561279,77.12046813964844
2020-07-20,5.7136945724487305,77.12046813964844
2020-07-21,5.734149932861328,77.12046813964844
2020-07-22,5.734149932861328,77.11204528808594
2020-07-23,5.7136945724487305,77.12046813964844
2020-07-24,5.67278528213501,77.11204528808594
2020-07-27,5.700057506561279,77.11204528808594
2020-07-28,5.706876754760742,77.12046813964844
2020-07-29,5.7136945724487305,77.12046813964844
2020-07-30,5.747786045074463,77.11204528808594
2020-07-31,5.734149932861328,77.12046813964844
2020-08-03,5.700057506561279,77.11204528808594
2020-08-04,5.740967750549316,77.12046813964844
2020-08-05,5.740967750549316,77.11204528808594
2020-08-06,5.775059223175049,77.11204528808594
2020-08-07,5.727330684661865,77.12046813964844
2020-08-10,5.727330684661865,77.12046813964844
2020-08-11,5.6659674644470215,77.11204528808594
2020-08-12,5.67278528213501,77.11204528808594
2020-08-13,5.6523308753967285,77.12046813964844
2020-08-14,5.659149169921875,77.11204528808594
2020-08-17,5.6864213943481445,77.11204528808594
2020-08-18,5.693240165710449,77.12046813964844
2020-08-19,5.6659674644470215,77.12046813964844
2020-08-20,5.645512104034424,77.12046813964844
2020-08-21,5.618239402770996,77.12046813964844
2020-08-24,5.631875991821289,77.12046813964844
2020-08-25,5.625057697296143,77.11204528808594
2020-08-26,5.618239402770996,77.11204528808594
2020-08-27,5.597784519195557,77.11204528808594
2020-08-28,5.625057697296143,77.12046813964844
2020-08-31,5.645512104034424,77.12046813964844
2020-09-01,5.645512104034424,77.12046813964844
2020-09-02,5.631875991821289,77.12046813964844
2020-09-03,5.61142110824585,77.11204528808594
2020-09-04,5.577330112457275,77.12046813964844
2020-09-08,5.570511341094971,77.12046813964844
2020-09-09,5.570511341094971,77.11204528808594
2020-09-10,5.570511341094971,77.11204528808594
2020-09-11,5.604602813720703,77.1036148071289
2020-09-14,5.625057697296143,77.12046813964844
2020-09-15,5.61142110824585,77.1036148071289
2020-09-16,5.577330112457275,77.12046813964844
2020-09-17,5.5841474533081055,77.12046813964844
2020-09-18,5.61142110824585,77.1036148071289
2020-09-21,5.590966701507568,77.1036148071289
2020-09-22,5.577330112457275,77.1036148071289
2020-09-23,5.502328872680664,77.1036148071289
2020-09-24,5.475055694580078,77.11204528808594
2020-09-25,5.495511531829834,77.1036148071289
2020-09-28,5.522784233093262,77.11204528808594
2020-09-29,5.5568742752075195,77.11204528808594
2020-09-30,5.543238162994385,77.1036148071289
2020-10-01,5.550057411193848,77.1036148071289
2020-10-02,5.543238162994385,77.1036148071289
2020-10-05,5.522784233093262,77.1036148071289
2020-10-06,5.502328872680664,77.11204528808594
2020-10-07,5.5568742752075195,77.1036148071289
2020-10-08,5.550057411193848,77.1036148071289
2020-10-09,5.577330112457275,77.1036148071289
2020-10-12,5.570511341094971,77.11204528808594
2020-10-13,5.563693523406982,77.1036148071289
2020-10-14,5.570511341094971,77.1036148071289
2020-10-15,5.631875991821289,77.1036148071289
2020-10-16,5.618239402770996,77.11204528808594
2020-10-19,5.618239402770996,77.11204528808594
2020-10-20,5.618239402770996,77.1036148071289
2020-10-21,5.645512104034424,77.1036148071289
2020-10-22,5.61142110824585,77.11204528808594
2020-10-23,5.625057697296143,77.11204528808594
2020-10-26,5.625057697296143,77.11204528808594
2020-10-27,5.645512104034424,77.1036148071289
2020-10-28,5.659149169921875,77.1036148071289
2020-10-29,5.693240165710449,77.11204528808594
2020-10-30,5.6523308753967285,77.11204528808594
2020-11-02,5.645512104034424,77.11204528808594
2020-11-03,5.597784519195557,77.11204528808594
2020-11-04,5.604602813720703,77.1036148071289
2020-11-05,5.597784519195557,77.11204528808594
2020-11-06,5.5841474533081055,77.1036148071289
2020-11-09,5.420509338378906,77.11204528808594
2020-11-10,5.38641881942749,77.1036148071289
2020-11-11,5.400054931640625,77.1036148071289
2020-11-12,5.40687370300293,77.1036148071289
2020-11-13,5.427328586578369,77.11204528808594
2020-11-16,5.468238353729248,77.11204528808594
2020-11-17,5.468238353729248,77.11204528808594
2020-11-18,5.468238353729248,77.11204528808594
2020-11-19,5.461419105529785,77.11204528808594
2020-11-20,5.475055694580078,77.11204528808594
2020-11-23,5.468238353729248,77.11204528808594
2020-11-24,5.481873989105225,77.11204528808594
2020-11-25,5.454601764678955,77.1036148071289
2020-11-27,5.515965938568115,77.11204528808594
2020-11-30,5.454601764678955,77.1036148071289
2020-12-01,5.454601764678955,77.09773254394531
2020-12-02,5.454601764678955,77.10614013671875
2020-12-03,5.488692760467529,77.10614013671875
2020-12-04,5.488692760467529,77.11458587646484
2020-12-07,5.495511531829834,77.09773254394531
2020-12-08,5.488692760467529,77.09773254394531
2020-12-09,5.502328872680664,77.09773254394531
2020-12-10,5.522784233093262,77.09773254394531
2020-12-11,5.529601573944092,77.10614013671875
2020-12-14,5.522784233093262,77.09773254394531
2020-12-15,5.529601573944092,77.09773254394531
2020-12-16,5.529601573944092,77.10614013671875
2020-12-17,5.570511341094971,77.10614013671875
2020-12-18,5.563693523406982,77.10614013671875
2020-12-21,5.543238162994385,77.10614013671875
2020-12-22,5.519522190093994,77.10614013671875
2020-12-23,5.533895015716553,77.09773254394531
2020-12-24,5.548268795013428,77.10614013671875
2020-12-28,5.555456161499023,77.10614013671875
2020-12-29,5.59857702255249,77.10614013671875
2020-12-30,5.634512424468994,77.09773254394531
2020-12-31,5.641698360443115,77.10614013671875
2021-01-04,5.663259506225586,77.10614013671875
2021-01-05,5.71356725692749,77.09773254394531
2021-01-06,5.71356725692749,77.10614013671875
2021-01-07,5.706380367279053,77.10614013671875
2021-01-08,5.699193954467773,77.09773254394531
2021-01-11,5.663259506225586,77.10614013671875
2021-01-12,5.706380367279053,77.09773254394531
2021-01-13,5.699193954467773,77.09773254394531
2021-01-14,5.735128402709961,77.10614013671875
2021-01-15,5.684820175170898,77.10614013671875
2021-01-19,5.706380367279053,77.10614013671875
2021-01-20,5.735128402709961,77.10614013671875
2021-01-21,5.74231481552124,77.10614013671875
2021-01-22,5.699193954467773,77.09773254394531
2021-01-25,5.720754623413086,77.10614013671875
2021-01-26,5.71356725692749,77.09773254394531
2021-01-27,5.670446395874023,77.09773254394531
2021-01-28,5.663259506225586,77.10614013671875
2021-01-29,5.648885726928711,77.10614013671875
2021-02-01,5.648885726928711,77.10614013671875
2021-02-02,5.656072616577148,77.09773254394531
2021-02-03,5.677633285522461,77.09773254394531
2021-02-04,5.663259506225586,77.10614013671875
2021-02-05,5.699193954467773,77.10614013671875
2021-02-08,5.720754623413086,77.10614013671875
2021-02-09,5.74231481552124,77.10614013671875
2021-02-10,5.749502182006836,77.09773254394531
2021-02-11,5.763875961303711,77.10614013671875
2021-02-12,5.778249740600586,77.09773254394531
2021-02-16,5.821371555328369,77.10614013671875
2021-02-17,5.821371555328369,77.10614013671875
2021-02-18,5.821371555328369,77.09773254394531
2021-02-19,5.864492416381836,77.10614013671875
2021-02-22,5.878866195678711,77.09773254394531
2021-02-23,5.893239498138428,77.09773254394531
2021-02-24,5.929174423217773,77.08928680419922
2021-02-25,5.91480016708374,77.09773254394531
2021-02-26,5.806997299194336,77.09773254394531
2021-03-01,5.814184188842773,77.08928680419922
2021-03-02,5.814184188842773,77.08928680419922
2021-03-03,5.828557014465332,77.09773254394531
2021-03-04,5.828557014465332,77.09773254394531
2021-03-05,5.835744857788086,77.09773254394531
2021-03-08,5.814184188842773,77.08928680419922
2021-03-09,5.821371555328369,77.08928680419922
2021-03-10,5.814184188842773,77.08928680419922
2021-03-11,5.857304573059082,77.09773254394531
2021-03-12,5.878866195678711,77.08928680419922
2021-03-15,5.864492416381836,77.08928680419922
2021-03-16,5.864492416381836,77.08928680419922
2021-03-17,5.878866195678711,77.09773254394531
2021-03-18,5.842930793762207,77.08928680419922
2021-03-19,5.835744857788086,77.08928680419922
2021-03-22,5.806997299194336,77.08928680419922
2021-03-23,5.727941036224365,77.09773254394531
2021-03-24,5.74231481552124,77.08928680419922
2021-03-25,5.699193954467773,77.08928680419922
2021-03-26,5.778249740600586,77.08928680419922
2021-03-29,5.79980993270874,77.08928680419922
2021-03-30,5.806997299194336,77.09773254394531
2021-03-31,5.814184188842773,77.08928680419922
2021-04-01,5.806997299194336,77.09773254394531
2021-04-05,5.785436630249023,77.08928680419922
2021-04-06,5.778249740600586,77.08089447021484
2021-04-07,5.763875961303711,77.08089447021484
2021-04-08,5.756688594818115,77.08928680419922
2021-04-09,5.763875961303711,77.08089447021484
2021-04-12,5.756688594818115,77.08089447021484
2021-04-13,5.749502182006836,77.08089447021484
2021-04-14,5.79980993270874,77.08089447021484
2021-04-15,5.763875961303711,77.08928680419922
2021-04-16,5.785436630249023,77.08928680419922
2021-04-19,5.785436630249023,77.08089447021484
2021-04-20,5.756688594818115,77.08089447021484
2021-04-21,5.749502182006836,77.08089447021484
2021-04-22,5.74231481552124,77.08928680419922
2021-04-23,5.77106237411499,77.08928680419922
2021-04-26,5.785436630249023,77.08089447021484
2021-04-27,5.814184188842773,77.08928680419922
2021-04-28,5.835744857788086,77.08089447021484
2021-04-29,5.857304573059082,77.08089447021484
2021-04-30,5.828557014465332,77.08928680419922
2021-05-03,5.828557014465332,77.08928680419922
2021-05-04,5.814184188842773,77.08089447021484
2021-05-05,5.828557014465332,77.08928680419922
2021-05-06,5.842930793762207,77.08928680419922
2021-05-07,5.871678829193115,77.08089447021484
2021-05-10,5.886052131652832,77.08089447021484
2021-05-11,5.91480016708374,77.08089447021484
2021-05-12,5.9507341384887695,77.07245635986328
2021-05-13,5.900426864624023,77.07245635986328
2021-05-14,5.907613277435303,77.07245635986328
2021-05-17,5.929174423217773,77.08089447021484
2021-05-18,5.943548202514648,77.08089447021484
2021-05-19,5.907613277435303,77.07245635986328
2021-05-20,5.893239498138428,77.07245635986328
2021-05-21,5.886052131652832,77.08089447021484
2021-05-24,5.886052131652832,77.07245635986328
2021-05-25,5.857304573059082,77.07245635986328
2021-05-26,5.835744857788086,77.07245635986328
2021-05-27,5.900426864624023,77.08089447021484
2021-05-28,5.893239498138428,77.08089447021484
2021-06-01,5.936360836029053,77.07245635986328
2021-06-02,5.957921504974365,77.07245635986328
2021-06-03,5.943548202514648,77.07245635986328
2021-06-04,5.943548202514648,77.08089447021484
2021-06-07,5.943548202514648,77.06401062011719
2021-06-08,5.921987056732178,77.06401062011719
2021-06-09,5.886052131652832,77.06401062011719
2021-06-10,5.907613277435303,77.06401062011719
2021-06-11,5.850119113922119,77.07245635986328
2021-06-14,5.857304573059082,77.06401062011719
2021-06-15,5.842930793762207,77.06401062011719
2021-06-16,5.785436630249023,77.07245635986328
2021-06-17,5.677633285522461,77.06401062011719
2021-06-18,5.634512424468994,77.07245635986328
2021-06-21,5.699193954467773,77.06401062011719
2021-06-22,5.720754623413086,77.06401062011719
2021-06-23,5.735128402709961,77.06401062011719
2021-06-24,5.749502182006836,77.07245635986328
2021-06-25,5.785436630249023,77.07245635986328
2021-06-28,5.749502182006836,77.06401062011719
2021-06-29,5.735128402709961,77.06401062011719
2021-06-30,5.720754623413086,77.06401062011719
2021-07-01,5.720754623413086,77.07245635986328
2021-07-02,5.706380367279053,77.06401062011719
2021-07-06,5.59857702255249,77.05558776855469
2021-07-07,5.562642574310303,77.05558776855469
2021-07-08,5.533895015716553,77.06401062011719
2021-07-09,5.591391086578369,77.06401062011719
2021-07-12,5.59857702255249,77.06401062011719
2021-07-13,5.605764865875244,77.06401062011719
2021-07-14,5.584203720092773,77.05558776855469
2021-07-15,5.548268795013428,77.06401062011719
2021-07-16,5.555456161499023,77.06401062011719
2021-07-19,5.418905258178711,77.05558776855469
2021-07-20,5.433279037475586,77.05558776855469
2021-07-21,5.512335300445557,77.05558776855469
2021-07-22,5.519522190093994,77.06401062011719
2021-07-23,5.533895015716553,77.05558776855469
2021-07-26,5.548268795013428,77.06401062011719
2021-07-27,5.526709079742432,77.05558776855469
2021-07-28,5.541082382202148,77.05558776855469
2021-07-29,5.562642574310303,77.06401062011719
2021-07-30,5.548268795013428,77.05558776855469
2021-08-02,5.505148410797119,77.05558776855469
2021-08-03,5.483587741851807,77.05558776855469
2021-08-04,5.462026596069336,77.05558776855469
2021-08-05,5.490774631500244,77.05558776855469
2021-08-06,5.505148410797119,77.06401062011719
2021-08-09,5.476400852203369,77.06401062011719
2021-08-10,5.519522190093994,77.05558776855469
2021-08-11,5.526709079742432,77.05558776855469
2021-08-12,5.533895015716553,77.05558776855469
2021-08-13,5.490774631500244,77.06401062011719
2021-08-16,5.454840183258057,77.04718780517578
2021-08-17,5.469213485717773,77.04718780517578
2021-08-18,5.462026596069336,77.04718780517578
2021-08-19,5.426092624664307,77.06401062011719
2021-08-20,5.397345066070557,77.06401062011719
2021-08-23,5.433279037475586,77.04718780517578
2021-08-24,5.454840183258057,77.04718780517578
2021-08-25,5.483587741851807,77.04718780517578
2021-08-26,5.476400852203369,77.05558776855469
2021-08-27,5.462026596069336,77.05558776855469
2021-08-30,5.476400852203369,77.05558776855469
2021-08-31,5.490774631500244,77.04718780517578
2021-09-01,5.483587741851807,77.04718780517578
2021-09-02,5.505148410797119,77.06401062011719
2021-09-03,5.505148410797119,77.04718780517578
2021-09-07,5.526709079742432,77.04718780517578
2021-09-08,5.519522190093994,77.04718780517578
2021-09-09,5.497961521148682,77.04718780517578
2021-09-10,5.533895015716553,77.05558776855469
2021-09-13,5.526709079742432,77.05558776855469
2021-09-14,5.512335300445557,77.04718780517578
2021-09-15,5.555456161499023,77.04718780517578
2021-09-16,5.569829940795898,77.05558776855469
2021-09-17,5.569829940795898,77.04718780517578
2021-09-20,5.505148410797119,77.05558776855469
2021-09-21,5.497961521148682,77.04718780517578
2021-09-22,5.519522190093994,77.04718780517578
2021-09-23,5.62732458114624,77.05558776855469
2021-09-24,5.663259506225586,77.04718780517578
2021-09-27,5.663259506225586,77.04718780517578
2021-09-28,5.677633285522461,77.04718780517578
2021-09-29,5.641698360443115,77.05558776855469
2021-09-30,5.641698360443115,77.05558776855469
2021-10-01,5.634512424468994,77.05558776855469
2021-10-04,5.648885726928711,77.03874969482422
2021-10-05,5.699193954467773,77.04718780517578
2021-10-06,5.692006587982178,77.04718780517578
2021-10-07,5.684820175170898,77.04718780517578
2021-10-08,5.756688594818115,77.04718780517578
2021-10-11,5.806997299194336,77.04718780517578
2021-10-12,5.792623996734619,77.04718780517578
2021-10-13,5.778249740600586,77.04718780517578
2021-10-14,5.749502182006836,77.03874969482422
2021-10-15,5.835744857788086,77.04718780517578
2021-10-18,5.857304573059082,77.03874969482422
2021-10-19,5.878866195678711,77.03874969482422
2021-10-20,5.886052131652832,77.03874969482422
2021-10-21,5.900426864624023,77.03874969482422
2021-10-22,5.886052131652832,77.03874969482422
2021-10-25,5.871678829193115,77.04718780517578
2021-10-26,5.864492416381836,77.03032684326172
2021-10-27,5.806997299194336,77.03032684326172
2021-10-28,5.857304573059082,77.04718780517578
2021-10-29,5.864492416381836,77.04718780517578
2021-11-01,5.857304573059082,77.04718780517578
2021-11-02,5.763875961303711,77.03032684326172
2021-11-03,5.785436630249023,77.03032684326172
2021-11-04,5.677633285522461,77.03874969482422
2021-11-05,5.612950801849365,77.03874969482422
2021-11-08,5.684820175170898,77.04718780517578
2021-11-09,5.62732458114624,77.03032684326172
2021-11-10,5.684820175170898,77.03032684326172
2021-11-11,5.71356725692749,77.03874969482422
2021-11-12,5.677633285522461,77.03874969482422
2021-11-15,5.684820175170898,77.03874969482422
2021-11-16,5.663259506225586,77.03032684326172
2021-11-17,5.634512424468994,77.03032684326172
2021-11-18,5.634512424468994,77.03874969482422
2021-11-19,5.584203720092773,77.03874969482422
2021-11-22,5.670446395874023,77.03874969482422
2021-11-23,5.71356725692749,77.03032684326172
2021-11-24,5.699193954467773,77.03874969482422
2021-11-26,5.512335300445557,77.03032684326172
2021-11-29,5.562642574310303,77.03874969482422
2021-11-30,5.548268795013428,77.03032684326172
2021-12-01,5.541082382202148,77.03874969482422
2021-12-02,5.548268795013428,77.03874969482422
2021-12-03,5.512335300445557,77.03032684326172
2021-12-06,5.526709079742432,77.03032684326172
2021-12-07,5.548268795013428,77.03032684326172
2021-12-08,5.548268795013428,77.03874969482422
2021-12-09,5.541082382202148,77.03032684326172
2021-12-10,5.526709079742432,77.03874969482422
2021-12-13,5.505148410797119,77.03874969482422
2021-12-14,5.541082382202148,77.03874969482422
2021-12-15,5.548268795013428,77.03874969482422
2021-12-16,5.533895015716553,77.03032684326172
2021-12-17,5.519522190093994,77.03874969482422
2021-12-20,5.533895015716553,77.03032684326172
2021-12-21,5.548268795013428,77.02186584472656
2021-12-22,5.533895015716553,77.02186584472656
2021-12-23,5.544661998748779,77.02186584472656
2021-12-27,5.567732810974121,77.03032684326172
2021-12-28,5.560042381286621,77.02186584472656
2021-12-29,5.613874435424805,77.02186584472656
2021-12-30,5.598494529724121,77.03032684326172
2021-12-31,5.583113193511963,77.03032684326172
2022-01-03,5.636944770812988,77.02186584472656
2022-01-04,5.6984663009643555,77.03032684326172
2022-01-05,5.752298355102539,77.03032684326172
2022-01-06,5.790750503540039,77.03032684326172
2022-01-07,5.7984395027160645,77.03032684326172
2022-01-10,5.790750503540039,77.02186584472656
2022-01-11,5.790750503540039,77.01348876953125
2022-01-12,5.759988784790039,77.02186584472656
2022-01-13,5.7215375900268555,77.03032684326172
2022-01-14,5.7984395027160645,77.03032684326172
2022-01-18,5.898413181304932,77.01348876953125
2022-01-19,5.883032321929932,77.03032684326172
2022-01-20,5.859961986541748,77.03032684326172
2022-01-21,5.8061299324035645,77.02186584472656
2022-01-24,5.783059120178223,77.03032684326172
2022-01-25,5.836890697479248,77.01348876953125
2022-01-26,5.929174423217773,77.02186584472656
2022-01-27,6.006076335906982,77.03032684326172
2022-01-28,5.983006000518799,77.01348876953125
2022-01-31,5.944554328918457,77.03032684326172
2022-02-01,5.921483516693115,77.02186584472656
2022-02-02,5.929174423217773,77.03032684326172
2022-02-03,6.059907913208008,77.03032684326172
2022-02-04,6.121430397033691,77.01348876953125
2022-02-07,6.121430397033691,77.01348876953125
2022-02-08,6.136810779571533,77.02186584472656
2022-02-09,6.098359107971191,77.01348876953125
2022-02-10,6.229093551635742,77.01348876953125
2022-02-11,6.175261497497559,77.01348876953125
2022-02-14,6.267543792724609,77.00507354736328
2022-02-15,6.229093551635742,77.02186584472656
2022-02-16,6.198332786560059,77.02186584472656
2022-02-17,6.167572021484375,77.01348876953125
2022-02-18,6.159880638122559,77.02186584472656
2022-02-22,6.229093551635742,77.02186584472656
2022-02-23,6.259854793548584,77.01348876953125
2022-02-24,6.244473934173584,77.01348876953125
2022-02-25,6.198332786560059,77.01348876953125
2022-02-28,6.090668678283691,77.01348876953125
2022-03-01,6.059907913208008,77.03199768066406
2022-03-02,6.267543792724609,77.03199768066406
2022-03-03,6.282924652099609,77.04041290283203
2022-03-04,6.298304557800293,77.04041290283203
2022-03-07,6.459799766540527,77.04041290283203
2022-03-08,6.5674638748168945,77.04041290283203
2022-03-09,6.42134952545166,77.04041290283203
2022-03-10,6.429039001464844,77.04041290283203
2022-03-11,6.521322250366211,77.03199768066406
2022-03-14,6.552083969116211,77.04041290283203
2022-03-15,6.521322250366211,77.0235824584961
2022-03-16,6.452110290527344,77.04041290283203
2022-03-17,6.467491149902344,77.04041290283203
2022-03-18,6.452110290527344,77.03199768066406
2022-03-21,6.590534210205078,77.03199768066406
2022-03-22,6.621294975280762,77.03199768066406
2022-03-23,6.6520562171936035,77.04887390136719
2022-03-24,6.705888271331787,77.04887390136719
2022-03-25,6.7751007080078125,77.03199768066406
2022-03-28,6.736649036407471,77.03199768066406
2022-03-29,6.6520562171936035,77.03199768066406
2022-03-30,6.6520562171936035,77.04887390136719
2022-03-31,6.605915546417236,77.04887390136719
2022-04-01,6.636675834655762,77.04887390136719
2022-04-04,6.636675834655762,77.04041290283203
2022-04-05,6.713577747344971,77.03199768066406
2022-04-06,6.713577747344971,77.04041290283203
2022-04-07,6.721268177032471,77.04041290283203
2022-04-08,6.790480613708496,77.03199768066406
2022-04-11,6.82124137878418,77.04041290283203
2022-04-12,6.8443121910095215,77.04041290283203
2022-04-13,6.8443121910095215,77.04041290283203
2022-04-14,6.898144245147705,77.03199768066406
2022-04-18,6.951976299285889,77.04041290283203
2022-04-19,6.990427017211914,77.03199768066406
2022-04-20,6.959665775299072,77.04887390136719
2022-04-21,6.990427017211914,77.04887390136719
2022-04-22,6.990427017211914,77.04041290283203
2022-04-25,6.921214580535889,77.04887390136719
2022-04-26,6.913524150848389,77.04041290283203
2022-04-27,6.982737064361572,77.04041290283203
2022-04-28,7.059638977050781,77.05728149414062
2022-04-29,7.075019359588623,77.04041290283203
2022-05-02,7.105780601501465,77.04887390136719
2022-05-03,7.113470554351807,77.04041290283203
2022-05-04,7.090399742126465,77.05728149414062
2022-05-05,7.167302131652832,77.05728149414062
2022-05-06,7.244204521179199,77.05728149414062
2022-05-09,7.190372943878174,77.04887390136719
2022-05-10,7.182682991027832,77.04887390136719
2022-05-11,7.167302131652832,77.04887390136719
2022-05-12,7.136541366577148,77.05728149414062
2022-05-13,7.14423131942749,77.06571197509766
2022-05-16,7.14423131942749,77.05728149414062
2022-05-17,7.136541366577148,77.05728149414062
2022-05-18,7.113470554351807,77.05728149414062
2022-05-19,7.090399742126465,77.07415008544922
2022-05-20,7.059638977050781,77.07415008544922
2022-05-23,7.051948547363281,77.07415008544922
2022-05-24,7.0288777351379395,77.06571197509766
2022-05-25,7.036568641662598,77.07415008544922
2022-05-26,7.021188259124756,77.09100341796875
2022-05-27,6.998116970062256,77.07415008544922
2022-05-31,7.082709312438965,77.06571197509766
2022-06-01,7.182682991027832,77.06654357910156
2022-06-02,7.167302131652832,77.08343505859375
2022-06-03,7.228824138641357,77.06654357910156
2022-06-06,7.274965763092041,77.07498931884766
2022-06-07,7.290345668792725,77.06654357910156
2022-06-08,7.328797340393066,77.07498931884766
2022-06-09,7.390317440032959,77.08343505859375
2022-06-10,7.467221736907959,77.06654357910156
2022-06-13,7.590266227722168,77.07498931884766
2022-06-14,7.659477710723877,77.06654357910156
2022-06-15,7.536434173583984,77.07498931884766
2022-06-16,7.567195892333984,77.09185028076172
2022-06-17,7.559504985809326,77.08343505859375
2022-06-21,7.574885368347168,77.10028839111328
2022-06-22,7.482601165771484,77.10871887207031
2022-06-23,7.359558582305908,77.10871887207031
2022-06-24,7.321106910705566,77.09185028076172
2022-06-27,7.344178676605225,77.09185028076172
2022-06-28,7.405699729919434,77.10871887207031
2022-06-29,7.405699729919434,77.11714935302734
2022-06-30,7.359558582305908,77.12556457519531
2022-07-01,7.305726528167725,77.11966705322266
2022-07-05,7.274965763092041,77.11966705322266
2022-07-06,7.274965763092041,77.11966705322266
2022-07-07,7.298036575317383,77.11966705322266
2022-07-08,7.313417434692383,77.1112289428711
2022-07-11,7.390317440032959,77.11966705322266
2022-07-12,7.367249011993408,77.1112289428711
2022-07-13,7.405699729919434,77.1112289428711
2022-07-14,7.497982501983643,77.11966705322266
2022-07-15,7.444150447845459,77.1112289428711
2022-07-18,7.421079635620117,77.1112289428711
2022-07-19,7.428771018981934,77.1112289428711
2022-07-20,7.39801025390625,77.1112289428711
2022-07-21,7.351868152618408,77.13652801513672
2022-07-22,7.274965763092041,77.14500427246094
2022-07-25,7.313417434692383,77.13652801513672
2022-07-26,7.351868152618408,77.13652801513672
2022-07-27,7.313417434692383,77.13652801513672
2022-07-28,7.15961217880249,77.14500427246094
2022-07-29,7.090399742126465,77.15339660644531
2022-08-01,7.0442585945129395,77.15934753417969
2022-08-02,7.121161460876465,77.16775512695312
2022-08-03,7.128850936889648,77.15934753417969
2022-08-04,7.0288777351379395,77.17621612548828
2022-08-05,7.098089694976807,77.1930923461914
2022-08-08,7.075019359588623,77.20152282714844
2022-08-09,7.113470554351807,77.1930923461914
2022-08-10,7.0442585945129395,77.20152282714844
2022-08-11,7.067328929901123,77.20152282714844
2022-08-12,7.067328929901123,77.21842193603516
2022-08-15,7.0288777351379395,77.20999145507812
2022-08-16,7.082709312438965,77.21842193603516
2022-08-17,7.15961217880249,77.21842193603516
2022-08-18,7.198062896728516,77.252197265625
2022-08-19,7.267275333404541,77.252197265625
2022-08-22,7.367249011993408,77.26062774658203
2022-08-23,7.39801025390625,77.24373626708984
2022-08-24,7.405699729919434,77.26908111572266
2022-08-25,7.382628917694092,77.27751159667969
2022-08-26,7.436460971832275,77.27751159667969
2022-08-29,7.474911212921143,77.27751159667969
2022-08-30,7.451841354370117,77.2859878540039
2022-08-31,7.451841354370117,77.3028564453125
2022-09-01,7.528743267059326,77.31893920898438
2022-09-02,7.497982501983643,77.3273696899414
2022-09-06,7.597955703735352,77.3273696899414
2022-09-07,7.559504985809326,77.3358383178711
2022-09-08,7.567195892333984,77.35274505615234
2022-09-09,7.513363838195801,77.35274505615234
2022-09-12,7.482601165771484,77.34431457519531
2022-09-13,7.590266227722168,77.36119079589844
2022-09-14,7.597955703735352,77.36119079589844
2022-09-15,7.613335132598877,77.3865737915039
2022-09-16,7.605645656585693,77.3865737915039
2022-09-19,7.644097328186035,77.3865737915039
2022-09-20,7.6979289054870605,77.37811279296875
2022-09-21,7.7286906242370605,77.39505004882812
2022-09-22,7.751760005950928,77.42887878417969
2022-09-23,7.836352825164795,77.42887878417969
2022-09-26,7.928635597229004,77.4119644165039
2022-09-27,7.959397315979004,77.43731689453125
2022-09-28,7.851733684539795,77.44581604003906
2022-09-29,7.890185832977295,77.46270751953125
2022-09-30,7.867114067077637,77.46270751953125
2022-10-03,7.805591106414795,77.4415054321289
2022-10-04,7.659477710723877,77.4669189453125
2022-10-05,7.720999240875244,77.4669189453125
2022-10-06,7.782521724700928,77.4838638305664
2022-10-07,7.874804496765137,77.4838638305664
2022-10-10,7.905564785003662,77.49235534667969
2022-10-11,7.905564785003662,77.49235534667969
2022-10-12,7.913255214691162,77.49235534667969
2022-10-13,7.944016933441162,77.51776123046875
2022-10-14,7.974777698516846,77.51776123046875
2022-10-17,7.944016933441162,77.51776123046875
2022-10-18,7.890185832977295,77.51776123046875
2022-10-19,7.990157604217529,77.51776123046875
2022-10-20,8.020918846130371,77.55165100097656
2022-10-21,7.9824676513671875,77.56011962890625
2022-10-24,7.997847080230713,77.55165100097656
2022-10-25,7.905564785003662,77.55165100097656
2022-10-26,7.828662395477295,77.56858825683594
2022-10-27,7.782521724700928,77.59400177001953
2022-10-28,7.828662395477295,77.58551025390625
2022-10-31,7.851733684539795,77.58551025390625
2022-11-01,7.836352825164795,77.59231567382812
2022-11-02,7.844043731689453,77.6177749633789
2022-11-03,7.905564785003662,77.64325714111328
2022-11-04,7.867114067077637,77.66024780273438
2022-11-07,7.8594231605529785,77.6517562866211
2022-11-08,7.820972442626953,77.66024780273438
2022-11-09,7.805591106414795,77.70271301269531
2022-11-10,7.536434173583984,77.71121215820312
2022-11-11,7.451841354370117,77.70271301269531
2022-11-14,7.482601165771484,77.70271301269531
2022-11-15,7.444150447845459,77.71967315673828
2022-11-16,7.459531784057617,77.72815704345703
2022-11-17,7.505673885345459,77.75363159179688
2022-11-18,7.497982501983643,77.75363159179688
2022-11-21,7.528743267059326,77.76213073730469
2022-11-22,7.528743267059326,77.77909851074219
2022-11-23,7.482601165771484,77.7961196899414
2022-11-25,7.490292549133301,77.7961196899414
2022-11-28,7.482601165771484,77.8045654296875
2022-11-29,7.490292549133301,77.83001708984375
2022-11-30,7.421079635620117,77.83001708984375
2022-12-01,7.328797340393066,77.84707641601562
2022-12-02,7.290345668792725,77.85558319091797
2022-12-05,7.359558582305908,77.86408996582031
2022-12-06,7.37493896484375,77.88963317871094
2022-12-07,7.344178676605225,77.88963317871094
2022-12-08,7.367249011993408,77.94072723388672
2022-12-09,7.382628917694092,77.93223571777344
2022-12-12,7.413389682769775,77.94072723388672
2022-12-13,7.351868152618408,77.94072723388672
2022-12-14,7.351868152618408,77.96627807617188
2022-12-15,7.444150447845459,77.98330688476562
2022-12-16,7.467221736907959,77.98330688476562
2022-12-19,7.511507987976074,77.99271392822266
2022-12-20,7.442038536071777,78.00125885009766
2022-12-21,7.433355331420898,78.0097427368164
2022-12-22,7.459406852722168,78.06101989746094
2022-12-23,7.511507987976074,78.06101989746094
2022-12-27,7.554927825927734,78.06101989746094
2022-12-28,7.572296142578125,78.08663177490234
2022-12-29,7.537561416625977,78.12078094482422
2022-12-30,7.563612461090088,78.11224365234375
2023-01-03,7.476774215698242,78.12078094482422
2023-01-04,7.476774215698242,78.11224365234375
2023-01-05,7.494141578674316,78.13784790039062
2023-01-06,7.433355331420898,78.12932586669922
2023-01-09,7.398619651794434,78.14642333984375
2023-01-10,7.415987014770508,78.13784790039062
2023-01-11,7.363884449005127,78.13784790039062
2023-01-12,7.2944135665893555,78.1976547241211
2023-01-13,7.277046203613281,78.20621490478516
2023-01-17,7.2336273193359375,78.20621490478516
2023-01-18,7.1902079582214355,78.21472930908203
2023-01-19,7.2336273193359375,78.24888610839844
2023-01-20,7.277046203613281,78.2574234008789
2023-01-23,7.320465564727783,78.2574234008789
2023-01-24,7.285729885101318,78.26594543457031
2023-01-25,7.285729885101318,78.27452850341797
2023-01-26,7.329148769378662,78.31719970703125
2023-01-27,7.320465564727783,78.32573699951172
2023-01-30,7.381252288818359,78.32573699951172
2023-01-31,7.355199813842773,78.33428192138672
2023-02-01,7.3465166091918945,78.33943176269531
2023-02-02,7.25099515914917,78.37371826171875
2023-02-03,7.303097248077393,78.39085388183594
2023-02-06,7.363884449005127,78.3994140625
2023-02-07,7.355199813842773,78.40798950195312
2023-02-08,7.355199813842773,78.40798950195312
2023-02-09,7.398619651794434,78.43372344970703
2023-02-10,7.433355331420898,78.4422836303711
2023-02-13,7.433355331420898,78.45944213867188
2023-02-14,7.485457897186279,78.45944213867188
2023-02-15,7.485457897186279,78.4765853881836
2023-02-16,7.50282621383667,78.51942443847656
2023-02-17,7.511507987976074,78.52801513671875
2023-02-21,7.580978870391846,78.52801513671875
2023-02-22,7.563612461090088,78.55368041992188
2023-02-23,7.572296142578125,78.57942199707031
2023-02-24,7.667817115783691,78.58799743652344
2023-02-27,7.667817115783691,78.59657287597656
2023-02-28,7.667817115783691,78.6051254272461
2023-03-01,7.71123743057251,78.60942840576172
2023-03-02,7.719922065734863,78.63519287109375
2023-03-03,7.650450706481934,78.65242767333984
2023-03-06,7.71123743057251,78.66100311279297
2023-03-07,7.737288475036621,78.66100311279297
2023-03-08,7.745972633361816,78.6781997680664
2023-03-09,7.71123743057251,78.69539642333984
2023-03-10,7.598347187042236,78.71260070800781
2023-03-13,7.355199813842773,78.7297592163086
2023-03-14,7.4507222175598145,78.73835754394531
2023-03-15,7.329148769378662,78.78134155273438
2023-03-16,7.355199813842773,78.81571197509766
2023-03-17,7.285729885101318,78.83287811279297
2023-03-20,7.2944135665893555,78.84149932861328
2023-03-21,7.363884449005127,78.84149932861328
2023-03-22,7.363884449005127,78.85867309570312
2023-03-23,7.303097248077393,78.89306640625
2023-03-24,7.268361568450928,78.91024780273438
2023-03-27,7.285729885101318,78.90164947509766
2023-03-28,7.277046203613281,78.9188461303711
2023-03-29,7.277046203613281,78.9188461303711
2023-03-30,7.277046203613281,78.93602752685547
2023-03-31,7.216259479522705,78.9188461303711
2023-04-03,7.181524753570557,78.93782043457031
2023-04-04,7.181524753570557,78.94644927978516
2023-04-05,7.181524753570557,78.98963165283203
2023-04-06,7.198891639709473,78.99824523925781
2023-04-10,7.216259479522705,79.00687408447266
2023-04-11,7.2336273193359375,79.01551055908203
2023-04-12,7.25099515914917,79.03278350830078
2023-04-13,7.2336273193359375,79.0759048461914
2023-04-14,7.268361568450928,79.0759048461914
2023-04-17,7.268361568450928,79.0931625366211
2023-04-18,7.259677886962891,79.101806640625
2023-04-19,7.31178092956543,79.11040496826172
2023-04-20,7.31178092956543,79.17082977294922
2023-04-21,7.337832927703857,79.16221618652344
2023-04-24,7.363884449005127,79.17082977294922
2023-04-25,7.355199813842773,79.16221618652344
2023-04-26,7.415987014770508,79.17947387695312
2023-04-27,7.424670696258545,79.20538330078125
2023-04-28,7.372567653656006,79.20538330078125
2023-05-01,7.398619651794434,79.20795440673828
2023-05-02,7.442038536071777,79.19064331054688
2023-05-03,7.4507222175598145,79.19927215576172
2023-05-04,7.3899359703063965,79.22525787353516
2023-05-05,7.329148769378662,79.24261474609375
2023-05-08,7.31178092956543,79.25126647949219
2023-05-09,7.355199813842773,79.25993347167969
2023-05-10,7.372567653656006,79.26860046386719
2023-05-11,7.424670696258545,79.32058715820312
2023-05-12,7.4507222175598145,79.33792877197266
2023-05-15,7.3899359703063965,79.34657287597656
2023-05-16,7.468089580535889,79.33792877197266
2023-05-17,7.468089580535889,79.355224609375
2023-05-18,7.494141578674316,79.39855194091797
2023-05-19,7.511507987976074,79.39855194091797
2023-05-22,7.50282621383667,79.40723419189453
2023-05-23,7.511507987976074,79.40723419189453
2023-05-24,7.60703182220459,79.40723419189453
2023-05-25,7.71123743057251,79.45919799804688
2023-05-26,7.667817115783691,79.47652435302734
2023-05-30,7.702553749084473,79.48518371582031
2023-05-31,7.702553749084473,79.50251007080078
2023-06-01,7.667817115783691,79.54686737060547
2023-06-02,7.589663505554199,79.55557250976562
2023-06-05,7.598347187042236,79.55557250976562
2023-06-06,7.563612461090088,79.57295227050781
2023-06-07,7.580978870391846,79.5816650390625
2023-06-08,7.554927825927734,79.62517547607422
2023-06-09,7.546244144439697,79.63387298583984
2023-06-12,7.546244144439697,79.64256286621094
2023-06-13,7.563612461090088,79.65996551513672
2023-06-14,7.554927825927734,79.67733001708984
2023-06-15,7.528877258300781,79.71214294433594
2023-06-16,7.528877258300781,79.72083282470703
2023-06-20,7.563612461090088,79.73822021484375
2023-06-21,7.546244144439697,79.73822021484375
2023-06-22,7.641766548156738,79.77304077148438
2023-06-23,7.641766548156738,79.78173828125
2023-06-26,7.589663505554199,79.79043579101562
2023-06-27,7.650450706481934,79.80783081054688
2023-06-28,7.633083343505859,79.8165283203125
2023-06-29,7.702553749084473,79.8426284790039
2023-06-30,7.6938700675964355,79.86869812011719
2023-07-03,7.737288475036621,79.88880157470703
2023-07-05,7.737288475036621,79.89751434326172
2023-07-06,7.858861923217773,79.92372131347656
2023-07-07,7.8328118324279785,79.93246459960938
2023-07-10,7.798074722290039,79.949951171875
2023-07-11,7.737288475036621,79.95869445800781
2023-07-12,7.615716457366943,79.97613525390625
2023-07-13,7.520193576812744,80.0110855102539
2023-07-14,7.589663505554199,80.01983642578125
2023-07-17,7.60703182220459,80.0285415649414
2023-07-18,7.554927825927734,80.0285415649414
2023-07-19,7.485457897186279,80.04600524902344
2023-07-20,7.520193576812744,80.08966827392578
2023-07-21,7.546244144439697,80.08966827392578
2023-07-24,7.494141578674316,80.09842681884766
2023-07-25,7.476774215698242,80.10713958740234
2023-07-26,7.468089580535889,80.11587524414062
2023-07-27,7.485457897186279,80.15955352783203
2023-07-28,7.50282621383667,80.16828918457031
2023-07-31,7.520193576812744,80.17700958251953
2023-08-01,7.60703182220459,80.19805908203125
2023-08-02,7.60703182220459,80.20685577392578
2023-08-03,7.641766548156738,80.24191284179688
2023-08-04,7.60703182220459,80.25946044921875
2023-08-07,7.641766548156738,80.25946044921875
2023-08-08,7.633083343505859,80.27700805664062
2023-08-09,7.650450706481934,80.28579711914062
2023-08-10,7.702553749084473,80.32965087890625
2023-08-11,7.763339996337891,80.33840942382812
2023-08-14,7.789392948150635,80.34720611572266
2023-08-15,7.8328118324279785,80.3559799194336
2023-08-16,7.858861923217773,80.37350463867188
2023-08-17,7.884912967681885,80.4085922241211
2023-08-18,7.858861923217773,80.41737365722656
2023-08-21,7.9109649658203125,80.42613983154297
2023-08-22,7.867546558380127,80.43489837646484
2023-08-23,7.737288475036621,80.45243835449219
2023-08-24,7.789392948150635,80.47876739501953
2023-08-25,7.81544303894043,80.49629974365234
2023-08-28,7.824126720428467,80.51385498046875
2023-08-29,7.772023677825928,80.50506591796875
2023-08-30,7.798074722290039,80.52261352539062
2023-08-31,7.745972633361816,80.57524871826172
2023-09-01,7.772023677825928,80.58846282958984
2023-09-05,7.876230239868164,80.60608673095703
2023-09-06,7.893598556518555,80.60608673095703
2023-09-07,7.850179195404053,80.650146484375
2023-09-08,7.884912967681885,80.6589584350586
2023-09-11,7.867546558380127,80.6589584350586
2023-09-12,7.902281284332275,80.68539428710938
2023-09-13,7.884912967681885,80.69418334960938
2023-09-14,7.867546558380127,80.72062683105469
2023-09-15,7.9109649658203125,80.73823547363281
2023-09-18,7.945700168609619,80.7470474243164
2023-09-19,7.997803211212158,80.75587463378906
2023-09-20,7.96306848526001,80.76468658447266
2023-09-21,8.023855209350586,80.8087158203125
2023-09-22,8.006488800048828,80.81753540039062
2023-09-25,8.049907684326172,80.82635498046875
2023-09-26,8.06727409362793,80.83515930175781
2023-09-27,8.128060340881348,80.86157989501953
2023-09-28,8.110692977905273,80.88800811767578
2023-09-29,8.06727409362793,80.89683532714844
2023-10-02,8.128060340881348,80.90923309326172
2023-10-03,8.154112815856934,80.9269027709961
2023-10-04,8.0933256149292,80.93574523925781
2023-10-05,8.06727409362793,80.98883819580078
2023-10-06,8.0933256149292,80.98883819580078
2023-10-09,8.049907684326172,80.99769592285156
2023-10-10,8.015170097351074,80.99769592285156
2023-10-11,8.015170097351074,81.01541137695312
2023-10-12,8.049907684326172,81.05078887939453
2023-10-13,8.049907684326172,81.06849670410156
2023-10-16,8.06727409362793,81.07733917236328
2023-10-17,8.102009773254395,81.086181640625
2023-10-18,8.136744499206543,81.09503173828125
2023-10-19,8.154112815856934,81.13043212890625
2023-10-20,8.154112815856934,81.14813232421875
2023-10-23,8.154112815856934,81.15699005126953
2023-10-24,8.119377136230469,81.16582489013672
2023-10-25,8.180164337158203,81.1746597290039
2023-10-26,8.171480178833008,81.21006774902344
2023-10-27,8.154112815856934,81.2365951538086
2023-10-30,8.162796020507812,81.2454605102539
2023-10-31,8.180164337158203,81.2454605102539
2023-11-01,8.110692977905273,81.27034759521484
2023-11-02,8.023855209350586,81.29698181152344
2023-11-03,7.9109649658203125,81.305908203125
2023-11-06,7.945700168609619,81.31478118896484
2023-11-07,7.954383850097656,81.33255004882812
2023-11-08,7.954383850097656,81.3414535522461
2023-11-09,8.015170097351074,81.3858642578125
2023-11-10,8.075958251953125,81.39478302001953
2023-11-13,8.049907684326172,81.40364837646484
2023-11-14,7.867546558380127,81.41255187988281
2023-11-15,7.858861923217773,81.43033599853516
2023-11-16,7.928333282470703,81.46589660644531
2023-11-17,7.919649600982666,81.48365020751953
2023-11-20,7.9109649658203125,81.48365020751953
2023-11-21,7.902281284332275,81.51033020019531
2023-11-22,7.945700168609619,81.54586791992188
2023-11-24,7.971752166748047,81.55474853515625
2023-11-27,7.971752166748047,81.56363677978516
2023-11-28,7.93701696395874,81.58142852783203
2023-11-29,7.841494083404541,81.59033203125
2023-11-30,7.858861923217773,81.62586212158203
2023-12-01,7.745972633361816,81.64282989501953
2023-12-04,7.7546563148498535,81.64282989501953
2023-12-05,7.763339996337891,81.6606674194336
2023-12-06,7.780707359313965,81.66960906982422
2023-12-07,7.719922065734863,81.7052993774414
2023-12-08,7.763339996337891,81.72318267822266
2023-12-11,7.8328118324279785,81.74102020263672
2023-12-12,7.867546558380127,81.74102020263672
2023-12-13,7.8328118324279785,81.74996948242188
2023-12-14,7.7546563148498535,81.7856674194336
2023-12-15,7.685185432434082,81.81246185302734
2023-12-18,7.711549758911133,81.82234191894531
2023-12-19,7.70213508605957,81.82234191894531
2023-12-20,7.683302402496338,81.84027862548828
2023-12-21,7.692718982696533,81.89409637451172
2023-12-22,7.692718982696533,81.90304565429688
2023-12-26,7.711549758911133,81.9209976196289
2023-12-27,7.711549758911133,81.9209976196289
2023-12-28,7.72096586227417,81.97482299804688
2023-12-29,7.72096586227417,81.97482299804688
2024-01-02,7.692718982696533,81.9837875366211
2024-01-03,7.673886775970459,82.01068878173828
2024-01-04,7.673886775970459,82.03760528564453
2024-01-05,7.673886775970459,82.04658508300781
2024-01-08,7.711549758911133,82.05554962158203
2024-01-09,7.655055522918701,82.06452941894531
2024-01-10,7.673886775970459,82.08245086669922
2024-01-11,7.673886775970459,82.12730407714844
2024-01-12,7.683302402496338,82.14524841308594
2024-01-16,7.6268086433410645,82.15419006347656
2024-01-17,7.598559856414795,82.17214965820312
2024-01-18,7.60797643661499,82.20800018310547
2024-01-19,7.645639419555664,82.21701049804688
2024-01-22,7.683302402496338,82.22595977783203
2024-01-23,7.60797643661499,82.23493194580078
2024-01-24,7.579729080200195,82.24388885498047
2024-01-25,7.617392539978027,82.28875732421875
2024-01-26,7.655055522918701,82.2977066040039
2024-01-29,7.70213508605957,82.30671691894531
2024-01-30,7.673886775970459,82.31565856933594
2024-01-31,7.655055522918701,82.32463073730469
2024-02-01,7.70213508605957,82.36605834960938
2024-02-02,7.81512451171875,82.38410186767578
2024-02-05,7.843371868133545,82.38410186767578
2024-02-06,7.871618747711182,82.40213775634766
2024-02-07,7.937530040740967,82.4111328125
2024-02-08,8.022272109985352,82.44717407226562
2024-02-09,8.088183403015137,82.45616149902344
2024-02-12,8.088183403015137,82.47420501708984
2024-02-13,8.135262489318848,82.47420501708984
2024-02-14,8.135262489318848,82.4922103881836
2024-02-15,8.17292594909668,82.53724670410156
2024-02-16,8.116430282592773,82.55530548095703
2024-02-20,8.0975980758667,82.56427001953125
2024-02-21,8.0975980758667,82.57328033447266
2024-02-22,8.238835334777832,82.61832427978516
2024-02-23,8.295331001281738,82.62738800048828
2024-02-26,8.323578834533691,82.62738800048828
2024-02-27,8.295331001281738,82.6453628540039
2024-02-28,8.248251914978027,82.65438842773438
2024-02-29,8.257668495178223,82.69041442871094
2024-03-01,8.304746627807617,82.71302032470703
2024-03-04,8.304746627807617,82.72205352783203
2024-03-05,8.27649974822998,82.72205352783203
2024-03-06,8.285914421081543,82.74015808105469
2024-03-07,8.238835334777832,82.77632141113281
2024-03-08,8.17292594909668,82.785400390625
2024-03-11,8.163509368896484,82.79444122314453
2024-03-12,8.248251914978027,82.8215560913086
2024-03-13,8.27649974822998,82.8215560913086
2024-03-14,8.332993507385254,82.85774993896484
2024-03-15,8.351825714111328,82.8758316040039
2024-03-18,8.417736053466797,82.88484954833984
2024-03-19,8.445984840393066,82.90299224853516
2024-03-20,8.436567306518555,82.91200256347656
2024-03-21,8.474230766296387,82.93914794921875
2024-03-22,8.502477645874023,82.94819641113281
2024-03-25,8.540142059326172,82.96629333496094
2024-03-26,8.577804565429688,82.97533416748047
2024-03-27,8.568388938903809,83.02960205078125
2024-03-28,8.587221145629883,83.02960205078125
2024-04-01,8.634300231933594,83.05229949951172
2024-04-02,8.66254711151123,83.07047271728516
2024-04-03,8.634300231933594,83.07047271728516
2024-04-04,8.596636772155762,83.10684204101562
2024-04-05,8.66254711151123,83.1249771118164
2024-04-08,8.653130531311035,83.13407135009766
2024-04-09,8.568388938903809,83.14312744140625
2024-04-10,8.71904182434082,83.16131591796875
2024-04-11,8.737873077392578,83.18856811523438
2024-04-12,8.71904182434082,83.19766998291016
2024-04-15,8.784953117370605,83.21582794189453
2024-04-16,8.766121864318848,83.22489929199219
2024-04-17,8.728459358215332,83.23402404785156
2024-04-18,8.766121864318848,83.27943420410156
2024-04-19,8.747289657592773,83.28849792480469
2024-04-22,8.71904182434082,83.30668640136719
2024-04-23,8.71904182434082,83.31576538085938
2024-04-24,8.747289657592773,83.31576538085938
2024-04-25,8.756705284118652,83.3612060546875
2024-04-26,8.813199996948242,83.3612060546875
2024-04-29,8.709626197814941,83.37935638427734
2024-04-30,8.794368743896484,83.38844299316406
2024-05-01,8.737873077392578,83.40485382080078
2024-05-02,8.558974266052246,83.45050048828125
2024-05-03,8.464815139770508,83.45960998535156
2024-05-06,8.464815139770508,83.45960998535156
2024-05-07,8.493063926696777,83.4687271118164
2024-05-08,8.558974266052246,83.48699188232422
2024-05-09,8.549556732177734,83.5325927734375
2024-05-10,8.568388938903809,83.5325927734375
2024-05-13,8.530726432800293,83.55084991455078
2024-05-14,8.530726432800293,83.5599594116211
2024-05-15,8.474230766296387,83.56908416748047
2024-05-16,8.464815139770508,83.60556030273438
2024-05-17,8.511895179748535,83.61469268798828
2024-05-20,8.540142059326172,83.63294982910156
2024-05-21,8.568388938903809,83.64205169677734
2024-05-22,8.549556732177734,83.66031646728516
2024-05-23,8.587221145629883,83.71508026123047
2024-05-24,8.60605239868164,83.72415161132812
2024-05-28,8.681380271911621,83.71508026123047
2024-05-29,8.709626197814941,83.7332992553711
2024-05-30,8.643715858459473,83.7515640258789
2024-05-31,8.643715858459473,83.76979064941406
2024-06-03,8.587221145629883,83.78353881835938
2024-06-04,8.427151679992676,83.80186462402344
2024-06-05,8.474230766296387,83.81104278564453
2024-06-06,8.455398559570312,83.8201904296875
2024-06-07,8.549556732177734,83.85686492919922
2024-06-10,8.577804565429688,83.87518310546875
2024-06-11,8.540142059326172,83.88433074951172
2024-06-12,8.521309852600098,83.90264892578125
2024-06-13,8.464815139770508,83.91181945800781
2024-06-14,8.455398559570312,83.95765686035156
2024-06-17,8.502477645874023,83.96680450439453
2024-06-18,8.493063926696777,83.9851303100586
2024-06-20,8.540142059326172,84.00345611572266
2024-06-21,8.521309852600098,84.03093719482422
2024-06-24,8.483646392822266,84.04926300048828
2024-06-25,8.530726432800293,84.04926300048828
2024-06-26,8.521309852600098,84.0584716796875
2024-06-27,8.483646392822266,84.0767822265625
2024-06-28,8.493063926696777,84.1042709350586
2024-07-01,8.483646392822266,84.13372802734375
2024-07-02,8.464815139770508,84.14291381835938
2024-07-03,8.436567306518555,84.17053985595703
2024-07-05,8.408320426940918,84.19813537597656
2024-07-08,8.427151679992676,84.21653747558594
2024-07-09,8.483646392822266,84.21653747558594
2024-07-10,8.502477645874023,84.2349624633789
2024-07-11,8.398904800415039,84.24415588378906
2024-07-12,8.34241008758545,84.28097534179688
2024-07-15,8.332993507385254,84.29937744140625
2024-07-16,8.27649974822998,84.29937744140625
2024-07-17,8.125845909118652,84.32698059082031
2024-07-18,8.135262489318848,84.33617401123047
2024-07-19,8.078766822814941,84.36380767822266
2024-07-22,8.069351196289062,84.3821792602539
2024-07-23,8.069351196289062,84.3821792602539
2024-07-24,8.003440856933594,84.4097900390625
2024-07-25,7.890450954437256,84.4097900390625
2024-07-26,7.975192546844482,84.45581817626953
2024-07-29,7.965777397155762,84.45581817626953
2024-07-30,7.965777397155762,84.46501159667969
2024-07-31,8.04110336303711,84.48344421386719
2024-08-01,8.003440856933594,84.50377655029297
2024-08-02,7.843371868133545,84.54997253417969
2024-08-05,7.617392539978027,84.54997253417969
2024-08-06,7.66447114944458,84.5684585571289
2024-08-07,7.692718982696533,84.58697509765625
2024-08-08,7.711549758911133,84.59619903564453
2024-08-09,7.796292781829834,84.61470794677734
2024-08-12,7.81512451171875,84.64242553710938
2024-08-13,7.871618747711182,84.65166473388672
2024-08-14,7.899866580963135,84.66090393066406
2024-08-15,7.871618747711182,84.67015838623047
2024-08-16,7.918697834014893,84.71636962890625
2024-08-19,7.890450954437256,84.71636962890625
2024-08-20,7.918697834014893,84.73484802246094
2024-08-21,7.9281134605407715,84.75332641601562
2024-08-22,7.918697834014893,84.75332641601562
2024-08-23,7.9469451904296875,84.79032135009766
2024-08-26,7.937530040740967,84.79954528808594
2024-08-27,7.918697834014893,84.81804656982422
2024-08-28,7.937530040740967,84.82728576660156
2024-08-29,7.918697834014893,84.82728576660156
2024-08-30,7.918697834014893,84.87349700927734
2024-09-03,7.8810343742370605,84.90692901611328
2024-09-04,7.899866580963135,84.91620635986328
2024-09-05,7.909282207489014,84.92550659179688
2024-09-06,7.890450954437256,84.97191619873047
2024-09-09,7.9281134605407715,84.97191619873047
2024-09-10,7.956361293792725,84.9997787475586
2024-09-11,7.975192546844482,84.9997787475586
2024-09-12,7.984609127044678,85.00904846191406
2024-09-13,8.050518989562988,85.05547332763672
2024-09-16,8.078766822814941,85.07402801513672
2024-09-17,8.03168773651123,85.08332824707031
2024-09-18,7.984609127044678,85.10187530517578
2024-09-19,8.03168773651123,85.12044525146484
2024-09-20,8.050518989562988,85.15757751464844
2024-09-23,8.078766822814941,85.16686248779297
2024-09-24,8.144676208496094,85.1761474609375
2024-09-25,8.116430282592773,85.19471740722656
2024-09-26,8.182340621948242,85.19471740722656
2024-09-27,8.163509368896484,85.22257995605469
2024-09-30,8.125845909118652,85.23184967041016
2024-10-01,8.107014656066895,85.25143432617188
2024-10-02,8.088183403015137,85.2607421875
2024-10-03,8.012856483459473,85.2793960571289
2024-10-04,7.956361293792725,85.29804229736328
2024-10-07,7.909282207489014,85.31668090820312
2024-10-08,7.918697834014893,85.31668090820312
2024-10-09,7.909282207489014,85.32599639892578
2024-10-10,7.9281134605407715,85.3353042602539
2024-10-11,7.975192546844482,85.38191986083984
2024-10-14,7.984609127044678,85.37259674072266
2024-10-15,7.994024276733398,85.40057373046875
2024-10-16,8.022272109985352,85.40057373046875
2024-10-17,8.04110336303711,85.41919708251953
2024-10-18,8.069351196289062,85.4471664428711
2024-10-21,8.022272109985352,85.46581268310547
2024-10-22,8.012856483459473,85.47515106201172
2024-10-23,7.975192546844482,85.47515106201172
2024-10-24,7.975192546844482,85.48445892333984
2024-10-25,7.9469451904296875,85.52173614501953
2024-10-28,7.994024276733398,85.52173614501953
2024-10-29,8.003440856933594,85.54037475585938
2024-10-30,7.9469451904296875,85.5497055053711
2024-10-31,7.871618747711182,85.56835174560547
2024-11-01,7.918697834014893,85.60485076904297
2024-11-04,7.899866580963135,85.62356567382812
2024-11-05,7.9281134605407715,85.62356567382812
2024-11-06,7.984609127044678,85.64227294921875
2024-11-07,8.04110336303711,85.65162658691406
2024-11-08,8.050518989562988,85.69839477539062
2024-11-11,8.059935569763184,85.6890640258789
2024-11-12,8.04110336303711,85.69839477539062
2024-11-13,8.059935569763184,85.71712493896484
2024-11-14,8.107014656066895,85.71712493896484
2024-11-15,8.078766822814941,85.74520874023438
2024-11-18,8.069351196289062,85.75455474853516
2024-11-19,8.078766822814941,85.78263854980469
2024-11-20,8.0975980758667,85.79199981689453
2024-11-21,8.144676208496094,85.80134582519531
2024-11-22,8.220003128051758,85.82942199707031
2024-11-25,8.069351196289062,85.83879089355469
2024-11-26,8.107014656066895,85.83879089355469
2024-11-27,8.03168773651123,85.86688232421875
2024-11-29,8.069351196289062,85.88556671142578
2024-12-02,8.144676208496094,85.90904235839844
2024-12-03,8.220003128051758,85.92781829833984
2024-12-04,8.229419708251953,85.93724060058594
2024-12-05,8.238835334777832,85.94661712646484
2024-12-06,8.257668495178223,85.98419189453125
2024-12-09,8.229419708251953,85.99359130859375
2024-12-10,8.229419708251953,86.01236724853516
2024-12-11,8.27649974822998,86.02175903320312
2024-12-12,8.31416130065918,86.04053497314453
2024-12-13,8.31416130065918,86.0687026977539
2024-12-16,8.34241008758545,86.07811737060547
2024-12-17,8.310147285461426,86.08747863769531
2024-12-18,8.398136138916016,86.08747863769531
2024-12-19,8.319923400878906,86.09977722167969
2024-12-20,8.290593147277832,86.1374740600586
2024-12-23,8.329700469970703,86.1374740600586
2024-12-24,8.359029769897461,86.1563491821289
2024-12-26,8.359029769897461,86.17520141601562
2024-12-27,8.329700469970703,86.21293640136719
2024-12-30,8.310147285461426,86.21293640136719
2024-12-31,8.349252700805664,86.2317886352539
2025-01-02,8.368806838989258,86.25065612792969
2025-01-03,8.398136138916016,86.26009368896484
2025-01-06,8.349252700805664,86.26953887939453
2025-01-07,8.388360023498535,86.28839111328125
2025-01-08,8.417689323425293,86.3072509765625
2025-01-10,8.486126899719238,86.33554077148438
2025-01-13,8.417689323425293,86.34496307373047
2025-01-14,8.388360023498535,86.36384582519531
2025-01-15,8.359029769897461,86.37327575683594
2025-01-16,8.378582954406738,86.37327575683594
2025-01-17,8.417689323425293,86.42042541503906
2025-01-21,8.300369262695312,86.42042541503906
2025-01-22,8.359029769897461,86.43930053710938
2025-01-23,8.349252700805664,86.43930053710938
2025-01-24,8.310147285461426,86.47702026367188
2025-01-27,8.173273086547852,86.4864501953125
2025-01-28,8.251485824584961,86.4864501953125
2025-01-29,8.319923400878906,86.49586486816406
2025-01-30,8.319923400878906,86.50530242919922
2025-01-31,8.368806838989258,86.53359985351562
2025-02-03,8.42746639251709,86.5582046508789
2025-02-04,8.407913208007812,86.5582046508789
2025-02-05,8.398136138916016,86.56768035888672
2025-02-06,8.466572761535645,86.58661651611328
2025-02-07,8.574116706848145,86.60554504394531
2025-02-10,8.63277530670166,86.61500549316406
2025-02-11,8.603446006774902,86.62446594238281
2025-02-12,8.642553329467773,86.6339340209961
2025-02-13,8.642553329467773,86.65286254882812
2025-02-14,8.6132230758667,86.68126678466797
2025-02-18,8.720766067504883,86.7001953125
2025-02-19,8.71098804473877,86.70965576171875
2025-02-20,8.63277530670166,86.72857666015625
2025-02-21,8.564339637756348,86.75697326660156
2025-02-24,8.515456199645996,86.76643371582031
2025-02-25,8.495902061462402,86.76643371582031
2025-02-26,8.593669891357422,86.78539276123047
2025-02-27,8.662105560302734,86.79483795166016
2025-02-28,8.62299919128418,86.81376647949219
2025-03-03,8.701211929321289,86.83181762695312
2025-03-04,8.662105560302734,86.83181762695312
2025-03-05,8.71098804473877,86.84130859375
2025-03-06,8.662105560302734,86.85081481933594
2025-03-07,8.62299919128418,86.88877868652344
2025-03-10,8.54478645324707,86.89827728271484
2025-03-11,8.583891868591309,86.90776824951172
2025-03-12,8.62299919128418,86.91727447509766
2025-03-13,8.63277530670166,86.9362564086914
2025-03-14,8.603446006774902,86.95523834228516
2025-03-17,8.55456256866455,86.97423553466797
2025-03-18,8.603446006774902,86.97423553466797
2025-03-19,8.691436767578125,86.98373413085938
2025-03-20,8.71098804473877,87.0027084350586
2025-03-21,8.71098804473877,87.0312271118164
2025-03-24,8.691436767578125,87.0312271118164
2025-03-25,8.75009536743164,87.04070281982422
2025-03-26,8.71098804473877,87.05018615722656
2025-03-27,8.652329444885254,87.06920623779297
2025-03-28,8.681658744812012,87.09766387939453
2025-03-31,8.71098804473877,87.09766387939453
2025-04-01,8.730542182922363,87.11767578125
2025-04-02,8.71098804473877,87.1272201538086
2025-04-03,8.789202690124512,87.13673400878906
2025-04-04,8.55456256866455,87.16532135009766
2025-04-07,8.310147285461426,87.17485046386719
2025-04-08,8.398136138916016,87.19391632080078
2025-04-09,8.329700469970703,87.19391632080078
2025-04-10,8.359029769897461,87.20341491699219
2025-04-11,8.359029769897461,87.24156188964844
2025-04-14,8.417689323425293,87.24156188964844
2025-04-15,8.466572761535645,87.26060485839844
2025-04-16,8.515456199645996,87.27012634277344
2025-04-17,8.525233268737793,87.3082504272461
2025-04-21,8.55456256866455,87.31776428222656
2025-04-22,8.564339637756348,87.31776428222656
2025-04-23,8.476349830627441,87.33685302734375
2025-04-24,8.515456199645996,87.33685302734375
2025-04-25,8.535008430480957,87.37494659423828
2025-04-28,8.583891868591309,87.38448333740234
2025-04-29,8.603446006774902,87.38448333740234
2025-04-30,8.62299919128418,87.39398956298828
2025-05-01,8.55456256866455,87.41503143310547
2025-05-02,8.5056791305542,87.4437026977539
2025-05-05,8.55456256866455,87.4437026977539
2025-05-06,8.6132230758667,87.46282958984375
2025-05-07,8.6132230758667,87.46282958984375
2025-05-08,8.495902061462402,87.4819564819336
2025-05-09,8.5056791305542,87.51065063476562
2025-05-12,8.319923400878906,87.51065063476562
2025-05-13,8.329700469970703,87.52975463867188
2025-05-14,8.359029769897461,87.52975463867188
2025-05-15,8.447019577026367,87.53933715820312
2025-05-16,8.447019577026367,87.57758331298828
2025-05-19,8.5056791305542,87.57758331298828
2025-05-20,8.525233268737793,87.5966796875
2025-05-21,8.54478645324707,87.60626220703125
2025-05-22,8.54478645324707,87.62539672851562
2025-05-23,8.583891868591309,87.66361999511719
2025-05-27,8.574116706848145,87.66361999511719
2025-05-28,8.564339637756348,87.67317962646484
2025-05-29,8.583891868591309,87.68273162841797
2025-05-30,8.583891868591309,87.71142578125
2025-06-02,8.652329444885254,87.72677612304688
2025-06-03,8.652329444885254,87.7459487915039
2025-06-04,8.652329444885254,87.7459487915039
2025-06-05,8.63277530670166,87.75554656982422
2025-06-06,8.583891868591309,87.78433227539062
2025-06-09,8.564339637756348,87.80351257324219
2025-06-10,8.525233268737793,87.81311798095703
2025-06-11,8.54478645324707,87.81311798095703
2025-06-12,8.574116706848145,87.82272338867188
2025-06-13,8.54478645324707,87.86109924316406
2025-06-16,8.574116706848145,87.86109924316406
2025-06-17,8.564339637756348,87.88027954101562
2025-06-18,8.54478645324707,87.89945983886719
2025-06-20,8.515456199645996,87.91864776611328
2025-06-23,8.525233268737793,87.93783569335938
2025-06-24,8.535008430480957,87.93783569335938
2025-06-25,8.583891868591309,87.94744873046875
2025-06-26,8.6132230758667,87.95702362060547
2025-06-27,8.564339637756348,87.99539947509766
2025-06-30,8.6132230758667,88.00499725341797
2025-07-01,8.583891868591309,88.0204086303711
2025-07-02,8.535008430480957,88.03001403808594
2025-07-03,8.564339637756348,88.0781478881836
2025-07-07,8.6132230758667,88.08777618408203
2025-07-08,8.564339637756348,88.08777618408203
2025-07-09,8.583891868591309,88.097412109375
2025-07-10,8.515456199645996,88.11666870117188
2025-07-11,8.525233268737793,88.13591003417969
2025-07-14,8.55456256866455,88.14553833007812
2025-07-15,8.55456256866455,88.1551742553711
2025-07-16,8.564339637756348,88.17442321777344
2025-07-17,8.593669891357422,88.17442321777344
2025-07-18,8.6132230758667,88.2129135131836
2025-07-21,8.642553329467773,88.232177734375
2025-07-22,8.593669891357422,88.24180603027344
2025-07-23,8.6132230758667,88.25142669677734
2025-07-24,8.603446006774902,88.25142669677734
2025-07-25,8.593669891357422,88.28030395507812
2025-07-28,8.603446006774902,88.28993225097656
2025-07-29,8.642553329467773,88.299560546875
2025-07-30,8.691436767578125,88.30918884277344
2025-07-31,8.671882629394531,88.31880950927734
2025-08-01,8.535008430480957,88.35648345947266
2025-08-04,8.6132230758667,88.36614227294922
2025-08-05,8.62299919128418,88.36614227294922
2025-08-06,8.691436767578125,88.3951187133789
2025-08-07,8.671882629394531,88.3951187133789
2025-08-08,8.681658744812012,88.42410278320312
2025-08-11,8.681658744812012,88.43375396728516
2025-08-12,8.71098804473877,88.44342041015625
2025-08-13,8.720766067504883,88.45306396484375
2025-08-14,8.75009536743164,88.46275329589844
2025-08-15,8.74031925201416,88.50137329101562
2025-08-18,8.75009536743164,88.50137329101562
2025-08-19,8.691436767578125,88.52069854736328
2025-08-20,8.71098804473877,88.5400161743164
2025-08-21,8.74031925201416,88.5400161743164
2025-08-22,8.808754920959473,88.56898498535156
2025-08-25,8.82830810546875,88.57865905761719
2025-08-26,8.798978805541992,88.58830261230469
2025-08-27,8.779424667358398,88.59797668457031
2025-08-28,8.798978805541992,88.60762786865234
2025-08-29,8.789202690124512,88.64625549316406
2025-09-02,8.838086128234863,88.66758728027344
2025-09-03,8.82830810546875,88.67727661132812
2025-09-04,8.818532943725586,88.69666290283203
2025-09-05,8.808754920959473,88.72575378417969
2025-09-08,8.847862243652344,88.7354507446289
2025-09-09,8.916298866271973,88.7451400756836
2025-09-10,8.984734535217285,88.75483703613281
2025-09-11,9.014065742492676,88.7645263671875
2025-09-12,9.033617973327637,88.79360961914062
2025-09-15,9.102054595947266,88.80330657958984
2025-09-16,9.082501411437988,88.81299591064453
2025-09-17,9.053171157836914,88.82269287109375
2025-09-18,9.092278480529785,88.83238220214844
2025-09-19,9.141161918640137,88.87117004394531
2025-09-22,9.170491218566895,88.88085174560547
2025-09-23,9.180268287658691,88.88085174560547
2025-09-24,9.20959758758545,88.90023040771484
2025-09-25,9.219374656677246,88.90023040771484
2025-09-26,9.238927841186523,88.92932891845703
2025-09-29,9.268257141113281,88.93901824951172
2025-09-30,9.278034210205078,88.93901824951172
2025-10-01,9.297588348388672,88.95943450927734
2025-10-02,9.307364463806152,88.96916961669922
2025-10-03,9.297588348388672,88.98860168457031
2025-10-06,9.278034210205078,89.00808715820312
2025-10-07,9.238927841186523,89.00808715820312
2025-10-08,9.287810325622559,89.02751922607422
2025-10-09,9.307364463806152,89.02751922607422
2025-10-10,9.150938034057617,89.06643676757812
2025-10-13,9.190044403076172,89.07616424560547
2025-10-14,9.170491218566895,89.07616424560547
2025-10-15,9.229150772094727,89.08589172363281
2025-10-16,9.287810325622559,89.0956039428711
2025-10-17,9.180268287658691,89.11506652832031
2025-10-20,9.268257141113281,89.13451385498047
2025-10-21,9.199821472167969,89.13451385498047
2025-10-22,9.180268287658691,89.15396881103516
2025-10-23,9.219374656677246,89.16368103027344
2025-10-24,9.297588348388672,89.19287872314453
2025-10-27,9.33669376373291,89.19287872314453
2025-10-28,9.33669376373291,89.20259094238281
2025-10-29,9.414907455444336,89.2317886352539
2025-10-30,9.375801086425781,89.2317886352539
2025-10-31,9.405130386352539,89.2512435913086
2025-11-03,9.483343124389648,89.26392364501953
2025-11-04,9.405130386352539,89.27367401123047
2025-11-05,9.434459686279297,89.28343200683594
2025-11-06,9.483343124389648,89.29319763183594
2025-11-07,9.434459686279297,89.32247161865234
2025-11-10,9.581110000610352,89.34198760986328
2025-11-11,9.600663185119629,89.33222961425781
2025-11-12,9.600663185119629,89.34198760986328
2025-11-13,9.571333885192871,89.35175323486328
2025-11-14,9.483343124389648,89.39078521728516
2025-11-17,9.493121147155762,89.39078521728516
2025-11-18,9.463790893554688,89.41030883789062
2025-11-19,9.473567008972168,89.41030883789062
2025-11-20,9.463790893554688,89.4298095703125
2025-11-21,9.307364463806152,89.4493408203125
2025-11-24,9.346471786499023,89.4493408203125
2025-11-25,9.375801086425781,89.46886444091797
2025-11-26,9.414907455444336,89.47862243652344
2025-11-28,9.385577201843262,89.50789642333984
2025-12-01,9.434459686279297,89.51866149902344
2025-12-02,9.44423770904541,89.54804229736328
2025-12-03,9.405130386352539,89.55781555175781
2025-12-04,9.414907455444336,89.56761169433594
2025-12-05,9.414907455444336,89.5871810913086
2025-12-08,9.395354270935059,89.59696960449219
2025-12-09,9.366024017333984,89.6165542602539
2025-12-10,9.405130386352539,89.6165542602539
2025-12-11,9.45401382446289,89.62633514404297
2025-12-12,9.414907455444336,89.66549682617188
2025-12-15,9.463790893554688,89.66549682617188
2025-12-16,9.375801086425781,89.67529296875
2025-12-17,9.400590896606445,89.6850814819336
2025-12-18,9.410507202148438,89.6998062133789
2025-12-19,9.489837646484375,89.72930908203125
2025-12-22,9.529501914978027,89.72930908203125
2025-12-23,9.529501914978027,89.72930908203125
2025-12-24,9.539419174194336,89.75878143310547
2025-12-26,9.58899974822998,89.78827667236328
2025-12-29,9.529999732971191,89.78827667236328
2025-12-30,9.600000381469727,89.79810333251953
2025-12-31,9.569999694824219,89.80791473388672
2026-01-02,9.65999984741211,89.84722900390625
2026-01-05,9.75,89.84722900390625
2026-01-06,9.829999923706055,89.85707092285156
2026-01-07,9.760000228881836,89.87671661376953
2026-01-08,9.729999542236328,89.87671661376953
2026-01-09,9.770000457763672,89.89637756347656
2026-01-12,9.800000190734863,89.90621185302734
2026-01-13,9.84000015258789,89.91602325439453
2026-01-14,9.850000381469727,89.92586517333984
2026-01-15,9.829999923706055,89.92586517333984
2026-01-16,9.770000457763672,89.96517181396484
2026-01-20,9.75,89.96517181396484
2026-01-21,9.859999656677246,89.97500610351562
2026-01-22,9.899999618530273,89.98482513427734
2026-01-23,9.9399995803833,90.0143051147461
2026-01-26,9.949999809265137,90.0143051147461
2026-01-27,10.039999961853027,90.02413940429688
2026-01-28,10.130000114440918,90.03397369384766
2026-01-29,10.180000305175781,90.05361938476562
2026-01-30,10.010000228881836,90.07328796386719
2026-02-02,10.0,90.08707427978516
2026-02-03,10.140000343322754,90.08707427978516
2026-02-04,10.180000305175781,90.10679626464844
2026-02-05,10.109999656677246,90.10679626464844
2026-02-06,10.220000267028809,90.13636779785156
2026-02-09,10.289999961853027,90.13636779785156
2026-02-10,10.239999771118164,90.14622497558594
2026-02-11,10.329999923706055,90.16593933105469
2026-02-12,10.260000228881836,90.16593933105469
2026-02-13,10.239999771118164,90.20537567138672
2026-02-17,10.1899995803833,90.21522521972656
2026-02-18,10.279999732971191,90.2250747680664
2026-02-19,10.300000190734863,90.2250747680664
2026-02-20,10.34000015258789,90.25465393066406
2026-02-23,10.369999885559082,90.25465393066406
2026-02-24,10.380000114440918,90.27436828613281
2026-02-25,10.4399995803833,90.28422546386719
2026-02-26,10.380000114440918,90.2940902709961
2026-02-27,10.359999656677246,90.31380462646484
2026-03-02,10.399999618530273,90.32665252685547
2026-03-03,10.3100004196167,90.33653259277344
2026-03-04,10.319999694824219,90.3464126586914
2026-03-05,10.279999732971191,90.3563003540039
2026-03-06,10.270000457763672,90.3760757446289
2026-03-09,10.279999732971191,90.38594818115234
2026-03-10,10.34000015258789,90.39582824707031
2026-03-11,10.399999618530273,90.39582824707031
2026-03-12,10.420000076293945,90.41561126708984
2026-03-13,10.369999885559082,90.44525909423828
2026-03-16,10.350000381469727,90.44525909423828
2026-03-17,10.380000114440918,90.45513916015625
2026-03-18,10.449999809265137,90.47491455078125
2026-03-19,10.4399995803833,90.47491455078125
2026-03-20,10.510000228881836,90.50455474853516
2026-03-23,10.390000343322754,90.51445007324219
2026-03-24,10.489999771118164,90.52432250976562
2026-03-25,10.470000267028809,90.51445007324219
2026-03-26,10.529999732971191,90.53421020507812
2026-03-27,10.600000381469727,90.56385803222656
2026-03-30,10.550000190734863,90.57373809814453
2026-03-31,10.5,90.57373809814453
2026-04-01,10.529999732971191,90.59752655029297
2026-04-02,10.5600004196167,90.61735534667969
2026-04-06,10.579999923706055,90.6371841430664
2026-04-07,10.600000381469727,90.64708709716797
2026-04-08,10.479999542236328,90.64708709716797
2026-04-09,10.5600004196167,90.65699768066406
2026-04-10,10.569999694824219,90.68673706054688
2026-04-13,10.569999694824219,90.68673706054688
2026-04-14,10.449999809265137,90.6966552734375
2026-04-15,10.430000305175781,90.7065658569336
2026-04-16,10.4399995803833,90.71647644042969
2026-04-17,10.289999961853027,90.7462158203125
2026-04-20,10.279999732971191,90.75611877441406
2026-04-21,10.350000381469727,90.76603698730469
2026-04-22,10.430000305175781,90.76603698730469
2026-04-23,10.520000457763672,90.78585815429688
2026-04-24,10.5,90.8056869506836
2026-04-27,10.529999732971191,90.81559753417969
2026-04-28,10.579999923706055,90.82550811767578
2026-04-29,10.6899995803833,90.82550811767578
2026-04-30,10.619999885559082,90.83541870117188
2026-05-01,10.619999885559082,90.86524963378906
2026-05-04,10.680000305175781,90.8851318359375
2026-05-05,10.699999809265137,90.89507293701172
2026-05-06,10.609999656677246,90.8851318359375
2026-05-07,10.609999656677246,90.90501403808594
2026-05-08,10.630000114440918,90.92489624023438
2026-05-11,10.75,90.94478607177734
2026-05-12,10.819999694824219,90.95471954345703
2026-05-13,10.880000114440918,90.95471954345703
2026-05-14,10.850000381469727,90.97460174560547
2026-05-15,10.869999885559082,90.99449157714844
2026-05-18,10.829999923706055,90.99449157714844
2026-05-19,10.819999694824219,91.01437377929688
2026-05-20,10.729999542236328,91.03424835205078
2026-05-21,10.760000228881836,91.03424835205078
2026-05-22,10.75,91.05413818359375
2026-05-26,10.729999542236328,91.07402038574219
2026-05-27,10.670000076293945,91.0839614868164
2026-05-28,10.649999618530273,91.0938949584961
2026-05-29,10.619999885559082,91.12373352050781
2026-06-01,10.760000228881836,91.13270568847656
2026-06-02,10.8100004196167,91.12272644042969
2026-06-03,10.890000343322754,91.1426773071289
2026-06-04,10.819999694824219,91.1426773071289
2026-06-05,10.760000228881836,91.18254852294922
2026-06-08,10.779999732971191,91.1925277709961
2026-06-09,10.710000038146973,91.1925277709961
2026-06-10,10.680000305175781,91.20249938964844
2026-06-11,10.640000343322754,91.21247100830078
2026-06-12,10.670000076293945,91.24237823486328
2026-06-15,10.609999656677246,91.24237823486328
2026-06-16,10.5600004196167,91.25234985351562
2026-06-17,10.65999984741211,91.26232147216797
2026-06-18,10.59000015258789,91.30220031738281
2026-06-22,10.710000038146973,91.30220031738281
2026-06-23,10.59000015258789,91.31217956542969
2026-06-24,10.4399995803833,91.3221435546875
2026-06-25,10.510000228881836,91.33211517333984
2026-06-26,10.399999618530273,91.36202239990234
2026-06-29,10.399999618530273,91.37200164794922
2026-06-30,10.449999809265137,91.37200164794922
2026-07-01,10.420000076293945,91.4000015258789
2026-07-02,10.329999923706055,91.44000244140625
2026-07-06,10.420000076293945,91.43000030517578
2026-07-07,10.399999618530273,91.44999694824219
2026-07-08,10.470000267028809,91.44999694824219
2026-07-09,10.529999732971191,91.45999908447266
2026-07-10,10.529999732971191,91.5
2026-07-13,10.59000015258789,91.5
2026-07-14,10.59000015258789,91.51000213623047
2026-07-15,10.5600004196167,91.5199966430664
2026-07-16,10.510000228881836,91.52999877929688
2026-07-17,10.510000228881836,91.55000305175781
2026-07-20,10.5600004196167,91.55999755859375
2026-07-21,10.720000267028809,91.55999755859375
2026-07-22,10.84000015258789,91.58000183105469
2026-07-23,10.869999885559082,91.58000183105469
2026-07-24,10.800000190734863,91.61000061035156
2026-07-27,10.6899995803833,91.62000274658203
2026-07-28,10.520000457763672,91.62999725341797
