date,AQMIX,QSPIX,BIL
2010-01-04,,,73.66844940185547
2010-01-05,5.3726420402526855,,73.65238952636719
2010-01-06,5.3726420402526855,,73.65238952636719
2010-01-07,5.361896991729736,,73.65238952636719
2010-01-08,5.361896991729736,,73.65238952636719
2010-01-11,5.388760566711426,,73.65238952636719
2010-01-12,5.33503532409668,,73.65238952636719
2010-01-13,5.361896991729736,,73.68450927734375
2010-01-14,5.378015041351318,,73.66844940185547
2010-01-15,5.351151943206787,,73.66844940185547
2010-01-19,5.399505138397217,,73.66844940185547
2010-01-20,5.35652494430542,,73.66844940185547
2010-01-21,5.313543796539307,,73.66844940185547
2010-01-22,5.249072074890137,,73.66844940185547
2010-01-25,5.249072074890137,,73.68450927734375
2010-01-26,5.249072074890137,,73.68450927734375
2010-01-27,5.2383270263671875,,73.70061492919922
2010-01-28,5.211463451385498,,73.68450927734375
2010-01-29,5.216836929321289,,73.70061492919922
2010-02-01,5.2222089767456055,,73.68450927734375
2010-02-02,5.2329535484313965,,73.66844940185547
2010-02-03,5.22758150100708,,73.70061492919922
2010-02-04,5.184600830078125,,73.70061492919922
2010-02-05,5.1416192054748535,,73.70061492919922
2010-02-08,5.136246681213379,,73.70061492919922
2010-02-09,5.1416192054748535,,73.70061492919922
2010-02-10,5.130873680114746,,73.70061492919922
2010-02-11,5.152364253997803,,73.70061492919922
2010-02-12,5.173854827880859,,73.70061492919922
2010-02-16,5.16310977935791,,73.70061492919922
2010-02-17,5.200717926025391,,73.65238952636719
2010-02-18,5.189972400665283,,73.68450927734375
2010-02-19,5.179227828979492,,73.65238952636719
2010-02-22,5.184600830078125,,73.68450927734375
2010-02-23,5.179227828979492,,73.65238952636719
2010-02-24,5.173854827880859,,73.68450927734375
2010-02-25,5.1416192054748535,,73.68450927734375
2010-02-26,5.1416192054748535,,73.68450927734375
2010-03-01,5.1416192054748535,,73.65238952636719
2010-03-02,5.146991729736328,,73.66844940185547
2010-03-03,5.1577372550964355,,73.65238952636719
2010-03-04,5.168482780456543,,73.65238952636719
2010-03-05,5.206091403961182,,73.65238952636719
2010-03-08,5.211463451385498,,73.65238952636719
2010-03-09,5.216836929321289,,73.65238952636719
2010-03-10,5.2222089767456055,,73.66844940185547
2010-03-11,5.2222089767456055,,73.65238952636719
2010-03-12,5.2329535484313965,,73.65238952636719
2010-03-15,5.2222089767456055,,73.65238952636719
2010-03-16,5.243699550628662,,73.65238952636719
2010-03-17,5.270563125610352,,73.65238952636719
2010-03-18,5.259816646575928,,73.65238952636719
2010-03-19,5.254444599151611,,73.65238952636719
2010-03-22,5.265190124511719,,73.66844940185547
2010-03-23,5.297425746917725,,73.66844940185547
2010-03-24,5.265190124511719,,73.65238952636719
2010-03-25,5.254444599151611,,73.68450927734375
2010-03-26,5.249072074890137,,73.68450927734375
2010-03-29,5.292052745819092,,73.65238952636719
2010-03-30,5.302798271179199,,73.65238952636719
2010-03-31,5.324289321899414,,73.68450927734375
2010-04-01,5.361896991729736,,73.68450927734375
2010-04-05,5.383388042449951,,73.65238952636719
2010-04-06,5.399505138397217,,73.65238952636719
2010-04-07,5.388760566711426,,73.65238952636719
2010-04-08,5.388760566711426,,73.65238952636719
2010-04-09,5.388760566711426,,73.65238952636719
2010-04-12,5.3672709465026855,,73.65238952636719
2010-04-13,5.3672709465026855,,73.65238952636719
2010-04-14,5.410250186920166,,73.65238952636719
2010-04-15,5.431741237640381,,73.65238952636719
2010-04-16,5.3726420402526855,,73.65238952636719
2010-04-19,5.345778942108154,,73.66844940185547
2010-04-20,5.394132614135742,,73.65238952636719
2010-04-21,5.40487813949585,,73.65238952636719
2010-04-22,5.394132614135742,,73.65238952636719
2010-04-23,5.40487813949585,,73.65238952636719
2010-04-26,5.4263691902160645,,73.66844940185547
2010-04-27,5.3726420402526855,,73.65238952636719
2010-04-28,5.351151943206787,,73.66844940185547
2010-04-29,5.388760566711426,,73.66844940185547
2010-04-30,5.409316062927246,,73.65238952636719
2010-05-03,5.425543308258057,,73.66844940185547
2010-05-04,5.366041660308838,,73.65238952636719
2010-05-05,5.366041660308838,,73.66844940185547
2010-05-06,5.274083137512207,,73.68450927734375
2010-05-07,5.203762054443359,,73.68450927734375
2010-05-10,5.333585739135742,,73.68450927734375
2010-05-11,5.333585739135742,,73.68450927734375
2010-05-12,5.382268905639648,,73.68450927734375
2010-05-13,5.393087863922119,,73.66844940185547
2010-05-14,5.387678146362305,,73.68450927734375
2010-05-17,5.355222225189209,,73.68450927734375
2010-05-18,5.371452331542969,,73.66844940185547
2010-05-19,5.311949253082275,,73.68450927734375
2010-05-20,5.236217975616455,,73.68450927734375
2010-05-21,5.236217975616455,,73.68450927734375
2010-05-24,5.25785493850708,,73.68450927734375
2010-05-25,5.2632646560668945,,73.68450927734375
2010-05-26,5.268673419952393,,73.70061492919922
2010-05-27,5.236217975616455,,73.66844940185547
2010-05-28,5.268673419952393,,73.68450927734375
2010-06-01,5.2794928550720215,,73.68450927734375
2010-06-02,5.290311336517334,,73.70061492919922
2010-06-03,5.2849016189575195,,73.66844940185547
2010-06-04,5.338994979858398,,73.70061492919922
2010-06-07,5.344404220581055,,73.68450927734375
2010-06-08,5.349813461303711,,73.70061492919922
2010-06-09,5.333585739135742,,73.70061492919922
2010-06-10,5.301130294799805,,73.70061492919922
2010-06-11,5.311949253082275,,73.70061492919922
2010-06-14,5.274083137512207,,73.66844940185547
2010-06-15,5.274083137512207,,73.66844940185547
2010-06-16,5.274083137512207,,73.66844940185547
2010-06-17,5.290311336517334,,73.66844940185547
2010-06-18,5.290311336517334,,73.68450927734375
2010-06-21,5.2849016189575195,,73.66844940185547
2010-06-22,5.301130294799805,,73.68450927734375
2010-06-23,5.311949253082275,,73.68450927734375
2010-06-24,5.295721054077148,,73.68450927734375
2010-06-25,5.301130294799805,,73.68450927734375
2010-06-28,5.338994979858398,,73.68450927734375
2010-06-29,5.338994979858398,,73.68450927734375
2010-06-30,5.301130294799805,,73.70061492919922
2010-07-01,5.268673419952393,,73.68450927734375
2010-07-02,5.252446174621582,,73.68450927734375
2010-07-06,5.252446174621582,,73.66844940185547
2010-07-07,5.230808734893799,,73.66844940185547
2010-07-08,5.192943572998047,,73.68450927734375
2010-07-09,5.198352336883545,,73.66844940185547
2010-07-12,5.219990253448486,,73.68450927734375
2010-07-13,5.209171772003174,,73.68450927734375
2010-07-14,5.21458101272583,,73.68450927734375
2010-07-15,5.21458101272583,,73.68450927734375
2010-07-16,5.209171772003174,,73.68450927734375
2010-07-19,5.192943572998047,,73.66844940185547
2010-07-20,5.192943572998047,,73.66844940185547
2010-07-21,5.209171772003174,,73.66844940185547
2010-07-22,5.198352336883545,,73.66844940185547
2010-07-23,5.176715850830078,,73.68450927734375
2010-07-26,5.165897369384766,,73.65238952636719
2010-07-27,5.155077934265137,,73.65238952636719
2010-07-28,5.17130708694458,,73.66844940185547
2010-07-29,5.165897369384766,,73.65238952636719
2010-07-30,5.198352336883545,,73.66844940185547
2010-08-02,5.209171772003174,,73.65238952636719
2010-08-03,5.225398063659668,,73.65238952636719
2010-08-04,5.236217975616455,,73.65238952636719
2010-08-05,5.236217975616455,,73.65238952636719
2010-08-06,5.236217975616455,,73.65238952636719
2010-08-09,5.236217975616455,,73.65238952636719
2010-08-10,5.225398063659668,,73.66844940185547
2010-08-11,5.21458101272583,,73.68450927734375
2010-08-12,5.21458101272583,,73.68450927734375
2010-08-13,5.225398063659668,,73.68450927734375
2010-08-16,5.25785493850708,,73.66844940185547
2010-08-17,5.2632646560668945,,73.68450927734375
2010-08-18,5.2632646560668945,,73.66844940185547
2010-08-19,5.2416276931762695,,73.66844940185547
2010-08-20,5.2416276931762695,,73.68450927734375
2010-08-23,5.252446174621582,,73.66844940185547
2010-08-24,5.236217975616455,,73.66844940185547
2010-08-25,5.225398063659668,,73.68450927734375
2010-08-26,5.236217975616455,,73.66844940185547
2010-08-27,5.230808734893799,,73.66844940185547
2010-08-30,5.247037410736084,,73.68450927734375
2010-08-31,5.25785493850708,,73.66844940185547
2010-09-01,5.274083137512207,,73.66844940185547
2010-09-02,5.2794928550720215,,73.68450927734375
2010-09-03,5.2849016189575195,,73.68450927734375
2010-09-07,5.311949253082275,,73.66844940185547
2010-09-08,5.317357063293457,,73.66844940185547
2010-09-09,5.301130294799805,,73.66844940185547
2010-09-10,5.274083137512207,,73.66844940185547
2010-09-13,5.306540012359619,,73.66844940185547
2010-09-14,5.344404220581055,,73.68450927734375
2010-09-15,5.317357063293457,,73.68450927734375
2010-09-16,5.301130294799805,,73.68450927734375
2010-09-17,5.322767734527588,,73.66844940185547
2010-09-20,5.355222225189209,,73.66844940185547
2010-09-21,5.371452331542969,,73.66844940185547
2010-09-22,5.382268905639648,,73.66844940185547
2010-09-23,5.376860618591309,,73.66844940185547
2010-09-24,5.425543308258057,,73.68450927734375
2010-09-27,5.436362266540527,,73.68450927734375
2010-09-28,5.447181224822998,,73.66844940185547
2010-09-29,5.441771984100342,,73.66844940185547
2010-09-30,5.436362266540527,,73.66844940185547
2010-10-01,5.4201340675354,,73.66844940185547
2010-10-04,5.414724826812744,,73.68450927734375
2010-10-05,5.468818187713623,,73.66844940185547
2010-10-06,5.490455150604248,,73.66844940185547
2010-10-07,5.479636192321777,,73.66844940185547
2010-10-08,5.549958229064941,,73.66844940185547
2010-10-11,5.5553669929504395,,73.66844940185547
2010-10-12,5.560776710510254,,73.66844940185547
2010-10-13,5.604051113128662,,73.66844940185547
2010-10-14,5.614870548248291,,73.68450927734375
2010-10-15,5.587822914123535,,73.66844940185547
2010-10-18,5.582413673400879,,73.68450927734375
2010-10-19,5.506682872772217,,73.66844940185547
2010-10-20,5.566185474395752,,73.66844940185547
2010-10-21,5.549958229064941,,73.66844940185547
2010-10-22,5.5553669929504395,,73.68450927734375
2010-10-25,5.60945987701416,,73.66844940185547
2010-10-26,5.566185474395752,,73.68450927734375
2010-10-27,5.506682872772217,,73.68450927734375
2010-10-28,5.533729553222656,,73.66844940185547
2010-10-29,5.5553669929504395,,73.68450927734375
2010-11-01,5.587822914123535,,73.68450927734375
2010-11-02,5.614870548248291,,73.65238952636719
2010-11-03,5.620278835296631,,73.66844940185547
2010-11-04,5.7284650802612305,,73.66844940185547
2010-11-05,5.7284650802612305,,73.66844940185547
2010-11-08,5.7068281173706055,,73.66844940185547
2010-11-09,5.701419353485107,,73.66844940185547
2010-11-10,5.685191631317139,,73.66844940185547
2010-11-11,5.663553714752197,,73.65238952636719
2010-11-12,5.566185474395752,,73.68450927734375
2010-11-15,5.560776710510254,,73.68450927734375
2010-11-16,5.457998752593994,,73.68450927734375
2010-11-17,5.457998752593994,,73.68450927734375
2010-11-18,5.52291202545166,,73.66844940185547
2010-11-19,5.501274108886719,,73.66844940185547
2010-11-22,5.512092590332031,,73.66844940185547
2010-11-23,5.463409423828125,,73.66844940185547
2010-11-24,5.495864391326904,,73.68450927734375
2010-11-26,5.452589988708496,,73.68450927734375
2010-11-29,5.452589988708496,,73.68450927734375
2010-11-30,5.447181224822998,,73.68450927734375
2010-12-01,5.512092590332031,,73.66844940185547
2010-12-02,5.549958229064941,,73.66844940185547
2010-12-03,5.566185474395752,,73.68450927734375
2010-12-06,5.577004432678223,,73.66844940185547
2010-12-07,5.571595191955566,,73.66844940185547
2010-12-08,5.5553669929504395,,73.66844940185547
2010-12-09,5.5553669929504395,,73.68450927734375
2010-12-10,5.571595191955566,,73.68450927734375
2010-12-13,5.59323263168335,,73.68450927734375
2010-12-14,5.598642349243164,,73.68450927734375
2010-12-15,5.587822914123535,,73.66844940185547
2010-12-16,5.598642349243164,,73.66844940185547
2010-12-17,5.608607769012451,,73.68450927734375
2010-12-20,5.619680404663086,,73.68450927734375
2010-12-21,5.658438205718994,,73.68450927734375
2010-12-22,5.675047397613525,,73.66844940185547
2010-12-23,5.675047397613525,,73.66844940185547
2010-12-27,5.686121463775635,,73.66844940185547
2010-12-28,5.702730178833008,,73.68450927734375
2010-12-29,5.713803768157959,,73.66844940185547
2010-12-30,5.697193622589111,,73.68450927734375
2010-12-31,5.702730178833008,,73.66844940185547
2011-01-03,5.7193403244018555,,73.68450927734375
2011-01-04,5.697193622589111,,73.68450927734375
2011-01-05,5.713803768157959,,73.68450927734375
2011-01-06,5.713803768157959,,73.68450927734375
2011-01-07,5.730413913726807,,73.66844940185547
2011-01-10,5.713803768157959,,73.68450927734375
2011-01-11,5.730413913726807,,73.68450927734375
2011-01-12,5.747024059295654,,73.66844940185547
2011-01-13,5.680583953857422,,73.66844940185547
2011-01-14,5.680583953857422,,73.66844940185547
2011-01-18,5.691657066345215,,73.66844940185547
2011-01-19,5.658438205718994,,73.68450927734375
2011-01-20,5.586460590362549,,73.68450927734375
2011-01-21,5.586460590362549,,73.66844940185547
2011-01-24,5.597534656524658,,73.66844940185547
2011-01-25,5.55324125289917,,73.68450927734375
2011-01-26,5.597534656524658,,73.66844940185547
2011-01-27,5.608607769012451,,73.68450927734375
2011-01-28,5.575387477874756,,73.66844940185547
2011-01-31,5.597534656524658,,73.66844940185547
2011-02-01,5.658438205718994,,73.66844940185547
2011-02-02,5.669510364532471,,73.66844940185547
2011-02-03,5.680583953857422,,73.66844940185547
2011-02-04,5.686121463775635,,73.68450927734375
2011-02-07,5.697193622589111,,73.66844940185547
2011-02-08,5.697193622589111,,73.66844940185547
2011-02-09,5.686121463775635,,73.68450927734375
2011-02-10,5.680583953857422,,73.66844940185547
2011-02-11,5.669510364532471,,73.66844940185547
2011-02-14,5.697193622589111,,73.66844940185547
2011-02-15,5.686121463775635,,73.68450927734375
2011-02-16,5.7082672119140625,,73.68450927734375
2011-02-17,5.735950946807861,,73.68450927734375
2011-02-18,5.730413913726807,,73.66844940185547
2011-02-22,5.625216960906982,,73.66844940185547
2011-02-23,5.614144325256348,,73.68450927734375
2011-02-24,5.614144325256348,,73.68450927734375
2011-02-25,5.663973331451416,,73.68450927734375
2011-02-28,5.702730178833008,,73.66844940185547
2011-03-01,5.686121463775635,,73.66844940185547
2011-03-02,5.7082672119140625,,73.68450927734375
2011-03-03,5.713803768157959,,73.66844940185547
2011-03-04,5.7193403244018555,,73.68450927734375
2011-03-07,5.669510364532471,,73.66844940185547
2011-03-08,5.663973331451416,,73.66844940185547
2011-03-09,5.663973331451416,,73.66844940185547
2011-03-10,5.59199857711792,,73.66844940185547
2011-03-11,5.603070259094238,,73.68450927734375
2011-03-14,5.59199857711792,,73.68450927734375
2011-03-15,5.481265544891357,,73.70061492919922
2011-03-16,5.4591193199157715,,73.70061492919922
2011-03-17,5.5310959815979,,73.70061492919922
2011-03-18,5.5310959815979,,73.70061492919922
2011-03-21,5.55324125289917,,73.70061492919922
2011-03-22,5.542168617248535,,73.66844940185547
2011-03-23,5.5366315841674805,,73.68450927734375
2011-03-24,5.542168617248535,,73.66844940185547
2011-03-25,5.508947849273682,,73.66844940185547
2011-03-28,5.486802101135254,,73.68450927734375
2011-03-29,5.50341272354126,,73.66844940185547
2011-03-30,5.525558948516846,,73.68450927734375
2011-03-31,5.55324125289917,,73.66844940185547
2011-04-01,5.586460590362549,,73.66844940185547
2011-04-04,5.59199857711792,,73.66844940185547
2011-04-05,5.608607769012451,,73.66844940185547
2011-04-06,5.647363185882568,,73.66844940185547
2011-04-07,5.636290550231934,,73.68450927734375
2011-04-08,5.686121463775635,,73.66844940185547
2011-04-11,5.658438205718994,,73.66844940185547
2011-04-12,5.586460590362549,,73.68450927734375
2011-04-13,5.608607769012451,,73.68450927734375
2011-04-14,5.608607769012451,,73.66844940185547
2011-04-15,5.614144325256348,,73.68450927734375
2011-04-18,5.542168617248535,,73.66844940185547
2011-04-19,5.575387477874756,,73.66844940185547
2011-04-20,5.663973331451416,,73.66844940185547
2011-04-21,5.680583953857422,,73.66844940185547
2011-04-25,5.686121463775635,,73.66844940185547
2011-04-26,5.713803768157959,,73.66844940185547
2011-04-27,5.747024059295654,,73.66844940185547
2011-04-28,5.780242919921875,,73.66844940185547
2011-04-29,5.791316032409668,,73.66844940185547
2011-05-02,5.791316032409668,,73.66844940185547
2011-05-03,5.763633728027344,,73.66844940185547
2011-05-04,5.7193403244018555,,73.70061492919922
2011-05-05,5.586460590362549,,73.70061492919922
2011-05-06,5.5809245109558105,,73.70061492919922
2011-05-09,5.608607769012451,,73.70061492919922
2011-05-10,5.630753517150879,,73.70061492919922
2011-05-11,5.575387477874756,,73.70061492919922
2011-05-12,5.575387477874756,,73.70061492919922
2011-05-13,5.5366315841674805,,73.68450927734375
2011-05-16,5.5310959815979,,73.68450927734375
2011-05-17,5.525558948516846,,73.68450927734375
2011-05-18,5.542168617248535,,73.66844940185547
2011-05-19,5.564314365386963,,73.70061492919922
2011-05-20,5.558778285980225,,73.68450927734375
2011-05-23,5.514484882354736,,73.68450927734375
2011-05-24,5.5366315841674805,,73.68450927734375
2011-05-25,5.5366315841674805,,73.68450927734375
2011-05-26,5.5809245109558105,,73.68450927734375
2011-05-27,5.614144325256348,,73.68450927734375
2011-05-31,5.647363185882568,,73.68450927734375
2011-06-01,5.625216960906982,,73.66844940185547
2011-06-02,5.614144325256348,,73.66844940185547
2011-06-03,5.614144325256348,,73.66844940185547
2011-06-06,5.59199857711792,,73.66844940185547
2011-06-07,5.597534656524658,,73.68450927734375
2011-06-08,5.575387477874756,,73.68450927734375
2011-06-09,5.5809245109558105,,73.66844940185547
2011-06-10,5.5366315841674805,,73.68450927734375
2011-06-13,5.542168617248535,,73.66844940185547
2011-06-14,5.5366315841674805,,73.68450927734375
2011-06-15,5.49233865737915,,73.68450927734375
2011-06-16,5.50341272354126,,73.68450927734375
2011-06-17,5.4978766441345215,,73.68450927734375
2011-06-20,5.486802101135254,,73.68450927734375
2011-06-21,5.50341272354126,,73.66844940185547
2011-06-22,5.520021915435791,,73.68450927734375
2011-06-23,5.520021915435791,,73.68450927734375
2011-06-24,5.50341272354126,,73.66844940185547
2011-06-27,5.514484882354736,,73.66844940185547
2011-06-28,5.49233865737915,,73.66844940185547
2011-06-29,5.486802101135254,,73.68450927734375
2011-06-30,5.486802101135254,,73.68450927734375
2011-07-01,5.50341272354126,,73.66844940185547
2011-07-05,5.514484882354736,,73.66844940185547
2011-07-06,5.520021915435791,,73.68450927734375
2011-07-07,5.5366315841674805,,73.66844940185547
2011-07-08,5.547705173492432,,73.66844940185547
2011-07-11,5.50341272354126,,73.65238952636719
2011-07-12,5.464655876159668,,73.66844940185547
2011-07-13,5.470191955566406,,73.68450927734375
2011-07-14,5.4591193199157715,,73.68450927734375
2011-07-15,5.486802101135254,,73.68450927734375
2011-07-18,5.470191955566406,,73.68450927734375
2011-07-19,5.50341272354126,,73.68450927734375
2011-07-20,5.481265544891357,,73.66844940185547
2011-07-21,5.475728988647461,,73.66844940185547
2011-07-22,5.4978766441345215,,73.68450927734375
2011-07-25,5.49233865737915,,73.68450927734375
2011-07-26,5.514484882354736,,73.68450927734375
2011-07-27,5.486802101135254,,73.68450927734375
2011-07-28,5.486802101135254,,73.68450927734375
2011-07-29,5.525558948516846,,73.68450927734375
2011-08-01,5.5366315841674805,,73.68450927734375
2011-08-02,5.55324125289917,,73.68450927734375
2011-08-03,5.542168617248535,,73.68450927734375
2011-08-04,5.5310959815979,,73.68450927734375
2011-08-05,5.5310959815979,,73.68450927734375
2011-08-08,5.5310959815979,,73.68450927734375
2011-08-09,5.558778285980225,,73.68450927734375
2011-08-10,5.547705173492432,,73.68450927734375
2011-08-11,5.55324125289917,,73.68450927734375
2011-08-12,5.547705173492432,,73.68450927734375
2011-08-15,5.520021915435791,,73.68450927734375
2011-08-16,5.5310959815979,,73.68450927734375
2011-08-17,5.5366315841674805,,73.68450927734375
2011-08-18,5.5809245109558105,,73.65238952636719
2011-08-19,5.59199857711792,,73.68450927734375
2011-08-22,5.5809245109558105,,73.65238952636719
2011-08-23,5.569851398468018,,73.68450927734375
2011-08-24,5.558778285980225,,73.68450927734375
2011-08-25,5.547705173492432,,73.65238952636719
2011-08-26,5.5809245109558105,,73.68450927734375
2011-08-29,5.558778285980225,,73.68450927734375
2011-08-30,5.569851398468018,,73.68450927734375
2011-08-31,5.5366315841674805,,73.68450927734375
2011-09-01,5.5366315841674805,,73.68450927734375
2011-09-02,5.575387477874756,,73.68450927734375
2011-09-06,5.586460590362549,,73.66844940185547
2011-09-07,5.55324125289917,,73.65238952636719
2011-09-08,5.55324125289917,,73.65238952636719
2011-09-09,5.558778285980225,,73.66844940185547
2011-09-12,5.55324125289917,,73.66844940185547
2011-09-13,5.5366315841674805,,73.65238952636719
2011-09-14,5.50341272354126,,73.65238952636719
2011-09-15,5.470191955566406,,73.65238952636719
2011-09-16,5.470191955566406,,73.65238952636719
2011-09-19,5.520021915435791,,73.66844940185547
2011-09-20,5.514484882354736,,73.66844940185547
2011-09-21,5.4978766441345215,,73.66844940185547
2011-09-22,5.564314365386963,,73.65238952636719
2011-09-23,5.542168617248535,,73.66844940185547
2011-09-26,5.5310959815979,,73.66844940185547
2011-09-27,5.425899982452393,,73.65238952636719
2011-09-28,5.453583240509033,,73.66844940185547
2011-09-29,5.425899982452393,,73.66844940185547
2011-09-30,5.481265544891357,,73.66844940185547
2011-10-03,5.5366315841674805,,73.66844940185547
2011-10-04,5.564314365386963,,73.66844940185547
2011-10-05,5.514484882354736,,73.66844940185547
2011-10-06,5.436972618103027,,73.65238952636719
2011-10-07,5.414824962615967,,73.66844940185547
2011-10-10,5.353923320770264,,73.65238952636719
2011-10-11,5.337313175201416,,73.66844940185547
2011-10-12,5.293021202087402,,73.65238952636719
2011-10-13,5.32070255279541,,73.66844940185547
2011-10-14,5.281946182250977,,73.65238952636719
2011-10-17,5.31516695022583,,73.65238952636719
2011-10-18,5.342850208282471,,73.66844940185547
2011-10-19,5.337313175201416,,73.66844940185547
2011-10-20,5.376070022583008,,73.66844940185547
2011-10-21,5.348385810852051,,73.65238952636719
2011-10-24,5.2874836921691895,,73.65238952636719
2011-10-25,5.31516695022583,,73.66844940185547
2011-10-26,5.31516695022583,,73.66844940185547
2011-10-27,5.221044063568115,,73.65238952636719
2011-10-28,5.221044063568115,,73.65238952636719
2011-10-31,5.221044063568115,,73.6363296508789
2011-11-01,5.281946182250977,,73.66844940185547
2011-11-02,5.270873546600342,,73.65238952636719
2011-11-03,5.259799957275391,,73.6363296508789
2011-11-04,5.254263401031494,,73.65238952636719
2011-11-07,5.2874836921691895,,73.66844940185547
2011-11-08,5.281946182250977,,73.66844940185547
2011-11-09,5.293021202087402,,73.65238952636719
2011-11-10,5.293021202087402,,73.66844940185547
2011-11-11,5.293021202087402,,73.65238952636719
2011-11-14,5.304093837738037,,73.66844940185547
2011-11-15,5.326240062713623,,73.65238952636719
2011-11-16,5.326240062713623,,73.66844940185547
2011-11-17,5.32070255279541,,73.66844940185547
2011-11-18,5.309629917144775,,73.66844940185547
2011-11-21,5.348385810852051,,73.66844940185547
2011-11-22,5.35945987701416,,73.65238952636719
2011-11-23,5.398216247558594,,73.66844940185547
2011-11-25,5.398216247558594,,73.66844940185547
2011-11-28,5.342850208282471,,73.66844940185547
2011-11-29,5.326240062713623,,73.6363296508789
2011-11-30,5.281946182250977,,73.65238952636719
2011-12-01,5.248726844787598,,73.6363296508789
2011-12-02,5.243190765380859,,73.65238952636719
2011-12-05,5.254263401031494,,73.65238952636719
2011-12-06,5.259799957275391,,73.66844940185547
2011-12-07,5.281946182250977,,73.65238952636719
2011-12-08,5.293021202087402,,73.65238952636719
2011-12-09,5.32070255279541,,73.6363296508789
2011-12-12,5.348385810852051,,73.6363296508789
2011-12-13,5.364996433258057,,73.6363296508789
2011-12-14,5.414824962615967,,73.65238952636719
2011-12-15,5.414824962615967,,73.6363296508789
2011-12-16,5.400321006774902,,73.65238952636719
2011-12-19,5.405900478363037,,73.65238952636719
2011-12-20,5.366848468780518,,73.65238952636719
2011-12-21,5.338953971862793,,73.65238952636719
2011-12-22,5.32779598236084,,73.65238952636719
2011-12-23,5.322216987609863,,73.65238952636719
2011-12-27,5.311059951782227,,73.6363296508789
2011-12-28,5.322216987609863,,73.63954162597656
2011-12-29,5.338953971862793,,73.63954162597656
2011-12-30,5.338953971862793,,73.63954162597656
2012-01-03,5.311059951782227,,73.62342834472656
2012-01-04,5.32779598236084,,73.62342834472656
2012-01-05,5.355690002441406,,73.62342834472656
2012-01-06,5.361268997192383,,73.62342834472656
2012-01-09,5.350111484527588,,73.63954162597656
2012-01-10,5.322216987609863,,73.63954162597656
2012-01-11,5.344532489776611,,73.62342834472656
2012-01-12,5.338953971862793,,73.62342834472656
2012-01-13,5.366848468780518,,73.62342834472656
2012-01-17,5.355690002441406,,73.62342834472656
2012-01-18,5.338953971862793,,73.62342834472656
2012-01-19,5.294322967529297,,73.62342834472656
2012-01-20,5.288743495941162,,73.62342834472656
2012-01-23,5.249691486358643,,73.62342834472656
2012-01-24,5.221797943115234,,73.62342834472656
2012-01-25,5.232956409454346,,73.62342834472656
2012-01-26,5.260850429534912,,73.62342834472656
2012-01-27,5.255270957946777,,73.62342834472656
2012-01-30,5.283165454864502,,73.63954162597656
2012-01-31,5.311059951782227,,73.62342834472656
2012-02-01,5.316637992858887,,73.62342834472656
2012-02-02,5.316637992858887,,73.62342834472656
2012-02-03,5.305480003356934,,73.62342834472656
2012-02-06,5.305480003356934,,73.63954162597656
2012-02-07,5.277586936950684,,73.62342834472656
2012-02-08,5.277586936950684,,73.63954162597656
2012-02-09,5.272006988525391,,73.62342834472656
2012-02-10,5.266427516937256,,73.63954162597656
2012-02-13,5.283165454864502,,73.62342834472656
2012-02-14,5.288743495941162,,73.63954162597656
2012-02-15,5.305480003356934,,73.62342834472656
2012-02-16,5.299901485443115,,73.63954162597656
2012-02-17,5.299901485443115,,73.62342834472656
2012-02-21,5.294322967529297,,73.62342834472656
2012-02-22,5.294322967529297,,73.62342834472656
2012-02-23,5.311059951782227,,73.62342834472656
2012-02-24,5.333374977111816,,73.63954162597656
2012-02-27,5.338953971862793,,73.62342834472656
2012-02-28,5.344532489776611,,73.62342834472656
2012-02-29,5.350111484527588,,73.63954162597656
2012-03-01,5.378005504608154,,73.62342834472656
2012-03-02,5.389163017272949,,73.62342834472656
2012-03-05,5.338953971862793,,73.62342834472656
2012-03-06,5.277586936950684,,73.62342834472656
2012-03-07,5.316637992858887,,73.62342834472656
2012-03-08,5.355690002441406,,73.63954162597656
2012-03-09,5.366848468780518,,73.63954162597656
2012-03-12,5.355690002441406,,73.63954162597656
2012-03-13,5.394742488861084,,73.63954162597656
2012-03-14,5.338953971862793,,73.62342834472656
2012-03-15,5.338953971862793,,73.62342834472656
2012-03-16,5.350111484527588,,73.62342834472656
2012-03-19,5.350111484527588,,73.63954162597656
2012-03-20,5.322216987609863,,73.63954162597656
2012-03-21,5.311059951782227,,73.63954162597656
2012-03-22,5.266427516937256,,73.63954162597656
2012-03-23,5.283165454864502,,73.63954162597656
2012-03-26,5.322216987609863,,73.63954162597656
2012-03-27,5.316637992858887,,73.62342834472656
2012-03-28,5.294322967529297,,73.63954162597656
2012-03-29,5.294322967529297,,73.62342834472656
2012-03-30,5.299901485443115,,73.62342834472656
2012-04-02,5.311059951782227,,73.60743713378906
2012-04-03,5.311059951782227,,73.62342834472656
2012-04-04,5.272006988525391,,73.60743713378906
2012-04-05,5.277586936950684,,73.62342834472656
2012-04-09,5.249691486358643,,73.63954162597656
2012-04-10,5.205061435699463,,73.63954162597656
2012-04-11,5.2162184715271,,73.63954162597656
2012-04-12,5.232956409454346,,73.62342834472656
2012-04-13,5.255270957946777,,73.60743713378906
2012-04-16,5.244112491607666,,73.62342834472656
2012-04-17,5.244112491607666,,73.62342834472656
2012-04-18,5.255270957946777,,73.62342834472656
2012-04-19,5.249691486358643,,73.63954162597656
2012-04-20,5.244112491607666,,73.62342834472656
2012-04-23,5.266427516937256,,73.63954162597656
2012-04-24,5.260850429534912,,73.63954162597656
2012-04-25,5.266427516937256,,73.62342834472656
2012-04-26,5.266427516937256,,73.63954162597656
2012-04-27,5.260850429534912,,73.62342834472656
2012-04-30,5.260850429534912,,73.63954162597656
2012-05-01,5.266427516937256,,73.63954162597656
2012-05-02,5.294322967529297,,73.63954162597656
2012-05-03,5.283165454864502,,73.62342834472656
2012-05-04,5.288743495941162,,73.62342834472656
2012-05-07,5.283165454864502,,73.63954162597656
2012-05-08,5.294322967529297,,73.63954162597656
2012-05-09,5.316637992858887,,73.63954162597656
2012-05-10,5.322216987609863,,73.63954162597656
2012-05-11,5.338953971862793,,73.63954162597656
2012-05-14,5.394742488861084,,73.63954162597656
2012-05-15,5.411478519439697,,73.63954162597656
2012-05-16,5.428215026855469,,73.63954162597656
2012-05-17,5.42263650894165,,73.63954162597656
2012-05-18,5.428215026855469,,73.63954162597656
2012-05-21,5.411478519439697,,73.63954162597656
2012-05-22,5.417057991027832,,73.60743713378906
2012-05-23,5.489582538604736,,73.60743713378906
2012-05-24,5.478425025939941,,73.63954162597656
2012-05-25,5.478425025939941,,73.63954162597656
2012-05-29,5.4672675132751465,,73.63954162597656
2012-05-30,5.556528568267822,,73.63954162597656
2012-05-31,5.57884407043457,,73.63954162597656
2012-06-01,5.629053115844727,,73.63954162597656
2012-06-04,5.612316608428955,,73.63954162597656
2012-06-05,5.595580101013184,,73.63954162597656
2012-06-06,5.5007405281066895,,73.62342834472656
2012-06-07,5.472845554351807,,73.62342834472656
2012-06-08,5.5007405281066895,,73.62342834472656
2012-06-11,5.5007405281066895,,73.62342834472656
2012-06-12,5.478425025939941,,73.63954162597656
2012-06-13,5.4672675132751465,,73.63954162597656
2012-06-14,5.456109046936035,,73.63954162597656
2012-06-15,5.456109046936035,,73.62342834472656
2012-06-18,5.456109046936035,,73.63954162597656
2012-06-19,5.400321006774902,,73.60743713378906
2012-06-20,5.389163017272949,,73.60743713378906
2012-06-21,5.456109046936035,,73.63954162597656
2012-06-22,5.456109046936035,,73.62342834472656
2012-06-25,5.489582538604736,,73.63954162597656
2012-06-26,5.484003067016602,,73.63954162597656
2012-06-27,5.4616875648498535,,73.62342834472656
2012-06-28,5.478425025939941,,73.63954162597656
2012-06-29,5.333374977111816,,73.60743713378906
2012-07-02,5.350111484527588,,73.60743713378906
2012-07-03,5.294322967529297,,73.60743713378906
2012-07-05,5.361268997192383,,73.60743713378906
2012-07-06,5.428215026855469,,73.60743713378906
2012-07-09,5.417057991027832,,73.60743713378906
2012-07-10,5.439373016357422,,73.60743713378906
2012-07-11,5.433793544769287,,73.60743713378906
2012-07-12,5.478425025939941,,73.60743713378906
2012-07-13,5.456109046936035,,73.62342834472656
2012-07-16,5.456109046936035,,73.60743713378906
2012-07-17,5.450530052185059,,73.60743713378906
2012-07-18,5.489582538604736,,73.60743713378906
2012-07-19,5.4672675132751465,,73.62342834472656
2012-07-20,5.528634071350098,,73.60743713378906
2012-07-23,5.550950050354004,,73.60743713378906
2012-07-24,5.567686557769775,,73.62342834472656
2012-07-25,5.556528568267822,,73.63954162597656
2012-07-26,5.489582538604736,,73.62342834472656
2012-07-27,5.433793544769287,,73.63954162597656
2012-07-30,5.456109046936035,,73.63954162597656
2012-07-31,5.450530052185059,,73.60743713378906
2012-08-01,5.450530052185059,,73.62342834472656
2012-08-02,5.489582538604736,,73.62342834472656
2012-08-03,5.42263650894165,,73.62342834472656
2012-08-06,5.405900478363037,,73.63954162597656
2012-08-07,5.366848468780518,,73.62342834472656
2012-08-08,5.383584499359131,,73.60743713378906
2012-08-09,5.411478519439697,,73.60743713378906
2012-08-10,5.439373016357422,,73.60743713378906
2012-08-13,5.405900478363037,,73.60743713378906
2012-08-14,5.400321006774902,,73.60743713378906
2012-08-15,5.417057991027832,,73.60743713378906
2012-08-16,5.417057991027832,,73.60743713378906
2012-08-17,5.417057991027832,,73.60743713378906
2012-08-20,5.417057991027832,,73.60743713378906
2012-08-21,5.400321006774902,,73.60743713378906
2012-08-22,5.383584499359131,,73.60743713378906
2012-08-23,5.355690002441406,,73.60743713378906
2012-08-24,5.366848468780518,,73.60743713378906
2012-08-27,5.355690002441406,,73.60743713378906
2012-08-28,5.338953971862793,,73.60743713378906
2012-08-29,5.338953971862793,,73.60743713378906
2012-08-30,5.32779598236084,,73.60743713378906
2012-08-31,5.338953971862793,,73.60743713378906
2012-09-04,5.322216987609863,,73.60743713378906
2012-09-05,5.288743495941162,,73.62342834472656
2012-09-06,5.344532489776611,,73.62342834472656
2012-09-07,5.361268997192383,,73.60743713378906
2012-09-10,5.322216987609863,,73.60743713378906
2012-09-11,5.32779598236084,,73.60743713378906
2012-09-12,5.333374977111816,,73.60743713378906
2012-09-13,5.355690002441406,,73.60743713378906
2012-09-14,5.383584499359131,,73.60743713378906
2012-09-17,5.338953971862793,,73.60743713378906
2012-09-18,5.333374977111816,,73.60743713378906
2012-09-19,5.32779598236084,,73.60743713378906
2012-09-20,5.322216987609863,,73.60743713378906
2012-09-21,5.32779598236084,,73.60743713378906
2012-09-24,5.299901485443115,,73.60743713378906
2012-09-25,5.294322967529297,,73.60743713378906
2012-09-26,5.255270957946777,,73.60743713378906
2012-09-27,5.294322967529297,,73.62342834472656
2012-09-28,5.299901485443115,,73.60743713378906
2012-10-01,5.294322967529297,,73.60743713378906
2012-10-02,5.283165454864502,,73.62342834472656
2012-10-03,5.260850429534912,,73.60743713378906
2012-10-04,5.299901485443115,,73.60743713378906
2012-10-05,5.294322967529297,,73.60743713378906
2012-10-08,5.277586936950684,,73.60743713378906
2012-10-09,5.255270957946777,,73.60743713378906
2012-10-10,5.238534450531006,,73.62342834472656
2012-10-11,5.272006988525391,,73.62342834472656
2012-10-12,5.255270957946777,,73.60743713378906
2012-10-15,5.272006988525391,,73.62342834472656
2012-10-16,5.277586936950684,,73.60743713378906
2012-10-17,5.294322967529297,,73.62342834472656
2012-10-18,5.288743495941162,,73.60743713378906
2012-10-19,5.244112491607666,,73.60743713378906
2012-10-22,5.244112491607666,,73.60743713378906
2012-10-23,5.205061435699463,,73.62342834472656
2012-10-24,5.210640907287598,,73.62342834472656
2012-10-25,5.232956409454346,,73.60743713378906
2012-10-26,5.2162184715271,,73.60743713378906
2012-10-31,5.244112491607666,,73.62342834472656
2012-11-01,5.272006988525391,,73.62342834472656
2012-11-02,5.260850429534912,,73.62342834472656
2012-11-05,5.266427516937256,,73.60743713378906
2012-11-06,5.288743495941162,,73.60743713378906
2012-11-07,5.255270957946777,,73.62342834472656
2012-11-08,5.2162184715271,,73.62342834472656
2012-11-09,5.2162184715271,,73.62342834472656
2012-11-12,5.205061435699463,,73.62342834472656
2012-11-13,5.19390344619751,,73.62342834472656
2012-11-14,5.19390344619751,,73.62342834472656
2012-11-15,5.205061435699463,,73.62342834472656
2012-11-16,5.1994829177856445,,73.62342834472656
2012-11-19,5.221797943115234,,73.62342834472656
2012-11-20,5.221797943115234,,73.60743713378906
2012-11-21,5.249691486358643,,73.60743713378906
2012-11-23,5.288743495941162,,73.60743713378906
2012-11-26,5.277586936950684,,73.60743713378906
2012-11-27,5.272006988525391,,73.60743713378906
2012-11-28,5.283165454864502,,73.60743713378906
2012-11-29,5.305480003356934,,73.60743713378906
2012-11-30,5.322216987609863,,73.60743713378906
2012-12-03,5.299901485443115,,73.60743713378906
2012-12-04,5.305480003356934,,73.60743713378906
2012-12-05,5.338953971862793,,73.60743713378906
2012-12-06,5.350111484527588,,73.60743713378906
2012-12-07,5.350111484527588,,73.60743713378906
2012-12-10,5.366848468780518,,73.60743713378906
2012-12-11,5.389163017272949,,73.60743713378906
2012-12-12,5.42263650894165,,73.60743713378906
2012-12-13,5.42263650894165,,73.60743713378906
2012-12-14,5.414203643798828,,73.60743713378906
2012-12-17,5.408581256866455,,73.60743713378906
2012-12-18,5.431069374084473,,73.62342834472656
2012-12-19,5.442314147949219,,73.60743713378906
2012-12-20,5.453558444976807,,73.60743713378906
2012-12-21,5.402958393096924,,73.60743713378906
2012-12-24,5.414203643798828,,73.60743713378906
2012-12-26,5.436692237854004,,73.60743713378906
2012-12-27,5.464803218841553,,73.60743713378906
2012-12-28,5.453558444976807,,73.62342834472656
2012-12-31,5.498536109924316,,73.60743713378906
2013-01-02,5.560381889343262,,73.60743713378906
2013-01-03,5.549136161804199,,73.60743713378906
2013-01-04,5.571625232696533,,73.62342834472656
2013-01-07,5.566002368927002,,73.59132385253906
2013-01-08,5.537892818450928,,73.59132385253906
2013-01-09,5.5772480964660645,,73.59132385253906
2013-01-10,5.605358123779297,,73.59132385253906
2013-01-11,5.605358123779297,,73.59132385253906
2013-01-14,5.616603851318359,,73.59132385253906
2013-01-15,5.588492393493652,,73.59132385253906
2013-01-16,5.566002368927002,,73.59132385253906
2013-01-17,5.605358123779297,,73.60743713378906
2013-01-18,5.59973669052124,,73.59132385253906
2013-01-22,5.588492393493652,,73.59132385253906
2013-01-23,5.588492393493652,,73.59132385253906
2013-01-24,5.633469104766846,,73.60743713378906
2013-01-25,5.650336265563965,,73.59132385253906
2013-01-28,5.633469104766846,,73.59132385253906
2013-01-29,5.667202472686768,,73.59132385253906
2013-01-30,5.667202472686768,,73.59132385253906
2013-01-31,5.678447246551514,,73.60743713378906
2013-02-01,5.729046821594238,,73.59132385253906
2013-02-04,5.667202472686768,,73.59132385253906
2013-02-05,5.700935363769531,,73.60743713378906
2013-02-06,5.695313453674316,,73.60743713378906
2013-02-07,5.65595817565918,,73.60743713378906
2013-02-08,5.65595817565918,,73.60743713378906
2013-02-11,5.678447246551514,,73.60743713378906
2013-02-12,5.695313453674316,,73.60743713378906
2013-02-13,5.712180137634277,,73.59132385253906
2013-02-14,5.700935363769531,,73.60743713378906
2013-02-15,5.717803001403809,,73.59132385253906
2013-02-19,5.751535892486572,,73.59132385253906
2013-02-20,5.717803001403809,,73.60743713378906
2013-02-21,5.633469104766846,,73.59132385253906
2013-02-22,5.65595817565918,,73.60743713378906
2013-02-25,5.5828704833984375,,73.59132385253906
2013-02-26,5.543514728546143,,73.59132385253906
2013-02-27,5.5828704833984375,,73.60743713378906
2013-02-28,5.610980987548828,,73.60743713378906
2013-03-01,5.644713878631592,,73.60743713378906
2013-03-04,5.633469104766846,,73.59132385253906
2013-03-05,5.672824859619141,,73.60743713378906
2013-03-06,5.700935363769531,,73.59132385253906
2013-03-07,5.7065582275390625,,73.60743713378906
2013-03-08,5.723424434661865,,73.59132385253906
2013-03-11,5.751535892486572,,73.60743713378906
2013-03-12,5.740292072296143,,73.59132385253906
2013-03-13,5.729046821594238,,73.60743713378906
2013-03-14,5.717803001403809,,73.60743713378906
2013-03-15,5.723424434661865,,73.60743713378906
2013-03-18,5.700935363769531,,73.59132385253906
2013-03-19,5.684069633483887,,73.59132385253906
2013-03-20,5.712180137634277,,73.59132385253906
2013-03-21,5.6615800857543945,,73.59132385253906
2013-03-22,5.650336265563965,,73.60743713378906
2013-03-25,5.644713878631592,,73.59132385253906
2013-03-26,5.678447246551514,,73.60743713378906
2013-03-27,5.684069633483887,,73.59132385253906
2013-03-28,5.6615800857543945,,73.60743713378906
2013-04-01,5.605358123779297,,73.59132385253906
2013-04-02,5.6615800857543945,,73.60743713378906
2013-04-03,5.616603851318359,,73.59132385253906
2013-04-04,5.712180137634277,,73.59132385253906
2013-04-05,5.734668731689453,,73.60743713378906
2013-04-08,5.796514511108398,,73.60743713378906
2013-04-09,5.774024963378906,,73.60743713378906
2013-04-10,5.835870265960693,,73.60743713378906
2013-04-11,5.869603633880615,,73.59132385253906
2013-04-12,5.880846977233887,,73.60743713378906
2013-04-15,5.819003105163574,,73.60743713378906
2013-04-16,5.858358383178711,,73.60743713378906
2013-04-17,5.835870265960693,,73.60743713378906
2013-04-18,5.819003105163574,,73.59132385253906
2013-04-19,5.863981246948242,,73.60743713378906
2013-04-22,5.858358383178711,,73.60743713378906
2013-04-23,5.880846977233887,,73.60743713378906
2013-04-24,5.892091751098633,,73.60743713378906
2013-04-25,5.863981246948242,,73.59132385253906
2013-04-26,5.858358383178711,,73.59132385253906
2013-04-29,5.886469841003418,,73.59132385253906
2013-04-30,5.897714614868164,,73.59132385253906
2013-05-01,5.908958435058594,,73.59132385253906
2013-05-02,5.925825595855713,,73.60743713378906
2013-05-03,5.903336524963379,,73.59132385253906
2013-05-06,5.897714614868164,,73.59132385253906
2013-05-07,5.880846977233887,,73.59132385253906
2013-05-08,5.897714614868164,,73.60743713378906
2013-05-09,5.925825595855713,,73.60743713378906
2013-05-10,5.897714614868164,,73.59132385253906
2013-05-13,5.886469841003418,,73.60743713378906
2013-05-14,5.908958435058594,,73.59132385253906
2013-05-15,5.948314189910889,,73.59132385253906
2013-05-16,5.948314189910889,,73.59132385253906
2013-05-17,5.970802307128906,,73.60743713378906
2013-05-20,5.9539361000061035,,73.59132385253906
2013-05-21,5.965180397033691,,73.60743713378906
2013-05-22,5.959559917449951,,73.60743713378906
2013-05-23,5.886469841003418,,73.60743713378906
2013-05-24,5.858358383178711,,73.60743713378906
2013-05-28,5.897714614868164,,73.59132385253906
2013-05-29,5.830246925354004,,73.60743713378906
2013-05-30,5.80775785446167,,73.59132385253906
2013-05-31,5.774024963378906,,73.60743713378906
2013-06-03,5.723424434661865,,73.60743713378906
2013-06-04,5.740292072296143,,73.60743713378906
2013-06-05,5.68969202041626,,73.60743713378906
2013-06-06,5.639091491699219,,73.59132385253906
2013-06-07,5.68969202041626,,73.60743713378906
2013-06-10,5.729046821594238,,73.59132385253906
2013-06-11,5.695313453674316,,73.60743713378906
2013-06-12,5.68969202041626,,73.59132385253906
2013-06-13,5.672824859619141,,73.60743713378906
2013-06-14,5.622225284576416,,73.59132385253906
2013-06-17,5.65595817565918,,73.59132385253906
2013-06-18,5.700935363769531,,73.59132385253906
2013-06-19,5.695313453674316,,73.59132385253906
2013-06-20,5.717803001403809,,73.59132385253906
2013-06-21,5.684069633483887,,73.60743713378906
2013-06-24,5.700935363769531,,73.60743713378906
2013-06-25,5.684069633483887,,73.60743713378906
2013-06-26,5.678447246551514,,73.60743713378906
2013-06-27,5.684069633483887,,73.59132385253906
2013-06-28,5.684069633483887,,73.59132385253906
2013-07-01,5.684069633483887,,73.60743713378906
2013-07-02,5.684069633483887,,73.59132385253906
2013-07-03,5.700935363769531,,73.60743713378906
2013-07-05,5.745913982391357,,73.60743713378906
2013-07-08,5.729046821594238,,73.57526397705078
2013-07-09,5.700935363769531,,73.57526397705078
2013-07-10,5.723424434661865,,73.57526397705078
2013-07-11,5.7065582275390625,,73.57526397705078
2013-07-12,5.723424434661865,,73.57526397705078
2013-07-15,5.734668731689453,,73.57526397705078
2013-07-16,5.700935363769531,,73.57526397705078
2013-07-17,5.7065582275390625,,73.57526397705078
2013-07-18,5.723424434661865,,73.59132385253906
2013-07-19,5.717803001403809,,73.59132385253906
2013-07-22,5.678447246551514,,73.59132385253906
2013-07-23,5.684069633483887,,73.59132385253906
2013-07-24,5.734668731689453,,73.60743713378906
2013-07-25,5.712180137634277,,73.57526397705078
2013-07-26,5.695313453674316,,73.57526397705078
2013-07-29,5.68969202041626,,73.59132385253906
2013-07-30,5.7065582275390625,,73.57526397705078
2013-07-31,5.717803001403809,,73.59132385253906
2013-08-01,5.785268306732178,,73.57526397705078
2013-08-02,5.790891647338867,,73.59132385253906
2013-08-05,5.7796478271484375,,73.59132385253906
2013-08-06,5.774024963378906,,73.59132385253906
2013-08-07,5.745913982391357,,73.57526397705078
2013-08-08,5.717803001403809,,73.57526397705078
2013-08-09,5.700935363769531,,73.59132385253906
2013-08-12,5.684069633483887,,73.59132385253906
2013-08-13,5.745913982391357,,73.59132385253906
2013-08-14,5.723424434661865,,73.59132385253906
2013-08-15,5.712180137634277,,73.59132385253906
2013-08-16,5.723424434661865,,73.59132385253906
2013-08-19,5.717803001403809,,73.57526397705078
2013-08-20,5.734668731689453,,73.59132385253906
2013-08-21,5.745913982391357,,73.59132385253906
2013-08-22,5.796514511108398,,73.57526397705078
2013-08-23,5.7796478271484375,,73.59132385253906
2013-08-26,5.734668731689453,,73.57526397705078
2013-08-27,5.712180137634277,,73.57526397705078
2013-08-28,5.723424434661865,,73.57526397705078
2013-08-29,5.712180137634277,,73.59132385253906
2013-08-30,5.68969202041626,,73.59132385253906
2013-09-03,5.717803001403809,,73.59132385253906
2013-09-04,5.712180137634277,,73.59132385253906
2013-09-05,5.76278018951416,,73.59132385253906
2013-09-06,5.717803001403809,,73.59132385253906
2013-09-09,5.712180137634277,,73.5591812133789
2013-09-10,5.740292072296143,,73.57526397705078
2013-09-11,5.717803001403809,,73.57526397705078
2013-09-12,5.7065582275390625,,73.57526397705078
2013-09-13,5.723424434661865,,73.59132385253906
2013-09-16,5.700935363769531,,73.57526397705078
2013-09-17,5.700935363769531,,73.57526397705078
2013-09-18,5.700935363769531,,73.59132385253906
2013-09-19,5.695313453674316,,73.59132385253906
2013-09-20,5.7065582275390625,,73.57526397705078
2013-09-23,5.6615800857543945,,73.57526397705078
2013-09-24,5.644713878631592,,73.57526397705078
2013-09-25,5.622225284576416,,73.57526397705078
2013-09-26,5.627847671508789,,73.57526397705078
2013-09-27,5.616603851318359,,73.57526397705078
2013-09-30,5.59973669052124,,73.57526397705078
2013-10-01,5.616603851318359,,73.59132385253906
2013-10-02,5.610980987548828,,73.59132385253906
2013-10-03,5.605358123779297,,73.59132385253906
2013-10-04,5.59973669052124,,73.59132385253906
2013-10-07,5.566002368927002,,73.59132385253906
2013-10-08,5.543514728546143,,73.59132385253906
2013-10-09,5.526647090911865,,73.57526397705078
2013-10-10,5.5828704833984375,,73.5591812133789
2013-10-11,5.610980987548828,,73.54317474365234
2013-10-14,5.616603851318359,,73.54317474365234
2013-10-15,5.633469104766846,,73.54317474365234
2013-10-16,5.65595817565918,,73.5591812133789
2013-10-17,5.672824859619141,,73.5591812133789
2013-10-18,5.672824859619141,,73.57526397705078
2013-10-21,5.68969202041626,,73.57526397705078
2013-10-22,5.717803001403809,,73.57526397705078
2013-10-23,5.672824859619141,,73.57526397705078
2013-10-24,5.684069633483887,,73.5591812133789
2013-10-25,5.678447246551514,,73.57526397705078
2013-10-28,5.68969202041626,,73.57526397705078
2013-10-29,5.68969202041626,,73.5591812133789
2013-10-30,5.68969202041626,3.823331832885742,73.5591812133789
2013-10-31,5.65595817565918,3.823331832885742,73.5591812133789
2013-11-01,5.639091491699219,3.823331832885742,73.5591812133789
2013-11-04,5.672824859619141,3.792745590209961,73.5591812133789
2013-11-05,5.65595817565918,3.815685749053955,73.5591812133789
2013-11-06,5.695313453674316,3.838625907897949,73.57526397705078
2013-11-07,5.650336265563965,3.8309788703918457,73.5591812133789
2013-11-08,5.6615800857543945,3.8309788703918457,73.5591812133789
2013-11-11,5.684069633483887,3.8424487113952637,73.57526397705078
2013-11-12,5.7065582275390625,3.8692126274108887,73.57526397705078
2013-11-13,5.700935363769531,3.8577427864074707,73.57526397705078
2013-11-14,5.723424434661865,3.8692126274108887,73.5591812133789
2013-11-15,5.740292072296143,3.865389347076416,73.5591812133789
2013-11-18,5.757157802581787,3.9074466228485107,73.5591812133789
2013-11-19,5.751535892486572,3.9074466228485107,73.5591812133789
2013-11-20,5.723424434661865,3.9036216735839844,73.5591812133789
2013-11-21,5.76278018951416,3.9533259868621826,73.57526397705078
2013-11-22,5.7796478271484375,3.9762656688690186,73.5591812133789
2013-11-25,5.796514511108398,3.9839119911193848,73.5591812133789
2013-11-26,5.790891647338867,3.9839119911193848,73.5591812133789
2013-11-27,5.84149169921875,3.9877359867095947,73.57526397705078
2013-11-29,5.858358383178711,3.9877359867095947,73.54317474365234
2013-12-02,5.880846977233887,4.014498710632324,73.5591812133789
2013-12-03,5.830246925354004,4.018322467803955,73.57526397705078
2013-12-04,5.796514511108398,3.9839119911193848,73.57526397705078
2013-12-05,5.774024963378906,3.980088710784912,73.57526397705078
2013-12-06,5.85273551940918,4.014498710632324,73.57526397705078
2013-12-09,5.880846977233887,4.022146701812744,73.57526397705078
2013-12-10,5.835870265960693,4.018322467803955,73.5591812133789
2013-12-11,5.785268306732178,4.006852626800537,73.57526397705078
2013-12-12,5.824625015258789,4.029792308807373,73.57526397705078
2013-12-13,5.8021368980407715,4.022146701812744,73.57526397705078
2013-12-16,5.813380241394043,4.003028869628906,73.5591812133789
2013-12-17,5.80775785446167,4.006852626800537,73.5591812133789
2013-12-18,5.892091751098633,4.022146701812744,73.57526397705078
2013-12-19,5.892091751098633,4.022146701812744,73.57526397705078
2013-12-20,5.907427787780762,3.9904870986938477,73.5591812133789
2013-12-23,5.930149555206299,3.97876238822937,73.5591812133789
2013-12-24,5.941509246826172,3.9865784645080566,73.5591812133789
2013-12-26,5.969910621643066,3.9904870986938477,73.5591812133789
2013-12-27,6.021033763885498,3.9826700687408447,73.57526397705078
2013-12-30,6.021033763885498,3.9983036518096924,73.57526397705078
2013-12-31,6.015352249145508,3.97876238822937,73.54317474365234
2014-01-02,5.964231014251709,3.9631285667419434,73.54317474365234
2014-01-03,5.930149555206299,3.9396779537200928,73.5591812133789
2014-01-06,5.896068572998047,3.9396779537200928,73.54317474365234
2014-01-07,5.930149555206299,3.9318618774414062,73.5591812133789
2014-01-08,5.981270790100098,3.9553120136260986,73.5591812133789
2014-01-09,5.986952304840088,3.9670369625091553,73.54317474365234
2014-01-10,5.924469470977783,3.9435863494873047,73.5591812133789
2014-01-13,5.856307029724121,3.9357693195343018,73.5591812133789
2014-01-14,5.941509246826172,3.927952289581299,73.5591812133789
2014-01-15,5.986952304840088,3.9396779537200928,73.5591812133789
2014-01-16,5.97559118270874,3.9357693195343018,73.5591812133789
2014-01-17,5.969910621643066,3.9318618774414062,73.54317474365234
2014-01-21,5.992631912231445,3.9357693195343018,73.5591812133789
2014-01-22,6.026712417602539,3.9396779537200928,73.5591812133789
2014-01-23,5.981270790100098,3.9123196601867676,73.5591812133789
2014-01-24,5.873346328735352,3.9045026302337646,73.54317474365234
2014-01-27,5.873346328735352,3.869326591491699,73.54317474365234
2014-01-28,5.884707450866699,3.877143621444702,73.54317474365234
2014-01-29,5.879027366638184,3.916227340698242,73.5591812133789
2014-01-30,5.867666721343994,3.8849596977233887,73.5591812133789
2014-01-31,5.827905178070068,3.881052255630493,73.54317474365234
2014-02-03,5.748382091522217,3.873234748840332,73.54317474365234
2014-02-04,5.7199811935424805,3.826333999633789,73.5591812133789
2014-02-05,5.68589973449707,3.8224260807037354,73.54317474365234
2014-02-06,5.69726037979126,3.8185174465179443,73.54317474365234
2014-02-07,5.7199811935424805,3.8380587100982666,73.5591812133789
2014-02-10,5.708621025085449,3.8185174465179443,73.54317474365234
2014-02-11,5.702940464019775,3.845876455307007,73.54317474365234
2014-02-12,5.68589973449707,3.869326591491699,73.5591812133789
2014-02-13,5.7313408851623535,3.8654181957244873,73.5591812133789
2014-02-14,5.708621025085449,3.8615100383758545,73.5591812133789
2014-02-18,5.708621025085449,3.888868808746338,73.54317474365234
2014-02-19,5.725661277770996,3.877143621444702,73.5591812133789
2014-02-20,5.7199811935424805,3.869326591491699,73.5591812133789
2014-02-21,5.742702007293701,3.8849596977233887,73.54317474365234
2014-02-24,5.714301109313965,3.841968536376953,73.5591812133789
2014-02-25,5.725661277770996,3.8576016426086426,73.5591812133789
2014-02-26,5.742702007293701,3.834151029586792,73.5591812133789
2014-02-27,5.748382091522217,3.8224260807037354,73.54317474365234
2014-02-28,5.759742259979248,3.8849596977233887,73.5591812133789
2014-03-03,5.691579818725586,3.841968536376953,73.5591812133789
2014-03-04,5.742702007293701,3.877143621444702,73.54317474365234
2014-03-05,5.7199811935424805,3.881052255630493,73.5591812133789
2014-03-06,5.7370219230651855,3.881052255630493,73.5591812133789
2014-03-07,5.7711029052734375,3.896685838699341,73.54317474365234
2014-03-10,5.759742259979248,3.9123196601867676,73.54317474365234
2014-03-11,5.754062175750732,3.9123196601867676,73.54317474365234
2014-03-12,5.7199811935424805,3.8849596977233887,73.54317474365234
2014-03-13,5.668859481811523,3.896685838699341,73.54317474365234
2014-03-14,5.646139144897461,3.869326591491699,73.54317474365234
2014-03-17,5.68589973449707,3.881052255630493,73.54317474365234
2014-03-18,5.725661277770996,3.888868808746338,73.54317474365234
2014-03-19,5.714301109313965,3.888868808746338,73.5591812133789
2014-03-20,5.702940464019775,3.89277720451355,73.54317474365234
2014-03-21,5.668859481811523,3.89277720451355,73.5591812133789
2014-03-24,5.657499313354492,3.920135736465454,73.5591812133789
2014-03-25,5.657499313354492,3.9435863494873047,73.5591812133789
2014-03-26,5.629098415374756,3.974853992462158,73.54317474365234
2014-03-27,5.617738246917725,3.9631285667419434,73.54317474365234
2014-03-28,5.629098415374756,3.9826700687408447,73.54317474365234
2014-03-31,5.651819229125977,4.0022125244140625,73.54317474365234
2014-04-01,5.668859481811523,4.0100297927856445,73.54317474365234
2014-04-02,5.646139144897461,3.994396924972534,73.54317474365234
2014-04-03,5.646139144897461,4.021755218505859,73.5591812133789
2014-04-04,5.606377124786377,4.0022125244140625,73.54317474365234
2014-04-07,5.572296142578125,3.994396924972534,73.54317474365234
2014-04-08,5.560935020446777,3.9631285667419434,73.54317474365234
2014-04-09,5.606377124786377,3.9865784645080566,73.54317474365234
2014-04-10,5.577976226806641,3.9709458351135254,73.54317474365234
2014-04-11,5.555254936218262,3.9670369625091553,73.54317474365234
2014-04-14,5.549574375152588,3.9709458351135254,73.54317474365234
2014-04-15,5.577976226806641,3.9826700687408447,73.54317474365234
2014-04-16,5.612057209014893,3.9983036518096924,73.54317474365234
2014-04-17,5.617738246917725,4.006121635437012,73.5591812133789
2014-04-21,5.617738246917725,3.9983036518096924,73.54317474365234
2014-04-22,5.6347784996032715,3.9865784645080566,73.52704620361328
2014-04-23,5.612057209014893,3.9865784645080566,73.54317474365234
2014-04-24,5.606377124786377,3.9826700687408447,73.54317474365234
2014-04-25,5.583656311035156,3.9904870986938477,73.54317474365234
2014-04-28,5.589337348937988,4.025663375854492,73.54317474365234
2014-04-29,5.617738246917725,4.033479690551758,73.54317474365234
2014-04-30,5.629098415374756,4.0569305419921875,73.54317474365234
2014-05-01,5.606377124786377,4.033479690551758,73.52704620361328
2014-05-02,5.612057209014893,4.025663375854492,73.54317474365234
2014-05-05,5.606377124786377,4.021755218505859,73.54317474365234
2014-05-06,5.600696563720703,4.037387847900391,73.52704620361328
2014-05-07,5.600696563720703,4.08428955078125,73.52704620361328
2014-05-08,5.589337348937988,4.092105865478516,73.52704620361328
2014-05-09,5.577976226806641,4.1038312911987305,73.54317474365234
2014-05-12,5.589337348937988,4.088197231292725,73.52704620361328
2014-05-13,5.600696563720703,4.08428955078125,73.54317474365234
2014-05-14,5.583656311035156,4.06083869934082,73.54317474365234
2014-05-15,5.555254936218262,4.0530219078063965,73.54317474365234
2014-05-16,5.560935020446777,4.045205116271973,73.54317474365234
2014-05-19,5.572296142578125,4.0530219078063965,73.54317474365234
2014-05-20,5.555254936218262,4.0647478103637695,73.54317474365234
2014-05-21,5.595016956329346,4.092105865478516,73.52704620361328
2014-05-22,5.600696563720703,4.088197231292725,73.52704620361328
2014-05-23,5.612057209014893,4.092105865478516,73.54317474365234
2014-05-27,5.629098415374756,4.088197231292725,73.52704620361328
2014-05-28,5.623417377471924,4.08428955078125,73.54317474365234
2014-05-29,5.629098415374756,4.076473236083984,73.52704620361328
2014-05-30,5.646139144897461,4.107739448547363,73.54317474365234
2014-06-02,5.640459060668945,4.135098934173584,73.52704620361328
2014-06-03,5.612057209014893,4.131189823150635,73.52704620361328
2014-06-04,5.595016956329346,4.127281665802002,73.52704620361328
2014-06-05,5.646139144897461,4.123373508453369,73.52704620361328
2014-06-06,5.646139144897461,4.123373508453369,73.52704620361328
2014-06-09,5.6745405197143555,4.076473236083984,73.54317474365234
2014-06-10,5.668859481811523,4.072563648223877,73.54317474365234
2014-06-11,5.663178443908691,4.06083869934082,73.52704620361328
2014-06-12,5.680220127105713,4.068655490875244,73.54317474365234
2014-06-13,5.6745405197143555,4.076473236083984,73.52704620361328
2014-06-16,5.668859481811523,4.0569305419921875,73.54317474365234
2014-06-17,5.663178443908691,4.0491132736206055,73.52704620361328
2014-06-18,5.68589973449707,4.0647478103637695,73.54317474365234
2014-06-19,5.69726037979126,4.08428955078125,73.54317474365234
2014-06-20,5.691579818725586,4.068655490875244,73.54317474365234
2014-06-23,5.6745405197143555,4.0491132736206055,73.54317474365234
2014-06-24,5.668859481811523,4.037387847900391,73.54317474365234
2014-06-25,5.680220127105713,4.0491132736206055,73.52704620361328
2014-06-26,5.691579818725586,4.0569305419921875,73.52704620361328
2014-06-27,5.68589973449707,4.045205116271973,73.54317474365234
2014-06-30,5.702940464019775,4.045205116271973,73.52704620361328
2014-07-01,5.742702007293701,4.072563648223877,73.54317474365234
2014-07-02,5.742702007293701,4.080380439758301,73.54317474365234
2014-07-03,5.776782989501953,4.08428955078125,73.52704620361328
2014-07-07,5.748382091522217,4.096014976501465,73.54317474365234
2014-07-08,5.7313408851623535,4.127281665802002,73.54317474365234
2014-07-09,5.742702007293701,4.119464874267578,73.52704620361328
2014-07-10,5.725661277770996,4.135098934173584,73.52704620361328
2014-07-11,5.7313408851623535,4.1585493087768555,73.52704620361328
2014-07-14,5.7370219230651855,4.166366100311279,73.52704620361328
2014-07-15,5.742702007293701,4.189815998077393,73.52704620361328
2014-07-16,5.742702007293701,4.166366100311279,73.52704620361328
2014-07-17,5.708621025085449,4.14291524887085,73.52704620361328
2014-07-18,5.725661277770996,4.1585493087768555,73.5109634399414
2014-07-21,5.7313408851623535,4.160935878753662,73.52704620361328
2014-07-22,5.759742259979248,4.184804439544678,73.5109634399414
2014-07-23,5.776782989501953,4.196737766265869,73.52704620361328
2014-07-24,5.748382091522217,4.192759037017822,73.52704620361328
2014-07-25,5.725661277770996,4.176847457885742,73.52704620361328
2014-07-28,5.725661277770996,4.160935878753662,73.52704620361328
2014-07-29,5.742702007293701,4.160935878753662,73.52704620361328
2014-07-30,5.7313408851623535,4.164913654327393,73.52704620361328
2014-07-31,5.680220127105713,4.145023822784424,73.5109634399414
2014-08-01,5.646139144897461,4.129112720489502,73.52704620361328
2014-08-04,5.651819229125977,4.145023822784424,73.52704620361328
2014-08-05,5.646139144897461,4.113200664520264,73.5109634399414
2014-08-06,5.617738246917725,4.097289085388184,73.5109634399414
2014-08-07,5.606377124786377,4.077399253845215,73.52704620361328
2014-08-08,5.612057209014893,4.097289085388184,73.5109634399414
2014-08-11,5.606377124786377,4.085354804992676,73.5109634399414
2014-08-12,5.629098415374756,4.093311309814453,73.5109634399414
2014-08-13,5.6347784996032715,4.093311309814453,73.52704620361328
2014-08-14,5.663178443908691,4.089332103729248,73.5109634399414
2014-08-15,5.668859481811523,4.081377029418945,73.52704620361328
2014-08-18,5.702940464019775,4.073421001434326,73.5109634399414
2014-08-19,5.725661277770996,4.081377029418945,73.52704620361328
2014-08-20,5.742702007293701,4.1052446365356445,73.5109634399414
2014-08-21,5.7199811935424805,4.1052446365356445,73.52704620361328
2014-08-22,5.742702007293701,4.1052446365356445,73.52704620361328
2014-08-25,5.7711029052734375,4.117178440093994,73.52704620361328
2014-08-26,5.776782989501953,4.1052446365356445,73.52704620361328
2014-08-27,5.788143157958984,4.113200664520264,73.5109634399414
2014-08-28,5.782463073730469,4.121155738830566,73.52704620361328
2014-08-29,5.810863971710205,4.125134468078613,73.52704620361328
2014-09-02,5.839266300201416,4.117178440093994,73.5109634399414
2014-09-03,5.833585739135742,4.149003028869629,73.52704620361328
2014-09-04,5.890387058258057,4.156958103179932,73.5109634399414
2014-09-05,5.901748180389404,4.160935878753662,73.52704620361328
2014-09-08,5.918789386749268,4.152979373931885,73.5109634399414
2014-09-09,5.879027366638184,4.160935878753662,73.5109634399414
2014-09-10,5.896068572998047,4.145023822784424,73.52704620361328
2014-09-11,5.896068572998047,4.145023822784424,73.5109634399414
2014-09-12,5.873346328735352,4.129112720489502,73.5109634399414
2014-09-15,5.856307029724121,4.141046047210693,73.5109634399414
2014-09-16,5.856307029724121,4.149003028869629,73.5109634399414
2014-09-17,5.896068572998047,4.156958103179932,73.5109634399414
2014-09-18,5.918789386749268,4.149003028869629,73.52704620361328
2014-09-19,5.969910621643066,4.168891906738281,73.52704620361328
2014-09-22,5.964231014251709,4.176847457885742,73.52704620361328
2014-09-23,5.941509246826172,4.117178440093994,73.52704620361328
2014-09-24,5.97559118270874,4.164913654327393,73.52704620361328
2014-09-25,5.93582820892334,4.152979373931885,73.52704620361328
2014-09-26,5.986952304840088,4.149003028869629,73.52704620361328
2014-09-29,5.952869892120361,4.137068748474121,73.5109634399414
2014-09-30,6.009672164916992,4.125134468078613,73.52704620361328
2014-10-01,5.981270790100098,4.141046047210693,73.52704620361328
2014-10-02,5.930149555206299,4.129112720489502,73.52704620361328
2014-10-03,6.021033763885498,4.160935878753662,73.49491882324219
2014-10-06,5.941509246826172,4.141046047210693,73.49491882324219
2014-10-07,5.907427787780762,4.156958103179932,73.5109634399414
2014-10-08,5.924469470977783,4.156958103179932,73.5109634399414
2014-10-09,5.93582820892334,4.152979373931885,73.5109634399414
2014-10-10,5.952869892120361,4.168891906738281,73.5109634399414
2014-10-13,5.9131083488464355,4.156958103179932,73.5109634399414
2014-10-14,5.947189807891846,4.125134468078613,73.49491882324219
2014-10-15,5.981270790100098,4.160935878753662,73.49491882324219
2014-10-16,5.941509246826172,4.077399253845215,73.5109634399414
2014-10-17,5.924469470977783,4.049553394317627,73.5109634399414
2014-10-20,5.930149555206299,4.113200664520264,73.5109634399414
2014-10-21,5.901748180389404,4.093311309814453,73.49491882324219
2014-10-22,5.918789386749268,4.137068748474121,73.5109634399414
2014-10-23,5.890387058258057,4.117178440093994,73.49491882324219
2014-10-24,5.901748180389404,4.137068748474121,73.49491882324219
2014-10-27,5.907427787780762,4.172869682312012,73.49491882324219
2014-10-28,5.884707450866699,4.18878173828125,73.49491882324219
2014-10-29,5.8619866371154785,4.220605373382568,73.5109634399414
2014-10-30,5.901748180389404,4.232539653778076,73.49491882324219
2014-10-31,5.947189807891846,4.252429008483887,73.5109634399414
2014-11-03,5.992631912231445,4.256406307220459,73.49491882324219
2014-11-04,6.038074016571045,4.296186447143555,73.5109634399414
2014-11-05,6.049434185028076,4.316075801849365,73.49491882324219
2014-11-06,6.083515644073486,4.308120250701904,73.5109634399414
2014-11-07,6.038074016571045,4.292208671569824,73.49491882324219
2014-11-10,6.066474437713623,4.300164699554443,73.5109634399414
2014-11-11,6.060793876647949,4.316075801849365,73.5109634399414
2014-11-12,6.072154521942139,4.320053577423096,73.5109634399414
2014-11-13,6.123277187347412,4.351877212524414,73.49491882324219
2014-11-14,6.106236457824707,4.331988334655762,73.49491882324219
2014-11-17,6.134636878967285,4.363811492919922,73.5109634399414
2014-11-18,6.140317916870117,4.359833240509033,73.49491882324219
2014-11-19,6.163038730621338,4.371767044067383,73.49491882324219
2014-11-20,6.163038730621338,4.371767044067383,73.49491882324219
2014-11-21,6.180078983306885,4.343921661376953,73.49491882324219
2014-11-24,6.19711971282959,4.355856418609619,73.5109634399414
2014-11-25,6.2141594886779785,4.363811492919922,73.5109634399414
2014-11-26,6.225520133972168,4.387679100036621,73.49491882324219
2014-11-28,6.401607990264893,4.427458763122559,73.5109634399414
2014-12-01,6.322084903717041,4.435414791107178,73.49491882324219
2014-12-02,6.384565830230713,4.471215724945068,73.49491882324219
2014-12-03,6.407288074493408,4.459282398223877,73.49491882324219
2014-12-04,6.401607990264893,4.491106033325195,73.49491882324219
2014-12-05,6.464089870452881,4.475193977355957,73.5109634399414
2014-12-08,6.45272970199585,4.487127780914307,73.5109634399414
2014-12-09,6.395927429199219,4.45530366897583,73.49491882324219
2014-12-10,6.390247344970703,4.463260650634766,73.49491882324219
2014-12-11,6.447049617767334,4.463260650634766,73.49491882324219
2014-12-12,6.447049617767334,4.4513258934021,73.5109634399414
2014-12-15,6.4300079345703125,4.435414791107178,73.47887420654297
2014-12-16,6.4356889724731445,4.403590202331543,73.47887420654297
2014-12-17,6.469770908355713,4.3757452964782715,73.47887420654297
2014-12-18,6.4754509925842285,4.39563512802124,73.49491882324219
2014-12-19,6.474209308624268,4.4172043800354,73.47887420654297
2014-12-22,6.536281585693359,4.4306840896606445,73.47887420654297
2014-12-23,6.536281585693359,4.408216953277588,73.47887420654297
2014-12-24,6.548696994781494,4.421698093414307,73.49491882324219
2014-12-26,6.567318439483643,4.4306840896606445,73.47887420654297
2014-12-29,6.610769748687744,4.4441657066345215,73.47887420654297
2014-12-30,6.561110496520996,4.439671993255615,73.47887420654297
2014-12-31,6.598355293273926,4.4306840896606445,73.49491882324219
2015-01-02,6.660427570343018,4.4441657066345215,73.47887420654297
2015-01-05,6.666634559631348,4.475620746612549,73.49491882324219
2015-01-06,6.660427570343018,4.489100933074951,73.47887420654297
2015-01-07,6.7162933349609375,4.502582550048828,73.47887420654297
2015-01-08,6.753537178039551,4.529543876647949,73.47887420654297
2015-01-09,6.741122722625732,4.560999393463135,73.47887420654297
2015-01-12,6.778366565704346,4.58346700668335,73.47887420654297
2015-01-13,6.790780067443848,4.587960243225098,73.47887420654297
2015-01-14,6.765951156616211,4.574480056762695,73.47887420654297
2015-01-15,6.778366565704346,4.480114459991455,73.47887420654297
2015-01-16,6.759745121002197,4.4441657066345215,73.47887420654297
2015-01-20,6.803194999694824,4.475620746612549,73.47887420654297
2015-01-21,6.765951156616211,4.426191329956055,73.49491882324219
2015-01-22,6.852853775024414,4.4441657066345215,73.47887420654297
2015-01-23,6.958378791809082,4.462140083312988,73.49491882324219
2015-01-26,6.933549880981445,4.439671993255615,73.49491882324219
2015-01-27,6.883890628814697,4.426191329956055,73.49491882324219
2015-01-28,6.9211344718933105,4.466632843017578,73.47887420654297
2015-01-29,6.939755439758301,4.4441657066345215,73.47887420654297
2015-01-30,6.914927005767822,4.381255626678467,73.47887420654297
2015-02-02,6.914927005767822,4.363280296325684,73.47887420654297
2015-02-03,6.796987533569336,4.3093581199646,73.49491882324219
2015-02-04,6.846646308898926,4.331826210021973,73.47887420654297
2015-02-05,6.803194999694824,4.295877456665039,73.47887420654297
2015-02-06,6.790780067443848,4.2419538497924805,73.47887420654297
2015-02-09,6.741122722625732,4.228473663330078,73.46276092529297
2015-02-10,6.765951156616211,4.246447563171387,73.47887420654297
2015-02-11,6.790780067443848,4.246447563171387,73.46276092529297
2015-02-12,6.784574508666992,4.2419538497924805,73.46276092529297
2015-02-13,6.778366565704346,4.223978519439697,73.47887420654297
2015-02-17,6.728707790374756,4.192524433135986,73.47887420654297
2015-02-18,6.765951156616211,4.206005096435547,73.47887420654297
2015-02-19,6.803194999694824,4.210498332977295,73.47887420654297
2015-02-20,6.803194999694824,4.201511383056641,73.46276092529297
2015-02-23,6.865268707275391,4.237460136413574,73.47887420654297
2015-02-24,6.859062194824219,4.232966423034668,73.46276092529297
2015-02-25,6.840439319610596,4.210498332977295,73.47887420654297
2015-02-26,6.896305561065674,4.223978519439697,73.46276092529297
2015-02-27,6.859062194824219,4.210498332977295,73.47887420654297
2015-03-02,6.890098571777344,4.228473663330078,73.46276092529297
2015-03-03,6.840439319610596,4.210498332977295,73.47887420654297
2015-03-04,6.883890628814697,4.219485759735107,73.47887420654297
2015-03-05,6.914927005767822,4.18803071975708,73.47887420654297
2015-03-06,6.958378791809082,4.179043292999268,73.46276092529297
2015-03-09,6.958378791809082,4.210498332977295,73.47887420654297
2015-03-10,7.0080366134643555,4.210498332977295,73.47887420654297
2015-03-11,7.082522869110107,4.174550533294678,73.47887420654297
2015-03-12,7.0949387550354,4.223978519439697,73.46276092529297
2015-03-13,7.169426441192627,4.26891565322876,73.47887420654297
2015-03-16,7.181839942932129,4.322838306427002,73.47887420654297
2015-03-17,7.20046329498291,4.318345069885254,73.47887420654297
2015-03-18,7.169426441192627,4.313851833343506,73.47887420654297
2015-03-19,7.231498718261719,4.3363189697265625,73.47887420654297
2015-03-20,7.1632184982299805,4.349801063537598,73.47887420654297
2015-03-23,7.076317310333252,4.331826210021973,73.46276092529297
2015-03-24,7.1197686195373535,4.313851833343506,73.47887420654297
2015-03-25,7.070110321044922,4.313851833343506,73.46276092529297
2015-03-26,7.026657581329346,4.3093581199646,73.46276092529297
2015-03-27,7.082522869110107,4.340813159942627,73.46276092529297
2015-03-30,7.1321821212768555,4.3363189697265625,73.44674682617188
2015-03-31,7.1632184982299805,4.318345069885254,73.47887420654297
2015-04-01,7.138390064239502,4.318345069885254,73.44674682617188
2015-04-02,7.113560199737549,4.295877456665039,73.46276092529297
2015-04-06,7.08873176574707,4.300370693206787,73.46276092529297
2015-04-07,7.138390064239502,4.28239631652832,73.47887420654297
2015-04-08,7.1942548751831055,4.3093581199646,73.47887420654297
2015-04-09,7.256328105926514,4.331826210021973,73.46276092529297
2015-04-10,7.293572902679443,4.354294300079346,73.46276092529297
2015-04-13,7.32460880279541,4.349801063537598,73.44674682617188
2015-04-14,7.293572902679443,4.3093581199646,73.46276092529297
2015-04-15,7.281157970428467,4.255434513092041,73.44674682617188
2015-04-16,7.219084739685059,4.259927749633789,73.46276092529297
2015-04-17,7.1632184982299805,4.273409366607666,73.44674682617188
2015-04-20,7.21287727355957,4.273409366607666,73.44674682617188
2015-04-21,7.219084739685059,4.322838306427002,73.46276092529297
2015-04-22,7.206669330596924,4.313851833343506,73.44674682617188
2015-04-23,7.1632184982299805,4.295877456665039,73.44674682617188
2015-04-24,7.188047885894775,4.300370693206787,73.44674682617188
2015-04-27,7.1942548751831055,4.318345069885254,73.46276092529297
2015-04-28,7.1508049964904785,4.322838306427002,73.46276092529297
2015-04-29,7.001829624176025,4.273409366607666,73.46276092529297
2015-04-30,6.933549880981445,4.255434513092041,73.46276092529297
2015-05-01,6.939755439758301,4.28239631652832,73.44674682617188
2015-05-04,6.945962905883789,4.286889553070068,73.46276092529297
2015-05-05,6.871475696563721,4.255434513092041,73.46276092529297
2015-05-06,6.796987533569336,4.273409366607666,73.46276092529297
2015-05-07,6.803194999694824,4.286889553070068,73.44674682617188
2015-05-08,6.846646308898926,4.291383743286133,73.46276092529297
2015-05-11,6.852853775024414,4.3093581199646,73.44674682617188
2015-05-12,6.834232330322266,4.300370693206787,73.46276092529297
2015-05-13,6.821817874908447,4.300370693206787,73.46276092529297
2015-05-14,6.809403419494629,4.313851833343506,73.44674682617188
2015-05-15,6.809403419494629,4.322838306427002,73.44674682617188
2015-05-18,6.803194999694824,4.3363189697265625,73.44674682617188
2015-05-19,6.859062194824219,4.381255626678467,73.44674682617188
2015-05-20,6.883890628814697,4.381255626678467,73.44674682617188
2015-05-21,6.896305561065674,4.372268199920654,73.46276092529297
2015-05-22,6.908720016479492,4.385748863220215,73.46276092529297
2015-05-26,6.939755439758301,4.412709712982178,73.46276092529297
2015-05-27,6.976998805999756,4.412709712982178,73.46276092529297
2015-05-28,6.964585781097412,4.408216953277588,73.44674682617188
2015-05-29,6.9211344718933105,4.3947367668151855,73.44674682617188
2015-06-01,6.914927005767822,4.408216953277588,73.44674682617188
2015-06-02,6.834232330322266,4.381255626678467,73.46276092529297
2015-06-03,6.834232330322266,4.385748863220215,73.46276092529297
2015-06-04,6.815609931945801,4.403723239898682,73.44674682617188
2015-06-05,6.834232330322266,4.372268199920654,73.44674682617188
2015-06-08,6.753537178039551,4.376761436462402,73.43062591552734
2015-06-09,6.710086822509766,4.331826210021973,73.43062591552734
2015-06-10,6.685257434844971,4.322838306427002,73.44674682617188
2015-06-11,6.759745121002197,4.345305919647217,73.46276092529297
2015-06-12,6.759745121002197,4.363280296325684,73.44674682617188
2015-06-15,6.753537178039551,4.3363189697265625,73.46276092529297
2015-06-16,6.741122722625732,4.32733154296875,73.43062591552734
2015-06-17,6.741122722625732,4.322838306427002,73.46276092529297
2015-06-18,6.759745121002197,4.354294300079346,73.43062591552734
2015-06-19,6.772159576416016,4.363280296325684,73.43062591552734
2015-06-22,6.778366565704346,4.385748863220215,73.44674682617188
2015-06-23,6.765951156616211,4.381255626678467,73.43062591552734
2015-06-24,6.741122722625732,4.376761436462402,73.43062591552734
2015-06-25,6.703878879547119,4.399229526519775,73.44674682617188
2015-06-26,6.691464424133301,4.3947367668151855,73.43062591552734
2015-06-29,6.604562282562256,4.367774963378906,73.44674682617188
2015-06-30,6.567318439483643,4.367774963378906,73.44674682617188
2015-07-01,6.5797343254089355,4.412709712982178,73.44674682617188
2015-07-02,6.585939884185791,4.426191329956055,73.44674682617188
2015-07-06,6.616976261138916,4.4306840896606445,73.44674682617188
2015-07-07,6.679049968719482,4.4441657066345215,73.43062591552734
2015-07-08,6.554903984069824,4.372268199920654,73.43062591552734
2015-07-09,6.5300750732421875,4.390242099761963,73.43062591552734
2015-07-10,6.499038219451904,4.408216953277588,73.43062591552734
2015-07-13,6.499038219451904,4.408216953277588,73.43062591552734
2015-07-14,6.511453151702881,4.412709712982178,73.44674682617188
2015-07-15,6.573525428771973,4.421698093414307,73.43062591552734
2015-07-16,6.598355293273926,4.435178756713867,73.43062591552734
2015-07-17,6.6231842041015625,4.426191329956055,73.44674682617188
2015-07-20,6.641805648803711,4.4306840896606445,73.43062591552734
2015-07-21,6.616976261138916,4.412709712982178,73.44674682617188
2015-07-22,6.6542205810546875,4.426191329956055,73.43062591552734
2015-07-23,6.672842979431152,4.435178756713867,73.43062591552734
2015-07-24,6.697671413421631,4.435178756713867,73.44674682617188
2015-07-27,6.679049968719482,4.4441657066345215,73.43062591552734
2015-07-28,6.660427570343018,4.4441657066345215,73.43062591552734
2015-07-29,6.648013591766357,4.466632843017578,73.44674682617188
2015-07-30,6.672842979431152,4.439671993255615,73.44674682617188
2015-07-31,6.710086822509766,4.462140083312988,73.44674682617188
2015-08-03,6.778366565704346,4.502582550048828,73.44674682617188
2015-08-04,6.747330188751221,4.480114459991455,73.43062591552734
2015-08-05,6.765951156616211,4.5160627365112305,73.43062591552734
2015-08-06,6.765951156616211,4.543025016784668,73.43062591552734
2015-08-07,6.765951156616211,4.569985866546631,73.43062591552734
2015-08-10,6.703878879547119,4.543025016784668,73.44674682617188
2015-08-11,6.765951156616211,4.560999393463135,73.43062591552734
2015-08-12,6.703878879547119,4.543025016784668,73.43062591552734
2015-08-13,6.7162933349609375,4.565493106842041,73.43062591552734
2015-08-14,6.7162933349609375,4.569985866546631,73.41460418701172
2015-08-17,6.747330188751221,4.578973293304443,73.41460418701172
2015-08-18,6.759745121002197,4.565493106842041,73.43062591552734
2015-08-19,6.803194999694824,4.58346700668335,73.44674682617188
2015-08-20,6.803194999694824,4.59245491027832,73.43062591552734
2015-08-21,6.852853775024414,4.5565056800842285,73.43062591552734
2015-08-24,7.045280456542969,4.49808931350708,73.43062591552734
2015-08-25,6.9832072257995605,4.45764684677124,73.43062591552734
2015-08-26,6.995622158050537,4.5160627365112305,73.44674682617188
2015-08-27,6.871475696563721,4.489100933074951,73.43062591552734
2015-08-28,6.803194999694824,4.4486589431762695,73.44674682617188
2015-08-31,6.809403419494629,4.439671993255615,73.44674682617188
2015-09-01,6.902512073516846,4.4172043800354,73.44674682617188
2015-09-02,6.877683162689209,4.4486589431762695,73.43062591552734
2015-09-03,6.865268707275391,4.435178756713867,73.44674682617188
2015-09-04,6.958378791809082,4.421698093414307,73.43062591552734
2015-09-08,6.877683162689209,4.4441657066345215,73.43062591552734
2015-09-09,6.865268707275391,4.471127510070801,73.43062591552734
2015-09-10,6.859062194824219,4.484607696533203,73.41460418701172
2015-09-11,6.871475696563721,4.511569023132324,73.43062591552734
2015-09-14,6.877683162689209,4.507076263427734,73.43062591552734
2015-09-15,6.834232330322266,4.507076263427734,73.41460418701172
2015-09-16,6.747330188751221,4.493594646453857,73.41460418701172
2015-09-17,6.784574508666992,4.5160627365112305,73.41460418701172
2015-09-18,6.846646308898926,4.525050640106201,73.41460418701172
2015-09-21,6.840439319610596,4.547518253326416,73.43062591552734
2015-09-22,6.933549880981445,4.547518253326416,73.43062591552734
2015-09-23,6.964585781097412,4.601441860198975,73.41460418701172
2015-09-24,6.9707932472229,4.628403186798096,73.41460418701172
2015-09-25,6.9211344718933105,4.673338890075684,73.41460418701172
2015-09-28,7.0142436027526855,4.695806980133057,73.43062591552734
2015-09-29,7.026657581329346,4.668845176696777,73.43062591552734
2015-09-30,6.976998805999756,4.6868205070495605,73.41460418701172
2015-10-01,6.976998805999756,4.6868205070495605,73.43062591552734
2015-10-02,6.964585781097412,4.668845176696777,73.43062591552734
2015-10-05,6.877683162689209,4.655364513397217,73.41460418701172
2015-10-06,6.815609931945801,4.601441860198975,73.41460418701172
2015-10-07,6.772159576416016,4.565493106842041,73.41460418701172
2015-10-08,6.747330188751221,4.538532257080078,73.41460418701172
2015-10-09,6.710086822509766,4.529543876647949,73.41460418701172
2015-10-12,6.734915733337402,4.587960243225098,73.41460418701172
2015-10-13,6.778366565704346,4.614922523498535,73.41460418701172
2015-10-14,6.809403419494629,4.569985866546631,73.41460418701172
2015-10-15,6.765951156616211,4.596947193145752,73.41460418701172
2015-10-16,6.759745121002197,4.628403186798096,73.41460418701172
2015-10-19,6.778366565704346,4.6508708000183105,73.41460418701172
2015-10-20,6.747330188751221,4.659858226776123,73.39849853515625
2015-10-21,6.790780067443848,4.700300216674805,73.41460418701172
2015-10-22,6.790780067443848,4.709287643432617,73.41460418701172
2015-10-23,6.772159576416016,4.713781356811523,73.41460418701172
2015-10-26,6.796987533569336,4.7587175369262695,73.39849853515625
2015-10-27,6.852853775024414,4.803652763366699,73.39849853515625
2015-10-28,6.803194999694824,4.754223346710205,73.39849853515625
2015-10-29,6.765951156616211,4.7587175369262695,73.39849853515625
2015-10-30,6.741122722625732,4.745235919952393,73.39849853515625
2015-11-02,6.722501277923584,4.73175573348999,73.39849853515625
2015-11-03,6.672842979431152,4.6868205070495605,73.41460418701172
2015-11-04,6.691464424133301,4.682326316833496,73.39849853515625
2015-11-05,6.703878879547119,4.709287643432617,73.39849853515625
2015-11-06,6.691464424133301,4.691312789916992,73.39849853515625
2015-11-09,6.703878879547119,4.691312789916992,73.41460418701172
2015-11-10,6.734915733337402,4.709287643432617,73.39849853515625
2015-11-11,6.728707790374756,4.73175573348999,73.41460418701172
2015-11-12,6.728707790374756,4.745235919952393,73.41460418701172
2015-11-13,6.759745121002197,4.7182745933532715,73.39849853515625
2015-11-16,6.778366565704346,4.704793930053711,73.41460418701172
2015-11-17,6.796987533569336,4.709287643432617,73.39849853515625
2015-11-18,6.809403419494629,4.6868205070495605,73.39849853515625
2015-11-19,6.784574508666992,4.709287643432617,73.41460418701172
2015-11-20,6.809403419494629,4.73175573348999,73.39849853515625
2015-11-23,6.803194999694824,4.73175573348999,73.41460418701172
2015-11-24,6.778366565704346,4.709287643432617,73.39849853515625
2015-11-25,6.809403419494629,4.6868205070495605,73.39849853515625
2015-11-27,6.871475696563721,4.704793930053711,73.41460418701172
2015-11-30,6.859062194824219,4.67783260345459,73.41460418701172
2015-12-01,6.852853775024414,4.73175573348999,73.39849853515625
2015-12-02,6.890098571777344,4.727262496948242,73.39849853515625
2015-12-03,6.6542205810546875,4.73175573348999,73.41460418701172
2015-12-04,6.641805648803711,4.81264066696167,73.41460418701172
2015-12-07,6.741122722625732,4.848589897155762,73.41460418701172
2015-12-08,6.722501277923584,4.848589897155762,73.39849853515625
2015-12-09,6.691464424133301,4.799160003662109,73.38246154785156
2015-12-10,6.722501277923584,4.799160003662109,73.39849853515625
2015-12-11,6.753537178039551,4.8306145668029785,73.41460418701172
2015-12-14,6.728707790374756,4.87105655670166,73.41460418701172
2015-12-15,6.703878879547119,4.848589897155762,73.39849853515625
2015-12-16,6.7162933349609375,4.875551223754883,73.41460418701172
2015-12-17,6.778366565704346,4.884537696838379,73.39849853515625
2015-12-18,6.778366565704346,4.884537696838379,73.41460418701172
2015-12-21,6.734088897705078,4.880261421203613,73.39849853515625
2015-12-22,6.734088897705078,4.8660054206848145,73.39849853515625
2015-12-23,6.6944379806518555,4.818485736846924,73.39849853515625
2015-12-24,6.6746134757995605,4.804230213165283,73.41460418701172
2015-12-28,6.714263439178467,4.785222053527832,73.39849853515625
2015-12-29,6.687829971313477,4.823237895965576,73.39849853515625
2015-12-30,6.740696907043457,4.837493896484375,73.41460418701172
2015-12-31,6.727480411529541,4.818485736846924,73.39849853515625
2016-01-04,6.734088897705078,4.775717735290527,73.41460418701172
2016-01-05,6.760523319244385,4.818485736846924,73.41460418701172
2016-01-06,6.800173759460449,4.851748943328857,73.38246154785156
2016-01-07,6.800173759460449,4.875509262084961,73.39849853515625
2016-01-08,6.833216667175293,4.846997261047363,73.39849853515625
2016-01-11,6.905910491943359,4.88976526260376,73.39849853515625
2016-01-12,6.912519454956055,4.9087724685668945,73.41460418701172
2016-01-13,6.91912841796875,4.932533264160156,73.39849853515625
2016-01-14,6.925736427307129,4.88976526260376,73.38246154785156
2016-01-15,7.05129861831665,4.927780628204346,73.38246154785156
2016-01-19,7.018256187438965,4.951540470123291,73.39849853515625
2016-01-20,7.110775470733643,4.918276786804199,73.39849853515625
2016-01-21,7.044689655303955,4.846997261047363,73.41460418701172
2016-01-22,6.925736427307129,4.8660054206848145,73.38246154785156
2016-01-25,6.965388774871826,4.9087724685668945,73.39849853515625
2016-01-26,6.932345867156982,4.885013103485107,73.38246154785156
2016-01-27,6.925736427307129,4.88976526260376,73.39849853515625
2016-01-28,6.91912841796875,4.885013103485107,73.39849853515625
2016-01-29,6.866260051727295,4.904020309448242,73.41460418701172
2016-02-01,6.846434593200684,4.937284469604492,73.38246154785156
2016-02-02,6.952171325683594,4.99906063079834,73.38246154785156
2016-02-03,6.94556188583374,4.9420366287231445,73.39849853515625
2016-02-04,6.925736427307129,4.870758056640625,73.41460418701172
2016-02-05,6.965388774871826,4.842245101928711,73.41460418701172
2016-02-08,7.044689655303955,4.913525581359863,73.39849853515625
2016-02-09,7.110775470733643,4.8992695808410645,73.41460418701172
2016-02-10,7.11738395690918,4.88976526260376,73.39849853515625
2016-02-11,7.2165117263793945,4.9087724685668945,73.41460418701172
2016-02-12,7.11738395690918,4.837493896484375,73.39849853515625
2016-02-16,7.064516067504883,4.885013103485107,73.39849853515625
2016-02-17,6.991822242736816,4.818485736846924,73.39849853515625
2016-02-18,7.0116472244262695,4.851748943328857,73.41460418701172
2016-02-19,7.038082122802734,4.861252784729004,73.41460418701172
2016-02-22,6.991822242736816,4.851748943328857,73.41460418701172
2016-02-23,7.038082122802734,4.851748943328857,73.39849853515625
2016-02-24,7.064516067504883,4.88976526260376,73.41460418701172
2016-02-25,7.044689655303955,4.9087724685668945,73.39849853515625
2016-02-26,7.005040168762207,4.823237895965576,73.39849853515625
2016-02-29,7.02486515045166,4.8137335777282715,73.41460418701172
2016-03-01,6.9389543533325195,4.789973735809326,73.41460418701172
2016-03-02,6.886085510253906,4.7947258949279785,73.39849853515625
2016-03-03,6.872867584228516,4.780470371246338,73.41460418701172
2016-03-04,6.793566703796387,4.770965576171875,73.41460418701172
2016-03-07,6.780348777770996,4.74720573425293,73.41460418701172
2016-03-08,6.846434593200684,4.789973735809326,73.39849853515625
2016-03-09,6.793566703796387,4.7947258949279785,73.41460418701172
2016-03-10,6.773740291595459,4.8137335777282715,73.41460418701172
2016-03-11,6.7076544761657715,4.785222053527832,73.39849853515625
2016-03-14,6.714263439178467,4.7947258949279785,73.39849853515625
2016-03-15,6.753915309906006,4.818485736846924,73.39849853515625
2016-03-16,6.740696907043457,4.842245101928711,73.41460418701172
2016-03-17,6.734088897705078,4.823237895965576,73.39849853515625
2016-03-18,6.740696907043457,4.799479007720947,73.39849853515625
2016-03-21,6.727480411529541,4.808981895446777,73.41460418701172
2016-03-22,6.720871925354004,4.8137335777282715,73.41460418701172
2016-03-23,6.753915309906006,4.837493896484375,73.39849853515625
2016-03-24,6.747306823730469,4.8327412605285645,73.41460418701172
2016-03-28,6.727480411529541,4.8327412605285645,73.41460418701172
2016-03-29,6.747306823730469,4.842245101928711,73.41460418701172
2016-03-30,6.727480411529541,4.8137335777282715,73.41460418701172
2016-03-31,6.753915309906006,4.799479007720947,73.41460418701172
2016-04-01,6.806783199310303,4.8137335777282715,73.41460418701172
2016-04-04,6.820000648498535,4.799479007720947,73.41460418701172
2016-04-05,6.892694473266602,4.804230213165283,73.43062591552734
2016-04-06,6.879476547241211,4.804230213165283,73.43062591552734
2016-04-07,6.925736427307129,4.8137335777282715,73.41460418701172
2016-04-08,6.886085510253906,4.804230213165283,73.43062591552734
2016-04-11,6.866260051727295,4.799479007720947,73.41460418701172
2016-04-12,6.806783199310303,4.818485736846924,73.41460418701172
2016-04-13,6.747306823730469,4.799479007720947,73.43062591552734
2016-04-14,6.720871925354004,4.804230213165283,73.43062591552734
2016-04-15,6.747306823730469,4.8279900550842285,73.41460418701172
2016-04-18,6.740696907043457,4.818485736846924,73.43062591552734
2016-04-19,6.6812214851379395,4.8137335777282715,73.43062591552734
2016-04-20,6.661395072937012,4.7947258949279785,73.43062591552734
2016-04-21,6.621744632720947,4.775717735290527,73.41460418701172
2016-04-22,6.549051284790039,4.74720573425293,73.43062591552734
2016-04-25,6.549051284790039,4.785222053527832,73.41460418701172
2016-04-26,6.529225826263428,4.804230213165283,73.43062591552734
2016-04-27,6.5424418449401855,4.780470371246338,73.43062591552734
2016-04-28,6.641570091247559,4.7947258949279785,73.43062591552734
2016-04-29,6.6944379806518555,4.818485736846924,73.44674682617188
2016-05-02,6.701045989990234,4.8279900550842285,73.43062591552734
2016-05-03,6.701045989990234,4.8137335777282715,73.44674682617188
2016-05-04,6.6812214851379395,4.799479007720947,73.43062591552734
2016-05-05,6.668003559112549,4.799479007720947,73.43062591552734
2016-05-06,6.6944379806518555,4.804230213165283,73.44674682617188
2016-05-09,6.641570091247559,4.804230213165283,73.44674682617188
2016-05-10,6.641570091247559,4.808981895446777,73.44674682617188
2016-05-11,6.668003559112549,4.799479007720947,73.41460418701172
2016-05-12,6.628353118896484,4.808981895446777,73.41460418701172
2016-05-13,6.654786586761475,4.7947258949279785,73.41460418701172
2016-05-16,6.641570091247559,4.799479007720947,73.41460418701172
2016-05-17,6.628353118896484,4.7947258949279785,73.41460418701172
2016-05-18,6.582093715667725,4.766214370727539,73.43062591552734
2016-05-19,6.575485706329346,4.775717735290527,73.41460418701172
2016-05-20,6.575485706329346,4.770965576171875,73.43062591552734
2016-05-23,6.582093715667725,4.756710529327393,73.44674682617188
2016-05-24,6.555659294128418,4.756710529327393,73.41460418701172
2016-05-25,6.549051284790039,4.751957893371582,73.43062591552734
2016-05-26,6.555659294128418,4.766214370727539,73.43062591552734
2016-05-27,6.5424418449401855,4.770965576171875,73.44674682617188
2016-05-31,6.509400844573975,4.74720573425293,73.44674682617188
2016-06-01,6.5424418449401855,4.756710529327393,73.44674682617188
2016-06-02,6.601920127868652,4.7424540519714355,73.43062591552734
2016-06-03,6.6349616050720215,4.775717735290527,73.44674682617188
2016-06-06,6.621744632720947,4.751957893371582,73.46276092529297
2016-06-07,6.615136623382568,4.732950210571289,73.46276092529297
2016-06-08,6.628353118896484,4.7424540519714355,73.46276092529297
2016-06-09,6.668003559112549,4.74720573425293,73.43062591552734
2016-06-10,6.701045989990234,4.766214370727539,73.43062591552734
2016-06-13,6.727480411529541,4.761462211608887,73.43062591552734
2016-06-14,6.753915309906006,4.761462211608887,73.43062591552734
2016-06-15,6.740696907043457,4.74720573425293,73.43062591552734
2016-06-16,6.820000648498535,4.756710529327393,73.44674682617188
2016-06-17,6.786957740783691,4.766214370727539,73.43062591552734
2016-06-20,6.6944379806518555,4.751957893371582,73.44674682617188
2016-06-21,6.621744632720947,4.732950210571289,73.44674682617188
2016-06-22,6.615136623382568,4.756710529327393,73.44674682617188
2016-06-23,6.522617340087891,4.728198528289795,73.44674682617188
2016-06-24,6.859652519226074,4.761462211608887,73.43062591552734
2016-06-27,6.932345867156982,4.8137335777282715,73.43062591552734
2016-06-28,6.912519454956055,4.789973735809326,73.43062591552734
2016-06-29,6.886085510253906,4.785222053527832,73.43062591552734
2016-06-30,6.872867584228516,4.799479007720947,73.43062591552734
2016-07-01,6.905910491943359,4.7947258949279785,73.46276092529297
2016-07-05,6.978605270385742,4.846997261047363,73.46276092529297
2016-07-06,6.998430252075195,4.846997261047363,73.44674682617188
2016-07-07,6.998430252075195,4.8279900550842285,73.46276092529297
2016-07-08,7.018256187438965,4.837493896484375,73.44674682617188
2016-07-11,6.9389543533325195,4.8327412605285645,73.46276092529297
2016-07-12,6.8398261070251465,4.8137335777282715,73.43062591552734
2016-07-13,6.866260051727295,4.846997261047363,73.44674682617188
2016-07-14,6.786957740783691,4.8327412605285645,73.46276092529297
2016-07-15,6.760523319244385,4.818485736846924,73.44674682617188
2016-07-18,6.753915309906006,4.8137335777282715,73.44674682617188
2016-07-19,6.767131328582764,4.804230213165283,73.46276092529297
2016-07-20,6.720871925354004,4.7947258949279785,73.46276092529297
2016-07-21,6.747306823730469,4.785222053527832,73.46276092529297
2016-07-22,6.753915309906006,4.775717735290527,73.46276092529297
2016-07-25,6.747306823730469,4.770965576171875,73.44674682617188
2016-07-26,6.780348777770996,4.785222053527832,73.44674682617188
2016-07-27,6.806783199310303,4.766214370727539,73.46276092529297
2016-07-28,6.833216667175293,4.766214370727539,73.44674682617188
2016-07-29,6.899303436279297,4.785222053527832,73.46276092529297
2016-08-01,6.905910491943359,4.808981895446777,73.44674682617188
2016-08-02,6.905910491943359,4.842245101928711,73.46276092529297
2016-08-03,6.866260051727295,4.808981895446777,73.44674682617188
2016-08-04,6.899303436279297,4.808981895446777,73.44674682617188
2016-08-05,6.879476547241211,4.7947258949279785,73.44674682617188
2016-08-08,6.8530426025390625,4.799479007720947,73.44674682617188
2016-08-09,6.879476547241211,4.7947258949279785,73.44674682617188
2016-08-10,6.912519454956055,4.808981895446777,73.44674682617188
2016-08-11,6.859652519226074,4.7947258949279785,73.44674682617188
2016-08-12,6.8530426025390625,4.785222053527832,73.44674682617188
2016-08-15,6.8398261070251465,4.770965576171875,73.44674682617188
2016-08-16,6.820000648498535,4.761462211608887,73.44674682617188
2016-08-17,6.793566703796387,4.775717735290527,73.44674682617188
2016-08-18,6.806783199310303,4.756710529327393,73.46276092529297
2016-08-19,6.767131328582764,4.761462211608887,73.44674682617188
2016-08-22,6.780348777770996,4.751957893371582,73.44674682617188
2016-08-23,6.793566703796387,4.728198528289795,73.44674682617188
2016-08-24,6.767131328582764,4.732950210571289,73.46276092529297
2016-08-25,6.753915309906006,4.723445892333984,73.44674682617188
2016-08-26,6.720871925354004,4.690183162689209,73.44674682617188
2016-08-29,6.753915309906006,4.680678844451904,73.46276092529297
2016-08-30,6.720871925354004,4.680678844451904,73.46276092529297
2016-08-31,6.7076544761657715,4.666422367095947,73.46276092529297
2016-09-01,6.720871925354004,4.694934844970703,73.46276092529297
2016-09-02,6.727480411529541,4.694934844970703,73.47887420654297
2016-09-06,6.8530426025390625,4.74720573425293,73.47887420654297
2016-09-07,6.859652519226074,4.718694686889648,73.46276092529297
2016-09-08,6.760523319244385,4.699686527252197,73.46276092529297
2016-09-09,6.661395072937012,4.68543004989624,73.47887420654297
2016-09-12,6.6349616050720215,4.666422367095947,73.44674682617188
2016-09-13,6.582093715667725,4.666422367095947,73.46276092529297
2016-09-14,6.608527660369873,4.671175479888916,73.46276092529297
2016-09-15,6.628353118896484,4.694934844970703,73.46276092529297
2016-09-16,6.641570091247559,4.699686527252197,73.46276092529297
2016-09-19,6.687829971313477,4.732950210571289,73.46276092529297
2016-09-20,6.714263439178467,4.732950210571289,73.46276092529297
2016-09-21,6.747306823730469,4.761462211608887,73.46276092529297
2016-09-22,6.780348777770996,4.7424540519714355,73.47887420654297
2016-09-23,6.767131328582764,4.728198528289795,73.47887420654297
2016-09-26,6.753915309906006,4.713943004608154,73.47887420654297
2016-09-27,6.793566703796387,4.723445892333984,73.46276092529297
2016-09-28,6.760523319244385,4.713943004608154,73.46276092529297
2016-09-29,6.714263439178467,4.690183162689209,73.46276092529297
2016-09-30,6.6944379806518555,4.68543004989624,73.47887420654297
2016-10-03,6.687829971313477,4.699686527252197,73.46276092529297
2016-10-04,6.628353118896484,4.666422367095947,73.47887420654297
2016-10-05,6.575485706329346,4.637911319732666,73.47887420654297
2016-10-06,6.568877220153809,4.661671161651611,73.47887420654297
2016-10-07,6.582093715667725,4.64266300201416,73.47887420654297
2016-10-10,6.5887017250061035,4.64266300201416,73.47887420654297
2016-10-11,6.56226921081543,4.661671161651611,73.46276092529297
2016-10-12,6.549051284790039,4.690183162689209,73.47887420654297
2016-10-13,6.509400844573975,4.680678844451904,73.46276092529297
2016-10-14,6.509400844573975,4.694934844970703,73.46276092529297
2016-10-17,6.5027923583984375,4.694934844970703,73.46276092529297
2016-10-18,6.5424418449401855,4.704438209533691,73.46276092529297
2016-10-19,6.568877220153809,4.704438209533691,73.47887420654297
2016-10-20,6.549051284790039,4.666422367095947,73.46276092529297
2016-10-21,6.549051284790039,4.652166843414307,73.46276092529297
2016-10-24,6.56226921081543,4.666422367095947,73.46276092529297
2016-10-25,6.568877220153809,4.718694686889648,73.46276092529297
2016-10-26,6.509400844573975,4.718694686889648,73.47887420654297
2016-10-27,6.489574432373047,4.718694686889648,73.46276092529297
2016-10-28,6.476357936859131,4.713943004608154,73.47887420654297
2016-10-31,6.456531524658203,4.761462211608887,73.49491882324219
2016-11-01,6.443315505981445,4.775717735290527,73.47887420654297
2016-11-02,6.416881084442139,4.808981895446777,73.49491882324219
2016-11-03,6.416881084442139,4.818485736846924,73.47887420654297
2016-11-04,6.397055149078369,4.7947258949279785,73.49491882324219
2016-11-07,6.416881084442139,4.7947258949279785,73.47887420654297
2016-11-08,6.410272121429443,4.842245101928711,73.49491882324219
2016-11-09,6.3574042320251465,4.789973735809326,73.46276092529297
2016-11-10,6.31114387512207,4.808981895446777,73.46276092529297
2016-11-11,6.251667499542236,4.789973735809326,73.43062591552734
2016-11-14,6.251667499542236,4.775717735290527,73.46276092529297
2016-11-15,6.218624114990234,4.7947258949279785,73.47887420654297
2016-11-16,6.198800086975098,4.775717735290527,73.47887420654297
2016-11-17,6.198800086975098,4.780470371246338,73.49491882324219
2016-11-18,6.192190647125244,4.780470371246338,73.47887420654297
2016-11-21,6.185582160949707,4.766214370727539,73.46276092529297
2016-11-22,6.198800086975098,4.808981895446777,73.46276092529297
2016-11-23,6.205407619476318,4.789973735809326,73.46276092529297
2016-11-25,6.238449573516846,4.804230213165283,73.47887420654297
2016-11-28,6.238449573516846,4.8327412605285645,73.46276092529297
2016-11-29,6.218624114990234,4.846997261047363,73.46276092529297
2016-11-30,6.172365665435791,4.775717735290527,73.46276092529297
2016-12-01,6.159148216247559,4.785222053527832,73.49652099609375
2016-12-02,6.152539253234863,4.808981895446777,73.4804916381836
2016-12-05,6.152539253234863,4.775717735290527,73.4804916381836
2016-12-06,6.145931243896484,4.766214370727539,73.49652099609375
2016-12-07,6.159148216247559,4.7947258949279785,73.49652099609375
2016-12-08,6.205407619476318,4.789973735809326,73.49652099609375
2016-12-09,6.238449573516846,4.789973735809326,73.49652099609375
2016-12-12,6.225233554840088,4.823237895965576,73.4804916381836
2016-12-13,6.238449573516846,4.8137335777282715,73.49652099609375
2016-12-14,6.218624114990234,4.804230213165283,73.49652099609375
2016-12-15,6.225233554840088,4.789973735809326,73.49652099609375
2016-12-16,6.212015151977539,4.780470371246338,73.4804916381836
2016-12-19,6.192190647125244,4.7947258949279785,73.49652099609375
2016-12-20,6.206732749938965,4.805846214294434,73.4804916381836
2016-12-21,6.18029260635376,4.781672477722168,73.49652099609375
2016-12-22,6.173682689666748,4.796175956726074,73.4804916381836
2016-12-23,6.160462856292725,4.781672477722168,73.4804916381836
2016-12-27,6.193512439727783,4.776837348937988,73.49652099609375
2016-12-28,6.193512439727783,4.776837348937988,73.49494171142578
2016-12-29,6.18029260635376,4.801011562347412,73.51099395751953
2016-12-30,6.160462856292725,4.796175956726074,73.47883605957031
2017-01-03,6.18029260635376,4.781672477722168,73.51099395751953
2017-01-04,6.206732749938965,4.786506175994873,73.51099395751953
2017-01-05,6.173682689666748,4.781672477722168,73.49494171142578
2017-01-06,6.200123310089111,4.767167091369629,73.51099395751953
2017-01-09,6.18029260635376,4.767167091369629,73.51099395751953
2017-01-10,6.18029260635376,4.767167091369629,73.49494171142578
2017-01-11,6.206732749938965,4.786506175994873,73.51099395751953
2017-01-12,6.213341236114502,4.781672477722168,73.51099395751953
2017-01-13,6.21995210647583,4.767167091369629,73.51099395751953
2017-01-17,6.193512439727783,4.767167091369629,73.51099395751953
2017-01-18,6.193512439727783,4.7526631355285645,73.49494171142578
2017-01-19,6.206732749938965,4.742992877960205,73.49494171142578
2017-01-20,6.200123310089111,4.7526631355285645,73.51099395751953
2017-01-23,6.173682689666748,4.757497787475586,73.49494171142578
2017-01-24,6.21995210647583,4.757497787475586,73.49494171142578
2017-01-25,6.253001689910889,4.757497787475586,73.51099395751953
2017-01-26,6.266221523284912,4.772002220153809,73.52711486816406
2017-01-27,6.253001689910889,4.786506175994873,73.49494171142578
2017-01-30,6.213341236114502,4.815515518188477,73.52711486816406
2017-01-31,6.206732749938965,4.815515518188477,73.51099395751953
2017-02-01,6.2265625,4.810681343078613,73.51585388183594
2017-02-02,6.2265625,4.796175956726074,73.51585388183594
2017-02-03,6.239781379699707,4.805846214294434,73.4997787475586
2017-02-06,6.213341236114502,4.825185775756836,73.53189849853516
2017-02-07,6.200123310089111,4.810681343078613,73.53189849853516
2017-02-08,6.193512439727783,4.815515518188477,73.53189849853516
2017-02-09,6.21995210647583,4.810681343078613,73.53189849853516
2017-02-10,6.272831439971924,4.84935998916626,73.51585388183594
2017-02-13,6.286051273345947,4.868698596954346,73.51585388183594
2017-02-14,6.312491416931152,4.863865375518799,73.53189849853516
2017-02-15,6.358761310577393,4.878368854522705,73.51585388183594
2017-02-16,6.312491416931152,4.902543544769287,73.51585388183594
2017-02-17,6.299271583557129,4.902543544769287,73.53189849853516
2017-02-21,6.338931560516357,4.936387062072754,73.51585388183594
2017-02-22,6.332321643829346,4.970231056213379,73.51585388183594
2017-02-23,6.338931560516357,4.975066661834717,73.51585388183594
2017-02-24,6.305881500244141,4.975066661834717,73.51585388183594
2017-02-27,6.299271583557129,4.960561275482178,73.51585388183594
2017-02-28,6.272831439971924,4.946056842803955,73.54798126220703
2017-03-01,6.325711250305176,4.960561275482178,73.5190658569336
2017-03-02,6.259612560272217,4.931552410125732,73.5190658569336
2017-03-03,6.23317289352417,4.91221284866333,73.53515625
2017-03-06,6.2265625,4.921882629394531,73.55120086669922
2017-03-07,6.239781379699707,4.941222190856934,73.5190658569336
2017-03-08,6.1869025230407715,4.91221284866333,73.5190658569336
2017-03-09,6.160462856292725,4.863865375518799,73.5190658569336
2017-03-10,6.147243499755859,4.84935998916626,73.53515625
2017-03-13,6.18029260635376,4.859029293060303,73.5190658569336
2017-03-14,6.167072296142578,4.883204460144043,73.5190658569336
2017-03-15,6.18029260635376,4.897708415985107,73.53515625
2017-03-16,6.193512439727783,4.897708415985107,73.55120086669922
2017-03-17,6.200123310089111,4.91221284866333,73.55120086669922
2017-03-20,6.206732749938965,4.897708415985107,73.53515625
2017-03-21,6.127413272857666,4.902543544769287,73.55120086669922
2017-03-22,6.100973129272461,4.91221284866333,73.55120086669922
2017-03-23,6.100973129272461,4.91221284866333,73.53515625
2017-03-24,6.114193916320801,4.883204460144043,73.55120086669922
2017-03-27,6.074533462524414,4.844525337219238,73.55120086669922
2017-03-28,6.114193916320801,4.863865375518799,73.55120086669922
2017-03-29,6.134023189544678,4.839690208435059,73.55120086669922
2017-03-30,6.120803356170654,4.873534202575684,73.55120086669922
2017-03-31,6.100973129272461,4.84935998916626,73.53515625
2017-04-03,6.094363689422607,4.854194164276123,73.54157257080078
2017-04-04,6.087753772735596,4.863865375518799,73.54157257080078
2017-04-05,6.081142902374268,4.873534202575684,73.54157257080078
2017-04-06,6.074533462524414,4.854194164276123,73.54157257080078
2017-04-07,6.081142902374268,4.868698596954346,73.54157257080078
2017-04-10,6.067923545837402,4.854194164276123,73.54157257080078
2017-04-11,6.081142902374268,4.883204460144043,73.55770111083984
2017-04-12,6.081142902374268,4.878368854522705,73.54157257080078
2017-04-13,6.094363689422607,4.883204460144043,73.55770111083984
2017-04-17,6.107583045959473,4.91221284866333,73.55770111083984
2017-04-18,6.041484355926514,4.883204460144043,73.57372283935547
2017-04-19,6.008434295654297,4.84935998916626,73.57372283935547
2017-04-20,6.02165412902832,4.868698596954346,73.57372283935547
2017-04-21,6.02165412902832,4.883204460144043,73.57372283935547
2017-04-24,6.008434295654297,4.90737771987915,73.55770111083984
2017-04-25,5.98199462890625,4.854194164276123,73.55770111083984
2017-04-26,5.98860502243042,4.830019950866699,73.57372283935547
2017-04-27,5.98860502243042,4.830019950866699,73.55770111083984
2017-04-28,5.98199462890625,4.830019950866699,73.58985137939453
2017-05-01,5.962165355682373,4.805846214294434,73.5850601196289
2017-05-02,5.98860502243042,4.796175956726074,73.56893157958984
2017-05-03,5.962165355682373,4.786506175994873,73.56893157958984
2017-05-04,5.968774318695068,4.791341781616211,73.5850601196289
2017-05-05,5.962165355682373,4.767167091369629,73.56893157958984
2017-05-08,5.955554485321045,4.791341781616211,73.5850601196289
2017-05-09,5.94894552230835,4.772002220153809,73.5850601196289
2017-05-10,5.94233512878418,4.772002220153809,73.60108947753906
2017-05-11,5.955554485321045,4.801011562347412,73.60108947753906
2017-05-12,5.962165355682373,4.772002220153809,73.5850601196289
2017-05-15,5.968774318695068,4.791341781616211,73.60108947753906
2017-05-16,5.968774318695068,4.786506175994873,73.60108947753906
2017-05-17,5.882845401763916,4.781672477722168,73.61722564697266
2017-05-18,5.869626522064209,4.767167091369629,73.61722564697266
2017-05-19,5.882845401763916,4.747827529907227,73.60108947753906
2017-05-22,5.896064758300781,4.747827529907227,73.61722564697266
2017-05-23,5.902675628662109,4.776837348937988,73.61722564697266
2017-05-24,5.909284591674805,4.791341781616211,73.60108947753906
2017-05-25,5.94894552230835,4.815515518188477,73.61722564697266
2017-05-26,5.93572473526001,4.805846214294434,73.63333892822266
2017-05-30,5.93572473526001,4.854194164276123,73.60108947753906
2017-05-31,5.94894552230835,4.84935998916626,73.60108947753906
2017-06-01,5.968774318695068,4.84935998916626,73.6285400390625
2017-06-02,5.995213508605957,4.859029293060303,73.61241149902344
2017-06-05,5.98860502243042,4.873534202575684,73.6285400390625
2017-06-06,5.98199462890625,4.863865375518799,73.61241149902344
2017-06-07,5.975384712219238,4.868698596954346,73.64458465576172
2017-06-08,5.968774318695068,4.873534202575684,73.6285400390625
2017-06-09,5.975384712219238,4.897708415985107,73.64458465576172
2017-06-12,5.955554485321045,4.902543544769287,73.6285400390625
2017-06-13,5.94894552230835,4.888038158416748,73.64458465576172
2017-06-14,5.98199462890625,4.926717281341553,73.6285400390625
2017-06-15,5.896064758300781,4.902543544769287,73.6285400390625
2017-06-16,5.915895462036133,4.91221284866333,73.66072845458984
2017-06-19,5.93572473526001,4.931552410125732,73.64458465576172
2017-06-20,5.94233512878418,4.946056842803955,73.64458465576172
2017-06-21,5.94894552230835,4.931552410125732,73.66072845458984
2017-06-22,5.94894552230835,4.931552410125732,73.67684173583984
2017-06-23,5.94894552230835,4.892873764038086,73.66072845458984
2017-06-26,5.98860502243042,4.888038158416748,73.64458465576172
2017-06-27,5.922504901885986,4.873534202575684,73.64458465576172
2017-06-28,5.915895462036133,4.873534202575684,73.67684173583984
2017-06-29,5.849795818328857,4.859029293060303,73.66072845458984
2017-06-30,5.816745758056641,4.859029293060303,73.67684173583984
2017-07-03,5.816745758056641,4.859029293060303,73.68486785888672
2017-07-05,5.829966068267822,4.844525337219238,73.66878509521484
2017-07-06,5.810135841369629,4.868698596954346,73.68486785888672
2017-07-07,5.849795818328857,4.868698596954346,73.68486785888672
2017-07-10,5.843185901641846,4.863865375518799,73.68486785888672
2017-07-11,5.843185901641846,4.873534202575684,73.68486785888672
2017-07-12,5.849795818328857,4.897708415985107,73.66878509521484
2017-07-13,5.863015651702881,4.921882629394531,73.66878509521484
2017-07-14,5.856406211853027,4.931552410125732,73.7010269165039
2017-07-17,5.856406211853027,4.931552410125732,73.68486785888672
2017-07-18,5.829966068267822,4.950891494750977,73.68486785888672
2017-07-19,5.8233561515808105,4.946056842803955,73.68486785888672
2017-07-20,5.849795818328857,4.936387062072754,73.68486785888672
2017-07-21,5.816745758056641,4.931552410125732,73.68486785888672
2017-07-24,5.816745758056641,4.926717281341553,73.68486785888672
2017-07-25,5.856406211853027,4.921882629394531,73.68486785888672
2017-07-26,5.869626522064209,4.936387062072754,73.7010269165039
2017-07-27,5.836575984954834,4.946056842803955,73.71713256835938
2017-07-28,5.816745758056641,4.970231056213379,73.7010269165039
2017-07-31,5.8233561515808105,5.004075527191162,73.7010269165039
2017-08-01,5.810135841369629,4.98473596572876,73.72035217285156
2017-08-02,5.8233561515808105,5.008909702301025,73.73648071289062
2017-08-03,5.796916484832764,4.999239921569824,73.73648071289062
2017-08-04,5.810135841369629,4.989570140838623,73.73648071289062
2017-08-07,5.810135841369629,4.989570140838623,73.73648071289062
2017-08-08,5.803525924682617,5.0234150886535645,73.73648071289062
2017-08-09,5.750645637512207,4.999239921569824,73.73648071289062
2017-08-10,5.69115686416626,4.989570140838623,73.73648071289062
2017-08-11,5.677937030792236,4.97990083694458,73.75260162353516
2017-08-14,5.69776725769043,4.989570140838623,73.73648071289062
2017-08-15,5.717596054077148,5.004075527191162,73.75260162353516
2017-08-16,5.763866901397705,5.028249740600586,73.73648071289062
2017-08-17,5.69776725769043,5.013744354248047,73.75260162353516
2017-08-18,5.717596054077148,5.028249740600586,73.73648071289062
2017-08-21,5.717596054077148,5.033083915710449,73.75260162353516
2017-08-22,5.750645637512207,5.042754173278809,73.76876831054688
2017-08-23,5.770476341247559,5.047589302062988,73.76876831054688
2017-08-24,5.77708625793457,5.0234150886535645,73.76876831054688
2017-08-25,5.816745758056641,5.052423477172852,73.75260162353516
2017-08-28,5.816745758056641,5.042754173278809,73.76876831054688
2017-08-29,5.8233561515808105,5.042754173278809,73.76876831054688
2017-08-30,5.8233561515808105,5.062094211578369,73.76876831054688
2017-08-31,5.863015651702881,5.066928386688232,73.7848892211914
2017-09-01,5.882845401763916,5.062094211578369,73.7896728515625
2017-09-05,5.8233561515808105,5.033083915710449,73.7574462890625
2017-09-06,5.843185901641846,5.052423477172852,73.7896728515625
2017-09-07,5.889455795288086,5.062094211578369,73.7896728515625
2017-09-08,5.849795818328857,5.071763038635254,73.77359008789062
2017-09-11,5.869626522064209,5.091102600097656,73.77359008789062
2017-09-12,5.863015651702881,5.081433296203613,73.80581665039062
2017-09-13,5.843185901641846,5.071763038635254,73.80581665039062
2017-09-14,5.843185901641846,5.076597690582275,73.7896728515625
2017-09-15,5.849795818328857,5.086267948150635,73.7896728515625
2017-09-18,5.863015651702881,5.066928386688232,73.7896728515625
2017-09-19,5.882845401763916,5.081433296203613,73.8219985961914
2017-09-20,5.882845401763916,5.076597690582275,73.8219985961914
2017-09-21,5.8762359619140625,5.095937252044678,73.8219985961914
2017-09-22,5.869626522064209,5.086267948150635,73.8219985961914
2017-09-25,5.843185901641846,5.100772380828857,73.8219985961914
2017-09-26,5.8233561515808105,5.091102600097656,73.8219985961914
2017-09-27,5.810135841369629,5.081433296203613,73.8219985961914
2017-09-28,5.816745758056641,5.100772380828857,73.80581665039062
2017-09-29,5.816745758056641,5.086267948150635,73.83815002441406
2017-10-02,5.810135841369629,5.105606555938721,73.84133911132812
2017-10-03,5.843185901641846,5.110442161560059,73.84133911132812
2017-10-04,5.849795818328857,5.124946594238281,73.82522583007812
2017-10-05,5.849795818328857,5.12011194229126,73.84133911132812
2017-10-06,5.829966068267822,5.124946594238281,73.82522583007812
2017-10-09,5.843185901641846,5.129781723022461,73.82522583007812
2017-10-10,5.8762359619140625,5.153955936431885,73.82522583007812
2017-10-11,5.902675628662109,5.153955936431885,73.82522583007812
2017-10-12,5.889455795288086,5.144286155700684,73.85749816894531
2017-10-13,5.896064758300781,5.144286155700684,73.85749816894531
2017-10-16,5.922504901885986,5.173295497894287,73.84133911132812
2017-10-17,5.909284591674805,5.178129196166992,73.85749816894531
2017-10-18,5.93572473526001,5.216808319091797,73.85749816894531
2017-10-19,5.922504901885986,5.211974620819092,73.85749816894531
2017-10-20,5.94894552230835,5.202304840087891,73.8736801147461
2017-10-23,5.922504901885986,5.216808319091797,73.85749816894531
2017-10-24,5.94894552230835,5.231313705444336,73.88983154296875
2017-10-25,5.94894552230835,5.25065279006958,73.88983154296875
2017-10-26,5.955554485321045,5.269991874694824,73.88983154296875
2017-10-27,5.975384712219238,5.289331912994385,73.88983154296875
2017-10-30,5.962165355682373,5.279662132263184,73.8736801147461
2017-10-31,5.995213508605957,5.245818138122559,73.88983154296875
2017-11-01,6.028264045715332,5.328010082244873,73.89786529541016
2017-11-02,6.001824378967285,5.303836822509766,73.88176727294922
2017-11-03,6.015045166015625,5.294166564941406,73.88176727294922
2017-11-06,6.034873962402344,5.303836822509766,73.89786529541016
2017-11-07,6.034873962402344,5.31834077835083,73.89786529541016
2017-11-08,6.028264045715332,5.328010082244873,73.89786529541016
2017-11-09,6.008434295654297,5.313506603240967,73.88176727294922
2017-11-10,5.995213508605957,5.2990007400512695,73.89786529541016
2017-11-13,6.001824378967285,5.294166564941406,73.89786529541016
2017-11-14,5.98860502243042,5.313506603240967,73.89786529541016
2017-11-15,5.955554485321045,5.269991874694824,73.89786529541016
2017-11-16,5.98860502243042,5.284497261047363,73.91403198242188
2017-11-17,6.008434295654297,5.260322570800781,73.89786529541016
2017-11-20,6.02165412902832,5.25065279006958,73.91403198242188
2017-11-21,6.067923545837402,5.269991874694824,73.93025970458984
2017-11-22,6.048093795776367,5.269991874694824,73.93025970458984
2017-11-24,6.087753772735596,5.279662132263184,73.91403198242188
2017-11-27,6.041484355926514,5.269991874694824,73.91403198242188
2017-11-28,6.061313629150391,5.274827003479004,73.94640350341797
2017-11-29,6.041484355926514,5.294166564941406,73.93025970458984
2017-11-30,6.081142902374268,5.313506603240967,73.93025970458984
2017-12-01,6.081142902374268,5.313506603240967,73.93507385253906
2017-12-04,6.067923545837402,5.332845211029053,73.94315338134766
2017-12-05,6.041484355926514,5.342514991760254,73.95122528076172
2017-12-06,5.98199462890625,5.289331912994385,73.94315338134766
2017-12-07,6.048093795776367,5.332845211029053,73.95122528076172
2017-12-08,6.074533462524414,5.361854553222656,73.9593505859375
2017-12-11,6.094363689422607,5.357019901275635,73.95122528076172
2017-12-12,6.061313629150391,5.342514991760254,73.9593505859375
2017-12-13,6.028264045715332,5.337680339813232,73.95122528076172
2017-12-14,6.028264045715332,5.361854553222656,73.9593505859375
2017-12-15,6.048093795776367,5.357019901275635,73.9673843383789
2017-12-18,6.074533462524414,5.376358985900879,73.9754867553711
2017-12-19,6.067923545837402,5.405368328094482,73.97715759277344
2017-12-20,6.067923545837402,5.460229873657227,73.97715759277344
2017-12-21,6.074533462524414,5.387770652770996,73.97715759277344
2017-12-22,6.074533462524414,5.392946720123291,73.99330139160156
2017-12-26,6.114193916320801,5.392946720123291,73.98523712158203
2017-12-27,6.100973129272461,5.387770652770996,74.00143432617188
2017-12-28,6.100973129272461,5.387770652770996,74.00143432617188
2017-12-29,6.100973129272461,5.377419948577881,73.98523712158203
2018-01-02,6.100973129272461,5.377419948577881,73.99330139160156
2018-01-03,6.147243499755859,5.398122310638428,74.00950622558594
2018-01-04,6.193512439727783,5.42917537689209,74.017578125
2018-01-05,6.206732749938965,5.465404510498047,74.017578125
2018-01-08,6.200123310089111,5.455053329467773,74.02571105957031
2018-01-09,6.193512439727783,5.486107349395752,74.02571105957031
2018-01-10,6.173682689666748,5.455053329467773,74.02571105957031
2018-01-11,6.193512439727783,5.4240007400512695,74.017578125
2018-01-12,6.266221523284912,5.444702625274658,74.0418472290039
2018-01-16,6.2794413566589355,5.4912824630737305,74.02571105957031
2018-01-17,6.292662620544434,5.501634120941162,74.0418472290039
2018-01-18,6.292662620544434,5.501634120941162,74.0418472290039
2018-01-19,6.305881500244141,5.4912824630737305,74.04999542236328
2018-01-22,6.338931560516357,5.480931758880615,74.05805969238281
2018-01-23,6.352150917053223,5.480931758880615,74.05805969238281
2018-01-24,6.405030727386475,5.465404510498047,74.06617736816406
2018-01-25,6.391811370849609,5.455053329467773,74.06617736816406
2018-01-26,6.42486047744751,5.506809234619141,74.08235168457031
2018-01-29,6.371981143951416,5.522336483001709,74.06617736816406
2018-01-30,6.299271583557129,5.486107349395752,74.07428741455078
2018-01-31,6.338931560516357,5.465404510498047,74.08235168457031
2018-02-01,6.3852009773254395,5.517160415649414,74.07911682128906
2018-02-02,6.286051273345947,5.506809234619141,74.08719635009766
2018-02-05,6.120803356170654,5.4757561683654785,74.07911682128906
2018-02-06,6.061313629150391,5.470580101013184,74.08719635009766
2018-02-07,5.98860502243042,5.434351444244385,74.0953140258789
2018-02-08,5.929115295410156,5.4240007400512695,74.08719635009766
2018-02-09,5.863015651702881,5.418824672698975,74.1033935546875
2018-02-12,5.909284591674805,5.377419948577881,74.1033935546875
2018-02-13,5.922504901885986,5.377419948577881,74.1033935546875
2018-02-14,6.048093795776367,5.382595539093018,74.1033935546875
2018-02-15,6.087753772735596,5.346366882324219,74.11148834228516
2018-02-16,6.074533462524414,5.341191291809082,74.11962890625
2018-02-20,6.034873962402344,5.356717109680176,74.11962890625
2018-02-21,6.041484355926514,5.361893653869629,74.11148834228516
2018-02-22,6.048093795776367,5.341191291809082,74.11962890625
2018-02-23,6.048093795776367,5.372244358062744,74.13585662841797
2018-02-26,6.061313629150391,5.398122310638428,74.11962890625
2018-02-27,6.034873962402344,5.392946720123291,74.13585662841797
2018-02-28,5.968774318695068,5.356717109680176,74.1439437866211
2018-03-01,5.915895462036133,5.320488452911377,74.1512222290039
2018-03-02,5.955554485321045,5.29978609085083,74.15933227539062
2018-03-05,5.975384712219238,5.268733024597168,74.15933227539062
2018-03-06,6.008434295654297,5.289435386657715,74.15933227539062
2018-03-07,5.98199462890625,5.273908615112305,74.15933227539062
2018-03-08,5.94233512878418,5.273908615112305,74.1512222290039
2018-03-09,5.98860502243042,5.325664520263672,74.1674575805664
2018-03-12,5.98199462890625,5.304962158203125,74.175537109375
2018-03-13,5.98860502243042,5.310137748718262,74.175537109375
2018-03-14,5.962165355682373,5.29978609085083,74.175537109375
2018-03-15,5.955554485321045,5.310137748718262,74.1674575805664
2018-03-16,5.968774318695068,5.325664520263672,74.18370819091797
2018-03-19,5.94894552230835,5.351541996002197,74.18370819091797
2018-03-20,5.968774318695068,5.392946720123291,74.175537109375
2018-03-21,6.02165412902832,5.413649082183838,74.19174194335938
2018-03-22,5.968774318695068,5.398122310638428,74.19984436035156
2018-03-23,5.98199462890625,5.341191291809082,74.20801544189453
2018-03-26,6.02165412902832,5.408473014831543,74.19984436035156
2018-03-27,5.968774318695068,5.398122310638428,74.21612548828125
2018-03-28,5.902675628662109,5.413649082183838,74.22419738769531
2018-03-29,5.909284591674805,5.413649082183838,74.24043273925781
2018-04-02,5.889455795288086,5.387770652770996,74.23635864257812
2018-04-03,5.902675628662109,5.4240007400512695,74.22821044921875
2018-04-04,5.896064758300781,5.434351444244385,74.2445068359375
2018-04-05,5.869626522064209,5.387770652770996,74.25262451171875
2018-04-06,5.856406211853027,5.392946720123291,74.25262451171875
2018-04-09,5.889455795288086,5.413649082183838,74.26070404052734
2018-04-10,5.929115295410156,5.43952751159668,74.25262451171875
2018-04-11,5.968774318695068,5.43952751159668,74.26888275146484
2018-04-12,5.968774318695068,5.465404510498047,74.26888275146484
2018-04-13,5.975384712219238,5.470580101013184,74.26888275146484
2018-04-16,5.968774318695068,5.465404510498047,74.28507232666016
2018-04-17,5.955554485321045,5.449877738952637,74.28507232666016
2018-04-18,5.975384712219238,5.455053329467773,74.2769546508789
2018-04-19,5.975384712219238,5.455053329467773,74.29320526123047
2018-04-20,5.94894552230835,5.408473014831543,74.29320526123047
2018-04-23,5.929115295410156,5.398122310638428,74.29320526123047
2018-04-24,5.922504901885986,5.408473014831543,74.30134582519531
2018-04-25,5.922504901885986,5.408473014831543,74.30943298339844
2018-04-26,5.909284591674805,5.387770652770996,74.3176040649414
2018-04-27,5.882845401763916,5.382595539093018,74.32568359375
2018-04-30,5.869626522064209,5.377419948577881,74.3176040649414
2018-05-01,5.843185901641846,5.356717109680176,74.32323455810547
2018-05-02,5.836575984954834,5.304962158203125,74.33139038085938
2018-05-03,5.829966068267822,5.279083728790283,74.33139038085938
2018-05-04,5.836575984954834,5.242855072021484,74.34762573242188
2018-05-07,5.856406211853027,5.201450824737549,74.34762573242188
2018-05-08,5.843185901641846,5.201450824737549,74.35578155517578
2018-05-09,5.889455795288086,5.201450824737549,74.35578155517578
2018-05-10,5.882845401763916,5.196275234222412,74.35578155517578
2018-05-11,5.882845401763916,5.211801052093506,74.35578155517578
2018-05-14,5.896064758300781,5.2532057762146,74.35578155517578
2018-05-15,5.93572473526001,5.2532057762146,74.37200164794922
2018-05-16,5.94233512878418,5.2532057762146,74.38015747070312
2018-05-17,5.955554485321045,5.2532057762146,74.38015747070312
2018-05-18,5.929115295410156,5.237679958343506,74.3883056640625
2018-05-21,5.94894552230835,5.279083728790283,74.3883056640625
2018-05-22,5.955554485321045,5.268733024597168,74.3883056640625
2018-05-23,5.889455795288086,5.2532057762146,74.39640808105469
2018-05-24,5.869626522064209,5.227329254150391,74.41265106201172
2018-05-25,5.8233561515808105,5.191099166870117,74.42076873779297
2018-05-29,5.69776725769043,5.154870510101318,74.42076873779297
2018-05-30,5.7374267578125,5.14969539642334,74.41265106201172
2018-05-31,5.717596054077148,5.139344215393066,74.428955078125
2018-06-01,5.757256031036377,5.154870510101318,74.43379211425781
2018-06-04,5.757256031036377,5.185924530029297,74.44197082519531
2018-06-05,5.763866901397705,5.180748462677002,74.44197082519531
2018-06-06,5.7374267578125,5.180748462677002,74.43379211425781
2018-06-07,5.717596054077148,5.196275234222412,74.44197082519531
2018-06-08,5.7374267578125,5.165221214294434,74.4582290649414
2018-06-11,5.717596054077148,5.134167671203613,74.46633911132812
2018-06-12,5.72420597076416,5.092763423919678,74.46633911132812
2018-06-13,5.744036674499512,5.087587833404541,74.4582290649414
2018-06-14,5.783696174621582,5.0306572914123535,74.4826431274414
2018-06-15,5.7374267578125,5.0410075187683105,74.4826431274414
2018-06-18,5.744036674499512,5.020305633544922,74.4744873046875
2018-06-19,5.730816841125488,4.984076499938965,74.49077606201172
2018-06-20,5.750645637512207,4.953023433685303,74.4826431274414
2018-06-21,5.72420597076416,4.963374614715576,74.49077606201172
2018-06-22,5.744036674499512,4.937496662139893,74.49893951416016
2018-06-25,5.677937030792236,4.942672252655029,74.51519775390625
2018-06-26,5.717596054077148,4.963374614715576,74.50711059570312
2018-06-27,5.744036674499512,4.958198547363281,74.5233154296875
2018-06-28,5.757256031036377,4.973725318908691,74.5233154296875
2018-06-29,5.757256031036377,4.97890043258667,74.53962707519531
2018-07-02,5.790306568145752,4.973725318908691,74.52900695800781
2018-07-03,5.750645637512207,4.947847366333008,74.54531860351562
2018-07-05,5.757256031036377,4.958198547363281,74.54531860351562
2018-07-06,5.744036674499512,4.947847366333008,74.56163024902344
2018-07-09,5.783696174621582,4.963374614715576,74.56163024902344
2018-07-10,5.790306568145752,4.968550205230713,74.56975555419922
2018-07-11,5.77708625793457,4.942672252655029,74.56975555419922
2018-07-12,5.796916484832764,4.958198547363281,74.56975555419922
2018-07-13,5.810135841369629,4.97890043258667,74.57792663574219
2018-07-16,5.744036674499512,4.973725318908691,74.58609008789062
2018-07-17,5.790306568145752,4.984076499938965,74.58609008789062
2018-07-18,5.810135841369629,4.999602794647217,74.59423065185547
2018-07-19,5.836575984954834,4.973725318908691,74.60237884521484
2018-07-20,5.763866901397705,4.973725318908691,74.61054229736328
2018-07-23,5.790306568145752,4.963374614715576,74.60237884521484
2018-07-24,5.783696174621582,4.984076499938965,74.61865997314453
2018-07-25,5.750645637512207,5.009954929351807,74.61054229736328
2018-07-26,5.803525924682617,4.994427680969238,74.61865997314453
2018-07-27,5.757256031036377,4.98925256729126,74.63497924804688
2018-07-30,5.717596054077148,4.973725318908691,74.62678527832031
2018-07-31,5.717596054077148,4.97890043258667,74.64313507080078
2018-08-01,5.7043776512146,4.98925256729126,74.64720153808594
2018-08-02,5.763866901397705,4.958198547363281,74.65540313720703
2018-08-03,5.763866901397705,4.958198547363281,74.65540313720703
2018-08-06,5.816745758056641,4.968550205230713,74.66351318359375
2018-08-07,5.816745758056641,4.994427680969238,74.67171478271484
2018-08-08,5.783696174621582,4.98925256729126,74.66351318359375
2018-08-09,5.810135841369629,4.973725318908691,74.67171478271484
2018-08-10,5.863015651702881,4.968550205230713,74.68803405761719
2018-08-13,5.902675628662109,4.963374614715576,74.69619750976562
2018-08-14,5.915895462036133,4.994427680969238,74.67980194091797
2018-08-15,5.889455795288086,4.98925256729126,74.69619750976562
2018-08-16,5.902675628662109,4.97890043258667,74.69619750976562
2018-08-17,5.902675628662109,4.994427680969238,74.7043685913086
2018-08-20,5.863015651702881,4.973725318908691,74.7043685913086
2018-08-21,5.829966068267822,4.947847366333008,74.7125015258789
2018-08-22,5.829966068267822,4.958198547363281,74.7125015258789
2018-08-23,5.882845401763916,4.963374614715576,74.73699188232422
2018-08-24,5.863015651702881,4.942672252655029,74.73699188232422
2018-08-27,5.843185901641846,4.927145004272461,74.74516296386719
2018-08-28,5.863015651702881,4.932321071624756,74.74516296386719
2018-08-29,5.869626522064209,4.937496662139893,74.73699188232422
2018-08-30,5.929115295410156,4.947847366333008,74.76964569091797
2018-08-31,5.93572473526001,4.932321071624756,74.76146697998047
2018-09-04,5.962165355682373,4.921969890594482,74.76800537109375
2018-09-05,5.922504901885986,4.911618232727051,74.75984954833984
2018-09-06,5.902675628662109,4.896091938018799,74.77617645263672
2018-09-07,5.94233512878418,4.890915870666504,74.79254150390625
2018-09-10,5.929115295410156,4.896091938018799,74.79254150390625
2018-09-11,5.98860502243042,4.890915870666504,74.80072021484375
2018-09-12,5.955554485321045,4.875389575958252,74.80072021484375
2018-09-13,5.929115295410156,4.880565166473389,74.80072021484375
2018-09-14,5.968774318695068,4.896091938018799,74.80890655517578
2018-09-17,5.94894552230835,4.870213985443115,74.82524108886719
2018-09-18,5.962165355682373,4.885740280151367,74.82524108886719
2018-09-19,5.93572473526001,4.885740280151367,74.82524108886719
2018-09-20,5.896064758300781,4.870213985443115,74.8415756225586
2018-09-21,5.863015651702881,4.870213985443115,74.8415756225586
2018-09-24,5.902675628662109,4.906442165374756,74.84974670410156
2018-09-25,5.915895462036133,4.916794300079346,74.84974670410156
2018-09-26,5.8762359619140625,4.927145004272461,74.84974670410156
2018-09-27,5.902675628662109,4.932321071624756,74.86614990234375
2018-09-28,5.915895462036133,4.999602794647217,74.86614990234375
2018-10-01,5.955554485321045,4.999602794647217,74.87104034423828
2018-10-02,5.93572473526001,4.994427680969238,74.87923431396484
2018-10-03,6.034873962402344,4.994427680969238,74.87923431396484
2018-10-04,6.041484355926514,4.98925256729126,74.89559173583984
2018-10-05,6.048093795776367,5.025481224060059,74.90381622314453
2018-10-08,6.041484355926514,5.015130043029785,74.90381622314453
2018-10-09,6.015045166015625,4.994427680969238,74.89559173583984
2018-10-10,5.962165355682373,4.999602794647217,74.91197967529297
2018-10-11,5.816745758056641,4.890915870666504,74.92013549804688
2018-10-12,5.8233561515808105,4.906442165374756,74.92013549804688
2018-10-15,5.796916484832764,4.875389575958252,74.92835235595703
2018-10-16,5.810135841369629,4.890915870666504,74.9365463256836
2018-10-17,5.816745758056641,4.901267051696777,74.9365463256836
2018-10-18,5.816745758056641,4.906442165374756,74.9365463256836
2018-10-19,5.816745758056641,4.86503791809082,74.94473266601562
2018-10-22,5.810135841369629,4.875389575958252,74.96106719970703
2018-10-23,5.796916484832764,4.844336032867432,74.96106719970703
2018-10-24,5.790306568145752,4.84951114654541,74.96926879882812
2018-10-25,5.790306568145752,4.828808784484863,74.97747039794922
2018-10-26,5.783696174621582,4.875389575958252,74.98567199707031
2018-10-29,5.763866901397705,4.896091938018799,74.98567199707031
2018-10-30,5.763866901397705,4.911618232727051,74.98567199707031
2018-10-31,5.763866901397705,4.84951114654541,74.99385070800781
2018-11-01,5.651497840881348,4.80293083190918,75.01023864746094
2018-11-02,5.638277530670166,4.80293083190918,75.01023864746094
2018-11-05,5.658107757568359,4.828808784484863,75.01844787597656
2018-11-06,5.658107757568359,4.85986328125,75.01844787597656
2018-11-07,5.6316680908203125,4.86503791809082,75.02667999267578
2018-11-08,5.644887447357178,4.906442165374756,75.03485107421875
2018-11-09,5.658107757568359,4.947847366333008,75.05125427246094
2018-11-12,5.69115686416626,4.973725318908691,75.04307556152344
2018-11-13,5.644887447357178,4.911618232727051,75.05125427246094
2018-11-14,5.677937030792236,4.896091938018799,75.04307556152344
2018-11-15,5.611837863922119,4.844336032867432,75.06768035888672
2018-11-16,5.565568447113037,4.839160442352295,75.07587432861328
2018-11-19,5.585397720336914,4.808106899261475,75.06768035888672
2018-11-20,5.618447780609131,4.808106899261475,75.08405303955078
2018-11-21,5.592008113861084,4.771878719329834,75.10047149658203
2018-11-23,5.592008113861084,4.80293083190918,75.10047149658203
2018-11-26,5.585397720336914,4.766702651977539,75.10869598388672
2018-11-27,5.592008113861084,4.782228946685791,75.10869598388672
2018-11-28,5.5523481369018555,4.766702651977539,75.1168441772461
2018-11-29,5.539128303527832,4.761527061462402,75.12503814697266
2018-11-30,5.5523481369018555,4.787404537200928,75.1332778930664
2018-12-03,5.486248970031738,4.740824222564697,75.13081359863281
2018-12-04,5.492859363555908,4.720122337341309,75.13900756835938
2018-12-06,5.5523481369018555,4.704595565795898,75.15547180175781
2018-12-07,5.506078720092773,4.663191318511963,75.16368865966797
2018-12-10,5.578787803649902,4.663191318511963,75.17189025878906
2018-12-11,5.572178363800049,4.6683669090271,75.16368865966797
2018-12-12,5.512689113616943,4.709771156311035,75.18013763427734
2018-12-13,5.519299507141113,4.720122337341309,75.18833923339844
2018-12-14,5.5523481369018555,4.720122337341309,75.19654846191406
2018-12-17,5.539128303527832,4.714946746826172,75.20475006103516
2018-12-18,5.572178363800049,4.730473518371582,75.20475006103516
2018-12-19,5.5523481369018555,4.7184553146362305,75.196533203125
2018-12-20,5.565568447113037,4.697554111480713,75.21297454833984
2018-12-21,5.605227470397949,4.734131336212158,75.22943115234375
2018-12-24,5.605227470397949,4.734131336212158,75.23770141601562
2018-12-26,5.605227470397949,4.708004951477051,75.22943115234375
2018-12-27,5.598618030548096,4.728906154632568,75.2541275024414
2018-12-28,5.578787803649902,4.728906154632568,75.26235961914062
2018-12-31,5.558958530426025,4.713230609893799,75.27059173583984
2019-01-02,5.598618030548096,4.739356994628906,75.26235961914062
2019-01-03,5.605227470397949,4.734131336212158,75.28705596923828
2019-01-04,5.545738697052002,4.749806880950928,75.29528045654297
2019-01-07,5.499468803405762,4.681878089904785,75.29528045654297
2019-01-08,5.479639053344727,4.676652431488037,75.29528045654297
2019-01-09,5.426760196685791,4.666202068328857,75.29528045654297
2019-01-10,5.44658899307251,4.697554111480713,75.30352020263672
2019-01-11,5.44658899307251,4.734131336212158,75.31995391845703
2019-01-14,5.466419696807861,4.749806880950928,75.3117446899414
2019-01-15,5.45319938659668,4.775934219360352,75.32819366455078
2019-01-16,5.439979076385498,4.760257244110107,75.33645629882812
2019-01-17,5.420149803161621,4.775934219360352,75.35289001464844
2019-01-18,5.380490303039551,4.786384582519531,75.35289001464844
2019-01-22,5.413539886474609,4.791609764099121,75.36112976074219
2019-01-23,5.420149803161621,4.838637351989746,75.36112976074219
2019-01-24,5.439979076385498,4.843862533569336,75.38577270507812
2019-01-25,5.413539886474609,4.822961807250977,75.37757110595703
2019-01-28,5.4333696365356445,4.786384582519531,75.38577270507812
2019-01-29,5.420149803161621,4.796834468841553,75.38577270507812
2019-01-30,5.406929969787598,4.802060604095459,75.40226745605469
2019-01-31,5.426760196685791,4.765482425689697,75.40226745605469
2019-02-01,5.413539886474609,4.755032539367676,75.40966796875
2019-02-04,5.400319576263428,4.744581699371338,75.4179458618164
2019-02-05,5.406929969787598,4.760257244110107,75.4179458618164
2019-02-06,5.413539886474609,4.786384582519531,75.43443298339844
2019-02-07,5.45319938659668,4.781158924102783,75.43443298339844
2019-02-08,5.473028659820557,4.796834468841553,75.4509506225586
2019-02-11,5.466419696807861,4.796834468841553,75.44268035888672
2019-02-12,5.426760196685791,4.775934219360352,75.45915985107422
2019-02-13,5.426760196685791,4.770709037780762,75.45915985107422
2019-02-14,5.439979076385498,4.781158924102783,75.47563934326172
2019-02-15,5.426760196685791,4.822961807250977,75.47563934326172
2019-02-19,5.4333696365356445,4.802060604095459,75.4921646118164
2019-02-20,5.4333696365356445,4.807285308837891,75.4921646118164
2019-02-21,5.413539886474609,4.817736625671387,75.50040435791016
2019-02-22,5.44658899307251,4.817736625671387,75.51689910888672
2019-02-25,5.44658899307251,4.781158924102783,75.50863647460938
2019-02-26,5.44658899307251,4.791609764099121,75.51689910888672
2019-02-27,5.420149803161621,4.786384582519531,75.52513122558594
2019-02-28,5.413539886474609,4.765482425689697,75.54163360595703
2019-03-01,5.406929969787598,4.734131336212158,75.5499038696289
2019-03-04,5.420149803161621,4.708004951477051,75.5416259765625
2019-03-05,5.420149803161621,4.723681449890137,75.5499038696289
2019-03-06,5.45980978012085,4.739356994628906,75.5581283569336
2019-03-07,5.519299507141113,4.770709037780762,75.5746841430664
2019-03-08,5.492859363555908,4.765482425689697,75.58294677734375
2019-03-11,5.512689113616943,4.770709037780762,75.58294677734375
2019-03-12,5.492859363555908,4.749806880950928,75.5912094116211
2019-03-13,5.506078720092773,4.770709037780762,75.59947967529297
2019-03-14,5.525908946990967,4.802060604095459,75.59947967529297
2019-03-15,5.519299507141113,4.781158924102783,75.60771179199219
2019-03-18,5.53251838684082,4.781158924102783,75.6159439086914
2019-03-19,5.539128303527832,4.796834468841553,75.6159439086914
2019-03-20,5.506078720092773,4.734131336212158,75.6159439086914
2019-03-21,5.53251838684082,4.708004951477051,75.64078521728516
2019-03-22,5.545738697052002,4.723681449890137,75.64078521728516
2019-03-25,5.545738697052002,4.702779293060303,75.64078521728516
2019-03-26,5.565568447113037,4.692328453063965,75.64903259277344
2019-03-27,5.585397720336914,4.708004951477051,75.65727996826172
2019-03-28,5.585397720336914,4.697554111480713,75.67381286621094
2019-03-29,5.598618030548096,4.702779293060303,75.67381286621094
2019-04-01,5.598618030548096,4.728906154632568,75.6870346069336
2019-04-02,5.625057697296143,4.728906154632568,75.67874145507812
2019-04-03,5.598618030548096,4.728906154632568,75.6870346069336
2019-04-04,5.592008113861084,4.7184553146362305,75.7118911743164
2019-04-05,5.605227470397949,4.697554111480713,75.7118911743164
2019-04-08,5.611837863922119,4.708004951477051,75.7118911743164
2019-04-09,5.598618030548096,4.708004951477051,75.72017669677734
2019-04-10,5.611837863922119,4.702779293060303,75.72017669677734
2019-04-11,5.611837863922119,4.702779293060303,75.74497985839844
2019-04-12,5.592008113861084,4.666202068328857,75.74497985839844
2019-04-15,5.592008113861084,4.650526523590088,75.7532730102539
2019-04-16,5.618447780609131,4.640076160430908,75.7532730102539
2019-04-17,5.618447780609131,4.598273277282715,75.76985168457031
2019-04-18,5.644887447357178,4.613948822021484,75.77811431884766
2019-04-22,5.651497840881348,4.613948822021484,75.77811431884766
2019-04-23,5.677937030792236,4.6557512283325195,75.77811431884766
2019-04-24,5.72420597076416,4.660977363586426,75.79464721679688
2019-04-25,5.69776725769043,4.728906154632568,75.81121826171875
2019-04-26,5.7043776512146,4.692328453063965,75.80293273925781
2019-04-29,5.717596054077148,4.687103271484375,75.81121826171875
2019-04-30,5.72420597076416,4.687103271484375,75.8194808959961
2019-05-01,5.710986614227295,4.713230609893799,75.82279205322266
2019-05-02,5.69115686416626,4.702779293060303,75.83108520507812
2019-05-03,5.710986614227295,4.671427249908447,75.83938598632812
2019-05-06,5.7043776512146,4.671427249908447,75.84764862060547
2019-05-07,5.6845479011535645,4.619174480438232,75.8559799194336
2019-05-08,5.671327114105225,4.608723163604736,75.8559799194336
2019-05-09,5.651497840881348,4.587822437286377,75.86427307128906
2019-05-10,5.664717197418213,4.572146892547607,75.88087463378906
2019-05-13,5.638277530670166,4.5616960525512695,75.87259674072266
2019-05-14,5.6316680908203125,4.572146892547607,75.88087463378906
2019-05-15,5.671327114105225,4.566921234130859,75.88914489746094
2019-05-16,5.7043776512146,4.613948822021484,75.89744567871094
2019-05-17,5.72420597076416,4.619174480438232,75.90572357177734
2019-05-20,5.6845479011535645,4.6557512283325195,75.9140396118164
2019-05-21,5.69115686416626,4.650526523590088,75.9140396118164
2019-05-22,5.69776725769043,4.650526523590088,75.93061828613281
2019-05-23,5.69115686416626,4.603498458862305,75.94718933105469
2019-05-24,5.671327114105225,4.619174480438232,75.94718933105469
2019-05-28,5.677937030792236,4.613948822021484,75.95548248291016
2019-05-29,5.651497840881348,4.603498458862305,75.95548248291016
2019-05-30,5.592008113861084,4.582597732543945,75.9803695678711
2019-05-31,5.638277530670166,4.5460205078125,75.9803695678711
2019-06-03,5.6316680908203125,4.504217624664307,75.97703552246094
2019-06-04,5.6316680908203125,4.519893169403076,75.99363708496094
2019-06-05,5.664717197418213,4.525118827819824,75.99363708496094
2019-06-06,5.651497840881348,4.509443283081055,76.01862335205078
2019-06-07,5.6845479011535645,4.525118827819824,76.01028442382812
2019-06-10,5.671327114105225,4.530343532562256,76.02692413330078
2019-06-11,5.658107757568359,4.5460205078125,76.01862335205078
2019-06-12,5.677937030792236,4.587822437286377,76.02692413330078
2019-06-13,5.69776725769043,4.55647087097168,76.05181884765625
2019-06-14,5.710986614227295,4.572146892547607,76.06014251708984
2019-06-17,5.710986614227295,4.535569667816162,76.06014251708984
2019-06-18,5.750645637512207,4.535569667816162,76.06014251708984
2019-06-19,5.750645637512207,4.55124568939209,76.07676696777344
2019-06-20,5.757256031036377,4.509443283081055,76.08504486083984
2019-06-21,5.717596054077148,4.5146684646606445,76.08504486083984
2019-06-24,5.717596054077148,4.5146684646606445,76.09336853027344
2019-06-25,5.710986614227295,4.504217624664307,76.09336853027344
2019-06-26,5.671327114105225,4.478090763092041,76.10997772216797
2019-06-27,5.677937030792236,4.4624152183532715,76.10997772216797
2019-06-28,5.6845479011535645,4.467640399932861,76.11829376220703
2019-07-01,5.717596054077148,4.472866058349609,76.11412811279297
2019-07-02,5.796916484832764,4.483316421508789,76.12248992919922
2019-07-03,5.796916484832764,4.483316421508789,76.14745330810547
2019-07-05,5.77708625793457,4.493767738342285,76.13912963867188
2019-07-08,5.77708625793457,4.478090763092041,76.13912963867188
2019-07-09,5.763866901397705,4.488541603088379,76.14745330810547
2019-07-10,5.7374267578125,4.451964378356934,76.15575408935547
2019-07-11,5.710986614227295,4.483316421508789,76.17240142822266
2019-07-12,5.7043776512146,4.457189559936523,76.18075561523438
2019-07-15,5.730816841125488,4.457189559936523,76.18075561523438
2019-07-16,5.770476341247559,4.467640399932861,76.18904876708984
2019-07-17,5.796916484832764,4.488541603088379,76.18904876708984
2019-07-18,5.829966068267822,4.504217624664307,76.21402740478516
2019-07-19,5.810135841369629,4.478090763092041,76.21402740478516
2019-07-22,5.8233561515808105,4.488541603088379,76.21402740478516
2019-07-23,5.836575984954834,4.483316421508789,76.20569610595703
2019-07-24,5.869626522064209,4.472866058349609,76.22234344482422
2019-07-25,5.843185901641846,4.504217624664307,76.23899841308594
2019-07-26,5.869626522064209,4.493767738342285,76.23065185546875
2019-07-29,5.909284591674805,4.493767738342285,76.247314453125
2019-07-30,5.889455795288086,4.457189559936523,76.247314453125
2019-07-31,5.869626522064209,4.457189559936523,76.2556381225586
2019-08-01,5.968774318695068,4.441513538360596,76.2765121459961
2019-08-02,5.98199462890625,4.425837993621826,76.2765121459961
2019-08-05,5.98860502243042,4.399712085723877,76.26815795898438
2019-08-06,5.98199462890625,4.3474578857421875,76.2765121459961
2019-08-07,6.087753772735596,4.357908725738525,76.29318237304688
2019-08-08,6.074533462524414,4.368359565734863,76.30149841308594
2019-08-09,6.054703712463379,4.357908725738525,76.29318237304688
2019-08-12,6.087753772735596,4.357908725738525,76.30984497070312
2019-08-13,6.028264045715332,4.373584747314453,76.31816864013672
2019-08-14,6.081142902374268,4.363134384155273,76.30984497070312
2019-08-15,6.100973129272461,4.373584747314453,76.34319305419922
2019-08-16,6.081142902374268,4.394486427307129,76.3348617553711
2019-08-19,6.041484355926514,4.394486427307129,76.3348617553711
2019-08-20,6.054703712463379,4.384036064147949,76.34319305419922
2019-08-21,6.041484355926514,4.373584747314453,76.3348617553711
2019-08-22,6.02165412902832,4.394486427307129,76.35986328125
2019-08-23,6.081142902374268,4.373584747314453,76.35152435302734
2019-08-26,6.081142902374268,4.394486427307129,76.35986328125
2019-08-27,6.094363689422607,4.378809928894043,76.36820983886719
2019-08-28,6.094363689422607,4.363134384155273,76.35986328125
2019-08-29,6.081142902374268,4.373584747314453,76.37654113769531
2019-08-30,6.081142902374268,4.373584747314453,76.38487243652344
2019-09-03,6.160462856292725,4.394486427307129,76.39990997314453
2019-09-04,6.054703712463379,4.410161972045898,76.39154815673828
2019-09-05,5.962165355682373,4.425837993621826,76.39990997314453
2019-09-06,5.955554485321045,4.4153876304626465,76.40827178955078
2019-09-09,5.8762359619140625,4.4153876304626465,76.40827178955078
2019-09-10,5.836575984954834,4.425837993621826,76.42500305175781
2019-09-11,5.849795818328857,4.420612335205078,76.41661834716797
2019-09-12,5.783696174621582,4.4153876304626465,76.433349609375
2019-09-13,5.69776725769043,4.410161972045898,76.433349609375
2019-09-16,5.677937030792236,4.384036064147949,76.433349609375
2019-09-17,5.710986614227295,4.384036064147949,76.4416732788086
2019-09-18,5.744036674499512,4.394486427307129,76.4583969116211
2019-09-19,5.770476341247559,4.425837993621826,76.4583969116211
2019-09-20,5.796916484832764,4.441513538360596,76.4667739868164
2019-09-23,5.8233561515808105,4.441513538360596,76.48346710205078
2019-09-24,5.843185901641846,4.4624152183532715,76.48346710205078
2019-09-25,5.810135841369629,4.467640399932861,76.48346710205078
2019-09-26,5.836575984954834,4.493767738342285,76.50016784667969
2019-09-27,5.836575984954834,4.472866058349609,76.50016784667969
2019-09-30,5.816745758056641,4.493767738342285,76.5085220336914
2019-10-01,5.803525924682617,4.5146684646606445,76.50599670410156
2019-10-02,5.744036674499512,4.478090763092041,76.50599670410156
2019-10-03,5.757256031036377,4.441513538360596,76.5311050415039
2019-10-04,5.770476341247559,4.441513538360596,76.5311050415039
2019-10-07,5.77708625793457,4.472866058349609,76.53947448730469
2019-10-08,5.77708625793457,4.472866058349609,76.53947448730469
2019-10-09,5.763866901397705,4.467640399932861,76.53947448730469
2019-10-10,5.710986614227295,4.493767738342285,76.55619812011719
2019-10-11,5.618447780609131,4.5616960525512695,76.56458282470703
2019-10-14,5.651497840881348,4.519893169403076,76.55619812011719
2019-10-15,5.644887447357178,4.535569667816162,76.56458282470703
2019-10-16,5.651497840881348,4.535569667816162,76.57294464111328
2019-10-17,5.605227470397949,4.5146684646606445,76.58129119873047
2019-10-18,5.572178363800049,4.509443283081055,76.58129119873047
2019-10-21,5.565568447113037,4.504217624664307,76.58966827392578
2019-10-22,5.565568447113037,4.519893169403076,76.58966827392578
2019-10-23,5.565568447113037,4.530343532562256,76.58966827392578
2019-10-24,5.598618030548096,4.540794372558594,76.60638427734375
2019-10-25,5.598618030548096,4.5146684646606445,76.60638427734375
2019-10-28,5.572178363800049,4.519893169403076,76.59801483154297
2019-10-29,5.558958530426025,4.5146684646606445,76.6147689819336
2019-10-30,5.565568447113037,4.478090763092041,76.62312316894531
2019-10-31,5.611837863922119,4.467640399932861,76.6314926147461
2019-11-01,5.578787803649902,4.441513538360596,76.63064575195312
2019-11-04,5.572178363800049,4.431062698364258,76.63904571533203
2019-11-05,5.545738697052002,4.457189559936523,76.63064575195312
2019-11-06,5.572178363800049,4.4624152183532715,76.63904571533203
2019-11-07,5.53251838684082,4.431062698364258,76.65576934814453
2019-11-08,5.525908946990967,4.420612335205078,76.65576934814453
2019-11-11,5.519299507141113,4.4624152183532715,76.65576934814453
2019-11-12,5.545738697052002,4.467640399932861,76.6641616821289
2019-11-13,5.519299507141113,4.446739196777344,76.6641616821289
2019-11-14,5.539128303527832,4.451964378356934,76.67256164550781
2019-11-15,5.5523481369018555,4.467640399932861,76.6641616821289
2019-11-18,5.558958530426025,4.4624152183532715,76.68091583251953
2019-11-19,5.558958530426025,4.441513538360596,76.67256164550781
2019-11-20,5.539128303527832,4.404937267303467,76.68091583251953
2019-11-21,5.519299507141113,4.4153876304626465,76.68091583251953
2019-11-22,5.525908946990967,4.404937267303467,76.68929290771484
2019-11-25,5.565568447113037,4.410161972045898,76.68929290771484
2019-11-26,5.578787803649902,4.425837993621826,76.69769287109375
2019-11-27,5.592008113861084,4.457189559936523,76.71442413330078
2019-11-29,5.565568447113037,4.451964378356934,76.71442413330078
2019-12-02,5.53251838684082,4.425837993621826,76.72029113769531
2019-12-03,5.499468803405762,4.394486427307129,76.7119140625
2019-12-04,5.506078720092773,4.467640399932861,76.72029113769531
2019-12-05,5.512689113616943,4.498991966247559,76.7370834350586
2019-12-06,5.545738697052002,4.483316421508789,76.7370834350586
2019-12-09,5.545738697052002,4.488541603088379,76.74547576904297
2019-12-10,5.5523481369018555,4.478090763092041,76.74547576904297
2019-12-11,5.5523481369018555,4.483316421508789,76.74547576904297
2019-12-12,5.5523481369018555,4.472866058349609,76.76225280761719
2019-12-13,5.611837863922119,4.483316421508789,76.74547576904297
2019-12-16,5.625057697296143,4.498991966247559,76.76225280761719
2019-12-17,5.625057697296143,4.467640399932861,76.75387573242188
2019-12-18,5.625057697296143,4.451964378356934,76.77063751220703
2019-12-19,5.6316680908203125,4.4153876304626465,76.7790298461914
2019-12-20,5.625057697296143,4.431062698364258,76.78326416015625
2019-12-23,5.631875991821289,4.368429660797119,76.78326416015625
2019-12-24,5.645511627197266,4.341890335083008,76.79163360595703
2019-12-26,5.659148693084717,4.341890335083008,76.80004119873047
2019-12-27,5.686421871185303,4.352506160736084,76.79163360595703
2019-12-30,5.67278528213501,4.357814311981201,76.80004119873047
2019-12-31,5.6659674644470215,4.3259663581848145,76.80004119873047
2020-01-02,5.679603576660156,4.315350532531738,76.82524108886719
2020-01-03,5.686421871185303,4.310042381286621,76.82524108886719
2020-01-06,5.679603576660156,4.320658206939697,76.8167953491211
2020-01-07,5.686421871185303,4.315350532531738,76.8167953491211
2020-01-08,5.652329921722412,4.310042381286621,76.83364868164062
2020-01-09,5.67278528213501,4.288810729980469,76.84202575683594
2020-01-10,5.679603576660156,4.262270927429199,76.84202575683594
2020-01-13,5.679603576660156,4.2144999504089355,76.84202575683594
2020-01-14,5.693240165710449,4.187959671020508,76.84202575683594
2020-01-15,5.7000579833984375,4.1667280197143555,76.8504409790039
2020-01-16,5.727331638336182,4.198575496673584,76.86723327636719
2020-01-17,5.747786521911621,4.230423450469971,76.85882568359375
2020-01-21,5.727331638336182,4.288810729980469,76.86723327636719
2020-01-22,5.727331638336182,4.294118404388428,76.86723327636719
2020-01-23,5.686421871185303,4.272886753082275,76.87564849853516
2020-01-24,5.693240165710449,4.272886753082275,76.87564849853516
2020-01-27,5.631875991821289,4.278195381164551,76.88400268554688
2020-01-28,5.611420631408691,4.288810729980469,76.88400268554688
2020-01-29,5.618239402770996,4.294118404388428,76.89244079589844
2020-01-30,5.590966701507568,4.283502101898193,76.89244079589844
2020-01-31,5.563693046569824,4.267579555511475,76.89244079589844
2020-02-03,5.556874752044678,4.20919132232666,76.8991928100586
2020-02-04,5.556874752044678,4.187959671020508,76.8991928100586
2020-02-05,5.570511341094971,4.230423450469971,76.91600799560547
2020-02-06,5.611420631408691,4.23573112487793,76.92440032958984
2020-02-07,5.625057220458984,4.23573112487793,76.92440032958984
2020-02-10,5.659148693084717,4.230423450469971,76.91600799560547
2020-02-11,5.652329921722412,4.241039276123047,76.92440032958984
2020-02-12,5.652329921722412,4.230423450469971,76.93279266357422
2020-02-13,5.652329921722412,4.25696325302124,76.94122314453125
2020-02-14,5.659148693084717,4.283502101898193,76.94122314453125
2020-02-18,5.679603576660156,4.294118404388428,76.94963836669922
2020-02-19,5.7000579833984375,4.283502101898193,76.94963836669922
2020-02-20,5.747786521911621,4.246346950531006,76.94963836669922
2020-02-21,5.754604339599609,4.246346950531006,76.96644592285156
2020-02-24,5.73414945602417,4.20919132232666,76.95800018310547
2020-02-25,5.679603576660156,4.193268299102783,76.95800018310547
2020-02-26,5.679603576660156,4.198575496673584,76.974853515625
2020-02-27,5.597784519195557,4.20919132232666,76.99166107177734
2020-02-28,5.550057411193848,4.140188217163086,76.98328399658203
2020-03-02,5.570511341094971,4.092417240142822,77.00599670410156
2020-03-03,5.570511341094971,4.108340740203857,77.0228042602539
2020-03-04,5.625057220458984,4.172036170959473,77.0564956665039
2020-03-05,5.645511627197266,4.15080451965332,77.0733413696289
2020-03-06,5.720513820648193,4.145496845245361,77.0733413696289
2020-03-09,5.8432416915893555,4.145496845245361,77.10700988769531
2020-03-10,5.754604339599609,4.076493263244629,77.09017181396484
2020-03-11,5.775059223175049,4.108340740203857,77.10700988769531
2020-03-12,5.802331924438477,4.028722286224365,77.11544799804688
2020-03-13,5.73414945602417,4.039337635040283,77.13228607177734
2020-03-16,5.795514106750488,4.023414134979248,77.14068603515625
2020-03-17,5.8159685134887695,4.049953460693359,77.14068603515625
2020-03-18,5.884151458740234,4.087109088897705,77.1575698852539
2020-03-19,5.8159685134887695,4.0021820068359375,77.14068603515625
2020-03-20,5.870514869689941,3.911947727203369,77.16596984863281
2020-03-23,5.925060749053955,3.8694839477539062,77.14911651611328
2020-03-24,5.863696575164795,3.8800997734069824,77.14911651611328
2020-03-25,5.8296051025390625,3.8854079246520996,77.14911651611328
2020-03-26,5.8432416915893555,3.9013311862945557,77.14911651611328
2020-03-27,5.8296051025390625,3.9384872913360596,77.13228607177734
2020-03-30,5.877333164215088,3.9968748092651367,77.13228607177734
2020-03-31,5.850059509277344,3.975642442703247,77.14068603515625
2020-04-01,5.904605388641357,3.970335006713867,77.13394927978516
2020-04-02,5.897787570953369,3.959718704223633,77.14237976074219
2020-04-03,5.918242931365967,3.9544107913970947,77.11710357666016
2020-04-06,5.890969753265381,3.975642442703247,77.12549591064453
2020-04-07,5.8091511726379395,3.9915664196014404,77.10872650146484
2020-04-08,5.822786331176758,3.959718704223633,77.11710357666016
2020-04-09,5.822786331176758,3.9331793785095215,77.1002426147461
2020-04-13,5.822786331176758,3.8907153606414795,77.11710357666016
2020-04-14,5.8296051025390625,3.848252058029175,77.12549591064453
2020-04-15,5.877333164215088,3.800480365753174,77.11710357666016
2020-04-16,5.890969753265381,3.8217124938964844,77.10872650146484
2020-04-17,5.850059509277344,3.795172929763794,77.12549591064453
2020-04-20,5.8432416915893555,3.7633252143859863,77.11710357666016
2020-04-21,5.890969753265381,3.742093563079834,77.11710357666016
2020-04-22,5.884151458740234,3.747401714324951,77.11710357666016
2020-04-23,5.884151458740234,3.7633252143859863,77.12549591064453
2020-04-24,5.911424160003662,3.752709150314331,77.11710357666016
2020-04-27,5.884151458740234,3.7686331272125244,77.11710357666016
2020-04-28,5.884151458740234,3.784557342529297,77.11710357666016
2020-04-29,5.870514869689941,3.789865255355835,77.10872650146484
2020-04-30,5.836423873901367,3.742093563079834,77.12549591064453
2020-05-01,5.870514869689941,3.752709150314331,77.1120376586914
2020-05-04,5.897787570953369,3.7155537605285645,77.1120376586914
2020-05-05,5.870514869689941,3.694322109222412,77.1120376586914
2020-05-06,5.897787570953369,3.731477737426758,77.12052154541016
2020-05-07,5.904605388641357,3.7049379348754883,77.1120376586914
2020-05-08,5.884151458740234,3.7102458477020264,77.1120376586914
2020-05-11,5.870514869689941,3.7102458477020264,77.12052154541016
2020-05-12,5.890969753265381,3.694322109222412,77.12052154541016
2020-05-13,5.945516109466553,3.6783981323242188,77.12052154541016
2020-05-14,5.952333450317383,3.673090696334839,77.12889099121094
2020-05-15,5.979607582092285,3.6624746322631836,77.1120376586914
2020-05-18,5.884151458740234,3.651858329772949,77.1120376586914
2020-05-19,5.8432416915893555,3.646550416946411,77.1120376586914
2020-05-20,5.8432416915893555,3.641242742538452,77.1120376586914
2020-05-21,5.870514869689941,3.625319004058838,77.12052154541016
2020-05-22,5.904605388641357,3.5934715270996094,77.1120376586914
2020-05-26,5.788695812225342,3.6147031784057617,77.12052154541016
2020-05-27,5.802331924438477,3.646550416946411,77.1120376586914
2020-05-28,5.795514106750488,3.630627393722534,77.1120376586914
2020-05-29,5.8091511726379395,3.620011329650879,77.1120376586914
2020-06-01,5.754604339599609,3.635934829711914,77.12052154541016
2020-06-02,5.706876277923584,3.635934829711914,77.12052154541016
2020-06-03,5.638694763183594,3.646550416946411,77.12052154541016
2020-06-04,5.631875991821289,3.630627393722534,77.12052154541016
2020-06-05,5.563693046569824,3.641242742538452,77.10362243652344
2020-06-08,5.570511341094971,3.646550416946411,77.1120376586914
2020-06-09,5.577330112457275,3.6571664810180664,77.1120376586914
2020-06-10,5.584147930145264,3.635934829711914,77.12052154541016
2020-06-11,5.631875991821289,3.6147031784057617,77.10362243652344
2020-06-12,5.625057220458984,3.5934715270996094,77.12052154541016
2020-06-15,5.597784519195557,3.5563158988952637,77.12052154541016
2020-06-16,5.638694763183594,3.577547550201416,77.12052154541016
2020-06-17,5.645511627197266,3.5616233348846436,77.12052154541016
2020-06-18,5.645511627197266,3.529776096343994,77.1120376586914
2020-06-19,5.652329921722412,3.5403919219970703,77.1120376586914
2020-06-22,5.659148693084717,3.5032365322113037,77.1120376586914
2020-06-23,5.6659674644470215,3.524468183517456,77.1120376586914
2020-06-24,5.706876277923584,3.519160032272339,77.1120376586914
2020-06-25,5.706876277923584,3.482004404067993,77.12052154541016
2020-06-26,5.740968227386475,3.519160032272339,77.1120376586914
2020-06-29,5.7000579833984375,3.4873127937316895,77.1120376586914
2020-06-30,5.686421871185303,3.4873127937316895,77.1120376586914
2020-07-01,5.631875991821289,3.466080904006958,77.1120376586914
2020-07-02,5.659148693084717,3.471388816833496,77.12052154541016
2020-07-06,5.693240165710449,3.476696729660034,77.1120376586914
2020-07-07,5.7000579833984375,3.4395415782928467,77.1120376586914
2020-07-08,5.693240165710449,3.4448490142822266,77.1120376586914
2020-07-09,5.713695049285889,3.46077299118042,77.1120376586914
2020-07-10,5.679603576660156,3.455465316772461,77.12052154541016
2020-07-13,5.706876277923584,3.497929096221924,77.12052154541016
2020-07-14,5.713695049285889,3.508544683456421,77.12052154541016
2020-07-15,5.693240165710449,3.4926207065582275,77.12052154541016
2020-07-16,5.7000579833984375,3.4873127937316895,77.1120376586914
2020-07-17,5.7000579833984375,3.482004404067993,77.12052154541016
2020-07-20,5.713695049285889,3.466080904006958,77.12052154541016
2020-07-21,5.73414945602417,3.4395415782928467,77.12052154541016
2020-07-22,5.73414945602417,3.46077299118042,77.1120376586914
2020-07-23,5.713695049285889,3.4448490142822266,77.12052154541016
2020-07-24,5.67278528213501,3.4501571655273438,77.1120376586914
2020-07-27,5.7000579833984375,3.46077299118042,77.1120376586914
2020-07-28,5.706876277923584,3.466080904006958,77.12052154541016
2020-07-29,5.713695049285889,3.455465316772461,77.12052154541016
2020-07-30,5.747786521911621,3.466080904006958,77.1120376586914
2020-07-31,5.73414945602417,3.4501571655273438,77.12052154541016
2020-08-03,5.7000579833984375,3.4395415782928467,77.1120376586914
2020-08-04,5.740968227386475,3.4342331886291504,77.12052154541016
2020-08-05,5.740968227386475,3.4395415782928467,77.1120376586914
2020-08-06,5.775059223175049,3.4448490142822266,77.1120376586914
2020-08-07,5.727331638336182,3.4501571655273438,77.12052154541016
2020-08-10,5.727331638336182,3.46077299118042,77.12052154541016
2020-08-11,5.6659674644470215,3.482004404067993,77.1120376586914
2020-08-12,5.67278528213501,3.513852119445801,77.1120376586914
2020-08-13,5.652329921722412,3.482004404067993,77.12052154541016
2020-08-14,5.659148693084717,3.4873127937316895,77.1120376586914
2020-08-17,5.686421871185303,3.508544683456421,77.1120376586914
2020-08-18,5.693240165710449,3.508544683456421,77.12052154541016
2020-08-19,5.6659674644470215,3.5032365322113037,77.12052154541016
2020-08-20,5.645511627197266,3.4926207065582275,77.12052154541016
2020-08-21,5.618239402770996,3.5032365322113037,77.12052154541016
2020-08-24,5.631875991821289,3.497929096221924,77.12052154541016
2020-08-25,5.625057220458984,3.529776096343994,77.1120376586914
2020-08-26,5.618239402770996,3.5510077476501465,77.1120376586914
2020-08-27,5.597784519195557,3.524468183517456,77.1120376586914
2020-08-28,5.625057220458984,3.519160032272339,77.12052154541016
2020-08-31,5.645511627197266,3.513852119445801,77.12052154541016
2020-09-01,5.645511627197266,3.5350842475891113,77.12052154541016
2020-09-02,5.631875991821289,3.513852119445801,77.12052154541016
2020-09-03,5.611420631408691,3.513852119445801,77.1120376586914
2020-09-04,5.577330112457275,3.529776096343994,77.12052154541016
2020-09-08,5.570511341094971,3.5032365322113037,77.12052154541016
2020-09-09,5.570511341094971,3.508544683456421,77.1120376586914
2020-09-10,5.570511341094971,3.5350842475891113,77.1120376586914
2020-09-11,5.604602813720703,3.5510077476501465,77.10362243652344
2020-09-14,5.625057220458984,3.5669314861297607,77.12052154541016
2020-09-15,5.611420631408691,3.5669314861297607,77.10362243652344
2020-09-16,5.577330112457275,3.5403919219970703,77.12052154541016
2020-09-17,5.584147930145264,3.5616233348846436,77.12052154541016
2020-09-18,5.611420631408691,3.582855701446533,77.10362243652344
2020-09-21,5.590966701507568,3.572239398956299,77.10362243652344
2020-09-22,5.577330112457275,3.577547550201416,77.10362243652344
2020-09-23,5.502328872680664,3.5350842475891113,77.10362243652344
2020-09-24,5.475056171417236,3.497929096221924,77.1120376586914
2020-09-25,5.495510578155518,3.482004404067993,77.10362243652344
2020-09-28,5.5227837562561035,3.497929096221924,77.1120376586914
2020-09-29,5.556874752044678,3.4873127937316895,77.1120376586914
2020-09-30,5.543238639831543,3.497929096221924,77.10362243652344
2020-10-01,5.550057411193848,3.482004404067993,77.10362243652344
2020-10-02,5.543238639831543,3.513852119445801,77.10362243652344
2020-10-05,5.5227837562561035,3.497929096221924,77.10362243652344
2020-10-06,5.502328872680664,3.4926207065582275,77.1120376586914
2020-10-07,5.556874752044678,3.482004404067993,77.10362243652344
2020-10-08,5.550057411193848,3.4501571655273438,77.10362243652344
2020-10-09,5.577330112457275,3.4395415782928467,77.10362243652344
2020-10-12,5.570511341094971,3.4289255142211914,77.1120376586914
2020-10-13,5.563693046569824,3.423617362976074,77.10362243652344
2020-10-14,5.570511341094971,3.413001775741577,77.10362243652344
2020-10-15,5.631875991821289,3.397077798843384,77.10362243652344
2020-10-16,5.618239402770996,3.397077798843384,77.1120376586914
2020-10-19,5.618239402770996,3.359921932220459,77.1120376586914
2020-10-20,5.618239402770996,3.3280749320983887,77.10362243652344
2020-10-21,5.645511627197266,3.365229845046997,77.10362243652344
2020-10-22,5.611420631408691,3.343998670578003,77.1120376586914
2020-10-23,5.625057220458984,3.349306583404541,77.1120376586914
2020-10-26,5.625057220458984,3.397077798843384,77.1120376586914
2020-10-27,5.645511627197266,3.3546142578125,77.10362243652344
2020-10-28,5.659148693084717,3.343998670578003,77.10362243652344
2020-10-29,5.693240165710449,3.3227667808532715,77.1120376586914
2020-10-30,5.652329921722412,3.3227667808532715,77.1120376586914
2020-11-02,5.645511627197266,3.359921932220459,77.1120376586914
2020-11-03,5.597784519195557,3.3705379962921143,77.1120376586914
2020-11-04,5.604602813720703,3.3705379962921143,77.10362243652344
2020-11-05,5.597784519195557,3.3546142578125,77.1120376586914
2020-11-06,5.584147930145264,3.3546142578125,77.10362243652344
2020-11-09,5.4205098152160645,3.312150716781616,77.1120376586914
2020-11-10,5.386419296264648,3.365229845046997,77.10362243652344
2020-11-11,5.400054931640625,3.3705379962921143,77.10362243652344
2020-11-12,5.4068732261657715,3.365229845046997,77.10362243652344
2020-11-13,5.427328109741211,3.3705379962921143,77.1120376586914
2020-11-16,5.468238353729248,3.3917698860168457,77.1120376586914
2020-11-17,5.468238353729248,3.3917698860168457,77.1120376586914
2020-11-18,5.468238353729248,3.3811538219451904,77.1120376586914
2020-11-19,5.461419582366943,3.343998670578003,77.1120376586914
2020-11-20,5.475056171417236,3.3546142578125,77.1120376586914
2020-11-23,5.468238353729248,3.349306583404541,77.1120376586914
2020-11-24,5.481873989105225,3.3386905193328857,77.1120376586914
2020-11-25,5.454600811004639,3.3227667808532715,77.10362243652344
2020-11-27,5.515965461730957,3.333383083343506,77.1120376586914
2020-11-30,5.454600811004639,3.30153489112854,77.10362243652344
2020-12-01,5.454600811004639,3.3227667808532715,77.09774017333984
2020-12-02,5.454600811004639,3.312150716781616,77.10613250732422
2020-12-03,5.488692283630371,3.3280749320983887,77.10613250732422
2020-12-04,5.488692283630371,3.30153489112854,77.11454772949219
2020-12-07,5.495510578155518,3.2749953269958496,77.09774017333984
2020-12-08,5.488692283630371,3.237839698791504,77.09774017333984
2020-12-09,5.502328872680664,3.30153489112854,77.09774017333984
2020-12-10,5.5227837562561035,3.2643792629241943,77.09774017333984
2020-12-11,5.52960205078125,3.2643792629241943,77.10613250732422
2020-12-14,5.5227837562561035,3.2749953269958496,77.09774017333984
2020-12-15,5.52960205078125,3.2749953269958496,77.09774017333984
2020-12-16,5.52960205078125,3.306842803955078,77.10613250732422
2020-12-17,5.570511341094971,3.3174586296081543,77.10613250732422
2020-12-18,5.563693046569824,3.333383083343506,77.10613250732422
2020-12-21,5.543238639831543,3.3227667808532715,77.10613250732422
2020-12-22,5.519521713256836,3.2909188270568848,77.10613250732422
2020-12-23,5.533895492553711,3.306842803955078,77.09774017333984
2020-12-24,5.548268795013428,3.3227667808532715,77.10613250732422
2020-12-28,5.555456638336182,3.3386905193328857,77.10613250732422
2020-12-29,5.598577499389648,3.359921932220459,77.10613250732422
2020-12-30,5.634511947631836,3.3705379962921143,77.09774017333984
2020-12-31,5.641698837280273,3.3758461475372314,77.10613250732422
2021-01-04,5.663259506225586,3.402385711669922,77.10613250732422
2021-01-05,5.713567733764648,3.413001775741577,77.09774017333984
2021-01-06,5.713567733764648,3.455465316772461,77.10613250732422
2021-01-07,5.706380844116211,3.46077299118042,77.10613250732422
2021-01-08,5.699193477630615,3.4873127937316895,77.09774017333984
2021-01-11,5.663259506225586,3.497929096221924,77.10613250732422
2021-01-12,5.706380844116211,3.5350842475891113,77.09774017333984
2021-01-13,5.699193477630615,3.529776096343994,77.09774017333984
2021-01-14,5.735127925872803,3.5456998348236084,77.10613250732422
2021-01-15,5.68481969833374,3.5669314861297607,77.10613250732422
2021-01-19,5.706380844116211,3.5669314861297607,77.10613250732422
2021-01-20,5.735127925872803,3.5881636142730713,77.10613250732422
2021-01-21,5.74231481552124,3.620011329650879,77.10613250732422
2021-01-22,5.699193477630615,3.6147031784057617,77.09774017333984
2021-01-25,5.720754146575928,3.641242742538452,77.10613250732422
2021-01-26,5.713567733764648,3.641242742538452,77.09774017333984
2021-01-27,5.670446395874023,3.641242742538452,77.09774017333984
2021-01-28,5.663259506225586,3.5616233348846436,77.10613250732422
2021-01-29,5.648885726928711,3.5669314861297607,77.10613250732422
2021-02-01,5.648885726928711,3.572239398956299,77.10613250732422
2021-02-02,5.656072616577148,3.5456998348236084,77.09774017333984
2021-02-03,5.677633762359619,3.5563158988952637,77.09774017333984
2021-02-04,5.663259506225586,3.5510077476501465,77.10613250732422
2021-02-05,5.699193477630615,3.5403919219970703,77.10613250732422
2021-02-08,5.720754146575928,3.5510077476501465,77.10613250732422
2021-02-09,5.74231481552124,3.5669314861297607,77.10613250732422
2021-02-10,5.749501705169678,3.5669314861297607,77.09774017333984
2021-02-11,5.763875961303711,3.5881636142730713,77.10613250732422
2021-02-12,5.778249263763428,3.5987796783447266,77.09774017333984
2021-02-16,5.821371078491211,3.641242742538452,77.10613250732422
2021-02-17,5.821371078491211,3.635934829711914,77.10613250732422
2021-02-18,5.821371078491211,3.646550416946411,77.09774017333984
2021-02-19,5.864491939544678,3.651858329772949,77.10613250732422
2021-02-22,5.878866195678711,3.683706045150757,77.09774017333984
2021-02-23,5.893239974975586,3.689014196395874,77.09774017333984
2021-02-24,5.929173946380615,3.673090696334839,77.08930206298828
2021-02-25,5.914799690246582,3.7155537605285645,77.09774017333984
2021-02-26,5.806996822357178,3.673090696334839,77.09774017333984
2021-03-01,5.814183712005615,3.6677820682525635,77.08930206298828
2021-03-02,5.814183712005615,3.6677820682525635,77.08930206298828
2021-03-03,5.82855749130249,3.7633252143859863,77.09774017333984
2021-03-04,5.82855749130249,3.752709150314331,77.09774017333984
2021-03-05,5.835744857788086,3.800480365753174,77.09774017333984
2021-03-08,5.814183712005615,3.837636709213257,77.08930206298828
2021-03-09,5.821371078491211,3.8217124938964844,77.08930206298828
2021-03-10,5.814183712005615,3.848252058029175,77.08930206298828
2021-03-11,5.85730504989624,3.853560209274292,77.09774017333984
2021-03-12,5.878866195678711,3.8270206451416016,77.08930206298828
2021-03-15,5.864491939544678,3.8164048194885254,77.08930206298828
2021-03-16,5.864491939544678,3.8429441452026367,77.08930206298828
2021-03-17,5.878866195678711,3.8747923374176025,77.09774017333984
2021-03-18,5.842931270599365,3.965026617050171,77.08930206298828
2021-03-19,5.835744857788086,3.965026617050171,77.08930206298828
2021-03-22,5.806996822357178,4.007490634918213,77.08930206298828
2021-03-23,5.727941036224365,3.9862582683563232,77.09774017333984
2021-03-24,5.74231481552124,4.018105983734131,77.08930206298828
2021-03-25,5.699193477630615,4.049953460693359,77.08930206298828
2021-03-26,5.778249263763428,4.108340740203857,77.08930206298828
2021-03-29,5.79980993270874,4.0977253913879395,77.08930206298828
2021-03-30,5.806996822357178,4.129572868347168,77.09774017333984
2021-03-31,5.814183712005615,4.044645309448242,77.08930206298828
2021-04-01,5.806996822357178,4.0021820068359375,77.09774017333984
2021-04-05,5.785436630249023,3.9968748092651367,77.08930206298828
2021-04-06,5.778249263763428,3.9915664196014404,77.08086395263672
2021-04-07,5.763875961303711,4.039337635040283,77.08086395263672
2021-04-08,5.756688594818115,3.9968748092651367,77.08930206298828
2021-04-09,5.763875961303711,4.018105983734131,77.08086395263672
2021-04-12,5.756688594818115,4.055261611938477,77.08086395263672
2021-04-13,5.749501705169678,4.039337635040283,77.08086395263672
2021-04-14,5.79980993270874,4.065877437591553,77.08086395263672
2021-04-15,5.763875961303711,4.049953460693359,77.08930206298828
2021-04-16,5.785436630249023,4.087109088897705,77.08930206298828
2021-04-19,5.785436630249023,4.108340740203857,77.08086395263672
2021-04-20,5.756688594818115,4.108340740203857,77.08086395263672
2021-04-21,5.749501705169678,4.07118558883667,77.08086395263672
2021-04-22,5.74231481552124,4.039337635040283,77.08930206298828
2021-04-23,5.77106237411499,4.028722286224365,77.08930206298828
2021-04-26,5.785436630249023,3.9915664196014404,77.08086395263672
2021-04-27,5.814183712005615,3.9862582683563232,77.08930206298828
2021-04-28,5.835744857788086,3.9862582683563232,77.08086395263672
2021-04-29,5.85730504989624,4.012798309326172,77.08086395263672
2021-04-30,5.82855749130249,3.9915664196014404,77.08930206298828
2021-05-03,5.82855749130249,4.028722286224365,77.08930206298828
2021-05-04,5.814183712005615,4.07118558883667,77.08086395263672
2021-05-05,5.82855749130249,4.129572868347168,77.08930206298828
2021-05-06,5.842931270599365,4.193268299102783,77.08930206298828
2021-05-07,5.871678829193115,4.198575496673584,77.08086395263672
2021-05-10,5.88605260848999,4.23573112487793,77.08086395263672
2021-05-11,5.914799690246582,4.251655578613281,77.08086395263672
2021-05-12,5.9507341384887695,4.262270927429199,77.07245635986328
2021-05-13,5.900425910949707,4.304734230041504,77.07245635986328
2021-05-14,5.907613277435303,4.2198076248168945,77.07245635986328
2021-05-17,5.929173946380615,4.251655578613281,77.08086395263672
2021-05-18,5.943548202514648,4.2251152992248535,77.08086395263672
2021-05-19,5.907613277435303,4.20919132232666,77.07245635986328
2021-05-20,5.893239974975586,4.140188217163086,77.07245635986328
2021-05-21,5.88605260848999,4.1614203453063965,77.08086395263672
2021-05-24,5.88605260848999,4.140188217163086,77.07245635986328
2021-05-25,5.85730504989624,4.081801414489746,77.07245635986328
2021-05-26,5.835744857788086,4.055261611938477,77.07245635986328
2021-05-27,5.900425910949707,4.087109088897705,77.08086395263672
2021-05-28,5.893239974975586,4.049953460693359,77.08086395263672
2021-06-01,5.936360836029053,4.092417240142822,77.07245635986328
2021-06-02,5.957921028137207,4.049953460693359,77.07245635986328
2021-06-03,5.943548202514648,4.103033065795898,77.07245635986328
2021-06-04,5.943548202514648,4.103033065795898,77.08086395263672
2021-06-07,5.943548202514648,4.087109088897705,77.06401824951172
2021-06-08,5.921987056732178,4.081801414489746,77.06401824951172
2021-06-09,5.88605260848999,4.055261611938477,77.06401824951172
2021-06-10,5.907613277435303,4.034029960632324,77.06401824951172
2021-06-11,5.850118637084961,4.023414134979248,77.07245635986328
2021-06-14,5.85730504989624,3.970335006713867,77.06401824951172
2021-06-15,5.842931270599365,4.0021820068359375,77.06401824951172
2021-06-16,5.785436630249023,3.970335006713867,77.07245635986328
2021-06-17,5.677633762359619,3.9384872913360596,77.06401824951172
2021-06-18,5.634511947631836,3.9384872913360596,77.07245635986328
2021-06-21,5.699193477630615,3.9384872913360596,77.06401824951172
2021-06-22,5.720754146575928,3.917255163192749,77.06401824951172
2021-06-23,5.735127925872803,3.906639575958252,77.06401824951172
2021-06-24,5.749501705169678,3.922563076019287,77.07245635986328
2021-06-25,5.785436630249023,3.9331793785095215,77.07245635986328
2021-06-28,5.749501705169678,3.9384872913360596,77.06401824951172
2021-06-29,5.735127925872803,3.9491028785705566,77.06401824951172
2021-06-30,5.720754146575928,3.9809508323669434,77.06401824951172
2021-07-01,5.720754146575928,3.975642442703247,77.07245635986328
2021-07-02,5.706380844116211,3.9968748092651367,77.06401824951172
2021-07-06,5.598577499389648,3.927870988845825,77.05561065673828
2021-07-07,5.562643051147461,3.9384872913360596,77.05561065673828
2021-07-08,5.533895492553711,3.9544107913970947,77.06401824951172
2021-07-09,5.591390609741211,3.9384872913360596,77.06401824951172
2021-07-12,5.598577499389648,3.959718704223633,77.06401824951172
2021-07-13,5.605764389038086,3.9862582683563232,77.06401824951172
2021-07-14,5.584203720092773,4.044645309448242,77.05561065673828
2021-07-15,5.548268795013428,4.07118558883667,77.06401824951172
2021-07-16,5.555456638336182,4.044645309448242,77.06401824951172
2021-07-19,5.418905258178711,4.034029960632324,77.05561065673828
2021-07-20,5.433279037475586,4.018105983734131,77.05561065673828
2021-07-21,5.512335300445557,4.0021820068359375,77.05561065673828
2021-07-22,5.519521713256836,3.9968748092651367,77.06401824951172
2021-07-23,5.533895492553711,4.007490634918213,77.05561065673828
2021-07-26,5.548268795013428,4.039337635040283,77.06401824951172
2021-07-27,5.526709079742432,4.07118558883667,77.05561065673828
2021-07-28,5.541082382202148,4.034029960632324,77.05561065673828
2021-07-29,5.562643051147461,4.055261611938477,77.06401824951172
2021-07-30,5.548268795013428,4.065877437591553,77.05561065673828
2021-08-02,5.505147933959961,4.076493263244629,77.05561065673828
2021-08-03,5.483587265014648,4.118957042694092,77.05561065673828
2021-08-04,5.462027072906494,4.087109088897705,77.05561065673828
2021-08-05,5.490774154663086,4.023414134979248,77.05561065673828
2021-08-06,5.505147933959961,4.07118558883667,77.06401824951172
2021-08-09,5.476400375366211,4.076493263244629,77.06401824951172
2021-08-10,5.519521713256836,4.076493263244629,77.05561065673828
2021-08-11,5.526709079742432,4.129572868347168,77.05561065673828
2021-08-12,5.533895492553711,4.1561126708984375,77.05561065673828
2021-08-13,5.490774154663086,4.15080451965332,77.06401824951172
2021-08-16,5.454840183258057,4.187959671020508,77.04715728759766
2021-08-17,5.469213485717773,4.182652473449707,77.04715728759766
2021-08-18,5.462027072906494,4.15080451965332,77.04715728759766
2021-08-19,5.426092147827148,4.103033065795898,77.06401824951172
2021-08-20,5.397344589233398,4.060569763183594,77.06401824951172
2021-08-23,5.433279037475586,4.039337635040283,77.04715728759766
2021-08-24,5.454840183258057,4.023414134979248,77.04715728759766
2021-08-25,5.483587265014648,4.049953460693359,77.04715728759766
2021-08-26,5.476400375366211,4.060569763183594,77.05561065673828
2021-08-27,5.462027072906494,4.060569763183594,77.05561065673828
2021-08-30,5.476400375366211,4.087109088897705,77.05561065673828
2021-08-31,5.490774154663086,4.065877437591553,77.04715728759766
2021-09-01,5.483587265014648,4.023414134979248,77.04715728759766
2021-09-02,5.505147933959961,4.018105983734131,77.06401824951172
2021-09-03,5.505147933959961,4.034029960632324,77.04715728759766
2021-09-07,5.526709079742432,4.007490634918213,77.04715728759766
2021-09-08,5.519521713256836,4.018105983734131,77.04715728759766
2021-09-09,5.497961521148682,4.0021820068359375,77.04715728759766
2021-09-10,5.533895492553711,4.039337635040283,77.05561065673828
2021-09-13,5.526709079742432,4.081801414489746,77.05561065673828
2021-09-14,5.512335300445557,4.103033065795898,77.04715728759766
2021-09-15,5.555456638336182,4.140188217163086,77.04715728759766
2021-09-16,5.569830417633057,4.1614203453063965,77.05561065673828
2021-09-17,5.569830417633057,4.113648891448975,77.04715728759766
2021-09-20,5.505147933959961,4.108340740203857,77.05561065673828
2021-09-21,5.497961521148682,4.039337635040283,77.04715728759766
2021-09-22,5.519521713256836,4.034029960632324,77.04715728759766
2021-09-23,5.627325057983398,4.039337635040283,77.05561065673828
2021-09-24,5.663259506225586,4.060569763183594,77.04715728759766
2021-09-27,5.663259506225586,4.081801414489746,77.04715728759766
2021-09-28,5.677633762359619,4.134880542755127,77.04715728759766
2021-09-29,5.641698837280273,4.129572868347168,77.05561065673828
2021-09-30,5.641698837280273,4.129572868347168,77.05561065673828
2021-10-01,5.634511947631836,4.044645309448242,77.05561065673828
2021-10-04,5.648885726928711,4.076493263244629,77.03875732421875
2021-10-05,5.699193477630615,4.113648891448975,77.04715728759766
2021-10-06,5.692006587982178,4.108340740203857,77.04715728759766
2021-10-07,5.68481969833374,4.092417240142822,77.04715728759766
2021-10-08,5.756688594818115,4.092417240142822,77.04715728759766
2021-10-11,5.806996822357178,4.07118558883667,77.04715728759766
2021-10-12,5.792623043060303,4.034029960632324,77.04715728759766
2021-10-13,5.778249263763428,3.959718704223633,77.04715728759766
2021-10-14,5.749501705169678,3.9544107913970947,77.03875732421875
2021-10-15,5.835744857788086,3.9544107913970947,77.04715728759766
2021-10-18,5.85730504989624,3.9384872913360596,77.03875732421875
2021-10-19,5.878866195678711,3.8960235118865967,77.03875732421875
2021-10-20,5.88605260848999,3.911947727203369,77.03875732421875
2021-10-21,5.900425910949707,3.9013311862945557,77.03875732421875
2021-10-22,5.88605260848999,3.922563076019287,77.03875732421875
2021-10-25,5.871678829193115,3.927870988845825,77.04715728759766
2021-10-26,5.864491939544678,3.8907153606414795,77.03034210205078
2021-10-27,5.806996822357178,3.8217124938964844,77.03034210205078
2021-10-28,5.85730504989624,3.7686331272125244,77.04715728759766
2021-10-29,5.864491939544678,3.758017063140869,77.04715728759766
2021-11-01,5.85730504989624,3.731477737426758,77.04715728759766
2021-11-02,5.763875961303711,3.758017063140869,77.03034210205078
2021-11-03,5.785436630249023,3.795172929763794,77.03034210205078
2021-11-04,5.677633762359619,3.7686331272125244,77.03875732421875
2021-11-05,5.612951278686523,3.747401714324951,77.03875732421875
2021-11-08,5.68481969833374,3.747401714324951,77.04715728759766
2021-11-09,5.627325057983398,3.742093563079834,77.03034210205078
2021-11-10,5.68481969833374,3.752709150314331,77.03034210205078
2021-11-11,5.713567733764648,3.752709150314331,77.03875732421875
2021-11-12,5.677633762359619,3.7686331272125244,77.03875732421875
2021-11-15,5.68481969833374,3.747401714324951,77.03875732421875
2021-11-16,5.663259506225586,3.742093563079834,77.03034210205078
2021-11-17,5.634511947631836,3.742093563079834,77.03034210205078
2021-11-18,5.634511947631836,3.784557342529297,77.03875732421875
2021-11-19,5.584203720092773,3.7633252143859863,77.03875732421875
2021-11-22,5.670446395874023,3.8270206451416016,77.03875732421875
2021-11-23,5.713567733764648,3.8800997734069824,77.03034210205078
2021-11-24,5.699193477630615,3.864176034927368,77.03875732421875
2021-11-26,5.512335300445557,3.800480365753174,77.03034210205078
2021-11-29,5.562643051147461,3.8323280811309814,77.03875732421875
2021-11-30,5.548268795013428,3.811096429824829,77.03034210205078
2021-12-01,5.541082382202148,3.911947727203369,77.03875732421875
2021-12-02,5.548268795013428,3.9331793785095215,77.03875732421875
2021-12-03,5.512335300445557,3.9862582683563232,77.03034210205078
2021-12-06,5.526709079742432,4.049953460693359,77.03034210205078
2021-12-07,5.548268795013428,4.007490634918213,77.03034210205078
2021-12-08,5.548268795013428,3.970335006713867,77.03875732421875
2021-12-09,5.541082382202148,4.007490634918213,77.03034210205078
2021-12-10,5.526709079742432,4.039337635040283,77.03875732421875
2021-12-13,5.505147933959961,4.044645309448242,77.03875732421875
2021-12-14,5.541082382202148,4.081801414489746,77.03875732421875
2021-12-15,5.548268795013428,4.108340740203857,77.03875732421875
2021-12-16,5.533895492553711,4.1614203453063965,77.03034210205078
2021-12-17,5.519521713256836,4.134880542755127,77.03875732421875
2021-12-20,5.533895492553711,4.129572868347168,77.03034210205078
2021-12-21,5.548268795013428,4.134880542755127,77.02188873291016
2021-12-22,5.533895492553711,4.140188217163086,77.02188873291016
2021-12-23,5.544661521911621,4.169585704803467,77.02188873291016
2021-12-27,5.567731857299805,4.211581707000732,77.03034210205078
2021-12-28,5.560041904449463,4.229579925537109,77.02188873291016
2021-12-29,5.613874435424805,4.295572757720947,77.02188873291016
2021-12-30,5.598493576049805,4.241578102111816,77.03034210205078
2021-12-31,5.583113193511963,4.217581272125244,77.03034210205078
2022-01-03,5.636944770812988,4.229579925537109,77.02188873291016
2022-01-04,5.6984663009643555,4.325570106506348,77.03034210205078
2022-01-05,5.752298355102539,4.433559417724609,77.03034210205078
2022-01-06,5.790749549865723,4.493553161621094,77.03034210205078
2022-01-07,5.7984395027160645,4.523550510406494,77.03034210205078
2022-01-10,5.790749549865723,4.571545600891113,77.02188873291016
2022-01-11,5.790749549865723,4.5835442543029785,77.01346588134766
2022-01-12,5.759988307952881,4.58954381942749,77.02188873291016
2022-01-13,5.7215375900268555,4.715531826019287,77.03034210205078
2022-01-14,5.7984395027160645,4.745528697967529,77.03034210205078
2022-01-18,5.898413181304932,4.805522918701172,77.01346588134766
2022-01-19,5.883032321929932,4.829520225524902,77.03034210205078
2022-01-20,5.85996150970459,4.733529567718506,77.03034210205078
2022-01-21,5.8061299324035645,4.745528697967529,77.02188873291016
2022-01-24,5.783059120178223,4.715531826019287,77.03034210205078
2022-01-25,5.836891174316406,4.787524223327637,77.01346588134766
2022-01-26,5.929173946380615,4.829520225524902,77.02188873291016
2022-01-27,6.006075859069824,4.937509536743164,77.03034210205078
2022-01-28,5.983006000518799,4.925510883331299,77.01346588134766
2022-01-31,5.944554328918457,4.811522483825684,77.03034210205078
2022-02-01,5.921483516693115,4.79352331161499,77.02188873291016
2022-02-02,5.929173946380615,4.829520225524902,77.03034210205078
2022-02-03,6.059908390045166,4.997503280639648,77.03034210205078
2022-02-04,6.121429920196533,4.847518444061279,77.01346588134766
2022-02-07,6.121429920196533,4.889513969421387,77.01346588134766
2022-02-08,6.136810302734375,4.913511753082275,77.02188873291016
2022-02-09,6.098359107971191,4.859517574310303,77.01346588134766
2022-02-10,6.229093551635742,4.8775153160095215,77.01346588134766
2022-02-11,6.1752610206604,4.97950553894043,77.01346588134766
2022-02-14,6.267544269561768,4.97950553894043,77.00507354736328
2022-02-15,6.229093551635742,4.871516227722168,77.02188873291016
2022-02-16,6.198332786560059,4.907512664794922,77.02188873291016
2022-02-17,6.167571544647217,4.931509971618652,77.01346588134766
2022-02-18,6.159881114959717,4.991504192352295,77.02188873291016
2022-02-22,6.229093551635742,5.045498847961426,77.02188873291016
2022-02-23,6.259854316711426,5.087494373321533,77.01346588134766
2022-02-24,6.244473934173584,4.913511753082275,77.01346588134766
2022-02-25,6.198332786560059,4.931509971618652,77.01346588134766
2022-02-28,6.09066915512085,4.883514404296875,77.01346588134766
2022-03-01,6.059908390045166,4.811522483825684,77.03203582763672
2022-03-02,6.267544269561768,4.883514404296875,77.03203582763672
2022-03-03,6.282925128936768,4.97350549697876,77.04044342041016
2022-03-04,6.298305034637451,4.97950553894043,77.04044342041016
2022-03-07,6.459800720214844,4.985505104064941,77.04044342041016
2022-03-08,6.567463397979736,4.9615068435668945,77.04044342041016
2022-03-09,6.42134952545166,4.937509536743164,77.04044342041016
2022-03-10,6.429039478302002,4.97350549697876,77.04044342041016
2022-03-11,6.521322250366211,5.08149528503418,77.03203582763672
2022-03-14,6.552083492279053,5.243478775024414,77.04044342041016
2022-03-15,6.521322250366211,5.213481903076172,77.02357482910156
2022-03-16,6.452110767364502,5.0634965896606445,77.04044342041016
2022-03-17,6.4674906730651855,4.97350549697876,77.04044342041016
2022-03-18,6.452110767364502,4.90151309967041,77.03203582763672
2022-03-21,6.590534210205078,5.00350284576416,77.03203582763672
2022-03-22,6.62129545211792,4.955508232116699,77.03203582763672
2022-03-23,6.6520562171936035,4.931509971618652,77.04885864257812
2022-03-24,6.705888271331787,4.859517574310303,77.04885864257812
2022-03-25,6.7751007080078125,4.925510883331299,77.03203582763672
2022-03-28,6.736649036407471,4.799522876739502,77.03203582763672
2022-03-29,6.6520562171936035,4.727530479431152,77.03203582763672
2022-03-30,6.6520562171936035,4.76952600479126,77.04885864257812
2022-03-31,6.605915069580078,4.69753360748291,77.04885864257812
2022-04-01,6.63667631149292,4.6555376052856445,77.04885864257812
2022-04-04,6.63667631149292,4.58954381942749,77.04044342041016
2022-04-05,6.713578224182129,4.5535478591918945,77.03203582763672
2022-04-06,6.713578224182129,4.571545600891113,77.04044342041016
2022-04-07,6.721268653869629,4.595543384552002,77.04044342041016
2022-04-08,6.790480613708496,4.685534477233887,77.03203582763672
2022-04-11,6.82124137878418,4.787524223327637,77.04044342041016
2022-04-12,6.8443121910095215,4.811522483825684,77.04044342041016
2022-04-13,6.8443121910095215,4.805522918701172,77.04044342041016
2022-04-14,6.898144245147705,4.89551305770874,77.03203582763672
2022-04-18,6.951975345611572,4.937509536743164,77.04044342041016
2022-04-19,6.990427017211914,4.937509536743164,77.03203582763672
2022-04-20,6.9596662521362305,5.033500671386719,77.04885864257812
2022-04-21,6.990427017211914,5.10549259185791,77.04885864257812
2022-04-22,6.990427017211914,5.08149528503418,77.04044342041016
2022-04-25,6.921214580535889,5.021501064300537,77.04885864257812
2022-04-26,6.913524627685547,5.075495719909668,77.04044342041016
2022-04-27,6.982736587524414,5.0634965896606445,77.04044342041016
2022-04-28,7.0596394538879395,5.123491287231445,77.05731201171875
2022-04-29,7.075019359588623,5.1654863357543945,77.04044342041016
2022-05-02,7.105780601501465,5.1534881591796875,77.04885864257812
2022-05-03,7.113471031188965,5.219481468200684,77.04044342041016
2022-05-04,7.090400218963623,5.2674760818481445,77.05731201171875
2022-05-05,7.167302131652832,5.345468521118164,77.05731201171875
2022-05-06,7.244204998016357,5.471456527709961,77.05731201171875
2022-05-09,7.19037389755249,5.603443145751953,77.04885864257812
2022-05-10,7.182682991027832,5.573445796966553,77.04885864257812
2022-05-11,7.167302131652832,5.62744140625,77.04885864257812
2022-05-12,7.136541366577148,5.6514387130737305,77.05731201171875
2022-05-13,7.144232273101807,5.573445796966553,77.06570434570312
2022-05-16,7.144232273101807,5.62144136428833,77.05731201171875
2022-05-17,7.136541366577148,5.609442710876465,77.05731201171875
2022-05-18,7.113471031188965,5.6514387130737305,77.05731201171875
2022-05-19,7.090400218963623,5.531450271606445,77.07414245605469
2022-05-20,7.0596394538879395,5.5434489250183105,77.07414245605469
2022-05-23,7.051949501037598,5.609442710876465,77.07414245605469
2022-05-24,7.028878211975098,5.699433326721191,77.06570434570312
2022-05-25,7.0365681648254395,5.777425765991211,77.07414245605469
2022-05-26,7.021188259124756,5.7354302406311035,77.09101104736328
2022-05-27,6.998117446899414,5.663436412811279,77.07414245605469
2022-05-31,7.082710266113281,5.687434196472168,77.06570434570312
2022-06-01,7.182682991027832,5.771426200866699,77.06656646728516
2022-06-02,7.167302131652832,5.657437801361084,77.08343505859375
2022-06-03,7.228824615478516,5.747428894042969,77.06656646728516
2022-06-06,7.274966239929199,5.741429805755615,77.07498168945312
2022-06-07,7.290345668792725,5.687434196472168,77.06656646728516
2022-06-08,7.328797340393066,5.615441799163818,77.07498168945312
2022-06-09,7.39031982421875,5.681436061859131,77.08343505859375
2022-06-10,7.467222213745117,5.669436931610107,77.06656646728516
2022-06-13,7.59026575088501,5.699433326721191,77.07498168945312
2022-06-14,7.659478187561035,5.717432022094727,77.06656646728516
2022-06-15,7.536434173583984,5.681436061859131,77.07498168945312
2022-06-16,7.567194938659668,5.609442710876465,77.09184265136719
2022-06-17,7.559504985809326,5.435459613800049,77.08343505859375
2022-06-21,7.574885368347168,5.4414591789245605,77.10028076171875
2022-06-22,7.482602596282959,5.333469867706299,77.10871124267578
2022-06-23,7.359559059143066,5.183485507965088,77.10871124267578
2022-06-24,7.321107864379883,5.087494373321533,77.09184265136719
2022-06-27,7.344177722930908,5.159487724304199,77.09184265136719
2022-06-28,7.405700206756592,5.315471649169922,77.10871124267578
2022-06-29,7.405700206756592,5.315471649169922,77.11714935302734
2022-06-30,7.359559059143066,5.2734761238098145,77.12556457519531
2022-07-01,7.305727005004883,5.213481903076172,77.1196517944336
2022-07-05,7.274966239929199,5.057497501373291,77.1196517944336
2022-07-06,7.274966239929199,4.97950553894043,77.1196517944336
2022-07-07,7.298036098480225,4.985505104064941,77.1196517944336
2022-07-08,7.313417434692383,5.0634965896606445,77.11124420166016
2022-07-11,7.39031982421875,5.10549259185791,77.1196517944336
2022-07-12,7.367249011993408,5.111492156982422,77.11124420166016
2022-07-13,7.405700206756592,5.093493461608887,77.11124420166016
2022-07-14,7.497983455657959,5.045498847961426,77.1196517944336
2022-07-15,7.444151401519775,5.057497501373291,77.11124420166016
2022-07-18,7.421080589294434,5.10549259185791,77.11124420166016
2022-07-19,7.428770065307617,5.1654863357543945,77.11124420166016
2022-07-20,7.398009777069092,5.147488594055176,77.11124420166016
2022-07-21,7.351868629455566,5.045498847961426,77.13656616210938
2022-07-22,7.274966239929199,5.075495719909668,77.14494323730469
2022-07-25,7.313417434692383,5.141488552093506,77.13656616210938
2022-07-26,7.351868629455566,5.1354899406433105,77.13656616210938
2022-07-27,7.313417434692383,5.117491245269775,77.13656616210938
2022-07-28,7.159612655639648,5.045498847961426,77.14494323730469
2022-07-29,7.090400218963623,5.039499282836914,77.15339660644531
2022-08-01,7.0442585945129395,5.009502410888672,77.1593017578125
2022-08-02,7.121160984039307,4.943508625030518,77.16777038574219
2022-08-03,7.128851890563965,4.889513969421387,77.1593017578125
2022-08-04,7.028878211975098,4.787524223327637,77.17623138427734
2022-08-05,7.098090171813965,4.829520225524902,77.19310760498047
2022-08-08,7.075019359588623,4.853517532348633,77.20152282714844
2022-08-09,7.113471031188965,4.8775153160095215,77.19310760498047
2022-08-10,7.0442585945129395,4.847518444061279,77.20152282714844
2022-08-11,7.067329406738281,4.913511753082275,77.20152282714844
2022-08-12,7.067329406738281,4.89551305770874,77.21845245361328
2022-08-15,7.028878211975098,4.841518402099609,77.20996856689453
2022-08-16,7.082710266113281,4.89551305770874,77.21845245361328
2022-08-17,7.159612655639648,4.913511753082275,77.21845245361328
2022-08-18,7.198063373565674,4.937509536743164,77.252197265625
2022-08-19,7.267275333404541,4.97950553894043,77.252197265625
2022-08-22,7.367249011993408,5.00350284576416,77.2606430053711
2022-08-23,7.398009777069092,5.051497936248779,77.2437744140625
2022-08-24,7.405700206756592,4.997503280639648,77.26911163330078
2022-08-25,7.38262939453125,5.00350284576416,77.27753448486328
2022-08-26,7.436460971832275,5.033500671386719,77.27753448486328
2022-08-29,7.474912166595459,5.057497501373291,77.27753448486328
2022-08-30,7.451841831207275,5.057497501373291,77.28597259521484
2022-08-31,7.451841831207275,5.015501499176025,77.30286407470703
2022-09-01,7.528744220733643,5.00350284576416,77.31893157958984
2022-09-02,7.497983455657959,5.039499282836914,77.3274154663086
2022-09-06,7.59795618057251,5.021501064300537,77.3274154663086
2022-09-07,7.559504985809326,4.89551305770874,77.33585357666016
2022-09-08,7.567194938659668,4.89551305770874,77.3527603149414
2022-09-09,7.513363361358643,4.955508232116699,77.3527603149414
2022-09-12,7.482602596282959,4.9615068435668945,77.34431457519531
2022-09-13,7.59026575088501,5.015501499176025,77.36121368408203
2022-09-14,7.59795618057251,4.943508625030518,77.36121368408203
2022-09-15,7.613336563110352,4.97950553894043,77.38656616210938
2022-09-16,7.605646133422852,4.985505104064941,77.38656616210938
2022-09-19,7.644097328186035,5.027500629425049,77.38656616210938
2022-09-20,7.697928428649902,5.015501499176025,77.3781509399414
2022-09-21,7.728689193725586,5.015501499176025,77.39503479003906
2022-09-22,7.751760005950928,5.141488552093506,77.42887115478516
2022-09-23,7.836352825164795,5.093493461608887,77.42887115478516
2022-09-26,7.928636074066162,5.009502410888672,77.41197967529297
2022-09-27,7.959397315979004,5.021501064300537,77.43731689453125
2022-09-28,7.8517327308654785,4.949508190155029,77.44579315185547
2022-09-29,7.89018440246582,4.985505104064941,77.46269226074219
2022-09-30,7.8671135902404785,4.97950553894043,77.46269226074219
2022-10-03,7.805592060089111,5.087494373321533,77.44153594970703
2022-10-04,7.659478187561035,5.099493026733398,77.46692657470703
2022-10-05,7.720998764038086,5.10549259185791,77.46692657470703
2022-10-06,7.782520771026611,5.117491245269775,77.48388671875
2022-10-07,7.8748040199279785,5.219481468200684,77.48388671875
2022-10-10,7.90556526184082,5.291473865509033,77.49234008789062
2022-10-11,7.90556526184082,5.261477470397949,77.49234008789062
2022-10-12,7.913255214691162,5.237479209899902,77.49234008789062
2022-10-13,7.9440155029296875,5.3574676513671875,77.51774597167969
2022-10-14,7.974776744842529,5.465456962585449,77.51774597167969
2022-10-17,7.9440155029296875,5.399463653564453,77.51774597167969
2022-10-18,7.89018440246582,5.363467216491699,77.51774597167969
2022-10-19,7.990158557891846,5.471456527709961,77.51774597167969
2022-10-20,8.020918846130371,5.507452964782715,77.55165100097656
2022-10-21,7.982468128204346,5.537449836730957,77.56009674072266
2022-10-24,7.997847557067871,5.603443145751953,77.55165100097656
2022-10-25,7.90556526184082,5.5434489250183105,77.55165100097656
2022-10-26,7.828662395477295,5.537449836730957,77.56858825683594
2022-10-27,7.782520771026611,5.579445838928223,77.59400939941406
2022-10-28,7.828662395477295,5.525451183319092,77.58547973632812
2022-10-31,7.8517327308654785,5.555448532104492,77.58547973632812
2022-11-01,7.836352825164795,5.6454386711120605,77.59232330322266
2022-11-02,7.844043254852295,5.675436019897461,77.61779022216797
2022-11-03,7.90556526184082,5.669436931610107,77.64325714111328
2022-11-04,7.8671135902404785,5.741429805755615,77.66024780273438
2022-11-07,7.8594231605529785,5.771426200866699,77.6517562866211
2022-11-08,7.820972442626953,5.72943115234375,77.66024780273438
2022-11-09,7.805592060089111,5.759428024291992,77.70268249511719
2022-11-10,7.536434173583984,5.549448490142822,77.71116638183594
2022-11-11,7.451841831207275,5.513452529907227,77.70268249511719
2022-11-14,7.482602596282959,5.507452964782715,77.70268249511719
2022-11-15,7.444151401519775,5.471456527709961,77.71968078613281
2022-11-16,7.459531307220459,5.483455181121826,77.7281723022461
2022-11-17,7.505672931671143,5.495453834533691,77.75364685058594
2022-11-18,7.497983455657959,5.5434489250183105,77.75364685058594
2022-11-21,7.528744220733643,5.579445838928223,77.76211547851562
2022-11-22,7.528744220733643,5.693434238433838,77.77909851074219
2022-11-23,7.482602596282959,5.615441799163818,77.79608917236328
2022-11-25,7.490292072296143,5.663436412811279,77.79608917236328
2022-11-28,7.482602596282959,5.6514387130737305,77.80458068847656
2022-11-29,7.490292072296143,5.72943115234375,77.83003234863281
2022-11-30,7.421080589294434,5.6454386711120605,77.83003234863281
2022-12-01,7.328797340393066,5.537449836730957,77.84708404541016
2022-12-02,7.290345668792725,5.459457874298096,77.85560607910156
2022-12-05,7.359559059143066,5.471456527709961,77.86408996582031
2022-12-06,7.37493896484375,5.537449836730957,77.88964080810547
2022-12-07,7.344177722930908,5.537449836730957,77.88964080810547
2022-12-08,7.367249011993408,5.459457874298096,77.94074249267578
2022-12-09,7.38262939453125,5.471456527709961,77.93220520019531
2022-12-12,7.413390636444092,5.447458267211914,77.94074249267578
2022-12-13,7.351868629455566,5.411462783813477,77.94074249267578
2022-12-14,7.351868629455566,5.423461437225342,77.96629333496094
2022-12-15,7.444151401519775,5.471456527709961,77.9832992553711
2022-12-16,7.467222213745117,5.465456962585449,77.9832992553711
2022-12-19,7.511509418487549,5.492736339569092,77.99270629882812
2022-12-20,7.442038536071777,5.441126346588135,78.0012435913086
2022-12-21,7.433355331420898,5.455872058868408,78.00977325439453
2022-12-22,7.459406852722168,5.5222272872924805,78.06102752685547
2022-12-23,7.511509418487549,5.610701560974121,78.06102752685547
2022-12-27,7.554928302764893,5.610701560974121,78.06102752685547
2022-12-28,7.572296619415283,5.581210136413574,78.08663940429688
2022-12-29,7.537560939788818,5.514854907989502,78.12078094482422
2022-12-30,7.563612461090088,5.514854907989502,78.11225128173828
2023-01-03,7.476773738861084,5.507481575012207,78.12078094482422
2023-01-04,7.476773738861084,5.5222272872924805,78.11225128173828
2023-01-05,7.494142055511475,5.581210136413574,78.13787841796875
2023-01-06,7.433355331420898,5.595955848693848,78.12932586669922
2023-01-09,7.398620128631592,5.5001091957092285,78.14640808105469
2023-01-10,7.415987014770508,5.4484992027282715,78.13787841796875
2023-01-11,7.3638834953308105,5.433753967285156,78.13787841796875
2023-01-12,7.2944135665893555,5.4484992027282715,78.19766235351562
2023-01-13,7.277046203613281,5.367399215698242,78.20620727539062
2023-01-17,7.2336273193359375,5.360025882720947,78.20620727539062
2023-01-18,7.1902079582214355,5.382144927978516,78.2147216796875
2023-01-19,7.2336273193359375,5.433753967285156,78.24890899658203
2023-01-20,7.277046203613281,5.463244915008545,78.25745391845703
2023-01-23,7.320465087890625,5.463244915008545,78.25745391845703
2023-01-24,7.285730361938477,5.529600620269775,78.26597595214844
2023-01-25,7.285730361938477,5.5517191886901855,78.27454376220703
2023-01-26,7.329148292541504,5.588582515716553,78.31719970703125
2023-01-27,7.320465087890625,5.559091567993164,78.32577514648438
2023-01-30,7.381251811981201,5.603328227996826,78.32577514648438
2023-01-31,7.35520076751709,5.595955848693848,78.33428955078125
2023-02-01,7.3465166091918945,5.544346332550049,78.33943176269531
2023-02-02,7.250994682312012,5.463244915008545,78.37371063232422
2023-02-03,7.303097724914551,5.529600620269775,78.39083862304688
2023-02-06,7.3638834953308105,5.566464900970459,78.3994140625
2023-02-07,7.35520076751709,5.544346332550049,78.40799713134766
2023-02-08,7.35520076751709,5.559091567993164,78.40799713134766
2023-02-09,7.398620128631592,5.6254472732543945,78.43370819091797
2023-02-10,7.433355331420898,5.743411540985107,78.4422836303711
2023-02-13,7.433355331420898,5.750784397125244,78.45943450927734
2023-02-14,7.485457897186279,5.802393913269043,78.45943450927734
2023-02-15,7.485457897186279,5.721292972564697,78.47657012939453
2023-02-16,7.50282621383667,5.7876482009887695,78.5194320678711
2023-02-17,7.511509418487549,5.839258193969727,78.52799224853516
2023-02-21,7.580979824066162,5.927731513977051,78.52799224853516
2023-02-22,7.563612461090088,5.868749141693115,78.5537109375
2023-02-23,7.572296619415283,5.898240089416504,78.57942962646484
2023-02-24,7.667818546295166,5.979340553283691,78.58798217773438
2023-02-27,7.667818546295166,5.971968650817871,78.59654998779297
2023-02-28,7.667818546295166,5.920358657836914,78.6051254272461
2023-03-01,7.71123743057251,6.030951023101807,78.60944366455078
2023-03-02,7.719921588897705,6.038323402404785,78.63520812988281
2023-03-03,7.650451183319092,5.979340553283691,78.65241241455078
2023-03-06,7.71123743057251,5.994086742401123,78.6609878540039
2023-03-07,7.737288951873779,6.02357816696167,78.6609878540039
2023-03-08,7.745972633361816,6.02357816696167,78.67821502685547
2023-03-09,7.71123743057251,5.994086742401123,78.69538116455078
2023-03-10,7.5983476638793945,5.920358657836914,78.71257781982422
2023-03-13,7.35520076751709,5.669683456420898,78.7297592163086
2023-03-14,7.450722694396973,5.588582515716553,78.73834991455078
2023-03-15,7.329148292541504,5.477990627288818,78.78132629394531
2023-03-16,7.35520076751709,5.441126346588135,78.81568145751953
2023-03-17,7.285730361938477,5.389517307281494,78.8329086303711
2023-03-20,7.2944135665893555,5.477990627288818,78.84149932861328
2023-03-21,7.3638834953308105,5.5001091957092285,78.84149932861328
2023-03-22,7.3638834953308105,5.507481575012207,78.85867309570312
2023-03-23,7.303097724914551,5.419008255004883,78.8930892944336
2023-03-24,7.268362045288086,5.382144927978516,78.91026306152344
2023-03-27,7.285730361938477,5.455872058868408,78.90168762207031
2023-03-28,7.277046203613281,5.536973476409912,78.9188232421875
2023-03-29,7.277046203613281,5.529600620269775,78.9188232421875
2023-03-30,7.277046203613281,5.544346332550049,78.93603515625
2023-03-31,7.216259956359863,5.514854907989502,78.9188232421875
2023-04-03,7.181524753570557,5.610701560974121,78.93782806396484
2023-04-04,7.181524753570557,5.5001091957092285,78.94647216796875
2023-04-05,7.181524753570557,5.485363483428955,78.98958587646484
2023-04-06,7.198891639709473,5.477990627288818,78.9982681274414
2023-04-10,7.216259956359863,5.529600620269775,79.00689697265625
2023-04-11,7.2336273193359375,5.588582515716553,79.01551818847656
2023-04-12,7.250994682312012,5.64019250869751,79.03278350830078
2023-04-13,7.2336273193359375,5.595955848693848,79.07591247558594
2023-04-14,7.268362045288086,5.662310600280762,79.07591247558594
2023-04-17,7.268362045288086,5.632819652557373,79.09317016601562
2023-04-18,7.259677886962891,5.654937744140625,79.101806640625
2023-04-19,7.311781406402588,5.64019250869751,79.11041259765625
2023-04-20,7.311781406402588,5.64019250869751,79.17084503173828
2023-04-21,7.337832450866699,5.603328227996826,79.16221618652344
2023-04-24,7.3638834953308105,5.64019250869751,79.17084503173828
2023-04-25,7.35520076751709,5.610701560974121,79.16221618652344
2023-04-26,7.415987014770508,5.595955848693848,79.1794662475586
2023-04-27,7.424671173095703,5.588582515716553,79.20536041259766
2023-04-28,7.372567653656006,5.654937744140625,79.20536041259766
2023-05-01,7.398620128631592,5.699174880981445,79.20794677734375
2023-05-02,7.442038536071777,5.6475653648376465,79.19064331054688
2023-05-03,7.450722694396973,5.595955848693848,79.19931030273438
2023-05-04,7.3899359703063965,5.485363483428955,79.22526550292969
2023-05-05,7.329148292541504,5.5517191886901855,79.24260711669922
2023-05-08,7.311781406402588,5.559091567993164,79.25128173828125
2023-05-09,7.35520076751709,5.581210136413574,79.25994110107422
2023-05-10,7.372567653656006,5.492736339569092,79.26859283447266
2023-05-11,7.424671173095703,5.477990627288818,79.3205795288086
2023-05-12,7.450722694396973,5.5001091957092285,79.33792877197266
2023-05-15,7.3899359703063965,5.5001091957092285,79.34656524658203
2023-05-16,7.468090534210205,5.536973476409912,79.33792877197266
2023-05-17,7.468090534210205,5.566464900970459,79.355224609375
2023-05-18,7.494142055511475,5.559091567993164,79.3985824584961
2023-05-19,7.511509418487549,5.559091567993164,79.3985824584961
2023-05-22,7.50282621383667,5.5222272872924805,79.40721893310547
2023-05-23,7.511509418487549,5.559091567993164,79.40721893310547
2023-05-24,7.60703182220459,5.544346332550049,79.40721893310547
2023-05-25,7.71123743057251,5.536973476409912,79.45921325683594
2023-05-26,7.667818546295166,5.5222272872924805,79.47652435302734
2023-05-30,7.7025532722473145,5.470617771148682,79.48517608642578
2023-05-31,7.7025532722473145,5.360025882720947,79.50253295898438
2023-06-01,7.667818546295166,5.374771595001221,79.54685974121094
2023-06-02,7.589663505554199,5.455872058868408,79.55557250976562
2023-06-05,7.5983476638793945,5.433753967285156,79.55557250976562
2023-06-06,7.563612461090088,5.477990627288818,79.5729751586914
2023-06-07,7.580979824066162,5.5517191886901855,79.5816650390625
2023-06-08,7.554928302764893,5.536973476409912,79.62518310546875
2023-06-09,7.546244144439697,5.581210136413574,79.63387298583984
2023-06-12,7.546244144439697,5.5517191886901855,79.6425552368164
2023-06-13,7.563612461090088,5.588582515716553,79.65997314453125
2023-06-14,7.554928302764893,5.6475653648376465,79.6773452758789
2023-06-15,7.528877258300781,5.684429168701172,79.71217346191406
2023-06-16,7.528877258300781,5.706547260284424,79.72087097167969
2023-06-20,7.563612461090088,5.750784397125244,79.73824310302734
2023-06-21,7.546244144439697,5.824512958526611,79.73824310302734
2023-06-22,7.6417670249938965,5.85400390625,79.77304077148438
2023-06-23,7.6417670249938965,5.824512958526611,79.78175354003906
2023-06-26,7.589663505554199,5.824512958526611,79.7904281616211
2023-06-27,7.650451183319092,5.846630573272705,79.80783081054688
2023-06-28,7.633083343505859,5.824512958526611,79.81655883789062
2023-06-29,7.7025532722473145,5.83188533782959,79.8426284790039
2023-06-30,7.693869113922119,5.83188533782959,79.86872100830078
2023-07-03,7.737288951873779,5.920358657836914,79.88880157470703
2023-07-05,7.737288951873779,5.817139625549316,79.89751434326172
2023-07-06,7.85886287689209,5.765530109405518,79.92375183105469
2023-07-07,7.83281135559082,5.743411540985107,79.93245697021484
2023-07-10,7.7980756759643555,5.736038684844971,79.9499740600586
2023-07-11,7.737288951873779,5.728665828704834,79.95867919921875
2023-07-12,7.615715980529785,5.721292972564697,79.97614288330078
2023-07-13,7.520193576812744,5.706547260284424,80.0110855102539
2023-07-14,7.589663505554199,5.721292972564697,80.01982116699219
2023-07-17,7.60703182220459,5.728665828704834,80.0285415649414
2023-07-18,7.554928302764893,5.758157253265381,80.0285415649414
2023-07-19,7.485457897186279,5.817139625549316,80.04602813720703
2023-07-20,7.520193576812744,5.868749141693115,80.08966827392578
2023-07-21,7.546244144439697,5.846630573272705,80.08966827392578
2023-07-24,7.494142055511475,5.883494853973389,80.09840393066406
2023-07-25,7.476773738861084,5.8613762855529785,80.10717010498047
2023-07-26,7.468090534210205,5.883494853973389,80.11587524414062
2023-07-27,7.485457897186279,5.8613762855529785,80.15956115722656
2023-07-28,7.50282621383667,5.802393913269043,80.16829681396484
2023-07-31,7.520193576812744,5.7876482009887695,80.17703247070312
2023-08-01,7.60703182220459,5.839258193969727,80.1980972290039
2023-08-02,7.60703182220459,5.876121997833252,80.20684051513672
2023-08-03,7.6417670249938965,5.809767246246338,80.2419204711914
2023-08-04,7.60703182220459,5.883494853973389,80.25946807861328
2023-08-07,7.6417670249938965,5.905613422393799,80.25946807861328
2023-08-08,7.633083343505859,5.942477703094482,80.27698516845703
2023-08-09,7.650451183319092,5.986713886260986,80.2857666015625
2023-08-10,7.7025532722473145,6.00145959854126,80.32966613769531
2023-08-11,7.763339996337891,6.00145959854126,80.33840942382812
2023-08-14,7.789392471313477,5.964595317840576,80.3471908569336
2023-08-15,7.83281135559082,6.00145959854126,80.35594940185547
2023-08-16,7.85886287689209,5.994086742401123,80.37350463867188
2023-08-17,7.884913444519043,6.045696258544922,80.40858459472656
2023-08-18,7.85886287689209,6.0825605392456055,80.4173583984375
2023-08-21,7.9109649658203125,6.075187683105469,80.42613220214844
2023-08-22,7.867547035217285,6.0825605392456055,80.43490600585938
2023-08-23,7.737288951873779,6.045696258544922,80.45246124267578
2023-08-24,7.789392471313477,6.097306251525879,80.478759765625
2023-08-25,7.81544303894043,6.0899338722229,80.49630737304688
2023-08-28,7.824127197265625,6.141542434692383,80.51384735107422
2023-08-29,7.772024154663086,6.119424819946289,80.50508117675781
2023-08-30,7.7980756759643555,6.134169578552246,80.52264404296875
2023-08-31,7.745972633361816,6.067814826965332,80.57524108886719
2023-09-01,7.772024154663086,6.097306251525879,80.58847045898438
2023-09-05,7.876230239868164,6.104678630828857,80.60607147216797
2023-09-06,7.893597602844238,6.1562886238098145,80.60607147216797
2023-09-07,7.8501787185668945,6.134169578552246,80.6501693725586
2023-09-08,7.884913444519043,6.207898139953613,80.6589584350586
2023-09-11,7.867547035217285,6.200525283813477,80.6589584350586
2023-09-12,7.902281761169434,6.266880512237549,80.6854019165039
2023-09-13,7.884913444519043,6.311117649078369,80.69417572021484
2023-09-14,7.867547035217285,6.347980976104736,80.72063446044922
2023-09-15,7.9109649658203125,6.392217636108398,80.73826599121094
2023-09-18,7.945700645446777,6.421709060668945,80.7470703125
2023-09-19,7.997803688049316,6.53230094909668,80.755859375
2023-09-20,7.963068962097168,6.55441951751709,80.76465606689453
2023-09-21,8.023855209350586,6.628147125244141,80.80873107910156
2023-09-22,8.006487846374512,6.606029510498047,80.81755065917969
2023-09-25,8.049907684326172,6.598656177520752,80.82633209228516
2023-09-26,8.067275047302246,6.628147125244141,80.83515930175781
2023-09-27,8.128061294555664,6.665011882781982,80.86160278320312
2023-09-28,8.11069393157959,6.7092485427856445,80.88800048828125
2023-09-29,8.067275047302246,6.583910942077637,80.89683532714844
2023-10-02,8.128061294555664,6.561792373657227,80.90921783447266
2023-10-03,8.15411376953125,6.480691909790039,80.92689514160156
2023-10-04,8.093326568603516,6.333235740661621,80.9357681274414
2023-10-05,8.067275047302246,6.3184895515441895,80.98883819580078
2023-10-06,8.093326568603516,6.303744792938232,80.98883819580078
2023-10-09,8.049907684326172,6.325862884521484,80.99772644042969
2023-10-10,8.01517105102539,6.377471923828125,80.99772644042969
2023-10-11,8.01517105102539,6.38484525680542,81.01538848876953
2023-10-12,8.049907684326172,6.429081916809082,81.05079650878906
2023-10-13,8.049907684326172,6.4364542961120605,81.0685043334961
2023-10-16,8.067275047302246,6.4364542961120605,81.07733154296875
2023-10-17,8.102010726928711,6.451200485229492,81.0862045288086
2023-10-18,8.13674545288086,6.465946674346924,81.09505462646484
2023-10-19,8.15411376953125,6.421709060668945,81.13042449951172
2023-10-20,8.15411376953125,6.458572864532471,81.14810180664062
2023-10-23,8.15411376953125,6.4364542961120605,81.15697479248047
2023-10-24,8.119378089904785,6.3184895515441895,81.16584014892578
2023-10-25,8.18016529083252,6.38484525680542,81.17465209960938
2023-10-26,8.171481132507324,6.406962871551514,81.21006774902344
2023-10-27,8.15411376953125,6.458572864532471,81.23660278320312
2023-10-30,8.162796974182129,6.38484525680542,81.24546813964844
2023-10-31,8.18016529083252,6.377471923828125,81.24546813964844
2023-11-01,8.11069393157959,6.458572864532471,81.27032470703125
2023-11-02,8.023855209350586,6.421709060668945,81.29701232910156
2023-11-03,7.9109649658203125,6.429081916809082,81.3058853149414
2023-11-06,7.945700645446777,6.480691909790039,81.31478881835938
2023-11-07,7.954384803771973,6.4364542961120605,81.33257293701172
2023-11-08,7.954384803771973,6.406962871551514,81.3414306640625
2023-11-09,8.01517105102539,6.406962871551514,81.38590240478516
2023-11-10,8.075959205627441,6.55441951751709,81.39478302001953
2023-11-13,8.049907684326172,6.583910942077637,81.40364837646484
2023-11-14,7.867547035217285,6.488064289093018,81.41252899169922
2023-11-15,7.85886287689209,6.473318576812744,81.4303207397461
2023-11-16,7.928333282470703,6.458572864532471,81.46587371826172
2023-11-17,7.919649124145508,6.53230094909668,81.48365783691406
2023-11-20,7.9109649658203125,6.510182857513428,81.48365783691406
2023-11-21,7.902281761169434,6.510182857513428,81.51028442382812
2023-11-22,7.945700645446777,6.4954376220703125,81.5458755493164
2023-11-24,7.971753120422363,6.547047138214111,81.55476379394531
2023-11-27,7.971753120422363,6.524929046630859,81.56362915039062
2023-11-28,7.937017440795898,6.547047138214111,81.58141326904297
2023-11-29,7.841494560241699,6.473318576812744,81.59030151367188
2023-11-30,7.85886287689209,6.429081916809082,81.6258544921875
2023-12-01,7.745972633361816,6.370100021362305,81.64280700683594
2023-12-04,7.754656791687012,6.311117649078369,81.64280700683594
2023-12-05,7.763339996337891,6.340609073638916,81.66065979003906
2023-12-06,7.780708312988281,6.347980976104736,81.66960144042969
2023-12-07,7.719921588897705,6.3184895515441895,81.70530700683594
2023-12-08,7.763339996337891,6.311117649078369,81.72317504882812
2023-12-11,7.83281135559082,6.377471923828125,81.74101257324219
2023-12-12,7.867547035217285,6.399591445922852,81.74101257324219
2023-12-13,7.83281135559082,6.340609073638916,81.74994659423828
2023-12-14,7.754656791687012,6.281626224517822,81.78567504882812
2023-12-15,7.685186386108398,6.266880512237549,81.81245422363281
2023-12-18,7.711549758911133,6.311506748199463,81.82234191894531
2023-12-19,7.702134609222412,6.275076866149902,81.82234191894531
2023-12-20,7.683302879333496,6.329721927642822,81.84025573730469
2023-12-21,7.692718982696533,6.2477545738220215,81.89409637451172
2023-12-22,7.692718982696533,6.284184455871582,81.90304565429688
2023-12-26,7.711549758911133,6.284184455871582,81.92100524902344
2023-12-27,7.711549758911133,6.2477545738220215,81.92100524902344
2023-12-28,7.72096586227417,6.202217102050781,81.97483825683594
2023-12-29,7.72096586227417,6.202217102050781,81.97483825683594
2024-01-02,7.692718982696533,6.293292045593262,81.98380279541016
2024-01-03,7.673886775970459,6.3843674659729,82.01068878173828
2024-01-04,7.673886775970459,6.429904460906982,82.03760528564453
2024-01-05,7.673886775970459,6.49365758895874,82.04656982421875
2024-01-08,7.711549758911133,6.466334819793701,82.0555419921875
2024-01-09,7.655055522918701,6.5118727684021,82.06449127197266
2024-01-10,7.673886775970459,6.520979881286621,82.08242797851562
2024-01-11,7.673886775970459,6.593839645385742,82.1272964477539
2024-01-12,7.683302879333496,6.54830265045166,82.14524841308594
2024-01-16,7.6268086433410645,6.61205530166626,82.15420532226562
2024-01-17,7.598559856414795,6.684915542602539,82.17214965820312
2024-01-18,7.607975959777832,6.6940226554870605,82.20802307128906
2024-01-19,7.645639896392822,6.75777530670166,82.21698760986328
2024-01-22,7.683302879333496,6.766882419586182,82.2259750366211
2024-01-23,7.607975959777832,6.71223783493042,82.23495483398438
2024-01-24,7.579729080200195,6.703130722045898,82.24391174316406
2024-01-25,7.617392063140869,6.703130722045898,82.28873443603516
2024-01-26,7.655055522918701,6.66670036315918,82.29772186279297
2024-01-29,7.702134609222412,6.639377593994141,82.30670166015625
2024-01-30,7.673886775970459,6.739560127258301,82.31568908691406
2024-01-31,7.655055522918701,6.8306355476379395,82.32463073730469
2024-02-01,7.702134609222412,6.8033127784729,82.3660659790039
2024-02-02,7.81512451171875,6.8670654296875,82.38408660888672
2024-02-05,7.843371868133545,6.92171049118042,82.38408660888672
2024-02-06,7.871618747711182,6.885280132293701,82.4021224975586
2024-02-07,7.937529563903809,6.885280132293701,82.41112518310547
2024-02-08,8.022272109985352,6.8306355476379395,82.4471435546875
2024-02-09,8.088183403015137,6.82152795791626,82.45619201660156
2024-02-12,8.088183403015137,6.82152795791626,82.47420501708984
2024-02-13,8.135262489318848,6.939925670623779,82.47420501708984
2024-02-14,8.135262489318848,6.8579583168029785,82.4922103881836
2024-02-15,8.17292594909668,6.839743137359619,82.53726196289062
2024-02-16,8.116430282592773,6.82152795791626,82.5552749633789
2024-02-20,8.097599029541016,6.8670654296875,82.56428527832031
2024-02-21,8.097599029541016,6.848850727081299,82.57330322265625
2024-02-22,8.238835334777832,6.894388198852539,82.61835479736328
2024-02-23,8.295331001281738,6.92171049118042,82.62736511230469
2024-02-26,8.323577880859375,6.9308180809021,82.62736511230469
2024-02-27,8.295331001281738,6.92171049118042,82.64539337158203
2024-02-28,8.248251914978027,6.9308180809021,82.65436553955078
2024-02-29,8.257667541503906,6.939925670623779,82.69042205810547
2024-03-01,8.3047456741333,6.939925670623779,82.7130355834961
2024-03-04,8.3047456741333,6.9308180809021,82.72209167480469
2024-03-05,8.276498794555664,7.012785911560059,82.72209167480469
2024-03-06,8.28591537475586,7.03100061416626,82.74015808105469
2024-03-07,8.238835334777832,7.003678321838379,82.7763442993164
2024-03-08,8.17292594909668,6.9854631423950195,82.78539276123047
2024-03-11,8.163509368896484,6.9581403732299805,82.79444122314453
2024-03-12,8.248251914978027,7.021893501281738,82.82157897949219
2024-03-13,8.276498794555664,7.049215316772461,82.82157897949219
2024-03-14,8.33299446105957,7.122076034545898,82.85774230957031
2024-03-15,8.351824760437012,7.185828685760498,82.87582397460938
2024-03-18,8.417736053466797,7.2222580909729,82.88488006591797
2024-03-19,8.44598388671875,7.295118808746338,82.9029541015625
2024-03-20,8.436568260192871,7.295118808746338,82.91201782226562
2024-03-21,8.474231719970703,7.331549167633057,82.93914794921875
2024-03-22,8.50247859954834,7.39530086517334,82.94818878173828
2024-03-25,8.540142059326172,7.413516521453857,82.9662857055664
2024-03-26,8.577804565429688,7.4590535163879395,82.97530364990234
2024-03-27,8.568389892578125,7.431731224060059,83.02960205078125
2024-03-28,8.587221145629883,7.422623634338379,83.02960205078125
2024-04-01,8.634300231933594,7.39530086517334,83.05231475830078
2024-04-02,8.66254711151123,7.39530086517334,83.07048034667969
2024-04-03,8.634300231933594,7.486376762390137,83.07048034667969
2024-04-04,8.596636772155762,7.531914234161377,83.10682678222656
2024-04-05,8.66254711151123,7.486376762390137,83.12499237060547
2024-04-08,8.653130531311035,7.495483875274658,83.1340560913086
2024-04-09,8.568389892578125,7.3497633934021,83.14314270019531
2024-04-10,8.719042778015137,7.449946880340576,83.16133117675781
2024-04-11,8.737874031066895,7.367978572845459,83.18858337402344
2024-04-12,8.719042778015137,7.440838813781738,83.19767761230469
2024-04-15,8.784953117370605,7.477269172668457,83.21583557128906
2024-04-16,8.766121864318848,7.38619327545166,83.22489929199219
2024-04-17,8.728459358215332,7.367978572845459,83.23402404785156
2024-04-18,8.766121864318848,7.422623634338379,83.27942657470703
2024-04-19,8.74729061126709,7.486376762390137,83.28849792480469
2024-04-22,8.719042778015137,7.531914234161377,83.30667877197266
2024-04-23,8.719042778015137,7.577451229095459,83.31575775146484
2024-04-24,8.74729061126709,7.550128936767578,83.31575775146484
2024-04-25,8.756706237792969,7.504591464996338,83.3611831665039
2024-04-26,8.813199996948242,7.531914234161377,83.3611831665039
2024-04-29,8.709627151489258,7.468161106109619,83.37934875488281
2024-04-30,8.7943696975708,7.513699054718018,83.3884506225586
2024-05-01,8.737874031066895,7.449946880340576,83.40486907958984
2024-05-02,8.55897331237793,7.38619327545166,83.45046997070312
2024-05-03,8.464815139770508,7.295118808746338,83.45960235595703
2024-05-06,8.464815139770508,7.313333511352539,83.45960235595703
2024-05-07,8.493063926696777,7.3497633934021,83.46874237060547
2024-05-08,8.55897331237793,7.39530086517334,83.4869613647461
2024-05-09,8.54955768585205,7.367978572845459,83.53258514404297
2024-05-10,8.568389892578125,7.449946880340576,83.53258514404297
2024-05-13,8.530726432800293,7.495483875274658,83.55085754394531
2024-05-14,8.530726432800293,7.477269172668457,83.5599594116211
2024-05-15,8.474231719970703,7.440838813781738,83.569091796875
2024-05-16,8.464815139770508,7.477269172668457,83.60558319091797
2024-05-17,8.511894226074219,7.495483875274658,83.61470031738281
2024-05-20,8.540142059326172,7.477269172668457,83.6329345703125
2024-05-21,8.568389892578125,7.495483875274658,83.6420669555664
2024-05-22,8.54955768585205,7.504591464996338,83.66032409667969
2024-05-23,8.587221145629883,7.595666885375977,83.71505737304688
2024-05-24,8.60605239868164,7.622989177703857,83.72419738769531
2024-05-28,8.681379318237305,7.6776347160339355,83.71505737304688
2024-05-29,8.709627151489258,7.659419059753418,83.73329162597656
2024-05-30,8.643715858459473,7.659419059753418,83.75154876708984
2024-05-31,8.643715858459473,7.659419059753418,83.769775390625
2024-06-03,8.587221145629883,7.650311470031738,83.78352355957031
2024-06-04,8.427152633666992,7.531914234161377,83.80186462402344
2024-06-05,8.474231719970703,7.477269172668457,83.81104278564453
2024-06-06,8.455399513244629,7.486376762390137,83.8201904296875
2024-06-07,8.54955768585205,7.586558818817139,83.85684967041016
2024-06-10,8.577804565429688,7.577451229095459,83.87517547607422
2024-06-11,8.540142059326172,7.504591464996338,83.88433837890625
2024-06-12,8.521310806274414,7.504591464996338,83.90266418457031
2024-06-13,8.464815139770508,7.431731224060059,83.91183471679688
2024-06-14,8.455399513244629,7.404408931732178,83.95767211914062
2024-06-17,8.50247859954834,7.4590535163879395,83.966796875
2024-06-18,8.493063926696777,7.5228071212768555,83.9851303100586
2024-06-20,8.540142059326172,7.641204833984375,84.00346374511719
2024-06-21,8.521310806274414,7.622989177703857,84.03096008300781
2024-06-24,8.483647346496582,7.6776347160339355,84.04930114746094
2024-06-25,8.530726432800293,7.668527126312256,84.04930114746094
2024-06-26,8.521310806274414,7.54102087020874,84.05845642089844
2024-06-27,8.483647346496582,7.5228071212768555,84.07677459716797
2024-06-28,8.493063926696777,7.568344593048096,84.10426330566406
2024-07-01,8.483647346496582,7.604774475097656,84.13373565673828
2024-07-02,8.464815139770508,7.577451229095459,84.14289855957031
2024-07-03,8.436568260192871,7.531914234161377,84.17053985595703
2024-07-05,8.408321380615234,7.38619327545166,84.19815063476562
2024-07-08,8.427152633666992,7.477269172668457,84.21653747558594
2024-07-09,8.483647346496582,7.422623634338379,84.21653747558594
2024-07-10,8.50247859954834,7.449946880340576,84.23494720458984
2024-07-11,8.398904800415039,7.422623634338379,84.2441635131836
2024-07-12,8.342409133911133,7.304226875305176,84.28097534179688
2024-07-15,8.33299446105957,7.304226875305176,84.29936981201172
2024-07-16,8.276498794555664,7.3497633934021,84.29936981201172
2024-07-17,8.125846862792969,7.39530086517334,84.32696533203125
2024-07-18,8.135262489318848,7.477269172668457,84.33618927001953
2024-07-19,8.078767776489258,7.39530086517334,84.3637924194336
2024-07-22,8.069351196289062,7.39530086517334,84.3822021484375
2024-07-23,8.069351196289062,7.39530086517334,84.3822021484375
2024-07-24,8.003439903259277,7.404408931732178,84.4098129272461
2024-07-25,7.890450477600098,7.440838813781738,84.4098129272461
2024-07-26,7.975193500518799,7.431731224060059,84.4558334350586
2024-07-29,7.96577787399292,7.4590535163879395,84.4558334350586
2024-07-30,7.96577787399292,7.4590535163879395,84.46501922607422
2024-07-31,8.041104316711426,7.4590535163879395,84.48342895507812
2024-08-01,8.003439903259277,7.39530086517334,84.50376892089844
2024-08-02,7.843371868133545,7.167613506317139,84.54998016357422
2024-08-05,7.617392063140869,7.012785911560059,84.54998016357422
2024-08-06,7.664471626281738,7.0765380859375,84.56846618652344
2024-08-07,7.692718982696533,7.194936275482178,84.58694458007812
2024-08-08,7.711549758911133,7.213150978088379,84.59619140625
2024-08-09,7.796292781829834,7.313333511352539,84.61467742919922
2024-08-12,7.81512451171875,7.331549167633057,84.64241790771484
2024-08-13,7.871618747711182,7.304226875305176,84.65164947509766
2024-08-14,7.899867057800293,7.377086639404297,84.66090393066406
2024-08-15,7.871618747711182,7.3588714599609375,84.67015075683594
2024-08-16,7.918698310852051,7.367978572845459,84.71636962890625
2024-08-19,7.890450477600098,7.367978572845459,84.71636962890625
2024-08-20,7.918698310852051,7.340656757354736,84.73485565185547
2024-08-21,7.92811393737793,7.27690315246582,84.75334167480469
2024-08-22,7.918698310852051,7.322441101074219,84.75334167480469
2024-08-23,7.9469451904296875,7.322441101074219,84.79031372070312
2024-08-26,7.937529563903809,7.340656757354736,84.79955291748047
2024-08-27,7.918698310852051,7.331549167633057,84.81805419921875
2024-08-28,7.937529563903809,7.377086639404297,84.82730102539062
2024-08-29,7.918698310852051,7.367978572845459,84.82730102539062
2024-08-30,7.918698310852051,7.404408931732178,84.87349700927734
2024-09-03,7.881034851074219,7.38619327545166,84.90692901611328
2024-09-04,7.899867057800293,7.377086639404297,84.91621398925781
2024-09-05,7.9092817306518555,7.340656757354736,84.9255142211914
2024-09-06,7.890450477600098,7.313333511352539,84.97190856933594
2024-09-09,7.92811393737793,7.313333511352539,84.97190856933594
2024-09-10,7.956361293792725,7.258688449859619,84.99977111816406
2024-09-11,7.975193500518799,7.286011219024658,84.99977111816406
2024-09-12,7.984608173370361,7.286011219024658,85.00904083251953
2024-09-13,8.050519943237305,7.295118808746338,85.05546569824219
2024-09-16,8.078767776489258,7.367978572845459,85.07404327392578
2024-09-17,8.03168773651123,7.367978572845459,85.08331298828125
2024-09-18,7.984608173370361,7.3497633934021,85.10188293457031
2024-09-19,8.03168773651123,7.3497633934021,85.12045288085938
2024-09-20,8.050519943237305,7.413516521453857,85.15758514404297
2024-09-23,8.078767776489258,7.367978572845459,85.16686248779297
2024-09-24,8.14467716217041,7.322441101074219,85.1761474609375
2024-09-25,8.116430282592773,7.313333511352539,85.19473266601562
2024-09-26,8.182340621948242,7.2222580909729,85.19473266601562
2024-09-27,8.163509368896484,7.13118314743042,85.2225570678711
2024-09-30,8.125846862792969,7.167613506317139,85.23184204101562
2024-10-01,8.107014656066895,7.122076034545898,85.25141906738281
2024-10-02,8.088183403015137,7.094753265380859,85.26073455810547
2024-10-03,8.012856483459473,7.122076034545898,85.27938079833984
2024-10-04,7.956361293792725,7.149398326873779,85.29802703857422
2024-10-07,7.9092817306518555,7.140291213989258,85.31668090820312
2024-10-08,7.918698310852051,7.258688449859619,85.31668090820312
2024-10-09,7.9092817306518555,7.267796039581299,85.32600402832031
2024-10-10,7.92811393737793,7.231366157531738,85.33531951904297
2024-10-11,7.975193500518799,7.231366157531738,85.38191223144531
2024-10-14,7.984608173370361,7.27690315246582,85.37259674072266
2024-10-15,7.994024753570557,7.38619327545166,85.40056610107422
2024-10-16,8.022272109985352,7.404408931732178,85.40056610107422
2024-10-17,8.041104316711426,7.377086639404297,85.41921997070312
2024-10-18,8.069351196289062,7.313333511352539,85.44718170166016
2024-10-21,8.022272109985352,7.304226875305176,85.46582794189453
2024-10-22,8.012856483459473,7.2495808601379395,85.47513580322266
2024-10-23,7.975193500518799,7.267796039581299,85.47513580322266
2024-10-24,7.975193500518799,7.24047327041626,85.48443603515625
2024-10-25,7.9469451904296875,7.185828685760498,85.52175903320312
2024-10-28,7.994024753570557,7.176721096038818,85.52175903320312
2024-10-29,8.003439903259277,7.185828685760498,85.54039764404297
2024-10-30,7.9469451904296875,7.213150978088379,85.54971313476562
2024-10-31,7.871618747711182,7.24047327041626,85.56832885742188
2024-11-01,7.918698310852051,7.286011219024658,85.60485076904297
2024-11-04,7.899867057800293,7.304226875305176,85.6235580444336
2024-11-05,7.92811393737793,7.331549167633057,85.6235580444336
2024-11-06,7.984608173370361,7.404408931732178,85.64228057861328
2024-11-07,8.041104316711426,7.422623634338379,85.65161895751953
2024-11-08,8.050519943237305,7.440838813781738,85.69842529296875
2024-11-11,8.0599365234375,7.413516521453857,85.6890640258789
2024-11-12,8.041104316711426,7.404408931732178,85.69842529296875
2024-11-13,8.0599365234375,7.4590535163879395,85.71711730957031
2024-11-14,8.107014656066895,7.4590535163879395,85.71711730957031
2024-11-15,8.078767776489258,7.513699054718018,85.74520111083984
2024-11-18,8.069351196289062,7.495483875274658,85.75457763671875
2024-11-19,8.078767776489258,7.431731224060059,85.78264617919922
2024-11-20,8.097599029541016,7.422623634338379,85.7919921875
2024-11-21,8.14467716217041,7.422623634338379,85.80136108398438
2024-11-22,8.220004081726074,7.431731224060059,85.82943725585938
2024-11-25,8.069351196289062,7.3588714599609375,85.83877563476562
2024-11-26,8.107014656066895,7.38619327545166,85.83877563476562
2024-11-27,8.03168773651123,7.331549167633057,85.86685943603516
2024-11-29,8.069351196289062,7.322441101074219,85.88558959960938
2024-12-02,8.14467716217041,7.331549167633057,85.9090347290039
2024-12-03,8.220004081726074,7.413516521453857,85.9278335571289
2024-12-04,8.229419708251953,7.431731224060059,85.93722534179688
2024-12-05,8.238835334777832,7.531914234161377,85.94661712646484
2024-12-06,8.257667541503906,7.495483875274658,85.98419189453125
2024-12-09,8.229419708251953,7.3588714599609375,85.99358367919922
2024-12-10,8.229419708251953,7.413516521453857,86.01237487792969
2024-12-11,8.276498794555664,7.367978572845459,86.0217514038086
2024-12-12,8.314162254333496,7.404408931732178,86.04053497314453
2024-12-13,8.314162254333496,7.431731224060059,86.0687255859375
2024-12-16,8.342409133911133,7.4590535163879395,86.07811737060547
2024-12-17,8.31014633178711,7.378157615661621,86.08749389648438
2024-12-18,8.398136138916016,7.378157615661621,86.08749389648438
2024-12-19,8.319923400878906,7.378157615661621,86.09977722167969
2024-12-20,8.290593147277832,7.397650718688965,86.13748931884766
2024-12-23,8.329700469970703,7.397650718688965,86.13748931884766
2024-12-24,8.359030723571777,7.387904167175293,86.15634155273438
2024-12-26,8.359030723571777,7.387904167175293,86.17522430419922
2024-12-27,8.329700469970703,7.446383476257324,86.21294403076172
2024-12-30,8.31014633178711,7.5146098136901855,86.21294403076172
2024-12-31,8.34925365447998,7.534102916717529,86.23179626464844
2025-01-02,8.368806838989258,7.5146098136901855,86.25067138671875
2025-01-03,8.398136138916016,7.524355888366699,86.26008605957031
2025-01-06,8.34925365447998,7.5048627853393555,86.2695083618164
2025-01-07,8.388359069824219,7.534102916717529,86.28838348388672
2025-01-08,8.417689323425293,7.602328777313232,86.3072509765625
2025-01-10,8.486126899719238,7.602328777313232,86.33554077148438
2025-01-13,8.417689323425293,7.621821880340576,86.34497833251953
2025-01-14,8.388359069824219,7.680301666259766,86.36384582519531
2025-01-15,8.359030723571777,7.7485270500183105,86.37328338623047
2025-01-16,8.378582954406738,7.690047740936279,86.37328338623047
2025-01-17,8.417689323425293,7.680301666259766,86.4204330444336
2025-01-21,8.300370216369629,7.641315460205078,86.4204330444336
2025-01-22,8.359030723571777,7.660808563232422,86.43930053710938
2025-01-23,8.34925365447998,7.680301666259766,86.43930053710938
2025-01-24,8.31014633178711,7.680301666259766,86.47702026367188
2025-01-27,8.173274040222168,7.729033946990967,86.4864501953125
2025-01-28,8.251486778259277,7.719287872314453,86.4864501953125
2025-01-29,8.319923400878906,7.768020153045654,86.49588012695312
2025-01-30,8.319923400878906,7.738780975341797,86.50531768798828
2025-01-31,8.368806838989258,7.758274078369141,86.53361511230469
2025-02-03,8.42746639251709,7.7485270500183105,86.5582046508789
2025-02-04,8.407914161682129,7.758274078369141,86.5582046508789
2025-02-05,8.398136138916016,7.81675386428833,86.56768035888672
2025-02-06,8.466572761535645,7.865486145019531,86.58663177490234
2025-02-07,8.574115753173828,7.943458557128906,86.60555267333984
2025-02-10,8.63277530670166,7.933712482452393,86.6150131225586
2025-02-11,8.603446006774902,8.001938819885254,86.62445831298828
2025-02-12,8.642553329467773,7.962952136993408,86.63394165039062
2025-02-13,8.642553329467773,7.933712482452393,86.65286254882812
2025-02-14,8.6132230758667,7.962952136993408,86.6812744140625
2025-02-18,8.720766067504883,8.011685371398926,86.70018768310547
2025-02-19,8.710988998413086,8.031177520751953,86.70967102050781
2025-02-20,8.63277530670166,8.011685371398926,86.72858428955078
2025-02-21,8.564339637756348,7.972699165344238,86.75698852539062
2025-02-24,8.515456199645996,8.031177520751953,86.7664566040039
2025-02-25,8.495902061462402,8.118897438049316,86.7664566040039
2025-02-26,8.593669891357422,8.128643989562988,86.7853775024414
2025-02-27,8.662105560302734,8.177376747131348,86.79483795166016
2025-02-28,8.62299919128418,8.157883644104004,86.81378173828125
2025-03-03,8.701212882995605,8.148137092590332,86.83180236816406
2025-03-04,8.662105560302734,8.021430969238281,86.83180236816406
2025-03-05,8.710988998413086,8.060418128967285,86.84131622314453
2025-03-06,8.662105560302734,8.109149932861328,86.85079956054688
2025-03-07,8.62299919128418,8.13839054107666,86.88878631591797
2025-03-10,8.54478645324707,8.177376747131348,86.89826965332031
2025-03-11,8.583892822265625,8.109149932861328,86.90776824951172
2025-03-12,8.62299919128418,8.118897438049316,86.91728210449219
2025-03-13,8.63277530670166,8.128643989562988,86.93624114990234
2025-03-14,8.603446006774902,8.177376747131348,86.95526123046875
2025-03-17,8.55456256866455,8.157883644104004,86.9742431640625
2025-03-18,8.603446006774902,8.206616401672363,86.9742431640625
2025-03-19,8.691435813903809,8.226109504699707,86.98373413085938
2025-03-20,8.710988998413086,8.206616401672363,87.00272369384766
2025-03-21,8.710988998413086,8.206616401672363,87.03121948242188
2025-03-24,8.691435813903809,8.24560260772705,87.03121948242188
2025-03-25,8.75009536743164,8.294336318969727,87.04070281982422
2025-03-26,8.710988998413086,8.382055282592773,87.05020141601562
2025-03-27,8.652329444885254,8.323575019836426,87.06919860839844
2025-03-28,8.681658744812012,8.323575019836426,87.09766387939453
2025-03-31,8.710988998413086,8.343069076538086,87.09766387939453
2025-04-01,8.730542182922363,8.411294937133789,87.11766815185547
2025-04-02,8.710988998413086,8.382055282592773,87.12720489501953
2025-04-03,8.789201736450195,8.333322525024414,87.13673400878906
2025-04-04,8.55456256866455,8.001938819885254,87.16533660888672
2025-04-07,8.31014633178711,7.845993518829346,87.17485046386719
2025-04-08,8.398136138916016,7.836246490478516,87.19390869140625
2025-04-09,8.329700469970703,7.797260284423828,87.19390869140625
2025-04-10,8.359030723571777,7.729033946990967,87.20343017578125
2025-04-11,8.359030723571777,7.7485270500183105,87.2415542602539
2025-04-14,8.417689323425293,7.797260284423828,87.2415542602539
2025-04-15,8.466572761535645,7.904472351074219,87.2606201171875
2025-04-16,8.515456199645996,7.875232696533203,87.27012634277344
2025-04-17,8.525233268737793,7.943458557128906,87.3082504272461
2025-04-21,8.55456256866455,7.943458557128906,87.31778717041016
2025-04-22,8.564339637756348,8.001938819885254,87.31778717041016
2025-04-23,8.476349830627441,8.001938819885254,87.33684539794922
2025-04-24,8.515456199645996,7.933712482452393,87.33684539794922
2025-04-25,8.535009384155273,7.982444763183594,87.37495422363281
2025-04-28,8.583892822265625,7.982444763183594,87.38447570800781
2025-04-29,8.603446006774902,7.962952136993408,87.38447570800781
2025-04-30,8.62299919128418,7.953205108642578,87.3940200805664
2025-05-01,8.55456256866455,7.972699165344238,87.4150390625
2025-05-02,8.5056791305542,7.992191791534424,87.44371795654297
2025-05-05,8.55456256866455,8.001938819885254,87.44371795654297
2025-05-06,8.6132230758667,8.021430969238281,87.46285247802734
2025-05-07,8.6132230758667,8.021430969238281,87.46285247802734
2025-05-08,8.495902061462402,8.07016372680664,87.4819564819336
2025-05-09,8.5056791305542,8.0896577835083,87.51065063476562
2025-05-12,8.319923400878906,8.118897438049316,87.51065063476562
2025-05-13,8.329700469970703,8.13839054107666,87.52976989746094
2025-05-14,8.359030723571777,8.118897438049316,87.52976989746094
2025-05-15,8.447019577026367,8.167630195617676,87.5393295288086
2025-05-16,8.447019577026367,8.235856056213379,87.57756805419922
2025-05-19,8.5056791305542,8.274842262268066,87.57756805419922
2025-05-20,8.525233268737793,8.255349159240723,87.59669494628906
2025-05-21,8.54478645324707,8.255349159240723,87.60626220703125
2025-05-22,8.54478645324707,8.255349159240723,87.62537384033203
2025-05-23,8.583892822265625,8.255349159240723,87.66361999511719
2025-05-27,8.574115753173828,8.255349159240723,87.66361999511719
2025-05-28,8.564339637756348,8.265095710754395,87.67317962646484
2025-05-29,8.583892822265625,8.216362953186035,87.6827392578125
2025-05-30,8.583892822265625,8.206616401672363,87.71141052246094
2025-06-02,8.652329444885254,8.265095710754395,87.72676849365234
2025-06-03,8.652329444885254,8.284588813781738,87.74597930908203
2025-06-04,8.652329444885254,8.206616401672363,87.74597930908203
2025-06-05,8.63277530670166,8.235856056213379,87.75555419921875
2025-06-06,8.583892822265625,8.255349159240723,87.78431701660156
2025-06-09,8.564339637756348,8.235856056213379,87.80352783203125
2025-06-10,8.525233268737793,8.18712329864502,87.81311798095703
2025-06-11,8.54478645324707,8.206616401672363,87.81311798095703
2025-06-12,8.574115753173828,8.226109504699707,87.82271575927734
2025-06-13,8.54478645324707,8.265095710754395,87.86109161376953
2025-06-16,8.574115753173828,8.313828468322754,87.86109161376953
2025-06-17,8.564339637756348,8.343069076538086,87.88027954101562
2025-06-18,8.54478645324707,8.343069076538086,87.89945220947266
2025-06-20,8.515456199645996,8.313828468322754,87.91864013671875
2025-06-23,8.525233268737793,8.274842262268066,87.93785858154297
2025-06-24,8.535009384155273,8.235856056213379,87.93785858154297
2025-06-25,8.583892822265625,8.235856056213379,87.94742584228516
2025-06-26,8.6132230758667,8.24560260772705,87.95701599121094
2025-06-27,8.564339637756348,8.226109504699707,87.99540710449219
2025-06-30,8.6132230758667,8.235856056213379,88.00498962402344
2025-07-01,8.583892822265625,8.265095710754395,88.02040100097656
2025-07-02,8.535009384155273,8.18712329864502,88.03001403808594
2025-07-03,8.564339637756348,8.265095710754395,88.07814025878906
2025-07-07,8.6132230758667,8.294336318969727,88.0877914428711
2025-07-08,8.564339637756348,8.274842262268066,88.0877914428711
2025-07-09,8.583892822265625,8.255349159240723,88.097412109375
2025-07-10,8.515456199645996,8.148137092590332,88.11665344238281
2025-07-11,8.525233268737793,8.118897438049316,88.13590240478516
2025-07-14,8.55456256866455,8.157883644104004,88.14552307128906
2025-07-15,8.55456256866455,8.0896577835083,88.1551742553711
2025-07-16,8.564339637756348,8.079911231994629,88.17443084716797
2025-07-17,8.593669891357422,8.060418128967285,88.17443084716797
2025-07-18,8.6132230758667,8.060418128967285,88.21292114257812
2025-07-21,8.642553329467773,8.128643989562988,88.232177734375
2025-07-22,8.593669891357422,8.118897438049316,88.24178314208984
2025-07-23,8.6132230758667,8.07016372680664,88.25142669677734
2025-07-24,8.603446006774902,8.109149932861328,88.25142669677734
2025-07-25,8.593669891357422,8.0896577835083,88.28030395507812
2025-07-28,8.603446006774902,8.167630195617676,88.28992462158203
2025-07-29,8.642553329467773,8.265095710754395,88.29956817626953
2025-07-30,8.691435813903809,8.343069076538086,88.30917358398438
2025-07-31,8.671882629394531,8.391800880432129,88.31880950927734
2025-08-01,8.535009384155273,8.333322525024414,88.35648345947266
2025-08-04,8.6132230758667,8.430787086486816,88.36615753173828
2025-08-05,8.62299919128418,8.430787086486816,88.36615753173828
2025-08-06,8.691435813903809,8.51850700378418,88.39512634277344
2025-08-07,8.671882629394531,8.479520797729492,88.39512634277344
2025-08-08,8.681658744812012,8.508759498596191,88.4240951538086
2025-08-11,8.681658744812012,8.586732864379883,88.43375396728516
2025-08-12,8.710988998413086,8.547746658325195,88.44340515136719
2025-08-13,8.720766067504883,8.469773292541504,88.45306396484375
2025-08-14,8.75009536743164,8.547746658325195,88.4627456665039
2025-08-15,8.740318298339844,8.450281143188477,88.50137329101562
2025-08-18,8.75009536743164,8.440533638000488,88.50137329101562
2025-08-19,8.691435813903809,8.382055282592773,88.52069854736328
2025-08-20,8.710988998413086,8.489267349243164,88.5400161743164
2025-08-21,8.740318298339844,8.547746658325195,88.5400161743164
2025-08-22,8.808754920959473,8.499013900756836,88.5689926147461
2025-08-25,8.828309059143066,8.538000106811523,88.57865142822266
2025-08-26,8.798978805541992,8.440533638000488,88.58831024169922
2025-08-27,8.779425621032715,8.411294937133789,88.59796905517578
2025-08-28,8.798978805541992,8.4015474319458,88.6076431274414
2025-08-29,8.789201736450195,8.382055282592773,88.6462631225586
2025-09-02,8.838085174560547,8.382055282592773,88.66758728027344
2025-09-03,8.828309059143066,8.372308731079102,88.67728424072266
2025-09-04,8.818532943725586,8.391800880432129,88.69667053222656
2025-09-05,8.808754920959473,8.382055282592773,88.72576904296875
2025-09-08,8.847862243652344,8.391800880432129,88.7354507446289
2025-09-09,8.916297912597656,8.460027694702148,88.74514770507812
2025-09-10,8.984734535217285,8.547746658325195,88.75482177734375
2025-09-11,9.014065742492676,8.615972518920898,88.7645263671875
2025-09-12,9.033617973327637,8.606225967407227,88.7936019897461
2025-09-15,9.102054595947266,8.596479415893555,88.80330657958984
2025-09-16,9.082501411437988,8.538000106811523,88.81298828125
2025-09-17,9.05317211151123,8.538000106811523,88.82270050048828
2025-09-18,9.092278480529785,8.51850700378418,88.83238983154297
2025-09-19,9.141161918640137,8.508759498596191,88.87116241455078
2025-09-22,9.170492172241211,8.489267349243164,88.880859375
2025-09-23,9.180268287658691,8.499013900756836,88.880859375
2025-09-24,9.20959758758545,8.528253555297852,88.9002456665039
2025-09-25,9.219374656677246,8.508759498596191,88.9002456665039
2025-09-26,9.238927841186523,8.538000106811523,88.9293212890625
2025-09-29,9.268257141113281,8.489267349243164,88.93901062011719
2025-09-30,9.278034210205078,8.479520797729492,88.93901062011719
2025-10-01,9.297588348388672,8.4015474319458,88.9594497680664
2025-10-02,9.307364463806152,8.352814674377441,88.96916961669922
2025-10-03,9.297588348388672,8.333322525024414,88.98861694335938
2025-10-06,9.278034210205078,8.274842262268066,89.00806427001953
2025-10-07,9.238927841186523,8.24560260772705,89.00806427001953
2025-10-08,9.287811279296875,8.265095710754395,89.02754211425781
2025-10-09,9.307364463806152,8.294336318969727,89.02754211425781
2025-10-10,9.1509370803833,8.284588813781738,89.06643676757812
2025-10-13,9.190044403076172,8.226109504699707,89.07616424560547
2025-10-14,9.170492172241211,8.265095710754395,89.07616424560547
2025-10-15,9.229150772094727,8.206616401672363,89.08588409423828
2025-10-16,9.287811279296875,8.226109504699707,89.09561157226562
2025-10-17,9.180268287658691,8.206616401672363,89.11505889892578
2025-10-20,9.268257141113281,8.177376747131348,89.134521484375
2025-10-21,9.199820518493652,8.24560260772705,89.134521484375
2025-10-22,9.180268287658691,8.294336318969727,89.15396118164062
2025-10-23,9.219374656677246,8.294336318969727,89.16368865966797
2025-10-24,9.297588348388672,8.313828468322754,89.1928939819336
2025-10-27,9.33669376373291,8.411294937133789,89.1928939819336
2025-10-28,9.33669376373291,8.499013900756836,89.20260620117188
2025-10-29,9.414907455444336,8.567239761352539,89.2317886352539
2025-10-30,9.375801086425781,8.596479415893555,89.2317886352539
2025-10-31,9.405131340026855,8.625720024108887,89.2512435913086
2025-11-03,9.483344078063965,8.684198379516602,89.26393127441406
2025-11-04,9.405131340026855,8.684198379516602,89.27369689941406
2025-11-05,9.434460639953613,8.74267864227295,89.28343963623047
2025-11-06,9.483344078063965,8.762170791625977,89.29319763183594
2025-11-07,9.434460639953613,8.74267864227295,89.3224868774414
2025-11-10,9.581110954284668,8.771917343139648,89.34199523925781
2025-11-11,9.600663185119629,8.732931137084961,89.33224487304688
2025-11-12,9.600663185119629,8.703692436218262,89.34199523925781
2025-11-13,9.571332931518555,8.723184585571289,89.35173797607422
2025-11-14,9.483344078063965,8.732931137084961,89.39077758789062
2025-11-17,9.493120193481445,8.732931137084961,89.39077758789062
2025-11-18,9.463790893554688,8.732931137084961,89.4103012084961
2025-11-19,9.473567008972168,8.635465621948242,89.4103012084961
2025-11-20,9.463790893554688,8.664706230163574,89.4298324584961
2025-11-21,9.307364463806152,8.664706230163574,89.4493408203125
2025-11-24,9.346471786499023,8.664706230163574,89.4493408203125
2025-11-25,9.375801086425781,8.703692436218262,89.46886444091797
2025-11-26,9.414907455444336,8.664706230163574,89.47862243652344
2025-11-28,9.385577201843262,8.615972518920898,89.50789642333984
2025-12-01,9.434460639953613,8.586732864379883,89.5186538696289
2025-12-02,9.444236755371094,8.606225967407227,89.54804229736328
2025-12-03,9.405131340026855,8.499013900756836,89.55781555175781
2025-12-04,9.414907455444336,8.538000106811523,89.56759643554688
2025-12-05,9.414907455444336,8.450281143188477,89.58718872070312
2025-12-08,9.395353317260742,8.508759498596191,89.59698486328125
2025-12-09,9.366024017333984,8.489267349243164,89.6165542602539
2025-12-10,9.405131340026855,8.508759498596191,89.6165542602539
2025-12-11,9.45401382446289,8.499013900756836,89.62632751464844
2025-12-12,9.414907455444336,8.499013900756836,89.66548919677734
2025-12-15,9.463790893554688,8.615972518920898,89.66548919677734
2025-12-16,9.375801086425781,8.538000106811523,89.67528533935547
2025-12-17,9.400590896606445,8.5600004196167,89.68507385253906
2025-12-18,9.410507202148438,8.59000015258789,89.69981384277344
2025-12-19,9.489837646484375,8.59000015258789,89.72930145263672
2025-12-22,9.529501914978027,8.579999923706055,89.72930145263672
2025-12-23,9.529501914978027,8.609999656677246,89.72930145263672
2025-12-24,9.539419174194336,8.640000343322754,89.7587890625
2025-12-26,9.58899974822998,8.59000015258789,89.78826141357422
2025-12-29,9.529999732971191,8.640000343322754,89.78826141357422
2025-12-30,9.600000381469727,8.619999885559082,89.798095703125
2025-12-31,9.569999694824219,8.649999618530273,89.80791473388672
2026-01-02,9.65999984741211,8.640000343322754,89.84723663330078
2026-01-05,9.75,8.579999923706055,89.84723663330078
2026-01-06,9.829999923706055,8.579999923706055,89.8570556640625
2026-01-07,9.760000228881836,8.640000343322754,89.87671661376953
2026-01-08,9.729999542236328,8.6899995803833,89.87671661376953
2026-01-09,9.770000457763672,8.579999923706055,89.89636993408203
2026-01-12,9.800000190734863,8.529999732971191,89.90621185302734
2026-01-13,9.84000015258789,8.489999771118164,89.91602325439453
2026-01-14,9.850000381469727,8.520000457763672,89.92585754394531
2026-01-15,9.829999923706055,8.5,89.92585754394531
2026-01-16,9.770000457763672,8.470000267028809,89.96517181396484
2026-01-20,9.75,8.479999542236328,89.96517181396484
2026-01-21,9.859999656677246,8.539999961853027,89.97500610351562
2026-01-22,9.899999618530273,8.550000190734863,89.98481750488281
2026-01-23,9.9399995803833,8.529999732971191,90.01432037353516
2026-01-26,9.949999809265137,8.59000015258789,90.01432037353516
2026-01-27,10.039999961853027,8.699999809265137,90.02413940429688
2026-01-28,10.130000114440918,8.729999542236328,90.03396606445312
2026-01-29,10.180000305175781,8.800000190734863,90.05361938476562
2026-01-30,10.010000228881836,8.890000343322754,90.07328033447266
2026-02-02,10.0,8.979999542236328,90.08708190917969
2026-02-03,10.140000343322754,8.899999618530273,90.08708190917969
2026-02-04,10.180000305175781,8.859999656677246,90.10680389404297
2026-02-05,10.109999656677246,8.930000305175781,90.10680389404297
2026-02-06,10.220000267028809,8.930000305175781,90.13636779785156
2026-02-09,10.289999961853027,8.859999656677246,90.13636779785156
2026-02-10,10.239999771118164,8.819999694824219,90.14622497558594
2026-02-11,10.329999923706055,8.920000076293945,90.16593933105469
2026-02-12,10.260000228881836,8.859999656677246,90.16593933105469
2026-02-13,10.239999771118164,8.829999923706055,90.20536804199219
2026-02-17,10.1899995803833,8.960000038146973,90.21522521972656
2026-02-18,10.279999732971191,9.050000190734863,90.22509002685547
2026-02-19,10.300000190734863,9.050000190734863,90.22509002685547
2026-02-20,10.34000015258789,9.100000381469727,90.25464630126953
2026-02-23,10.369999885559082,9.109999656677246,90.25464630126953
2026-02-24,10.380000114440918,9.079999923706055,90.27437591552734
2026-02-25,10.4399995803833,9.149999618530273,90.28423309326172
2026-02-26,10.380000114440918,9.170000076293945,90.29408264160156
2026-02-27,10.359999656677246,9.15999984741211,90.31379699707031
2026-03-02,10.399999618530273,9.220000267028809,90.32664489746094
2026-03-03,10.3100004196167,9.170000076293945,90.33654022216797
2026-03-04,10.319999694824219,9.210000038146973,90.34642791748047
2026-03-05,10.279999732971191,9.170000076293945,90.35630798339844
2026-03-06,10.270000457763672,9.109999656677246,90.37606811523438
2026-03-09,10.279999732971191,9.100000381469727,90.38594055175781
2026-03-10,10.34000015258789,9.119999885559082,90.39584350585938
2026-03-11,10.399999618530273,9.140000343322754,90.39584350585938
2026-03-12,10.420000076293945,9.1899995803833,90.41561126708984
2026-03-13,10.369999885559082,9.199999809265137,90.44525909423828
2026-03-16,10.350000381469727,9.210000038146973,90.44525909423828
2026-03-17,10.380000114440918,9.300000190734863,90.45513916015625
2026-03-18,10.449999809265137,9.430000305175781,90.47490692138672
2026-03-19,10.4399995803833,9.470000267028809,90.47490692138672
2026-03-20,10.510000228881836,9.5,90.50455474853516
2026-03-23,10.390000343322754,9.4399995803833,90.51445007324219
2026-03-24,10.489999771118164,9.5,90.52432250976562
2026-03-25,10.470000267028809,9.430000305175781,90.51445007324219
2026-03-26,10.529999732971191,9.5,90.5342025756836
2026-03-27,10.600000381469727,9.529999732971191,90.56385803222656
2026-03-30,10.550000190734863,9.510000228881836,90.57374572753906
2026-03-31,10.5,9.5,90.57374572753906
2026-04-01,10.529999732971191,9.609999656677246,90.5975341796875
2026-04-02,10.5600004196167,9.670000076293945,90.61735534667969
2026-04-06,10.579999923706055,9.670000076293945,90.6371841430664
2026-04-07,10.600000381469727,9.649999618530273,90.64708709716797
2026-04-08,10.479999542236328,9.630000114440918,90.64708709716797
2026-04-09,10.5600004196167,9.600000381469727,90.6570053100586
2026-04-10,10.569999694824219,9.510000228881836,90.68673706054688
2026-04-13,10.569999694824219,9.489999771118164,90.68673706054688
2026-04-14,10.449999809265137,9.399999618530273,90.6966552734375
2026-04-15,10.430000305175781,9.34000015258789,90.7065658569336
2026-04-16,10.4399995803833,9.390000343322754,90.71647644042969
2026-04-17,10.289999961853027,9.300000190734863,90.7462158203125
2026-04-20,10.279999732971191,9.270000457763672,90.7561264038086
2026-04-21,10.350000381469727,9.3100004196167,90.76603698730469
2026-04-22,10.430000305175781,9.369999885559082,90.76603698730469
2026-04-23,10.520000457763672,9.40999984741211,90.78585815429688
2026-04-24,10.5,9.399999618530273,90.80569458007812
2026-04-27,10.529999732971191,9.4399995803833,90.81560516357422
2026-04-28,10.579999923706055,9.510000228881836,90.82550811767578
2026-04-29,10.6899995803833,9.630000114440918,90.82550811767578
2026-04-30,10.619999885559082,9.510000228881836,90.8354263305664
2026-05-01,10.619999885559082,9.539999961853027,90.8652572631836
2026-05-04,10.680000305175781,9.649999618530273,90.8851318359375
2026-05-05,10.699999809265137,9.619999885559082,90.89507293701172
2026-05-06,10.609999656677246,9.550000190734863,90.8851318359375
2026-05-07,10.609999656677246,9.550000190734863,90.90501403808594
2026-05-08,10.630000114440918,9.579999923706055,90.9249038696289
2026-05-11,10.75,9.569999694824219,90.94478607177734
2026-05-12,10.819999694824219,9.550000190734863,90.95471954345703
2026-05-13,10.880000114440918,9.5600004196167,90.95471954345703
2026-05-14,10.850000381469727,9.529999732971191,90.97460174560547
2026-05-15,10.869999885559082,9.619999885559082,90.99449157714844
2026-05-18,10.829999923706055,9.649999618530273,90.99449157714844
2026-05-19,10.819999694824219,9.619999885559082,91.01437377929688
2026-05-20,10.729999542236328,9.600000381469727,91.03424835205078
2026-05-21,10.760000228881836,9.550000190734863,91.03424835205078
2026-05-22,10.75,9.5600004196167,91.05413818359375
2026-05-26,10.729999542236328,9.649999618530273,91.07402038574219
2026-05-27,10.670000076293945,9.550000190734863,91.0839614868164
2026-05-28,10.649999618530273,9.5,91.0938949584961
2026-05-29,10.619999885559082,9.600000381469727,91.12373352050781
2026-06-01,10.760000228881836,9.760000228881836,91.13270568847656
2026-06-02,10.8100004196167,9.760000228881836,91.12272644042969
2026-06-03,10.890000343322754,9.84000015258789,91.1426773071289
2026-06-04,10.819999694824219,9.779999732971191,91.1426773071289
2026-06-05,10.760000228881836,9.850000381469727,91.18254852294922
2026-06-08,10.779999732971191,9.859999656677246,91.1925277709961
2026-06-09,10.710000038146973,9.760000228881836,91.1925277709961
2026-06-10,10.680000305175781,9.739999771118164,91.20249938964844
2026-06-11,10.640000343322754,9.75,91.21247100830078
2026-06-12,10.670000076293945,9.8100004196167,91.24237823486328
2026-06-15,10.609999656677246,9.8100004196167,91.24237823486328
2026-06-16,10.5600004196167,9.670000076293945,91.25234985351562
2026-06-17,10.65999984741211,9.670000076293945,91.26232147216797
2026-06-18,10.59000015258789,9.649999618530273,91.30220031738281
2026-06-22,10.710000038146973,9.770000457763672,91.30220031738281
2026-06-23,10.59000015258789,9.720000267028809,91.31217956542969
2026-06-24,10.4399995803833,9.6899995803833,91.3221435546875
2026-06-25,10.510000228881836,9.6899995803833,91.33211517333984
2026-06-26,10.399999618530273,9.65999984741211,91.36202239990234
2026-06-29,10.399999618530273,9.6899995803833,91.37200164794922
2026-06-30,10.449999809265137,9.670000076293945,91.37200164794922
2026-07-01,10.420000076293945,9.59000015258789,91.4000015258789
2026-07-02,10.329999923706055,9.550000190734863,91.44000244140625
2026-07-06,10.420000076293945,9.579999923706055,91.43000030517578
2026-07-07,10.399999618530273,9.600000381469727,91.44999694824219
2026-07-08,10.470000267028809,9.649999618530273,91.44999694824219
2026-07-09,10.529999732971191,9.710000038146973,91.45999908447266
2026-07-10,10.529999732971191,9.720000267028809,91.5
2026-07-13,10.59000015258789,9.710000038146973,91.5
2026-07-14,10.59000015258789,9.779999732971191,91.51000213623047
2026-07-15,10.5600004196167,9.789999961853027,91.5199966430664
2026-07-16,10.510000228881836,9.819999694824219,91.52999877929688
2026-07-17,10.510000228881836,9.899999618530273,91.55000305175781
2026-07-20,10.5600004196167,9.930000305175781,91.55999755859375
2026-07-21,10.720000267028809,10.020000457763672,91.55999755859375
2026-07-22,10.84000015258789,9.989999771118164,91.58000183105469
2026-07-23,10.869999885559082,10.020000457763672,91.58000183105469
2026-07-24,10.800000190734863,10.069999694824219,91.61000061035156
2026-07-27,10.6899995803833,10.0600004196167,91.62000274658203
2026-07-28,10.520000457763672,10.010000228881836,91.62999725341797
