date,DGS10,DFII10,CPIAUCSL,T10Y2Y,DTWEXBGS
1947-01-01,,,21.48,,
1947-02-01,,,21.62,,
1947-03-01,,,22.0,,
1947-04-01,,,22.0,,
1947-05-01,,,21.95,,
1947-06-01,,,22.08,,
1947-07-01,,,22.23,,
1947-08-01,,,22.4,,
1947-09-01,,,22.84,,
1947-10-01,,,22.91,,
1947-11-01,,,23.06,,
1947-12-01,,,23.41,,
1948-01-01,,,23.68,,
1948-02-01,,,23.67,,
1948-03-01,,,23.5,,
1948-04-01,,,23.82,,
1948-05-01,,,24.01,,
1948-06-01,,,24.15,,
1948-07-01,,,24.4,,
1948-08-01,,,24.43,,
1948-09-01,,,24.36,,
1948-10-01,,,24.31,,
1948-11-01,,,24.16,,
1948-12-01,,,24.05,,
1949-01-01,,,24.01,,
1949-02-01,,,23.91,,
1949-03-01,,,23.91,,
1949-04-01,,,23.92,,
1949-05-01,,,23.91,,
1949-06-01,,,23.92,,
1949-07-01,,,23.7,,
1949-08-01,,,23.7,,
1949-09-01,,,23.75,,
1949-10-01,,,23.67,,
1949-11-01,,,23.7,,
1949-12-01,,,23.61,,
1950-01-01,,,23.51,,
1950-02-01,,,23.61,,
1950-03-01,,,23.64,,
1950-04-01,,,23.65,,
1950-05-01,,,23.77,,
1950-06-01,,,23.88,,
1950-07-01,,,24.07,,
1950-08-01,,,24.2,,
1950-09-01,,,24.34,,
1950-10-01,,,24.5,,
1950-11-01,,,24.6,,
1950-12-01,,,24.98,,
1951-01-01,,,25.38,,
1951-02-01,,,25.83,,
1951-03-01,,,25.88,,
1951-04-01,,,25.92,,
1951-05-01,,,25.99,,
1951-06-01,,,25.93,,
1951-07-01,,,25.91,,
1951-08-01,,,25.86,,
1951-09-01,,,26.03,,
1951-10-01,,,26.16,,
1951-11-01,,,26.32,,
1951-12-01,,,26.47,,
1952-01-01,,,26.45,,
1952-02-01,,,26.41,,
1952-03-01,,,26.39,,
1952-04-01,,,26.46,,
1952-05-01,,,26.47,,
1952-06-01,,,26.53,,
1952-07-01,,,26.68,,
1952-08-01,,,26.69,,
1952-09-01,,,26.63,,
1952-10-01,,,26.69,,
1952-11-01,,,26.69,,
1952-12-01,,,26.71,,
1953-01-01,,,26.64,,
1953-02-01,,,26.59,,
1953-03-01,,,26.63,,
1953-04-01,,,26.69,,
1953-05-01,,,26.7,,
1953-06-01,,,26.77,,
1953-07-01,,,26.79,,
1953-08-01,,,26.85,,
1953-09-01,,,26.89,,
1953-10-01,,,26.95,,
1953-11-01,,,26.85,,
1953-12-01,,,26.87,,
1954-01-01,,,26.94,,
1954-02-01,,,26.99,,
1954-03-01,,,26.93,,
1954-04-01,,,26.86,,
1954-05-01,,,26.93,,
1954-06-01,,,26.94,,
1954-07-01,,,26.86,,
1954-08-01,,,26.85,,
1954-09-01,,,26.81,,
1954-10-01,,,26.72,,
1954-11-01,,,26.78,,
1954-12-01,,,26.77,,
1955-01-01,,,26.77,,
1955-02-01,,,26.82,,
1955-03-01,,,26.79,,
1955-04-01,,,26.79,,
1955-05-01,,,26.77,,
1955-06-01,,,26.71,,
1955-07-01,,,26.76,,
1955-08-01,,,26.72,,
1955-09-01,,,26.85,,
1955-10-01,,,26.82,,
1955-11-01,,,26.88,,
1955-12-01,,,26.87,,
1956-01-01,,,26.83,,
1956-02-01,,,26.86,,
1956-03-01,,,26.89,,
1956-04-01,,,26.93,,
1956-05-01,,,27.03,,
1956-06-01,,,27.15,,
1956-07-01,,,27.29,,
1956-08-01,,,27.31,,
1956-09-01,,,27.35,,
1956-10-01,,,27.51,,
1956-11-01,,,27.51,,
1956-12-01,,,27.63,,
1957-01-01,,,27.67,,
1957-02-01,,,27.8,,
1957-03-01,,,27.86,,
1957-04-01,,,27.93,,
1957-05-01,,,28.0,,
1957-06-01,,,28.11,,
1957-07-01,,,28.19,,
1957-08-01,,,28.28,,
1957-09-01,,,28.32,,
1957-10-01,,,28.32,,
1957-11-01,,,28.41,,
1957-12-01,,,28.47,,
1958-01-01,,,28.64,,
1958-02-01,,,28.7,,
1958-03-01,,,28.87,,
1958-04-01,,,28.94,,
1958-05-01,,,28.94,,
1958-06-01,,,28.91,,
1958-07-01,,,28.89,,
1958-08-01,,,28.94,,
1958-09-01,,,28.91,,
1958-10-01,,,28.91,,
1958-11-01,,,28.95,,
1958-12-01,,,28.97,,
1959-01-01,,,29.01,,
1959-02-01,,,29.0,,
1959-03-01,,,28.97,,
1959-04-01,,,28.98,,
1959-05-01,,,29.04,,
1959-06-01,,,29.11,,
1959-07-01,,,29.15,,
1959-08-01,,,29.18,,
1959-09-01,,,29.25,,
1959-10-01,,,29.35,,
1959-11-01,,,29.35,,
1959-12-01,,,29.41,,
1960-01-01,,,29.37,,
1960-02-01,,,29.41,,
1960-03-01,,,29.41,,
1960-04-01,,,29.54,,
1960-05-01,,,29.57,,
1960-06-01,,,29.61,,
1960-07-01,,,29.55,,
1960-08-01,,,29.61,,
1960-09-01,,,29.61,,
1960-10-01,,,29.75,,
1960-11-01,,,29.78,,
1960-12-01,,,29.81,,
1961-01-01,,,29.84,,
1961-02-01,,,29.84,,
1961-03-01,,,29.84,,
1961-04-01,,,29.81,,
1961-05-01,,,29.84,,
1961-06-01,,,29.84,,
1961-07-01,,,29.92,,
1961-08-01,,,29.94,,
1961-09-01,,,29.98,,
1961-10-01,,,29.98,,
1961-11-01,,,29.98,,
1961-12-01,,,30.01,,
1962-01-01,,,30.04,,
1962-01-02,4.06,,,,
1962-01-03,4.03,,,,
1962-01-04,3.99,,,,
1962-01-05,4.02,,,,
1962-01-08,4.03,,,,
1962-01-09,4.05,,,,
1962-01-10,4.07,,,,
1962-01-11,4.08,,,,
1962-01-12,4.08,,,,
1962-01-15,4.1,,,,
1962-01-16,4.13,,,,
1962-01-17,4.12,,,,
1962-01-18,4.11,,,,
1962-01-19,4.11,,,,
1962-01-22,4.09,,,,
1962-01-23,4.11,,,,
1962-01-24,4.1,,,,
1962-01-25,4.11,,,,
1962-01-26,4.11,,,,
1962-01-29,4.12,,,,
1962-01-30,4.11,,,,
1962-01-31,4.1,,,,
1962-02-01,4.09,,30.11,,
1962-02-02,4.08,,,,
1962-02-05,4.07,,,,
1962-02-06,4.06,,,,
1962-02-07,4.07,,,,
1962-02-08,4.07,,,,
1962-02-09,4.05,,,,
1962-02-12,,,,,
1962-02-13,4.03,,,,
1962-02-14,4.03,,,,
1962-02-15,4.02,,,,
1962-02-16,4.02,,,,
1962-02-19,4.01,,,,
1962-02-20,4.05,,,,
1962-02-21,4.03,,,,
1962-02-22,,,,,
1962-02-23,4.02,,,,
1962-02-26,4.0,,,,
1962-02-27,4.01,,,,
1962-02-28,4.0,,,,
1962-03-01,3.98,,30.17,,
1962-03-02,3.98,,,,
1962-03-05,4.0,,,,
1962-03-06,4.01,,,,
1962-03-07,4.0,,,,
1962-03-08,3.98,,,,
1962-03-09,3.96,,,,
1962-03-12,3.94,,,,
1962-03-13,3.92,,,,
1962-03-14,3.93,,,,
1962-03-15,3.96,,,,
1962-03-16,3.96,,,,
1962-03-19,3.93,,,,
1962-03-20,3.91,,,,
1962-03-21,3.86,,,,
1962-03-22,3.83,,,,
1962-03-23,3.87,,,,
1962-03-26,3.89,,,,
1962-03-27,3.9,,,,
1962-03-28,3.9,,,,
1962-03-29,3.9,,,,
1962-03-30,3.86,,,,
1962-04-01,,,30.21,,
1962-04-02,3.86,,,,
1962-04-03,3.83,,,,
1962-04-04,3.78,,,,
1962-04-05,3.84,,,,
1962-04-06,3.81,,,,
1962-04-09,3.83,,,,
1962-04-10,3.83,,,,
1962-04-11,3.87,,,,
1962-04-12,3.86,,,,
1962-04-13,3.85,,,,
1962-04-16,3.83,,,,
1962-04-17,3.82,,,,
1962-04-18,3.81,,,,
1962-04-19,3.82,,,,
1962-04-20,,,,,
1962-04-23,3.86,,,,
1962-04-24,3.87,,,,
1962-04-25,3.88,,,,
1962-04-26,3.89,,,,
1962-04-27,3.86,,,,
1962-04-30,3.86,,,,
1962-05-01,3.85,,30.24,,
1962-05-02,3.86,,,,
1962-05-03,3.86,,,,
1962-05-04,3.87,,,,
1962-05-07,3.86,,,,
1962-05-08,3.85,,,,
1962-05-09,3.82,,,,
1962-05-10,3.83,,,,
1962-05-11,3.82,,,,
1962-05-14,3.85,,,,
1962-05-15,3.87,,,,
1962-05-16,3.86,,,,
1962-05-17,3.87,,,,
1962-05-18,3.93,,,,
1962-05-21,3.94,,,,
1962-05-22,3.93,,,,
1962-05-23,3.91,,,,
1962-05-24,3.9,,,,
1962-05-25,3.88,,,,
1962-05-28,3.87,,,,
1962-05-29,3.89,,,,
1962-05-30,,,,,
1962-05-31,3.9,,,,
1962-06-01,3.89,,30.21,,
1962-06-04,3.88,,,,
1962-06-05,3.89,,,,
1962-06-06,3.89,,,,
1962-06-07,3.87,,,,
1962-06-08,3.86,,,,
1962-06-11,3.87,,,,
1962-06-12,3.86,,,,
1962-06-13,3.87,,,,
1962-06-14,3.9,,,,
1962-06-15,3.89,,,,
1962-06-18,3.91,,,,
1962-06-19,3.93,,,,
1962-06-20,3.92,,,,
1962-06-21,3.9,,,,
1962-06-22,3.9,,,,
1962-06-25,3.95,,,,
1962-06-26,3.97,,,,
1962-06-27,3.96,,,,
1962-06-28,3.98,,,,
1962-06-29,4.0,,,,
1962-07-01,,,30.22,,
1962-07-02,4.0,,,,
1962-07-03,4.0,,,,
1962-07-04,,,,,
1962-07-05,4.0,,,,
1962-07-06,4.02,,,,
1962-07-09,4.05,,,,
1962-07-10,4.02,,,,
1962-07-11,3.99,,,,
1962-07-12,4.0,,,,
1962-07-13,4.0,,,,
1962-07-16,4.01,,,,
1962-07-17,4.03,,,,
1962-07-18,4.02,,,,
1962-07-19,4.02,,,,
1962-07-20,4.01,,,,
1962-07-23,4.0,,,,
1962-07-24,4.01,,,,
1962-07-25,4.02,,,,
1962-07-26,4.01,,,,
1962-07-27,4.02,,,,
1962-07-30,4.03,,,,
1962-07-31,4.04,,,,
1962-08-01,4.03,,30.28,,
1962-08-02,4.0,,,,
1962-08-03,4.01,,,,
1962-08-06,4.01,,,,
1962-08-07,4.02,,,,
1962-08-08,4.01,,,,
1962-08-09,3.99,,,,
1962-08-10,3.99,,,,
1962-08-13,3.99,,,,
1962-08-14,3.98,,,,
1962-08-15,3.98,,,,
1962-08-16,3.96,,,,
1962-08-17,3.96,,,,
1962-08-20,3.94,,,,
1962-08-21,3.94,,,,
1962-08-22,3.95,,,,
1962-08-23,3.95,,,,
1962-08-24,3.95,,,,
1962-08-27,3.95,,,,
1962-08-28,3.96,,,,
1962-08-29,3.96,,,,
1962-08-30,3.95,,,,
1962-08-31,3.96,,,,
1962-09-01,,,30.42,,
1962-09-03,,,,,
1962-09-04,3.96,,,,
1962-09-05,3.97,,,,
1962-09-06,3.99,,,,
1962-09-07,4.01,,,,
1962-09-10,4.0,,,,
1962-09-11,4.0,,,,
1962-09-12,4.0,,,,
1962-09-13,3.99,,,,
1962-09-14,3.99,,,,
1962-09-17,3.99,,,,
1962-09-18,3.98,,,,
1962-09-19,3.99,,,,
1962-09-20,3.98,,,,
1962-09-21,3.98,,,,
1962-09-24,3.97,,,,
1962-09-25,3.96,,,,
1962-09-26,3.95,,,,
1962-09-27,3.95,,,,
1962-09-28,3.94,,,,
1962-10-01,3.93,,30.38,,
1962-10-02,3.92,,,,
1962-10-03,3.9,,,,
1962-10-04,3.9,,,,
1962-10-05,3.92,,,,
1962-10-08,3.93,,,,
1962-10-09,3.95,,,,
1962-10-10,3.93,,,,
1962-10-11,3.94,,,,
1962-10-12,,,,,
1962-10-15,3.94,,,,
1962-10-16,3.94,,,,
1962-10-17,3.94,,,,
1962-10-18,3.92,,,,
1962-10-19,3.88,,,,
1962-10-22,3.91,,,,
1962-10-23,3.94,,,,
1962-10-24,3.94,,,,
1962-10-25,3.94,,,,
1962-10-26,3.93,,,,
1962-10-29,3.92,,,,
1962-10-30,3.92,,,,
1962-10-31,3.92,,,,
1962-11-01,3.92,,30.38,,
1962-11-02,3.91,,,,
1962-11-05,3.91,,,,
1962-11-06,,,,,
1962-11-07,3.91,,,,
1962-11-08,3.9,,,,
1962-11-09,3.89,,,,
1962-11-12,,,,,
1962-11-13,3.9,,,,
1962-11-14,3.91,,,,
1962-11-15,3.91,,,,
1962-11-16,3.93,,,,
1962-11-19,3.93,,,,
1962-11-20,3.93,,,,
1962-11-21,3.92,,,,
1962-11-22,,,,,
1962-11-23,3.92,,,,
1962-11-26,3.93,,,,
1962-11-27,3.92,,,,
1962-11-28,3.92,,,,
1962-11-29,3.92,,,,
1962-11-30,3.92,,,,
1962-12-01,,,30.38,,
1962-12-03,3.93,,,,
1962-12-04,3.94,,,,
1962-12-05,3.93,,,,
1962-12-06,3.92,,,,
1962-12-07,3.91,,,,
1962-12-10,3.9,,,,
1962-12-11,3.89,,,,
1962-12-12,3.88,,,,
1962-12-13,3.88,,,,
1962-12-14,3.87,,,,
1962-12-17,3.85,,,,
1962-12-18,3.83,,,,
1962-12-19,3.84,,,,
1962-12-20,3.83,,,,
1962-12-21,3.81,,,,
1962-12-24,3.79,,,,
1962-12-25,,,,,
1962-12-26,3.79,,,,
1962-12-27,3.81,,,,
1962-12-28,3.84,,,,
1962-12-31,3.85,,,,
1963-01-01,,,30.44,,
1963-01-02,3.82,,,,
1963-01-03,3.81,,,,
1963-01-04,3.84,,,,
1963-01-07,3.83,,,,
1963-01-08,3.81,,,,
1963-01-09,3.82,,,,
1963-01-10,3.81,,,,
1963-01-11,3.8,,,,
1963-01-14,3.81,,,,
1963-01-15,3.8,,,,
1963-01-16,3.8,,,,
1963-01-17,3.82,,,,
1963-01-18,3.84,,,,
1963-01-21,3.85,,,,
1963-01-22,3.86,,,,
1963-01-23,3.86,,,,
1963-01-24,3.86,,,,
1963-01-25,3.85,,,,
1963-01-28,3.86,,,,
1963-01-29,3.86,,,,
1963-01-30,3.86,,,,
1963-01-31,3.87,,,,
1963-02-01,3.88,,30.48,,
1963-02-04,3.89,,,,
1963-02-05,3.9,,,,
1963-02-06,3.91,,,,
1963-02-07,3.91,,,,
1963-02-08,3.91,,,,
1963-02-11,3.92,,,,
1963-02-12,,,,,
1963-02-13,3.92,,,,
1963-02-14,3.91,,,,
1963-02-15,3.91,,,,
1963-02-18,3.91,,,,
1963-02-19,3.93,,,,
1963-02-20,3.94,,,,
1963-02-21,3.95,,,,
1963-02-22,,,,,
1963-02-25,3.95,,,,
1963-02-26,3.95,,,,
1963-02-27,3.95,,,,
1963-02-28,3.94,,,,
1963-03-01,3.93,,30.51,,
1963-03-04,3.92,,,,
1963-03-05,3.92,,,,
1963-03-06,3.91,,,,
1963-03-07,3.92,,,,
1963-03-08,3.92,,,,
1963-03-11,3.92,,,,
1963-03-12,3.92,,,,
1963-03-13,3.92,,,,
1963-03-14,3.92,,,,
1963-03-15,3.92,,,,
1963-03-18,3.92,,,,
1963-03-19,3.92,,,,
1963-03-20,3.92,,,,
1963-03-21,3.92,,,,
1963-03-22,3.93,,,,
1963-03-25,3.94,,,,
1963-03-26,3.96,,,,
1963-03-27,3.96,,,,
1963-03-28,3.96,,,,
1963-03-29,3.95,,,,
1963-04-01,3.95,,30.48,,
1963-04-02,3.96,,,,
1963-04-03,3.96,,,,
1963-04-04,3.95,,,,
1963-04-05,3.95,,,,
1963-04-08,3.97,,,,
1963-04-09,3.98,,,,
1963-04-10,4.0,,,,
1963-04-11,4.0,,,,
1963-04-12,,,,,
1963-04-15,4.01,,,,
1963-04-16,4.0,,,,
1963-04-17,4.0,,,,
1963-04-18,3.99,,,,
1963-04-19,3.97,,,,
1963-04-22,3.97,,,,
1963-04-23,3.97,,,,
1963-04-24,3.96,,,,
1963-04-25,3.95,,,,
1963-04-26,3.95,,,,
1963-04-29,3.95,,,,
1963-04-30,3.95,,,,
1963-05-01,3.94,,30.51,,
1963-05-02,3.94,,,,
1963-05-03,3.93,,,,
1963-05-06,3.92,,,,
1963-05-07,3.91,,,,
1963-05-08,3.92,,,,
1963-05-09,3.93,,,,
1963-05-10,3.93,,,,
1963-05-13,3.92,,,,
1963-05-14,3.91,,,,
1963-05-15,3.91,,,,
1963-05-16,3.9,,,,
1963-05-17,3.92,,,,
1963-05-20,3.93,,,,
1963-05-21,3.92,,,,
1963-05-22,3.92,,,,
1963-05-23,3.93,,,,
1963-05-24,3.95,,,,
1963-05-27,3.95,,,,
1963-05-28,3.96,,,,
1963-05-29,3.96,,,,
1963-05-30,,,,,
1963-05-31,3.96,,,,
1963-06-01,,,30.61,,
1963-06-03,3.98,,,,
1963-06-04,3.98,,,,
1963-06-05,3.98,,,,
1963-06-06,3.99,,,,
1963-06-07,3.99,,,,
1963-06-10,3.99,,,,
1963-06-11,3.98,,,,
1963-06-12,3.99,,,,
1963-06-13,3.99,,,,
1963-06-14,3.99,,,,
1963-06-17,4.0,,,,
1963-06-18,4.0,,,,
1963-06-19,4.0,,,,
1963-06-20,4.0,,,,
1963-06-21,4.0,,,,
1963-06-24,4.0,,,,
1963-06-25,4.0,,,,
1963-06-26,4.0,,,,
1963-06-27,4.0,,,,
1963-06-28,4.0,,,,
1963-07-01,4.01,,30.69,,
1963-07-02,4.03,,,,
1963-07-03,4.03,,,,
1963-07-04,,,,,
1963-07-05,4.04,,,,
1963-07-08,4.05,,,,
1963-07-09,4.04,,,,
1963-07-10,4.03,,,,
1963-07-11,4.04,,,,
1963-07-12,4.03,,,,
1963-07-15,4.02,,,,
1963-07-16,4.02,,,,
1963-07-17,4.03,,,,
1963-07-18,4.02,,,,
1963-07-19,4.02,,,,
1963-07-22,4.02,,,,
1963-07-23,4.02,,,,
1963-07-24,4.01,,,,
1963-07-25,4.01,,,,
1963-07-26,3.99,,,,
1963-07-29,3.99,,,,
1963-07-30,4.0,,,,
1963-07-31,4.0,,,,
1963-08-01,3.99,,30.75,,
1963-08-02,3.99,,,,
1963-08-05,3.99,,,,
1963-08-06,4.0,,,,
1963-08-07,4.01,,,,
1963-08-08,4.0,,,,
1963-08-09,4.0,,,,
1963-08-12,4.01,,,,
1963-08-13,4.02,,,,
1963-08-14,4.02,,,,
1963-08-15,4.01,,,,
1963-08-16,4.0,,,,
1963-08-19,3.99,,,,
1963-08-20,3.99,,,,
1963-08-21,4.0,,,,
1963-08-22,4.0,,,,
1963-08-23,4.0,,,,
1963-08-26,4.0,,,,
1963-08-27,4.0,,,,
1963-08-28,4.0,,,,
1963-08-29,4.01,,,,
1963-08-30,4.02,,,,
1963-09-01,,,30.72,,
1963-09-02,,,,,
1963-09-03,4.03,,,,
1963-09-04,4.04,,,,
1963-09-05,4.08,,,,
1963-09-06,4.09,,,,
1963-09-09,4.09,,,,
1963-09-10,4.09,,,,
1963-09-11,4.09,,,,
1963-09-12,4.09,,,,
1963-09-13,4.09,,,,
1963-09-16,4.09,,,,
1963-09-17,4.09,,,,
1963-09-18,4.08,,,,
1963-09-19,4.08,,,,
1963-09-20,4.07,,,,
1963-09-23,4.07,,,,
1963-09-24,4.08,,,,
1963-09-25,4.08,,,,
1963-09-26,4.08,,,,
1963-09-27,4.07,,,,
1963-09-30,4.07,,,,
1963-10-01,4.07,,30.75,,
1963-10-02,4.07,,,,
1963-10-03,4.07,,,,
1963-10-04,4.08,,,,
1963-10-07,4.08,,,,
1963-10-08,4.09,,,,
1963-10-09,4.1,,,,
1963-10-10,4.1,,,,
1963-10-11,4.1,,,,
1963-10-14,4.1,,,,
1963-10-15,4.11,,,,
1963-10-16,4.11,,,,
1963-10-17,4.12,,,,
1963-10-18,4.12,,,,
1963-10-21,4.12,,,,
1963-10-22,4.11,,,,
1963-10-23,4.12,,,,
1963-10-24,4.11,,,,
1963-10-25,4.12,,,,
1963-10-28,4.12,,,,
1963-10-29,4.13,,,,
1963-10-30,4.14,,,,
1963-10-31,4.15,,,,
1963-11-01,4.15,,30.78,,
1963-11-04,4.15,,,,
1963-11-05,,,,,
1963-11-06,4.17,,,,
1963-11-07,4.17,,,,
1963-11-08,4.16,,,,
1963-11-11,,,,,
1963-11-12,4.16,,,,
1963-11-13,4.15,,,,
1963-11-14,4.12,,,,
1963-11-15,4.11,,,,
1963-11-18,4.11,,,,
1963-11-19,4.1,,,,
1963-11-20,4.09,,,,
1963-11-21,4.1,,,,
1963-11-22,4.09,,,,
1963-11-25,,,,,
1963-11-26,4.08,,,,
1963-11-27,4.08,,,,
1963-11-28,,,,,
1963-11-29,4.08,,,,
1963-12-01,,,30.88,,
1963-12-02,4.09,,,,
1963-12-03,4.1,,,,
1963-12-04,4.1,,,,
1963-12-05,4.11,,,,
1963-12-06,4.11,,,,
1963-12-09,4.1,,,,
1963-12-10,4.1,,,,
1963-12-11,4.12,,,,
1963-12-12,4.12,,,,
1963-12-13,4.13,,,,
1963-12-16,4.15,,,,
1963-12-17,4.15,,,,
1963-12-18,4.15,,,,
1963-12-19,4.14,,,,
1963-12-20,4.15,,,,
1963-12-23,4.15,,,,
1963-12-24,4.15,,,,
1963-12-25,,,,,
1963-12-26,4.15,,,,
1963-12-27,4.15,,,,
1963-12-30,4.14,,,,
1963-12-31,4.14,,,,
1964-01-01,,,30.94,,
1964-01-02,4.14,,,,
1964-01-03,4.15,,,,
1964-01-06,4.16,,,,
1964-01-07,4.15,,,,
1964-01-08,4.18,,,,
1964-01-09,4.18,,,,
1964-01-10,4.18,,,,
1964-01-13,4.18,,,,
1964-01-14,4.18,,,,
1964-01-15,4.18,,,,
1964-01-16,4.17,,,,
1964-01-17,4.17,,,,
1964-01-20,4.16,,,,
1964-01-21,4.16,,,,
1964-01-22,4.16,,,,
1964-01-23,4.16,,,,
1964-01-24,4.18,,,,
1964-01-27,4.18,,,,
1964-01-28,4.17,,,,
1964-01-29,4.17,,,,
1964-01-30,4.16,,,,
1964-01-31,4.15,,,,
1964-02-01,,,30.91,,
1964-02-03,4.15,,,,
1964-02-04,4.15,,,,
1964-02-05,4.15,,,,
1964-02-06,4.14,,,,
1964-02-07,4.14,,,,
1964-02-10,4.14,,,,
1964-02-11,4.14,,,,
1964-02-12,,,,,
1964-02-13,4.13,,,,
1964-02-14,4.13,,,,
1964-02-17,4.13,,,,
1964-02-18,4.14,,,,
1964-02-19,4.14,,,,
1964-02-20,4.14,,,,
1964-02-21,,,,,
1964-02-24,4.15,,,,
1964-02-25,4.15,,,,
1964-02-26,4.15,,,,
1964-02-27,4.17,,,,
1964-02-28,4.18,,,,
1964-03-01,,,30.94,,
1964-03-02,4.17,,,,
1964-03-03,4.18,,,,
1964-03-04,4.19,,,,
1964-03-05,4.19,,,,
1964-03-06,4.19,,,,
1964-03-09,4.2,,,,
1964-03-10,4.2,,,,
1964-03-11,4.21,,,,
1964-03-12,4.21,,,,
1964-03-13,4.22,,,,
1964-03-16,4.21,,,,
1964-03-17,4.22,,,,
1964-03-18,4.23,,,,
1964-03-19,4.24,,,,
1964-03-20,4.25,,,,
1964-03-23,4.25,,,,
1964-03-24,4.26,,,,
1964-03-25,4.26,,,,
1964-03-26,4.25,,,,
1964-03-27,,,,,
1964-03-30,4.25,,,,
1964-03-31,4.23,,,,
1964-04-01,4.23,,30.95,,
1964-04-02,4.24,,,,
1964-04-03,4.25,,,,
1964-04-06,4.25,,,,
1964-04-07,4.25,,,,
1964-04-08,4.22,,,,
1964-04-09,4.22,,,,
1964-04-10,4.22,,,,
1964-04-13,4.23,,,,
1964-04-14,4.24,,,,
1964-04-15,4.23,,,,
1964-04-16,4.23,,,,
1964-04-17,4.24,,,,
1964-04-20,4.24,,,,
1964-04-21,4.23,,,,
1964-04-22,4.23,,,,
1964-04-23,4.23,,,,
1964-04-24,4.23,,,,
1964-04-27,4.23,,,,
1964-04-28,4.23,,,,
1964-04-29,4.22,,,,
1964-04-30,4.22,,,,
1964-05-01,4.22,,30.98,,
1964-05-04,4.22,,,,
1964-05-05,4.22,,,,
1964-05-06,4.22,,,,
1964-05-07,4.22,,,,
1964-05-08,4.2,,,,
1964-05-11,4.19,,,,
1964-05-12,4.19,,,,
1964-05-13,4.19,,,,
1964-05-14,4.19,,,,
1964-05-15,4.19,,,,
1964-05-18,4.19,,,,
1964-05-19,4.19,,,,
1964-05-20,4.2,,,,
1964-05-21,4.2,,,,
1964-05-22,4.2,,,,
1964-05-25,4.19,,,,
1964-05-26,4.19,,,,
1964-05-27,4.2,,,,
1964-05-28,4.19,,,,
1964-05-29,,,,,
1964-06-01,4.19,,31.01,,
1964-06-02,4.19,,,,
1964-06-03,4.19,,,,
1964-06-04,4.19,,,,
1964-06-05,4.18,,,,
1964-06-08,4.18,,,,
1964-06-09,4.17,,,,
1964-06-10,4.17,,,,
1964-06-11,4.18,,,,
1964-06-12,4.18,,,,
1964-06-15,4.18,,,,
1964-06-16,4.18,,,,
1964-06-17,4.18,,,,
1964-06-18,4.17,,,,
1964-06-19,4.16,,,,
1964-06-22,4.15,,,,
1964-06-23,4.15,,,,
1964-06-24,4.15,,,,
1964-06-25,4.15,,,,
1964-06-26,4.15,,,,
1964-06-29,4.15,,,,
1964-06-30,4.15,,,,
1964-07-01,4.15,,31.02,,
1964-07-02,4.15,,,,
1964-07-03,,,,,
1964-07-06,4.16,,,,
1964-07-07,4.15,,,,
1964-07-08,4.15,,,,
1964-07-09,4.18,,,,
1964-07-10,4.19,,,,
1964-07-13,4.19,,,,
1964-07-14,4.19,,,,
1964-07-15,4.19,,,,
1964-07-16,4.19,,,,
1964-07-17,4.2,,,,
1964-07-20,4.21,,,,
1964-07-21,4.2,,,,
1964-07-22,4.21,,,,
1964-07-23,4.2,,,,
1964-07-24,4.2,,,,
1964-07-27,4.2,,,,
1964-07-28,4.2,,,,
1964-07-29,4.2,,,,
1964-07-30,4.19,,,,
1964-07-31,4.19,,,,
1964-08-01,,,31.05,,
1964-08-03,4.19,,,,
1964-08-04,4.19,,,,
1964-08-05,4.19,,,,
1964-08-06,4.18,,,,
1964-08-07,4.19,,,,
1964-08-10,4.19,,,,
1964-08-11,4.2,,,,
1964-08-12,4.2,,,,
1964-08-13,4.19,,,,
1964-08-14,4.19,,,,
1964-08-17,4.19,,,,
1964-08-18,4.19,,,,
1964-08-19,4.19,,,,
1964-08-20,4.19,,,,
1964-08-21,4.19,,,,
1964-08-24,4.19,,,,
1964-08-25,4.2,,,,
1964-08-26,4.2,,,,
1964-08-27,4.2,,,,
1964-08-28,4.21,,,,
1964-08-31,4.21,,,,
1964-09-01,4.21,,31.08,,
1964-09-02,4.22,,,,
1964-09-03,4.22,,,,
1964-09-04,4.22,,,,
1964-09-07,,,,,
1964-09-08,4.22,,,,
1964-09-09,4.22,,,,
1964-09-10,4.22,,,,
1964-09-11,4.22,,,,
1964-09-14,4.22,,,,
1964-09-15,4.22,,,,
1964-09-16,4.21,,,,
1964-09-17,4.2,,,,
1964-09-18,4.2,,,,
1964-09-21,4.19,,,,
1964-09-22,4.19,,,,
1964-09-23,4.19,,,,
1964-09-24,4.19,,,,
1964-09-25,4.19,,,,
1964-09-28,4.17,,,,
1964-09-29,4.18,,,,
1964-09-30,4.18,,,,
1964-10-01,4.18,,31.12,,
1964-10-02,4.18,,,,
1964-10-05,4.2,,,,
1964-10-06,4.19,,,,
1964-10-07,4.19,,,,
1964-10-08,4.19,,,,
1964-10-09,4.19,,,,
1964-10-12,,,,,
1964-10-13,4.19,,,,
1964-10-14,4.19,,,,
1964-10-15,4.2,,,,
1964-10-16,4.21,,,,
1964-10-19,4.21,,,,
1964-10-20,4.2,,,,
1964-10-21,4.19,,,,
1964-10-22,4.19,,,,
1964-10-23,4.19,,,,
1964-10-26,4.19,,,,
1964-10-27,4.18,,,,
1964-10-28,4.17,,,,
1964-10-29,4.16,,,,
1964-10-30,4.16,,,,
1964-11-01,,,31.21,,
1964-11-02,4.15,,,,
1964-11-03,,,,,
1964-11-04,4.15,,,,
1964-11-05,4.15,,,,
1964-11-06,4.15,,,,
1964-11-09,4.15,,,,
1964-11-10,4.14,,,,
1964-11-11,,,,,
1964-11-12,4.12,,,,
1964-11-13,4.13,,,,
1964-11-16,4.13,,,,
1964-11-17,4.14,,,,
1964-11-18,4.14,,,,
1964-11-19,4.13,,,,
1964-11-20,4.13,,,,
1964-11-23,4.18,,,,
1964-11-24,4.18,,,,
1964-11-25,4.19,,,,
1964-11-26,,,,,
1964-11-27,4.19,,,,
1964-11-30,4.2,,,,
1964-12-01,4.2,,31.25,,
1964-12-02,4.19,,,,
1964-12-03,4.18,,,,
1964-12-04,4.18,,,,
1964-12-07,4.17,,,,
1964-12-08,4.16,,,,
1964-12-09,4.16,,,,
1964-12-10,4.15,,,,
1964-12-11,4.15,,,,
1964-12-14,4.16,,,,
1964-12-15,4.17,,,,
1964-12-16,4.18,,,,
1964-12-17,4.18,,,,
1964-12-18,4.19,,,,
1964-12-21,4.18,,,,
1964-12-22,4.18,,,,
1964-12-23,4.19,,,,
1964-12-24,4.19,,,,
1964-12-25,,,,,
1964-12-28,4.19,,,,
1964-12-29,4.19,,,,
1964-12-30,4.2,,,,
1964-12-31,4.21,,,,
1965-01-01,,,31.28,,
1965-01-04,4.2,,,,
1965-01-05,4.2,,,,
1965-01-06,4.2,,,,
1965-01-07,4.2,,,,
1965-01-08,4.2,,,,
1965-01-11,4.2,,,,
1965-01-12,4.19,,,,
1965-01-13,4.19,,,,
1965-01-14,4.19,,,,
1965-01-15,4.19,,,,
1965-01-18,4.19,,,,
1965-01-19,4.18,,,,
1965-01-20,4.18,,,,
1965-01-21,4.17,,,,
1965-01-22,4.17,,,,
1965-01-25,4.18,,,,
1965-01-26,4.19,,,,
1965-01-27,4.19,,,,
1965-01-28,4.19,,,,
1965-01-29,4.19,,,,
1965-02-01,4.2,,31.28,,
1965-02-02,4.2,,,,
1965-02-03,4.2,,,,
1965-02-04,4.21,,,,
1965-02-05,4.22,,,,
1965-02-08,4.21,,,,
1965-02-09,4.21,,,,
1965-02-10,4.21,,,,
1965-02-11,4.21,,,,
1965-02-12,,,,,
1965-02-15,4.22,,,,
1965-02-16,4.21,,,,
1965-02-17,4.21,,,,
1965-02-18,4.21,,,,
1965-02-19,4.22,,,,
1965-02-22,,,,,
1965-02-23,4.21,,,,
1965-02-24,4.22,,,,
1965-02-25,4.21,,,,
1965-02-26,4.22,,,,
1965-03-01,4.22,,31.31,,
1965-03-02,4.24,,,,
1965-03-03,4.23,,,,
1965-03-04,4.22,,,,
1965-03-05,4.23,,,,
1965-03-08,4.23,,,,
1965-03-09,4.23,,,,
1965-03-10,4.23,,,,
1965-03-11,4.22,,,,
1965-03-12,4.22,,,,
1965-03-15,4.21,,,,
1965-03-16,4.21,,,,
1965-03-17,4.2,,,,
1965-03-18,4.2,,,,
1965-03-19,4.2,,,,
1965-03-22,4.19,,,,
1965-03-23,4.19,,,,
1965-03-24,4.18,,,,
1965-03-25,4.19,,,,
1965-03-26,4.2,,,,
1965-03-29,4.2,,,,
1965-03-30,4.2,,,,
1965-03-31,4.2,,,,
1965-04-01,4.2,,31.38,,
1965-04-02,4.2,,,,
1965-04-05,4.2,,,,
1965-04-06,4.2,,,,
1965-04-07,4.2,,,,
1965-04-08,4.19,,,,
1965-04-09,4.2,,,,
1965-04-12,4.2,,,,
1965-04-13,4.2,,,,
1965-04-14,4.19,,,,
1965-04-15,4.2,,,,
1965-04-16,,,,,
1965-04-19,4.21,,,,
1965-04-20,4.21,,,,
1965-04-21,4.21,,,,
1965-04-22,4.21,,,,
1965-04-23,4.21,,,,
1965-04-26,4.21,,,,
1965-04-27,4.21,,,,
1965-04-28,4.21,,,,
1965-04-29,4.21,,,,
1965-04-30,4.21,,,,
1965-05-01,,,31.48,,
1965-05-03,4.21,,,,
1965-05-04,4.2,,,,
1965-05-05,4.2,,,,
1965-05-06,4.2,,,,
1965-05-07,4.2,,,,
1965-05-10,4.2,,,,
1965-05-11,4.2,,,,
1965-05-12,4.2,,,,
1965-05-13,4.21,,,,
1965-05-14,4.21,,,,
1965-05-17,4.21,,,,
1965-05-18,4.22,,,,
1965-05-19,4.22,,,,
1965-05-20,4.22,,,,
1965-05-21,4.22,,,,
1965-05-24,4.22,,,,
1965-05-25,4.22,,,,
1965-05-26,4.22,,,,
1965-05-27,4.22,,,,
1965-05-28,4.23,,,,
1965-05-31,,,,,
1965-06-01,4.23,,31.61,,
1965-06-02,4.23,,,,
1965-06-03,4.23,,,,
1965-06-04,4.23,,,,
1965-06-07,4.23,,,,
1965-06-08,4.23,,,,
1965-06-09,4.23,,,,
1965-06-10,4.23,,,,
1965-06-11,4.23,,,,
1965-06-14,4.21,,,,
1965-06-15,4.21,,,,
1965-06-16,4.21,,,,
1965-06-17,4.21,,,,
1965-06-18,4.21,,,,
1965-06-21,4.2,,,,
1965-06-22,4.2,,,,
1965-06-23,4.2,,,,
1965-06-24,4.19,,,,
1965-06-25,4.19,,,,
1965-06-28,4.19,,,,
1965-06-29,4.2,,,,
1965-06-30,4.2,,,,
1965-07-01,4.2,,31.58,,
1965-07-02,4.21,,,,
1965-07-05,,,,,
1965-07-06,4.21,,,,
1965-07-07,4.21,,,,
1965-07-08,4.2,,,,
1965-07-09,4.21,,,,
1965-07-12,4.21,,,,
1965-07-13,4.21,,,,
1965-07-14,4.21,,,,
1965-07-15,4.2,,,,
1965-07-16,4.2,,,,
1965-07-19,4.2,,,,
1965-07-20,4.2,,,,
1965-07-21,4.2,,,,
1965-07-22,4.2,,,,
1965-07-23,4.2,,,,
1965-07-26,4.2,,,,
1965-07-27,4.2,,,,
1965-07-28,4.2,,,,
1965-07-29,4.21,,,,
1965-07-30,4.22,,,,
1965-08-01,,,31.55,,
1965-08-02,4.22,,,,
1965-08-03,4.22,,,,
1965-08-04,4.23,,,,
1965-08-05,4.23,,,,
1965-08-06,4.24,,,,
1965-08-09,4.24,,,,
1965-08-10,4.24,,,,
1965-08-11,4.25,,,,
1965-08-12,4.25,,,,
1965-08-13,4.25,,,,
1965-08-16,4.26,,,,
1965-08-17,4.27,,,,
1965-08-18,4.26,,,,
1965-08-19,4.26,,,,
1965-08-20,4.26,,,,
1965-08-23,4.26,,,,
1965-08-24,4.27,,,,
1965-08-25,4.26,,,,
1965-08-26,4.27,,,,
1965-08-27,4.27,,,,
1965-08-30,4.27,,,,
1965-08-31,4.27,,,,
1965-09-01,4.28,,31.62,,
1965-09-02,4.28,,,,
1965-09-03,4.27,,,,
1965-09-06,,,,,
1965-09-07,4.27,,,,
1965-09-08,4.27,,,,
1965-09-09,4.27,,,,
1965-09-10,4.28,,,,
1965-09-13,4.28,,,,
1965-09-14,4.28,,,,
1965-09-15,4.28,,,,
1965-09-16,4.27,,,,
1965-09-17,4.27,,,,
1965-09-20,4.27,,,,
1965-09-21,4.28,,,,
1965-09-22,4.29,,,,
1965-09-23,4.3,,,,
1965-09-24,4.31,,,,
1965-09-27,4.31,,,,
1965-09-28,4.33,,,,
1965-09-29,4.36,,,,
1965-09-30,4.35,,,,
1965-10-01,4.36,,31.65,,
1965-10-04,4.35,,,,
1965-10-05,4.33,,,,
1965-10-06,4.32,,,,
1965-10-07,4.31,,,,
1965-10-08,4.32,,,,
1965-10-11,4.31,,,,
1965-10-12,,,,,
1965-10-13,4.3,,,,
1965-10-14,4.31,,,,
1965-10-15,4.34,,,,
1965-10-18,4.34,,,,
1965-10-19,4.35,,,,
1965-10-20,4.36,,,,
1965-10-21,4.37,,,,
1965-10-22,4.36,,,,
1965-10-25,4.38,,,,
1965-10-26,4.38,,,,
1965-10-27,4.39,,,,
1965-10-28,4.4,,,,
1965-10-29,4.41,,,,
1965-11-01,4.43,,31.75,,
1965-11-02,,,,,
1965-11-03,4.43,,,,
1965-11-04,4.43,,,,
1965-11-05,4.43,,,,
1965-11-08,4.45,,,,
1965-11-09,4.47,,,,
1965-11-10,4.46,,,,
1965-11-11,,,,,
1965-11-12,4.44,,,,
1965-11-15,4.45,,,,
1965-11-16,4.44,,,,
1965-11-17,4.45,,,,
1965-11-18,4.45,,,,
1965-11-19,4.46,,,,
1965-11-22,4.45,,,,
1965-11-23,4.45,,,,
1965-11-24,4.45,,,,
1965-11-25,,,,,
1965-11-26,4.45,,,,
1965-11-29,4.46,,,,
1965-11-30,4.48,,,,
1965-12-01,4.52,,31.85,,
1965-12-02,4.52,,,,
1965-12-03,4.52,,,,
1965-12-06,4.61,,,,
1965-12-07,4.59,,,,
1965-12-08,4.6,,,,
1965-12-09,4.6,,,,
1965-12-10,4.6,,,,
1965-12-13,4.65,,,,
1965-12-14,4.67,,,,
1965-12-15,4.67,,,,
1965-12-16,4.66,,,,
1965-12-17,4.65,,,,
1965-12-20,4.61,,,,
1965-12-21,4.64,,,,
1965-12-22,4.65,,,,
1965-12-23,4.65,,,,
1965-12-24,,,,,
1965-12-27,4.62,,,,
1965-12-28,4.61,,,,
1965-12-29,4.62,,,,
1965-12-30,4.63,,,,
1965-12-31,4.65,,,,
1966-01-01,,,31.88,,
1966-01-03,4.63,,,,
1966-01-04,4.65,,,,
1966-01-05,4.63,,,,
1966-01-06,4.6,,,,
1966-01-07,4.6,,,,
1966-01-10,4.61,,,,
1966-01-11,4.6,,,,
1966-01-12,4.56,,,,
1966-01-13,4.58,,,,
1966-01-14,4.59,,,,
1966-01-17,4.61,,,,
1966-01-18,4.61,,,,
1966-01-19,4.61,,,,
1966-01-20,4.6,,,,
1966-01-21,4.59,,,,
1966-01-24,4.6,,,,
1966-01-25,4.61,,,,
1966-01-26,4.61,,,,
1966-01-27,4.63,,,,
1966-01-28,4.65,,,,
1966-01-31,4.69,,,,
1966-02-01,4.69,,32.08,,
1966-02-02,4.7,,,,
1966-02-03,4.7,,,,
1966-02-04,4.71,,,,
1966-02-07,4.73,,,,
1966-02-08,4.72,,,,
1966-02-09,4.74,,,,
1966-02-10,4.78,,,,
1966-02-11,4.86,,,,
1966-02-14,4.87,,,,
1966-02-15,4.88,,,,
1966-02-16,4.89,,,,
1966-02-17,4.88,,,,
1966-02-18,4.9,,,,
1966-02-21,4.92,,,,
1966-02-22,,,,,
1966-02-23,4.92,,,,
1966-02-24,4.93,,,,
1966-02-25,4.97,,,,
1966-02-28,5.02,,,,
1966-03-01,5.01,,32.18,,
1966-03-02,5.0,,,,
1966-03-03,5.0,,,,
1966-03-04,4.98,,,,
1966-03-07,4.96,,,,
1966-03-08,4.93,,,,
1966-03-09,4.93,,,,
1966-03-10,4.95,,,,
1966-03-11,4.96,,,,
1966-03-14,4.94,,,,
1966-03-15,4.91,,,,
1966-03-16,4.9,,,,
1966-03-17,4.86,,,,
1966-03-18,4.84,,,,
1966-03-21,4.81,,,,
1966-03-22,4.78,,,,
1966-03-23,4.73,,,,
1966-03-24,4.76,,,,
1966-03-25,4.82,,,,
1966-03-28,4.81,,,,
1966-03-29,4.8,,,,
1966-03-30,4.7,,,,
1966-03-31,4.71,,,,
1966-04-01,4.7,,32.28,,
1966-04-04,4.69,,,,
1966-04-05,4.66,,,,
1966-04-06,4.71,,,,
1966-04-07,4.73,,,,
1966-04-08,,,,,
1966-04-11,4.73,,,,
1966-04-12,4.73,,,,
1966-04-13,4.74,,,,
1966-04-14,4.76,,,,
1966-04-15,4.77,,,,
1966-04-18,4.76,,,,
1966-04-19,4.76,,,,
1966-04-20,4.8,,,,
1966-04-21,4.77,,,,
1966-04-22,4.77,,,,
1966-04-25,4.78,,,,
1966-04-26,4.79,,,,
1966-04-27,4.78,,,,
1966-04-28,4.78,,,,
1966-04-29,4.79,,,,
1966-05-01,,,32.35,,
1966-05-02,4.8,,,,
1966-05-03,4.81,,,,
1966-05-04,4.81,,,,
1966-05-05,4.81,,,,
1966-05-06,4.79,,,,
1966-05-09,4.75,,,,
1966-05-10,4.75,,,,
1966-05-11,4.77,,,,
1966-05-12,4.77,,,,
1966-05-13,4.77,,,,
1966-05-16,4.77,,,,
1966-05-17,4.75,,,,
1966-05-18,4.75,,,,
1966-05-19,4.75,,,,
1966-05-20,4.75,,,,
1966-05-23,4.77,,,,
1966-05-24,4.79,,,,
1966-05-25,4.78,,,,
1966-05-26,4.8,,,,
1966-05-27,4.81,,,,
1966-05-30,,,,,
1966-05-31,4.8,,,,
1966-06-01,4.79,,32.38,,
1966-06-02,4.77,,,,
1966-06-03,4.78,,,,
1966-06-06,4.79,,,,
1966-06-07,4.81,,,,
1966-06-08,4.83,,,,
1966-06-09,4.83,,,,
1966-06-10,4.83,,,,
1966-06-13,4.83,,,,
1966-06-14,4.83,,,,
1966-06-15,4.79,,,,
1966-06-16,4.81,,,,
1966-06-17,4.8,,,,
1966-06-20,4.76,,,,
1966-06-21,4.75,,,,
1966-06-22,4.76,,,,
1966-06-23,4.77,,,,
1966-06-24,4.8,,,,
1966-06-27,4.83,,,,
1966-06-28,4.89,,,,
1966-06-29,4.9,,,,
1966-06-30,4.97,,,,
1966-07-01,4.99,,32.45,,
1966-07-04,,,,,
1966-07-05,4.96,,,,
1966-07-06,4.95,,,,
1966-07-07,4.95,,,,
1966-07-08,4.97,,,,
1966-07-11,5.03,,,,
1966-07-12,5.05,,,,
1966-07-13,5.07,,,,
1966-07-14,5.1,,,,
1966-07-15,5.09,,,,
1966-07-18,5.04,,,,
1966-07-19,5.03,,,,
1966-07-20,5.02,,,,
1966-07-21,5.04,,,,
1966-07-22,5.02,,,,
1966-07-25,4.99,,,,
1966-07-26,4.99,,,,
1966-07-27,4.99,,,,
1966-07-28,5.03,,,,
1966-07-29,5.05,,,,
1966-08-01,5.05,,32.65,,
1966-08-02,5.04,,,,
1966-08-03,5.06,,,,
1966-08-04,5.07,,,,
1966-08-05,5.07,,,,
1966-08-08,5.08,,,,
1966-08-09,5.1,,,,
1966-08-10,5.1,,,,
1966-08-11,5.11,,,,
1966-08-12,5.11,,,,
1966-08-15,5.15,,,,
1966-08-16,5.18,,,,
1966-08-17,5.24,,,,
1966-08-18,5.29,,,,
1966-08-19,5.31,,,,
1966-08-22,5.29,,,,
1966-08-23,5.33,,,,
1966-08-24,5.36,,,,
1966-08-25,5.39,,,,
1966-08-26,5.48,,,,
1966-08-29,5.51,,,,
1966-08-30,5.48,,,,
1966-08-31,5.36,,,,
1966-09-01,5.3,,32.75,,
1966-09-02,5.23,,,,
1966-09-05,,,,,
1966-09-06,5.19,,,,
1966-09-07,5.2,,,,
1966-09-08,5.18,,,,
1966-09-09,5.17,,,,
1966-09-12,5.18,,,,
1966-09-13,5.16,,,,
1966-09-14,5.21,,,,
1966-09-15,5.25,,,,
1966-09-16,5.24,,,,
1966-09-19,5.32,,,,
1966-09-20,5.27,,,,
1966-09-21,5.21,,,,
1966-09-22,5.15,,,,
1966-09-23,5.17,,,,
1966-09-26,5.17,,,,
1966-09-27,5.13,,,,
1966-09-28,5.09,,,,
1966-09-29,4.99,,,,
1966-09-30,5.02,,,,
1966-10-01,,,32.85,,
1966-10-03,5.08,,,,
1966-10-04,5.06,,,,
1966-10-05,5.05,,,,
1966-10-06,5.03,,,,
1966-10-07,5.02,,,,
1966-10-10,5.05,,,,
1966-10-11,5.05,,,,
1966-10-12,,,,,
1966-10-13,5.07,,,,
1966-10-14,5.06,,,,
1966-10-17,5.04,,,,
1966-10-18,4.99,,,,
1966-10-19,5.0,,,,
1966-10-20,5.02,,,,
1966-10-21,4.94,,,,
1966-10-24,4.94,,,,
1966-10-25,4.94,,,,
1966-10-26,4.96,,,,
1966-10-27,4.99,,,,
1966-10-28,4.97,,,,
1966-10-31,4.97,,,,
1966-11-01,4.99,,32.88,,
1966-11-02,5.04,,,,
1966-11-03,5.06,,,,
1966-11-04,5.11,,,,
1966-11-07,5.11,,,,
1966-11-08,,,,,
1966-11-09,5.12,,,,
1966-11-10,5.17,,,,
1966-11-11,,,,,
1966-11-14,5.19,,,,
1966-11-15,5.21,,,,
1966-11-16,5.22,,,,
1966-11-17,5.23,,,,
1966-11-18,5.22,,,,
1966-11-21,5.17,,,,
1966-11-22,5.2,,,,
1966-11-23,5.22,,,,
1966-11-24,,,,,
1966-11-25,5.23,,,,
1966-11-28,5.19,,,,
1966-11-29,5.15,,,,
1966-11-30,5.12,,,,
1966-12-01,5.09,,32.92,,
1966-12-02,5.03,,,,
1966-12-05,5.06,,,,
1966-12-06,5.07,,,,
1966-12-07,5.07,,,,
1966-12-08,5.1,,,,
1966-12-09,5.05,,,,
1966-12-12,4.93,,,,
1966-12-13,4.86,,,,
1966-12-14,4.83,,,,
1966-12-15,4.76,,,,
1966-12-16,4.78,,,,
1966-12-19,4.72,,,,
1966-12-20,4.69,,,,
1966-12-21,4.66,,,,
1966-12-22,4.68,,,,
1966-12-23,4.67,,,,
1966-12-26,,,,,
1966-12-27,4.71,,,,
1966-12-28,4.64,,,,
1966-12-29,4.66,,,,
1966-12-30,4.64,,,,
1967-01-01,,,32.9,,
1967-01-02,,,,,
1967-01-03,4.69,,,,
1967-01-04,4.65,,,,
1967-01-05,4.63,,,,
1967-01-06,4.64,,,,
1967-01-09,4.71,,,,
1967-01-10,4.69,,,,
1967-01-11,4.54,,,,
1967-01-12,4.55,,,,
1967-01-13,4.51,,,,
1967-01-16,4.49,,,,
1967-01-17,4.51,,,,
1967-01-18,4.53,,,,
1967-01-19,4.58,,,,
1967-01-20,4.6,,,,
1967-01-23,4.6,,,,
1967-01-24,4.65,,,,
1967-01-25,4.62,,,,
1967-01-26,4.5,,,,
1967-01-27,4.47,,,,
1967-01-30,4.48,,,,
1967-01-31,4.52,,,,
1967-02-01,4.52,,33.0,,
1967-02-02,4.51,,,,
1967-02-03,4.52,,,,
1967-02-06,4.53,,,,
1967-02-07,4.54,,,,
1967-02-08,4.54,,,,
1967-02-09,4.53,,,,
1967-02-10,4.59,,,,
1967-02-13,,,,,
1967-02-14,4.64,,,,
1967-02-15,4.69,,,,
1967-02-16,4.67,,,,
1967-02-17,4.68,,,,
1967-02-20,4.7,,,,
1967-02-21,4.71,,,,
1967-02-22,,,,,
1967-02-23,4.74,,,,
1967-02-24,4.73,,,,
1967-02-27,4.72,,,,
1967-02-28,4.72,,,,
1967-03-01,4.66,,33.0,,
1967-03-02,4.63,,,,
1967-03-03,4.62,,,,
1967-03-06,4.61,,,,
1967-03-07,4.6,,,,
1967-03-08,4.61,,,,
1967-03-09,4.57,,,,
1967-03-10,4.58,,,,
1967-03-13,4.56,,,,
1967-03-14,4.53,,,,
1967-03-15,4.49,,,,
1967-03-16,4.45,,,,
1967-03-17,4.47,,,,
1967-03-20,4.45,,,,
1967-03-21,4.51,,,,
1967-03-22,4.52,,,,
1967-03-23,4.5,,,,
1967-03-24,,,,,
1967-03-27,4.52,,,,
1967-03-28,4.52,,,,
1967-03-29,4.52,,,,
1967-03-30,4.5,,,,
1967-03-31,4.5,,,,
1967-04-01,,,33.1,,
1967-04-03,4.5,,,,
1967-04-04,4.49,,,,
1967-04-05,4.5,,,,
1967-04-06,4.49,,,,
1967-04-07,4.48,,,,
1967-04-10,4.5,,,,
1967-04-11,4.51,,,,
1967-04-12,4.51,,,,
1967-04-13,4.54,,,,
1967-04-14,4.56,,,,
1967-04-17,4.61,,,,
1967-04-18,4.63,,,,
1967-04-19,4.63,,,,
1967-04-20,4.63,,,,
1967-04-21,4.66,,,,
1967-04-24,4.68,,,,
1967-04-25,4.71,,,,
1967-04-26,4.73,,,,
1967-04-27,4.73,,,,
1967-04-28,4.78,,,,
1967-05-01,4.77,,33.1,,
1967-05-02,4.75,,,,
1967-05-03,4.75,,,,
1967-05-04,4.76,,,,
1967-05-05,4.77,,,,
1967-05-08,4.83,,,,
1967-05-09,4.87,,,,
1967-05-10,4.87,,,,
1967-05-11,4.84,,,,
1967-05-12,4.82,,,,
1967-05-15,4.86,,,,
1967-05-16,4.87,,,,
1967-05-17,4.88,,,,
1967-05-18,4.88,,,,
1967-05-19,4.89,,,,
1967-05-22,4.94,,,,
1967-05-23,4.94,,,,
1967-05-24,4.93,,,,
1967-05-25,4.92,,,,
1967-05-26,4.86,,,,
1967-05-29,4.84,,,,
1967-05-30,,,,,
1967-05-31,4.81,,,,
1967-06-01,4.81,,33.3,,
1967-06-02,4.82,,,,
1967-06-05,4.85,,,,
1967-06-06,4.84,,,,
1967-06-07,4.84,,,,
1967-06-08,4.86,,,,
1967-06-09,4.89,,,,
1967-06-12,4.94,,,,
1967-06-13,4.95,,,,
1967-06-14,5.02,,,,
1967-06-15,5.02,,,,
1967-06-16,5.07,,,,
1967-06-19,5.07,,,,
1967-06-20,5.14,,,,
1967-06-21,5.14,,,,
1967-06-22,5.13,,,,
1967-06-23,5.14,,,,
1967-06-26,5.16,,,,
1967-06-27,5.21,,,,
1967-06-28,5.18,,,,
1967-06-29,5.2,,,,
1967-06-30,5.22,,,,
1967-07-01,,,33.4,,
1967-07-03,5.22,,,,
1967-07-04,,,,,
1967-07-05,5.17,,,,
1967-07-06,5.11,,,,
1967-07-07,5.15,,,,
1967-07-10,5.16,,,,
1967-07-11,5.09,,,,
1967-07-12,5.06,,,,
1967-07-13,5.08,,,,
1967-07-14,5.08,,,,
1967-07-17,5.09,,,,
1967-07-18,5.16,,,,
1967-07-19,5.18,,,,
1967-07-20,5.2,,,,
1967-07-21,5.2,,,,
1967-07-24,5.23,,,,
1967-07-25,5.23,,,,
1967-07-26,5.23,,,,
1967-07-27,5.2,,,,
1967-07-28,5.18,,,,
1967-07-31,5.16,,,,
1967-08-01,5.18,,33.5,,
1967-08-02,5.21,,,,
1967-08-03,5.2,,,,
1967-08-04,5.26,,,,
1967-08-07,5.3,,,,
1967-08-08,5.28,,,,
1967-08-09,5.27,,,,
1967-08-10,5.28,,,,
1967-08-11,5.29,,,,
1967-08-14,5.29,,,,
1967-08-15,5.29,,,,
1967-08-16,5.28,,,,
1967-08-17,5.28,,,,
1967-08-18,5.28,,,,
1967-08-21,5.3,,,,
1967-08-22,5.3,,,,
1967-08-23,5.31,,,,
1967-08-24,5.31,,,,
1967-08-25,5.32,,,,
1967-08-28,5.29,,,,
1967-08-29,5.27,,,,
1967-08-30,5.28,,,,
1967-08-31,5.27,,,,
1967-09-01,5.25,,33.6,,
1967-09-04,,,,,
1967-09-05,5.22,,,,
1967-09-06,5.2,,,,
1967-09-07,5.2,,,,
1967-09-08,5.26,,,,
1967-09-11,5.28,,,,
1967-09-12,5.29,,,,
1967-09-13,5.27,,,,
1967-09-14,5.28,,,,
1967-09-15,5.29,,,,
1967-09-18,5.3,,,,
1967-09-19,5.35,,,,
1967-09-20,5.34,,,,
1967-09-21,5.36,,,,
1967-09-22,5.36,,,,
1967-09-25,5.38,,,,
1967-09-26,5.37,,,,
1967-09-27,5.37,,,,
1967-09-28,5.36,,,,
1967-09-29,5.31,,,,
1967-10-01,,,33.7,,
1967-10-02,5.35,,,,
1967-10-03,5.35,,,,
1967-10-04,5.37,,,,
1967-10-05,5.37,,,,
1967-10-06,5.37,,,,
1967-10-09,5.39,,,,
1967-10-10,5.42,,,,
1967-10-11,5.42,,,,
1967-10-12,,,,,
1967-10-13,5.45,,,,
1967-10-16,5.47,,,,
1967-10-17,5.49,,,,
1967-10-18,5.52,,,,
1967-10-19,5.53,,,,
1967-10-20,5.52,,,,
1967-10-23,5.56,,,,
1967-10-24,5.56,,,,
1967-10-25,5.57,,,,
1967-10-26,5.58,,,,
1967-10-27,5.57,,,,
1967-10-30,5.6,,,,
1967-10-31,5.64,,,,
1967-11-01,5.7,,33.9,,
1967-11-02,5.71,,,,
1967-11-03,5.75,,,,
1967-11-06,5.77,,,,
1967-11-07,,,,,
1967-11-08,5.74,,,,
1967-11-09,5.78,,,,
1967-11-10,5.83,,,,
1967-11-13,5.87,,,,
1967-11-14,5.81,,,,
1967-11-15,5.78,,,,
1967-11-16,5.72,,,,
1967-11-17,5.75,,,,
1967-11-20,5.85,,,,
1967-11-21,5.71,,,,
1967-11-22,5.7,,,,
1967-11-23,,,,,
1967-11-24,5.78,,,,
1967-11-27,5.76,,,,
1967-11-28,5.65,,,,
1967-11-29,5.67,,,,
1967-11-30,5.74,,,,
1967-12-01,5.78,,34.0,,
1967-12-04,5.76,,,,
1967-12-05,5.74,,,,
1967-12-06,5.69,,,,
1967-12-07,5.71,,,,
1967-12-08,5.72,,,,
1967-12-11,5.74,,,,
1967-12-12,5.75,,,,
1967-12-13,5.71,,,,
1967-12-14,5.7,,,,
1967-12-15,5.71,,,,
1967-12-18,5.68,,,,
1967-12-19,5.66,,,,
1967-12-20,5.62,,,,
1967-12-21,5.64,,,,
1967-12-22,5.69,,,,
1967-12-25,,,,,
1967-12-26,5.64,,,,
1967-12-27,5.64,,,,
1967-12-28,5.7,,,,
1967-12-29,5.7,,,,
1968-01-01,,,34.1,,
1968-01-02,5.63,,,,
1968-01-03,5.63,,,,
1968-01-04,5.51,,,,
1968-01-05,5.48,,,,
1968-01-08,5.5,,,,
1968-01-09,5.52,,,,
1968-01-10,5.46,,,,
1968-01-11,5.46,,,,
1968-01-12,5.43,,,,
1968-01-15,5.49,,,,
1968-01-16,5.52,,,,
1968-01-17,5.48,,,,
1968-01-18,5.55,,,,
1968-01-19,5.59,,,,
1968-01-22,5.61,,,,
1968-01-23,5.56,,,,
1968-01-24,5.56,,,,
1968-01-25,5.52,,,,
1968-01-26,5.53,,,,
1968-01-29,5.53,,,,
1968-01-30,5.53,,,,
1968-01-31,5.54,,,,
1968-02-01,5.58,,34.2,,
1968-02-02,5.58,,,,
1968-02-05,5.6,,,,
1968-02-06,5.61,,,,
1968-02-07,5.59,,,,
1968-02-08,5.6,,,,
1968-02-09,5.59,,,,
1968-02-12,,,,,
1968-02-13,5.55,,,,
1968-02-14,5.54,,,,
1968-02-15,5.51,,,,
1968-02-16,5.5,,,,
1968-02-19,5.53,,,,
1968-02-20,5.54,,,,
1968-02-21,5.54,,,,
1968-02-22,,,,,
1968-02-23,5.56,,,,
1968-02-26,5.58,,,,
1968-02-27,5.58,,,,
1968-02-28,5.57,,,,
1968-02-29,5.56,,,,
1968-03-01,5.56,,34.3,,
1968-03-04,5.57,,,,
1968-03-05,5.59,,,,
1968-03-06,5.61,,,,
1968-03-07,5.67,,,,
1968-03-08,5.75,,,,
1968-03-11,5.75,,,,
1968-03-12,5.79,,,,
1968-03-13,5.86,,,,
1968-03-14,5.95,,,,
1968-03-15,5.84,,,,
1968-03-18,5.76,,,,
1968-03-19,5.77,,,,
1968-03-20,5.73,,,,
1968-03-21,5.76,,,,
1968-03-22,5.74,,,,
1968-03-25,5.74,,,,
1968-03-26,5.78,,,,
1968-03-27,5.78,,,,
1968-03-28,5.78,,,,
1968-03-29,5.76,,,,
1968-04-01,5.64,,34.4,,
1968-04-02,5.62,,,,
1968-04-03,5.49,,,,
1968-04-04,5.52,,,,
1968-04-05,5.52,,,,
1968-04-08,5.54,,,,
1968-04-09,,,,,
1968-04-10,5.53,,,,
1968-04-11,5.54,,,,
1968-04-12,,,,,
1968-04-15,5.6,,,,
1968-04-16,5.62,,,,
1968-04-17,5.62,,,,
1968-04-18,5.64,,,,
1968-04-19,5.76,,,,
1968-04-22,5.78,,,,
1968-04-23,5.73,,,,
1968-04-24,5.72,,,,
1968-04-25,5.72,,,,
1968-04-26,5.71,,,,
1968-04-29,5.73,,,,
1968-04-30,5.74,,,,
1968-05-01,5.73,,34.5,,
1968-05-02,5.76,,,,
1968-05-03,5.8,,,,
1968-05-06,5.78,,,,
1968-05-07,5.79,,,,
1968-05-08,5.8,,,,
1968-05-09,5.79,,,,
1968-05-10,5.79,,,,
1968-05-13,5.79,,,,
1968-05-14,5.82,,,,
1968-05-15,5.85,,,,
1968-05-16,5.9,,,,
1968-05-17,5.92,,,,
1968-05-20,5.96,,,,
1968-05-21,6.02,,,,
1968-05-22,6.02,,,,
1968-05-23,5.98,,,,
1968-05-24,5.96,,,,
1968-05-27,5.92,,,,
1968-05-28,5.94,,,,
1968-05-29,5.95,,,,
1968-05-30,,,,,
1968-05-31,5.86,,,,
1968-06-01,,,34.7,,
1968-06-03,5.79,,,,
1968-06-04,5.78,,,,
1968-06-05,5.81,,,,
1968-06-06,5.83,,,,
1968-06-07,5.82,,,,
1968-06-10,5.8,,,,
1968-06-11,5.79,,,,
1968-06-12,5.77,,,,
1968-06-13,5.76,,,,
1968-06-14,5.72,,,,
1968-06-17,5.71,,,,
1968-06-18,5.71,,,,
1968-06-19,5.67,,,,
1968-06-20,5.62,,,,
1968-06-21,5.6,,,,
1968-06-24,5.61,,,,
1968-06-25,5.64,,,,
1968-06-26,5.64,,,,
1968-06-27,5.65,,,,
1968-06-28,5.64,,,,
1968-07-01,5.62,,34.9,,
1968-07-02,5.58,,,,
1968-07-03,5.57,,,,
1968-07-04,,,,,
1968-07-05,5.56,,,,
1968-07-08,5.53,,,,
1968-07-09,5.51,,,,
1968-07-10,5.52,,,,
1968-07-11,5.52,,,,
1968-07-12,5.53,,,,
1968-07-15,5.56,,,,
1968-07-16,5.57,,,,
1968-07-17,5.55,,,,
1968-07-18,5.56,,,,
1968-07-19,5.53,,,,
1968-07-22,5.45,,,,
1968-07-23,5.38,,,,
1968-07-24,5.39,,,,
1968-07-25,5.37,,,,
1968-07-26,5.39,,,,
1968-07-29,5.41,,,,
1968-07-30,5.41,,,,
1968-07-31,5.39,,,,
1968-08-01,5.38,,35.0,,
1968-08-02,5.34,,,,
1968-08-05,5.37,,,,
1968-08-06,5.38,,,,
1968-08-07,5.36,,,,
1968-08-08,5.37,,,,
1968-08-09,5.39,,,,
1968-08-12,5.42,,,,
1968-08-13,5.43,,,,
1968-08-14,5.43,,,,
1968-08-15,5.45,,,,
1968-08-16,5.42,,,,
1968-08-19,5.43,,,,
1968-08-20,5.43,,,,
1968-08-21,5.46,,,,
1968-08-22,5.5,,,,
1968-08-23,5.47,,,,
1968-08-26,5.46,,,,
1968-08-27,5.46,,,,
1968-08-28,5.45,,,,
1968-08-29,5.43,,,,
1968-08-30,5.42,,,,
1968-09-01,,,35.1,,
1968-09-02,,,,,
1968-09-03,5.41,,,,
1968-09-04,5.43,,,,
1968-09-05,5.46,,,,
1968-09-06,5.48,,,,
1968-09-09,5.49,,,,
1968-09-10,5.51,,,,
1968-09-11,5.5,,,,
1968-09-12,5.49,,,,
1968-09-13,5.48,,,,
1968-09-16,5.46,,,,
1968-09-17,5.46,,,,
1968-09-18,5.42,,,,
1968-09-19,5.43,,,,
1968-09-20,5.45,,,,
1968-09-23,5.45,,,,
1968-09-24,5.44,,,,
1968-09-25,5.44,,,,
1968-09-26,5.45,,,,
1968-09-27,5.46,,,,
1968-09-30,5.49,,,,
1968-10-01,5.49,,35.3,,
1968-10-02,5.49,,,,
1968-10-03,5.5,,,,
1968-10-04,5.52,,,,
1968-10-07,5.55,,,,
1968-10-08,5.57,,,,
1968-10-09,5.6,,,,
1968-10-10,5.61,,,,
1968-10-11,5.61,,,,
1968-10-14,5.62,,,,
1968-10-15,5.65,,,,
1968-10-16,5.62,,,,
1968-10-17,5.58,,,,
1968-10-18,5.57,,,,
1968-10-21,5.58,,,,
1968-10-22,5.58,,,,
1968-10-23,5.58,,,,
1968-10-24,5.61,,,,
1968-10-25,5.6,,,,
1968-10-28,5.61,,,,
1968-10-29,5.62,,,,
1968-10-30,5.63,,,,
1968-10-31,5.61,,,,
1968-11-01,5.61,,35.4,,
1968-11-04,5.63,,,,
1968-11-05,,,,,
1968-11-06,5.62,,,,
1968-11-07,5.63,,,,
1968-11-08,5.65,,,,
1968-11-11,,,,,
1968-11-12,5.68,,,,
1968-11-13,5.66,,,,
1968-11-14,5.66,,,,
1968-11-15,5.68,,,,
1968-11-18,5.71,,,,
1968-11-19,5.74,,,,
1968-11-20,5.74,,,,
1968-11-21,5.73,,,,
1968-11-22,5.74,,,,
1968-11-25,5.75,,,,
1968-11-26,5.76,,,,
1968-11-27,5.76,,,,
1968-11-28,,,,,
1968-11-29,5.78,,,,
1968-12-01,,,35.6,,
1968-12-02,5.89,,,,
1968-12-03,5.96,,,,
1968-12-04,5.95,,,,
1968-12-05,5.93,,,,
1968-12-06,5.91,,,,
1968-12-09,5.92,,,,
1968-12-10,5.93,,,,
1968-12-11,5.93,,,,
1968-12-12,5.94,,,,
1968-12-13,5.93,,,,
1968-12-16,5.96,,,,
1968-12-17,5.97,,,,
1968-12-18,6.0,,,,
1968-12-19,6.07,,,,
1968-12-20,6.14,,,,
1968-12-23,6.23,,,,
1968-12-24,6.27,,,,
1968-12-25,,,,,
1968-12-26,6.17,,,,
1968-12-27,6.2,,,,
1968-12-30,6.21,,,,
1968-12-31,6.16,,,,
1969-01-01,,,35.7,,
1969-01-02,6.04,,,,
1969-01-03,6.01,,,,
1969-01-06,6.04,,,,
1969-01-07,6.14,,,,
1969-01-08,6.09,,,,
1969-01-09,6.04,,,,
1969-01-10,6.03,,,,
1969-01-13,6.04,,,,
1969-01-14,6.04,,,,
1969-01-15,6.02,,,,
1969-01-16,5.98,,,,
1969-01-17,5.97,,,,
1969-01-20,5.95,,,,
1969-01-21,5.97,,,,
1969-01-22,6.03,,,,
1969-01-23,6.02,,,,
1969-01-24,6.01,,,,
1969-01-27,6.03,,,,
1969-01-28,6.05,,,,
1969-01-29,6.09,,,,
1969-01-30,6.14,,,,
1969-01-31,6.19,,,,
1969-02-01,,,35.8,,
1969-02-03,6.22,,,,
1969-02-04,6.2,,,,
1969-02-05,6.19,,,,
1969-02-06,6.2,,,,
1969-02-07,6.14,,,,
1969-02-10,6.14,,,,
1969-02-11,6.1,,,,
1969-02-12,,,,,
1969-02-13,6.09,,,,
1969-02-14,6.11,,,,
1969-02-17,6.14,,,,
1969-02-18,6.16,,,,
1969-02-19,6.2,,,,
1969-02-20,6.23,,,,
1969-02-21,6.24,,,,
1969-02-24,6.22,,,,
1969-02-25,6.24,,,,
1969-02-26,6.24,,,,
1969-02-27,6.27,,,,
1969-02-28,6.26,,,,
1969-03-01,,,36.1,,
1969-03-03,6.25,,,,
1969-03-04,6.24,,,,
1969-03-05,6.24,,,,
1969-03-06,6.26,,,,
1969-03-07,6.27,,,,
1969-03-10,6.27,,,,
1969-03-11,6.3,,,,
1969-03-12,6.31,,,,
1969-03-13,6.32,,,,
1969-03-14,6.31,,,,
1969-03-17,6.35,,,,
1969-03-18,6.35,,,,
1969-03-19,6.32,,,,
1969-03-20,6.31,,,,
1969-03-21,6.29,,,,
1969-03-24,6.28,,,,
1969-03-25,6.3,,,,
1969-03-26,6.32,,,,
1969-03-27,6.33,,,,
1969-03-28,6.3,,,,
1969-03-31,,,,,
1969-04-01,6.25,,36.3,,
1969-04-02,6.25,,,,
1969-04-03,6.26,,,,
1969-04-04,,,,,
1969-04-07,6.28,,,,
1969-04-08,6.25,,,,
1969-04-09,6.19,,,,
1969-04-10,6.18,,,,
1969-04-11,6.15,,,,
1969-04-14,6.06,,,,
1969-04-15,6.11,,,,
1969-04-16,6.1,,,,
1969-04-17,6.13,,,,
1969-04-18,6.16,,,,
1969-04-21,6.14,,,,
1969-04-22,6.12,,,,
1969-04-23,6.12,,,,
1969-04-24,6.14,,,,
1969-04-25,6.15,,,,
1969-04-28,6.19,,,,
1969-04-29,6.21,,,,
1969-04-30,6.2,,,,
1969-05-01,6.25,,36.4,,
1969-05-02,6.23,,,,
1969-05-05,6.19,,,,
1969-05-06,6.22,,,,
1969-05-07,6.22,,,,
1969-05-08,6.2,,,,
1969-05-09,6.23,,,,
1969-05-12,6.27,,,,
1969-05-13,6.25,,,,
1969-05-14,6.24,,,,
1969-05-15,6.26,,,,
1969-05-16,6.31,,,,
1969-05-19,6.36,,,,
1969-05-20,6.36,,,,
1969-05-21,6.36,,,,
1969-05-22,6.36,,,,
1969-05-23,6.38,,,,
1969-05-26,6.44,,,,
1969-05-27,6.54,,,,
1969-05-28,6.56,,,,
1969-05-29,6.56,,,,
1969-05-30,,,,,
1969-06-01,,,36.6,,
1969-06-02,6.56,,,,
1969-06-03,6.55,,,,
1969-06-04,6.56,,,,
1969-06-05,6.54,,,,
1969-06-06,6.52,,,,
1969-06-09,6.59,,,,
1969-06-10,6.56,,,,
1969-06-11,6.56,,,,
1969-06-12,6.54,,,,
1969-06-13,6.51,,,,
1969-06-16,6.49,,,,
1969-06-17,6.52,,,,
1969-06-18,6.53,,,,
1969-06-19,6.57,,,,
1969-06-20,6.59,,,,
1969-06-23,6.6,,,,
1969-06-24,6.63,,,,
1969-06-25,6.63,,,,
1969-06-26,6.62,,,,
1969-06-27,6.66,,,,
1969-06-30,6.73,,,,
1969-07-01,6.75,,36.8,,
1969-07-02,6.77,,,,
1969-07-03,6.75,,,,
1969-07-04,,,,,
1969-07-07,6.76,,,,
1969-07-08,6.79,,,,
1969-07-09,6.82,,,,
1969-07-10,6.78,,,,
1969-07-11,6.64,,,,
1969-07-14,6.69,,,,
1969-07-15,6.72,,,,
1969-07-16,6.67,,,,
1969-07-17,6.69,,,,
1969-07-18,6.7,,,,
1969-07-21,,,,,
1969-07-22,6.66,,,,
1969-07-23,6.68,,,,
1969-07-24,6.7,,,,
1969-07-25,6.71,,,,
1969-07-28,6.73,,,,
1969-07-29,6.72,,,,
1969-07-30,6.72,,,,
1969-07-31,6.66,,,,
1969-08-01,6.66,,36.9,,
1969-08-04,6.63,,,,
1969-08-05,6.6,,,,
1969-08-06,6.62,,,,
1969-08-07,6.63,,,,
1969-08-08,6.64,,,,
1969-08-11,6.69,,,,
1969-08-12,6.7,,,,
1969-08-13,6.7,,,,
1969-08-14,6.68,,,,
1969-08-15,6.68,,,,
1969-08-18,6.66,,,,
1969-08-19,6.65,,,,
1969-08-20,6.66,,,,
1969-08-21,6.68,,,,
1969-08-22,6.71,,,,
1969-08-25,6.72,,,,
1969-08-26,6.76,,,,
1969-08-27,6.79,,,,
1969-08-28,6.83,,,,
1969-08-29,6.83,,,,
1969-09-01,,,37.1,,
1969-09-02,6.87,,,,
1969-09-03,6.94,,,,
1969-09-04,6.96,,,,
1969-09-05,6.99,,,,
1969-09-08,7.03,,,,
1969-09-09,7.04,,,,
1969-09-10,7.02,,,,
1969-09-11,7.05,,,,
1969-09-12,7.08,,,,
1969-09-15,7.09,,,,
1969-09-16,7.14,,,,
1969-09-17,7.14,,,,
1969-09-18,7.27,,,,
1969-09-19,7.28,,,,
1969-09-22,7.26,,,,
1969-09-23,7.26,,,,
1969-09-24,7.27,,,,
1969-09-25,7.3,,,,
1969-09-26,7.4,,,,
1969-09-29,7.45,,,,
1969-09-30,7.51,,,,
1969-10-01,7.52,,37.3,,
1969-10-02,7.45,,,,
1969-10-03,7.38,,,,
1969-10-06,7.35,,,,
1969-10-07,7.31,,,,
1969-10-08,7.29,,,,
1969-10-09,7.3,,,,
1969-10-10,7.22,,,,
1969-10-13,,,,,
1969-10-14,7.1,,,,
1969-10-15,7.12,,,,
1969-10-16,7.04,,,,
1969-10-17,6.99,,,,
1969-10-20,6.83,,,,
1969-10-21,6.77,,,,
1969-10-22,6.8,,,,
1969-10-23,6.9,,,,
1969-10-24,6.9,,,,
1969-10-27,6.93,,,,
1969-10-28,7.0,,,,
1969-10-29,7.0,,,,
1969-10-30,6.96,,,,
1969-10-31,6.94,,,,
1969-11-01,,,37.5,,
1969-11-03,6.9,,,,
1969-11-04,,,,,
1969-11-05,6.97,,,,
1969-11-06,7.01,,,,
1969-11-07,6.99,,,,
1969-11-10,6.99,,,,
1969-11-11,,,,,
1969-11-12,7.06,,,,
1969-11-13,7.12,,,,
1969-11-14,7.08,,,,
1969-11-17,7.13,,,,
1969-11-18,7.22,,,,
1969-11-19,7.25,,,,
1969-11-20,7.31,,,,
1969-11-21,7.28,,,,
1969-11-24,7.27,,,,
1969-11-25,7.28,,,,
1969-11-26,7.3,,,,
1969-11-27,,,,,
1969-11-28,7.29,,,,
1969-12-01,7.29,,37.7,,
1969-12-02,7.35,,,,
1969-12-03,7.39,,,,
1969-12-04,7.35,,,,
1969-12-05,7.35,,,,
1969-12-08,7.4,,,,
1969-12-09,7.5,,,,
1969-12-10,7.59,,,,
1969-12-11,7.62,,,,
1969-12-12,7.6,,,,
1969-12-15,7.63,,,,
1969-12-16,7.72,,,,
1969-12-17,7.76,,,,
1969-12-18,7.81,,,,
1969-12-19,7.79,,,,
1969-12-22,7.76,,,,
1969-12-23,7.82,,,,
1969-12-24,7.89,,,,
1969-12-25,,,,,
1969-12-26,7.87,,,,
1969-12-29,8.05,,,,
1969-12-30,7.97,,,,
1969-12-31,7.88,,,,
1970-01-01,,,37.9,,
1970-01-02,7.86,,,,
1970-01-05,7.88,,,,
1970-01-06,7.96,,,,
1970-01-07,7.99,,,,
1970-01-08,7.96,,,,
1970-01-09,7.86,,,,
1970-01-12,7.82,,,,
1970-01-13,7.81,,,,
1970-01-14,7.86,,,,
1970-01-15,7.85,,,,
1970-01-16,7.75,,,,
1970-01-19,7.69,,,,
1970-01-20,7.72,,,,
1970-01-21,7.69,,,,
1970-01-22,7.67,,,,
1970-01-23,7.69,,,,
1970-01-26,7.71,,,,
1970-01-27,7.7,,,,
1970-01-28,7.7,,,,
1970-01-29,7.77,,,,
1970-01-30,7.75,,,,
1970-02-01,,,38.1,,
1970-02-02,7.65,,,,
1970-02-03,7.58,,,,
1970-02-04,7.5,,,,
1970-02-05,7.45,,,,
1970-02-06,7.36,,,,
1970-02-09,7.28,,,,
1970-02-10,7.32,,,,
1970-02-11,7.33,,,,
1970-02-12,,,,,
1970-02-13,7.15,,,,
1970-02-16,7.17,,,,
1970-02-17,7.15,,,,
1970-02-18,7.12,,,,
1970-02-19,7.09,,,,
1970-02-20,7.12,,,,
1970-02-23,,,,,
1970-02-24,7.14,,,,
1970-02-25,7.04,,,,
1970-02-26,6.94,,,,
1970-02-27,6.9,,,,
1970-03-01,,,38.3,,
1970-03-02,6.95,,,,
1970-03-03,6.99,,,,
1970-03-04,6.97,,,,
1970-03-05,6.98,,,,
1970-03-06,6.96,,,,
1970-03-09,6.99,,,,
1970-03-10,7.04,,,,
1970-03-11,7.11,,,,
1970-03-12,7.16,,,,
1970-03-13,7.23,,,,
1970-03-16,7.24,,,,
1970-03-17,7.36,,,,
1970-03-18,7.28,,,,
1970-03-19,7.07,,,,
1970-03-20,7.06,,,,
1970-03-23,7.05,,,,
1970-03-24,7.02,,,,
1970-03-25,6.96,,,,
1970-03-26,6.98,,,,
1970-03-27,,,,,
1970-03-30,7.05,,,,
1970-03-31,7.08,,,,
1970-04-01,7.04,,38.5,,
1970-04-02,7.08,,,,
1970-04-03,7.14,,,,
1970-04-06,7.17,,,,
1970-04-07,7.18,,,,
1970-04-08,7.17,,,,
1970-04-09,7.18,,,,
1970-04-10,7.17,,,,
1970-04-13,7.2,,,,
1970-04-14,7.22,,,,
1970-04-15,7.27,,,,
1970-04-16,7.34,,,,
1970-04-17,7.4,,,,
1970-04-20,7.44,,,,
1970-04-21,7.5,,,,
1970-04-22,7.61,,,,
1970-04-23,7.64,,,,
1970-04-24,7.72,,,,
1970-04-27,7.74,,,,
1970-04-28,7.79,,,,
1970-04-29,7.78,,,,
1970-04-30,7.82,,,,
1970-05-01,7.85,,38.6,,
1970-05-04,7.94,,,,
1970-05-05,7.92,,,,
1970-05-06,7.86,,,,
1970-05-07,7.82,,,,
1970-05-08,7.78,,,,
1970-05-11,7.82,,,,
1970-05-12,7.84,,,,
1970-05-13,7.85,,,,
1970-05-14,7.86,,,,
1970-05-15,7.83,,,,
1970-05-18,7.8,,,,
1970-05-19,7.8,,,,
1970-05-20,7.85,,,,
1970-05-21,7.9,,,,
1970-05-22,7.99,,,,
1970-05-25,8.15,,,,
1970-05-26,8.22,,,,
1970-05-27,8.02,,,,
1970-05-28,7.98,,,,
1970-05-29,7.95,,,,
1970-06-01,7.84,,38.8,,
1970-06-02,7.78,,,,
1970-06-03,7.76,,,,
1970-06-04,7.8,,,,
1970-06-05,7.88,,,,
1970-06-08,7.89,,,,
1970-06-09,7.88,,,,
1970-06-10,7.87,,,,
1970-06-11,7.92,,,,
1970-06-12,7.98,,,,
1970-06-15,7.98,,,,
1970-06-16,7.87,,,,
1970-06-17,7.9,,,,
1970-06-18,7.9,,,,
1970-06-19,7.9,,,,
1970-06-22,7.86,,,,
1970-06-23,7.79,,,,
1970-06-24,7.74,,,,
1970-06-25,7.76,,,,
1970-06-26,7.78,,,,
1970-06-29,7.76,,,,
1970-06-30,7.68,,,,
1970-07-01,7.64,,38.9,,
1970-07-02,7.55,,,,
1970-07-03,,,,,
1970-07-06,7.49,,,,
1970-07-07,7.46,,,,
1970-07-08,7.49,,,,
1970-07-09,7.49,,,,
1970-07-10,7.54,,,,
1970-07-13,7.55,,,,
1970-07-14,7.53,,,,
1970-07-15,7.49,,,,
1970-07-16,7.46,,,,
1970-07-17,7.45,,,,
1970-07-20,7.46,,,,
1970-07-21,7.45,,,,
1970-07-22,7.43,,,,
1970-07-23,7.32,,,,
1970-07-24,7.34,,,,
1970-07-27,7.36,,,,
1970-07-28,7.41,,,,
1970-07-29,7.39,,,,
1970-07-30,7.38,,,,
1970-07-31,7.38,,,,
1970-08-01,,,39.0,,
1970-08-03,7.39,,,,
1970-08-04,7.4,,,,
1970-08-05,7.42,,,,
1970-08-06,7.43,,,,
1970-08-07,7.45,,,,
1970-08-10,7.5,,,,
1970-08-11,7.54,,,,
1970-08-12,7.56,,,,
1970-08-13,7.58,,,,
1970-08-14,7.67,,,,
1970-08-17,7.71,,,,
1970-08-18,7.68,,,,
1970-08-19,7.65,,,,
1970-08-20,7.64,,,,
1970-08-21,7.6,,,,
1970-08-24,7.48,,,,
1970-08-25,7.46,,,,
1970-08-26,7.45,,,,
1970-08-27,7.48,,,,
1970-08-28,7.49,,,,
1970-08-31,7.49,,,,
1970-09-01,7.47,,39.2,,
1970-09-02,7.48,,,,
1970-09-03,7.48,,,,
1970-09-04,7.47,,,,
1970-09-07,,,,,
1970-09-08,7.5,,,,
1970-09-09,7.54,,,,
1970-09-10,7.52,,,,
1970-09-11,7.5,,,,
1970-09-14,7.48,,,,
1970-09-15,7.46,,,,
1970-09-16,7.4,,,,
1970-09-17,7.32,,,,
1970-09-18,7.31,,,,
1970-09-21,7.29,,,,
1970-09-22,7.28,,,,
1970-09-23,7.24,,,,
1970-09-24,7.26,,,,
1970-09-25,7.28,,,,
1970-09-28,7.31,,,,
1970-09-29,7.3,,,,
1970-09-30,7.29,,,,
1970-10-01,7.29,,39.4,,
1970-10-02,7.26,,,,
1970-10-05,7.26,,,,
1970-10-06,7.24,,,,
1970-10-07,7.23,,,,
1970-10-08,7.25,,,,
1970-10-09,7.25,,,,
1970-10-12,,,,,
1970-10-13,7.25,,,,
1970-10-14,7.3,,,,
1970-10-15,7.3,,,,
1970-10-16,7.31,,,,
1970-10-19,7.35,,,,
1970-10-20,7.37,,,,
1970-10-21,7.42,,,,
1970-10-22,7.46,,,,
1970-10-23,7.44,,,,
1970-10-26,7.44,,,,
1970-10-27,7.42,,,,
1970-10-28,7.38,,,,
1970-10-29,7.31,,,,
1970-10-30,7.33,,,,
1970-11-01,,,39.6,,
1970-11-02,7.24,,,,
1970-11-03,,,,,
1970-11-04,7.23,,,,
1970-11-05,7.2,,,,
1970-11-06,7.15,,,,
1970-11-09,7.06,,,,
1970-11-10,7.06,,,,
1970-11-11,,,,,
1970-11-12,7.03,,,,
1970-11-13,7.0,,,,
1970-11-16,6.96,,,,
1970-11-17,6.93,,,,
1970-11-18,6.86,,,,
1970-11-19,6.72,,,,
1970-11-20,6.48,,,,
1970-11-23,6.32,,,,
1970-11-24,6.45,,,,
1970-11-25,6.48,,,,
1970-11-26,,,,,
1970-11-27,6.48,,,,
1970-11-30,6.49,,,,
1970-12-01,6.48,,39.8,,
1970-12-02,6.41,,,,
1970-12-03,6.31,,,,
1970-12-04,6.21,,,,
1970-12-07,6.27,,,,
1970-12-08,6.29,,,,
1970-12-09,6.34,,,,
1970-12-10,6.34,,,,
1970-12-11,6.31,,,,
1970-12-14,6.26,,,,
1970-12-15,6.29,,,,
1970-12-16,6.29,,,,
1970-12-17,6.3,,,,
1970-12-18,6.33,,,,
1970-12-21,6.45,,,,
1970-12-22,6.52,,,,
1970-12-23,6.57,,,,
1970-12-24,6.53,,,,
1970-12-25,,,,,
1970-12-28,6.54,,,,
1970-12-29,6.56,,,,
1970-12-30,6.51,,,,
1970-12-31,6.5,,,,
1971-01-01,,,39.9,,
1971-01-04,6.46,,,,
1971-01-05,6.47,,,,
1971-01-06,6.47,,,,
1971-01-07,6.45,,,,
1971-01-08,6.44,,,,
1971-01-11,6.39,,,,
1971-01-12,6.35,,,,
1971-01-13,6.29,,,,
1971-01-14,6.22,,,,
1971-01-15,6.22,,,,
1971-01-18,6.16,,,,
1971-01-19,6.17,,,,
1971-01-20,6.15,,,,
1971-01-21,6.09,,,,
1971-01-22,6.06,,,,
1971-01-25,6.05,,,,
1971-01-26,6.07,,,,
1971-01-27,6.09,,,,
1971-01-28,6.08,,,,
1971-01-29,6.09,,,,
1971-02-01,6.09,,39.9,,
1971-02-02,6.11,,,,
1971-02-03,6.11,,,,
1971-02-04,6.1,,,,
1971-02-05,6.1,,,,
1971-02-08,6.09,,,,
1971-02-09,6.07,,,,
1971-02-10,6.08,,,,
1971-02-11,6.08,,,,
1971-02-12,,,,,
1971-02-15,,,,,
1971-02-16,6.11,,,,
1971-02-17,6.11,,,,
1971-02-18,6.11,,,,
1971-02-19,6.12,,,,
1971-02-22,6.15,,,,
1971-02-23,6.18,,,,
1971-02-24,6.16,,,,
1971-02-25,6.11,,,,
1971-02-26,6.14,,,,
1971-03-01,6.12,,40.0,,
1971-03-02,6.09,,,,
1971-03-03,6.05,,,,
1971-03-04,6.05,,,,
1971-03-05,6.03,,,,
1971-03-08,5.99,,,,
1971-03-09,5.9,,,,
1971-03-10,5.8,,,,
1971-03-11,5.69,,,,
1971-03-12,5.72,,,,
1971-03-15,5.7,,,,
1971-03-16,5.68,,,,
1971-03-17,5.61,,,,
1971-03-18,5.55,,,,
1971-03-19,5.51,,,,
1971-03-22,5.42,,,,
1971-03-23,5.38,,,,
1971-03-24,5.41,,,,
1971-03-25,5.43,,,,
1971-03-26,5.48,,,,
1971-03-29,5.54,,,,
1971-03-30,5.5,,,,
1971-03-31,5.53,,,,
1971-04-01,5.58,,40.1,,
1971-04-02,5.6,,,,
1971-04-05,5.63,,,,
1971-04-06,5.6,,,,
1971-04-07,5.58,,,,
1971-04-08,5.62,,,,
1971-04-09,,,,,
1971-04-12,5.73,,,,
1971-04-13,5.72,,,,
1971-04-14,5.77,,,,
1971-04-15,5.8,,,,
1971-04-16,5.82,,,,
1971-04-19,5.88,,,,
1971-04-20,5.97,,,,
1971-04-21,6.04,,,,
1971-04-22,6.02,,,,
1971-04-23,6.01,,,,
1971-04-26,6.0,,,,
1971-04-27,6.0,,,,
1971-04-28,5.99,,,,
1971-04-29,6.07,,,,
1971-04-30,6.08,,,,
1971-05-01,,,40.3,,
1971-05-03,6.15,,,,
1971-05-04,6.25,,,,
1971-05-05,6.26,,,,
1971-05-06,6.28,,,,
1971-05-07,6.25,,,,
1971-05-10,6.22,,,,
1971-05-11,6.26,,,,
1971-05-12,6.35,,,,
1971-05-13,6.47,,,,
1971-05-14,6.49,,,,
1971-05-17,6.57,,,,
1971-05-18,6.65,,,,
1971-05-19,6.6,,,,
1971-05-20,6.49,,,,
1971-05-21,6.53,,,,
1971-05-24,6.49,,,,
1971-05-25,6.44,,,,
1971-05-26,6.37,,,,
1971-05-27,6.35,,,,
1971-05-28,6.38,,,,
1971-05-31,,,,,
1971-06-01,6.36,,40.5,,
1971-06-02,6.24,,,,
1971-06-03,6.19,,,,
1971-06-04,6.26,,,,
1971-06-07,6.34,,,,
1971-06-08,6.38,,,,
1971-06-09,6.44,,,,
1971-06-10,6.48,,,,
1971-06-11,6.5,,,,
1971-06-14,6.63,,,,
1971-06-15,6.73,,,,
1971-06-16,6.68,,,,
1971-06-17,6.68,,,,
1971-06-18,6.58,,,,
1971-06-21,6.53,,,,
1971-06-22,6.62,,,,
1971-06-23,6.61,,,,
1971-06-24,6.61,,,,
1971-06-25,6.62,,,,
1971-06-28,6.64,,,,
1971-06-29,6.67,,,,
1971-06-30,6.7,,,,
1971-07-01,6.69,,40.6,,
1971-07-02,6.69,,,,
1971-07-05,,,,,
1971-07-06,6.68,,,,
1971-07-07,6.66,,,,
1971-07-08,6.67,,,,
1971-07-09,6.68,,,,
1971-07-12,6.6,,,,
1971-07-13,6.61,,,,
1971-07-14,6.6,,,,
1971-07-15,6.59,,,,
1971-07-16,6.66,,,,
1971-07-19,6.71,,,,
1971-07-20,6.7,,,,
1971-07-21,6.7,,,,
1971-07-22,6.79,,,,
1971-07-23,6.84,,,,
1971-07-26,6.86,,,,
1971-07-27,6.91,,,,
1971-07-28,6.95,,,,
1971-07-29,6.88,,,,
1971-07-30,6.85,,,,
1971-08-01,,,40.7,,
1971-08-02,6.86,,,,
1971-08-03,6.91,,,,
1971-08-04,6.89,,,,
1971-08-05,6.86,,,,
1971-08-06,6.86,,,,
1971-08-09,6.88,,,,
1971-08-10,6.89,,,,
1971-08-11,6.86,,,,
1971-08-12,6.8,,,,
1971-08-13,6.68,,,,
1971-08-16,6.41,,,,
1971-08-17,6.3,,,,
1971-08-18,6.35,,,,
1971-08-19,6.34,,,,
1971-08-20,6.37,,,,
1971-08-23,6.48,,,,
1971-08-24,6.38,,,,
1971-08-25,6.4,,,,
1971-08-26,6.37,,,,
1971-08-27,6.33,,,,
1971-08-30,6.32,,,,
1971-08-31,6.28,,,,
1971-09-01,6.22,,40.8,,
1971-09-02,6.17,,,,
1971-09-03,6.12,,,,
1971-09-06,,,,,
1971-09-07,6.07,,,,
1971-09-08,6.08,,,,
1971-09-09,6.13,,,,
1971-09-10,6.12,,,,
1971-09-13,6.2,,,,
1971-09-14,6.18,,,,
1971-09-15,6.17,,,,
1971-09-16,6.14,,,,
1971-09-17,6.13,,,,
1971-09-20,6.15,,,,
1971-09-21,6.17,,,,
1971-09-22,6.19,,,,
1971-09-23,6.2,,,,
1971-09-24,6.16,,,,
1971-09-27,6.13,,,,
1971-09-28,6.12,,,,
1971-09-29,6.08,,,,
1971-09-30,6.0,,,,
1971-10-01,6.0,,40.9,,
1971-10-04,5.98,,,,
1971-10-05,6.01,,,,
1971-10-06,5.98,,,,
1971-10-07,5.97,,,,
1971-10-08,5.94,,,,
1971-10-11,,,,,
1971-10-12,5.88,,,,
1971-10-13,5.86,,,,
1971-10-14,5.88,,,,
1971-10-15,5.9,,,,
1971-10-18,5.95,,,,
1971-10-19,5.96,,,,
1971-10-20,5.92,,,,
1971-10-21,5.88,,,,
1971-10-22,5.9,,,,
1971-10-25,,,,,
1971-10-26,5.89,,,,
1971-10-27,5.92,,,,
1971-10-28,5.9,,,,
1971-10-29,5.87,,,,
1971-11-01,5.8,,41.0,,
1971-11-02,,,,,
1971-11-03,5.72,,,,
1971-11-04,5.72,,,,
1971-11-05,5.72,,,,
1971-11-08,5.77,,,,
1971-11-09,5.77,,,,
1971-11-10,5.82,,,,
1971-11-11,5.79,,,,
1971-11-12,5.77,,,,
1971-11-15,5.77,,,,
1971-11-16,5.76,,,,
1971-11-17,5.75,,,,
1971-11-18,5.77,,,,
1971-11-19,5.79,,,,
1971-11-22,5.82,,,,
1971-11-23,5.89,,,,
1971-11-24,5.95,,,,
1971-11-25,,,,,
1971-11-26,5.94,,,,
1971-11-29,5.95,,,,
1971-11-30,5.93,,,,
1971-12-01,5.92,,41.1,,
1971-12-02,5.9,,,,
1971-12-03,5.88,,,,
1971-12-06,5.88,,,,
1971-12-07,5.92,,,,
1971-12-08,5.92,,,,
1971-12-09,5.94,,,,
1971-12-10,5.93,,,,
1971-12-13,5.9,,,,
1971-12-14,5.94,,,,
1971-12-15,5.96,,,,
1971-12-16,5.95,,,,
1971-12-17,5.93,,,,
1971-12-20,5.97,,,,
1971-12-21,6.0,,,,
1971-12-22,6.01,,,,
1971-12-23,5.97,,,,
1971-12-24,,,,,
1971-12-27,5.91,,,,
1971-12-28,5.86,,,,
1971-12-29,5.9,,,,
1971-12-30,5.9,,,,
1971-12-31,5.89,,,,
1972-01-01,,,41.2,,
1972-01-03,5.94,,,,
1972-01-04,5.93,,,,
1972-01-05,5.91,,,,
1972-01-06,5.9,,,,
1972-01-07,5.88,,,,
1972-01-10,5.86,,,,
1972-01-11,5.88,,,,
1972-01-12,5.88,,,,
1972-01-13,5.86,,,,
1972-01-14,5.85,,,,
1972-01-17,5.89,,,,
1972-01-18,5.92,,,,
1972-01-19,5.96,,,,
1972-01-20,5.98,,,,
1972-01-21,5.99,,,,
1972-01-24,6.02,,,,
1972-01-25,6.02,,,,
1972-01-26,6.01,,,,
1972-01-27,6.05,,,,
1972-01-28,6.08,,,,
1972-01-31,6.09,,,,
1972-02-01,6.09,,41.4,,
1972-02-02,6.08,,,,
1972-02-03,6.08,,,,
1972-02-04,6.08,,,,
1972-02-07,6.09,,,,
1972-02-08,6.11,,,,
1972-02-09,6.12,,,,
1972-02-10,6.11,,,,
1972-02-11,6.12,,,,
1972-02-14,6.1,,,,
1972-02-15,6.1,,,,
1972-02-16,6.08,,,,
1972-02-17,6.06,,,,
1972-02-18,6.06,,,,
1972-02-21,,,,,
1972-02-22,6.06,,,,
1972-02-23,6.07,,,,
1972-02-24,6.07,,,,
1972-02-25,6.06,,,,
1972-02-28,6.04,,,,
1972-02-29,6.04,,,,
1972-03-01,6.04,,41.4,,
1972-03-02,6.03,,,,
1972-03-03,6.02,,,,
1972-03-06,6.01,,,,
1972-03-07,6.02,,,,
1972-03-08,6.02,,,,
1972-03-09,6.02,,,,
1972-03-10,6.03,,,,
1972-03-13,6.07,,,,
1972-03-14,6.06,,,,
1972-03-15,6.11,,,,
1972-03-16,6.08,,,,
1972-03-17,6.08,,,,
1972-03-20,6.09,,,,
1972-03-21,6.08,,,,
1972-03-22,6.08,,,,
1972-03-23,6.1,,,,
1972-03-24,6.12,,,,
1972-03-27,6.1,,,,
1972-03-28,6.11,,,,
1972-03-29,6.12,,,,
1972-03-30,6.12,,,,
1972-03-31,,,,,
1972-04-01,,,41.5,,
1972-04-03,6.14,,,,
1972-04-04,6.18,,,,
1972-04-05,6.18,,,,
1972-04-06,6.18,,,,
1972-04-07,6.18,,,,
1972-04-10,6.17,,,,
1972-04-11,6.18,,,,
1972-04-12,6.21,,,,
1972-04-13,6.25,,,,
1972-04-14,6.25,,,,
1972-04-17,6.24,,,,
1972-04-18,6.24,,,,
1972-04-19,6.22,,,,
1972-04-20,6.21,,,,
1972-04-21,6.2,,,,
1972-04-24,6.21,,,,
1972-04-25,6.21,,,,
1972-04-26,6.19,,,,
1972-04-27,6.11,,,,
1972-04-28,6.14,,,,
1972-05-01,6.14,,41.6,,
1972-05-02,6.16,,,,
1972-05-03,6.17,,,,
1972-05-04,6.17,,,,
1972-05-05,6.17,,,,
1972-05-08,6.17,,,,
1972-05-09,6.2,,,,
1972-05-10,6.19,,,,
1972-05-11,6.19,,,,
1972-05-12,6.16,,,,
1972-05-15,6.16,,,,
1972-05-16,6.16,,,,
1972-05-17,6.15,,,,
1972-05-18,6.13,,,,
1972-05-19,6.1,,,,
1972-05-22,6.07,,,,
1972-05-23,6.05,,,,
1972-05-24,6.06,,,,
1972-05-25,6.04,,,,
1972-05-26,6.04,,,,
1972-05-29,,,,,
1972-05-30,6.05,,,,
1972-05-31,6.05,,,,
1972-06-01,6.07,,41.7,,
1972-06-02,6.09,,,,
1972-06-05,6.1,,,,
1972-06-06,6.13,,,,
1972-06-07,6.12,,,,
1972-06-08,6.12,,,,
1972-06-09,6.11,,,,
1972-06-12,6.1,,,,
1972-06-13,6.1,,,,
1972-06-14,6.1,,,,
1972-06-15,6.1,,,,
1972-06-16,6.1,,,,
1972-06-19,6.08,,,,
1972-06-20,6.08,,,,
1972-06-21,6.09,,,,
1972-06-22,6.11,,,,
1972-06-23,6.1,,,,
1972-06-26,6.12,,,,
1972-06-27,6.12,,,,
1972-06-28,6.12,,,,
1972-06-29,6.14,,,,
1972-06-30,6.15,,,,
1972-07-01,,,41.8,,
1972-07-03,6.14,,,,
1972-07-04,,,,,
1972-07-05,6.13,,,,
1972-07-06,6.13,,,,
1972-07-07,6.13,,,,
1972-07-10,6.13,,,,
1972-07-11,6.13,,,,
1972-07-12,6.12,,,,
1972-07-13,6.11,,,,
1972-07-14,6.1,,,,
1972-07-17,6.11,,,,
1972-07-18,6.11,,,,
1972-07-19,6.09,,,,
1972-07-20,6.09,,,,
1972-07-21,6.1,,,,
1972-07-24,6.1,,,,
1972-07-25,6.09,,,,
1972-07-26,6.08,,,,
1972-07-27,6.13,,,,
1972-07-28,6.12,,,,
1972-07-31,6.12,,,,
1972-08-01,6.14,,41.9,,
1972-08-02,6.14,,,,
1972-08-03,6.15,,,,
1972-08-04,6.16,,,,
1972-08-07,6.16,,,,
1972-08-08,6.15,,,,
1972-08-09,6.14,,,,
1972-08-10,6.14,,,,
1972-08-11,6.14,,,,
1972-08-14,6.16,,,,
1972-08-15,6.17,,,,
1972-08-16,6.18,,,,
1972-08-17,6.2,,,,
1972-08-18,6.21,,,,
1972-08-21,6.21,,,,
1972-08-22,6.2,,,,
1972-08-23,6.22,,,,
1972-08-24,6.23,,,,
1972-08-25,6.26,,,,
1972-08-28,6.3,,,,
1972-08-29,6.34,,,,
1972-08-30,6.42,,,,
1972-08-31,6.42,,,,
1972-09-01,6.43,,42.1,,
1972-09-04,,,,,
1972-09-05,6.46,,,,
1972-09-06,6.49,,,,
1972-09-07,6.52,,,,
1972-09-08,6.56,,,,
1972-09-11,6.54,,,,
1972-09-12,6.54,,,,
1972-09-13,6.54,,,,
1972-09-14,6.57,,,,
1972-09-15,6.56,,,,
1972-09-18,6.55,,,,
1972-09-19,6.55,,,,
1972-09-20,6.56,,,,
1972-09-21,6.59,,,,
1972-09-22,6.62,,,,
1972-09-25,6.62,,,,
1972-09-26,6.6,,,,
1972-09-27,6.59,,,,
1972-09-28,6.56,,,,
1972-09-29,6.54,,,,
1972-10-01,,,42.2,,
1972-10-02,6.54,,,,
1972-10-03,6.54,,,,
1972-10-04,6.53,,,,
1972-10-05,6.53,,,,
1972-10-06,6.52,,,,
1972-10-09,,,,,
1972-10-10,6.48,,,,
1972-10-11,6.47,,,,
1972-10-12,6.5,,,,
1972-10-13,6.5,,,,
1972-10-16,6.49,,,,
1972-10-17,6.49,,,,
1972-10-18,6.49,,,,
1972-10-19,6.48,,,,
1972-10-20,6.47,,,,
1972-10-23,,,,,
1972-10-24,6.45,,,,
1972-10-25,6.44,,,,
1972-10-26,6.42,,,,
1972-10-27,6.42,,,,
1972-10-30,6.42,,,,
1972-10-31,6.41,,,,
1972-11-01,6.39,,42.4,,
1972-11-02,6.34,,,,
1972-11-03,6.3,,,,
1972-11-06,6.27,,,,
1972-11-07,,,,,
1972-11-08,6.3,,,,
1972-11-09,6.3,,,,
1972-11-10,6.3,,,,
1972-11-13,6.27,,,,
1972-11-14,6.26,,,,
1972-11-15,6.23,,,,
1972-11-16,6.24,,,,
1972-11-17,6.24,,,,
1972-11-20,6.23,,,,
1972-11-21,6.26,,,,
1972-11-22,6.27,,,,
1972-11-23,,,,,
1972-11-24,6.27,,,,
1972-11-27,6.3,,,,
1972-11-28,6.29,,,,
1972-11-29,6.27,,,,
1972-11-30,6.28,,,,
1972-12-01,6.29,,42.5,,
1972-12-04,6.3,,,,
1972-12-05,6.31,,,,
1972-12-06,6.31,,,,
1972-12-07,6.31,,,,
1972-12-08,6.32,,,,
1972-12-11,6.34,,,,
1972-12-12,6.35,,,,
1972-12-13,6.35,,,,
1972-12-14,6.35,,,,
1972-12-15,6.35,,,,
1972-12-18,6.38,,,,
1972-12-19,6.4,,,,
1972-12-20,6.4,,,,
1972-12-21,6.4,,,,
1972-12-22,6.4,,,,
1972-12-25,,,,,
1972-12-26,6.39,,,,
1972-12-27,6.4,,,,
1972-12-28,6.41,,,,
1972-12-29,6.41,,,,
1973-01-01,,,42.7,,
1973-01-02,6.43,,,,
1973-01-03,6.42,,,,
1973-01-04,6.4,,,,
1973-01-05,6.42,,,,
1973-01-08,6.43,,,,
1973-01-09,6.42,,,,
1973-01-10,6.43,,,,
1973-01-11,6.43,,,,
1973-01-12,6.44,,,,
1973-01-15,6.44,,,,
1973-01-16,6.44,,,,
1973-01-17,6.45,,,,
1973-01-18,6.46,,,,
1973-01-19,6.49,,,,
1973-01-22,6.5,,,,
1973-01-23,6.48,,,,
1973-01-24,6.49,,,,
1973-01-25,6.51,,,,
1973-01-26,6.53,,,,
1973-01-29,6.55,,,,
1973-01-30,6.52,,,,
1973-01-31,6.54,,,,
1973-02-01,6.6,,43.0,,
1973-02-02,6.64,,,,
1973-02-05,6.64,,,,
1973-02-06,6.64,,,,
1973-02-07,6.64,,,,
1973-02-08,6.66,,,,
1973-02-09,6.63,,,,
1973-02-12,,,,,
1973-02-13,6.61,,,,
1973-02-14,6.62,,,,
1973-02-15,6.62,,,,
1973-02-16,6.63,,,,
1973-02-19,,,,,
1973-02-20,6.66,,,,
1973-02-21,6.66,,,,
1973-02-22,6.65,,,,
1973-02-23,6.61,,,,
1973-02-26,6.65,,,,
1973-02-27,6.64,,,,
1973-02-28,6.64,,,,
1973-03-01,6.65,,43.4,,
1973-03-02,6.67,,,,
1973-03-05,6.68,,,,
1973-03-06,6.68,,,,
1973-03-07,6.66,,,,
1973-03-08,6.67,,,,
1973-03-09,6.68,,,,
1973-03-12,6.68,,,,
1973-03-13,6.7,,,,
1973-03-14,6.71,,,,
1973-03-15,6.73,,,,
1973-03-16,6.77,,,,
1973-03-19,6.75,,,,
1973-03-20,6.76,,,,
1973-03-21,6.76,,,,
1973-03-22,6.76,,,,
1973-03-23,6.76,,,,
1973-03-26,6.73,,,,
1973-03-27,6.72,,,,
1973-03-28,6.67,,,,
1973-03-29,6.68,,,,
1973-03-30,6.73,,,,
1973-04-01,,,43.7,,
1973-04-02,6.74,,,,
1973-04-03,6.73,,,,
1973-04-04,6.7,,,,
1973-04-05,6.68,,,,
1973-04-06,6.64,,,,
1973-04-09,6.62,,,,
1973-04-10,6.64,,,,
1973-04-11,6.65,,,,
1973-04-12,6.66,,,,
1973-04-13,6.63,,,,
1973-04-16,6.62,,,,
1973-04-17,6.64,,,,
1973-04-18,6.64,,,,
1973-04-19,6.66,,,,
1973-04-20,,,,,
1973-04-23,6.73,,,,
1973-04-24,6.66,,,,
1973-04-25,6.66,,,,
1973-04-26,6.68,,,,
1973-04-27,6.69,,,,
1973-04-30,6.7,,,,
1973-05-01,6.72,,43.9,,
1973-05-02,6.76,,,,
1973-05-03,6.77,,,,
1973-05-04,6.79,,,,
1973-05-07,6.81,,,,
1973-05-08,6.8,,,,
1973-05-09,6.8,,,,
1973-05-10,6.81,,,,
1973-05-11,6.82,,,,
1973-05-14,6.83,,,,
1973-05-15,6.86,,,,
1973-05-16,6.84,,,,
1973-05-17,6.85,,,,
1973-05-18,6.86,,,,
1973-05-21,6.89,,,,
1973-05-22,6.9,,,,
1973-05-23,6.92,,,,
1973-05-24,6.91,,,,
1973-05-25,6.91,,,,
1973-05-28,,,,,
1973-05-29,6.93,,,,
1973-05-30,6.93,,,,
1973-05-31,6.93,,,,
1973-06-01,6.96,,44.2,,
1973-06-04,6.98,,,,
1973-06-05,6.95,,,,
1973-06-06,6.89,,,,
1973-06-07,6.89,,,,
1973-06-08,6.87,,,,
1973-06-11,6.87,,,,
1973-06-12,6.86,,,,
1973-06-13,6.85,,,,
1973-06-14,6.85,,,,
1973-06-15,6.86,,,,
1973-06-18,6.87,,,,
1973-06-19,6.87,,,,
1973-06-20,6.89,,,,
1973-06-21,6.89,,,,
1973-06-22,6.91,,,,
1973-06-25,6.93,,,,
1973-06-26,6.93,,,,
1973-06-27,6.92,,,,
1973-06-28,6.92,,,,
1973-06-29,6.94,,,,
1973-07-01,,,44.2,,
1973-07-02,7.01,,,,
1973-07-03,7.01,,,,
1973-07-04,,,,,
1973-07-05,7.01,,,,
1973-07-06,7.03,,,,
1973-07-09,7.05,,,,
1973-07-10,7.05,,,,
1973-07-11,7.05,,,,
1973-07-12,7.04,,,,
1973-07-13,7.05,,,,
1973-07-16,7.06,,,,
1973-07-17,7.06,,,,
1973-07-18,7.07,,,,
1973-07-19,7.11,,,,
1973-07-20,7.17,,,,
1973-07-23,7.17,,,,
1973-07-24,7.19,,,,
1973-07-25,7.19,,,,
1973-07-26,7.28,,,,
1973-07-27,7.35,,,,
1973-07-30,7.37,,,,
1973-07-31,7.43,,,,
1973-08-01,7.55,,45.0,,
1973-08-02,7.52,,,,
1973-08-03,7.53,,,,
1973-08-06,7.54,,,,
1973-08-07,7.58,,,,
1973-08-08,7.52,,,,
1973-08-09,7.54,,,,
1973-08-10,7.52,,,,
1973-08-13,7.47,,,,
1973-08-14,7.46,,,,
1973-08-15,7.45,,,,
1973-08-16,7.37,,,,
1973-08-17,7.28,,,,
1973-08-20,7.38,,,,
1973-08-21,7.36,,,,
1973-08-22,7.39,,,,
1973-08-23,7.31,,,,
1973-08-24,7.23,,,,
1973-08-27,7.26,,,,
1973-08-28,7.29,,,,
1973-08-29,7.26,,,,
1973-08-30,7.25,,,,
1973-08-31,7.25,,,,
1973-09-01,,,45.2,,
1973-09-03,,,,,
1973-09-04,7.21,,,,
1973-09-05,7.11,,,,
1973-09-06,7.1,,,,
1973-09-07,7.11,,,,
1973-09-10,7.16,,,,
1973-09-11,7.19,,,,
1973-09-12,7.2,,,,
1973-09-13,7.21,,,,
1973-09-14,7.21,,,,
1973-09-17,7.16,,,,
1973-09-18,7.08,,,,
1973-09-19,7.1,,,,
1973-09-20,7.09,,,,
1973-09-21,7.02,,,,
1973-09-24,7.0,,,,
1973-09-25,6.96,,,,
1973-09-26,6.97,,,,
1973-09-27,6.94,,,,
1973-09-28,6.9,,,,
1973-10-01,6.91,,45.6,,
1973-10-02,6.89,,,,
1973-10-03,6.9,,,,
1973-10-04,6.88,,,,
1973-10-05,6.86,,,,
1973-10-08,,,,,
1973-10-09,6.78,,,,
1973-10-10,6.77,,,,
1973-10-11,6.78,,,,
1973-10-12,6.75,,,,
1973-10-15,6.77,,,,
1973-10-16,6.81,,,,
1973-10-17,6.82,,,,
1973-10-18,6.81,,,,
1973-10-19,6.8,,,,
1973-10-22,,,,,
1973-10-23,6.8,,,,
1973-10-24,6.75,,,,
1973-10-25,6.73,,,,
1973-10-26,6.72,,,,
1973-10-29,6.72,,,,
1973-10-30,6.72,,,,
1973-10-31,6.71,,,,
1973-11-01,6.71,,45.9,,
1973-11-02,6.72,,,,
1973-11-05,6.74,,,,
1973-11-06,,,,,
1973-11-07,6.76,,,,
1973-11-08,6.77,,,,
1973-11-09,6.76,,,,
1973-11-12,6.76,,,,
1973-11-13,6.76,,,,
1973-11-14,6.79,,,,
1973-11-15,6.76,,,,
1973-11-16,6.72,,,,
1973-11-19,6.71,,,,
1973-11-20,6.72,,,,
1973-11-21,6.71,,,,
1973-11-22,,,,,
1973-11-23,6.7,,,,
1973-11-26,6.69,,,,
1973-11-27,6.7,,,,
1973-11-28,6.7,,,,
1973-11-29,6.7,,,,
1973-11-30,6.69,,,,
1973-12-01,,,46.3,,
1973-12-03,6.69,,,,
1973-12-04,6.69,,,,
1973-12-05,6.72,,,,
1973-12-06,6.75,,,,
1973-12-07,6.74,,,,
1973-12-10,6.71,,,,
1973-12-11,6.69,,,,
1973-12-12,6.69,,,,
1973-12-13,6.68,,,,
1973-12-14,6.68,,,,
1973-12-17,6.67,,,,
1973-12-18,6.68,,,,
1973-12-19,6.71,,,,
1973-12-20,6.73,,,,
1973-12-21,6.78,,,,
1973-12-24,,,,,
1973-12-25,,,,,
1973-12-26,6.83,,,,
1973-12-27,6.88,,,,
1973-12-28,6.91,,,,
1973-12-31,6.9,,,,
1974-01-01,,,46.8,,
1974-01-02,6.94,,,,
1974-01-03,6.96,,,,
1974-01-04,6.94,,,,
1974-01-07,6.96,,,,
1974-01-08,6.96,,,,
1974-01-09,6.96,,,,
1974-01-10,7.0,,,,
1974-01-11,7.01,,,,
1974-01-14,7.01,,,,
1974-01-15,6.99,,,,
1974-01-16,6.99,,,,
1974-01-17,6.97,,,,
1974-01-18,6.98,,,,
1974-01-21,6.99,,,,
1974-01-22,7.0,,,,
1974-01-23,7.01,,,,
1974-01-24,7.02,,,,
1974-01-25,7.02,,,,
1974-01-28,7.01,,,,
1974-01-29,7.02,,,,
1974-01-30,7.01,,,,
1974-01-31,7.0,,,,
1974-02-01,7.0,,47.3,,
1974-02-04,6.98,,,,
1974-02-05,6.95,,,,
1974-02-06,6.93,,,,
1974-02-07,6.93,,,,
1974-02-08,6.93,,,,
1974-02-11,6.93,,,,
1974-02-12,,,,,
1974-02-13,6.93,,,,
1974-02-14,6.93,,,,
1974-02-15,6.93,,,,
1974-02-18,,,,,
1974-02-19,6.93,,,,
1974-02-20,6.96,,,,
1974-02-21,6.98,,,,
1974-02-22,6.97,,,,
1974-02-25,6.96,,,,
1974-02-26,6.98,,,,
1974-02-27,7.0,,,,
1974-02-28,7.01,,,,
1974-03-01,7.08,,47.8,,
1974-03-04,7.09,,,,
1974-03-05,7.1,,,,
1974-03-06,7.09,,,,
1974-03-07,7.06,,,,
1974-03-08,7.06,,,,
1974-03-11,7.08,,,,
1974-03-12,7.09,,,,
1974-03-13,7.13,,,,
1974-03-14,7.13,,,,
1974-03-15,7.18,,,,
1974-03-18,7.23,,,,
1974-03-19,7.24,,,,
1974-03-20,7.27,,,,
1974-03-21,7.3,,,,
1974-03-22,7.35,,,,
1974-03-25,7.39,,,,
1974-03-26,7.38,,,,
1974-03-27,7.35,,,,
1974-03-28,7.38,,,,
1974-03-29,7.41,,,,
1974-04-01,7.42,,48.1,,
1974-04-02,7.43,,,,
1974-04-03,7.43,,,,
1974-04-04,7.51,,,,
1974-04-05,7.54,,,,
1974-04-08,7.5,,,,
1974-04-09,7.49,,,,
1974-04-10,7.46,,,,
1974-04-11,7.45,,,,
1974-04-12,,,,,
1974-04-15,7.42,,,,
1974-04-16,7.43,,,,
1974-04-17,7.45,,,,
1974-04-18,7.5,,,,
1974-04-19,7.51,,,,
1974-04-22,7.52,,,,
1974-04-23,7.54,,,,
1974-04-24,7.58,,,,
1974-04-25,7.63,,,,
1974-04-26,7.64,,,,
1974-04-29,7.65,,,,
1974-04-30,7.66,,,,
1974-05-01,7.62,,48.6,,
1974-05-02,7.58,,,,
1974-05-03,7.65,,,,
1974-05-06,7.65,,,,
1974-05-07,7.65,,,,
1974-05-08,7.65,,,,
1974-05-09,7.7,,,,
1974-05-10,7.63,,,,
1974-05-13,7.54,,,,
1974-05-14,7.57,,,,
1974-05-15,7.55,,,,
1974-05-16,7.54,,,,
1974-05-17,7.57,,,,
1974-05-20,7.58,,,,
1974-05-21,7.57,,,,
1974-05-22,7.56,,,,
1974-05-23,7.52,,,,
1974-05-24,7.49,,,,
1974-05-27,,,,,
1974-05-28,7.5,,,,
1974-05-29,7.52,,,,
1974-05-30,7.51,,,,
1974-05-31,7.52,,,,
1974-06-01,,,49.0,,
1974-06-03,7.53,,,,
1974-06-04,7.52,,,,
1974-06-05,7.52,,,,
1974-06-06,7.5,,,,
1974-06-07,7.46,,,,
1974-06-10,7.47,,,,
1974-06-11,7.48,,,,
1974-06-12,7.5,,,,
1974-06-13,7.5,,,,
1974-06-14,7.5,,,,
1974-06-17,7.49,,,,
1974-06-18,7.52,,,,
1974-06-19,7.52,,,,
1974-06-20,7.55,,,,
1974-06-21,7.55,,,,
1974-06-24,7.58,,,,
1974-06-25,7.62,,,,
1974-06-26,7.62,,,,
1974-06-27,7.64,,,,
1974-06-28,7.64,,,,
1974-07-01,7.65,,49.3,,
1974-07-02,7.65,,,,
1974-07-03,7.7,,,,
1974-07-04,,,,,
1974-07-05,7.71,,,,
1974-07-08,7.77,,,,
1974-07-09,7.81,,,,
1974-07-10,7.82,,,,
1974-07-11,7.84,,,,
1974-07-12,7.85,,,,
1974-07-15,7.86,,,,
1974-07-16,7.88,,,,
1974-07-17,7.91,,,,
1974-07-18,7.9,,,,
1974-07-19,7.87,,,,
1974-07-22,7.77,,,,
1974-07-23,7.79,,,,
1974-07-24,7.76,,,,
1974-07-25,7.75,,,,
1974-07-26,7.79,,,,
1974-07-29,7.85,,,,
1974-07-30,7.89,,,,
1974-07-31,7.89,,,,
1974-08-01,7.92,,49.9,,
1974-08-02,7.96,,,,
1974-08-05,7.99,,,,
1974-08-06,7.97,,,,
1974-08-07,7.97,,,,
1974-08-08,7.97,,,,
1974-08-09,8.03,,,,
1974-08-12,8.05,,,,
1974-08-13,8.06,,,,
1974-08-14,8.05,,,,
1974-08-15,8.02,,,,
1974-08-16,8.0,,,,
1974-08-19,7.98,,,,
1974-08-20,7.99,,,,
1974-08-21,8.05,,,,
1974-08-22,8.09,,,,
1974-08-23,8.15,,,,
1974-08-26,8.16,,,,
1974-08-27,8.15,,,,
1974-08-28,8.15,,,,
1974-08-29,8.15,,,,
1974-08-30,8.11,,,,
1974-09-01,,,50.6,,
1974-09-02,,,,,
1974-09-03,8.11,,,,
1974-09-04,8.12,,,,
1974-09-05,8.1,,,,
1974-09-06,8.09,,,,
1974-09-09,8.02,,,,
1974-09-10,8.04,,,,
1974-09-11,8.05,,,,
1974-09-12,8.13,,,,
1974-09-13,8.13,,,,
1974-09-16,8.1,,,,
1974-09-17,8.09,,,,
1974-09-18,8.08,,,,
1974-09-19,8.04,,,,
1974-09-20,8.02,,,,
1974-09-23,7.91,,,,
1974-09-24,7.94,,,,
1974-09-25,7.94,,,,
1974-09-26,7.96,,,,
1974-09-27,7.94,,,,
1974-09-30,7.94,,,,
1974-10-01,7.97,,51.0,,
1974-10-02,7.98,,,,
1974-10-03,8.04,,,,
1974-10-04,8.02,,,,
1974-10-07,8.01,,,,
1974-10-08,7.95,,,,
1974-10-09,7.95,,,,
1974-10-10,7.93,,,,
1974-10-11,7.88,,,,
1974-10-14,,,,,
1974-10-15,7.87,,,,
1974-10-16,7.87,,,,
1974-10-17,7.88,,,,
1974-10-18,7.86,,,,
1974-10-21,7.81,,,,
1974-10-22,7.81,,,,
1974-10-23,7.85,,,,
1974-10-24,7.87,,,,
1974-10-25,7.86,,,,
1974-10-28,7.88,,,,
1974-10-29,7.84,,,,
1974-10-30,7.81,,,,
1974-10-31,7.79,,,,
1974-11-01,7.8,,51.5,,
1974-11-04,7.8,,,,
1974-11-05,,,,,
1974-11-06,7.76,,,,
1974-11-07,7.74,,,,
1974-11-08,7.72,,,,
1974-11-11,,,,,
1974-11-12,7.78,,,,
1974-11-13,7.75,,,,
1974-11-14,7.72,,,,
1974-11-15,7.61,,,,
1974-11-18,7.63,,,,
1974-11-19,7.63,,,,
1974-11-20,7.59,,,,
1974-11-21,7.6,,,,
1974-11-22,7.6,,,,
1974-11-25,7.62,,,,
1974-11-26,7.63,,,,
1974-11-27,7.64,,,,
1974-11-28,,,,,
1974-11-29,7.64,,,,
1974-12-01,,,51.9,,
1974-12-02,7.71,,,,
1974-12-03,7.74,,,,
1974-12-04,7.68,,,,
1974-12-05,7.64,,,,
1974-12-06,7.59,,,,
1974-12-09,7.4,,,,
1974-12-10,7.42,,,,
1974-12-11,7.38,,,,
1974-12-12,7.39,,,,
1974-12-13,7.38,,,,
1974-12-16,7.34,,,,
1974-12-17,7.28,,,,
1974-12-18,7.25,,,,
1974-12-19,7.25,,,,
1974-12-20,7.27,,,,
1974-12-23,7.41,,,,
1974-12-24,7.43,,,,
1974-12-25,,,,,
1974-12-26,7.37,,,,
1974-12-27,7.39,,,,
1974-12-30,7.39,,,,
1974-12-31,7.4,,,,
1975-01-01,,,52.3,,
1975-01-02,7.42,,,,
1975-01-03,7.43,,,,
1975-01-06,7.39,,,,
1975-01-07,7.38,,,,
1975-01-08,7.39,,,,
1975-01-09,7.35,,,,
1975-01-10,7.37,,,,
1975-01-13,7.46,,,,
1975-01-14,7.49,,,,
1975-01-15,7.54,,,,
1975-01-16,7.54,,,,
1975-01-17,7.53,,,,
1975-01-20,7.59,,,,
1975-01-21,7.55,,,,
1975-01-22,7.51,,,,
1975-01-23,7.57,,,,
1975-01-24,7.64,,,,
1975-01-27,7.61,,,,
1975-01-28,7.61,,,,
1975-01-29,7.59,,,,
1975-01-30,7.54,,,,
1975-01-31,7.53,,,,
1975-02-01,,,52.6,,
1975-02-03,7.49,,,,
1975-02-04,7.47,,,,
1975-02-05,7.35,,,,
1975-02-06,7.43,,,,
1975-02-07,7.38,,,,
1975-02-10,7.45,,,,
1975-02-11,7.42,,,,
1975-02-12,,,,,
1975-02-13,7.44,,,,
1975-02-14,7.35,,,,
1975-02-17,,,,,
1975-02-18,7.28,,,,
1975-02-19,7.26,,,,
1975-02-20,7.3,,,,
1975-02-21,7.22,,,,
1975-02-24,7.36,,,,
1975-02-25,7.43,,,,
1975-02-26,7.5,,,,
1975-02-27,7.47,,,,
1975-02-28,7.46,,,,
1975-03-01,,,52.8,,
1975-03-03,7.5,,,,
1975-03-04,7.53,,,,
1975-03-05,7.48,,,,
1975-03-06,7.49,,,,
1975-03-07,7.52,,,,
1975-03-10,7.56,,,,
1975-03-11,7.58,,,,
1975-03-12,7.58,,,,
1975-03-13,7.56,,,,
1975-03-14,7.58,,,,
1975-03-17,7.7,,,,
1975-03-18,7.7,,,,
1975-03-19,7.8,,,,
1975-03-20,7.95,,,,
1975-03-21,7.84,,,,
1975-03-24,8.05,,,,
1975-03-25,8.03,,,,
1975-03-26,8.02,,,,
1975-03-27,8.08,,,,
1975-03-28,,,,,
1975-03-31,8.01,,,,
1975-04-01,8.08,,53.0,,
1975-04-02,8.22,,,,
1975-04-03,8.13,,,,
1975-04-04,8.15,,,,
1975-04-07,8.26,,,,
1975-04-08,8.21,,,,
1975-04-09,8.17,,,,
1975-04-10,8.19,,,,
1975-04-11,8.22,,,,
1975-04-14,8.16,,,,
1975-04-15,8.16,,,,
1975-04-16,8.15,,,,
1975-04-17,8.21,,,,
1975-04-18,8.27,,,,
1975-04-21,8.32,,,,
1975-04-22,8.32,,,,
1975-04-23,8.27,,,,
1975-04-24,8.25,,,,
1975-04-25,8.25,,,,
1975-04-28,8.35,,,,
1975-04-29,8.34,,,,
1975-04-30,8.31,,,,
1975-05-01,8.31,,53.1,,
1975-05-02,8.11,,,,
1975-05-05,8.08,,,,
1975-05-06,8.11,,,,
1975-05-07,8.07,,,,
1975-05-08,8.09,,,,
1975-05-09,8.08,,,,
1975-05-12,8.07,,,,
1975-05-13,8.06,,,,
1975-05-14,8.02,,,,
1975-05-15,8.02,,,,
1975-05-16,8.01,,,,
1975-05-19,8.0,,,,
1975-05-20,7.98,,,,
1975-05-21,7.98,,,,
1975-05-22,8.02,,,,
1975-05-23,8.02,,,,
1975-05-26,,,,,
1975-05-27,7.98,,,,
1975-05-28,8.02,,,,
1975-05-29,8.18,,,,
1975-05-30,8.04,,,,
1975-06-01,,,53.5,,
1975-06-02,8.02,,,,
1975-06-03,8.0,,,,
1975-06-04,7.99,,,,
1975-06-05,7.97,,,,
1975-06-06,7.88,,,,
1975-06-09,7.78,,,,
1975-06-10,7.77,,,,
1975-06-11,7.65,,,,
1975-06-12,7.67,,,,
1975-06-13,7.69,,,,
1975-06-16,7.66,,,,
1975-06-17,7.72,,,,
1975-06-18,7.83,,,,
1975-06-19,7.8,,,,
1975-06-20,7.94,,,,
1975-06-23,7.9,,,,
1975-06-24,7.9,,,,
1975-06-25,8.02,,,,
1975-06-26,7.98,,,,
1975-06-27,7.95,,,,
1975-06-30,7.96,,,,
1975-07-01,7.97,,54.0,,
1975-07-02,8.05,,,,
1975-07-03,8.05,,,,
1975-07-04,,,,,
1975-07-07,8.06,,,,
1975-07-08,8.01,,,,
1975-07-09,8.02,,,,
1975-07-10,8.02,,,,
1975-07-11,7.99,,,,
1975-07-14,7.99,,,,
1975-07-15,7.98,,,,
1975-07-16,8.03,,,,
1975-07-17,8.04,,,,
1975-07-18,8.06,,,,
1975-07-21,8.07,,,,
1975-07-22,8.1,,,,
1975-07-23,8.09,,,,
1975-07-24,8.09,,,,
1975-07-25,8.12,,,,
1975-07-28,8.12,,,,
1975-07-29,8.13,,,,
1975-07-30,8.16,,,,
1975-07-31,8.2,,,,
1975-08-01,8.26,,54.2,,
1975-08-04,8.37,,,,
1975-08-05,8.37,,,,
1975-08-06,8.4,,,,
1975-08-07,8.48,,,,
1975-08-08,8.4,,,,
1975-08-11,8.38,,,,
1975-08-12,8.4,,,,
1975-08-13,8.39,,,,
1975-08-14,8.45,,,,
1975-08-15,8.48,,,,
1975-08-18,8.46,,,,
1975-08-19,8.42,,,,
1975-08-20,8.42,,,,
1975-08-21,8.48,,,,
1975-08-22,8.46,,,,
1975-08-25,8.46,,,,
1975-08-26,8.4,,,,
1975-08-27,8.37,,,,
1975-08-28,8.28,,,,
1975-08-29,8.22,,,,
1975-09-01,,,54.6,,
1975-09-02,8.26,,,,
1975-09-03,8.29,,,,
1975-09-04,8.29,,,,
1975-09-05,8.35,,,,
1975-09-08,8.36,,,,
1975-09-09,8.4,,,,
1975-09-10,8.46,,,,
1975-09-11,8.55,,,,
1975-09-12,8.57,,,,
1975-09-15,8.58,,,,
1975-09-16,8.59,,,,
1975-09-17,8.53,,,,
1975-09-18,8.5,,,,
1975-09-19,8.42,,,,
1975-09-22,8.38,,,,
1975-09-23,8.35,,,,
1975-09-24,8.31,,,,
1975-09-25,8.38,,,,
1975-09-26,8.45,,,,
1975-09-29,8.46,,,,
1975-09-30,8.48,,,,
1975-10-01,8.47,,54.9,,
1975-10-02,8.44,,,,
1975-10-03,8.33,,,,
1975-10-06,8.3,,,,
1975-10-07,8.33,,,,
1975-10-08,8.3,,,,
1975-10-09,8.23,,,,
1975-10-10,8.15,,,,
1975-10-13,,,,,
1975-10-14,8.19,,,,
1975-10-15,8.19,,,,
1975-10-16,8.07,,,,
1975-10-17,8.07,,,,
1975-10-20,8.07,,,,
1975-10-21,8.05,,,,
1975-10-22,8.05,,,,
1975-10-23,7.99,,,,
1975-10-24,8.0,,,,
1975-10-27,8.0,,,,
1975-10-28,7.99,,,,
1975-10-29,7.98,,,,
1975-10-30,7.92,,,,
1975-10-31,7.91,,,,
1975-11-01,,,55.3,,
1975-11-03,7.97,,,,
1975-11-04,,,,,
1975-11-05,7.91,,,,
1975-11-06,7.94,,,,
1975-11-07,7.91,,,,
1975-11-10,7.9,,,,
1975-11-11,,,,,
1975-11-12,7.95,,,,
1975-11-13,7.97,,,,
1975-11-14,8.06,,,,
1975-11-17,8.08,,,,
1975-11-18,8.13,,,,
1975-11-19,8.14,,,,
1975-11-20,8.12,,,,
1975-11-21,8.21,,,,
1975-11-24,8.16,,,,
1975-11-25,8.16,,,,
1975-11-26,8.15,,,,
1975-11-27,,,,,
1975-11-28,8.14,,,,
1975-12-01,8.12,,55.6,,
1975-12-02,8.1,,,,
1975-12-03,8.1,,,,
1975-12-04,8.15,,,,
1975-12-05,8.13,,,,
1975-12-08,8.19,,,,
1975-12-09,8.23,,,,
1975-12-10,8.23,,,,
1975-12-11,8.16,,,,
1975-12-12,8.12,,,,
1975-12-15,8.06,,,,
1975-12-16,8.0,,,,
1975-12-17,7.95,,,,
1975-12-18,7.96,,,,
1975-12-19,7.88,,,,
1975-12-22,7.87,,,,
1975-12-23,7.87,,,,
1975-12-24,7.82,,,,
1975-12-25,,,,,
1975-12-26,7.75,,,,
1975-12-29,7.75,,,,
1975-12-30,7.73,,,,
1975-12-31,7.76,,,,
1976-01-01,,,55.8,,
1976-01-02,7.77,,,,
1976-01-05,7.74,,,,
1976-01-06,7.64,,,,
1976-01-07,7.69,,,,
1976-01-08,7.74,,,,
1976-01-09,7.64,,,,
1976-01-12,7.63,,,,
1976-01-13,7.64,,,,
1976-01-14,7.71,,,,
1976-01-15,7.73,,,,
1976-01-16,7.79,,,,
1976-01-19,7.76,,,,
1976-01-20,7.71,,,,
1976-01-21,7.78,,,,
1976-01-22,7.8,,,,
1976-01-23,7.78,,,,
1976-01-26,7.79,,,,
1976-01-27,7.8,,,,
1976-01-28,7.83,,,,
1976-01-29,7.82,,,,
1976-01-30,7.8,,,,
1976-02-01,,,55.9,,
1976-02-02,7.8,,,,
1976-02-03,7.82,,,,
1976-02-04,7.85,,,,
1976-02-05,7.83,,,,
1976-02-06,7.88,,,,
1976-02-09,7.86,,,,
1976-02-10,7.88,,,,
1976-02-11,7.85,,,,
1976-02-12,,,,,
1976-02-13,7.82,,,,
1976-02-16,,,,,
1976-02-17,7.78,,,,
1976-02-18,7.79,,,,
1976-02-19,7.8,,,,
1976-02-20,7.77,,,,
1976-02-23,7.72,,,,
1976-02-24,7.69,,,,
1976-02-25,7.68,,,,
1976-02-26,7.68,,,,
1976-02-27,7.77,,,,
1976-03-01,7.86,,56.0,,
1976-03-02,7.82,,,,
1976-03-03,7.82,,,,
1976-03-04,7.85,,,,
1976-03-05,7.8,,,,
1976-03-08,7.76,,,,
1976-03-09,7.78,,,,
1976-03-10,7.76,,,,
1976-03-11,7.77,,,,
1976-03-12,7.71,,,,
1976-03-15,7.74,,,,
1976-03-16,7.76,,,,
1976-03-17,7.76,,,,
1976-03-18,7.73,,,,
1976-03-19,7.74,,,,
1976-03-22,7.68,,,,
1976-03-23,7.67,,,,
1976-03-24,7.65,,,,
1976-03-25,7.64,,,,
1976-03-26,7.64,,,,
1976-03-29,7.64,,,,
1976-03-30,7.65,,,,
1976-03-31,7.66,,,,
1976-04-01,7.68,,56.1,,
1976-04-02,7.67,,,,
1976-04-05,7.62,,,,
1976-04-06,7.59,,,,
1976-04-07,7.56,,,,
1976-04-08,7.55,,,,
1976-04-09,7.52,,,,
1976-04-12,7.52,,,,
1976-04-13,7.5,,,,
1976-04-14,7.47,,,,
1976-04-15,7.47,,,,
1976-04-16,,,,,
1976-04-19,7.51,,,,
1976-04-20,7.5,,,,
1976-04-21,7.47,,,,
1976-04-22,7.52,,,,
1976-04-23,7.59,,,,
1976-04-26,7.61,,,,
1976-04-27,7.62,,,,
1976-04-28,7.6,,,,
1976-04-29,7.61,,,,
1976-04-30,7.67,,,,
1976-05-01,,,56.4,,
1976-05-03,7.69,,,,
1976-05-04,7.66,,,,
1976-05-05,7.68,,,,
1976-05-06,7.78,,,,
1976-05-07,7.87,,,,
1976-05-10,7.92,,,,
1976-05-11,7.92,,,,
1976-05-12,7.94,,,,
1976-05-13,7.92,,,,
1976-05-14,7.93,,,,
1976-05-17,7.94,,,,
1976-05-18,7.94,,,,
1976-05-19,7.94,,,,
1976-05-20,7.95,,,,
1976-05-21,8.0,,,,
1976-05-24,7.98,,,,
1976-05-25,7.94,,,,
1976-05-26,7.95,,,,
1976-05-27,7.99,,,,
1976-05-28,7.96,,,,
1976-05-31,,,,,
1976-06-01,7.94,,56.7,0.68,
1976-06-02,7.94,,,0.71,
1976-06-03,7.92,,,0.7,
1976-06-04,7.89,,,0.77,
1976-06-07,7.88,,,0.79,
1976-06-08,7.9,,,0.79,
1976-06-09,7.9,,,0.82,
1976-06-10,7.86,,,0.86,
1976-06-11,7.86,,,0.83,
1976-06-14,7.84,,,0.83,
1976-06-15,7.85,,,0.83,
1976-06-16,7.87,,,0.81,
1976-06-17,7.85,,,0.79,
1976-06-18,7.81,,,0.82,
1976-06-21,7.8,,,0.85,
1976-06-22,7.81,,,0.8,
1976-06-23,7.81,,,0.8,
1976-06-24,7.81,,,0.82,
1976-06-25,7.83,,,0.81,
1976-06-28,7.86,,,0.84,
1976-06-29,7.86,,,0.84,
1976-06-30,7.86,,,0.84,
1976-07-01,7.88,,57.0,0.86,
1976-07-02,7.84,,,0.85,
1976-07-05,,,,,
1976-07-06,7.82,,,0.86,
1976-07-07,7.84,,,0.85,
1976-07-08,7.82,,,0.9,
1976-07-09,7.78,,,1.01,
1976-07-12,7.76,,,1.04,
1976-07-13,7.77,,,1.03,
1976-07-14,7.79,,,1.03,
1976-07-15,7.77,,,1.05,
1976-07-16,7.83,,,0.98,
1976-07-19,7.86,,,0.97,
1976-07-20,7.87,,,0.96,
1976-07-21,7.86,,,0.96,
1976-07-22,7.86,,,0.95,
1976-07-23,7.84,,,0.94,
1976-07-26,7.87,,,1.01,
1976-07-27,7.85,,,1.09,
1976-07-28,7.85,,,1.06,
1976-07-29,7.85,,,1.1,
1976-07-30,7.86,,,1.12,
1976-08-01,,,57.3,,
1976-08-02,7.85,,,1.1,
1976-08-03,7.82,,,1.1,
1976-08-04,7.81,,,1.08,
1976-08-05,7.82,,,1.08,
1976-08-06,7.84,,,1.13,
1976-08-09,7.84,,,1.16,
1976-08-10,7.84,,,1.16,
1976-08-11,7.82,,,1.16,
1976-08-12,7.81,,,1.17,
1976-08-13,7.78,,,1.18,
1976-08-16,7.74,,,1.17,
1976-08-17,7.75,,,1.18,
1976-08-18,7.76,,,1.17,
1976-08-19,7.76,,,1.15,
1976-08-20,7.76,,,1.08,
1976-08-23,7.73,,,1.11,
1976-08-24,7.72,,,1.12,
1976-08-25,7.69,,,1.16,
1976-08-26,7.68,,,1.14,
1976-08-27,7.72,,,1.12,
1976-08-30,7.71,,,1.14,
1976-08-31,7.66,,,1.16,
1976-09-01,7.64,,57.6,1.14,
1976-09-02,7.67,,,1.13,
1976-09-03,7.65,,,1.13,
1976-09-06,,,,,
1976-09-07,7.64,,,1.18,
1976-09-08,7.64,,,1.2,
1976-09-09,7.66,,,1.17,
1976-09-10,7.64,,,1.18,
1976-09-13,7.64,,,1.17,
1976-09-14,7.64,,,1.15,
1976-09-15,7.62,,,1.17,
1976-09-16,7.6,,,1.19,
1976-09-17,7.49,,,1.23,
1976-09-20,7.52,,,1.18,
1976-09-21,7.51,,,1.21,
1976-09-22,7.53,,,1.17,
1976-09-23,7.54,,,1.19,
1976-09-24,7.58,,,1.14,
1976-09-27,7.6,,,1.19,
1976-09-28,7.56,,,1.2,
1976-09-29,7.56,,,1.2,
1976-09-30,7.55,,,1.22,
1976-10-01,7.49,,57.9,1.25,
1976-10-04,7.46,,,1.27,
1976-10-05,7.47,,,1.28,
1976-10-06,7.44,,,1.33,
1976-10-07,7.43,,,1.34,
1976-10-08,7.38,,,1.51,
1976-10-11,,,,,
1976-10-12,7.35,,,1.55,
1976-10-13,7.35,,,1.53,
1976-10-14,7.34,,,1.53,
1976-10-15,7.31,,,1.56,
1976-10-18,7.31,,,1.54,
1976-10-19,7.35,,,1.5,
1976-10-20,7.38,,,1.43,
1976-10-21,7.39,,,1.41,
1976-10-22,7.48,,,1.41,
1976-10-25,7.53,,,1.42,
1976-10-26,7.48,,,1.43,
1976-10-27,7.45,,,1.44,
1976-10-28,7.41,,,1.42,
1976-10-29,7.42,,,1.39,
1976-11-01,7.38,,58.1,1.35,
1976-11-02,,,,,
1976-11-03,7.44,,,1.37,
1976-11-04,7.38,,,1.43,
1976-11-05,7.41,,,1.4,
1976-11-08,7.46,,,1.42,
1976-11-09,7.46,,,1.39,
1976-11-10,7.45,,,1.42,
1976-11-11,,,,,
1976-11-12,7.43,,,1.42,
1976-11-15,7.41,,,1.41,
1976-11-16,7.33,,,1.47,
1976-11-17,7.32,,,1.5,
1976-11-18,7.33,,,1.5,
1976-11-19,7.24,,,1.57,
1976-11-22,7.17,,,1.61,
1976-11-23,7.16,,,1.57,
1976-11-24,7.14,,,1.58,
1976-11-25,,,,,
1976-11-26,6.99,,,1.58,
1976-11-29,7.02,,,1.56,
1976-11-30,7.01,,,1.59,
1976-12-01,6.97,,58.4,1.57,
1976-12-02,6.92,,,1.58,
1976-12-03,6.86,,,1.55,
1976-12-06,6.87,,,1.5,
1976-12-07,6.88,,,1.47,
1976-12-08,6.91,,,1.48,
1976-12-09,6.92,,,1.48,
1976-12-10,6.82,,,1.51,
1976-12-13,6.9,,,1.47,
1976-12-14,6.89,,,1.5,
1976-12-15,6.88,,,1.5,
1976-12-16,6.88,,,1.48,
1976-12-17,6.88,,,1.48,
1976-12-20,6.84,,,1.5,
1976-12-21,6.85,,,1.48,
1976-12-22,6.86,,,1.52,
1976-12-23,6.84,,,1.48,
1976-12-24,,,,,
1976-12-27,6.84,,,1.47,
1976-12-28,6.86,,,1.47,
1976-12-29,6.84,,,1.45,
1976-12-30,6.8,,,1.42,
1976-12-31,6.81,,,1.47,
1977-01-01,,,58.7,,
1977-01-03,6.84,,,1.42,
1977-01-04,6.9,,,1.4,
1977-01-05,6.88,,,1.4,
1977-01-06,6.93,,,1.36,
1977-01-07,7.07,,,1.39,
1977-01-10,7.2,,,1.41,
1977-01-11,7.28,,,1.41,
1977-01-12,7.26,,,1.42,
1977-01-13,7.18,,,1.39,
1977-01-14,7.28,,,1.32,
1977-01-17,7.28,,,1.3,
1977-01-18,7.34,,,1.3,
1977-01-19,7.28,,,1.26,
1977-01-20,7.26,,,1.25,
1977-01-21,7.28,,,1.26,
1977-01-24,7.34,,,1.25,
1977-01-25,7.32,,,1.24,
1977-01-26,7.33,,,1.24,
1977-01-27,7.43,,,1.17,
1977-01-28,7.4,,,1.18,
1977-01-31,7.4,,,1.22,
1977-02-01,7.41,,59.3,1.21,
1977-02-02,7.47,,,1.19,
1977-02-03,7.46,,,1.26,
1977-02-04,7.28,,,1.25,
1977-02-07,7.34,,,1.3,
1977-02-08,7.35,,,1.29,
1977-02-09,7.34,,,1.33,
1977-02-10,7.34,,,1.3,
1977-02-11,7.36,,,1.34,
1977-02-14,7.38,,,1.32,
1977-02-15,7.36,,,1.32,
1977-02-16,7.34,,,1.32,
1977-02-17,7.26,,,1.27,
1977-02-18,7.41,,,1.35,
1977-02-21,,,,,
1977-02-22,7.42,,,1.33,
1977-02-23,7.48,,,1.36,
1977-02-24,7.5,,,1.3,
1977-02-25,7.48,,,1.34,
1977-02-28,7.45,,,1.37,
1977-03-01,7.49,,59.6,1.33,
1977-03-02,7.45,,,1.33,
1977-03-03,7.43,,,1.35,
1977-03-04,7.48,,,1.38,
1977-03-07,7.5,,,1.38,
1977-03-08,7.52,,,1.38,
1977-03-09,7.5,,,1.38,
1977-03-10,7.49,,,1.38,
1977-03-11,7.44,,,1.35,
1977-03-14,7.45,,,1.39,
1977-03-15,7.44,,,1.38,
1977-03-16,7.44,,,1.36,
1977-03-17,7.47,,,1.33,
1977-03-18,7.44,,,1.36,
1977-03-21,7.43,,,1.4,
1977-03-22,7.43,,,1.39,
1977-03-23,7.44,,,1.4,
1977-03-24,7.46,,,1.39,
1977-03-25,7.48,,,1.38,
1977-03-28,7.47,,,1.36,
1977-03-29,7.47,,,1.39,
1977-03-30,7.44,,,1.39,
1977-03-31,7.42,,,1.41,
1977-04-01,7.43,,60.0,1.41,
1977-04-04,7.44,,,1.41,
1977-04-05,7.47,,,1.46,
1977-04-06,7.46,,,1.42,
1977-04-07,7.43,,,1.41,
1977-04-08,,,,,
1977-04-11,7.39,,,1.43,
1977-04-12,7.39,,,1.41,
1977-04-13,7.36,,,1.4,
1977-04-14,7.22,,,1.49,
1977-04-15,7.25,,,1.47,
1977-04-18,7.25,,,1.45,
1977-04-19,7.3,,,1.43,
1977-04-20,7.32,,,1.37,
1977-04-21,7.33,,,1.39,
1977-04-22,7.36,,,1.37,
1977-04-25,7.4,,,1.39,
1977-04-26,7.38,,,1.38,
1977-04-27,7.38,,,1.37,
1977-04-28,7.4,,,1.37,
1977-04-29,7.45,,,1.31,
1977-05-01,,,60.2,,
1977-05-02,7.45,,,1.3,
1977-05-03,7.44,,,1.29,
1977-05-04,7.45,,,1.34,
1977-05-05,7.47,,,1.31,
1977-05-06,7.5,,,1.26,
1977-05-09,7.5,,,1.25,
1977-05-10,7.52,,,1.25,
1977-05-11,7.52,,,1.18,
1977-05-12,7.5,,,1.18,
1977-05-13,7.48,,,1.2,
1977-05-16,7.46,,,1.2,
1977-05-17,7.45,,,1.2,
1977-05-18,7.43,,,1.19,
1977-05-19,7.49,,,1.12,
1977-05-20,7.49,,,1.06,
1977-05-23,7.46,,,1.08,
1977-05-24,7.41,,,1.11,
1977-05-25,7.39,,,1.16,
1977-05-26,7.42,,,1.18,
1977-05-27,7.38,,,1.18,
1977-05-30,,,,,
1977-05-31,7.38,,,1.2,
1977-06-01,7.38,,60.5,1.14,
1977-06-02,7.39,,,1.19,
1977-06-03,7.36,,,1.17,
1977-06-06,7.37,,,1.19,
1977-06-07,7.36,,,1.19,
1977-06-08,7.36,,,1.21,
1977-06-09,7.35,,,1.19,
1977-06-10,7.3,,,1.15,
1977-06-13,7.27,,,1.14,
1977-06-14,7.22,,,1.14,
1977-06-15,7.23,,,1.12,
1977-06-16,7.24,,,1.12,
1977-06-17,7.24,,,1.14,
1977-06-20,7.27,,,1.16,
1977-06-21,7.26,,,1.14,
1977-06-22,7.25,,,1.13,
1977-06-23,7.26,,,1.14,
1977-06-24,7.2,,,1.1,
1977-06-27,7.2,,,1.14,
1977-06-28,7.16,,,1.1,
1977-06-29,7.19,,,1.14,
1977-06-30,7.2,,,1.12,
1977-07-01,7.34,,60.8,1.22,
1977-07-04,,,,,
1977-07-05,7.35,,,1.23,
1977-07-06,7.37,,,1.23,
1977-07-07,7.29,,,1.14,
1977-07-08,7.31,,,1.12,
1977-07-11,7.33,,,1.11,
1977-07-12,7.32,,,1.1,
1977-07-13,7.28,,,1.09,
1977-07-14,,,,,
1977-07-15,7.31,,,1.05,
1977-07-18,7.34,,,1.04,
1977-07-19,7.33,,,1.02,
1977-07-20,7.32,,,0.97,
1977-07-21,7.32,,,0.94,
1977-07-22,7.31,,,0.96,
1977-07-25,7.28,,,0.99,
1977-07-26,7.28,,,1.0,
1977-07-27,7.36,,,0.99,
1977-07-28,7.41,,,0.93,
1977-07-29,7.42,,,0.92,
1977-08-01,7.43,,61.1,0.94,
1977-08-02,7.44,,,0.9,
1977-08-03,7.42,,,0.89,
1977-08-04,7.43,,,0.91,
1977-08-05,7.42,,,0.89,
1977-08-08,7.41,,,0.89,
1977-08-09,7.45,,,0.87,
1977-08-10,7.46,,,0.87,
1977-08-11,7.47,,,0.83,
1977-08-12,7.48,,,0.8,
1977-08-15,7.48,,,0.77,
1977-08-16,7.48,,,0.74,
1977-08-17,7.44,,,0.72,
1977-08-18,7.42,,,0.74,
1977-08-19,7.4,,,0.73,
1977-08-22,7.39,,,0.73,
1977-08-23,7.36,,,0.72,
1977-08-24,7.35,,,0.68,
1977-08-25,7.32,,,0.7,
1977-08-26,7.27,,,0.65,
1977-08-29,7.25,,,0.69,
1977-08-30,7.27,,,0.71,
1977-08-31,7.28,,,0.69,
1977-09-01,7.3,,61.3,0.73,
1977-09-02,7.24,,,0.71,
1977-09-05,,,,,
1977-09-06,7.24,,,0.72,
1977-09-07,7.26,,,0.72,
1977-09-08,7.28,,,0.74,
1977-09-09,7.36,,,0.6,
1977-09-12,7.38,,,0.6,
1977-09-13,7.37,,,0.62,
1977-09-14,7.34,,,0.6,
1977-09-15,7.33,,,0.63,
1977-09-16,7.32,,,0.64,
1977-09-19,7.32,,,0.66,
1977-09-20,7.36,,,0.66,
1977-09-21,7.36,,,0.65,
1977-09-22,7.39,,,0.54,
1977-09-23,7.39,,,0.53,
1977-09-26,7.42,,,0.53,
1977-09-27,7.38,,,0.58,
1977-09-28,7.38,,,0.57,
1977-09-29,7.39,,,0.6,
1977-09-30,7.41,,,0.59,
1977-10-01,,,61.6,,
1977-10-03,7.41,,,0.57,
1977-10-04,7.4,,,0.56,
1977-10-05,7.4,,,0.54,
1977-10-06,7.44,,,0.55,
1977-10-07,7.48,,,0.52,
1977-10-10,,,,,
1977-10-11,7.54,,,0.48,
1977-10-12,7.54,,,0.4,
1977-10-13,7.54,,,0.35,
1977-10-14,7.54,,,0.37,
1977-10-17,7.55,,,0.33,
1977-10-18,7.55,,,0.32,
1977-10-19,7.54,,,0.32,
1977-10-20,7.54,,,0.34,
1977-10-21,7.55,,,0.33,
1977-10-24,7.56,,,0.36,
1977-10-25,7.58,,,0.38,
1977-10-26,7.57,,,0.4,
1977-10-27,7.56,,,0.42,
1977-10-28,7.56,,,0.42,
1977-10-31,7.62,,,0.39,
1977-11-01,7.63,,62.0,0.4,
1977-11-02,7.69,,,0.45,
1977-11-03,7.68,,,0.46,
1977-11-04,7.64,,,0.44,
1977-11-07,7.62,,,0.45,
1977-11-08,,,,,
1977-11-09,7.6,,,0.44,
1977-11-10,7.59,,,0.44,
1977-11-11,,,,,
1977-11-14,7.56,,,0.46,
1977-11-15,7.56,,,0.45,
1977-11-16,7.55,,,0.43,
1977-11-17,7.54,,,0.44,
1977-11-18,7.54,,,0.43,
1977-11-21,7.56,,,0.44,
1977-11-22,7.54,,,0.4,
1977-11-23,7.52,,,0.41,
1977-11-24,,,,,
1977-11-25,7.52,,,0.42,
1977-11-28,7.53,,,0.42,
1977-11-29,7.55,,,0.44,
1977-11-30,7.55,,,0.44,
1977-12-01,7.58,,62.3,0.45,
1977-12-02,7.59,,,0.44,
1977-12-05,7.6,,,0.45,
1977-12-06,7.63,,,0.48,
1977-12-07,7.63,,,0.47,
1977-12-08,7.64,,,0.48,
1977-12-09,7.63,,,0.48,
1977-12-12,7.64,,,0.48,
1977-12-13,7.65,,,0.49,
1977-12-14,7.66,,,0.5,
1977-12-15,7.67,,,0.53,
1977-12-16,7.67,,,0.54,
1977-12-19,7.69,,,0.56,
1977-12-20,7.74,,,0.6,
1977-12-21,7.72,,,0.56,
1977-12-22,7.75,,,0.49,
1977-12-23,7.75,,,0.51,
1977-12-26,,,,,
1977-12-27,7.77,,,0.52,
1977-12-28,7.78,,,0.53,
1977-12-29,7.82,,,0.56,
1977-12-30,7.78,,,0.56,
1978-01-01,,,62.7,,
1978-01-02,,,,,
1978-01-03,7.83,,,0.59,
1978-01-04,7.82,,,0.58,
1978-01-05,7.83,,,0.57,
1978-01-06,7.85,,,0.57,
1978-01-09,8.01,,,0.43,
1978-01-10,8.02,,,0.44,
1978-01-11,8.03,,,0.43,
1978-01-12,8.02,,,0.42,
1978-01-13,7.98,,,0.41,
1978-01-16,7.98,,,0.43,
1978-01-17,7.98,,,0.44,
1978-01-18,7.98,,,0.44,
1978-01-19,7.97,,,0.42,
1978-01-20,7.97,,,0.42,
1978-01-23,7.97,,,0.44,
1978-01-24,7.99,,,0.46,
1978-01-25,8.0,,,0.47,
1978-01-26,7.98,,,0.47,
1978-01-27,7.97,,,0.49,
1978-01-30,7.96,,,0.49,
1978-01-31,7.94,,,0.47,
1978-02-01,7.96,,63.0,0.49,
1978-02-02,7.96,,,0.48,
1978-02-03,7.97,,,0.49,
1978-02-06,7.99,,,0.49,
1978-02-07,7.99,,,0.47,
1978-02-08,8.0,,,0.48,
1978-02-09,8.01,,,0.49,
1978-02-10,8.02,,,0.49,
1978-02-13,,,,,
1978-02-14,8.05,,,0.48,
1978-02-15,8.08,,,0.49,
1978-02-16,8.1,,,0.46,
1978-02-17,8.09,,,0.46,
1978-02-20,,,,,
1978-02-21,8.1,,,0.45,
1978-02-22,8.1,,,0.45,
1978-02-23,8.08,,,0.43,
1978-02-24,8.04,,,0.43,
1978-02-27,8.02,,,0.43,
1978-02-28,8.04,,,0.47,
1978-03-01,8.05,,63.4,0.46,
1978-03-02,8.04,,,0.45,
1978-03-03,8.04,,,0.45,
1978-03-06,8.05,,,0.47,
1978-03-07,8.03,,,0.47,
1978-03-08,8.03,,,0.49,
1978-03-09,8.02,,,0.46,
1978-03-10,8.0,,,0.46,
1978-03-13,7.99,,,0.45,
1978-03-14,7.99,,,0.45,
1978-03-15,8.0,,,0.46,
1978-03-16,8.0,,,0.46,
1978-03-17,8.0,,,0.45,
1978-03-20,7.97,,,0.44,
1978-03-21,7.97,,,0.44,
1978-03-22,7.98,,,0.44,
1978-03-23,8.01,,,0.45,
1978-03-24,,,,,
1978-03-27,8.12,,,0.51,
1978-03-28,8.12,,,0.48,
1978-03-29,8.11,,,0.47,
1978-03-30,8.12,,,0.48,
1978-03-31,8.15,,,0.45,
1978-04-01,,,63.9,,
1978-04-03,8.13,,,0.44,
1978-04-04,8.12,,,0.43,
1978-04-05,8.14,,,0.42,
1978-04-06,8.16,,,0.43,
1978-04-07,8.14,,,0.42,
1978-04-10,8.15,,,0.43,
1978-04-11,8.16,,,0.45,
1978-04-12,8.16,,,0.47,
1978-04-13,8.15,,,0.48,
1978-04-14,8.12,,,0.51,
1978-04-17,8.08,,,0.48,
1978-04-18,8.08,,,0.46,
1978-04-19,8.13,,,0.36,
1978-04-20,8.14,,,0.35,
1978-04-21,8.16,,,0.35,
1978-04-24,8.18,,,0.36,
1978-04-25,8.18,,,0.38,
1978-04-26,8.22,,,0.37,
1978-04-27,8.24,,,0.35,
1978-04-28,8.24,,,0.27,
1978-05-01,8.24,,64.5,0.33,
1978-05-02,8.25,,,0.34,
1978-05-03,8.28,,,0.37,
1978-05-04,8.27,,,0.37,
1978-05-05,8.34,,,0.38,
1978-05-08,8.35,,,0.37,
1978-05-09,8.34,,,0.36,
1978-05-10,8.34,,,0.36,
1978-05-11,8.34,,,0.34,
1978-05-12,8.36,,,0.36,
1978-05-15,8.35,,,0.37,
1978-05-16,8.34,,,0.37,
1978-05-17,8.33,,,0.35,
1978-05-18,8.37,,,0.33,
1978-05-19,8.38,,,0.31,
1978-05-22,8.38,,,0.31,
1978-05-23,8.37,,,0.3,
1978-05-24,8.39,,,0.29,
1978-05-25,8.4,,,0.3,
1978-05-26,8.42,,,0.32,
1978-05-29,,,,,
1978-05-30,,,,,
1978-05-31,8.42,,,0.3,
1978-06-01,8.41,,65.0,0.29,
1978-06-02,8.39,,,0.3,
1978-06-05,8.38,,,0.31,
1978-06-06,8.37,,,0.3,
1978-06-07,8.37,,,0.3,
1978-06-08,8.38,,,0.31,
1978-06-09,8.41,,,0.32,
1978-06-12,8.4,,,0.29,
1978-06-13,8.41,,,0.3,
1978-06-14,8.41,,,0.29,
1978-06-15,8.41,,,0.29,
1978-06-16,8.43,,,0.24,
1978-06-19,8.45,,,0.2,
1978-06-20,8.47,,,0.2,
1978-06-21,8.5,,,0.09,
1978-06-22,8.5,,,0.09,
1978-06-23,8.55,,,0.11,
1978-06-26,8.59,,,0.11,
1978-06-27,8.58,,,0.14,
1978-06-28,8.57,,,0.13,
1978-06-29,8.57,,,0.15,
1978-06-30,8.62,,,0.14,
1978-07-01,,,65.5,,
1978-07-03,8.59,,,0.15,
1978-07-04,,,,,
1978-07-05,8.62,,,0.18,
1978-07-06,8.62,,,0.18,
1978-07-07,8.66,,,0.18,
1978-07-10,8.68,,,0.18,
1978-07-11,8.68,,,0.2,
1978-07-12,8.67,,,0.19,
1978-07-13,8.68,,,0.18,
1978-07-14,8.68,,,0.17,
1978-07-17,8.65,,,0.17,
1978-07-18,8.63,,,0.17,
1978-07-19,8.62,,,0.16,
1978-07-20,8.66,,,0.16,
1978-07-21,8.67,,,0.08,
1978-07-24,8.67,,,0.1,
1978-07-25,8.67,,,0.12,
1978-07-26,8.66,,,0.14,
1978-07-27,8.58,,,0.11,
1978-07-28,8.55,,,0.1,
1978-07-31,8.56,,,0.09,
1978-08-01,8.54,,65.9,0.09,
1978-08-02,8.44,,,0.04,
1978-08-03,8.39,,,0.13,
1978-08-04,8.38,,,0.12,
1978-08-07,8.36,,,0.18,
1978-08-08,8.35,,,0.16,
1978-08-09,8.34,,,0.17,
1978-08-10,8.45,,,0.21,
1978-08-11,8.44,,,0.19,
1978-08-14,8.45,,,0.16,
1978-08-15,8.46,,,0.17,
1978-08-16,8.55,,,0.05,
1978-08-17,8.48,,,0.0,
1978-08-18,8.46,,,-0.04,
1978-08-21,8.41,,,-0.06,
1978-08-22,8.41,,,-0.06,
1978-08-23,8.32,,,-0.1,
1978-08-24,8.35,,,-0.06,
1978-08-25,8.34,,,-0.07,
1978-08-28,8.35,,,-0.06,
1978-08-29,8.37,,,-0.07,
1978-08-30,8.42,,,-0.06,
1978-08-31,8.39,,,-0.07,
1978-09-01,8.38,,66.5,-0.12,
1978-09-04,,,,,
1978-09-05,8.34,,,-0.12,
1978-09-06,8.35,,,-0.09,
1978-09-07,8.34,,,-0.1,
1978-09-08,8.34,,,-0.12,
1978-09-11,8.31,,,-0.12,
1978-09-12,8.29,,,-0.16,
1978-09-13,8.3,,,-0.15,
1978-09-14,8.32,,,-0.13,
1978-09-15,8.35,,,-0.14,
1978-09-18,8.37,,,-0.15,
1978-09-19,8.38,,,-0.16,
1978-09-20,8.46,,,-0.14,
1978-09-21,8.51,,,-0.18,
1978-09-22,8.56,,,-0.17,
1978-09-25,8.56,,,-0.19,
1978-09-26,8.53,,,-0.22,
1978-09-27,8.54,,,-0.2,
1978-09-28,8.54,,,-0.18,
1978-09-29,8.56,,,-0.14,
1978-10-01,,,67.1,,
1978-10-02,8.58,,,-0.13,
1978-10-03,8.57,,,-0.12,
1978-10-04,8.59,,,-0.1,
1978-10-05,8.6,,,-0.09,
1978-10-06,8.58,,,-0.11,
1978-10-09,,,,,
1978-10-10,8.58,,,-0.12,
1978-10-11,8.56,,,-0.14,
1978-10-12,8.51,,,-0.18,
1978-10-13,8.52,,,-0.17,
1978-10-16,8.59,,,-0.14,
1978-10-17,8.6,,,-0.17,
1978-10-18,8.62,,,-0.21,
1978-10-19,8.64,,,-0.2,
1978-10-20,8.66,,,-0.19,
1978-10-23,8.66,,,-0.18,
1978-10-24,8.64,,,-0.21,
1978-10-25,8.65,,,-0.31,
1978-10-26,8.72,,,-0.33,
1978-10-27,8.78,,,-0.34,
1978-10-30,8.88,,,-0.47,
1978-10-31,8.96,,,-0.53,
1978-11-01,8.66,,67.5,-0.78,
1978-11-02,8.73,,,-0.69,
1978-11-03,8.86,,,-0.63,
1978-11-06,8.85,,,-0.6,
1978-11-07,,,,,
1978-11-08,8.86,,,-0.63,
1978-11-09,8.87,,,-0.63,
1978-11-10,8.86,,,-0.6,
1978-11-13,8.83,,,-0.57,
1978-11-14,8.82,,,-0.59,
1978-11-15,8.76,,,-0.58,
1978-11-16,8.72,,,-0.49,
1978-11-17,8.72,,,-0.47,
1978-11-20,8.72,,,-0.47,
1978-11-21,8.77,,,-0.46,
1978-11-22,8.77,,,-0.6,
1978-11-23,,,,,
1978-11-24,8.86,,,-0.74,
1978-11-27,8.86,,,-0.74,
1978-11-28,8.86,,,-0.74,
1978-11-29,8.86,,,-0.69,
1978-11-30,8.86,,,-0.69,
1978-12-01,8.8,,67.9,-0.7,
1978-12-04,8.82,,,-0.69,
1978-12-05,8.85,,,-0.65,
1978-12-06,8.85,,,-0.65,
1978-12-07,8.89,,,-0.61,
1978-12-08,8.9,,,-0.61,
1978-12-11,8.9,,,-0.62,
1978-12-12,8.92,,,-0.6,
1978-12-13,8.98,,,-0.56,
1978-12-14,8.96,,,-0.58,
1978-12-15,9.0,,,-0.58,
1978-12-18,9.13,,,-0.73,
1978-12-19,9.14,,,-0.77,
1978-12-20,9.16,,,-0.8,
1978-12-21,9.16,,,-0.82,
1978-12-22,9.11,,,-0.85,
1978-12-25,,,,,
1978-12-26,9.13,,,-0.85,
1978-12-27,9.12,,,-0.86,
1978-12-28,9.16,,,-0.82,
1978-12-29,9.15,,,-0.83,
1979-01-01,,,68.5,,
1979-01-02,9.18,,,-0.82,
1979-01-03,9.16,,,-0.82,
1979-01-04,9.11,,,-0.77,
1979-01-05,9.1,,,-0.77,
1979-01-08,9.14,,,-0.78,
1979-01-09,9.16,,,-0.76,
1979-01-10,9.16,,,-0.78,
1979-01-11,9.15,,,-0.77,
1979-01-12,9.14,,,-0.78,
1979-01-15,9.15,,,-0.76,
1979-01-16,9.16,,,-0.76,
1979-01-17,9.18,,,-0.73,
1979-01-18,9.18,,,-0.74,
1979-01-19,9.15,,,-0.76,
1979-01-22,9.12,,,-0.74,
1979-01-23,9.1,,,-0.75,
1979-01-24,9.08,,,-0.77,
1979-01-25,8.98,,,-0.8,
1979-01-26,8.93,,,-0.74,
1979-01-29,8.96,,,-0.71,
1979-01-30,8.95,,,-0.73,
1979-01-31,8.95,,,-0.69,
1979-02-01,8.94,,69.2,-0.67,
1979-02-02,8.89,,,-0.59,
1979-02-05,8.95,,,-0.58,
1979-02-06,9.0,,,-0.58,
1979-02-07,9.09,,,-0.58,
1979-02-08,9.09,,,-0.61,
1979-02-09,9.11,,,-0.59,
1979-02-12,,,,,
1979-02-13,9.11,,,-0.58,
1979-02-14,9.12,,,-0.55,
1979-02-15,9.12,,,-0.56,
1979-02-16,9.11,,,-0.57,
1979-02-19,,,,,
1979-02-20,9.12,,,-0.57,
1979-02-21,9.15,,,-0.56,
1979-02-22,9.2,,,-0.7,
1979-02-23,9.21,,,-0.71,
1979-02-26,9.2,,,-0.71,
1979-02-27,9.19,,,-0.7,
1979-02-28,9.17,,,-0.72,
1979-03-01,9.17,,69.9,-0.7,
1979-03-02,9.16,,,-0.71,
1979-03-05,9.11,,,-0.72,
1979-03-06,9.14,,,-0.69,
1979-03-07,9.1,,,-0.71,
1979-03-08,9.1,,,-0.66,
1979-03-09,9.11,,,-0.68,
1979-03-12,9.11,,,-0.7,
1979-03-13,9.11,,,-0.69,
1979-03-14,9.12,,,-0.7,
1979-03-15,9.14,,,-0.68,
1979-03-16,9.12,,,-0.72,
1979-03-19,9.12,,,-0.69,
1979-03-20,9.13,,,-0.66,
1979-03-21,9.13,,,-0.66,
1979-03-22,9.12,,,-0.65,
1979-03-23,9.12,,,-0.65,
1979-03-26,9.12,,,-0.64,
1979-03-27,9.11,,,-0.62,
1979-03-28,9.07,,,-0.64,
1979-03-29,9.06,,,-0.61,
1979-03-30,9.11,,,-0.61,
1979-04-01,,,70.6,,
1979-04-02,9.11,,,-0.63,
1979-04-03,9.1,,,-0.63,
1979-04-04,9.09,,,-0.62,
1979-04-05,9.07,,,-0.61,
1979-04-06,9.1,,,-0.65,
1979-04-09,9.14,,,-0.67,
1979-04-10,9.17,,,-0.64,
1979-04-11,9.2,,,-0.65,
1979-04-12,9.2,,,-0.65,
1979-04-13,,,,,
1979-04-16,9.19,,,-0.67,
1979-04-17,9.16,,,-0.61,
1979-04-18,9.15,,,-0.56,
1979-04-19,9.15,,,-0.53,
1979-04-20,9.19,,,-0.54,
1979-04-23,9.21,,,-0.52,
1979-04-24,9.24,,,-0.51,
1979-04-25,9.23,,,-0.54,
1979-04-26,9.27,,,-0.53,
1979-04-27,9.32,,,-0.61,
1979-04-30,9.35,,,-0.56,
1979-05-01,9.36,,71.4,-0.55,
1979-05-02,9.34,,,-0.57,
1979-05-03,9.38,,,-0.55,
1979-05-04,9.39,,,-0.54,
1979-05-07,9.39,,,-0.52,
1979-05-08,9.38,,,-0.53,
1979-05-09,9.36,,,-0.54,
1979-05-10,9.36,,,-0.56,
1979-05-11,9.34,,,-0.56,
1979-05-14,9.3,,,-0.57,
1979-05-15,9.32,,,-0.55,
1979-05-16,9.31,,,-0.53,
1979-05-17,9.24,,,-0.48,
1979-05-18,9.23,,,-0.48,
1979-05-21,9.24,,,-0.51,
1979-05-22,9.15,,,-0.54,
1979-05-23,9.07,,,-0.58,
1979-05-24,9.06,,,-0.52,
1979-05-25,9.01,,,-0.49,
1979-05-28,,,,,
1979-05-29,9.01,,,-0.49,
1979-05-30,,,,,
1979-05-31,9.06,,,-0.5,
1979-06-01,9.05,,72.2,-0.51,
1979-06-04,9.06,,,-0.5,
1979-06-05,9.02,,,-0.48,
1979-06-06,8.97,,,-0.46,
1979-06-07,8.89,,,-0.4,
1979-06-08,8.9,,,-0.35,
1979-06-11,8.94,,,-0.33,
1979-06-12,8.79,,,-0.26,
1979-06-13,8.83,,,-0.25,
1979-06-14,8.87,,,-0.25,
1979-06-15,8.96,,,-0.28,
1979-06-18,8.95,,,-0.31,
1979-06-19,8.95,,,-0.29,
1979-06-20,8.94,,,-0.31,
1979-06-21,8.93,,,-0.32,
1979-06-22,8.98,,,-0.29,
1979-06-25,8.93,,,-0.27,
1979-06-26,8.82,,,-0.15,
1979-06-27,8.8,,,-0.12,
1979-06-28,8.8,,,-0.15,
1979-06-29,8.81,,,-0.16,
1979-07-01,,,73.0,,
1979-07-02,8.76,,,-0.17,
1979-07-03,8.77,,,-0.18,
1979-07-04,,,,,
1979-07-05,8.8,,,-0.18,
1979-07-06,8.82,,,-0.18,
1979-07-09,8.86,,,-0.18,
1979-07-10,8.92,,,-0.12,
1979-07-11,8.97,,,-0.07,
1979-07-12,8.95,,,-0.06,
1979-07-13,8.94,,,-0.07,
1979-07-16,8.99,,,-0.09,
1979-07-17,9.01,,,-0.09,
1979-07-18,9.03,,,-0.07,
1979-07-19,9.04,,,-0.1,
1979-07-20,8.98,,,-0.26,
1979-07-23,9.03,,,-0.25,
1979-07-24,9.06,,,-0.27,
1979-07-25,8.99,,,-0.37,
1979-07-26,8.97,,,-0.28,
1979-07-27,9.02,,,-0.36,
1979-07-30,9.03,,,-0.29,
1979-07-31,9.01,,,-0.3,
1979-08-01,8.99,,73.7,-0.24,
1979-08-02,8.91,,,-0.29,
1979-08-03,8.92,,,-0.35,
1979-08-06,8.91,,,-0.36,
1979-08-07,8.91,,,-0.31,
1979-08-08,8.93,,,-0.32,
1979-08-09,8.97,,,-0.3,
1979-08-10,9.0,,,-0.33,
1979-08-13,9.0,,,-0.34,
1979-08-14,8.98,,,-0.34,
1979-08-15,9.0,,,-0.41,
1979-08-16,9.0,,,-0.39,
1979-08-17,9.01,,,-0.43,
1979-08-20,9.02,,,-0.43,
1979-08-21,9.04,,,-0.47,
1979-08-22,9.04,,,-0.51,
1979-08-23,9.05,,,-0.58,
1979-08-24,9.14,,,-0.58,
1979-08-27,9.12,,,-0.56,
1979-08-28,9.15,,,-0.58,
1979-08-29,9.14,,,-0.59,
1979-08-30,9.21,,,-0.56,
1979-08-31,9.24,,,-0.6,
1979-09-01,,,74.4,,
1979-09-03,,,,,
1979-09-04,9.32,,,-0.68,
1979-09-05,9.32,,,-0.7,
1979-09-06,9.35,,,-0.68,
1979-09-07,9.34,,,-0.76,
1979-09-10,9.36,,,-0.77,
1979-09-11,9.25,,,-0.75,
1979-09-12,9.3,,,-0.74,
1979-09-13,9.34,,,-0.76,
1979-09-14,9.29,,,-0.73,
1979-09-17,9.37,,,-0.76,
1979-09-18,9.36,,,-0.78,
1979-09-19,9.31,,,-0.77,
1979-09-20,9.29,,,-0.74,
1979-09-21,9.26,,,-0.74,
1979-09-24,9.34,,,-0.67,
1979-09-25,9.32,,,-0.69,
1979-09-26,9.36,,,-0.66,
1979-09-27,9.44,,,-0.67,
1979-09-28,9.44,,,-0.66,
1979-10-01,9.51,,75.2,-0.63,
1979-10-02,9.47,,,-0.67,
1979-10-03,9.5,,,-0.64,
1979-10-04,9.58,,,-0.76,
1979-10-05,9.6,,,-0.79,
1979-10-08,,,,,
1979-10-09,9.93,,,-1.19,
1979-10-10,10.09,,,-1.31,
1979-10-11,10.17,,,-1.09,
1979-10-12,10.15,,,-1.02,
1979-10-15,10.31,,,-1.08,
1979-10-16,10.27,,,-1.12,
1979-10-17,10.2,,,-1.2,
1979-10-18,10.41,,,-1.34,
1979-10-19,10.68,,,-1.47,
1979-10-22,10.96,,,-1.47,
1979-10-23,11.02,,,-1.61,
1979-10-24,10.83,,,-1.69,
1979-10-25,10.98,,,-1.61,
1979-10-26,10.67,,,-1.38,
1979-10-29,10.78,,,-1.41,
1979-10-30,10.75,,,-1.37,
1979-10-31,10.72,,,-1.34,
1979-11-01,10.79,,76.0,-1.29,
1979-11-02,10.84,,,-1.35,
1979-11-05,10.85,,,-1.3,
1979-11-06,,,,,
1979-11-07,11.0,,,-1.36,
1979-11-08,10.96,,,-1.33,
1979-11-09,10.68,,,-1.1,
1979-11-12,,,,,
1979-11-13,10.63,,,-1.01,
1979-11-14,10.75,,,-1.07,
1979-11-15,10.62,,,-1.06,
1979-11-16,10.77,,,-1.2,
1979-11-19,10.8,,,-1.28,
1979-11-20,10.78,,,-1.34,
1979-11-21,10.73,,,-1.44,
1979-11-22,,,,,
1979-11-23,10.51,,,-1.18,
1979-11-26,10.37,,,-1.07,
1979-11-27,10.24,,,-0.87,
1979-11-28,10.37,,,-0.86,
1979-11-29,10.34,,,-0.89,
1979-11-30,10.38,,,-0.95,
1979-12-01,,,76.9,,
1979-12-03,10.44,,,-0.98,
1979-12-04,10.32,,,-0.98,
1979-12-05,10.27,,,-0.94,
1979-12-06,10.13,,,-0.95,
1979-12-07,10.3,,,-0.91,
1979-12-10,10.27,,,-0.98,
1979-12-11,10.46,,,-1.14,
1979-12-12,10.58,,,-1.27,
1979-12-13,10.51,,,-1.16,
1979-12-14,10.45,,,-1.02,
1979-12-17,10.42,,,-1.03,
1979-12-18,10.34,,,-0.97,
1979-12-19,10.33,,,-1.05,
1979-12-20,10.38,,,-1.02,
1979-12-21,10.39,,,-1.03,
1979-12-24,10.45,,,-0.99,
1979-12-25,,,,,
1979-12-26,10.48,,,-0.95,
1979-12-27,10.46,,,-0.93,
1979-12-28,10.41,,,-0.89,
1979-12-31,10.33,,,-0.9,
1980-01-01,,,78.0,,
1980-01-02,10.5,,,-0.89,
1980-01-03,10.6,,,-0.85,
1980-01-04,10.66,,,-0.81,
1980-01-07,10.63,,,-0.72,
1980-01-08,10.57,,,-0.69,
1980-01-09,10.58,,,-0.66,
1980-01-10,10.51,,,-0.67,
1980-01-11,10.68,,,-0.65,
1980-01-14,10.7,,,-0.65,
1980-01-15,10.65,,,-0.67,
1980-01-16,10.65,,,-0.65,
1980-01-17,10.71,,,-0.66,
1980-01-18,10.82,,,-0.7,
1980-01-21,10.96,,,-0.62,
1980-01-22,10.85,,,-0.71,
1980-01-23,10.82,,,-0.71,
1980-01-24,11.01,,,-0.67,
1980-01-25,11.1,,,-0.72,
1980-01-28,11.15,,,-0.64,
1980-01-29,11.21,,,-0.67,
1980-01-30,11.16,,,-0.68,
1980-01-31,11.13,,,-0.62,
1980-02-01,11.29,,79.0,-0.75,
1980-02-04,11.4,,,-0.72,
1980-02-05,11.73,,,-0.76,
1980-02-06,11.92,,,-0.5,
1980-02-07,11.71,,,-0.5,
1980-02-08,11.8,,,-0.51,
1980-02-11,12.01,,,-0.59,
1980-02-12,,,,,
1980-02-13,11.86,,,-0.66,
1980-02-14,11.97,,,-0.63,
1980-02-15,12.2,,,-0.93,
1980-02-18,,,,,
1980-02-19,12.85,,,-1.11,
1980-02-20,12.84,,,-1.19,
1980-02-21,13.22,,,-1.29,
1980-02-22,13.06,,,-1.46,
1980-02-25,13.27,,,-1.35,
1980-02-26,13.65,,,-1.26,
1980-02-27,13.46,,,-1.36,
1980-02-28,12.92,,,-1.49,
1980-02-29,12.72,,,-2.01,
1980-03-01,,,80.1,,
1980-03-03,12.79,,,-2.04,
1980-03-04,12.91,,,-1.95,
1980-03-05,13.03,,,-1.96,
1980-03-06,13.13,,,-2.14,
1980-03-07,12.86,,,-2.34,
1980-03-10,12.63,,,-2.08,
1980-03-11,12.41,,,-2.02,
1980-03-12,12.62,,,-2.12,
1980-03-13,12.5,,,-2.19,
1980-03-14,12.52,,,-2.28,
1980-03-17,12.58,,,-2.24,
1980-03-18,12.4,,,-2.02,
1980-03-19,12.35,,,-1.98,
1980-03-20,12.62,,,-2.41,
1980-03-21,12.75,,,-2.27,
1980-03-24,13.17,,,-2.19,
1980-03-25,13.1,,,-2.09,
1980-03-26,13.03,,,-2.23,
1980-03-27,12.97,,,-2.14,
1980-03-28,12.72,,,-2.17,
1980-03-31,12.64,,,-1.99,
1980-04-01,12.69,,80.9,-1.9,
1980-04-02,12.63,,,-1.89,
1980-04-03,12.52,,,-1.99,
1980-04-04,,,,,
1980-04-07,12.13,,,-1.72,
1980-04-08,12.21,,,-1.68,
1980-04-09,12.06,,,-1.48,
1980-04-10,12.06,,,-1.51,
1980-04-11,11.79,,,-1.43,
1980-04-14,11.62,,,-1.34,
1980-04-15,11.57,,,-1.15,
1980-04-16,10.9,,,-1.07,
1980-04-17,11.13,,,-0.84,
1980-04-18,11.05,,,-0.71,
1980-04-21,10.9,,,-0.66,
1980-04-22,10.82,,,-0.61,
1980-04-23,10.89,,,-0.49,
1980-04-24,10.96,,,-0.46,
1980-04-25,10.95,,,-0.44,
1980-04-28,10.63,,,-0.11,
1980-04-29,10.67,,,-0.07,
1980-04-30,10.76,,,-0.05,
1980-05-01,10.57,,81.7,-0.13,
1980-05-02,10.24,,,0.2,
1980-05-05,10.18,,,0.33,
1980-05-06,9.8,,,0.4,
1980-05-07,9.96,,,0.55,
1980-05-08,10.18,,,0.7,
1980-05-09,10.3,,,0.45,
1980-05-12,10.3,,,0.78,
1980-05-13,10.13,,,0.75,
1980-05-14,10.14,,,0.87,
1980-05-15,10.31,,,0.83,
1980-05-16,10.37,,,0.61,
1980-05-19,10.53,,,0.75,
1980-05-20,10.22,,,0.96,
1980-05-21,10.08,,,0.94,
1980-05-22,10.1,,,0.97,
1980-05-23,9.85,,,1.12,
1980-05-26,,,,,
1980-05-27,9.96,,,1.14,
1980-05-28,10.1,,,1.06,
1980-05-29,10.24,,,1.08,
1980-05-30,10.25,,,1.0,
1980-06-01,,,82.5,,
1980-06-02,10.31,,,0.97,
1980-06-03,10.16,,,0.96,
1980-06-04,10.07,,,1.01,
1980-06-05,10.02,,,1.05,
1980-06-06,9.81,,,1.09,
1980-06-09,9.73,,,1.12,
1980-06-10,9.83,,,1.04,
1980-06-11,9.7,,,1.05,
1980-06-12,9.53,,,1.07,
1980-06-13,9.51,,,1.12,
1980-06-16,9.47,,,1.09,
1980-06-17,9.49,,,1.13,
1980-06-18,9.56,,,0.98,
1980-06-19,9.56,,,0.88,
1980-06-20,9.49,,,1.06,
1980-06-23,9.63,,,1.04,
1980-06-24,9.68,,,1.04,
1980-06-25,9.79,,,1.06,
1980-06-26,9.87,,,1.07,
1980-06-27,10.04,,,1.1,
1980-06-30,10.09,,,1.12,
1980-07-01,10.13,,82.6,1.12,
1980-07-02,10.19,,,1.18,
1980-07-03,10.01,,,1.24,
1980-07-04,,,,,
1980-07-07,10.2,,,1.26,
1980-07-08,10.09,,,1.29,
1980-07-09,10.14,,,1.31,
1980-07-10,10.21,,,1.31,
1980-07-11,10.28,,,1.31,
1980-07-14,10.33,,,1.17,
1980-07-15,10.17,,,1.19,
1980-07-16,10.07,,,1.28,
1980-07-17,10.21,,,1.32,
1980-07-18,10.2,,,1.27,
1980-07-21,10.13,,,1.2,
1980-07-22,10.18,,,1.16,
1980-07-23,10.12,,,1.17,
1980-07-24,10.24,,,1.19,
1980-07-25,10.35,,,1.2,
1980-07-28,10.46,,,1.22,
1980-07-29,10.45,,,1.17,
1980-07-30,10.53,,,1.2,
1980-07-31,10.76,,,1.04,
1980-08-01,10.76,,83.2,0.98,
1980-08-04,10.69,,,1.03,
1980-08-05,10.7,,,1.03,
1980-08-06,10.8,,,1.11,
1980-08-07,10.71,,,1.04,
1980-08-08,10.87,,,1.06,
1980-08-11,11.03,,,0.96,
1980-08-12,10.98,,,0.95,
1980-08-13,10.89,,,0.86,
1980-08-14,10.9,,,0.83,
1980-08-15,10.86,,,0.74,
1980-08-18,11.13,,,0.36,
1980-08-19,11.24,,,0.33,
1980-08-20,11.22,,,0.11,
1980-08-21,11.3,,,0.03,
1980-08-22,11.13,,,0.04,
1980-08-25,11.4,,,0.06,
1980-08-26,11.42,,,0.08,
1980-08-27,11.67,,,0.15,
1980-08-28,11.89,,,0.12,
1980-08-29,11.55,,,0.19,
1980-09-01,,,83.9,,
1980-09-02,11.32,,,0.27,
1980-09-03,11.08,,,0.35,
1980-09-04,11.16,,,0.39,
1980-09-05,11.21,,,0.32,
1980-09-08,11.29,,,0.18,
1980-09-09,11.19,,,0.06,
1980-09-10,11.14,,,0.11,
1980-09-11,11.32,,,0.05,
1980-09-12,11.37,,,-0.03,
1980-09-15,11.62,,,-0.17,
1980-09-16,11.52,,,-0.16,
1980-09-17,11.57,,,-0.22,
1980-09-18,11.53,,,-0.31,
1980-09-19,11.33,,,-0.26,
1980-09-22,11.69,,,-0.31,
1980-09-23,11.76,,,-0.24,
1980-09-24,11.75,,,-0.23,
1980-09-25,11.91,,,-0.2,
1980-09-26,11.99,,,-0.41,
1980-09-29,12.07,,,-0.31,
1980-09-30,11.86,,,-0.27,
1980-10-01,11.78,,84.7,-0.24,
1980-10-02,11.83,,,-0.23,
1980-10-03,11.4,,,-0.11,
1980-10-06,11.35,,,-0.06,
1980-10-07,11.43,,,-0.01,
1980-10-08,11.51,,,-0.18,
1980-10-09,11.39,,,-0.21,
1980-10-10,11.44,,,-0.2,
1980-10-13,,,,,
1980-10-14,11.37,,,-0.3,
1980-10-15,11.29,,,-0.29,
1980-10-16,11.47,,,-0.22,
1980-10-17,11.62,,,-0.29,
1980-10-20,11.64,,,-0.36,
1980-10-21,11.7,,,-0.41,
1980-10-22,11.88,,,-0.43,
1980-10-23,11.82,,,-0.49,
1980-10-24,11.74,,,-0.51,
1980-10-27,12.13,,,-0.6,
1980-10-28,12.32,,,-0.59,
1980-10-29,12.48,,,-0.5,
1980-10-30,12.48,,,-0.56,
1980-10-31,12.46,,,-0.62,
1980-11-01,,,85.6,,
1980-11-03,12.46,,,-0.77,
1980-11-04,,,,,
1980-11-05,12.61,,,-0.77,
1980-11-06,13.04,,,-0.53,
1980-11-07,12.66,,,-0.7,
1980-11-10,12.78,,,-0.51,
1980-11-11,,,,,
1980-11-12,12.47,,,-0.39,
1980-11-13,12.49,,,-0.4,
1980-11-14,12.79,,,-0.46,
1980-11-17,12.95,,,-0.76,
1980-11-18,12.62,,,-0.85,
1980-11-19,12.51,,,-0.86,
1980-11-20,12.59,,,-0.94,
1980-11-21,12.8,,,-1.03,
1980-11-24,12.76,,,-1.12,
1980-11-25,12.74,,,-1.25,
1980-11-26,12.65,,,-1.35,
1980-11-27,,,,,
1980-11-28,12.72,,,-1.41,
1980-12-01,12.92,,86.4,-1.33,
1980-12-02,12.95,,,-1.3,
1980-12-03,12.92,,,-1.12,
1980-12-04,12.91,,,-1.24,
1980-12-05,12.85,,,-1.49,
1980-12-08,12.91,,,-1.54,
1980-12-09,13.1,,,-1.44,
1980-12-10,13.15,,,-1.44,
1980-12-11,13.57,,,-1.4,
1980-12-12,13.21,,,-1.53,
1980-12-15,13.25,,,-1.58,
1980-12-16,13.51,,,-1.61,
1980-12-17,13.28,,,-1.7,
1980-12-18,13.22,,,-1.67,
1980-12-19,12.64,,,-1.41,
1980-12-22,12.14,,,-1.1,
1980-12-23,12.35,,,-0.69,
1980-12-24,12.42,,,-0.95,
1980-12-25,,,,,
1980-12-26,12.25,,,-0.7,
1980-12-29,12.2,,,-0.67,
1980-12-30,12.39,,,-0.58,
1980-12-31,12.43,,,-0.63,
1981-01-01,,,87.2,,
1981-01-02,12.42,,,-0.68,
1981-01-05,12.15,,,-0.13,
1981-01-06,12.11,,,-0.31,
1981-01-07,12.38,,,-0.54,
1981-01-08,12.35,,,-0.74,
1981-01-09,12.57,,,-0.96,
1981-01-12,12.45,,,-0.72,
1981-01-13,12.53,,,-0.77,
1981-01-14,12.53,,,-0.42,
1981-01-15,12.62,,,-0.63,
1981-01-16,12.53,,,-0.55,
1981-01-19,12.64,,,-0.98,
1981-01-20,12.5,,,-0.98,
1981-01-21,12.77,,,-1.02,
1981-01-22,12.87,,,-0.96,
1981-01-23,12.84,,,-0.9,
1981-01-26,12.7,,,-0.7,
1981-01-27,12.73,,,-0.67,
1981-01-28,12.77,,,-0.71,
1981-01-29,12.8,,,-0.62,
1981-01-30,12.68,,,-0.58,
1981-02-01,,,88.0,,
1981-02-02,12.86,,,-0.65,
1981-02-03,12.98,,,-0.72,
1981-02-04,12.86,,,-0.77,
1981-02-05,12.95,,,-0.68,
1981-02-06,13.09,,,-0.8,
1981-02-09,13.21,,,-0.76,
1981-02-10,13.27,,,-0.83,
1981-02-11,13.42,,,-0.92,
1981-02-12,,,,,
1981-02-13,13.65,,,-0.8,
1981-02-16,,,,,
1981-02-17,13.33,,,-0.64,
1981-02-18,13.3,,,-0.68,
1981-02-19,13.09,,,-0.63,
1981-02-20,12.9,,,-0.65,
1981-02-23,13.19,,,-0.73,
1981-02-24,13.21,,,-0.79,
1981-02-25,13.29,,,-0.71,
1981-02-26,13.47,,,-0.63,
1981-02-27,13.43,,,-0.65,
1981-03-01,,,88.6,,
1981-03-02,13.62,,,-0.78,
1981-03-03,13.43,,,-0.7,
1981-03-04,13.45,,,-0.76,
1981-03-05,13.43,,,-0.74,
1981-03-06,13.2,,,-0.71,
1981-03-09,13.09,,,-0.75,
1981-03-10,13.08,,,-0.66,
1981-03-11,13.12,,,-0.67,
1981-03-12,13.03,,,-0.67,
1981-03-13,12.86,,,-0.59,
1981-03-16,12.85,,,-0.45,
1981-03-17,12.68,,,-0.52,
1981-03-18,12.58,,,-0.17,
1981-03-19,12.67,,,-0.17,
1981-03-20,12.77,,,-0.11,
1981-03-23,13.13,,,-0.23,
1981-03-24,13.3,,,-0.25,
1981-03-25,13.21,,,-0.3,
1981-03-26,13.34,,,-0.28,
1981-03-27,13.36,,,-0.31,
1981-03-30,13.22,,,-0.1,
1981-03-31,13.13,,,-0.04,
1981-04-01,13.14,,89.1,-0.05,
1981-04-02,13.25,,,-0.15,
1981-04-03,13.4,,,-0.17,
1981-04-06,13.74,,,-0.39,
1981-04-07,13.41,,,-0.29,
1981-04-08,13.61,,,-0.28,
1981-04-09,13.45,,,-0.42,
1981-04-10,13.59,,,-0.31,
1981-04-13,13.68,,,-0.37,
1981-04-14,13.58,,,-0.34,
1981-04-15,13.74,,,-0.45,
1981-04-16,13.79,,,-0.44,
1981-04-17,,,,,
1981-04-20,13.69,,,-0.64,
1981-04-21,13.73,,,-0.61,
1981-04-22,13.78,,,-0.63,
1981-04-23,13.8,,,-0.71,
1981-04-24,13.88,,,-0.78,
1981-04-27,13.92,,,-0.81,
1981-04-28,13.93,,,-0.72,
1981-04-29,14.05,,,-0.62,
1981-04-30,14.11,,,-0.73,
1981-05-01,14.05,,89.7,-0.67,
1981-05-04,14.47,,,-0.9,
1981-05-05,14.69,,,-1.25,
1981-05-06,14.56,,,-1.27,
1981-05-07,14.33,,,-1.36,
1981-05-08,14.23,,,-1.46,
1981-05-11,14.34,,,-1.4,
1981-05-12,14.46,,,-1.47,
1981-05-13,14.49,,,-1.45,
1981-05-14,14.24,,,-1.56,
1981-05-15,14.07,,,-1.48,
1981-05-18,13.8,,,-1.39,
1981-05-19,13.95,,,-1.52,
1981-05-20,14.0,,,-1.63,
1981-05-21,14.05,,,-1.7,
1981-05-22,13.82,,,-1.66,
1981-05-25,,,,,
1981-05-26,13.67,,,-1.42,
1981-05-27,13.71,,,-1.43,
1981-05-28,13.56,,,-1.23,
1981-05-29,13.5,,,-0.9,
1981-06-01,13.46,,90.5,-1.01,
1981-06-02,13.58,,,-1.08,
1981-06-03,13.55,,,-1.1,
1981-06-04,13.51,,,-1.25,
1981-06-05,13.56,,,-1.17,
1981-06-08,13.36,,,-0.95,
1981-06-09,13.37,,,-1.04,
1981-06-10,13.31,,,-1.0,
1981-06-11,13.32,,,-1.08,
1981-06-12,13.35,,,-1.09,
1981-06-15,13.09,,,-0.94,
1981-06-16,13.08,,,-1.03,
1981-06-17,13.23,,,-1.14,
1981-06-18,13.57,,,-1.09,
1981-06-19,13.46,,,-1.19,
1981-06-22,13.44,,,-1.05,
1981-06-23,13.56,,,-1.03,
1981-06-24,13.66,,,-1.05,
1981-06-25,13.7,,,-0.95,
1981-06-26,13.69,,,-0.9,
1981-06-29,13.68,,,-0.8,
1981-06-30,13.86,,,-0.8,
1981-07-01,14.04,,91.5,-0.9,
1981-07-02,13.95,,,-0.92,
1981-07-03,,,,,
1981-07-06,13.81,,,-0.87,
1981-07-07,14.04,,,-0.88,
1981-07-08,14.11,,,-0.91,
1981-07-09,14.12,,,-1.02,
1981-07-10,13.94,,,-0.94,
1981-07-13,13.99,,,-0.84,
1981-07-14,14.15,,,-0.92,
1981-07-15,14.07,,,-0.96,
1981-07-16,14.11,,,-1.0,
1981-07-17,14.09,,,-0.98,
1981-07-20,14.59,,,-1.37,
1981-07-21,14.61,,,-1.39,
1981-07-22,14.63,,,-1.32,
1981-07-23,14.57,,,-1.28,
1981-07-24,14.41,,,-1.23,
1981-07-27,14.43,,,-1.14,
1981-07-28,14.53,,,-1.25,
1981-07-29,14.61,,,-1.15,
1981-07-30,14.71,,,-1.17,
1981-07-31,14.67,,,-1.17,
1981-08-01,,,92.2,,
1981-08-03,14.95,,,-1.21,
1981-08-04,14.95,,,-1.21,
1981-08-05,14.91,,,-1.16,
1981-08-06,14.86,,,-1.17,
1981-08-07,14.83,,,-1.22,
1981-08-10,14.65,,,-1.18,
1981-08-11,14.4,,,-1.27,
1981-08-12,14.61,,,-1.41,
1981-08-13,14.65,,,-1.48,
1981-08-14,14.74,,,-1.45,
1981-08-17,14.71,,,-1.51,
1981-08-18,14.79,,,-1.51,
1981-08-19,14.77,,,-1.55,
1981-08-20,14.89,,,-1.36,
1981-08-21,14.97,,,-1.34,
1981-08-24,15.32,,,-1.54,
1981-08-25,15.35,,,-1.32,
1981-08-26,15.31,,,-1.38,
1981-08-27,15.36,,,-1.39,
1981-08-28,15.25,,,-1.32,
1981-08-31,15.41,,,-1.32,
1981-09-01,15.41,,93.1,-1.37,
1981-09-02,15.4,,,-1.38,
1981-09-03,15.48,,,-1.42,
1981-09-04,15.51,,,-1.38,
1981-09-07,,,,,
1981-09-08,15.59,,,-1.36,
1981-09-09,15.53,,,-1.42,
1981-09-10,15.3,,,-1.42,
1981-09-11,15.05,,,-1.42,
1981-09-14,15.2,,,-1.23,
1981-09-15,15.08,,,-1.05,
1981-09-16,15.11,,,-0.98,
1981-09-17,14.95,,,-1.06,
1981-09-18,14.91,,,-1.11,
1981-09-21,14.78,,,-1.01,
1981-09-22,15.03,,,-1.01,
1981-09-23,15.23,,,-0.88,
1981-09-24,15.31,,,-0.86,
1981-09-25,15.68,,,-0.85,
1981-09-28,15.65,,,-0.92,
1981-09-29,15.76,,,-0.83,
1981-09-30,15.84,,,-0.85,
1981-10-01,15.75,,93.4,-0.82,
1981-10-02,15.41,,,-0.93,
1981-10-05,15.19,,,-0.68,
1981-10-06,15.14,,,-0.71,
1981-10-07,15.04,,,-0.69,
1981-10-08,15.0,,,-0.79,
1981-10-09,14.73,,,-0.47,
1981-10-12,,,,,
1981-10-13,14.83,,,-0.42,
1981-10-14,14.87,,,-0.48,
1981-10-15,14.88,,,-0.43,
1981-10-16,14.94,,,-0.52,
1981-10-19,14.95,,,-0.53,
1981-10-20,15.09,,,-0.39,
1981-10-21,15.34,,,-0.21,
1981-10-22,15.38,,,-0.18,
1981-10-23,15.3,,,-0.11,
1981-10-26,15.6,,,0.04,
1981-10-27,15.54,,,-0.02,
1981-10-28,15.44,,,0.02,
1981-10-29,15.06,,,-0.01,
1981-10-30,14.63,,,0.04,
1981-11-01,,,93.8,,
1981-11-02,14.57,,,0.13,
1981-11-03,,,,,
1981-11-04,14.18,,,0.07,
1981-11-05,14.19,,,-0.01,
1981-11-06,13.94,,,0.08,
1981-11-09,13.39,,,0.22,
1981-11-10,13.4,,,0.18,
1981-11-11,,,,,
1981-11-12,13.19,,,0.42,
1981-11-13,13.18,,,0.35,
1981-11-16,13.07,,,0.38,
1981-11-17,13.18,,,0.47,
1981-11-18,13.0,,,0.81,
1981-11-19,13.04,,,0.82,
1981-11-20,13.14,,,0.93,
1981-11-23,13.44,,,0.94,
1981-11-24,13.13,,,0.98,
1981-11-25,12.98,,,0.85,
1981-11-26,,,,,
1981-11-27,12.92,,,0.81,
1981-11-30,13.13,,,0.77,
1981-12-01,13.37,,94.1,0.66,
1981-12-02,13.49,,,0.6,
1981-12-03,13.45,,,0.57,
1981-12-04,13.15,,,0.92,
1981-12-07,13.5,,,0.92,
1981-12-08,13.5,,,0.85,
1981-12-09,13.64,,,0.77,
1981-12-10,13.8,,,0.64,
1981-12-11,13.84,,,0.49,
1981-12-14,13.62,,,0.23,
1981-12-15,13.55,,,0.45,
1981-12-16,13.53,,,0.49,
1981-12-17,13.71,,,0.34,
1981-12-18,13.51,,,0.32,
1981-12-21,13.83,,,0.22,
1981-12-22,14.02,,,0.25,
1981-12-23,14.14,,,0.02,
1981-12-24,14.01,,,0.06,
1981-12-25,,,,,
1981-12-28,14.01,,,-0.01,
1981-12-29,14.12,,,0.14,
1981-12-30,14.17,,,0.27,
1981-12-31,13.98,,,0.35,
1982-01-01,,,94.4,,
1982-01-04,14.19,,,0.32,
1982-01-05,14.44,,,0.35,
1982-01-06,14.59,,,0.4,
1982-01-07,14.63,,,0.3,
1982-01-08,14.48,,,0.37,
1982-01-11,14.81,,,0.26,
1982-01-12,14.62,,,0.13,
1982-01-13,14.83,,,0.05,
1982-01-14,14.7,,,-0.01,
1982-01-15,14.82,,,0.01,
1982-01-18,14.75,,,-0.08,
1982-01-19,14.8,,,0.01,
1982-01-20,14.81,,,-0.21,
1982-01-21,14.62,,,-0.34,
1982-01-22,14.69,,,-0.37,
1982-01-25,14.62,,,-0.31,
1982-01-26,14.54,,,-0.16,
1982-01-27,14.51,,,-0.06,
1982-01-28,14.29,,,-0.04,
1982-01-29,14.14,,,-0.1,
1982-02-01,14.58,,94.7,-0.46,
1982-02-02,14.47,,,-0.38,
1982-02-03,14.69,,,-0.24,
1982-02-04,14.76,,,-0.2,
1982-02-05,14.65,,,-0.24,
1982-02-08,14.88,,,-0.21,
1982-02-09,14.95,,,-0.2,
1982-02-10,14.81,,,-0.27,
1982-02-11,14.71,,,-0.36,
1982-02-12,,,,,
1982-02-15,,,,,
1982-02-16,14.53,,,-0.51,
1982-02-17,14.5,,,-0.68,
1982-02-18,14.28,,,-0.71,
1982-02-19,14.24,,,-0.7,
1982-02-22,13.87,,,-0.48,
1982-02-23,13.93,,,-0.4,
1982-02-24,13.87,,,-0.37,
1982-02-25,13.91,,,-0.34,
1982-02-26,14.03,,,-0.41,
1982-03-01,13.85,,94.7,-0.4,
1982-03-02,13.74,,,-0.4,
1982-03-03,13.69,,,-0.4,
1982-03-04,13.61,,,-0.29,
1982-03-05,13.59,,,-0.2,
1982-03-08,13.67,,,-0.04,
1982-03-09,13.69,,,-0.24,
1982-03-10,13.73,,,-0.24,
1982-03-11,13.95,,,-0.3,
1982-03-12,13.97,,,-0.38,
1982-03-15,13.96,,,-0.47,
1982-03-16,13.91,,,-0.44,
1982-03-17,13.88,,,-0.27,
1982-03-18,13.87,,,-0.37,
1982-03-19,13.89,,,-0.46,
1982-03-22,13.74,,,-0.35,
1982-03-23,13.72,,,-0.35,
1982-03-24,13.91,,,-0.23,
1982-03-25,13.9,,,-0.34,
1982-03-26,14.01,,,-0.34,
1982-03-29,14.16,,,-0.37,
1982-03-30,14.19,,,-0.44,
1982-03-31,14.18,,,-0.34,
1982-04-01,14.1,,95.0,-0.32,
1982-04-02,14.1,,,-0.34,
1982-04-05,14.16,,,-0.21,
1982-04-06,14.18,,,-0.24,
1982-04-07,14.18,,,-0.36,
1982-04-08,13.98,,,-0.3,
1982-04-09,,,,,
1982-04-12,13.83,,,-0.39,
1982-04-13,13.83,,,-0.34,
1982-04-14,13.95,,,-0.4,
1982-04-15,13.91,,,-0.48,
1982-04-16,13.71,,,-0.53,
1982-04-19,13.66,,,-0.52,
1982-04-20,13.72,,,-0.42,
1982-04-21,13.69,,,-0.35,
1982-04-22,13.71,,,-0.35,
1982-04-23,13.69,,,-0.33,
1982-04-26,13.7,,,-0.32,
1982-04-27,13.7,,,-0.25,
1982-04-28,13.77,,,-0.22,
1982-04-29,13.87,,,-0.15,
1982-04-30,13.87,,,-0.12,
1982-05-01,,,95.9,,
1982-05-03,13.95,,,-0.18,
1982-05-04,13.87,,,-0.3,
1982-05-05,13.8,,,-0.24,
1982-05-06,13.54,,,-0.24,
1982-05-07,13.48,,,-0.19,
1982-05-10,13.49,,,-0.22,
1982-05-11,13.46,,,-0.27,
1982-05-12,13.59,,,-0.21,
1982-05-13,13.62,,,-0.33,
1982-05-14,13.48,,,-0.38,
1982-05-17,13.57,,,-0.28,
1982-05-18,13.6,,,-0.25,
1982-05-19,13.64,,,-0.14,
1982-05-20,13.53,,,0.05,
1982-05-21,13.52,,,-0.05,
1982-05-24,13.58,,,-0.04,
1982-05-25,13.62,,,-0.06,
1982-05-26,13.68,,,0.06,
1982-05-27,13.72,,,0.09,
1982-05-28,13.71,,,0.09,
1982-05-31,,,,,
1982-06-01,13.93,,97.0,0.01,
1982-06-02,13.86,,,-0.09,
1982-06-03,13.9,,,0.0,
1982-06-04,13.98,,,-0.05,
1982-06-07,13.94,,,-0.03,
1982-06-08,13.98,,,-0.06,
1982-06-09,13.99,,,-0.12,
1982-06-10,14.02,,,-0.1,
1982-06-11,13.93,,,-0.15,
1982-06-14,14.21,,,-0.16,
1982-06-15,14.21,,,-0.2,
1982-06-16,14.26,,,-0.19,
1982-06-17,14.48,,,-0.31,
1982-06-18,14.62,,,-0.34,
1982-06-21,14.63,,,-0.29,
1982-06-22,14.66,,,-0.24,
1982-06-23,14.74,,,-0.23,
1982-06-24,14.71,,,-0.24,
1982-06-25,14.76,,,-0.22,
1982-06-28,14.73,,,-0.2,
1982-06-29,14.61,,,-0.22,
1982-06-30,14.44,,,-0.22,
1982-07-01,14.4,,97.5,-0.2,
1982-07-02,14.5,,,-0.21,
1982-07-05,,,,,
1982-07-06,14.48,,,-0.24,
1982-07-07,14.49,,,-0.19,
1982-07-08,14.19,,,-0.07,
1982-07-09,14.03,,,-0.02,
1982-07-12,13.87,,,0.01,
1982-07-13,14.02,,,-0.11,
1982-07-14,14.1,,,-0.13,
1982-07-15,13.96,,,-0.11,
1982-07-16,13.7,,,-0.01,
1982-07-19,13.68,,,0.16,
1982-07-20,13.53,,,0.26,
1982-07-21,13.6,,,0.47,
1982-07-22,13.51,,,0.47,
1982-07-23,13.56,,,0.52,
1982-07-26,13.91,,,0.58,
1982-07-27,13.86,,,0.51,
1982-07-28,13.97,,,0.52,
1982-07-29,13.83,,,0.41,
1982-07-30,13.68,,,0.51,
1982-08-01,,,97.7,,
1982-08-02,13.41,,,0.59,
1982-08-03,13.51,,,0.61,
1982-08-04,13.68,,,0.75,
1982-08-05,13.7,,,0.62,
1982-08-06,13.85,,,0.61,
1982-08-09,13.7,,,0.62,
1982-08-10,13.69,,,0.54,
1982-08-11,13.71,,,0.56,
1982-08-12,13.55,,,0.62,
1982-08-13,13.2,,,0.45,
1982-08-16,13.09,,,0.73,
1982-08-17,12.65,,,0.82,
1982-08-18,12.57,,,0.81,
1982-08-19,12.47,,,0.86,
1982-08-20,12.24,,,1.04,
1982-08-23,12.47,,,0.9,
1982-08-24,12.35,,,0.85,
1982-08-25,12.43,,,0.77,
1982-08-26,12.55,,,0.88,
1982-08-27,12.77,,,0.84,
1982-08-30,12.81,,,0.8,
1982-08-31,12.81,,,0.82,
1982-09-01,12.76,,97.7,0.76,
1982-09-02,12.6,,,0.65,
1982-09-03,12.47,,,0.78,
1982-09-06,,,,,
1982-09-07,12.53,,,0.73,
1982-09-08,12.51,,,0.64,
1982-09-09,12.53,,,0.66,
1982-09-10,12.73,,,0.67,
1982-09-13,12.63,,,0.7,
1982-09-14,12.56,,,0.68,
1982-09-15,12.6,,,0.44,
1982-09-16,12.6,,,0.46,
1982-09-17,12.51,,,0.55,
1982-09-20,12.47,,,0.49,
1982-09-21,12.18,,,0.5,
1982-09-22,12.04,,,0.43,
1982-09-23,11.94,,,0.44,
1982-09-24,12.09,,,0.44,
1982-09-27,11.99,,,0.3,
1982-09-28,11.85,,,0.43,
1982-09-29,11.8,,,0.42,
1982-09-30,11.73,,,0.5,
1982-10-01,11.51,,98.1,0.38,
1982-10-04,11.72,,,0.21,
1982-10-05,11.69,,,0.27,
1982-10-06,11.5,,,0.29,
1982-10-07,10.91,,,0.45,
1982-10-08,10.83,,,0.68,
1982-10-11,,,,,
1982-10-12,10.53,,,0.84,
1982-10-13,10.39,,,0.71,
1982-10-14,10.61,,,0.77,
1982-10-15,10.75,,,0.75,
1982-10-18,10.58,,,0.78,
1982-10-19,10.56,,,0.74,
1982-10-20,10.69,,,0.97,
1982-10-21,10.69,,,0.9,
1982-10-22,10.81,,,0.94,
1982-10-25,11.11,,,1.02,
1982-10-26,10.87,,,0.98,
1982-10-27,10.9,,,0.96,
1982-10-28,10.77,,,0.88,
1982-10-29,10.71,,,0.86,
1982-11-01,10.56,,98.0,0.88,
1982-11-02,,,,,
1982-11-03,10.46,,,0.81,
1982-11-04,10.42,,,0.78,
1982-11-05,10.48,,,0.75,
1982-11-08,10.55,,,0.74,
1982-11-09,10.51,,,0.77,
1982-11-10,10.48,,,0.71,
1982-11-11,,,,,
1982-11-12,10.58,,,0.71,
1982-11-15,10.65,,,0.74,
1982-11-16,10.67,,,0.77,
1982-11-17,10.59,,,0.69,
1982-11-18,10.46,,,0.65,
1982-11-19,10.42,,,0.63,
1982-11-22,10.43,,,0.7,
1982-11-23,10.53,,,0.8,
1982-11-24,10.59,,,0.79,
1982-11-25,,,,,
1982-11-26,10.51,,,0.75,
1982-11-29,10.78,,,0.84,
1982-11-30,10.79,,,0.83,
1982-12-01,10.74,,97.7,0.78,
1982-12-02,10.68,,,0.79,
1982-12-03,10.47,,,0.75,
1982-12-06,10.46,,,0.73,
1982-12-07,10.48,,,0.76,
1982-12-08,10.62,,,0.77,
1982-12-09,10.58,,,0.75,
1982-12-10,10.66,,,0.79,
1982-12-13,10.61,,,0.77,
1982-12-14,10.46,,,0.92,
1982-12-15,10.5,,,1.01,
1982-12-16,10.59,,,1.0,
1982-12-17,10.64,,,0.98,
1982-12-20,10.7,,,1.03,
1982-12-21,10.54,,,1.0,
1982-12-22,10.53,,,0.98,
1982-12-23,10.47,,,0.95,
1982-12-24,,,,,
1982-12-27,10.44,,,0.9,
1982-12-28,10.44,,,0.92,
1982-12-29,10.47,,,0.93,
1982-12-30,10.44,,,0.92,
1982-12-31,10.36,,,0.88,
1983-01-01,,,97.9,,
1983-01-03,10.32,,,1.03,
1983-01-04,10.37,,,0.94,
1983-01-05,10.35,,,0.96,
1983-01-06,10.39,,,1.0,
1983-01-07,10.36,,,1.1,
1983-01-10,10.38,,,1.14,
1983-01-11,10.34,,,1.15,
1983-01-12,10.32,,,1.1,
1983-01-13,10.27,,,1.16,
1983-01-14,10.28,,,1.19,
1983-01-17,10.28,,,1.11,
1983-01-18,10.3,,,1.16,
1983-01-19,10.41,,,1.21,
1983-01-20,10.43,,,1.17,
1983-01-21,10.61,,,1.15,
1983-01-24,10.7,,,1.16,
1983-01-25,10.62,,,1.18,
1983-01-26,10.69,,,1.17,
1983-01-27,10.67,,,1.18,
1983-01-28,10.71,,,1.24,
1983-01-31,10.8,,,1.22,
1983-02-01,10.78,,98.0,1.18,
1983-02-02,10.88,,,1.17,
1983-02-03,10.93,,,1.22,
1983-02-04,10.99,,,1.17,
1983-02-07,10.96,,,1.16,
1983-02-08,10.99,,,1.16,
1983-02-09,11.0,,,1.11,
1983-02-10,10.83,,,1.09,
1983-02-11,10.8,,,1.1,
1983-02-14,10.8,,,1.02,
1983-02-15,10.84,,,1.07,
1983-02-16,10.81,,,1.12,
1983-02-17,10.71,,,1.06,
1983-02-18,10.6,,,1.04,
1983-02-21,,,,,
1983-02-22,10.46,,,1.05,
1983-02-23,10.44,,,1.0,
1983-02-24,10.42,,,1.02,
1983-02-25,10.26,,,0.98,
1983-02-28,10.27,,,0.96,
1983-03-01,10.22,,98.1,0.96,
1983-03-02,10.26,,,0.96,
1983-03-03,10.23,,,0.99,
1983-03-04,10.27,,,1.02,
1983-03-07,10.43,,,0.97,
1983-03-08,10.52,,,0.9,
1983-03-09,10.48,,,0.86,
1983-03-10,10.55,,,0.88,
1983-03-11,10.59,,,0.93,
1983-03-14,10.48,,,0.9,
1983-03-15,10.46,,,0.89,
1983-03-16,10.53,,,0.88,
1983-03-17,10.56,,,0.85,
1983-03-18,10.58,,,0.8,
1983-03-21,10.6,,,0.81,
1983-03-22,10.62,,,0.78,
1983-03-23,10.58,,,0.77,
1983-03-24,10.58,,,0.76,
1983-03-25,10.64,,,0.73,
1983-03-28,10.66,,,0.74,
1983-03-29,10.6,,,0.72,
1983-03-30,10.59,,,0.71,
1983-03-31,10.62,,,0.75,
1983-04-01,,,98.8,,
1983-04-04,10.6,,,0.73,
1983-04-05,10.49,,,0.77,
1983-04-06,10.49,,,0.8,
1983-04-07,10.51,,,0.84,
1983-04-08,10.51,,,0.84,
1983-04-11,10.41,,,0.88,
1983-04-12,10.42,,,0.84,
1983-04-13,10.39,,,0.82,
1983-04-14,10.29,,,0.8,
1983-04-15,10.33,,,0.8,
1983-04-18,10.29,,,0.8,
1983-04-19,10.39,,,0.81,
1983-04-20,10.39,,,0.81,
1983-04-21,10.43,,,0.82,
1983-04-22,10.42,,,0.84,
1983-04-25,10.4,,,0.88,
1983-04-26,10.37,,,0.88,
1983-04-27,10.29,,,0.87,
1983-04-28,10.31,,,0.89,
1983-04-29,10.27,,,0.92,
1983-05-01,,,99.2,,
1983-05-02,10.26,,,0.97,
1983-05-03,10.26,,,0.99,
1983-05-04,10.12,,,0.93,
1983-05-05,10.16,,,0.91,
1983-05-06,10.13,,,0.96,
1983-05-09,10.25,,,0.92,
1983-05-10,10.16,,,0.92,
1983-05-11,10.18,,,0.96,
1983-05-12,10.23,,,0.94,
1983-05-13,10.22,,,0.95,
1983-05-16,10.37,,,0.9,
1983-05-17,10.41,,,0.93,
1983-05-18,10.43,,,0.94,
1983-05-19,10.49,,,0.88,
1983-05-20,10.54,,,0.9,
1983-05-23,10.57,,,0.83,
1983-05-24,10.56,,,0.81,
1983-05-25,10.58,,,0.82,
1983-05-26,10.63,,,0.74,
1983-05-27,10.62,,,0.72,
1983-05-30,,,,,
1983-05-31,10.81,,,0.79,
1983-06-01,10.77,,99.4,0.8,
1983-06-02,10.78,,,0.82,
1983-06-03,10.79,,,0.78,
1983-06-06,10.79,,,0.7,
1983-06-07,10.85,,,0.67,
1983-06-08,10.92,,,0.72,
1983-06-09,10.88,,,0.76,
1983-06-10,10.89,,,0.69,
1983-06-13,10.75,,,0.64,
1983-06-14,10.77,,,0.68,
1983-06-15,10.72,,,0.66,
1983-06-16,10.64,,,0.59,
1983-06-17,10.68,,,0.61,
1983-06-20,10.8,,,0.54,
1983-06-21,10.79,,,0.52,
1983-06-22,10.83,,,0.52,
1983-06-23,10.9,,,0.57,
1983-06-24,11.02,,,0.59,
1983-06-27,11.11,,,0.67,
1983-06-28,11.04,,,0.69,
1983-06-29,10.99,,,0.72,
1983-06-30,10.96,,,0.73,
1983-07-01,10.93,,99.8,0.76,
1983-07-04,,,,,
1983-07-05,11.21,,,0.69,
1983-07-06,11.16,,,0.67,
1983-07-07,11.29,,,0.7,
1983-07-08,11.33,,,0.64,
1983-07-11,11.28,,,0.72,
1983-07-12,11.42,,,0.68,
1983-07-13,11.4,,,0.69,
1983-07-14,11.38,,,0.66,
1983-07-15,11.51,,,0.69,
1983-07-18,11.41,,,0.65,
1983-07-19,11.36,,,0.67,
1983-07-20,11.28,,,0.64,
1983-07-21,11.32,,,0.66,
1983-07-22,11.43,,,0.66,
1983-07-25,11.41,,,0.67,
1983-07-26,11.49,,,0.72,
1983-07-27,11.51,,,0.74,
1983-07-28,11.66,,,0.8,
1983-07-29,11.76,,,0.73,
1983-08-01,11.8,,100.1,0.71,
1983-08-02,11.82,,,0.68,
1983-08-03,11.92,,,0.79,
1983-08-04,12.12,,,0.85,
1983-08-05,12.1,,,0.83,
1983-08-08,12.2,,,0.83,
1983-08-09,12.13,,,0.8,
1983-08-10,12.17,,,0.76,
1983-08-11,12.04,,,0.72,
1983-08-12,11.96,,,0.69,
1983-08-15,11.76,,,0.68,
1983-08-16,11.71,,,0.74,
1983-08-17,11.65,,,0.79,
1983-08-18,11.7,,,0.85,
1983-08-19,11.72,,,0.82,
1983-08-22,11.54,,,0.79,
1983-08-23,11.57,,,0.78,
1983-08-24,11.54,,,0.78,
1983-08-25,11.62,,,0.79,
1983-08-26,11.65,,,0.77,
1983-08-29,11.86,,,0.77,
1983-08-30,11.9,,,0.82,
1983-08-31,11.98,,,0.8,
1983-09-01,11.97,,100.4,0.81,
1983-09-02,12.01,,,0.83,
1983-09-05,,,,,
1983-09-06,11.85,,,0.82,
1983-09-07,11.7,,,0.82,
1983-09-08,11.77,,,0.82,
1983-09-09,11.73,,,0.8,
1983-09-12,11.56,,,0.85,
1983-09-13,11.63,,,0.86,
1983-09-14,11.76,,,0.88,
1983-09-15,11.82,,,0.87,
1983-09-16,11.68,,,0.85,
1983-09-19,11.66,,,0.94,
1983-09-20,11.57,,,0.87,
1983-09-21,11.64,,,0.91,
1983-09-22,11.6,,,0.86,
1983-09-23,11.49,,,0.88,
1983-09-26,11.41,,,0.92,
1983-09-27,11.45,,,0.88,
1983-09-28,11.49,,,0.9,
1983-09-29,11.5,,,0.86,
1983-09-30,11.44,,,0.91,
1983-10-01,,,100.8,,
1983-10-03,11.47,,,0.92,
1983-10-04,11.46,,,0.9,
1983-10-05,11.35,,,0.9,
1983-10-06,11.31,,,0.89,
1983-10-07,11.33,,,0.88,
1983-10-10,,,,,
1983-10-11,11.57,,,0.89,
1983-10-12,11.59,,,0.94,
1983-10-13,11.65,,,0.94,
1983-10-14,11.58,,,0.93,
1983-10-17,11.47,,,0.98,
1983-10-18,11.49,,,1.01,
1983-10-19,11.49,,,0.94,
1983-10-20,11.47,,,0.93,
1983-10-21,11.43,,,0.95,
1983-10-24,11.66,,,0.98,
1983-10-25,11.7,,,1.07,
1983-10-26,11.72,,,1.09,
1983-10-27,11.66,,,1.06,
1983-10-28,11.68,,,1.07,
1983-10-31,11.74,,,1.13,
1983-11-01,11.69,,101.1,1.05,
1983-11-02,11.7,,,1.08,
1983-11-03,11.75,,,1.12,
1983-11-04,11.85,,,1.09,
1983-11-07,11.85,,,1.06,
1983-11-08,,,,,
1983-11-09,11.84,,,1.1,
1983-11-10,11.71,,,1.08,
1983-11-11,,,,,
1983-11-14,11.68,,,1.08,
1983-11-15,11.7,,,1.04,
1983-11-16,11.7,,,1.04,
1983-11-17,11.72,,,1.04,
1983-11-18,11.72,,,1.04,
1983-11-21,11.65,,,1.0,
1983-11-22,11.57,,,0.97,
1983-11-23,11.59,,,0.95,
1983-11-24,,,,,
1983-11-25,11.55,,,0.92,
1983-11-28,11.63,,,0.94,
1983-11-29,11.58,,,0.93,
1983-11-30,11.63,,,0.96,
1983-12-01,11.63,,101.4,0.97,
1983-12-02,11.75,,,0.98,
1983-12-05,11.78,,,0.98,
1983-12-06,11.76,,,1.02,
1983-12-07,11.79,,,1.04,
1983-12-08,11.89,,,1.06,
1983-12-09,11.9,,,1.05,
1983-12-12,11.87,,,1.05,
1983-12-13,11.95,,,1.02,
1983-12-14,11.97,,,1.05,
1983-12-15,11.96,,,1.03,
1983-12-16,11.88,,,1.01,
1983-12-19,11.87,,,1.0,
1983-12-20,11.86,,,0.99,
1983-12-21,11.83,,,0.95,
1983-12-22,11.77,,,0.94,
1983-12-23,11.79,,,0.93,
1983-12-26,,,,,
1983-12-27,11.75,,,0.9,
1983-12-28,11.81,,,0.96,
1983-12-29,11.79,,,0.95,
1983-12-30,11.82,,,0.97,
1984-01-01,,,102.1,,
1984-01-02,,,,,
1984-01-03,11.86,,,0.99,
1984-01-04,11.78,,,1.01,
1984-01-05,11.77,,,1.02,
1984-01-06,11.73,,,1.05,
1984-01-09,11.75,,,1.02,
1984-01-10,11.71,,,1.05,
1984-01-11,11.76,,,1.04,
1984-01-12,11.76,,,1.05,
1984-01-13,11.59,,,1.09,
1984-01-16,11.54,,,1.02,
1984-01-17,11.57,,,1.02,
1984-01-18,11.61,,,1.03,
1984-01-19,11.6,,,1.03,
1984-01-20,11.64,,,1.04,
1984-01-23,11.63,,,1.02,
1984-01-24,11.63,,,1.0,
1984-01-25,11.64,,,0.99,
1984-01-26,11.63,,,1.01,
1984-01-27,11.63,,,1.01,
1984-01-30,11.66,,,1.09,
1984-01-31,11.67,,,1.09,
1984-02-01,11.64,,102.6,1.08,
1984-02-02,11.6,,,1.06,
1984-02-03,11.6,,,1.07,
1984-02-06,11.7,,,1.03,
1984-02-07,11.71,,,1.05,
1984-02-08,11.72,,,1.07,
1984-02-09,11.73,,,1.07,
1984-02-10,11.83,,,1.1,
1984-02-13,,,,,
1984-02-14,11.85,,,1.07,
1984-02-15,11.81,,,1.08,
1984-02-16,11.83,,,1.08,
1984-02-17,11.92,,,1.05,
1984-02-20,,,,,
1984-02-21,11.91,,,1.06,
1984-02-22,11.93,,,1.01,
1984-02-23,12.05,,,1.02,
1984-02-24,11.99,,,1.05,
1984-02-27,12.05,,,1.03,
1984-02-28,12.09,,,1.05,
1984-02-29,12.04,,,1.05,
1984-03-01,12.07,,102.9,1.02,
1984-03-02,11.99,,,1.07,
1984-03-05,12.07,,,1.06,
1984-03-06,12.09,,,1.08,
1984-03-07,12.22,,,1.14,
1984-03-08,12.24,,,1.09,
1984-03-09,12.28,,,1.09,
1984-03-12,12.24,,,1.06,
1984-03-13,12.27,,,1.05,
1984-03-14,12.31,,,1.05,
1984-03-15,12.31,,,1.03,
1984-03-16,12.34,,,1.07,
1984-03-19,12.45,,,1.06,
1984-03-20,12.44,,,0.99,
1984-03-21,12.45,,,0.88,
1984-03-22,12.49,,,0.9,
1984-03-23,12.48,,,0.89,
1984-03-26,12.46,,,0.9,
1984-03-27,12.46,,,0.88,
1984-03-28,12.42,,,0.94,
1984-03-29,12.41,,,0.92,
1984-03-30,12.53,,,0.93,
1984-04-01,,,103.3,,
1984-04-02,12.56,,,0.95,
1984-04-03,12.65,,,0.92,
1984-04-04,12.67,,,0.91,
1984-04-05,12.65,,,0.95,
1984-04-06,12.51,,,0.96,
1984-04-09,12.47,,,0.92,
1984-04-10,12.52,,,0.98,
1984-04-11,12.5,,,0.97,
1984-04-12,12.4,,,0.91,
1984-04-13,12.57,,,0.91,
1984-04-16,12.61,,,0.91,
1984-04-17,12.57,,,0.98,
1984-04-18,12.7,,,1.01,
1984-04-19,12.77,,,1.0,
1984-04-20,,,,,
1984-04-23,12.8,,,1.02,
1984-04-24,12.75,,,1.02,
1984-04-25,12.69,,,0.9,
1984-04-26,12.67,,,0.9,
1984-04-27,12.79,,,0.9,
1984-04-30,12.82,,,0.93,
1984-05-01,12.82,,103.5,0.94,
1984-05-02,12.86,,,0.94,
1984-05-03,12.89,,,0.93,
1984-05-04,13.07,,,0.92,
1984-05-07,13.13,,,0.89,
1984-05-08,13.09,,,0.86,
1984-05-09,13.21,,,0.89,
1984-05-10,13.25,,,0.93,
1984-05-11,13.46,,,0.91,
1984-05-14,13.58,,,1.01,
1984-05-15,13.48,,,0.97,
1984-05-16,13.41,,,0.99,
1984-05-17,13.54,,,1.03,
1984-05-18,13.45,,,0.98,
1984-05-21,13.43,,,0.95,
1984-05-22,13.52,,,0.94,
1984-05-23,13.54,,,0.87,
1984-05-24,13.72,,,0.95,
1984-05-25,13.75,,,0.98,
1984-05-28,,,,,
1984-05-29,13.89,,,0.91,
1984-05-30,13.99,,,0.95,
1984-05-31,13.91,,,0.91,
1984-06-01,13.63,,103.7,0.91,
1984-06-04,13.42,,,0.79,
1984-06-05,13.37,,,0.77,
1984-06-06,13.54,,,0.79,
1984-06-07,13.54,,,0.73,
1984-06-08,13.46,,,0.72,
1984-06-11,13.58,,,0.58,
1984-06-12,13.54,,,0.62,
1984-06-13,13.44,,,0.61,
1984-06-14,13.39,,,0.64,
1984-06-15,13.21,,,0.58,
1984-06-18,13.27,,,0.52,
1984-06-19,13.38,,,0.59,
1984-06-20,13.65,,,0.57,
1984-06-21,13.72,,,0.58,
1984-06-22,13.74,,,0.59,
1984-06-25,13.75,,,0.63,
1984-06-26,13.79,,,0.62,
1984-06-27,13.76,,,0.64,
1984-06-28,13.8,,,0.63,
1984-06-29,13.84,,,0.67,
1984-07-01,,,104.1,,
1984-07-02,13.87,,,0.7,
1984-07-03,13.8,,,0.68,
1984-07-04,,,,,
1984-07-05,13.77,,,0.7,
1984-07-06,13.75,,,0.62,
1984-07-09,13.48,,,0.52,
1984-07-10,13.53,,,0.53,
1984-07-11,13.55,,,0.49,
1984-07-12,13.42,,,0.46,
1984-07-13,13.3,,,0.45,
1984-07-16,13.32,,,0.43,
1984-07-17,13.37,,,0.44,
1984-07-18,13.32,,,0.43,
1984-07-19,13.25,,,0.43,
1984-07-20,13.36,,,0.51,
1984-07-23,13.35,,,0.48,
1984-07-24,13.31,,,0.46,
1984-07-25,13.06,,,0.42,
1984-07-26,12.89,,,0.34,
1984-07-27,12.95,,,0.36,
1984-07-30,13.05,,,0.39,
1984-07-31,12.91,,,0.34,
1984-08-01,12.81,,104.4,0.33,
1984-08-02,12.74,,,0.26,
1984-08-03,12.61,,,0.31,
1984-08-06,12.73,,,0.31,
1984-08-07,12.69,,,0.28,
1984-08-08,12.66,,,0.29,
1984-08-09,12.61,,,0.28,
1984-08-10,12.68,,,0.33,
1984-08-13,12.74,,,0.29,
1984-08-14,12.67,,,0.33,
1984-08-15,12.74,,,0.35,
1984-08-16,12.7,,,0.3,
1984-08-17,12.7,,,0.3,
1984-08-20,12.69,,,0.27,
1984-08-21,12.62,,,0.21,
1984-08-22,12.65,,,0.2,
1984-08-23,12.69,,,0.25,
1984-08-24,12.66,,,0.25,
1984-08-27,12.81,,,0.27,
1984-08-28,12.81,,,0.27,
1984-08-29,12.83,,,0.27,
1984-08-30,12.84,,,0.28,
1984-08-31,12.79,,,0.25,
1984-09-01,,,104.7,,
1984-09-03,,,,,
1984-09-04,12.88,,,0.29,
1984-09-05,12.92,,,0.29,
1984-09-06,12.81,,,0.27,
1984-09-07,12.7,,,0.25,
1984-09-10,12.62,,,0.35,
1984-09-11,12.54,,,0.28,
1984-09-12,12.55,,,0.25,
1984-09-13,12.44,,,0.23,
1984-09-14,12.42,,,0.27,
1984-09-17,12.4,,,0.24,
1984-09-18,12.35,,,0.25,
1984-09-19,12.25,,,0.31,
1984-09-20,12.28,,,0.34,
1984-09-21,12.45,,,0.39,
1984-09-24,12.52,,,0.42,
1984-09-25,12.56,,,0.44,
1984-09-26,12.46,,,0.41,
1984-09-27,12.31,,,0.36,
1984-09-28,12.47,,,0.4,
1984-10-01,12.54,,105.1,0.45,
1984-10-02,12.54,,,0.47,
1984-10-03,12.54,,,0.48,
1984-10-04,12.52,,,0.5,
1984-10-05,12.39,,,0.46,
1984-10-08,,,,,
1984-10-09,12.36,,,0.49,
1984-10-10,12.36,,,0.47,
1984-10-11,12.31,,,0.53,
1984-10-12,12.28,,,0.56,
1984-10-15,12.34,,,0.56,
1984-10-16,12.32,,,0.55,
1984-10-17,12.28,,,0.58,
1984-10-18,12.09,,,0.56,
1984-10-19,11.93,,,0.54,
1984-10-22,11.9,,,0.55,
1984-10-23,11.78,,,0.61,
1984-10-24,11.74,,,0.64,
1984-10-25,11.83,,,0.7,
1984-10-26,11.99,,,0.66,
1984-10-29,11.95,,,0.65,
1984-10-30,11.75,,,0.62,
1984-10-31,11.79,,,0.7,
1984-11-01,11.66,,105.3,0.73,
1984-11-02,11.66,,,0.7,
1984-11-05,11.6,,,0.81,
1984-11-06,,,,,
1984-11-07,11.72,,,0.92,
1984-11-08,11.81,,,0.86,
1984-11-09,11.71,,,0.9,
1984-11-12,,,,,
1984-11-13,11.78,,,0.89,
1984-11-14,11.81,,,0.9,
1984-11-15,11.73,,,0.95,
1984-11-16,11.69,,,0.98,
1984-11-19,11.61,,,0.94,
1984-11-20,11.53,,,0.94,
1984-11-21,11.39,,,1.0,
1984-11-22,,,,,
1984-11-23,11.24,,,0.95,
1984-11-26,11.28,,,0.95,
1984-11-27,11.28,,,0.97,
1984-11-28,11.38,,,1.03,
1984-11-29,11.42,,,1.05,
1984-11-30,11.58,,,1.08,
1984-12-01,,,105.5,,
1984-12-03,11.56,,,1.06,
1984-12-04,11.52,,,1.08,
1984-12-05,11.52,,,1.12,
1984-12-06,11.61,,,1.12,
1984-12-07,11.7,,,1.19,
1984-12-10,11.66,,,1.19,
1984-12-11,11.57,,,1.17,
1984-12-12,11.54,,,1.19,
1984-12-13,11.7,,,1.3,
1984-12-14,11.56,,,1.36,
1984-12-17,11.49,,,1.42,
1984-12-18,11.29,,,1.44,
1984-12-19,11.34,,,1.45,
1984-12-20,11.37,,,1.43,
1984-12-21,11.34,,,1.4,
1984-12-24,11.31,,,1.48,
1984-12-25,,,,,
1984-12-26,11.45,,,1.5,
1984-12-27,11.45,,,1.49,
1984-12-28,11.46,,,1.44,
1984-12-31,11.55,,,1.53,
1985-01-01,,,105.7,,
1985-01-02,11.7,,,1.67,
1985-01-03,11.62,,,1.56,
1985-01-04,11.67,,,1.59,
1985-01-07,11.5,,,1.49,
1985-01-08,11.45,,,1.46,
1985-01-09,11.47,,,1.52,
1985-01-10,11.48,,,1.48,
1985-01-11,11.59,,,1.51,
1985-01-14,11.6,,,1.53,
1985-01-15,11.49,,,1.49,
1985-01-16,11.51,,,1.52,
1985-01-17,11.48,,,1.5,
1985-01-18,11.39,,,1.48,
1985-01-21,,,,,
1985-01-22,11.27,,,1.44,
1985-01-23,11.21,,,1.38,
1985-01-24,11.06,,,1.32,
1985-01-25,11.11,,,1.35,
1985-01-28,11.11,,,1.32,
1985-01-29,11.11,,,1.32,
1985-01-30,11.08,,,1.32,
1985-01-31,11.17,,,1.27,
1985-02-01,11.29,,106.3,1.25,
1985-02-04,11.35,,,1.32,
1985-02-05,11.3,,,1.31,
1985-02-06,11.4,,,1.37,
1985-02-07,11.41,,,1.35,
1985-02-08,11.37,,,1.34,
1985-02-11,11.42,,,1.36,
1985-02-12,,,,,
1985-02-13,11.39,,,1.36,
1985-02-14,11.29,,,1.31,
1985-02-15,11.38,,,1.36,
1985-02-18,,,,,
1985-02-19,11.37,,,1.36,
1985-02-20,11.52,,,1.39,
1985-02-21,11.64,,,1.35,
1985-02-22,11.76,,,1.42,
1985-02-25,11.75,,,1.39,
1985-02-26,11.72,,,1.36,
1985-02-27,11.89,,,1.33,
1985-02-28,11.91,,,1.25,
1985-03-01,11.86,,106.8,1.13,
1985-03-04,11.93,,,1.15,
1985-03-05,11.86,,,1.15,
1985-03-06,11.92,,,1.17,
1985-03-07,11.94,,,1.11,
1985-03-08,11.71,,,1.15,
1985-03-11,11.72,,,1.16,
1985-03-12,11.78,,,1.16,
1985-03-13,11.9,,,1.11,
1985-03-14,11.92,,,1.06,
1985-03-15,11.93,,,1.11,
1985-03-18,12.02,,,1.13,
1985-03-19,11.99,,,1.14,
1985-03-20,11.91,,,1.06,
1985-03-21,11.82,,,1.13,
1985-03-22,11.88,,,1.13,
1985-03-25,11.86,,,1.15,
1985-03-26,11.77,,,1.14,
1985-03-27,11.84,,,1.21,
1985-03-28,11.75,,,1.22,
1985-03-29,11.65,,,1.22,
1985-04-01,11.66,,107.0,1.21,
1985-04-02,11.7,,,1.22,
1985-04-03,11.73,,,1.24,
1985-04-04,11.75,,,1.22,
1985-04-05,,,,,
1985-04-08,11.77,,,1.28,
1985-04-09,11.66,,,1.28,
1985-04-10,11.58,,,1.27,
1985-04-11,11.42,,,1.3,
1985-04-12,11.43,,,1.3,
1985-04-15,11.37,,,1.28,
1985-04-16,11.25,,,1.39,
1985-04-17,11.29,,,1.36,
1985-04-18,11.13,,,1.4,
1985-04-19,11.16,,,1.35,
1985-04-22,11.13,,,1.41,
1985-04-23,11.25,,,1.37,
1985-04-24,11.25,,,1.44,
1985-04-25,11.37,,,1.47,
1985-04-26,11.35,,,1.47,
1985-04-29,11.47,,,1.5,
1985-04-30,11.41,,,1.5,
1985-05-01,11.27,,107.2,1.45,
1985-05-02,11.29,,,1.43,
1985-05-03,11.21,,,1.5,
1985-05-06,11.19,,,1.49,
1985-05-07,11.17,,,1.51,
1985-05-08,11.26,,,1.53,
1985-05-09,11.2,,,1.53,
1985-05-10,11.04,,,1.42,
1985-05-13,11.04,,,1.4,
1985-05-14,10.87,,,1.4,
1985-05-15,10.89,,,1.49,
1985-05-16,10.81,,,1.5,
1985-05-17,10.84,,,1.47,
1985-05-20,10.56,,,1.46,
1985-05-21,10.6,,,1.49,
1985-05-22,10.62,,,1.51,
1985-05-23,10.64,,,1.43,
1985-05-24,10.57,,,1.44,
1985-05-27,,,,,
1985-05-28,10.43,,,1.38,
1985-05-29,10.46,,,1.41,
1985-05-30,10.39,,,1.36,
1985-05-31,10.28,,,1.36,
1985-06-01,,,107.5,,
1985-06-03,10.05,,,1.33,
1985-06-04,10.05,,,1.37,
1985-06-05,9.83,,,1.41,
1985-06-06,9.89,,,1.38,
1985-06-07,10.19,,,1.37,
1985-06-10,10.16,,,1.29,
1985-06-11,10.08,,,1.3,
1985-06-12,10.16,,,1.4,
1985-06-13,10.21,,,1.45,
1985-06-14,9.98,,,1.53,
1985-06-17,9.97,,,1.49,
1985-06-18,9.9,,,1.53,
1985-06-19,10.04,,,1.54,
1985-06-20,10.14,,,1.55,
1985-06-21,10.34,,,1.54,
1985-06-24,10.45,,,1.58,
1985-06-25,10.5,,,1.54,
1985-06-26,10.54,,,1.6,
1985-06-27,10.39,,,1.58,
1985-06-28,10.25,,,1.58,
1985-07-01,10.19,,107.7,1.53,
1985-07-02,10.2,,,1.54,
1985-07-03,10.23,,,1.57,
1985-07-04,,,,,
1985-07-05,9.93,,,1.57,
1985-07-08,10.05,,,1.53,
1985-07-09,10.05,,,1.53,
1985-07-10,10.07,,,1.52,
1985-07-11,10.22,,,1.49,
1985-07-12,10.23,,,1.45,
1985-07-15,10.22,,,1.46,
1985-07-16,10.15,,,1.48,
1985-07-17,10.12,,,1.49,
1985-07-18,10.3,,,1.54,
1985-07-19,10.34,,,1.52,
1985-07-22,10.46,,,1.51,
1985-07-23,10.47,,,1.5,
1985-07-24,10.51,,,1.52,
1985-07-25,10.52,,,1.56,
1985-07-26,10.59,,,1.61,
1985-07-29,10.67,,,1.64,
1985-07-30,10.66,,,1.62,
1985-07-31,10.57,,,1.56,
1985-08-01,10.51,,107.9,1.47,
1985-08-02,10.66,,,1.51,
1985-08-05,10.64,,,1.51,
1985-08-06,10.65,,,1.52,
1985-08-07,10.55,,,1.47,
1985-08-08,10.43,,,1.44,
1985-08-09,10.37,,,1.42,
1985-08-12,10.38,,,1.43,
1985-08-13,10.46,,,1.5,
1985-08-14,10.38,,,1.42,
1985-08-15,10.36,,,1.4,
1985-08-16,10.26,,,1.36,
1985-08-19,10.23,,,1.34,
1985-08-20,10.2,,,1.34,
1985-08-21,10.12,,,1.3,
1985-08-22,10.1,,,1.29,
1985-08-23,10.14,,,1.27,
1985-08-26,10.18,,,1.3,
1985-08-27,10.12,,,1.31,
1985-08-28,10.16,,,1.31,
1985-08-29,10.12,,,1.31,
1985-08-30,10.28,,,1.32,
1985-09-01,,,108.1,,
1985-09-02,,,,,
1985-09-03,10.24,,,1.29,
1985-09-04,10.16,,,1.31,
1985-09-05,10.27,,,1.35,
1985-09-06,10.5,,,1.35,
1985-09-09,10.49,,,1.36,
1985-09-10,10.48,,,1.38,
1985-09-11,10.51,,,1.38,
1985-09-12,10.52,,,1.37,
1985-09-13,10.4,,,1.37,
1985-09-16,10.37,,,1.38,
1985-09-17,10.41,,,1.36,
1985-09-18,10.43,,,1.36,
1985-09-19,10.43,,,1.3,
1985-09-20,10.36,,,1.35,
1985-09-23,10.39,,,1.5,
1985-09-24,10.33,,,1.51,
1985-09-25,10.27,,,1.56,
1985-09-26,10.22,,,1.5,
1985-09-27,,,,,
1985-09-30,10.31,,,1.43,
1985-10-01,10.29,,108.5,1.46,
1985-10-02,10.3,,,1.46,
1985-10-03,10.32,,,1.48,
1985-10-04,10.36,,,1.52,
1985-10-07,10.42,,,1.45,
1985-10-08,10.36,,,1.4,
1985-10-09,10.37,,,1.4,
1985-10-10,10.35,,,1.39,
1985-10-11,10.34,,,1.38,
1985-10-14,,,,,
1985-10-15,10.3,,,1.36,
1985-10-16,10.25,,,1.36,
1985-10-17,10.21,,,1.36,
1985-10-18,10.17,,,1.36,
1985-10-21,10.18,,,1.35,
1985-10-22,10.12,,,1.32,
1985-10-23,10.14,,,1.3,
1985-10-24,10.15,,,1.25,
1985-10-25,10.21,,,1.33,
1985-10-28,10.28,,,1.37,
1985-10-29,10.11,,,1.29,
1985-10-30,9.97,,,1.29,
1985-10-31,10.01,,,1.31,
1985-11-01,9.98,,109.0,1.28,
1985-11-04,9.98,,,1.27,
1985-11-05,9.93,,,1.24,
1985-11-06,9.93,,,1.26,
1985-11-07,9.91,,,1.24,
1985-11-08,9.84,,,1.27,
1985-11-11,,,,,
1985-11-12,9.74,,,1.21,
1985-11-13,9.78,,,1.2,
1985-11-14,9.84,,,1.21,
1985-11-15,9.92,,,1.26,
1985-11-18,9.72,,,1.21,
1985-11-19,9.73,,,1.21,
1985-11-20,9.72,,,1.18,
1985-11-21,9.58,,,1.07,
1985-11-22,9.66,,,1.14,
1985-11-25,9.68,,,1.16,
1985-11-26,9.68,,,1.15,
1985-11-27,9.64,,,1.12,
1985-11-28,,,,,
1985-11-29,9.59,,,1.13,
1985-12-01,,,109.5,,
1985-12-02,9.69,,,1.15,
1985-12-03,9.68,,,1.16,
1985-12-04,9.63,,,1.14,
1985-12-05,9.62,,,1.15,
1985-12-06,9.65,,,1.18,
1985-12-09,9.49,,,1.14,
1985-12-10,9.36,,,1.13,
1985-12-11,9.2,,,1.2,
1985-12-12,9.27,,,1.2,
1985-12-13,9.21,,,1.24,
1985-12-16,9.16,,,1.16,
1985-12-17,9.04,,,1.1,
1985-12-18,9.11,,,1.07,
1985-12-19,9.1,,,1.1,
1985-12-20,9.04,,,1.03,
1985-12-23,9.08,,,1.07,
1985-12-24,9.07,,,1.05,
1985-12-25,,,,,
1985-12-26,9.04,,,1.05,
1985-12-27,8.99,,,1.0,
1985-12-30,9.01,,,1.02,
1985-12-31,9.0,,,1.02,
1986-01-01,,,109.9,,
1986-01-02,9.04,,,1.02,
1986-01-03,9.05,,,1.02,
1986-01-06,9.07,,,1.03,
1986-01-07,8.94,,,0.97,
1986-01-08,9.13,,,1.04,
1986-01-09,9.27,,,1.0,
1986-01-10,9.39,,,1.03,
1986-01-13,9.49,,,1.11,
1986-01-14,9.43,,,1.1,
1986-01-15,9.31,,,1.07,
1986-01-16,9.3,,,1.09,
1986-01-17,9.24,,,1.05,
1986-01-20,,,,,
1986-01-21,9.22,,,1.02,
1986-01-22,9.28,,,1.09,
1986-01-23,9.23,,,1.06,
1986-01-24,9.23,,,1.1,
1986-01-27,9.13,,,1.06,
1986-01-28,9.05,,,1.03,
1986-01-29,9.09,,,1.04,
1986-01-30,9.1,,,1.06,
1986-01-31,9.08,,,1.09,
1986-02-01,,,109.7,,
1986-02-03,9.02,,,1.05,
1986-02-04,8.96,,,1.02,
1986-02-05,8.97,,,0.98,
1986-02-06,9.03,,,1.01,
1986-02-07,9.11,,,0.96,
1986-02-10,9.0,,,0.92,
1986-02-11,8.93,,,0.89,
1986-02-12,8.91,,,0.83,
1986-02-13,8.85,,,0.79,
1986-02-14,8.68,,,0.69,
1986-02-17,,,,,
1986-02-18,8.64,,,0.68,
1986-02-19,8.7,,,0.64,
1986-02-20,8.67,,,0.62,
1986-02-21,8.48,,,0.55,
1986-02-24,8.39,,,0.53,
1986-02-25,8.4,,,0.51,
1986-02-26,8.36,,,0.48,
1986-02-27,8.15,,,0.43,
1986-02-28,8.13,,,0.42,
1986-03-01,,,109.1,,
1986-03-03,7.99,,,0.44,
1986-03-04,7.93,,,0.55,
1986-03-05,8.12,,,0.58,
1986-03-06,8.04,,,0.66,
1986-03-07,7.96,,,0.67,
1986-03-10,7.76,,,0.6,
1986-03-11,7.7,,,0.55,
1986-03-12,7.68,,,0.51,
1986-03-13,7.75,,,0.54,
1986-03-14,7.72,,,0.54,
1986-03-17,7.77,,,0.55,
1986-03-18,7.83,,,0.6,
1986-03-19,7.82,,,0.65,
1986-03-20,7.78,,,0.61,
1986-03-21,7.8,,,0.61,
1986-03-24,7.7,,,0.59,
1986-03-25,7.7,,,0.58,
1986-03-26,7.64,,,0.53,
1986-03-27,7.49,,,0.45,
1986-03-28,,,,,
1986-03-31,7.39,,,0.47,
1986-04-01,7.37,,108.7,0.48,
1986-04-02,7.33,,,0.43,
1986-04-03,7.41,,,0.47,
1986-04-04,7.45,,,0.6,
1986-04-07,7.43,,,0.61,
1986-04-08,7.31,,,0.61,
1986-04-09,7.27,,,0.69,
1986-04-10,7.23,,,0.65,
1986-04-11,7.29,,,0.64,
1986-04-14,7.19,,,0.66,
1986-04-15,7.22,,,0.69,
1986-04-16,6.98,,,0.59,
1986-04-17,7.03,,,0.59,
1986-04-18,7.09,,,0.65,
1986-04-21,7.04,,,0.58,
1986-04-22,7.25,,,0.67,
1986-04-23,7.36,,,0.69,
1986-04-24,7.51,,,0.62,
1986-04-25,7.58,,,0.67,
1986-04-28,7.48,,,0.62,
1986-04-29,7.38,,,0.53,
1986-04-30,7.38,,,0.55,
1986-05-01,7.45,,109.0,0.6,
1986-05-02,7.51,,,0.63,
1986-05-05,7.45,,,0.63,
1986-05-06,7.46,,,0.64,
1986-05-07,7.43,,,0.6,
1986-05-08,7.4,,,0.62,
1986-05-09,7.48,,,0.63,
1986-05-12,7.67,,,0.69,
1986-05-13,7.63,,,0.63,
1986-05-14,7.66,,,0.66,
1986-05-15,7.79,,,0.63,
1986-05-16,7.99,,,0.67,
1986-05-19,7.98,,,0.7,
1986-05-20,7.88,,,0.65,
1986-05-21,7.9,,,0.7,
1986-05-22,7.88,,,0.68,
1986-05-23,7.84,,,0.65,
1986-05-26,,,,,
1986-05-27,7.73,,,0.59,
1986-05-28,7.73,,,0.56,
1986-05-29,7.99,,,0.64,
1986-05-30,8.05,,,0.69,
1986-06-01,,,109.4,,
1986-06-02,8.32,,,0.82,
1986-06-03,8.19,,,0.7,
1986-06-04,8.39,,,0.76,
1986-06-05,8.31,,,0.77,
1986-06-06,7.95,,,0.68,
1986-06-09,8.13,,,0.74,
1986-06-10,8.07,,,0.69,
1986-06-11,8.01,,,0.62,
1986-06-12,7.98,,,0.67,
1986-06-13,7.73,,,0.58,
1986-06-16,7.63,,,0.53,
1986-06-17,7.63,,,0.55,
1986-06-18,7.57,,,0.56,
1986-06-19,7.69,,,0.59,
1986-06-20,7.6,,,0.54,
1986-06-23,7.55,,,0.52,
1986-06-24,7.47,,,0.49,
1986-06-25,7.42,,,0.51,
1986-06-26,7.42,,,0.51,
1986-06-27,7.38,,,0.54,
1986-06-30,7.35,,,0.54,
1986-07-01,7.37,,109.5,0.57,
1986-07-02,7.37,,,0.56,
1986-07-03,7.31,,,0.6,
1986-07-04,,,,,
1986-07-07,7.31,,,0.61,
1986-07-08,7.44,,,0.6,
1986-07-09,7.31,,,0.58,
1986-07-10,7.31,,,0.58,
1986-07-11,7.3,,,0.7,
1986-07-14,7.25,,,0.67,
1986-07-15,7.16,,,0.6,
1986-07-16,7.2,,,0.61,
1986-07-17,7.18,,,0.57,
1986-07-18,7.16,,,0.6,
1986-07-21,7.14,,,0.58,
1986-07-22,7.2,,,0.6,
1986-07-23,7.29,,,0.66,
1986-07-24,7.35,,,0.68,
1986-07-25,7.33,,,0.66,
1986-07-28,7.53,,,0.77,
1986-07-29,7.41,,,0.7,
1986-07-30,7.41,,,0.74,
1986-07-31,7.34,,,0.77,
1986-08-01,7.34,,109.6,0.78,
1986-08-04,7.33,,,0.77,
1986-08-05,7.39,,,0.81,
1986-08-06,7.47,,,0.86,
1986-08-07,7.45,,,0.84,
1986-08-08,7.3,,,0.76,
1986-08-11,7.25,,,0.74,
1986-08-12,7.23,,,0.77,
1986-08-13,7.15,,,0.78,
1986-08-14,7.16,,,0.77,
1986-08-15,7.14,,,0.78,
1986-08-18,7.14,,,0.77,
1986-08-19,7.02,,,0.73,
1986-08-20,7.0,,,0.83,
1986-08-21,6.96,,,0.88,
1986-08-22,7.07,,,0.93,
1986-08-25,7.06,,,0.96,
1986-08-26,6.97,,,0.95,
1986-08-27,7.06,,,0.94,
1986-08-28,7.04,,,0.97,
1986-08-29,6.95,,,1.01,
1986-09-01,,,110.0,,
1986-09-02,7.03,,,1.04,
1986-09-03,7.2,,,1.06,
1986-09-04,7.15,,,1.04,
1986-09-05,7.32,,,1.07,
1986-09-08,7.38,,,1.08,
1986-09-09,7.35,,,1.05,
1986-09-10,7.35,,,1.08,
1986-09-11,7.57,,,1.14,
1986-09-12,7.63,,,1.2,
1986-09-15,7.53,,,1.14,
1986-09-16,7.53,,,1.15,
1986-09-17,7.46,,,1.09,
1986-09-18,7.62,,,1.15,
1986-09-19,7.67,,,1.15,
1986-09-22,7.62,,,1.13,
1986-09-23,7.58,,,1.12,
1986-09-24,7.48,,,1.11,
1986-09-25,7.47,,,1.1,
1986-09-26,7.47,,,1.08,
1986-09-29,7.54,,,1.08,
1986-09-30,7.45,,,1.07,
1986-10-01,7.41,,110.2,1.05,
1986-10-02,7.45,,,1.07,
1986-10-03,7.31,,,1.15,
1986-10-06,7.28,,,1.14,
1986-10-07,7.28,,,1.15,
1986-10-08,7.31,,,1.2,
1986-10-09,7.33,,,1.18,
1986-10-10,7.36,,,1.2,
1986-10-13,,,,,
1986-10-14,7.49,,,1.23,
1986-10-15,7.51,,,1.24,
1986-10-16,7.53,,,1.24,
1986-10-17,7.57,,,1.19,
1986-10-20,7.66,,,1.19,
1986-10-21,7.57,,,1.17,
1986-10-22,7.49,,,1.15,
1986-10-23,7.43,,,1.12,
1986-10-24,7.47,,,1.12,
1986-10-27,7.42,,,1.1,
1986-10-28,7.45,,,1.11,
1986-10-29,7.41,,,1.09,
1986-10-30,7.31,,,1.07,
1986-10-31,7.34,,,1.08,
1986-11-01,,,110.4,,
1986-11-03,7.29,,,1.08,
1986-11-04,7.31,,,1.08,
1986-11-05,7.24,,,0.98,
1986-11-06,7.32,,,1.03,
1986-11-07,7.4,,,1.05,
1986-11-10,7.38,,,0.96,
1986-11-11,,,,,
1986-11-12,7.35,,,0.97,
1986-11-13,7.33,,,0.98,
1986-11-14,7.29,,,0.96,
1986-11-17,7.22,,,0.9,
1986-11-18,7.27,,,0.95,
1986-11-19,7.19,,,0.98,
1986-11-20,7.19,,,0.93,
1986-11-21,7.17,,,0.96,
1986-11-24,7.11,,,0.92,
1986-11-25,7.15,,,0.92,
1986-11-26,7.15,,,0.94,
1986-11-27,,,,,
1986-11-28,7.15,,,0.94,
1986-12-01,7.18,,110.8,0.93,
1986-12-02,7.08,,,0.86,
1986-12-03,7.06,,,0.89,
1986-12-04,7.01,,,0.86,
1986-12-05,7.12,,,0.88,
1986-12-08,7.1,,,0.86,
1986-12-09,7.07,,,0.86,
1986-12-10,7.05,,,0.86,
1986-12-11,7.12,,,0.88,
1986-12-12,7.13,,,0.89,
1986-12-15,7.15,,,0.86,
1986-12-16,7.12,,,0.83,
1986-12-17,7.12,,,0.81,
1986-12-18,7.11,,,0.8,
1986-12-19,7.1,,,0.81,
1986-12-22,7.1,,,0.8,
1986-12-23,7.08,,,0.78,
1986-12-24,7.07,,,0.77,
1986-12-25,,,,,
1986-12-26,7.08,,,0.78,
1986-12-29,7.17,,,0.8,
1986-12-30,7.23,,,0.81,
1986-12-31,7.23,,,0.88,
1987-01-01,,,111.4,,
1987-01-02,7.18,,,0.88,
1987-01-05,7.08,,,0.84,
1987-01-06,7.08,,,0.83,
1987-01-07,7.05,,,0.83,
1987-01-08,7.04,,,0.84,
1987-01-09,7.01,,,0.82,
1987-01-12,7.05,,,0.85,
1987-01-13,7.1,,,0.88,
1987-01-14,7.11,,,0.87,
1987-01-15,7.08,,,0.86,
1987-01-16,7.03,,,0.81,
1987-01-19,,,,,
1987-01-20,7.01,,,0.84,
1987-01-21,7.01,,,0.84,
1987-01-22,7.03,,,0.86,
1987-01-23,7.06,,,0.86,
1987-01-26,7.17,,,0.91,
1987-01-27,7.16,,,0.92,
1987-01-28,7.13,,,0.89,
1987-01-29,7.13,,,0.89,
1987-01-30,7.18,,,0.85,
1987-02-01,,,111.8,,
1987-02-02,7.23,,,0.87,
1987-02-03,7.25,,,0.87,
1987-02-04,7.23,,,0.85,
1987-02-05,7.2,,,0.87,
1987-02-06,7.19,,,0.81,
1987-02-09,7.25,,,0.8,
1987-02-10,7.33,,,0.84,
1987-02-11,7.37,,,0.79,
1987-02-12,7.31,,,0.84,
1987-02-13,7.28,,,0.85,
1987-02-16,,,,,
1987-02-17,7.33,,,0.85,
1987-02-18,7.3,,,0.87,
1987-02-19,7.23,,,0.9,
1987-02-20,7.24,,,0.91,
1987-02-23,7.23,,,0.88,
1987-02-24,7.18,,,0.86,
1987-02-25,7.21,,,0.84,
1987-02-26,7.21,,,0.86,
1987-02-27,7.19,,,0.84,
1987-03-01,,,112.2,,
1987-03-02,7.17,,,0.83,
1987-03-03,7.21,,,0.84,
1987-03-04,7.14,,,0.82,
1987-03-05,7.16,,,0.81,
1987-03-06,7.23,,,0.81,
1987-03-09,7.23,,,0.8,
1987-03-10,7.23,,,0.79,
1987-03-11,7.23,,,0.79,
1987-03-12,7.22,,,0.79,
1987-03-13,7.19,,,0.8,
1987-03-16,7.22,,,0.81,
1987-03-17,7.2,,,0.78,
1987-03-18,7.21,,,0.81,
1987-03-19,7.21,,,0.83,
1987-03-20,7.22,,,0.82,
1987-03-23,7.25,,,0.83,
1987-03-24,7.27,,,0.83,
1987-03-25,7.26,,,0.8,
1987-03-26,7.24,,,0.82,
1987-03-27,7.33,,,0.84,
1987-03-30,7.54,,,0.91,
1987-03-31,7.51,,,0.97,
1987-04-01,7.59,,112.7,0.94,
1987-04-02,7.59,,,0.96,
1987-04-03,7.59,,,0.97,
1987-04-06,7.54,,,0.97,
1987-04-07,7.62,,,1.03,
1987-04-08,7.61,,,1.02,
1987-04-09,7.78,,,1.04,
1987-04-10,7.98,,,1.01,
1987-04-13,8.07,,,0.99,
1987-04-14,8.28,,,1.09,
1987-04-15,8.1,,,1.08,
1987-04-16,8.03,,,1.13,
1987-04-17,,,,,
1987-04-20,8.2,,,1.14,
1987-04-21,8.19,,,1.1,
1987-04-22,8.24,,,1.01,
1987-04-23,8.39,,,1.03,
1987-04-24,8.47,,,0.99,
1987-04-27,8.37,,,0.87,
1987-04-28,8.28,,,0.85,
1987-04-29,8.35,,,0.92,
1987-04-30,8.21,,,0.83,
1987-05-01,8.39,,113.0,0.92,
1987-05-04,8.52,,,0.91,
1987-05-05,8.45,,,0.85,
1987-05-06,8.54,,,0.92,
1987-05-07,8.5,,,0.9,
1987-05-08,8.43,,,0.86,
1987-05-11,8.57,,,0.91,
1987-05-12,8.55,,,0.87,
1987-05-13,8.55,,,0.87,
1987-05-14,8.57,,,0.91,
1987-05-15,8.8,,,0.85,
1987-05-18,8.73,,,0.8,
1987-05-19,8.89,,,0.9,
1987-05-20,8.92,,,0.87,
1987-05-21,8.87,,,0.81,
1987-05-22,8.78,,,0.81,
1987-05-25,,,,,
1987-05-26,8.55,,,0.76,
1987-05-27,8.6,,,0.76,
1987-05-28,8.56,,,0.75,
1987-05-29,8.49,,,0.8,
1987-06-01,8.45,,113.5,0.78,
1987-06-02,8.72,,,0.87,
1987-06-03,8.64,,,0.86,
1987-06-04,8.58,,,0.82,
1987-06-05,8.5,,,0.84,
1987-06-08,8.53,,,0.85,
1987-06-09,8.56,,,0.85,
1987-06-10,8.56,,,0.88,
1987-06-11,8.52,,,0.86,
1987-06-12,8.32,,,0.81,
1987-06-15,8.28,,,0.81,
1987-06-16,8.28,,,0.81,
1987-06-17,8.23,,,0.81,
1987-06-18,8.27,,,0.83,
1987-06-19,8.3,,,0.85,
1987-06-22,8.23,,,0.81,
1987-06-23,8.23,,,0.78,
1987-06-24,8.31,,,0.77,
1987-06-25,8.25,,,0.78,
1987-06-26,8.37,,,0.81,
1987-06-29,8.34,,,0.86,
1987-06-30,8.38,,,0.9,
1987-07-01,8.36,,113.8,0.92,
1987-07-02,8.3,,,0.92,
1987-07-03,,,,,
1987-07-06,8.29,,,0.91,
1987-07-07,8.28,,,0.92,
1987-07-08,8.32,,,0.97,
1987-07-09,8.37,,,0.99,
1987-07-10,8.32,,,1.0,
1987-07-13,8.38,,,1.02,
1987-07-14,8.33,,,1.01,
1987-07-15,8.43,,,1.06,
1987-07-16,8.41,,,1.07,
1987-07-17,8.36,,,1.02,
1987-07-20,8.41,,,1.03,
1987-07-21,8.49,,,1.04,
1987-07-22,8.54,,,1.07,
1987-07-23,8.56,,,1.1,
1987-07-24,8.58,,,1.05,
1987-07-27,8.6,,,1.01,
1987-07-28,8.62,,,1.01,
1987-07-29,8.61,,,0.97,
1987-07-30,8.61,,,0.98,
1987-07-31,8.66,,,1.03,
1987-08-01,,,114.3,,
1987-08-03,8.81,,,1.09,
1987-08-04,8.81,,,1.09,
1987-08-05,8.71,,,1.06,
1987-08-06,8.73,,,1.08,
1987-08-07,8.7,,,1.01,
1987-08-10,8.74,,,1.03,
1987-08-11,8.73,,,1.04,
1987-08-12,8.72,,,1.05,
1987-08-13,8.63,,,0.99,
1987-08-14,8.58,,,0.96,
1987-08-17,8.56,,,0.94,
1987-08-18,8.73,,,1.02,
1987-08-19,8.77,,,1.01,
1987-08-20,8.74,,,0.97,
1987-08-21,8.77,,,0.98,
1987-08-24,8.78,,,0.97,
1987-08-25,8.73,,,0.94,
1987-08-26,8.79,,,0.92,
1987-08-27,8.92,,,0.97,
1987-08-28,9.02,,,1.01,
1987-08-31,9.0,,,1.03,
1987-09-01,9.05,,114.7,1.07,
1987-09-02,9.28,,,1.13,
1987-09-03,9.29,,,1.1,
1987-09-04,9.3,,,1.04,
1987-09-07,,,,,
1987-09-08,9.5,,,1.04,
1987-09-09,9.48,,,1.05,
1987-09-10,9.42,,,1.06,
1987-09-11,9.33,,,1.02,
1987-09-14,9.34,,,1.08,
1987-09-15,9.44,,,1.14,
1987-09-16,9.52,,,1.17,
1987-09-17,9.48,,,1.14,
1987-09-18,9.38,,,1.08,
1987-09-21,9.45,,,1.12,
1987-09-22,9.37,,,1.06,
1987-09-23,9.4,,,1.09,
1987-09-24,9.51,,,1.09,
1987-09-25,9.53,,,1.05,
1987-09-28,9.52,,,1.04,
1987-09-29,9.64,,,1.04,
1987-09-30,9.63,,,1.03,
1987-10-01,9.66,,115.0,1.04,
1987-10-02,9.6,,,0.99,
1987-10-05,9.69,,,1.03,
1987-10-06,9.72,,,0.99,
1987-10-07,9.71,,,0.98,
1987-10-08,9.86,,,0.83,
1987-10-09,9.94,,,0.93,
1987-10-12,,,,,
1987-10-13,9.9,,,0.96,
1987-10-14,10.13,,,0.99,
1987-10-15,10.18,,,0.95,
1987-10-16,10.23,,,1.01,
1987-10-19,10.15,,,1.22,
1987-10-20,9.4,,,1.31,
1987-10-21,9.3,,,1.4,
1987-10-22,8.97,,,1.21,
1987-10-23,8.98,,,1.22,
1987-10-26,8.8,,,1.23,
1987-10-27,8.92,,,1.26,
1987-10-28,9.01,,,1.36,
1987-10-29,8.89,,,1.36,
1987-10-30,8.88,,,1.3,
1987-11-01,,,115.4,,
1987-11-02,8.98,,,1.26,
1987-11-03,8.91,,,1.24,
1987-11-04,8.85,,,1.25,
1987-11-05,8.72,,,1.22,
1987-11-06,8.76,,,1.14,
1987-11-09,8.78,,,1.14,
1987-11-10,8.79,,,1.18,
1987-11-11,,,,,
1987-11-12,8.8,,,1.13,
1987-11-13,8.84,,,1.09,
1987-11-16,8.82,,,1.04,
1987-11-17,8.86,,,1.13,
1987-11-18,8.85,,,1.11,
1987-11-19,8.83,,,1.14,
1987-11-20,8.79,,,1.13,
1987-11-23,8.8,,,1.13,
1987-11-24,8.89,,,1.16,
1987-11-25,8.98,,,1.2,
1987-11-26,,,,,
1987-11-27,9.11,,,1.24,
1987-11-30,8.99,,,1.26,
1987-12-01,9.01,,115.6,1.24,
1987-12-02,9.01,,,1.22,
1987-12-03,8.94,,,1.22,
1987-12-04,8.94,,,1.22,
1987-12-07,9.07,,,1.21,
1987-12-08,9.09,,,1.21,
1987-12-09,9.05,,,1.17,
1987-12-10,9.23,,,1.23,
1987-12-11,9.28,,,1.26,
1987-12-14,9.23,,,1.22,
1987-12-15,9.09,,,1.17,
1987-12-16,9.0,,,1.11,
1987-12-17,9.03,,,1.14,
1987-12-18,8.89,,,1.07,
1987-12-21,8.88,,,1.04,
1987-12-22,8.95,,,1.04,
1987-12-23,8.83,,,1.0,
1987-12-24,8.82,,,0.99,
1987-12-25,,,,,
1987-12-28,8.93,,,1.02,
1987-12-29,8.85,,,0.99,
1987-12-30,8.78,,,1.03,
1987-12-31,8.83,,,1.06,
1988-01-01,,,116.0,,
1988-01-04,8.83,,,1.06,
1988-01-05,8.76,,,1.0,
1988-01-06,8.82,,,1.03,
1988-01-07,8.83,,,1.04,
1988-01-08,8.97,,,1.05,
1988-01-11,8.94,,,1.14,
1988-01-12,8.93,,,1.13,
1988-01-13,8.87,,,1.11,
1988-01-14,8.86,,,1.1,
1988-01-15,8.6,,,0.99,
1988-01-18,,,,,
1988-01-19,8.65,,,0.99,
1988-01-20,8.61,,,1.02,
1988-01-21,8.53,,,1.01,
1988-01-22,8.49,,,0.98,
1988-01-25,8.45,,,0.96,
1988-01-26,8.54,,,0.98,
1988-01-27,8.38,,,1.01,
1988-01-28,8.33,,,1.04,
1988-01-29,8.26,,,1.04,
1988-02-01,8.26,,116.2,1.04,
1988-02-02,8.18,,,0.97,
1988-02-03,8.21,,,0.97,
1988-02-04,8.24,,,1.0,
1988-02-05,8.12,,,1.02,
1988-02-08,8.19,,,1.03,
1988-02-09,8.16,,,1.04,
1988-02-10,8.11,,,1.04,
1988-02-11,8.16,,,1.04,
1988-02-12,8.28,,,1.06,
1988-02-15,,,,,
1988-02-16,8.31,,,1.05,
1988-02-17,8.32,,,1.08,
1988-02-18,8.28,,,1.05,
1988-02-19,8.26,,,1.05,
1988-02-22,8.24,,,1.04,
1988-02-23,8.17,,,1.01,
1988-02-24,8.18,,,1.03,
1988-02-25,8.23,,,1.06,
1988-02-26,8.18,,,1.02,
1988-02-29,8.16,,,1.03,
1988-03-01,8.15,,116.5,1.04,
1988-03-02,8.13,,,1.06,
1988-03-03,8.12,,,1.04,
1988-03-04,8.28,,,1.08,
1988-03-07,8.3,,,1.08,
1988-03-08,8.33,,,1.08,
1988-03-09,8.32,,,1.1,
1988-03-10,8.35,,,1.1,
1988-03-11,8.29,,,1.09,
1988-03-14,8.29,,,1.09,
1988-03-15,8.3,,,1.11,
1988-03-16,8.36,,,1.12,
1988-03-17,8.3,,,1.13,
1988-03-18,8.41,,,1.18,
1988-03-21,8.47,,,1.15,
1988-03-22,8.46,,,1.13,
1988-03-23,8.47,,,1.08,
1988-03-24,8.51,,,1.05,
1988-03-25,8.47,,,1.06,
1988-03-28,8.58,,,1.16,
1988-03-29,8.56,,,1.14,
1988-03-30,8.57,,,1.14,
1988-03-31,8.57,,,1.16,
1988-04-01,,,117.2,,
1988-04-04,8.68,,,1.1,
1988-04-05,8.67,,,1.07,
1988-04-06,8.61,,,1.04,
1988-04-07,8.6,,,1.06,
1988-04-08,8.52,,,1.05,
1988-04-11,8.59,,,1.09,
1988-04-12,8.57,,,1.08,
1988-04-13,8.56,,,1.11,
1988-04-14,8.67,,,1.11,
1988-04-15,8.74,,,1.14,
1988-04-18,8.81,,,1.21,
1988-04-19,8.81,,,1.24,
1988-04-20,8.83,,,1.18,
1988-04-21,8.82,,,1.18,
1988-04-22,8.78,,,1.14,
1988-04-25,8.78,,,1.14,
1988-04-26,8.8,,,1.16,
1988-04-27,8.8,,,1.17,
1988-04-28,8.86,,,1.17,
1988-04-29,8.87,,,1.14,
1988-05-01,,,117.5,,
1988-05-02,8.94,,,1.16,
1988-05-03,8.89,,,1.12,
1988-05-04,8.9,,,1.13,
1988-05-05,8.92,,,1.13,
1988-05-06,9.01,,,1.14,
1988-05-09,9.03,,,1.08,
1988-05-10,9.07,,,1.07,
1988-05-11,9.05,,,1.1,
1988-05-12,9.04,,,1.09,
1988-05-13,9.0,,,1.1,
1988-05-16,9.01,,,1.08,
1988-05-17,9.12,,,1.13,
1988-05-18,9.19,,,1.15,
1988-05-19,9.18,,,1.14,
1988-05-20,9.22,,,1.14,
1988-05-23,9.23,,,1.11,
1988-05-24,9.22,,,1.08,
1988-05-25,9.2,,,1.03,
1988-05-26,9.21,,,0.98,
1988-05-27,9.24,,,1.01,
1988-05-30,,,,,
1988-05-31,9.2,,,0.99,
1988-06-01,9.03,,118.0,0.94,
1988-06-02,9.07,,,0.94,
1988-06-03,8.97,,,0.91,
1988-06-06,8.97,,,0.93,
1988-06-07,9.02,,,0.98,
1988-06-08,8.92,,,0.96,
1988-06-09,8.96,,,0.99,
1988-06-10,8.92,,,0.93,
1988-06-13,8.91,,,0.93,
1988-06-14,8.69,,,0.89,
1988-06-15,8.71,,,0.87,
1988-06-16,8.89,,,0.93,
1988-06-17,9.02,,,0.92,
1988-06-20,9.02,,,0.88,
1988-06-21,9.03,,,0.88,
1988-06-22,8.9,,,0.86,
1988-06-23,8.88,,,0.83,
1988-06-24,8.85,,,0.82,
1988-06-27,8.94,,,0.84,
1988-06-28,8.87,,,0.82,
1988-06-29,8.88,,,0.85,
1988-06-30,8.82,,,0.8,
1988-07-01,8.77,,118.5,0.79,
1988-07-04,,,,,
1988-07-05,8.82,,,0.78,
1988-07-06,8.91,,,0.84,
1988-07-07,8.95,,,0.82,
1988-07-08,9.04,,,0.79,
1988-07-11,9.02,,,0.77,
1988-07-12,9.08,,,0.81,
1988-07-13,9.12,,,0.85,
1988-07-14,9.12,,,0.79,
1988-07-15,9.08,,,0.77,
1988-07-18,9.15,,,0.8,
1988-07-19,9.1,,,0.78,
1988-07-20,9.11,,,0.8,
1988-07-21,9.16,,,0.77,
1988-07-22,9.11,,,0.76,
1988-07-25,9.07,,,0.73,
1988-07-26,9.09,,,0.74,
1988-07-27,9.14,,,0.7,
1988-07-28,9.16,,,0.72,
1988-07-29,9.12,,,0.73,
1988-08-01,9.07,,119.0,0.71,
1988-08-02,9.0,,,0.68,
1988-08-03,9.04,,,0.7,
1988-08-04,8.99,,,0.68,
1988-08-05,9.12,,,0.65,
1988-08-08,9.12,,,0.64,
1988-08-09,9.2,,,0.61,
1988-08-10,9.3,,,0.66,
1988-08-11,9.35,,,0.67,
1988-08-12,9.36,,,0.68,
1988-08-15,9.37,,,0.67,
1988-08-16,9.35,,,0.63,
1988-08-17,9.38,,,0.64,
1988-08-18,9.35,,,0.61,
1988-08-19,9.35,,,0.61,
1988-08-22,9.37,,,0.61,
1988-08-23,9.32,,,0.61,
1988-08-24,9.34,,,0.61,
1988-08-25,9.41,,,0.63,
1988-08-26,9.38,,,0.6,
1988-08-29,9.3,,,0.55,
1988-08-30,9.27,,,0.54,
1988-08-31,9.25,,,0.54,
1988-09-01,9.25,,119.5,0.57,
1988-09-02,9.0,,,0.55,
1988-09-05,,,,,
1988-09-06,8.99,,,0.52,
1988-09-07,8.99,,,0.54,
1988-09-08,8.99,,,0.54,
1988-09-09,8.93,,,0.51,
1988-09-12,8.97,,,0.53,
1988-09-13,8.94,,,0.54,
1988-09-14,8.88,,,0.52,
1988-09-15,8.91,,,0.52,
1988-09-16,8.93,,,0.53,
1988-09-19,8.97,,,0.53,
1988-09-20,8.97,,,0.52,
1988-09-21,8.93,,,0.53,
1988-09-22,8.95,,,0.51,
1988-09-23,8.97,,,0.5,
1988-09-26,9.0,,,0.48,
1988-09-27,9.04,,,0.49,
1988-09-28,9.06,,,0.47,
1988-09-29,8.98,,,0.45,
1988-09-30,8.87,,,0.44,
1988-10-01,,,119.9,,
1988-10-03,8.84,,,0.43,
1988-10-04,8.87,,,0.44,
1988-10-05,8.87,,,0.44,
1988-10-06,8.87,,,0.44,
1988-10-07,8.7,,,0.44,
1988-10-10,,,,,
1988-10-11,8.75,,,0.46,
1988-10-12,8.84,,,0.49,
1988-10-13,8.84,,,0.48,
1988-10-14,8.81,,,0.48,
1988-10-17,8.79,,,0.46,
1988-10-18,8.78,,,0.45,
1988-10-19,8.82,,,0.44,
1988-10-20,8.79,,,0.41,
1988-10-21,8.83,,,0.43,
1988-10-24,8.83,,,0.41,
1988-10-25,8.83,,,0.41,
1988-10-26,8.79,,,0.45,
1988-10-27,8.72,,,0.45,
1988-10-28,8.69,,,0.42,
1988-10-31,8.65,,,0.4,
1988-11-01,8.68,,120.3,0.43,
1988-11-02,8.73,,,0.44,
1988-11-03,8.69,,,0.42,
1988-11-04,8.85,,,0.46,
1988-11-07,8.91,,,0.41,
1988-11-08,8.91,,,0.38,
1988-11-09,8.91,,,0.34,
1988-11-10,8.9,,,0.3,
1988-11-11,,,,,
1988-11-14,8.91,,,0.29,
1988-11-15,8.92,,,0.23,
1988-11-16,9.0,,,0.25,
1988-11-17,9.06,,,0.31,
1988-11-18,9.05,,,0.28,
1988-11-21,9.04,,,0.23,
1988-11-22,9.09,,,0.21,
1988-11-23,9.08,,,0.21,
1988-11-24,,,,,
1988-11-25,9.17,,,0.19,
1988-11-28,9.16,,,0.16,
1988-11-29,9.13,,,0.17,
1988-11-30,9.06,,,0.22,
1988-12-01,9.01,,120.7,0.15,
1988-12-02,9.18,,,0.06,
1988-12-05,9.13,,,0.04,
1988-12-06,8.95,,,0.07,
1988-12-07,9.0,,,0.07,
1988-12-08,9.02,,,0.02,
1988-12-09,9.07,,,0.04,
1988-12-12,9.08,,,0.03,
1988-12-13,9.15,,,-0.01,
1988-12-14,9.19,,,-0.01,
1988-12-15,9.19,,,-0.01,
1988-12-16,9.17,,,-0.01,
1988-12-19,9.15,,,-0.03,
1988-12-20,9.08,,,-0.03,
1988-12-21,9.07,,,-0.02,
1988-12-22,9.07,,,0.03,
1988-12-23,9.05,,,0.01,
1988-12-26,,,,,
1988-12-27,9.13,,,-0.02,
1988-12-28,9.21,,,-0.02,
1988-12-29,9.18,,,0.0,
1988-12-30,9.14,,,0.0,
1989-01-01,,,121.2,,
1989-01-02,,,,,
1989-01-03,9.23,,,0.02,
1989-01-04,9.22,,,-0.03,
1989-01-05,9.27,,,-0.05,
1989-01-06,9.25,,,-0.07,
1989-01-09,9.23,,,-0.06,
1989-01-10,9.24,,,-0.01,
1989-01-11,9.24,,,-0.05,
1989-01-12,9.14,,,-0.06,
1989-01-13,9.06,,,-0.08,
1989-01-16,,,,,
1989-01-17,9.06,,,-0.1,
1989-01-18,8.99,,,-0.14,
1989-01-19,9.0,,,-0.09,
1989-01-20,9.03,,,-0.1,
1989-01-23,9.0,,,-0.13,
1989-01-24,8.93,,,-0.14,
1989-01-25,8.99,,,-0.11,
1989-01-26,8.99,,,-0.15,
1989-01-27,8.95,,,-0.12,
1989-01-30,9.0,,,-0.1,
1989-01-31,9.01,,,-0.11,
1989-02-01,8.99,,121.6,-0.13,
1989-02-02,8.98,,,-0.14,
1989-02-03,9.01,,,-0.22,
1989-02-06,9.01,,,-0.24,
1989-02-07,8.96,,,-0.23,
1989-02-08,8.95,,,-0.26,
1989-02-09,9.13,,,-0.15,
1989-02-10,9.19,,,-0.18,
1989-02-13,9.2,,,-0.19,
1989-02-14,9.23,,,-0.2,
1989-02-15,9.22,,,-0.19,
1989-02-16,9.21,,,-0.16,
1989-02-17,9.2,,,-0.17,
1989-02-20,,,,,
1989-02-21,9.22,,,-0.19,
1989-02-22,9.29,,,-0.19,
1989-02-23,9.36,,,-0.24,
1989-02-24,9.38,,,-0.28,
1989-02-27,9.36,,,-0.26,
1989-02-28,9.32,,,-0.23,
1989-03-01,9.36,,122.2,-0.19,
1989-03-02,9.31,,,-0.21,
1989-03-03,9.31,,,-0.19,
1989-03-06,9.26,,,-0.2,
1989-03-07,9.26,,,-0.22,
1989-03-08,9.23,,,-0.25,
1989-03-09,9.24,,,-0.24,
1989-03-10,9.34,,,-0.32,
1989-03-13,9.35,,,-0.29,
1989-03-14,9.32,,,-0.32,
1989-03-15,9.31,,,-0.31,
1989-03-16,9.3,,,-0.31,
1989-03-17,9.49,,,-0.35,
1989-03-20,9.53,,,-0.37,
1989-03-21,9.53,,,-0.39,
1989-03-22,9.45,,,-0.36,
1989-03-23,9.43,,,-0.38,
1989-03-24,,,,,
1989-03-27,9.44,,,-0.41,
1989-03-28,9.41,,,-0.45,
1989-03-29,9.36,,,-0.44,
1989-03-30,9.34,,,-0.45,
1989-03-31,9.3,,,-0.43,
1989-04-01,,,123.1,,
1989-04-03,9.21,,,-0.35,
1989-04-04,9.17,,,-0.3,
1989-04-05,9.17,,,-0.28,
1989-04-06,9.2,,,-0.34,
1989-04-07,9.27,,,-0.3,
1989-04-10,9.27,,,-0.3,
1989-04-11,9.27,,,-0.3,
1989-04-12,9.29,,,-0.3,
1989-04-13,9.34,,,-0.32,
1989-04-14,9.18,,,-0.25,
1989-04-17,9.2,,,-0.28,
1989-04-18,9.06,,,-0.22,
1989-04-19,9.08,,,-0.22,
1989-04-20,9.2,,,-0.26,
1989-04-21,9.15,,,-0.29,
1989-04-24,9.15,,,-0.31,
1989-04-25,9.12,,,-0.29,
1989-04-26,9.11,,,-0.23,
1989-04-27,9.05,,,-0.18,
1989-04-28,9.02,,,-0.2,
1989-05-01,9.14,,123.7,-0.22,
1989-05-02,9.08,,,-0.19,
1989-05-03,9.06,,,-0.15,
1989-05-04,9.06,,,-0.15,
1989-05-05,8.99,,,-0.05,
1989-05-08,9.04,,,-0.05,
1989-05-09,9.15,,,-0.08,
1989-05-10,9.16,,,-0.11,
1989-05-11,9.1,,,-0.04,
1989-05-12,8.81,,,-0.01,
1989-05-15,8.82,,,-0.09,
1989-05-16,8.82,,,-0.13,
1989-05-17,8.8,,,-0.16,
1989-05-18,8.78,,,-0.22,
1989-05-19,8.71,,,-0.23,
1989-05-22,8.58,,,-0.26,
1989-05-23,8.6,,,-0.23,
1989-05-24,8.63,,,-0.19,
1989-05-25,8.67,,,-0.25,
1989-05-26,8.66,,,-0.23,
1989-05-29,,,,,
1989-05-30,8.64,,,-0.23,
1989-05-31,8.6,,,-0.22,
1989-06-01,8.61,,124.1,-0.21,
1989-06-02,8.43,,,-0.09,
1989-06-05,8.36,,,-0.08,
1989-06-06,8.36,,,-0.09,
1989-06-07,8.27,,,-0.11,
1989-06-08,8.27,,,-0.06,
1989-06-09,8.15,,,-0.13,
1989-06-12,8.16,,,-0.13,
1989-06-13,8.25,,,-0.16,
1989-06-14,8.2,,,-0.16,
1989-06-15,8.33,,,-0.15,
1989-06-16,8.35,,,-0.18,
1989-06-19,8.37,,,-0.18,
1989-06-20,8.31,,,-0.19,
1989-06-21,8.37,,,-0.16,
1989-06-22,8.38,,,-0.17,
1989-06-23,8.25,,,-0.14,
1989-06-26,8.18,,,-0.17,
1989-06-27,8.11,,,-0.16,
1989-06-28,8.17,,,-0.1,
1989-06-29,8.12,,,-0.04,
1989-06-30,8.1,,,0.02,
1989-07-01,,,124.5,,
1989-07-03,8.09,,,0.07,
1989-07-04,,,,,
1989-07-05,8.11,,,0.12,
1989-07-06,8.08,,,0.14,
1989-07-07,8.02,,,0.19,
1989-07-10,7.99,,,0.18,
1989-07-11,8.0,,,0.19,
1989-07-12,8.0,,,0.26,
1989-07-13,8.0,,,0.26,
1989-07-14,8.04,,,0.21,
1989-07-17,8.05,,,0.2,
1989-07-18,8.13,,,0.18,
1989-07-19,8.09,,,0.19,
1989-07-20,8.01,,,0.2,
1989-07-21,8.07,,,0.16,
1989-07-24,8.05,,,0.12,
1989-07-25,8.01,,,0.17,
1989-07-26,8.02,,,0.27,
1989-07-27,7.92,,,0.27,
1989-07-28,7.87,,,0.31,
1989-07-31,7.82,,,0.29,
1989-08-01,7.74,,124.5,0.28,
1989-08-02,7.76,,,0.23,
1989-08-03,7.8,,,0.2,
1989-08-04,8.0,,,0.08,
1989-08-07,8.03,,,0.02,
1989-08-08,8.0,,,0.04,
1989-08-09,8.05,,,0.06,
1989-08-10,8.02,,,0.03,
1989-08-11,8.09,,,-0.03,
1989-08-14,8.24,,,-0.07,
1989-08-15,8.21,,,-0.08,
1989-08-16,8.12,,,-0.05,
1989-08-17,8.18,,,-0.08,
1989-08-18,8.15,,,-0.11,
1989-08-21,8.2,,,-0.12,
1989-08-22,8.29,,,-0.14,
1989-08-23,8.25,,,-0.12,
1989-08-24,8.2,,,-0.12,
1989-08-25,8.21,,,-0.13,
1989-08-28,8.27,,,-0.14,
1989-08-29,8.27,,,-0.17,
1989-08-30,8.25,,,-0.16,
1989-08-31,8.26,,,-0.16,
1989-09-01,8.19,,124.8,-0.18,
1989-09-04,,,,,
1989-09-05,8.19,,,-0.18,
1989-09-06,8.17,,,-0.18,
1989-09-07,8.17,,,-0.18,
1989-09-08,8.14,,,-0.13,
1989-09-11,8.13,,,-0.07,
1989-09-12,8.13,,,-0.05,
1989-09-13,8.18,,,-0.02,
1989-09-14,8.13,,,0.04,
1989-09-15,8.09,,,0.03,
1989-09-18,8.1,,,-0.03,
1989-09-19,8.09,,,-0.05,
1989-09-20,8.15,,,-0.12,
1989-09-21,8.2,,,-0.12,
1989-09-22,8.22,,,-0.12,
1989-09-25,8.32,,,-0.11,
1989-09-26,8.3,,,-0.06,
1989-09-27,8.3,,,-0.09,
1989-09-28,8.3,,,-0.11,
1989-09-29,8.31,,,-0.15,
1989-10-01,,,125.4,,
1989-10-02,8.28,,,-0.2,
1989-10-03,8.23,,,-0.16,
1989-10-04,8.22,,,-0.15,
1989-10-05,8.15,,,-0.16,
1989-10-06,8.03,,,-0.07,
1989-10-09,,,,,
1989-10-10,8.03,,,-0.03,
1989-10-11,8.07,,,-0.01,
1989-10-12,8.04,,,0.03,
1989-10-13,7.87,,,0.18,
1989-10-16,7.98,,,0.13,
1989-10-17,8.0,,,0.17,
1989-10-18,8.01,,,0.18,
1989-10-19,7.96,,,0.09,
1989-10-20,7.98,,,0.06,
1989-10-23,7.92,,,0.04,
1989-10-24,7.87,,,0.09,
1989-10-25,7.86,,,0.1,
1989-10-26,7.88,,,0.1,
1989-10-27,7.94,,,0.07,
1989-10-30,7.92,,,0.07,
1989-10-31,7.92,,,0.07,
1989-11-01,7.91,,125.9,0.04,
1989-11-02,7.87,,,0.06,
1989-11-03,7.96,,,-0.05,
1989-11-06,8.0,,,-0.04,
1989-11-07,7.9,,,0.03,
1989-11-08,7.87,,,0.09,
1989-11-09,7.9,,,0.1,
1989-11-10,7.92,,,0.09,
1989-11-13,7.89,,,0.07,
1989-11-14,7.87,,,0.12,
1989-11-15,7.82,,,0.13,
1989-11-16,7.82,,,0.11,
1989-11-17,7.88,,,0.11,
1989-11-20,7.86,,,0.09,
1989-11-21,7.85,,,0.08,
1989-11-22,7.81,,,0.15,
1989-11-23,,,,,
1989-11-24,7.8,,,0.16,
1989-11-27,7.85,,,0.06,
1989-11-28,7.86,,,0.08,
1989-11-29,7.88,,,0.08,
1989-11-30,7.84,,,0.09,
1989-12-01,7.81,,126.3,0.11,
1989-12-04,7.82,,,0.1,
1989-12-05,7.82,,,0.1,
1989-12-06,7.85,,,0.05,
1989-12-07,7.88,,,0.03,
1989-12-08,7.82,,,0.04,
1989-12-11,7.83,,,0.05,
1989-12-12,7.84,,,0.04,
1989-12-13,7.82,,,0.0,
1989-12-14,7.79,,,0.04,
1989-12-15,7.8,,,0.05,
1989-12-18,7.77,,,0.02,
1989-12-19,7.78,,,0.06,
1989-12-20,7.77,,,0.13,
1989-12-21,7.77,,,0.09,
1989-12-22,7.82,,,0.08,
1989-12-25,,,,,
1989-12-26,7.95,,,0.05,
1989-12-27,7.94,,,0.04,
1989-12-28,7.91,,,0.04,
1989-12-29,7.93,,,0.06,
1990-01-01,,,127.5,,
1990-01-02,7.94,,,0.07,
1990-01-03,7.99,,,0.05,
1990-01-04,7.98,,,0.06,
1990-01-05,7.99,,,0.09,
1990-01-08,8.02,,,0.12,
1990-01-09,8.02,,,0.11,
1990-01-10,8.03,,,0.12,
1990-01-11,8.04,,,0.13,
1990-01-12,8.1,,,0.17,
1990-01-15,,,,,
1990-01-16,8.2,,,0.1,
1990-01-17,8.19,,,0.1,
1990-01-18,8.32,,,0.07,
1990-01-19,8.26,,,0.06,
1990-01-22,8.27,,,0.09,
1990-01-23,8.26,,,0.08,
1990-01-24,8.38,,,0.18,
1990-01-25,8.42,,,0.18,
1990-01-26,8.49,,,0.21,
1990-01-29,8.5,,,0.2,
1990-01-30,8.51,,,0.21,
1990-01-31,8.43,,,0.15,
1990-02-01,8.42,,128.0,0.14,
1990-02-02,8.5,,,0.13,
1990-02-05,8.53,,,0.16,
1990-02-06,8.57,,,0.15,
1990-02-07,8.52,,,0.1,
1990-02-08,8.49,,,0.12,
1990-02-09,8.31,,,0.06,
1990-02-12,8.4,,,0.08,
1990-02-13,8.35,,,0.14,
1990-02-14,8.36,,,0.09,
1990-02-15,8.43,,,0.08,
1990-02-16,8.42,,,0.06,
1990-02-19,,,,,
1990-02-20,8.62,,,0.1,
1990-02-21,8.62,,,0.12,
1990-02-22,8.54,,,0.09,
1990-02-23,8.53,,,0.1,
1990-02-26,8.46,,,0.08,
1990-02-27,8.41,,,0.07,
1990-02-28,8.51,,,0.08,
1990-03-01,8.59,,128.6,0.06,
1990-03-02,8.54,,,0.06,
1990-03-05,8.65,,,0.1,
1990-03-06,8.59,,,0.05,
1990-03-07,8.58,,,0.04,
1990-03-08,8.57,,,-0.02,
1990-03-09,8.65,,,-0.08,
1990-03-12,8.63,,,-0.08,
1990-03-13,8.73,,,-0.04,
1990-03-14,8.65,,,-0.04,
1990-03-15,8.66,,,-0.05,
1990-03-16,8.59,,,-0.05,
1990-03-19,8.59,,,-0.09,
1990-03-20,8.54,,,-0.14,
1990-03-21,8.55,,,-0.14,
1990-03-22,8.53,,,-0.09,
1990-03-23,8.52,,,-0.09,
1990-03-26,8.51,,,-0.1,
1990-03-27,8.52,,,-0.07,
1990-03-28,8.51,,,-0.06,
1990-03-29,8.6,,,-0.02,
1990-03-30,8.65,,,0.01,
1990-04-01,,,128.9,,
1990-04-02,8.65,,,0.03,
1990-04-03,8.63,,,0.02,
1990-04-04,8.55,,,0.01,
1990-04-05,8.57,,,0.03,
1990-04-06,8.56,,,0.04,
1990-04-09,8.59,,,0.05,
1990-04-10,8.6,,,0.06,
1990-04-11,8.63,,,0.07,
1990-04-12,8.64,,,0.07,
1990-04-13,,,,,
1990-04-16,8.68,,,0.07,
1990-04-17,8.77,,,0.07,
1990-04-18,8.86,,,0.07,
1990-04-19,8.87,,,0.06,
1990-04-20,8.95,,,0.13,
1990-04-23,8.98,,,0.11,
1990-04-24,9.0,,,0.08,
1990-04-25,9.01,,,0.06,
1990-04-26,9.07,,,0.04,
1990-04-27,9.06,,,0.08,
1990-04-30,9.04,,,0.08,
1990-05-01,9.08,,129.1,0.06,
1990-05-02,9.09,,,0.04,
1990-05-03,9.04,,,0.06,
1990-05-04,8.84,,,0.14,
1990-05-07,8.87,,,0.13,
1990-05-08,8.84,,,0.16,
1990-05-09,8.88,,,0.13,
1990-05-10,8.82,,,0.13,
1990-05-11,8.64,,,0.09,
1990-05-14,8.61,,,0.1,
1990-05-15,8.65,,,0.11,
1990-05-16,8.68,,,0.14,
1990-05-17,8.69,,,0.13,
1990-05-18,8.75,,,0.12,
1990-05-21,8.74,,,0.13,
1990-05-22,8.65,,,0.11,
1990-05-23,8.61,,,0.1,
1990-05-24,8.63,,,0.13,
1990-05-25,8.69,,,0.16,
1990-05-28,,,,,
1990-05-29,8.66,,,0.14,
1990-05-30,8.62,,,0.14,
1990-05-31,8.6,,,0.1,
1990-06-01,8.44,,129.9,0.11,
1990-06-04,8.44,,,0.13,
1990-06-05,8.47,,,0.13,
1990-06-06,8.46,,,0.12,
1990-06-07,8.46,,,0.12,
1990-06-08,8.46,,,0.13,
1990-06-11,8.48,,,0.12,
1990-06-12,8.48,,,0.12,
1990-06-13,8.4,,,0.13,
1990-06-14,8.38,,,0.14,
1990-06-15,8.46,,,0.13,
1990-06-18,8.5,,,0.11,
1990-06-19,8.51,,,0.1,
1990-06-20,8.55,,,0.12,
1990-06-21,8.52,,,0.11,
1990-06-22,8.51,,,0.11,
1990-06-25,8.58,,,0.13,
1990-06-26,8.56,,,0.15,
1990-06-27,8.52,,,0.15,
1990-06-28,8.47,,,0.16,
1990-06-29,8.43,,,0.19,
1990-07-01,,,130.5,,
1990-07-02,8.43,,,0.18,
1990-07-03,8.4,,,0.2,
1990-07-04,,,,,
1990-07-05,8.42,,,0.2,
1990-07-06,8.51,,,0.19,
1990-07-09,8.57,,,0.18,
1990-07-10,8.57,,,0.17,
1990-07-11,8.57,,,0.17,
1990-07-12,8.5,,,0.3,
1990-07-13,8.45,,,0.32,
1990-07-16,8.44,,,0.29,
1990-07-17,8.44,,,0.31,
1990-07-18,8.5,,,0.37,
1990-07-19,8.51,,,0.38,
1990-07-20,8.48,,,0.4,
1990-07-23,8.48,,,0.43,
1990-07-24,8.53,,,0.41,
1990-07-25,8.49,,,0.41,
1990-07-26,8.49,,,0.41,
1990-07-27,8.42,,,0.42,
1990-07-30,8.34,,,0.41,
1990-07-31,8.36,,,0.45,
1990-08-01,8.29,,131.6,0.44,
1990-08-02,8.41,,,0.51,
1990-08-03,8.43,,,0.64,
1990-08-06,8.71,,,0.81,
1990-08-07,8.78,,,0.74,
1990-08-08,8.77,,,0.75,
1990-08-09,8.66,,,0.67,
1990-08-10,8.68,,,0.73,
1990-08-13,8.71,,,0.77,
1990-08-14,8.66,,,0.72,
1990-08-15,8.64,,,0.7,
1990-08-16,8.76,,,0.67,
1990-08-17,8.8,,,0.69,
1990-08-20,8.81,,,0.68,
1990-08-21,8.84,,,0.65,
1990-08-22,8.91,,,0.65,
1990-08-23,9.0,,,0.74,
1990-08-24,9.05,,,0.73,
1990-08-27,8.9,,,0.69,
1990-08-28,8.94,,,0.71,
1990-08-29,8.84,,,0.68,
1990-08-30,8.86,,,0.74,
1990-08-31,8.86,,,0.79,
1990-09-01,,,132.5,,
1990-09-03,,,,,
1990-09-04,8.9,,,0.81,
1990-09-05,8.86,,,0.82,
1990-09-06,8.84,,,0.78,
1990-09-07,8.81,,,0.77,
1990-09-10,8.85,,,0.76,
1990-09-11,8.83,,,0.73,
1990-09-12,8.82,,,0.77,
1990-09-13,8.82,,,0.81,
1990-09-14,8.87,,,0.84,
1990-09-17,8.9,,,0.85,
1990-09-18,8.9,,,0.87,
1990-09-19,8.88,,,0.8,
1990-09-20,8.91,,,0.81,
1990-09-21,8.99,,,0.87,
1990-09-24,9.04,,,0.83,
1990-09-25,9.02,,,0.84,
1990-09-26,9.0,,,0.84,
1990-09-27,8.91,,,0.86,
1990-09-28,8.82,,,0.8,
1990-10-01,8.71,,133.4,0.77,
1990-10-02,8.69,,,0.77,
1990-10-03,8.71,,,0.83,
1990-10-04,8.67,,,0.8,
1990-10-05,8.65,,,0.84,
1990-10-08,,,,,
1990-10-09,8.83,,,0.89,
1990-10-10,8.89,,,0.9,
1990-10-11,8.92,,,0.93,
1990-10-12,8.84,,,0.9,
1990-10-15,8.8,,,0.88,
1990-10-16,8.79,,,0.87,
1990-10-17,8.76,,,0.84,
1990-10-18,8.71,,,0.8,
1990-10-19,8.62,,,0.77,
1990-10-22,8.63,,,0.78,
1990-10-23,8.65,,,0.81,
1990-10-24,8.66,,,0.82,
1990-10-25,8.62,,,0.82,
1990-10-26,8.63,,,0.83,
1990-10-29,8.7,,,0.88,
1990-10-30,8.7,,,0.91,
1990-10-31,8.65,,,0.88,
1990-11-01,8.57,,133.7,0.89,
1990-11-02,8.57,,,0.89,
1990-11-05,8.5,,,0.87,
1990-11-06,8.52,,,0.87,
1990-11-07,8.57,,,0.9,
1990-11-08,8.58,,,0.91,
1990-11-09,8.49,,,0.88,
1990-11-12,,,,,
1990-11-13,8.37,,,0.77,
1990-11-14,8.36,,,0.78,
1990-11-15,8.37,,,0.77,
1990-11-16,8.3,,,0.72,
1990-11-19,8.35,,,0.73,
1990-11-20,8.31,,,0.69,
1990-11-21,8.27,,,0.74,
1990-11-22,,,,,
1990-11-23,8.28,,,0.75,
1990-11-26,8.27,,,0.72,
1990-11-27,8.28,,,0.78,
1990-11-28,8.3,,,0.74,
1990-11-29,8.32,,,0.74,
1990-11-30,8.26,,,0.73,
1990-12-01,,,134.2,,
1990-12-03,8.22,,,0.71,
1990-12-04,8.2,,,0.74,
1990-12-05,8.16,,,0.7,
1990-12-06,8.18,,,0.7,
1990-12-07,8.03,,,0.7,
1990-12-10,7.98,,,0.7,
1990-12-11,7.94,,,0.68,
1990-12-12,7.91,,,0.69,
1990-12-13,7.98,,,0.67,
1990-12-14,8.05,,,0.7,
1990-12-17,8.02,,,0.71,
1990-12-18,7.99,,,0.71,
1990-12-19,8.0,,,0.79,
1990-12-20,8.05,,,0.8,
1990-12-21,8.11,,,0.81,
1990-12-24,8.2,,,0.85,
1990-12-25,,,,,
1990-12-26,8.15,,,0.88,
1990-12-27,8.11,,,0.86,
1990-12-28,8.14,,,0.89,
1990-12-31,8.08,,,0.93,
1991-01-01,,,134.7,,
1991-01-02,7.97,,,0.89,
1991-01-03,7.93,,,0.85,
1991-01-04,8.02,,,0.85,
1991-01-07,8.13,,,0.93,
1991-01-08,8.16,,,1.01,
1991-01-09,8.25,,,1.15,
1991-01-10,8.16,,,1.02,
1991-01-11,8.2,,,1.06,
1991-01-14,8.23,,,1.05,
1991-01-15,8.22,,,1.06,
1991-01-16,8.24,,,1.03,
1991-01-17,8.05,,,0.86,
1991-01-18,8.03,,,0.89,
1991-01-21,,,,,
1991-01-22,8.07,,,0.94,
1991-01-23,8.04,,,0.96,
1991-01-24,8.0,,,0.96,
1991-01-25,8.06,,,0.96,
1991-01-28,8.06,,,0.94,
1991-01-29,8.03,,,0.95,
1991-01-30,8.05,,,0.98,
1991-01-31,8.03,,,0.98,
1991-02-01,7.91,,134.8,1.08,
1991-02-04,7.88,,,1.06,
1991-02-05,7.85,,,1.05,
1991-02-06,7.79,,,0.97,
1991-02-07,7.82,,,1.02,
1991-02-08,7.77,,,0.97,
1991-02-11,7.78,,,1.0,
1991-02-12,7.78,,,1.0,
1991-02-13,7.78,,,1.0,
1991-02-14,7.8,,,1.03,
1991-02-15,7.78,,,0.96,
1991-02-18,,,,,
1991-02-19,7.8,,,0.93,
1991-02-20,7.84,,,0.97,
1991-02-21,7.88,,,0.98,
1991-02-22,7.91,,,0.93,
1991-02-25,7.91,,,0.92,
1991-02-26,7.96,,,0.96,
1991-02-27,7.98,,,0.96,
1991-02-28,8.02,,,0.98,
1991-03-01,8.12,,134.8,0.94,
1991-03-04,8.12,,,0.96,
1991-03-05,8.08,,,0.95,
1991-03-06,8.11,,,0.96,
1991-03-07,8.07,,,0.95,
1991-03-08,8.13,,,1.05,
1991-03-11,8.06,,,1.01,
1991-03-12,8.09,,,1.02,
1991-03-13,8.02,,,1.02,
1991-03-14,8.02,,,1.07,
1991-03-15,8.1,,,1.09,
1991-03-18,8.15,,,1.06,
1991-03-19,8.25,,,1.03,
1991-03-20,8.2,,,1.0,
1991-03-21,8.16,,,1.03,
1991-03-22,8.13,,,1.0,
1991-03-25,8.13,,,0.99,
1991-03-26,8.13,,,0.97,
1991-03-27,8.08,,,1.01,
1991-03-28,8.05,,,1.03,
1991-03-29,,,,,
1991-04-01,8.07,,135.1,1.06,
1991-04-02,8.03,,,1.06,
1991-04-03,8.05,,,1.06,
1991-04-04,8.0,,,1.06,
1991-04-05,7.99,,,1.07,
1991-04-08,7.98,,,1.07,
1991-04-09,8.03,,,1.09,
1991-04-10,8.1,,,1.08,
1991-04-11,8.09,,,1.14,
1991-04-12,7.98,,,1.1,
1991-04-15,7.95,,,1.05,
1991-04-16,7.97,,,1.05,
1991-04-17,7.95,,,1.05,
1991-04-18,8.02,,,1.03,
1991-04-19,8.1,,,1.07,
1991-04-22,8.15,,,1.08,
1991-04-23,8.12,,,1.07,
1991-04-24,8.06,,,1.11,
1991-04-25,8.07,,,1.14,
1991-04-26,8.06,,,1.17,
1991-04-29,8.07,,,1.17,
1991-04-30,8.02,,,1.22,
1991-05-01,8.01,,135.6,1.21,
1991-05-02,7.97,,,1.21,
1991-05-03,8.04,,,1.24,
1991-05-06,8.05,,,1.23,
1991-05-07,8.06,,,1.24,
1991-05-08,8.04,,,1.2,
1991-05-09,8.02,,,1.18,
1991-05-10,8.12,,,1.25,
1991-05-13,8.07,,,1.23,
1991-05-14,8.14,,,1.28,
1991-05-15,8.13,,,1.29,
1991-05-16,8.12,,,1.28,
1991-05-17,8.08,,,1.22,
1991-05-20,8.1,,,1.24,
1991-05-21,8.06,,,1.22,
1991-05-22,8.06,,,1.29,
1991-05-23,8.1,,,1.36,
1991-05-24,8.1,,,1.41,
1991-05-27,,,,,
1991-05-28,8.07,,,1.41,
1991-05-29,8.07,,,1.46,
1991-05-30,8.02,,,1.42,
1991-05-31,8.06,,,1.38,
1991-06-01,,,136.0,,
1991-06-03,8.14,,,1.35,
1991-06-04,8.14,,,1.35,
1991-06-05,8.19,,,1.36,
1991-06-06,8.23,,,1.37,
1991-06-07,8.29,,,1.31,
1991-06-10,8.29,,,1.28,
1991-06-11,8.29,,,1.3,
1991-06-12,8.36,,,1.28,
1991-06-13,8.34,,,1.26,
1991-06-14,8.29,,,1.27,
1991-06-17,8.3,,,1.28,
1991-06-18,8.32,,,1.32,
1991-06-19,8.33,,,1.38,
1991-06-20,8.3,,,1.43,
1991-06-21,8.32,,,1.38,
1991-06-24,8.33,,,1.37,
1991-06-25,8.33,,,1.29,
1991-06-26,8.33,,,1.32,
1991-06-27,8.32,,,1.32,
1991-06-28,8.24,,,1.34,
1991-07-01,8.26,,136.2,1.29,
1991-07-02,8.27,,,1.27,
1991-07-03,8.26,,,1.29,
1991-07-04,,,,,
1991-07-05,8.34,,,1.3,
1991-07-08,8.34,,,1.34,
1991-07-09,8.36,,,1.36,
1991-07-10,8.35,,,1.38,
1991-07-11,8.3,,,1.38,
1991-07-12,8.26,,,1.38,
1991-07-15,8.26,,,1.38,
1991-07-16,8.27,,,1.37,
1991-07-17,8.3,,,1.36,
1991-07-18,8.31,,,1.4,
1991-07-19,8.28,,,1.39,
1991-07-22,8.28,,,1.37,
1991-07-23,8.31,,,1.37,
1991-07-24,8.24,,,1.36,
1991-07-25,8.2,,,1.33,
1991-07-26,8.2,,,1.35,
1991-07-29,8.2,,,1.38,
1991-07-30,8.21,,,1.37,
1991-07-31,8.2,,,1.39,
1991-08-01,8.2,,136.6,1.36,
1991-08-02,8.06,,,1.37,
1991-08-05,8.04,,,1.35,
1991-08-06,7.97,,,1.4,
1991-08-07,7.93,,,1.39,
1991-08-08,7.98,,,1.46,
1991-08-09,7.98,,,1.49,
1991-08-12,7.95,,,1.46,
1991-08-13,7.91,,,1.43,
1991-08-14,7.82,,,1.45,
1991-08-15,7.84,,,1.51,
1991-08-16,7.84,,,1.53,
1991-08-19,7.83,,,1.59,
1991-08-20,7.81,,,1.64,
1991-08-21,7.8,,,1.53,
1991-08-22,7.78,,,1.51,
1991-08-23,7.88,,,1.42,
1991-08-26,7.91,,,1.43,
1991-08-27,7.89,,,1.48,
1991-08-28,7.82,,,1.52,
1991-08-29,7.74,,,1.49,
1991-08-30,7.82,,,1.46,
1991-09-01,,,137.0,,
1991-09-02,,,,,
1991-09-03,7.81,,,1.48,
1991-09-04,7.81,,,1.5,
1991-09-05,7.83,,,1.52,
1991-09-06,7.76,,,1.5,
1991-09-09,7.73,,,1.5,
1991-09-10,7.73,,,1.52,
1991-09-11,7.74,,,1.51,
1991-09-12,7.67,,,1.47,
1991-09-13,7.66,,,1.48,
1991-09-16,7.63,,,1.46,
1991-09-17,7.62,,,1.44,
1991-09-18,7.62,,,1.44,
1991-09-19,7.61,,,1.41,
1991-09-20,7.57,,,1.39,
1991-09-23,7.55,,,1.38,
1991-09-24,7.56,,,1.45,
1991-09-25,7.58,,,1.46,
1991-09-26,7.56,,,1.51,
1991-09-27,7.49,,,1.47,
1991-09-30,7.47,,,1.48,
1991-10-01,7.45,,137.2,1.46,
1991-10-02,7.47,,,1.48,
1991-10-03,7.47,,,1.49,
1991-10-04,7.39,,,1.48,
1991-10-07,7.4,,,1.47,
1991-10-08,7.43,,,1.54,
1991-10-09,7.51,,,1.58,
1991-10-10,7.58,,,1.6,
1991-10-11,7.49,,,1.58,
1991-10-14,,,,,
1991-10-15,7.46,,,1.61,
1991-10-16,7.45,,,1.59,
1991-10-17,7.55,,,1.62,
1991-10-18,7.53,,,1.58,
1991-10-21,7.62,,,1.63,
1991-10-22,7.67,,,1.65,
1991-10-23,7.69,,,1.68,
1991-10-24,7.65,,,1.72,
1991-10-25,7.68,,,1.75,
1991-10-28,7.65,,,1.77,
1991-10-29,7.51,,,1.73,
1991-10-30,7.48,,,1.75,
1991-10-31,7.47,,,1.77,
1991-11-01,7.48,,137.8,1.83,
1991-11-04,7.5,,,1.87,
1991-11-05,7.56,,,1.86,
1991-11-06,7.51,,,1.88,
1991-11-07,7.43,,,1.81,
1991-11-08,7.41,,,1.78,
1991-11-11,,,,,
1991-11-12,7.37,,,1.72,
1991-11-13,7.41,,,1.76,
1991-11-14,7.35,,,1.75,
1991-11-15,7.33,,,1.79,
1991-11-18,7.33,,,1.78,
1991-11-19,7.37,,,1.87,
1991-11-20,7.38,,,1.86,
1991-11-21,7.39,,,1.89,
1991-11-22,7.44,,,1.95,
1991-11-25,7.45,,,1.95,
1991-11-26,7.42,,,1.97,
1991-11-27,7.42,,,1.99,
1991-11-28,,,,,
1991-11-29,7.38,,,2.0,
1991-12-01,,,138.2,,
1991-12-02,7.32,,,1.99,
1991-12-03,7.28,,,1.99,
1991-12-04,7.17,,,1.95,
1991-12-05,7.21,,,1.99,
1991-12-06,7.26,,,2.07,
1991-12-09,7.22,,,2.13,
1991-12-10,7.21,,,2.14,
1991-12-11,7.22,,,2.18,
1991-12-12,7.19,,,2.13,
1991-12-13,7.22,,,2.13,
1991-12-16,7.21,,,2.15,
1991-12-17,7.18,,,2.16,
1991-12-18,7.19,,,2.08,
1991-12-19,7.11,,,2.06,
1991-12-20,6.97,,,2.17,
1991-12-23,6.88,,,2.09,
1991-12-24,6.88,,,2.04,
1991-12-25,,,,,
1991-12-26,6.85,,,2.0,
1991-12-27,6.82,,,1.97,
1991-12-30,6.76,,,1.96,
1991-12-31,6.71,,,1.94,
1992-01-01,,,138.3,,
1992-01-02,6.78,,,2.01,
1992-01-03,6.85,,,2.05,
1992-01-06,6.82,,,2.06,
1992-01-07,6.76,,,2.09,
1992-01-08,6.77,,,2.11,
1992-01-09,6.79,,,2.02,
1992-01-10,6.85,,,2.0,
1992-01-13,6.92,,,1.99,
1992-01-14,7.03,,,2.03,
1992-01-15,7.05,,,1.98,
1992-01-16,7.13,,,2.06,
1992-01-17,7.09,,,2.07,
1992-01-20,,,,,
1992-01-21,7.03,,,2.06,
1992-01-22,7.09,,,2.14,
1992-01-23,7.2,,,2.18,
1992-01-24,7.25,,,2.12,
1992-01-27,7.24,,,2.09,
1992-01-28,7.16,,,2.06,
1992-01-29,7.25,,,2.1,
1992-01-30,7.31,,,2.14,
1992-01-31,7.31,,,2.2,
1992-02-01,,,138.6,,
1992-02-03,7.36,,,2.21,
1992-02-04,7.29,,,2.17,
1992-02-05,7.21,,,2.14,
1992-02-06,7.2,,,2.15,
1992-02-07,7.2,,,2.23,
1992-02-10,7.21,,,2.27,
1992-02-11,7.23,,,2.22,
1992-02-12,7.3,,,2.22,
1992-02-13,7.4,,,2.18,
1992-02-14,7.41,,,2.14,
1992-02-17,,,,,
1992-02-18,7.47,,,2.23,
1992-02-19,7.42,,,2.14,
1992-02-20,7.41,,,2.11,
1992-02-21,7.45,,,1.99,
1992-02-24,7.47,,,2.01,
1992-02-25,7.44,,,2.01,
1992-02-26,7.33,,,1.96,
1992-02-27,7.35,,,2.01,
1992-02-28,7.27,,,2.0,
1992-03-01,,,139.1,,
1992-03-02,7.38,,,1.93,
1992-03-03,7.43,,,1.95,
1992-03-04,7.43,,,1.93,
1992-03-05,7.51,,,1.89,
1992-03-06,7.48,,,1.88,
1992-03-09,7.42,,,1.88,
1992-03-10,7.43,,,1.87,
1992-03-11,7.51,,,1.93,
1992-03-12,7.62,,,1.88,
1992-03-13,7.71,,,1.85,
1992-03-16,7.69,,,1.82,
1992-03-17,7.62,,,1.79,
1992-03-18,7.62,,,1.78,
1992-03-19,7.57,,,1.78,
1992-03-20,7.64,,,1.78,
1992-03-23,7.62,,,1.75,
1992-03-24,7.53,,,1.75,
1992-03-25,7.53,,,1.81,
1992-03-26,7.57,,,1.88,
1992-03-27,7.54,,,1.86,
1992-03-30,7.54,,,1.93,
1992-03-31,7.54,,,1.94,
1992-04-01,7.46,,139.4,1.93,
1992-04-02,7.47,,,1.92,
1992-04-03,7.42,,,2.05,
1992-04-06,7.41,,,2.05,
1992-04-07,7.41,,,2.07,
1992-04-08,7.44,,,2.11,
1992-04-09,7.35,,,2.26,
1992-04-10,7.37,,,2.21,
1992-04-13,7.33,,,2.22,
1992-04-14,7.35,,,2.2,
1992-04-15,7.37,,,2.15,
1992-04-16,7.45,,,2.11,
1992-04-17,,,,,
1992-04-20,7.59,,,2.14,
1992-04-21,7.58,,,2.17,
1992-04-22,7.57,,,2.16,
1992-04-23,7.59,,,2.18,
1992-04-24,7.55,,,2.22,
1992-04-27,7.6,,,2.18,
1992-04-28,7.57,,,2.17,
1992-04-29,7.6,,,2.21,
1992-04-30,7.61,,,2.15,
1992-05-01,7.56,,139.7,2.23,
1992-05-04,7.58,,,2.26,
1992-05-05,7.56,,,2.26,
1992-05-06,7.46,,,2.21,
1992-05-07,7.49,,,2.15,
1992-05-08,7.41,,,2.12,
1992-05-11,7.4,,,2.16,
1992-05-12,7.36,,,2.17,
1992-05-13,7.34,,,2.2,
1992-05-14,7.34,,,2.21,
1992-05-15,7.28,,,2.17,
1992-05-18,7.28,,,2.16,
1992-05-19,7.2,,,2.2,
1992-05-20,7.25,,,2.12,
1992-05-21,7.39,,,2.05,
1992-05-22,7.35,,,2.11,
1992-05-25,,,,,
1992-05-26,7.46,,,2.11,
1992-05-27,7.44,,,2.16,
1992-05-28,7.36,,,2.14,
1992-05-29,7.33,,,2.14,
1992-06-01,7.39,,140.1,2.1,
1992-06-02,7.35,,,2.12,
1992-06-03,7.34,,,2.14,
1992-06-04,7.34,,,2.12,
1992-06-05,7.31,,,2.18,
1992-06-08,7.31,,,2.2,
1992-06-09,7.33,,,2.22,
1992-06-10,7.35,,,2.22,
1992-06-11,7.33,,,2.24,
1992-06-12,7.29,,,2.23,
1992-06-15,7.28,,,2.23,
1992-06-16,7.24,,,2.22,
1992-06-17,7.23,,,2.23,
1992-06-18,7.19,,,2.25,
1992-06-19,7.24,,,2.24,
1992-06-22,7.24,,,2.25,
1992-06-23,7.25,,,2.15,
1992-06-24,7.2,,,2.24,
1992-06-25,7.14,,,2.25,
1992-06-26,7.15,,,2.27,
1992-06-29,7.12,,,2.29,
1992-06-30,7.14,,,2.31,
1992-07-01,7.1,,140.5,2.28,
1992-07-02,6.93,,,2.38,
1992-07-03,,,,,
1992-07-06,6.9,,,2.44,
1992-07-07,6.87,,,2.47,
1992-07-08,6.91,,,2.51,
1992-07-09,6.91,,,2.51,
1992-07-10,6.93,,,2.55,
1992-07-13,6.97,,,2.57,
1992-07-14,6.97,,,2.65,
1992-07-15,6.9,,,2.65,
1992-07-16,6.87,,,2.62,
1992-07-17,6.9,,,2.63,
1992-07-20,6.9,,,2.6,
1992-07-21,6.89,,,2.55,
1992-07-22,6.85,,,2.56,
1992-07-23,6.72,,,2.52,
1992-07-24,6.73,,,2.48,
1992-07-27,6.69,,,2.42,
1992-07-28,6.63,,,2.36,
1992-07-29,6.6,,,2.35,
1992-07-30,6.69,,,2.36,
1992-07-31,6.72,,,2.3,
1992-08-01,,,140.8,,
1992-08-03,6.72,,,2.32,
1992-08-04,6.66,,,2.35,
1992-08-05,6.64,,,2.35,
1992-08-06,6.65,,,2.36,
1992-08-07,6.57,,,2.39,
1992-08-10,6.52,,,2.4,
1992-08-11,6.5,,,2.35,
1992-08-12,6.48,,,2.29,
1992-08-13,6.55,,,2.36,
1992-08-14,6.53,,,2.39,
1992-08-17,6.56,,,2.43,
1992-08-18,6.48,,,2.44,
1992-08-19,6.47,,,2.41,
1992-08-20,6.46,,,2.42,
1992-08-21,6.53,,,2.4,
1992-08-24,6.68,,,2.41,
1992-08-25,6.73,,,2.41,
1992-08-26,6.68,,,2.42,
1992-08-27,6.64,,,2.41,
1992-08-28,6.63,,,2.47,
1992-08-31,6.62,,,2.47,
1992-09-01,6.56,,141.1,2.44,
1992-09-02,6.54,,,2.44,
1992-09-03,6.54,,,2.45,
1992-09-04,6.4,,,2.51,
1992-09-07,,,,,
1992-09-08,6.29,,,2.46,
1992-09-09,6.31,,,2.46,
1992-09-10,6.31,,,2.48,
1992-09-11,6.37,,,2.5,
1992-09-14,6.32,,,2.52,
1992-09-15,6.4,,,2.51,
1992-09-16,6.41,,,2.54,
1992-09-17,6.4,,,2.54,
1992-09-18,6.41,,,2.55,
1992-09-21,6.42,,,2.51,
1992-09-22,6.5,,,2.52,
1992-09-23,6.54,,,2.57,
1992-09-24,6.48,,,2.57,
1992-09-25,6.41,,,2.63,
1992-09-28,6.37,,,2.6,
1992-09-29,6.37,,,2.57,
1992-09-30,6.37,,,2.57,
1992-10-01,6.23,,141.7,2.56,
1992-10-02,6.26,,,2.55,
1992-10-05,6.24,,,2.56,
1992-10-06,6.3,,,2.56,
1992-10-07,6.46,,,2.58,
1992-10-08,6.41,,,2.58,
1992-10-09,6.52,,,2.52,
1992-10-12,,,,,
1992-10-13,6.51,,,2.52,
1992-10-14,6.51,,,2.49,
1992-10-15,6.53,,,2.51,
1992-10-16,6.6,,,2.56,
1992-10-19,6.69,,,2.54,
1992-10-20,6.86,,,2.52,
1992-10-21,6.8,,,2.51,
1992-10-22,6.74,,,2.5,
1992-10-23,6.83,,,2.46,
1992-10-26,6.83,,,2.44,
1992-10-27,6.78,,,2.46,
1992-10-28,6.76,,,2.43,
1992-10-29,6.71,,,2.38,
1992-10-30,6.8,,,2.4,
1992-11-01,,,142.1,,
1992-11-02,6.88,,,2.41,
1992-11-03,6.87,,,2.43,
1992-11-04,6.89,,,2.45,
1992-11-05,6.87,,,2.48,
1992-11-06,6.97,,,2.49,
1992-11-09,7.0,,,2.43,
1992-11-10,6.91,,,2.41,
1992-11-11,,,,,
1992-11-12,6.79,,,2.35,
1992-11-13,6.82,,,2.28,
1992-11-16,6.9,,,2.22,
1992-11-17,6.86,,,2.19,
1992-11-18,6.78,,,2.2,
1992-11-19,6.81,,,2.22,
1992-11-20,6.84,,,2.18,
1992-11-23,6.86,,,2.17,
1992-11-24,6.82,,,2.21,
1992-11-25,6.84,,,2.14,
1992-11-26,,,,,
1992-11-27,6.93,,,2.16,
1992-11-30,6.95,,,2.16,
1992-12-01,6.94,,142.3,2.13,
1992-12-02,6.93,,,2.12,
1992-12-03,6.91,,,2.13,
1992-12-04,6.84,,,2.14,
1992-12-07,6.78,,,2.16,
1992-12-08,6.73,,,2.14,
1992-12-09,6.76,,,2.15,
1992-12-10,6.77,,,2.1,
1992-12-11,6.8,,,2.02,
1992-12-14,6.83,,,2.03,
1992-12-15,6.83,,,2.06,
1992-12-16,6.77,,,2.1,
1992-12-17,6.77,,,2.08,
1992-12-18,6.76,,,2.1,
1992-12-21,6.71,,,2.07,
1992-12-22,6.65,,,2.01,
1992-12-23,6.68,,,2.05,
1992-12-24,6.69,,,2.09,
1992-12-25,,,,,
1992-12-28,6.72,,,2.08,
1992-12-29,6.69,,,2.08,
1992-12-30,6.68,,,2.14,
1992-12-31,6.7,,,2.14,
1993-01-01,,,142.8,,
1993-01-04,6.6,,,2.12,
1993-01-05,6.61,,,2.13,
1993-01-06,6.63,,,2.11,
1993-01-07,6.76,,,2.12,
1993-01-08,6.75,,,2.25,
1993-01-11,6.71,,,2.23,
1993-01-12,6.72,,,2.24,
1993-01-13,6.71,,,2.25,
1993-01-14,6.65,,,2.25,
1993-01-15,6.6,,,2.29,
1993-01-18,,,,,
1993-01-19,6.59,,,2.2,
1993-01-20,6.61,,,2.2,
1993-01-21,6.6,,,2.24,
1993-01-22,6.57,,,2.27,
1993-01-25,6.48,,,2.22,
1993-01-26,6.5,,,2.2,
1993-01-27,6.48,,,2.24,
1993-01-28,6.44,,,2.24,
1993-01-29,6.39,,,2.19,
1993-02-01,6.38,,143.1,2.19,
1993-02-02,6.46,,,2.21,
1993-02-03,6.45,,,2.18,
1993-02-04,6.39,,,2.2,
1993-02-05,6.32,,,2.25,
1993-02-08,6.37,,,2.21,
1993-02-09,6.41,,,2.21,
1993-02-10,6.4,,,2.13,
1993-02-11,6.37,,,2.17,
1993-02-12,6.35,,,2.15,
1993-02-15,,,,,
1993-02-16,6.34,,,2.2,
1993-02-17,6.28,,,2.22,
1993-02-18,6.17,,,2.22,
1993-02-19,6.15,,,2.16,
1993-02-22,6.09,,,2.1,
1993-02-23,5.92,,,2.02,
1993-02-24,6.01,,,2.04,
1993-02-25,6.03,,,2.08,
1993-02-26,6.03,,,2.11,
1993-03-01,5.94,,143.3,2.06,
1993-03-02,5.95,,,2.07,
1993-03-03,5.88,,,2.07,
1993-03-04,5.83,,,2.08,
1993-03-05,5.9,,,1.99,
1993-03-08,5.85,,,1.88,
1993-03-09,5.91,,,1.89,
1993-03-10,5.97,,,1.92,
1993-03-11,5.96,,,1.95,
1993-03-12,6.11,,,2.0,
1993-03-15,6.17,,,2.07,
1993-03-16,6.06,,,2.04,
1993-03-17,6.02,,,2.04,
1993-03-18,5.93,,,2.02,
1993-03-19,5.95,,,2.0,
1993-03-22,5.96,,,2.04,
1993-03-23,5.91,,,2.03,
1993-03-24,5.95,,,2.02,
1993-03-25,5.98,,,2.06,
1993-03-26,6.09,,,2.07,
1993-03-29,6.06,,,2.11,
1993-03-30,6.02,,,2.11,
1993-03-31,6.03,,,2.07,
1993-04-01,6.06,,143.8,2.12,
1993-04-02,6.16,,,2.17,
1993-04-05,6.13,,,2.17,
1993-04-06,6.08,,,2.15,
1993-04-07,6.07,,,2.14,
1993-04-08,5.97,,,2.12,
1993-04-09,,,,,
1993-04-12,5.92,,,2.1,
1993-04-13,5.93,,,2.11,
1993-04-14,5.9,,,2.12,
1993-04-15,5.88,,,2.09,
1993-04-16,5.89,,,2.09,
1993-04-19,5.87,,,2.09,
1993-04-20,5.87,,,2.09,
1993-04-21,5.86,,,2.09,
1993-04-22,5.85,,,2.1,
1993-04-23,5.89,,,2.14,
1993-04-26,5.94,,,2.15,
1993-04-27,6.02,,,2.14,
1993-04-28,6.03,,,2.17,
1993-04-29,5.99,,,2.2,
1993-04-30,6.05,,,2.22,
1993-05-01,,,144.2,,
1993-05-03,5.96,,,2.21,
1993-05-04,5.92,,,2.17,
1993-05-05,5.93,,,2.13,
1993-05-06,5.89,,,2.09,
1993-05-07,5.92,,,2.13,
1993-05-10,5.89,,,2.1,
1993-05-11,5.89,,,2.1,
1993-05-12,5.96,,,2.14,
1993-05-13,6.02,,,2.11,
1993-05-14,6.03,,,2.06,
1993-05-17,6.07,,,2.02,
1993-05-18,6.15,,,2.07,
1993-05-19,6.11,,,2.08,
1993-05-20,6.09,,,2.06,
1993-05-21,6.16,,,2.02,
1993-05-24,6.16,,,1.97,
1993-05-25,6.17,,,1.98,
1993-05-26,6.12,,,1.92,
1993-05-27,6.11,,,1.89,
1993-05-28,6.16,,,1.92,
1993-05-31,,,,,
1993-06-01,6.07,,144.3,1.91,
1993-06-02,6.06,,,1.88,
1993-06-03,6.02,,,1.88,
1993-06-04,6.11,,,1.8,
1993-06-07,6.08,,,1.78,
1993-06-08,6.09,,,1.76,
1993-06-09,6.07,,,1.78,
1993-06-10,6.07,,,1.78,
1993-06-11,5.97,,,1.82,
1993-06-14,5.97,,,1.84,
1993-06-15,5.96,,,1.85,
1993-06-16,5.96,,,1.87,
1993-06-17,5.93,,,1.85,
1993-06-18,5.97,,,1.81,
1993-06-21,5.92,,,1.76,
1993-06-22,5.91,,,1.76,
1993-06-23,5.91,,,1.71,
1993-06-24,5.88,,,1.73,
1993-06-25,5.84,,,1.74,
1993-06-28,5.8,,,1.74,
1993-06-29,5.79,,,1.76,
1993-06-30,5.8,,,1.77,
1993-07-01,5.8,,144.5,1.81,
1993-07-02,5.76,,,1.83,
1993-07-05,,,,,
1993-07-06,5.8,,,1.8,
1993-07-07,5.8,,,1.8,
1993-07-08,5.78,,,1.78,
1993-07-09,5.76,,,1.78,
1993-07-12,5.75,,,1.76,
1993-07-13,5.78,,,1.74,
1993-07-14,5.72,,,1.75,
1993-07-15,5.72,,,1.73,
1993-07-16,5.71,,,1.72,
1993-07-19,5.71,,,1.72,
1993-07-20,5.75,,,1.66,
1993-07-21,5.83,,,1.68,
1993-07-22,5.9,,,1.68,
1993-07-23,5.95,,,1.7,
1993-07-26,5.93,,,1.71,
1993-07-27,5.92,,,1.67,
1993-07-28,5.9,,,1.69,
1993-07-29,5.81,,,1.69,
1993-07-30,5.83,,,1.7,
1993-08-01,,,144.8,,
1993-08-02,5.85,,,1.66,
1993-08-03,5.83,,,1.66,
1993-08-04,5.87,,,1.71,
1993-08-05,5.86,,,1.74,
1993-08-06,5.86,,,1.77,
1993-08-09,5.82,,,1.76,
1993-08-10,5.82,,,1.72,
1993-08-11,5.75,,,1.65,
1993-08-12,5.77,,,1.71,
1993-08-13,5.72,,,1.72,
1993-08-16,5.68,,,1.7,
1993-08-17,5.7,,,1.68,
1993-08-18,5.69,,,1.71,
1993-08-19,5.64,,,1.71,
1993-08-20,5.61,,,1.68,
1993-08-23,5.6,,,1.63,
1993-08-24,5.54,,,1.65,
1993-08-25,5.51,,,1.66,
1993-08-26,5.42,,,1.6,
1993-08-27,5.48,,,1.61,
1993-08-30,5.44,,,1.58,
1993-08-31,5.45,,,1.57,
1993-09-01,5.46,,145.0,1.58,
1993-09-02,5.41,,,1.58,
1993-09-03,5.31,,,1.6,
1993-09-06,,,,,
1993-09-07,5.23,,,1.53,
1993-09-08,5.23,,,1.45,
1993-09-09,5.35,,,1.47,
1993-09-10,5.29,,,1.49,
1993-09-13,5.26,,,1.44,
1993-09-14,5.37,,,1.46,
1993-09-15,5.39,,,1.5,
1993-09-16,5.37,,,1.49,
1993-09-17,5.38,,,1.49,
1993-09-20,5.42,,,1.5,
1993-09-21,5.47,,,1.57,
1993-09-22,5.45,,,1.55,
1993-09-23,5.42,,,1.55,
1993-09-24,5.42,,,1.52,
1993-09-27,5.3,,,1.49,
1993-09-28,5.28,,,1.49,
1993-09-29,5.35,,,1.51,
1993-09-30,5.4,,,1.51,
1993-10-01,5.34,,145.6,1.5,
1993-10-04,5.34,,,1.49,
1993-10-05,5.35,,,1.49,
1993-10-06,5.35,,,1.5,
1993-10-07,5.33,,,1.5,
1993-10-08,5.26,,,1.48,
1993-10-11,,,,,
1993-10-12,5.27,,,1.45,
1993-10-13,5.27,,,1.43,
1993-10-14,5.23,,,1.41,
1993-10-15,5.19,,,1.38,
1993-10-18,5.27,,,1.43,
1993-10-19,5.27,,,1.41,
1993-10-20,5.26,,,1.4,
1993-10-21,5.35,,,1.46,
1993-10-22,5.42,,,1.51,
1993-10-25,5.47,,,1.52,
1993-10-26,5.43,,,1.5,
1993-10-27,5.44,,,1.45,
1993-10-28,5.41,,,1.44,
1993-10-29,5.43,,,1.44,
1993-11-01,5.56,,146.0,1.45,
1993-11-02,5.63,,,1.47,
1993-11-03,5.67,,,1.54,
1993-11-04,5.67,,,1.54,
1993-11-05,5.75,,,1.55,
1993-11-08,5.7,,,1.57,
1993-11-09,5.64,,,1.52,
1993-11-10,5.72,,,1.55,
1993-11-11,,,,,
1993-11-12,5.66,,,1.55,
1993-11-15,5.69,,,1.58,
1993-11-16,5.66,,,1.56,
1993-11-17,5.65,,,1.56,
1993-11-18,5.72,,,1.57,
1993-11-19,5.84,,,1.62,
1993-11-22,5.89,,,1.63,
1993-11-23,5.82,,,1.63,
1993-11-24,5.84,,,1.66,
1993-11-25,,,,,
1993-11-26,5.78,,,1.62,
1993-11-29,5.76,,,1.59,
1993-11-30,5.83,,,1.61,
1993-12-01,5.82,,146.3,1.62,
1993-12-02,5.81,,,1.59,
1993-12-03,5.8,,,1.56,
1993-12-06,5.72,,,1.53,
1993-12-07,5.71,,,1.54,
1993-12-08,5.71,,,1.53,
1993-12-09,5.68,,,1.5,
1993-12-10,5.73,,,1.52,
1993-12-13,5.78,,,1.55,
1993-12-14,5.82,,,1.57,
1993-12-15,5.83,,,1.61,
1993-12-16,5.84,,,1.61,
1993-12-17,5.81,,,1.61,
1993-12-20,5.83,,,1.61,
1993-12-21,5.85,,,1.59,
1993-12-22,5.74,,,1.55,
1993-12-23,5.72,,,1.54,
1993-12-24,,,,,
1993-12-27,5.72,,,1.52,
1993-12-28,5.72,,,1.52,
1993-12-29,5.74,,,1.54,
1993-12-30,5.82,,,1.57,
1993-12-31,5.83,,,1.58,
1994-01-01,,,146.3,,
1994-01-03,5.92,,,1.62,
1994-01-04,5.88,,,1.59,
1994-01-05,5.9,,,1.59,
1994-01-06,5.84,,,1.6,
1994-01-07,5.7,,,1.61,
1994-01-10,5.67,,,1.59,
1994-01-11,5.67,,,1.59,
1994-01-12,5.6,,,1.55,
1994-01-13,5.71,,,1.58,
1994-01-14,5.78,,,1.61,
1994-01-17,,,,,
1994-01-18,5.74,,,1.6,
1994-01-19,5.76,,,1.64,
1994-01-20,5.71,,,1.64,
1994-01-21,5.73,,,1.64,
1994-01-24,5.74,,,1.65,
1994-01-25,5.78,,,1.67,
1994-01-26,5.77,,,1.64,
1994-01-27,5.73,,,1.62,
1994-01-28,5.68,,,1.6,
1994-01-31,5.7,,,1.58,
1994-02-01,5.77,,146.7,1.57,
1994-02-02,5.77,,,1.57,
1994-02-03,5.81,,,1.53,
1994-02-04,5.94,,,1.52,
1994-02-07,5.96,,,1.55,
1994-02-08,6.01,,,1.57,
1994-02-09,5.92,,,1.49,
1994-02-10,5.91,,,1.46,
1994-02-11,5.88,,,1.44,
1994-02-14,5.9,,,1.46,
1994-02-15,5.88,,,1.44,
1994-02-16,5.89,,,1.45,
1994-02-17,6.0,,,1.5,
1994-02-18,6.09,,,1.52,
1994-02-21,,,,,
1994-02-22,6.05,,,1.48,
1994-02-23,6.13,,,1.46,
1994-02-24,6.22,,,1.5,
1994-02-25,6.21,,,1.49,
1994-02-28,6.15,,,1.48,
1994-03-01,6.28,,147.1,1.47,
1994-03-02,6.3,,,1.51,
1994-03-03,6.35,,,1.52,
1994-03-04,6.38,,,1.5,
1994-03-07,6.32,,,1.45,
1994-03-08,6.38,,,1.46,
1994-03-09,6.38,,,1.42,
1994-03-10,6.48,,,1.52,
1994-03-11,6.46,,,1.51,
1994-03-14,6.5,,,1.51,
1994-03-15,6.47,,,1.48,
1994-03-16,6.4,,,1.44,
1994-03-17,6.4,,,1.46,
1994-03-18,6.49,,,1.46,
1994-03-21,6.55,,,1.46,
1994-03-22,6.44,,,1.41,
1994-03-23,6.44,,,1.44,
1994-03-24,6.58,,,1.5,
1994-03-25,6.61,,,1.51,
1994-03-28,6.63,,,1.51,
1994-03-29,6.71,,,1.52,
1994-03-30,6.78,,,1.59,
1994-03-31,6.77,,,1.56,
1994-04-01,,,147.2,,
1994-04-04,7.16,,,1.59,
1994-04-05,6.97,,,1.52,
1994-04-06,6.93,,,1.53,
1994-04-07,6.86,,,1.49,
1994-04-08,6.94,,,1.51,
1994-04-11,6.92,,,1.49,
1994-04-12,6.87,,,1.47,
1994-04-13,6.93,,,1.5,
1994-04-14,6.97,,,1.48,
1994-04-15,6.97,,,1.46,
1994-04-18,7.14,,,1.44,
1994-04-19,7.1,,,1.4,
1994-04-20,7.05,,,1.38,
1994-04-21,6.91,,,1.32,
1994-04-22,6.93,,,1.31,
1994-04-25,6.86,,,1.25,
1994-04-26,6.86,,,1.27,
1994-04-27,,,,,
1994-04-28,7.04,,,1.29,
1994-04-29,7.06,,,1.33,
1994-05-01,,,147.5,,
1994-05-02,7.09,,,1.28,
1994-05-03,7.13,,,1.27,
1994-05-04,7.14,,,1.25,
1994-05-05,7.11,,,1.23,
1994-05-06,7.35,,,1.23,
1994-05-09,7.49,,,1.23,
1994-05-10,7.33,,,1.2,
1994-05-11,7.4,,,1.2,
1994-05-12,7.36,,,1.23,
1994-05-13,7.29,,,1.24,
1994-05-16,7.24,,,1.21,
1994-05-17,7.03,,,1.15,
1994-05-18,7.03,,,1.2,
1994-05-19,6.96,,,1.23,
1994-05-20,7.02,,,1.22,
1994-05-23,7.19,,,1.25,
1994-05-24,7.17,,,1.23,
1994-05-25,7.14,,,1.19,
1994-05-26,7.09,,,1.17,
1994-05-27,7.12,,,1.15,
1994-05-30,,,,,
1994-05-31,7.17,,,1.16,
1994-06-01,7.12,,147.9,1.14,
1994-06-02,7.07,,,1.14,
1994-06-03,6.98,,,1.14,
1994-06-06,6.91,,,1.13,
1994-06-07,6.95,,,1.15,
1994-06-08,6.96,,,1.18,
1994-06-09,6.98,,,1.18,
1994-06-10,7.03,,,1.18,
1994-06-13,7.07,,,1.16,
1994-06-14,7.0,,,1.19,
1994-06-15,7.1,,,1.22,
1994-06-16,7.07,,,1.24,
1994-06-17,7.14,,,1.26,
1994-06-20,7.16,,,1.24,
1994-06-21,7.22,,,1.18,
1994-06-22,7.13,,,1.16,
1994-06-23,7.1,,,1.16,
1994-06-24,7.22,,,1.16,
1994-06-27,7.18,,,1.13,
1994-06-28,7.26,,,1.13,
1994-06-29,7.24,,,1.12,
1994-06-30,7.34,,,1.15,
1994-07-01,7.34,,148.4,1.15,
1994-07-04,,,,,
1994-07-05,7.31,,,1.17,
1994-07-06,7.32,,,1.21,
1994-07-07,7.3,,,1.19,
1994-07-08,7.42,,,1.17,
1994-07-11,7.47,,,1.18,
1994-07-12,7.43,,,1.19,
1994-07-13,7.41,,,1.19,
1994-07-14,7.25,,,1.2,
1994-07-15,7.25,,,1.21,
1994-07-18,7.2,,,1.21,
1994-07-19,7.15,,,1.21,
1994-07-20,7.25,,,1.19,
1994-07-21,7.27,,,1.16,
1994-07-22,7.29,,,1.14,
1994-07-25,7.27,,,1.14,
1994-07-26,7.28,,,1.12,
1994-07-27,7.34,,,1.12,
1994-07-28,7.29,,,1.08,
1994-07-29,7.12,,,1.13,
1994-08-01,7.13,,149.0,1.1,
1994-08-02,7.11,,,1.13,
1994-08-03,7.09,,,1.13,
1994-08-04,7.12,,,1.14,
1994-08-05,7.28,,,1.1,
1994-08-08,7.28,,,1.06,
1994-08-09,7.33,,,1.07,
1994-08-10,7.3,,,1.09,
1994-08-11,7.36,,,1.1,
1994-08-12,7.27,,,1.05,
1994-08-15,7.3,,,1.04,
1994-08-16,7.19,,,0.98,
1994-08-17,7.15,,,1.01,
1994-08-18,7.28,,,1.05,
1994-08-19,7.27,,,1.04,
1994-08-22,7.31,,,1.04,
1994-08-23,7.28,,,1.02,
1994-08-24,7.22,,,1.04,
1994-08-25,7.29,,,1.05,
1994-08-26,7.24,,,1.03,
1994-08-29,7.24,,,1.04,
1994-08-30,7.2,,,1.02,
1994-08-31,7.19,,,1.02,
1994-09-01,7.19,,149.3,1.04,
1994-09-02,7.21,,,1.04,
1994-09-05,,,,,
1994-09-06,7.27,,,1.05,
1994-09-07,7.29,,,1.07,
1994-09-08,7.3,,,1.08,
1994-09-09,7.44,,,1.09,
1994-09-12,7.46,,,1.09,
1994-09-13,7.44,,,1.09,
1994-09-14,7.41,,,1.08,
1994-09-15,7.35,,,1.07,
1994-09-16,7.52,,,1.1,
1994-09-19,7.49,,,1.1,
1994-09-20,7.53,,,1.09,
1994-09-21,7.56,,,1.04,
1994-09-22,7.56,,,1.06,
1994-09-23,7.57,,,1.05,
1994-09-26,7.57,,,1.03,
1994-09-27,7.61,,,1.09,
1994-09-28,7.57,,,1.06,
1994-09-29,7.64,,,1.04,
1994-09-30,7.62,,,1.0,
1994-10-01,,,149.4,,
1994-10-03,7.66,,,0.97,
1994-10-04,7.7,,,1.02,
1994-10-05,7.77,,,1.04,
1994-10-06,7.78,,,1.07,
1994-10-07,7.7,,,1.05,
1994-10-10,,,,,
1994-10-11,7.65,,,1.02,
1994-10-12,7.69,,,1.02,
1994-10-13,7.64,,,1.01,
1994-10-14,7.61,,,1.04,
1994-10-17,7.62,,,1.01,
1994-10-18,7.64,,,1.03,
1994-10-19,7.68,,,1.02,
1994-10-20,7.8,,,1.03,
1994-10-21,7.81,,,1.01,
1994-10-24,7.86,,,1.02,
1994-10-25,7.88,,,1.01,
1994-10-26,7.88,,,0.98,
1994-10-27,7.88,,,0.99,
1994-10-28,7.82,,,1.0,
1994-10-31,7.81,,,0.97,
1994-11-01,7.91,,149.8,0.98,
1994-11-02,7.96,,,1.0,
1994-11-03,7.96,,,0.98,
1994-11-04,8.04,,,0.99,
1994-11-07,8.05,,,0.99,
1994-11-08,8.01,,,0.99,
1994-11-09,7.94,,,0.93,
1994-11-10,7.98,,,0.92,
1994-11-11,,,,,
1994-11-14,7.94,,,0.88,
1994-11-15,7.92,,,0.82,
1994-11-16,7.97,,,0.82,
1994-11-17,8.03,,,0.82,
1994-11-18,8.01,,,0.78,
1994-11-21,8.03,,,0.73,
1994-11-22,8.0,,,0.71,
1994-11-23,7.81,,,0.63,
1994-11-24,,,,,
1994-11-25,7.8,,,0.61,
1994-11-28,7.88,,,0.53,
1994-11-29,7.95,,,0.51,
1994-11-30,7.91,,,0.51,
1994-12-01,7.92,,150.1,0.5,
1994-12-02,7.81,,,0.37,
1994-12-05,7.83,,,0.25,
1994-12-06,7.73,,,0.29,
1994-12-07,7.81,,,0.33,
1994-12-08,7.79,,,0.28,
1994-12-09,7.79,,,0.26,
1994-12-12,7.85,,,0.23,
1994-12-13,7.83,,,0.12,
1994-12-14,7.8,,,0.21,
1994-12-15,7.79,,,0.25,
1994-12-16,7.81,,,0.22,
1994-12-19,7.81,,,0.22,
1994-12-20,7.81,,,0.25,
1994-12-21,7.8,,,0.22,
1994-12-22,7.84,,,0.14,
1994-12-23,7.85,,,0.11,
1994-12-26,,,,,
1994-12-27,7.76,,,0.09,
1994-12-28,7.8,,,0.09,
1994-12-29,7.82,,,0.13,
1994-12-30,7.84,,,0.15,
1995-01-01,,,150.5,,
1995-01-02,,,,,
1995-01-03,7.88,,,0.15,
1995-01-04,7.82,,,0.2,
1995-01-05,7.88,,,0.22,
1995-01-06,7.87,,,0.23,
1995-01-09,7.89,,,0.21,
1995-01-10,7.84,,,0.21,
1995-01-11,7.79,,,0.21,
1995-01-12,7.8,,,0.24,
1995-01-13,7.69,,,0.3,
1995-01-16,,,,,
1995-01-17,7.7,,,0.26,
1995-01-18,7.71,,,0.23,
1995-01-19,7.74,,,0.25,
1995-01-20,7.82,,,0.32,
1995-01-23,7.83,,,0.33,
1995-01-24,7.86,,,0.29,
1995-01-25,7.8,,,0.3,
1995-01-26,7.76,,,0.37,
1995-01-27,7.66,,,0.37,
1995-01-30,7.65,,,0.42,
1995-01-31,7.6,,,0.34,
1995-02-01,7.66,,150.9,0.33,
1995-02-02,7.68,,,0.28,
1995-02-03,7.49,,,0.35,
1995-02-06,7.53,,,0.35,
1995-02-07,7.52,,,0.33,
1995-02-08,7.53,,,0.35,
1995-02-09,7.58,,,0.35,
1995-02-10,7.62,,,0.29,
1995-02-13,7.61,,,0.29,
1995-02-14,7.51,,,0.3,
1995-02-15,7.45,,,0.33,
1995-02-16,7.4,,,0.38,
1995-02-17,7.43,,,0.36,
1995-02-20,,,,,
1995-02-21,7.44,,,0.35,
1995-02-22,7.34,,,0.42,
1995-02-23,7.34,,,0.42,
1995-02-24,7.33,,,0.44,
1995-02-27,7.24,,,0.45,
1995-02-28,7.22,,,0.43,
1995-03-01,7.23,,151.2,0.42,
1995-03-02,7.3,,,0.42,
1995-03-03,7.36,,,0.47,
1995-03-06,7.41,,,0.45,
1995-03-07,7.44,,,0.44,
1995-03-08,7.36,,,0.43,
1995-03-09,7.3,,,0.47,
1995-03-10,7.23,,,0.4,
1995-03-13,7.19,,,0.43,
1995-03-14,7.09,,,0.4,
1995-03-15,7.09,,,0.38,
1995-03-16,7.05,,,0.37,
1995-03-17,7.12,,,0.43,
1995-03-20,7.12,,,0.43,
1995-03-21,7.16,,,0.45,
1995-03-22,7.21,,,0.46,
1995-03-23,7.21,,,0.46,
1995-03-24,7.09,,,0.45,
1995-03-27,7.05,,,0.43,
1995-03-28,7.16,,,0.43,
1995-03-29,7.16,,,0.43,
1995-03-30,7.18,,,0.42,
1995-03-31,7.2,,,0.4,
1995-04-01,,,151.8,,
1995-04-03,7.14,,,0.39,
1995-04-04,7.12,,,0.41,
1995-04-05,7.12,,,0.42,
1995-04-06,7.09,,,0.43,
1995-04-07,7.11,,,0.46,
1995-04-10,7.12,,,0.46,
1995-04-11,7.09,,,0.44,
1995-04-12,7.06,,,0.45,
1995-04-13,7.03,,,0.52,
1995-04-14,,,,,
1995-04-17,7.04,,,0.56,
1995-04-18,7.04,,,0.6,
1995-04-19,7.06,,,0.55,
1995-04-20,7.02,,,0.59,
1995-04-21,7.01,,,0.57,
1995-04-24,7.01,,,0.55,
1995-04-25,7.01,,,0.53,
1995-04-26,7.01,,,0.51,
1995-04-27,7.04,,,0.49,
1995-04-28,7.07,,,0.47,
1995-05-01,7.09,,152.1,0.47,
1995-05-02,7.04,,,0.49,
1995-05-03,6.96,,,0.49,
1995-05-04,6.85,,,0.5,
1995-05-05,6.69,,,0.53,
1995-05-08,6.7,,,0.52,
1995-05-09,6.61,,,0.53,
1995-05-10,6.66,,,0.55,
1995-05-11,6.68,,,0.48,
1995-05-12,6.67,,,0.47,
1995-05-15,6.62,,,0.46,
1995-05-16,6.57,,,0.46,
1995-05-17,6.53,,,0.42,
1995-05-18,6.61,,,0.43,
1995-05-19,6.61,,,0.42,
1995-05-22,6.63,,,0.44,
1995-05-23,6.57,,,0.42,
1995-05-24,6.44,,,0.43,
1995-05-25,6.39,,,0.4,
1995-05-26,6.4,,,0.43,
1995-05-29,,,,,
1995-05-30,6.3,,,0.41,
1995-05-31,6.3,,,0.41,
1995-06-01,6.2,,152.4,0.49,
1995-06-02,6.1,,,0.56,
1995-06-05,6.08,,,0.54,
1995-06-06,6.08,,,0.51,
1995-06-07,6.2,,,0.46,
1995-06-08,6.22,,,0.4,
1995-06-09,6.4,,,0.39,
1995-06-12,6.37,,,0.41,
1995-06-13,6.14,,,0.51,
1995-06-14,6.15,,,0.48,
1995-06-15,6.18,,,0.45,
1995-06-16,6.21,,,0.44,
1995-06-19,6.13,,,0.48,
1995-06-20,6.16,,,0.44,
1995-06-21,6.13,,,0.45,
1995-06-22,6.04,,,0.43,
1995-06-23,6.06,,,0.42,
1995-06-26,6.11,,,0.4,
1995-06-27,6.15,,,0.45,
1995-06-28,6.1,,,0.43,
1995-06-29,6.28,,,0.39,
1995-06-30,6.21,,,0.42,
1995-07-01,,,152.6,,
1995-07-03,6.21,,,0.42,
1995-07-04,,,,,
1995-07-05,6.19,,,0.41,
1995-07-06,6.05,,,0.49,
1995-07-07,6.04,,,0.5,
1995-07-10,6.04,,,0.48,
1995-07-11,6.09,,,0.5,
1995-07-12,6.1,,,0.51,
1995-07-13,6.09,,,0.48,
1995-07-14,6.15,,,0.45,
1995-07-17,6.22,,,0.45,
1995-07-18,6.25,,,0.48,
1995-07-19,6.43,,,0.54,
1995-07-20,6.43,,,0.52,
1995-07-21,6.53,,,0.58,
1995-07-24,6.46,,,0.49,
1995-07-25,6.43,,,0.49,
1995-07-26,6.48,,,0.51,
1995-07-27,6.43,,,0.52,
1995-07-28,6.49,,,0.57,
1995-07-31,6.45,,,0.57,
1995-08-01,6.5,,152.9,0.56,
1995-08-02,6.44,,,0.58,
1995-08-03,6.53,,,0.59,
1995-08-04,6.5,,,0.59,
1995-08-07,6.48,,,0.58,
1995-08-08,6.47,,,0.57,
1995-08-09,6.47,,,0.54,
1995-08-10,6.51,,,0.56,
1995-08-11,6.59,,,0.54,
1995-08-14,6.59,,,0.54,
1995-08-15,6.57,,,0.46,
1995-08-16,6.54,,,0.47,
1995-08-17,6.57,,,0.45,
1995-08-18,6.57,,,0.44,
1995-08-21,6.54,,,0.46,
1995-08-22,6.57,,,0.47,
1995-08-23,6.6,,,0.49,
1995-08-24,6.5,,,0.5,
1995-08-25,6.38,,,0.48,
1995-08-28,6.34,,,0.49,
1995-08-29,6.36,,,0.43,
1995-08-30,6.33,,,0.45,
1995-08-31,6.28,,,0.43,
1995-09-01,6.22,,153.1,0.44,
1995-09-04,,,,,
1995-09-05,6.18,,,0.41,
1995-09-06,6.17,,,0.41,
1995-09-07,6.21,,,0.41,
1995-09-08,6.24,,,0.39,
1995-09-11,6.24,,,0.41,
1995-09-12,6.16,,,0.39,
1995-09-13,6.18,,,0.38,
1995-09-14,6.08,,,0.4,
1995-09-15,6.11,,,0.4,
1995-09-18,6.17,,,0.4,
1995-09-19,6.14,,,0.39,
1995-09-20,6.1,,,0.37,
1995-09-21,6.21,,,0.38,
1995-09-22,6.25,,,0.4,
1995-09-25,6.26,,,0.37,
1995-09-26,6.28,,,0.4,
1995-09-27,6.3,,,0.38,
1995-09-28,6.28,,,0.36,
1995-09-29,6.17,,,0.34,
1995-10-01,,,153.5,,
1995-10-02,6.15,,,0.33,
1995-10-03,6.13,,,0.33,
1995-10-04,6.12,,,0.37,
1995-10-05,6.06,,,0.34,
1995-10-06,6.06,,,0.33,
1995-10-09,,,,,
1995-10-10,6.07,,,0.33,
1995-10-11,6.09,,,0.34,
1995-10-12,6.07,,,0.35,
1995-10-13,5.97,,,0.3,
1995-10-16,5.97,,,0.3,
1995-10-17,5.97,,,0.32,
1995-10-18,5.99,,,0.32,
1995-10-19,5.98,,,0.31,
1995-10-20,6.04,,,0.32,
1995-10-23,6.07,,,0.31,
1995-10-24,6.02,,,0.34,
1995-10-25,6.0,,,0.36,
1995-10-26,6.06,,,0.45,
1995-10-27,6.05,,,0.41,
1995-10-30,6.04,,,0.42,
1995-10-31,6.03,,,0.42,
1995-11-01,5.98,,153.7,0.46,
1995-11-02,5.92,,,0.46,
1995-11-03,5.94,,,0.45,
1995-11-06,5.96,,,0.45,
1995-11-07,5.99,,,0.45,
1995-11-08,5.92,,,0.45,
1995-11-09,5.97,,,0.48,
1995-11-10,6.0,,,0.48,
1995-11-13,5.98,,,0.49,
1995-11-14,5.97,,,0.5,
1995-11-15,6.0,,,0.47,
1995-11-16,5.93,,,0.47,
1995-11-17,5.92,,,0.46,
1995-11-20,5.93,,,0.47,
1995-11-21,5.92,,,0.43,
1995-11-22,5.93,,,0.42,
1995-11-23,,,,,
1995-11-24,5.91,,,0.42,
1995-11-27,5.88,,,0.42,
1995-11-28,5.88,,,0.43,
1995-11-29,5.85,,,0.42,
1995-11-30,5.76,,,0.4,
1995-12-01,5.71,,153.9,0.39,
1995-12-04,5.63,,,0.36,
1995-12-05,5.65,,,0.36,
1995-12-06,5.67,,,0.35,
1995-12-07,5.72,,,0.33,
1995-12-08,5.73,,,0.34,
1995-12-11,5.71,,,0.33,
1995-12-12,5.72,,,0.33,
1995-12-13,5.74,,,0.35,
1995-12-14,5.74,,,0.36,
1995-12-15,5.75,,,0.39,
1995-12-18,5.85,,,0.42,
1995-12-19,5.81,,,0.45,
1995-12-20,5.76,,,0.43,
1995-12-21,5.77,,,0.44,
1995-12-22,5.71,,,0.43,
1995-12-25,,,,,
1995-12-26,5.69,,,0.42,
1995-12-27,5.66,,,0.43,
1995-12-28,5.63,,,0.43,
1995-12-29,5.58,,,0.4,
1996-01-01,,,154.7,,
1996-01-02,5.6,,,0.42,
1996-01-03,5.58,,,0.41,
1996-01-04,5.65,,,0.48,
1996-01-05,5.69,,,0.49,
1996-01-08,5.68,,,0.48,
1996-01-09,5.7,,,0.52,
1996-01-10,5.8,,,0.58,
1996-01-11,5.78,,,0.56,
1996-01-12,5.75,,,0.58,
1996-01-15,,,,,
1996-01-16,5.66,,,0.58,
1996-01-17,5.58,,,0.53,
1996-01-18,5.53,,,0.52,
1996-01-19,5.54,,,0.51,
1996-01-22,5.61,,,0.53,
1996-01-23,5.66,,,0.57,
1996-01-24,5.62,,,0.55,
1996-01-25,5.7,,,0.59,
1996-01-26,5.65,,,0.57,
1996-01-29,5.69,,,0.59,
1996-01-30,5.63,,,0.61,
1996-01-31,5.6,,,0.67,
1996-02-01,5.63,,155.0,0.7,
1996-02-02,5.66,,,0.76,
1996-02-05,5.7,,,0.75,
1996-02-06,5.68,,,0.75,
1996-02-07,5.66,,,0.74,
1996-02-08,5.66,,,0.76,
1996-02-09,5.66,,,0.81,
1996-02-12,5.61,,,0.78,
1996-02-13,5.58,,,0.78,
1996-02-14,5.62,,,0.8,
1996-02-15,5.7,,,0.83,
1996-02-16,5.76,,,0.86,
1996-02-19,,,,,
1996-02-20,6.01,,,0.83,
1996-02-21,5.98,,,0.82,
1996-02-22,5.92,,,0.81,
1996-02-23,5.97,,,0.84,
1996-02-26,6.01,,,0.83,
1996-02-27,6.06,,,0.78,
1996-02-28,6.11,,,0.68,
1996-02-29,6.13,,,0.69,
1996-03-01,5.99,,155.5,0.73,
1996-03-04,5.92,,,0.71,
1996-03-05,5.96,,,0.68,
1996-03-06,6.05,,,0.69,
1996-03-07,6.07,,,0.67,
1996-03-08,6.41,,,0.68,
1996-03-11,6.33,,,0.62,
1996-03-12,6.36,,,0.58,
1996-03-13,6.35,,,0.62,
1996-03-14,6.36,,,0.66,
1996-03-15,6.46,,,0.59,
1996-03-18,6.43,,,0.54,
1996-03-19,6.41,,,0.56,
1996-03-20,6.34,,,0.58,
1996-03-21,6.28,,,0.56,
1996-03-22,6.32,,,0.58,
1996-03-25,6.26,,,0.57,
1996-03-26,6.25,,,0.53,
1996-03-27,6.34,,,0.53,
1996-03-28,6.41,,,0.53,
1996-03-29,6.34,,,0.55,
1996-04-01,6.31,,156.1,0.52,
1996-04-02,6.25,,,0.51,
1996-04-03,6.27,,,0.5,
1996-04-04,6.33,,,0.5,
1996-04-05,6.57,,,0.48,
1996-04-08,6.63,,,0.52,
1996-04-09,6.56,,,0.5,
1996-04-10,6.63,,,0.53,
1996-04-11,6.68,,,0.56,
1996-04-12,6.52,,,0.56,
1996-04-15,6.47,,,0.54,
1996-04-16,6.48,,,0.57,
1996-04-17,6.52,,,0.56,
1996-04-18,6.58,,,0.56,
1996-04-19,6.53,,,0.58,
1996-04-22,6.48,,,0.56,
1996-04-23,6.52,,,0.59,
1996-04-24,6.57,,,0.62,
1996-04-25,6.56,,,0.57,
1996-04-26,6.54,,,0.62,
1996-04-29,6.59,,,0.61,
1996-04-30,6.66,,,0.63,
1996-05-01,6.68,,156.4,0.65,
1996-05-02,6.85,,,0.69,
1996-05-03,6.9,,,0.7,
1996-05-06,6.86,,,0.71,
1996-05-07,6.87,,,0.67,
1996-05-08,6.78,,,0.63,
1996-05-09,6.84,,,0.7,
1996-05-10,6.75,,,0.71,
1996-05-13,6.72,,,0.66,
1996-05-14,6.66,,,0.65,
1996-05-15,6.65,,,0.64,
1996-05-16,6.7,,,0.62,
1996-05-17,6.65,,,0.61,
1996-05-20,6.62,,,0.6,
1996-05-21,6.65,,,0.62,
1996-05-22,6.63,,,0.6,
1996-05-23,6.68,,,0.63,
1996-05-24,6.65,,,0.62,
1996-05-27,,,,,
1996-05-28,6.67,,,0.62,
1996-05-29,6.77,,,0.61,
1996-05-30,6.78,,,0.6,
1996-05-31,6.85,,,0.58,
1996-06-01,,,156.7,,
1996-06-03,6.87,,,0.61,
1996-06-04,6.86,,,0.62,
1996-06-05,6.82,,,0.58,
1996-06-06,6.76,,,0.6,
1996-06-07,6.93,,,0.53,
1996-06-10,6.97,,,0.57,
1996-06-11,6.99,,,0.62,
1996-06-12,7.03,,,0.64,
1996-06-13,7.01,,,0.65,
1996-06-14,6.95,,,0.66,
1996-06-17,6.9,,,0.63,
1996-06-18,6.93,,,0.65,
1996-06-19,6.96,,,0.65,
1996-06-20,6.98,,,0.6,
1996-06-21,6.96,,,0.61,
1996-06-24,6.94,,,0.62,
1996-06-25,6.91,,,0.61,
1996-06-26,6.91,,,0.61,
1996-06-27,6.83,,,0.62,
1996-06-28,6.73,,,0.62,
1996-07-01,6.74,,157.0,0.59,
1996-07-02,6.8,,,0.58,
1996-07-03,6.78,,,0.58,
1996-07-04,,,,,
1996-07-05,7.06,,,0.62,
1996-07-08,7.05,,,0.62,
1996-07-09,7.0,,,0.59,
1996-07-10,6.95,,,0.61,
1996-07-11,6.9,,,0.62,
1996-07-12,6.85,,,0.59,
1996-07-15,6.89,,,0.57,
1996-07-16,6.84,,,0.61,
1996-07-17,6.83,,,0.6,
1996-07-18,6.72,,,0.56,
1996-07-19,6.78,,,0.6,
1996-07-22,6.84,,,0.61,
1996-07-23,6.8,,,0.57,
1996-07-24,6.87,,,0.61,
1996-07-25,6.87,,,0.59,
1996-07-26,6.85,,,0.6,
1996-07-29,6.93,,,0.61,
1996-07-30,6.89,,,0.59,
1996-07-31,6.8,,,0.58,
1996-08-01,6.65,,157.2,0.57,
1996-08-02,6.51,,,0.6,
1996-08-05,6.53,,,0.6,
1996-08-06,6.54,,,0.61,
1996-08-07,6.55,,,0.58,
1996-08-08,6.56,,,0.59,
1996-08-09,6.5,,,0.57,
1996-08-12,6.49,,,0.57,
1996-08-13,6.57,,,0.6,
1996-08-14,6.58,,,0.61,
1996-08-15,6.62,,,0.62,
1996-08-16,6.56,,,0.61,
1996-08-19,6.59,,,0.62,
1996-08-20,6.59,,,0.62,
1996-08-21,6.61,,,0.62,
1996-08-22,6.62,,,0.62,
1996-08-23,6.72,,,0.63,
1996-08-26,6.8,,,0.62,
1996-08-27,6.78,,,0.61,
1996-08-28,6.79,,,0.62,
1996-08-29,6.86,,,0.63,
1996-08-30,6.96,,,0.62,
1996-09-01,,,157.7,,
1996-09-02,,,,,
1996-09-03,6.92,,,0.57,
1996-09-04,6.94,,,0.56,
1996-09-05,6.98,,,0.6,
1996-09-06,6.94,,,0.61,
1996-09-09,6.9,,,0.58,
1996-09-10,6.94,,,0.6,
1996-09-11,6.94,,,0.6,
1996-09-12,6.88,,,0.61,
1996-09-13,6.74,,,0.64,
1996-09-16,6.73,,,0.59,
1996-09-17,6.81,,,0.59,
1996-09-18,6.83,,,0.57,
1996-09-19,6.87,,,0.58,
1996-09-20,6.85,,,0.59,
1996-09-23,6.83,,,0.59,
1996-09-24,6.77,,,0.61,
1996-09-25,6.71,,,0.63,
1996-09-26,6.66,,,0.61,
1996-09-27,6.68,,,0.61,
1996-09-30,6.72,,,0.62,
1996-10-01,6.65,,158.2,0.62,
1996-10-02,6.61,,,0.63,
1996-10-03,6.61,,,0.61,
1996-10-04,6.48,,,0.63,
1996-10-07,6.53,,,0.64,
1996-10-08,6.53,,,0.63,
1996-10-09,6.55,,,0.59,
1996-10-10,6.61,,,0.6,
1996-10-11,6.55,,,0.63,
1996-10-14,,,,,
1996-10-15,6.56,,,0.63,
1996-10-16,6.57,,,0.63,
1996-10-17,6.51,,,0.62,
1996-10-18,6.5,,,0.61,
1996-10-21,6.52,,,0.61,
1996-10-22,6.56,,,0.61,
1996-10-23,6.56,,,0.62,
1996-10-24,6.57,,,0.63,
1996-10-25,6.54,,,0.64,
1996-10-28,6.56,,,0.64,
1996-10-29,6.4,,,0.63,
1996-10-30,6.4,,,0.61,
1996-10-31,6.37,,,0.6,
1996-11-01,6.38,,158.7,0.59,
1996-11-04,6.36,,,0.58,
1996-11-05,6.28,,,0.54,
1996-11-06,6.3,,,0.54,
1996-11-07,6.26,,,0.51,
1996-11-08,6.29,,,0.53,
1996-11-11,,,,,
1996-11-12,6.19,,,0.46,
1996-11-13,6.2,,,0.49,
1996-11-14,6.15,,,0.49,
1996-11-15,6.19,,,0.51,
1996-11-18,6.2,,,0.5,
1996-11-19,6.17,,,0.49,
1996-11-20,6.14,,,0.49,
1996-11-21,6.15,,,0.48,
1996-11-22,6.15,,,0.46,
1996-11-25,6.13,,,0.46,
1996-11-26,6.13,,,0.47,
1996-11-27,6.14,,,0.48,
1996-11-28,,,,,
1996-11-29,6.06,,,0.47,
1996-12-01,,,159.1,,
1996-12-02,6.08,,,0.47,
1996-12-03,6.06,,,0.45,
1996-12-04,6.11,,,0.47,
1996-12-05,6.22,,,0.51,
1996-12-06,6.26,,,0.53,
1996-12-09,6.21,,,0.51,
1996-12-10,6.23,,,0.52,
1996-12-11,6.38,,,0.56,
1996-12-12,6.4,,,0.56,
1996-12-13,6.33,,,0.56,
1996-12-16,6.39,,,0.57,
1996-12-17,6.42,,,0.55,
1996-12-18,6.46,,,0.57,
1996-12-19,6.36,,,0.53,
1996-12-20,6.35,,,0.52,
1996-12-23,6.34,,,0.49,
1996-12-24,6.36,,,0.51,
1996-12-25,,,,,
1996-12-26,6.35,,,0.5,
1996-12-27,6.3,,,0.49,
1996-12-30,6.31,,,0.51,
1996-12-31,6.43,,,0.55,
1997-01-01,,,159.4,,
1997-01-02,6.54,,,0.57,
1997-01-03,6.52,,,0.57,
1997-01-06,6.54,,,0.57,
1997-01-07,6.57,,,0.59,
1997-01-08,6.6,,,0.59,
1997-01-09,6.52,,,0.58,
1997-01-10,6.63,,,0.57,
1997-01-13,6.63,,,0.56,
1997-01-14,6.53,,,0.55,
1997-01-15,6.53,,,0.55,
1997-01-16,6.57,,,0.57,
1997-01-17,6.56,,,0.56,
1997-01-20,,,,,
1997-01-21,6.52,,,0.53,
1997-01-22,6.56,,,0.56,
1997-01-23,6.6,,,0.54,
1997-01-24,6.64,,,0.57,
1997-01-27,6.69,,,0.58,
1997-01-28,6.64,,,0.6,
1997-01-29,6.63,,,0.59,
1997-01-30,6.61,,,0.6,
1997-01-31,6.53,,,0.59,
1997-02-01,,,159.7,,
1997-02-03,6.47,,,0.58,
1997-02-04,6.45,,,0.57,
1997-02-05,6.47,,,0.56,
1997-02-06,6.49,,,0.58,
1997-02-07,6.43,,,0.57,
1997-02-10,6.43,,,0.56,
1997-02-11,6.43,,,0.55,
1997-02-12,6.39,,,0.49,
1997-02-13,6.32,,,0.49,
1997-02-14,6.28,,,0.49,
1997-02-17,,,,,
1997-02-18,6.28,,,0.48,
1997-02-19,6.3,,,0.48,
1997-02-20,6.38,,,0.53,
1997-02-21,6.36,,,0.51,
1997-02-24,6.39,,,0.5,
1997-02-25,6.4,,,0.5,
1997-02-26,6.56,,,0.5,
1997-02-27,6.58,,,0.49,
1997-02-28,6.56,,,0.47,
1997-03-01,,,159.8,,
1997-03-03,6.58,,,0.47,
1997-03-04,6.6,,,0.49,
1997-03-05,6.6,,,0.47,
1997-03-06,6.62,,,0.47,
1997-03-07,6.57,,,0.47,
1997-03-10,6.56,,,0.46,
1997-03-11,6.57,,,0.48,
1997-03-12,6.6,,,0.48,
1997-03-13,6.72,,,0.51,
1997-03-14,6.71,,,0.53,
1997-03-17,6.72,,,0.5,
1997-03-18,6.72,,,0.5,
1997-03-19,6.74,,,0.5,
1997-03-20,6.75,,,0.48,
1997-03-21,6.74,,,0.45,
1997-03-24,6.72,,,0.43,
1997-03-25,6.75,,,0.42,
1997-03-26,6.8,,,0.42,
1997-03-27,6.9,,,0.45,
1997-03-28,,,,,
1997-03-31,6.92,,,0.47,
1997-04-01,6.9,,159.9,0.48,
1997-04-02,6.88,,,0.46,
1997-04-03,6.86,,,0.46,
1997-04-04,6.92,,,0.48,
1997-04-07,6.87,,,0.46,
1997-04-08,6.91,,,0.47,
1997-04-09,6.91,,,0.47,
1997-04-10,6.91,,,0.45,
1997-04-11,6.98,,,0.45,
1997-04-14,6.98,,,0.44,
1997-04-15,6.88,,,0.43,
1997-04-16,6.9,,,0.41,
1997-04-17,6.86,,,0.42,
1997-04-18,6.84,,,0.42,
1997-04-21,6.87,,,0.41,
1997-04-22,6.84,,,0.41,
1997-04-23,6.89,,,0.42,
1997-04-24,6.93,,,0.41,
1997-04-25,6.94,,,0.4,
1997-04-28,6.92,,,0.41,
1997-04-29,6.77,,,0.43,
1997-04-30,6.72,,,0.43,
1997-05-01,6.69,,159.9,0.42,
1997-05-02,6.68,,,0.42,
1997-05-05,6.67,,,0.39,
1997-05-06,6.67,,,0.38,
1997-05-07,6.76,,,0.4,
1997-05-08,6.72,,,0.39,
1997-05-09,6.67,,,0.43,
1997-05-12,6.65,,,0.42,
1997-05-13,6.71,,,0.41,
1997-05-14,6.68,,,0.42,
1997-05-15,6.67,,,0.42,
1997-05-16,6.7,,,0.42,
1997-05-19,6.71,,,0.43,
1997-05-20,6.7,,,0.45,
1997-05-21,6.74,,,0.49,
1997-05-22,6.76,,,0.49,
1997-05-23,6.74,,,0.49,
1997-05-26,,,,,
1997-05-27,6.79,,,0.49,
1997-05-28,6.8,,,0.46,
1997-05-29,6.75,,,0.45,
1997-05-30,6.67,,,0.45,
1997-06-01,,,160.2,,
1997-06-02,6.66,,,0.43,
1997-06-03,6.63,,,0.43,
1997-06-04,6.62,,,0.42,
1997-06-05,6.62,,,0.42,
1997-06-06,6.51,,,0.39,
1997-06-09,6.55,,,0.4,
1997-06-10,6.57,,,0.4,
1997-06-11,6.56,,,0.37,
1997-06-12,6.48,,,0.41,
1997-06-13,6.43,,,0.4,
1997-06-16,6.4,,,0.38,
1997-06-17,6.43,,,0.38,
1997-06-18,6.4,,,0.38,
1997-06-19,6.4,,,0.36,
1997-06-20,6.37,,,0.35,
1997-06-23,6.4,,,0.36,
1997-06-24,6.42,,,0.39,
1997-06-25,6.45,,,0.4,
1997-06-26,6.5,,,0.45,
1997-06-27,6.46,,,0.43,
1997-06-30,6.51,,,0.43,
1997-07-01,6.45,,160.4,0.43,
1997-07-02,6.42,,,0.4,
1997-07-03,6.31,,,0.38,
1997-07-04,,,,,
1997-07-07,6.27,,,0.35,
1997-07-08,6.27,,,0.35,
1997-07-09,6.25,,,0.35,
1997-07-10,6.26,,,0.35,
1997-07-11,6.23,,,0.34,
1997-07-14,6.26,,,0.32,
1997-07-15,6.26,,,0.34,
1997-07-16,6.2,,,0.33,
1997-07-17,6.19,,,0.32,
1997-07-18,6.24,,,0.33,
1997-07-21,6.27,,,0.33,
1997-07-22,6.15,,,0.25,
1997-07-23,6.14,,,0.29,
1997-07-24,6.16,,,0.29,
1997-07-25,6.18,,,0.31,
1997-07-28,6.16,,,0.3,
1997-07-29,6.11,,,0.32,
1997-07-30,6.05,,,0.29,
1997-07-31,6.02,,,0.28,
1997-08-01,6.2,,160.8,0.31,
1997-08-04,6.23,,,0.32,
1997-08-05,6.23,,,0.3,
1997-08-06,6.21,,,0.3,
1997-08-07,6.24,,,0.31,
1997-08-08,6.38,,,0.36,
1997-08-11,6.36,,,0.37,
1997-08-12,6.39,,,0.39,
1997-08-13,6.36,,,0.41,
1997-08-14,6.27,,,0.35,
1997-08-15,6.27,,,0.4,
1997-08-18,6.21,,,0.39,
1997-08-19,6.21,,,0.36,
1997-08-20,6.24,,,0.36,
1997-08-21,6.3,,,0.35,
1997-08-22,6.38,,,0.4,
1997-08-25,6.39,,,0.38,
1997-08-26,6.38,,,0.39,
1997-08-27,6.38,,,0.37,
1997-08-28,6.3,,,0.36,
1997-08-29,6.34,,,0.37,
1997-09-01,,,161.2,,
1997-09-02,6.31,,,0.37,
1997-09-03,6.33,,,0.37,
1997-09-04,6.33,,,0.35,
1997-09-05,6.37,,,0.39,
1997-09-08,6.33,,,0.35,
1997-09-09,6.34,,,0.36,
1997-09-10,6.37,,,0.37,
1997-09-11,6.39,,,0.39,
1997-09-12,6.29,,,0.36,
1997-09-15,6.28,,,0.35,
1997-09-16,6.11,,,0.3,
1997-09-17,6.1,,,0.31,
1997-09-18,6.11,,,0.3,
1997-09-19,6.09,,,0.28,
1997-09-22,6.06,,,0.27,
1997-09-23,6.1,,,0.3,
1997-09-24,6.04,,,0.26,
1997-09-25,6.13,,,0.28,
1997-09-26,6.08,,,0.28,
1997-09-29,6.1,,,0.3,
1997-09-30,6.12,,,0.32,
1997-10-01,6.04,,161.5,0.29,
1997-10-02,6.01,,,0.28,
1997-10-03,6.01,,,0.29,
1997-10-06,5.96,,,0.28,
1997-10-07,5.94,,,0.27,
1997-10-08,6.08,,,0.29,
1997-10-09,6.09,,,0.29,
1997-10-10,6.15,,,0.29,
1997-10-13,,,,,
1997-10-14,6.07,,,0.26,
1997-10-15,6.1,,,0.26,
1997-10-16,6.09,,,0.25,
1997-10-17,6.17,,,0.26,
1997-10-20,6.15,,,0.25,
1997-10-21,6.14,,,0.22,
1997-10-22,6.12,,,0.21,
1997-10-23,6.04,,,0.25,
1997-10-24,6.01,,,0.22,
1997-10-27,5.91,,,0.29,
1997-10-28,5.98,,,0.24,
1997-10-29,5.91,,,0.24,
1997-10-30,5.84,,,0.23,
1997-10-31,5.84,,,0.21,
1997-11-01,,,161.7,,
1997-11-03,5.91,,,0.22,
1997-11-04,5.95,,,0.22,
1997-11-05,5.95,,,0.22,
1997-11-06,5.9,,,0.2,
1997-11-07,5.9,,,0.19,
1997-11-10,5.91,,,0.18,
1997-11-11,,,,,
1997-11-12,5.89,,,0.19,
1997-11-13,5.87,,,0.17,
1997-11-14,5.86,,,0.16,
1997-11-17,5.85,,,0.15,
1997-11-18,5.85,,,0.14,
1997-11-19,5.82,,,0.12,
1997-11-20,5.84,,,0.11,
1997-11-21,5.82,,,0.14,
1997-11-24,5.86,,,0.15,
1997-11-25,5.85,,,0.14,
1997-11-26,5.86,,,0.12,
1997-11-27,,,,,
1997-11-28,5.86,,,0.1,
1997-12-01,5.86,,161.8,0.08,
1997-12-02,5.86,,,0.08,
1997-12-03,5.83,,,0.09,
1997-12-04,5.84,,,0.13,
1997-12-05,5.92,,,0.12,
1997-12-08,5.96,,,0.11,
1997-12-09,5.95,,,0.14,
1997-12-10,5.9,,,0.15,
1997-12-11,5.82,,,0.14,
1997-12-12,5.74,,,0.11,
1997-12-15,5.78,,,0.1,
1997-12-16,5.77,,,0.09,
1997-12-17,5.81,,,0.11,
1997-12-18,5.76,,,0.08,
1997-12-19,5.72,,,0.06,
1997-12-22,5.72,,,0.03,
1997-12-23,5.73,,,0.04,
1997-12-24,5.76,,,0.09,
1997-12-25,,,,,
1997-12-26,5.75,,,0.06,
1997-12-29,5.76,,,0.07,
1997-12-30,5.8,,,0.09,
1997-12-31,5.75,,,0.09,
1998-01-01,,,162.0,,
1998-01-02,5.67,,,0.08,
1998-01-05,5.52,,,0.05,
1998-01-06,5.49,,,0.1,
1998-01-07,5.55,,,0.13,
1998-01-08,5.49,,,0.18,
1998-01-09,5.4,,,0.23,
1998-01-12,5.39,,,0.19,
1998-01-13,5.41,,,0.16,
1998-01-14,5.45,,,0.16,
1998-01-15,5.48,,,0.19,
1998-01-16,5.54,,,0.19,
1998-01-19,,,,,
1998-01-20,5.57,,,0.2,
1998-01-21,5.54,,,0.21,
1998-01-22,5.56,,,0.26,
1998-01-23,5.7,,,0.28,
1998-01-26,5.63,,,0.24,
1998-01-27,5.7,,,0.24,
1998-01-28,5.69,,,0.23,
1998-01-29,5.58,,,0.22,
1998-01-30,5.53,,,0.21,
1998-02-01,,,162.0,,
1998-02-02,5.57,,,0.21,
1998-02-03,5.56,,,0.22,
1998-02-04,5.57,,,0.25,
1998-02-05,5.62,,,0.26,
1998-02-06,5.62,,,0.24,
1998-02-09,5.65,,,0.24,
1998-02-10,5.64,,,0.23,
1998-02-11,5.53,,,0.14,
1998-02-12,5.52,,,0.13,
1998-02-13,5.49,,,0.13,
1998-02-16,,,,,
1998-02-17,5.44,,,0.1,
1998-02-18,5.49,,,0.12,
1998-02-19,5.51,,,0.12,
1998-02-20,5.54,,,0.13,
1998-02-23,5.58,,,0.12,
1998-02-24,5.69,,,0.12,
1998-02-25,5.63,,,0.08,
1998-02-26,5.65,,,0.07,
1998-02-27,5.62,,,0.07,
1998-03-01,,,162.0,,
1998-03-02,5.72,,,0.12,
1998-03-03,5.77,,,0.13,
1998-03-04,5.76,,,0.13,
1998-03-05,5.78,,,0.16,
1998-03-06,5.73,,,0.15,
1998-03-09,5.67,,,0.1,
1998-03-10,5.67,,,0.12,
1998-03-11,5.63,,,0.1,
1998-03-12,5.56,,,0.06,
1998-03-13,5.58,,,0.08,
1998-03-16,5.54,,,0.07,
1998-03-17,5.56,,,0.06,
1998-03-18,5.58,,,0.06,
1998-03-19,5.58,,,0.06,
1998-03-20,5.57,,,0.05,
1998-03-23,5.57,,,0.05,
1998-03-24,5.58,,,0.08,
1998-03-25,5.64,,,0.06,
1998-03-26,5.68,,,0.06,
1998-03-27,5.68,,,0.05,
1998-03-30,5.72,,,0.07,
1998-03-31,5.67,,,0.07,
1998-04-01,5.62,,162.2,0.07,
1998-04-02,5.56,,,0.04,
1998-04-03,5.47,,,0.05,
1998-04-06,5.51,,,0.06,
1998-04-07,5.53,,,0.08,
1998-04-08,5.58,,,0.09,
1998-04-09,5.59,,,0.09,
1998-04-10,,,,,
1998-04-13,5.66,,,0.07,
1998-04-14,5.63,,,0.06,
1998-04-15,5.6,,,0.05,
1998-04-16,5.59,,,0.06,
1998-04-17,5.59,,,0.05,
1998-04-20,5.65,,,0.08,
1998-04-21,5.68,,,0.08,
1998-04-22,5.68,,,0.08,
1998-04-23,5.69,,,0.08,
1998-04-24,5.67,,,0.06,
1998-04-27,5.8,,,0.09,
1998-04-28,5.8,,,0.11,
1998-04-29,5.81,,,0.1,
1998-04-30,5.68,,,0.09,
1998-05-01,5.67,,162.6,0.08,
1998-05-04,5.67,,,0.08,
1998-05-05,5.7,,,0.09,
1998-05-06,5.67,,,0.11,
1998-05-07,5.67,,,0.11,
1998-05-08,5.71,,,0.1,
1998-05-11,5.79,,,0.13,
1998-05-12,5.7,,,0.11,
1998-05-13,5.64,,,0.05,
1998-05-14,5.67,,,0.04,
1998-05-15,5.68,,,0.05,
1998-05-18,5.64,,,0.05,
1998-05-19,5.65,,,0.06,
1998-05-20,5.61,,,0.04,
1998-05-21,5.65,,,0.02,
1998-05-22,5.64,,,0.01,
1998-05-25,,,,,
1998-05-26,5.59,,,-0.02,
1998-05-27,5.56,,,0.03,
1998-05-28,5.58,,,0.01,
1998-05-29,5.56,,,0.03,
1998-06-01,5.53,,162.8,0.01,
1998-06-02,5.56,,,0.03,
1998-06-03,5.57,,,0.02,
1998-06-04,5.59,,,0.01,
1998-06-05,5.58,,,0.0,
1998-06-08,5.58,,,0.0,
1998-06-09,5.59,,,-0.01,
1998-06-10,5.51,,,-0.04,
1998-06-11,5.44,,,-0.01,
1998-06-12,5.43,,,0.0,
1998-06-15,5.38,,,-0.05,
1998-06-16,5.45,,,-0.05,
1998-06-17,5.54,,,-0.01,
1998-06-18,5.5,,,-0.03,
1998-06-19,5.47,,,-0.05,
1998-06-22,5.46,,,-0.06,
1998-06-23,5.45,,,-0.04,
1998-06-24,5.46,,,-0.03,
1998-06-25,5.46,,,-0.07,
1998-06-26,5.46,,,-0.05,
1998-06-29,5.47,,,-0.04,
1998-06-30,5.44,,,-0.05,
1998-07-01,5.44,,163.2,-0.02,
1998-07-02,5.42,,,-0.02,
1998-07-03,,,,,
1998-07-06,5.39,,,-0.04,
1998-07-07,5.42,,,-0.02,
1998-07-08,5.43,,,-0.01,
1998-07-09,5.41,,,-0.02,
1998-07-10,5.42,,,0.01,
1998-07-13,5.46,,,0.02,
1998-07-14,5.49,,,0.03,
1998-07-15,5.48,,,0.02,
1998-07-16,5.5,,,0.04,
1998-07-17,5.51,,,0.05,
1998-07-20,5.48,,,0.02,
1998-07-21,5.45,,,-0.01,
1998-07-22,5.46,,,-0.02,
1998-07-23,5.45,,,-0.01,
1998-07-24,5.45,,,-0.03,
1998-07-27,5.47,,,-0.01,
1998-07-28,5.5,,,0.04,
1998-07-29,5.52,,,0.03,
1998-07-30,5.5,,,0.01,
1998-07-31,5.5,,,0.01,
1998-08-01,,,163.4,,
1998-08-03,5.46,,,0.0,
1998-08-04,5.43,,,0.0,
1998-08-05,5.43,,,0.04,
1998-08-06,5.44,,,0.05,
1998-08-07,5.4,,,0.06,
1998-08-10,5.41,,,0.07,
1998-08-11,5.37,,,0.06,
1998-08-12,5.4,,,0.08,
1998-08-13,5.44,,,0.07,
1998-08-14,5.4,,,0.06,
1998-08-17,5.4,,,0.06,
1998-08-18,5.41,,,0.05,
1998-08-19,5.42,,,0.08,
1998-08-20,5.38,,,0.06,
1998-08-21,5.32,,,0.07,
1998-08-24,5.3,,,0.08,
1998-08-25,5.25,,,0.07,
1998-08-26,5.26,,,0.14,
1998-08-27,5.12,,,0.14,
1998-08-28,5.09,,,0.16,
1998-08-31,5.05,,,0.14,
1998-09-01,5.05,,163.5,0.19,
1998-09-02,5.1,,,0.14,
1998-09-03,5.03,,,0.12,
1998-09-04,5.02,,,0.11,
1998-09-07,,,,,
1998-09-08,5.04,,,0.13,
1998-09-09,4.95,,,0.16,
1998-09-10,4.76,,,0.19,
1998-09-11,4.85,,,0.17,
1998-09-14,4.87,,,0.15,
1998-09-15,4.9,,,0.17,
1998-09-16,4.88,,,0.13,
1998-09-17,4.8,,,0.1,
1998-09-18,4.7,,,0.09,
1998-09-21,4.69,,,0.06,
1998-09-22,4.73,,,0.07,
1998-09-23,4.69,,,0.17,
1998-09-24,4.64,,,0.21,
1998-09-25,4.6,,,0.17,
1998-09-28,4.61,,,0.16,
1998-09-29,4.59,,,0.12,
1998-09-30,4.44,,,0.14,
1998-10-01,4.33,,163.9,0.16,
1998-10-02,4.31,,,0.14,
1998-10-05,4.16,,,0.12,
1998-10-06,4.24,,,0.14,
1998-10-07,4.34,,,0.22,
1998-10-08,4.56,,,0.46,
1998-10-09,4.77,,,0.58,
1998-10-12,,,,,
1998-10-13,4.73,,,0.6,
1998-10-14,4.58,,,0.5,
1998-10-15,4.58,,,0.45,
1998-10-16,4.44,,,0.58,
1998-10-19,4.47,,,0.57,
1998-10-20,4.57,,,0.59,
1998-10-21,4.59,,,0.47,
1998-10-22,4.62,,,0.46,
1998-10-23,4.7,,,0.5,
1998-10-26,4.73,,,0.5,
1998-10-27,4.63,,,0.51,
1998-10-28,4.6,,,0.59,
1998-10-29,4.54,,,0.54,
1998-10-30,4.64,,,0.52,
1998-11-01,,,164.1,,
1998-11-02,4.77,,,0.51,
1998-11-03,4.78,,,0.53,
1998-11-04,4.83,,,0.4,
1998-11-05,4.82,,,0.35,
1998-11-06,4.93,,,0.34,
1998-11-09,4.88,,,0.31,
1998-11-10,4.81,,,0.31,
1998-11-11,,,,,
1998-11-12,4.77,,,0.3,
1998-11-13,4.82,,,0.28,
1998-11-16,4.85,,,0.29,
1998-11-17,4.87,,,0.29,
1998-11-18,4.85,,,0.22,
1998-11-19,4.85,,,0.19,
1998-11-20,4.82,,,0.16,
1998-11-23,4.84,,,0.21,
1998-11-24,4.85,,,0.21,
1998-11-25,4.83,,,0.17,
1998-11-26,,,,,
1998-11-27,4.81,,,0.19,
1998-11-30,4.74,,,0.2,
1998-12-01,4.67,,164.4,0.23,
1998-12-02,4.59,,,0.23,
1998-12-03,4.58,,,0.22,
1998-12-04,4.62,,,0.16,
1998-12-07,4.69,,,0.15,
1998-12-08,4.6,,,0.14,
1998-12-09,4.56,,,0.14,
1998-12-10,4.53,,,0.14,
1998-12-11,4.61,,,0.15,
1998-12-14,4.58,,,0.16,
1998-12-15,4.62,,,0.15,
1998-12-16,4.58,,,0.18,
1998-12-17,4.58,,,0.16,
1998-12-18,4.58,,,0.13,
1998-12-21,4.64,,,0.08,
1998-12-22,4.7,,,0.11,
1998-12-23,4.81,,,0.08,
1998-12-24,4.86,,,0.08,
1998-12-25,,,,,
1998-12-28,4.78,,,0.05,
1998-12-29,4.71,,,0.11,
1998-12-30,4.65,,,0.09,
1998-12-31,4.65,,,0.11,
1999-01-01,,,164.7,,
1999-01-04,4.69,,,0.11,
1999-01-05,4.74,,,0.1,
1999-01-06,4.73,,,0.11,
1999-01-07,4.77,,,0.14,
1999-01-08,4.86,,,0.15,
1999-01-11,4.9,,,0.16,
1999-01-12,4.82,,,0.14,
1999-01-13,4.74,,,0.13,
1999-01-14,4.63,,,0.16,
1999-01-15,4.66,,,0.1,
1999-01-18,,,,,
1999-01-19,4.71,,,0.09,
1999-01-20,4.76,,,0.1,
1999-01-21,4.7,,,0.07,
1999-01-22,4.64,,,0.05,
1999-01-25,4.67,,,0.08,
1999-01-26,4.69,,,0.06,
1999-01-27,4.68,,,0.11,
1999-01-28,4.67,,,0.09,
1999-01-29,4.66,,,0.08,
1999-02-01,4.75,,164.7,0.1,
1999-02-02,4.79,,,0.09,
1999-02-03,4.83,,,0.11,
1999-02-04,4.89,,,0.12,
1999-02-05,4.94,,,0.14,
1999-02-08,4.94,,,0.14,
1999-02-09,4.91,,,0.12,
1999-02-10,4.9,,,0.13,
1999-02-11,4.93,,,0.13,
1999-02-12,5.06,,,0.15,
1999-02-15,,,,,
1999-02-16,5.03,,,0.1,
1999-02-17,4.98,,,0.09,
1999-02-18,5.04,,,0.11,
1999-02-19,5.07,,,0.12,
1999-02-22,5.03,,,0.12,
1999-02-23,5.1,,,0.1,
1999-02-24,5.18,,,0.13,
1999-02-25,5.32,,,0.17,
1999-02-26,5.29,,,0.16,
1999-03-01,5.4,,164.8,0.2,
1999-03-02,5.35,,,0.17,
1999-03-03,5.39,,,0.2,
1999-03-04,5.41,,,0.21,
1999-03-05,5.34,,,0.2,
1999-03-08,5.29,,,0.17,
1999-03-09,5.18,,,0.16,
1999-03-10,5.2,,,0.16,
1999-03-11,5.21,,,0.16,
1999-03-12,5.16,,,0.16,
1999-03-15,5.15,,,0.16,
1999-03-16,5.11,,,0.14,
1999-03-17,5.14,,,0.13,
1999-03-18,5.11,,,0.12,
1999-03-19,5.17,,,0.13,
1999-03-22,5.21,,,0.13,
1999-03-23,5.2,,,0.17,
1999-03-24,5.17,,,0.19,
1999-03-25,5.21,,,0.19,
1999-03-26,5.21,,,0.22,
1999-03-29,5.28,,,0.26,
1999-03-30,5.21,,,0.24,
1999-03-31,5.25,,,0.26,
1999-04-01,5.27,,165.9,0.26,
1999-04-02,5.2,,,0.24,
1999-04-05,5.2,,,0.24,
1999-04-06,5.13,,,0.2,
1999-04-07,5.14,,,0.21,
1999-04-08,5.03,,,0.17,
1999-04-09,5.05,,,0.17,
1999-04-12,5.06,,,0.13,
1999-04-13,5.12,,,0.18,
1999-04-14,5.13,,,0.18,
1999-04-15,5.18,,,0.21,
1999-04-16,5.23,,,0.21,
1999-04-19,5.18,,,0.19,
1999-04-20,5.16,,,0.21,
1999-04-21,5.17,,,0.18,
1999-04-22,5.25,,,0.2,
1999-04-23,5.26,,,0.22,
1999-04-26,5.23,,,0.19,
1999-04-27,5.22,,,0.18,
1999-04-28,5.27,,,0.25,
1999-04-29,5.22,,,0.27,
1999-04-30,5.36,,,0.28,
1999-05-01,,,166.0,,
1999-05-03,5.38,,,0.3,
1999-05-04,5.42,,,0.3,
1999-05-05,5.4,,,0.31,
1999-05-06,5.52,,,0.33,
1999-05-07,5.54,,,0.35,
1999-05-10,5.54,,,0.39,
1999-05-11,5.59,,,0.4,
1999-05-12,5.51,,,0.32,
1999-05-13,5.41,,,0.29,
1999-05-14,5.62,,,0.32,
1999-05-17,5.66,,,0.35,
1999-05-18,5.68,,,0.3,
1999-05-19,5.6,,,0.23,
1999-05-20,5.6,,,0.25,
1999-05-21,5.52,,,0.22,
1999-05-24,5.5,,,0.22,
1999-05-25,5.49,,,0.19,
1999-05-26,5.55,,,0.22,
1999-05-27,5.62,,,0.19,
1999-05-28,5.64,,,0.22,
1999-05-31,,,,,
1999-06-01,5.78,,166.0,0.24,
1999-06-02,5.8,,,0.25,
1999-06-03,5.8,,,0.26,
1999-06-04,5.82,,,0.26,
1999-06-07,5.81,,,0.25,
1999-06-08,5.83,,,0.26,
1999-06-09,5.87,,,0.26,
1999-06-10,5.92,,,0.26,
1999-06-11,6.02,,,0.32,
1999-06-14,5.98,,,0.32,
1999-06-15,5.98,,,0.32,
1999-06-16,5.94,,,0.33,
1999-06-17,5.79,,,0.3,
1999-06-18,5.84,,,0.28,
1999-06-21,5.9,,,0.28,
1999-06-22,5.94,,,0.29,
1999-06-23,6.0,,,0.3,
1999-06-24,6.05,,,0.3,
1999-06-25,6.02,,,0.29,
1999-06-28,5.96,,,0.28,
1999-06-29,5.93,,,0.25,
1999-06-30,5.81,,,0.28,
1999-07-01,5.85,,166.7,0.27,
1999-07-02,5.82,,,0.24,
1999-07-05,,,,,
1999-07-06,5.88,,,0.24,
1999-07-07,5.92,,,0.28,
1999-07-08,5.85,,,0.26,
1999-07-09,5.84,,,0.23,
1999-07-12,5.74,,,0.21,
1999-07-13,5.71,,,0.21,
1999-07-14,5.74,,,0.19,
1999-07-15,5.72,,,0.19,
1999-07-16,5.68,,,0.18,
1999-07-19,5.66,,,0.2,
1999-07-20,5.65,,,0.22,
1999-07-21,5.66,,,0.21,
1999-07-22,5.78,,,0.26,
1999-07-23,5.84,,,0.26,
1999-07-26,5.86,,,0.25,
1999-07-27,5.82,,,0.26,
1999-07-28,5.81,,,0.27,
1999-07-29,5.88,,,0.26,
1999-07-30,5.92,,,0.29,
1999-08-01,,,167.1,,
1999-08-02,5.92,,,0.27,
1999-08-03,5.95,,,0.3,
1999-08-04,5.96,,,0.32,
1999-08-05,5.88,,,0.33,
1999-08-06,6.02,,,0.33,
1999-08-09,6.13,,,0.34,
1999-08-10,6.16,,,0.37,
1999-08-11,6.05,,,0.29,
1999-08-12,6.08,,,0.3,
1999-08-13,5.98,,,0.27,
1999-08-16,5.98,,,0.23,
1999-08-17,5.89,,,0.21,
1999-08-18,5.88,,,0.22,
1999-08-19,5.9,,,0.24,
1999-08-20,5.88,,,0.23,
1999-08-23,5.89,,,0.23,
1999-08-24,5.85,,,0.2,
1999-08-25,5.73,,,0.2,
1999-08-26,5.75,,,0.19,
1999-08-27,5.85,,,0.2,
1999-08-30,5.95,,,0.22,
1999-08-31,5.98,,,0.25,
1999-09-01,5.99,,167.8,0.25,
1999-09-02,6.03,,,0.29,
1999-09-03,5.89,,,0.25,
1999-09-06,,,,,
1999-09-07,5.95,,,0.26,
1999-09-08,5.93,,,0.26,
1999-09-09,5.97,,,0.26,
1999-09-10,5.89,,,0.25,
1999-09-13,5.92,,,0.26,
1999-09-14,5.96,,,0.25,
1999-09-15,5.94,,,0.27,
1999-09-16,5.9,,,0.27,
1999-09-17,5.87,,,0.24,
1999-09-20,5.91,,,0.24,
1999-09-21,5.94,,,0.27,
1999-09-22,5.92,,,0.25,
1999-09-23,5.87,,,0.24,
1999-09-24,5.75,,,0.2,
1999-09-27,5.83,,,0.21,
1999-09-28,5.89,,,0.24,
1999-09-29,5.97,,,0.29,
1999-09-30,5.9,,,0.27,
1999-10-01,6.0,,168.1,0.27,
1999-10-04,5.95,,,0.25,
1999-10-05,6.02,,,0.24,
1999-10-06,6.04,,,0.23,
1999-10-07,6.05,,,0.23,
1999-10-08,6.04,,,0.24,
1999-10-11,,,,,
1999-10-12,6.07,,,0.25,
1999-10-13,6.12,,,0.25,
1999-10-14,6.17,,,0.27,
1999-10-15,6.09,,,0.27,
1999-10-18,6.12,,,0.27,
1999-10-19,6.18,,,0.26,
1999-10-20,6.19,,,0.25,
1999-10-21,6.2,,,0.27,
1999-10-22,6.21,,,0.25,
1999-10-25,6.22,,,0.24,
1999-10-26,6.24,,,0.22,
1999-10-27,6.19,,,0.25,
1999-10-28,6.12,,,0.25,
1999-10-29,6.02,,,0.23,
1999-11-01,6.06,,168.4,0.23,
1999-11-02,6.04,,,0.23,
1999-11-03,6.01,,,0.22,
1999-11-04,5.95,,,0.21,
1999-11-05,5.92,,,0.2,
1999-11-08,5.95,,,0.21,
1999-11-09,5.97,,,0.2,
1999-11-10,6.0,,,0.19,
1999-11-11,,,,,
1999-11-12,5.93,,,0.15,
1999-11-15,5.94,,,0.15,
1999-11-16,5.97,,,0.12,
1999-11-17,6.04,,,0.14,
1999-11-18,6.06,,,0.16,
1999-11-19,6.07,,,0.15,
1999-11-22,6.09,,,0.14,
1999-11-23,6.08,,,0.15,
1999-11-24,6.09,,,0.12,
1999-11-25,,,,,
1999-11-26,6.12,,,0.13,
1999-11-29,6.21,,,0.17,
1999-11-30,6.18,,,0.17,
1999-12-01,6.21,,168.8,0.17,
1999-12-02,6.24,,,0.18,
1999-12-03,6.17,,,0.18,
1999-12-06,6.16,,,0.18,
1999-12-07,6.11,,,0.16,
1999-12-08,6.15,,,0.17,
1999-12-09,6.14,,,0.18,
1999-12-10,6.08,,,0.15,
1999-12-13,6.11,,,0.15,
1999-12-14,6.22,,,0.15,
1999-12-15,6.25,,,0.15,
1999-12-16,6.31,,,0.16,
1999-12-17,6.3,,,0.15,
1999-12-20,6.36,,,0.15,
1999-12-21,6.38,,,0.17,
1999-12-22,6.39,,,0.15,
1999-12-23,6.41,,,0.17,
1999-12-24,,,,,
1999-12-27,6.4,,,0.19,
1999-12-28,6.43,,,0.2,
1999-12-29,6.4,,,0.19,
1999-12-30,6.39,,,0.2,
1999-12-31,6.45,,,0.21,
2000-01-01,,,169.3,,
2000-01-03,6.58,,,0.2,
2000-01-04,6.49,,,0.19,
2000-01-05,6.62,,,0.24,
2000-01-06,6.57,,,0.22,
2000-01-07,6.52,,,0.21,
2000-01-10,6.57,,,0.19,
2000-01-11,6.67,,,0.22,
2000-01-12,6.72,,,0.23,
2000-01-13,6.63,,,0.23,
2000-01-14,6.69,,,0.25,
2000-01-17,,,,,
2000-01-18,6.75,,,0.28,
2000-01-19,6.73,,,0.27,
2000-01-20,6.79,,,0.3,
2000-01-21,6.79,,,0.31,
2000-01-24,6.69,,,0.26,
2000-01-25,6.7,,,0.26,
2000-01-26,6.69,,,0.24,
2000-01-27,6.68,,,0.17,
2000-01-28,6.66,,,0.08,
2000-01-31,6.68,,,0.07,
2000-02-01,6.62,,170.0,0.02,
2000-02-02,6.6,,,-0.03,
2000-02-03,6.49,,,-0.07,
2000-02-04,6.53,,,-0.1,
2000-02-07,6.64,,,-0.04,
2000-02-08,6.59,,,-0.1,
2000-02-09,6.56,,,-0.13,
2000-02-10,6.67,,,0.0,
2000-02-11,6.63,,,-0.02,
2000-02-14,6.56,,,-0.06,
2000-02-15,6.56,,,-0.1,
2000-02-16,6.56,,,-0.07,
2000-02-17,6.58,,,-0.11,
2000-02-18,6.49,,,-0.17,
2000-02-21,,,,,
2000-02-22,6.36,,,-0.21,
2000-02-23,6.44,,,-0.17,
2000-02-24,6.36,,,-0.16,
2000-02-25,6.36,,,-0.09,
2000-02-28,6.37,,,-0.1,
2000-02-29,6.42,,,-0.11,
2000-03-01,6.39,,171.0,-0.13,
2000-03-02,6.4,,,-0.12,
2000-03-03,6.39,,,-0.11,
2000-03-06,6.42,,,-0.13,
2000-03-07,6.39,,,-0.09,
2000-03-08,6.38,,,-0.12,
2000-03-09,6.35,,,-0.13,
2000-03-10,6.39,,,-0.16,
2000-03-13,6.36,,,-0.16,
2000-03-14,6.31,,,-0.17,
2000-03-15,6.29,,,-0.21,
2000-03-16,6.26,,,-0.24,
2000-03-17,6.2,,,-0.3,
2000-03-20,6.18,,,-0.34,
2000-03-21,6.13,,,-0.37,
2000-03-22,6.13,,,-0.37,
2000-03-23,6.08,,,-0.44,
2000-03-24,6.2,,,-0.44,
2000-03-27,6.21,,,-0.45,
2000-03-28,6.17,,,-0.43,
2000-03-29,6.18,,,-0.41,
2000-03-30,6.06,,,-0.46,
2000-03-31,6.03,,,-0.47,
2000-04-01,,,170.9,,
2000-04-03,6.0,,,-0.45,
2000-04-04,5.9,,,-0.45,
2000-04-05,5.9,,,-0.45,
2000-04-06,5.93,,,-0.45,
2000-04-07,5.86,,,-0.52,
2000-04-10,5.8,,,-0.51,
2000-04-11,5.89,,,-0.47,
2000-04-12,5.97,,,-0.43,
2000-04-13,5.94,,,-0.46,
2000-04-14,5.85,,,-0.42,
2000-04-17,6.01,,,-0.32,
2000-04-18,6.05,,,-0.28,
2000-04-19,5.99,,,-0.34,
2000-04-20,5.99,,,-0.39,
2000-04-21,,,,,
2000-04-24,6.0,,,-0.36,
2000-04-25,6.14,,,-0.34,
2000-04-26,6.14,,,-0.36,
2000-04-27,6.23,,,-0.4,
2000-04-28,6.23,,,-0.45,
2000-05-01,6.29,,171.2,-0.44,
2000-05-02,6.32,,,-0.4,
2000-05-03,6.4,,,-0.33,
2000-05-04,6.46,,,-0.31,
2000-05-05,6.51,,,-0.33,
2000-05-08,6.57,,,-0.3,
2000-05-09,6.53,,,-0.33,
2000-05-10,6.47,,,-0.37,
2000-05-11,6.43,,,-0.39,
2000-05-12,6.51,,,-0.4,
2000-05-15,6.47,,,-0.41,
2000-05-16,6.43,,,-0.46,
2000-05-17,6.48,,,-0.42,
2000-05-18,6.56,,,-0.37,
2000-05-19,6.51,,,-0.35,
2000-05-22,6.44,,,-0.37,
2000-05-23,6.45,,,-0.38,
2000-05-24,6.47,,,-0.32,
2000-05-25,6.39,,,-0.32,
2000-05-26,6.33,,,-0.36,
2000-05-29,,,,,
2000-05-30,6.38,,,-0.36,
2000-05-31,6.29,,,-0.4,
2000-06-01,6.2,,172.2,-0.41,
2000-06-02,6.15,,,-0.37,
2000-06-05,6.12,,,-0.37,
2000-06-06,6.14,,,-0.37,
2000-06-07,6.13,,,-0.39,
2000-06-08,6.13,,,-0.43,
2000-06-09,6.13,,,-0.43,
2000-06-12,6.09,,,-0.43,
2000-06-13,6.11,,,-0.38,
2000-06-14,6.06,,,-0.38,
2000-06-15,6.05,,,-0.39,
2000-06-16,5.99,,,-0.39,
2000-06-19,6.0,,,-0.4,
2000-06-20,6.03,,,-0.4,
2000-06-21,6.11,,,-0.39,
2000-06-22,6.12,,,-0.38,
2000-06-23,6.19,,,-0.36,
2000-06-26,6.11,,,-0.39,
2000-06-27,6.1,,,-0.4,
2000-06-28,6.11,,,-0.32,
2000-06-29,6.04,,,-0.33,
2000-06-30,6.03,,,-0.35,
2000-07-01,,,172.7,,
2000-07-03,6.0,,,-0.31,
2000-07-04,,,,,
2000-07-05,5.99,,,-0.3,
2000-07-06,6.05,,,-0.29,
2000-07-07,6.01,,,-0.28,
2000-07-10,6.04,,,-0.27,
2000-07-11,6.06,,,-0.26,
2000-07-12,6.09,,,-0.25,
2000-07-13,6.01,,,-0.3,
2000-07-14,6.1,,,-0.31,
2000-07-17,6.17,,,-0.29,
2000-07-18,6.16,,,-0.28,
2000-07-19,6.16,,,-0.3,
2000-07-20,6.01,,,-0.31,
2000-07-21,6.01,,,-0.31,
2000-07-24,6.04,,,-0.31,
2000-07-25,6.04,,,-0.31,
2000-07-26,6.04,,,-0.25,
2000-07-27,6.02,,,-0.25,
2000-07-28,6.04,,,-0.26,
2000-07-31,6.04,,,-0.26,
2000-08-01,6.0,,172.7,-0.27,
2000-08-02,5.98,,,-0.25,
2000-08-03,5.95,,,-0.27,
2000-08-04,5.91,,,-0.24,
2000-08-07,5.97,,,-0.23,
2000-08-08,5.93,,,-0.23,
2000-08-09,5.81,,,-0.37,
2000-08-10,5.76,,,-0.4,
2000-08-11,5.79,,,-0.46,
2000-08-14,5.78,,,-0.47,
2000-08-15,5.81,,,-0.47,
2000-08-16,5.83,,,-0.47,
2000-08-17,5.81,,,-0.49,
2000-08-18,5.78,,,-0.49,
2000-08-21,5.79,,,-0.49,
2000-08-22,5.78,,,-0.49,
2000-08-23,5.73,,,-0.47,
2000-08-24,5.73,,,-0.46,
2000-08-25,5.73,,,-0.46,
2000-08-28,5.78,,,-0.45,
2000-08-29,5.81,,,-0.45,
2000-08-30,5.81,,,-0.43,
2000-08-31,5.73,,,-0.45,
2000-09-01,5.68,,173.6,-0.41,
2000-09-04,,,,,
2000-09-05,5.69,,,-0.4,
2000-09-06,5.72,,,-0.39,
2000-09-07,5.76,,,-0.38,
2000-09-08,5.73,,,-0.38,
2000-09-11,5.77,,,-0.35,
2000-09-12,5.78,,,-0.34,
2000-09-13,5.74,,,-0.35,
2000-09-14,5.79,,,-0.32,
2000-09-15,5.84,,,-0.23,
2000-09-18,5.88,,,-0.16,
2000-09-19,5.86,,,-0.19,
2000-09-20,5.91,,,-0.2,
2000-09-21,5.88,,,-0.23,
2000-09-22,5.85,,,-0.24,
2000-09-25,5.84,,,-0.27,
2000-09-26,5.81,,,-0.26,
2000-09-27,5.83,,,-0.17,
2000-09-28,5.82,,,-0.2,
2000-09-29,5.8,,,-0.18,
2000-10-01,,,173.9,,
2000-10-02,5.83,,,-0.15,
2000-10-03,5.87,,,-0.13,
2000-10-04,5.9,,,-0.13,
2000-10-05,5.87,,,-0.15,
2000-10-06,5.82,,,-0.16,
2000-10-09,,,,,
2000-10-10,5.8,,,-0.18,
2000-10-11,5.77,,,-0.16,
2000-10-12,5.73,,,-0.13,
2000-10-13,5.73,,,-0.11,
2000-10-16,5.74,,,-0.15,
2000-10-17,5.68,,,-0.15,
2000-10-18,5.66,,,-0.16,
2000-10-19,5.66,,,-0.2,
2000-10-20,5.64,,,-0.2,
2000-10-23,5.59,,,-0.23,
2000-10-24,5.63,,,-0.23,
2000-10-25,5.67,,,-0.2,
2000-10-26,5.69,,,-0.21,
2000-10-27,5.72,,,-0.22,
2000-10-30,5.74,,,-0.23,
2000-10-31,5.77,,,-0.17,
2000-11-01,5.74,,174.2,-0.14,
2000-11-02,5.74,,,-0.13,
2000-11-03,5.83,,,-0.11,
2000-11-06,5.87,,,-0.12,
2000-11-07,5.87,,,-0.12,
2000-11-08,5.87,,,-0.12,
2000-11-09,5.82,,,-0.12,
2000-11-10,5.82,,,-0.1,
2000-11-13,5.77,,,-0.13,
2000-11-14,5.76,,,-0.16,
2000-11-15,5.72,,,-0.18,
2000-11-16,5.68,,,-0.19,
2000-11-17,5.71,,,-0.17,
2000-11-20,5.68,,,-0.19,
2000-11-21,5.67,,,-0.19,
2000-11-22,5.62,,,-0.23,
2000-11-23,,,,,
2000-11-24,5.63,,,-0.23,
2000-11-27,5.64,,,-0.22,
2000-11-28,5.59,,,-0.2,
2000-11-29,5.55,,,-0.14,
2000-11-30,5.48,,,-0.13,
2000-12-01,5.52,,174.6,-0.1,
2000-12-04,5.53,,,-0.06,
2000-12-05,5.43,,,-0.06,
2000-12-06,5.32,,,-0.1,
2000-12-07,5.32,,,-0.13,
2000-12-08,5.35,,,-0.15,
2000-12-11,5.37,,,-0.15,
2000-12-12,5.36,,,-0.18,
2000-12-13,5.29,,,-0.16,
2000-12-14,5.23,,,-0.2,
2000-12-15,5.2,,,-0.18,
2000-12-18,5.17,,,-0.16,
2000-12-19,5.19,,,-0.16,
2000-12-20,5.08,,,-0.16,
2000-12-21,5.03,,,-0.11,
2000-12-22,5.02,,,-0.08,
2000-12-25,,,,,
2000-12-26,5.04,,,-0.06,
2000-12-27,5.11,,,0.01,
2000-12-28,5.13,,,-0.05,
2000-12-29,5.12,,,0.01,
2001-01-01,,,175.6,,
2001-01-02,4.92,,,0.05,
2001-01-03,5.14,,,0.22,
2001-01-04,5.03,,,0.26,
2001-01-05,4.93,,,0.37,
2001-01-08,4.94,,,0.4,
2001-01-09,4.98,,,0.34,
2001-01-10,5.1,,,0.34,
2001-01-11,5.14,,,0.37,
2001-01-12,5.25,,,0.35,
2001-01-15,,,,,
2001-01-16,5.24,,,0.35,
2001-01-17,5.19,,,0.35,
2001-01-18,5.12,,,0.4,
2001-01-19,5.19,,,0.44,
2001-01-22,5.25,,,0.5,
2001-01-23,5.3,,,0.48,
2001-01-24,5.33,,,0.52,
2001-01-25,5.29,,,0.51,
2001-01-26,5.29,,,0.51,
2001-01-29,5.32,,,0.55,
2001-01-30,5.24,,,0.54,
2001-01-31,5.19,,,0.57,
2001-02-01,5.1,,176.0,0.55,
2001-02-02,5.17,,,0.52,
2001-02-05,5.18,,,0.5,
2001-02-06,5.22,,,0.5,
2001-02-07,5.1,,,0.4,
2001-02-08,5.1,,,0.37,
2001-02-09,5.03,,,0.36,
2001-02-12,5.05,,,0.38,
2001-02-13,5.07,,,0.32,
2001-02-14,5.13,,,0.29,
2001-02-15,5.19,,,0.3,
2001-02-16,5.11,,,0.36,
2001-02-19,,,,,
2001-02-20,5.11,,,0.38,
2001-02-21,5.14,,,0.46,
2001-02-22,5.15,,,0.52,
2001-02-23,5.1,,,0.57,
2001-02-26,5.05,,,0.59,
2001-02-27,4.96,,,0.52,
2001-02-28,4.92,,,0.51,
2001-03-01,4.87,,176.1,0.46,
2001-03-02,4.95,,,0.47,
2001-03-05,4.98,,,0.49,
2001-03-06,4.99,,,0.5,
2001-03-07,4.92,,,0.49,
2001-03-08,4.89,,,0.46,
2001-03-09,4.95,,,0.48,
2001-03-12,4.92,,,0.46,
2001-03-13,4.95,,,0.49,
2001-03-14,4.84,,,0.52,
2001-03-15,4.81,,,0.59,
2001-03-16,4.78,,,0.52,
2001-03-19,4.82,,,0.5,
2001-03-20,4.78,,,0.54,
2001-03-21,4.77,,,0.56,
2001-03-22,4.73,,,0.56,
2001-03-23,4.8,,,0.56,
2001-03-26,4.85,,,0.58,
2001-03-27,5.0,,,0.59,
2001-03-28,4.97,,,0.67,
2001-03-29,4.98,,,0.71,
2001-03-30,4.93,,,0.75,
2001-04-01,,,176.4,,
2001-04-02,4.98,,,0.76,
2001-04-03,4.94,,,0.79,
2001-04-04,4.94,,,0.82,
2001-04-05,4.98,,,0.79,
2001-04-06,4.89,,,0.82,
2001-04-09,4.93,,,0.83,
2001-04-10,5.09,,,0.85,
2001-04-11,5.12,,,0.83,
2001-04-12,5.17,,,0.81,
2001-04-13,,,,,
2001-04-16,5.28,,,0.79,
2001-04-17,5.21,,,0.8,
2001-04-18,5.14,,,0.88,
2001-04-19,5.27,,,0.98,
2001-04-20,5.29,,,1.03,
2001-04-23,5.2,,,1.05,
2001-04-24,5.22,,,1.06,
2001-04-25,5.28,,,1.08,
2001-04-26,5.2,,,1.06,
2001-04-27,5.34,,,1.06,
2001-04-30,5.35,,,1.05,
2001-05-01,5.3,,177.3,1.07,
2001-05-02,5.31,,,1.04,
2001-05-03,5.22,,,1.0,
2001-05-04,5.21,,,1.07,
2001-05-07,5.21,,,1.09,
2001-05-08,5.24,,,1.14,
2001-05-09,5.2,,,1.13,
2001-05-10,5.31,,,1.14,
2001-05-11,5.51,,,1.15,
2001-05-14,5.46,,,1.17,
2001-05-15,5.5,,,1.22,
2001-05-16,5.48,,,1.23,
2001-05-17,5.46,,,1.13,
2001-05-18,5.41,,,1.04,
2001-05-21,5.41,,,1.04,
2001-05-22,5.42,,,1.08,
2001-05-23,5.41,,,1.12,
2001-05-24,5.52,,,1.2,
2001-05-25,5.52,,,1.21,
2001-05-28,,,,,
2001-05-29,5.54,,,1.21,
2001-05-30,5.54,,,1.2,
2001-05-31,5.43,,,1.21,
2001-06-01,5.39,,177.7,1.17,
2001-06-04,5.35,,,1.16,
2001-06-05,5.29,,,1.17,
2001-06-06,5.27,,,1.15,
2001-06-07,5.33,,,1.19,
2001-06-08,5.38,,,1.21,
2001-06-11,5.32,,,1.21,
2001-06-12,5.27,,,1.18,
2001-06-13,5.28,,,1.2,
2001-06-14,5.26,,,1.22,
2001-06-15,5.27,,,1.26,
2001-06-18,5.27,,,1.29,
2001-06-19,5.26,,,1.27,
2001-06-20,5.24,,,1.26,
2001-06-21,5.22,,,1.23,
2001-06-22,5.14,,,1.21,
2001-06-25,5.16,,,1.2,
2001-06-26,5.24,,,1.21,
2001-06-27,5.26,,,1.2,
2001-06-28,5.35,,,1.13,
2001-06-29,5.42,,,1.17,
2001-07-01,,,177.4,,
2001-07-02,5.37,,,1.16,
2001-07-03,5.41,,,1.17,
2001-07-04,,,,,
2001-07-05,5.44,,,1.2,
2001-07-06,5.41,,,1.25,
2001-07-09,5.37,,,1.22,
2001-07-10,5.32,,,1.24,
2001-07-11,5.31,,,1.24,
2001-07-12,5.27,,,1.2,
2001-07-13,5.27,,,1.15,
2001-07-16,5.21,,,1.14,
2001-07-17,5.22,,,1.13,
2001-07-18,5.12,,,1.16,
2001-07-19,5.13,,,1.15,
2001-07-20,5.15,,,1.17,
2001-07-23,5.13,,,1.15,
2001-07-24,5.13,,,1.16,
2001-07-25,5.2,,,1.22,
2001-07-26,5.19,,,1.25,
2001-07-27,5.13,,,1.26,
2001-07-30,5.11,,,1.25,
2001-07-31,5.07,,,1.28,
2001-08-01,5.11,,177.4,1.28,
2001-08-02,5.17,,,1.28,
2001-08-03,5.2,,,1.29,
2001-08-06,5.19,,,1.31,
2001-08-07,5.2,,,1.3,
2001-08-08,4.99,,,1.22,
2001-08-09,5.04,,,1.27,
2001-08-10,4.99,,,1.26,
2001-08-13,4.97,,,1.27,
2001-08-14,4.97,,,1.23,
2001-08-15,5.0,,,1.2,
2001-08-16,4.95,,,1.2,
2001-08-17,4.84,,,1.17,
2001-08-20,4.91,,,1.17,
2001-08-21,4.87,,,1.18,
2001-08-22,4.91,,,1.15,
2001-08-23,4.89,,,1.17,
2001-08-24,4.93,,,1.17,
2001-08-27,4.94,,,1.16,
2001-08-28,4.85,,,1.14,
2001-08-29,4.78,,,1.11,
2001-08-30,4.79,,,1.18,
2001-08-31,4.85,,,1.21,
2001-09-01,,,178.1,,
2001-09-03,,,,,
2001-09-04,4.99,,,1.16,
2001-09-05,4.97,,,1.18,
2001-09-06,4.86,,,1.21,
2001-09-07,4.8,,,1.27,
2001-09-10,4.84,,,1.31,
2001-09-11,,,,,
2001-09-12,,,,,
2001-09-13,4.64,,,1.65,
2001-09-14,4.57,,,1.7,
2001-09-17,4.63,,,1.67,
2001-09-18,4.72,,,1.76,
2001-09-19,4.69,,,1.88,
2001-09-20,4.75,,,1.84,
2001-09-21,4.7,,,1.79,
2001-09-24,4.73,,,1.79,
2001-09-25,4.72,,,1.84,
2001-09-26,4.65,,,1.83,
2001-09-27,4.58,,,1.8,
2001-09-28,4.6,,,1.74,
2001-10-01,4.55,,177.6,1.73,
2001-10-02,4.53,,,1.76,
2001-10-03,4.5,,,1.73,
2001-10-04,4.53,,,1.78,
2001-10-05,4.52,,,1.81,
2001-10-08,,,,,
2001-10-09,4.62,,,1.88,
2001-10-10,4.61,,,1.83,
2001-10-11,4.69,,,1.81,
2001-10-12,4.68,,,1.87,
2001-10-15,4.62,,,1.84,
2001-10-16,4.59,,,1.82,
2001-10-17,4.59,,,1.79,
2001-10-18,4.58,,,1.81,
2001-10-19,4.63,,,1.86,
2001-10-22,4.63,,,1.84,
2001-10-23,4.66,,,1.85,
2001-10-24,4.61,,,1.89,
2001-10-25,4.56,,,1.93,
2001-10-26,4.53,,,1.9,
2001-10-29,4.5,,,1.95,
2001-10-30,4.44,,,1.96,
2001-10-31,4.3,,,1.86,
2001-11-01,4.24,,177.5,1.75,
2001-11-02,4.37,,,1.89,
2001-11-05,4.31,,,1.85,
2001-11-06,4.3,,,1.93,
2001-11-07,4.22,,,1.9,
2001-11-08,4.32,,,1.9,
2001-11-09,4.34,,,1.89,
2001-11-12,,,,,
2001-11-13,4.41,,,1.87,
2001-11-14,4.54,,,1.84,
2001-11-15,4.79,,,1.81,
2001-11-16,4.91,,,1.82,
2001-11-19,4.8,,,1.88,
2001-11-20,4.88,,,1.92,
2001-11-21,4.98,,,1.87,
2001-11-22,,,,,
2001-11-23,5.04,,,1.84,
2001-11-26,5.05,,,1.83,
2001-11-27,4.98,,,1.87,
2001-11-28,4.98,,,1.86,
2001-11-29,4.79,,,1.92,
2001-11-30,4.78,,,1.94,
2001-12-01,,,177.4,,
2001-12-03,4.75,,,1.93,
2001-12-04,4.7,,,1.89,
2001-12-05,4.92,,,1.85,
2001-12-06,5.04,,,1.85,
2001-12-07,5.2,,,2.01,
2001-12-10,5.17,,,2.07,
2001-12-11,5.13,,,2.1,
2001-12-12,5.02,,,2.05,
2001-12-13,5.13,,,2.04,
2001-12-14,5.24,,,2.04,
2001-12-17,5.26,,,2.05,
2001-12-18,5.16,,,2.03,
2001-12-19,5.08,,,1.97,
2001-12-20,5.08,,,1.93,
2001-12-21,5.12,,,1.95,
2001-12-24,5.18,,,1.96,
2001-12-25,,,,,
2001-12-26,5.22,,,1.96,
2001-12-27,5.13,,,1.94,
2001-12-28,5.15,,,1.99,
2001-12-31,5.07,,,2.0,
2002-01-01,,,177.7,,
2002-01-02,5.2,,,1.98,
2002-01-03,5.16,,,1.97,
2002-01-04,5.18,,,1.99,
2002-01-07,5.09,,,2.01,
2002-01-08,5.1,,,2.03,
2002-01-09,5.1,,,2.07,
2002-01-10,5.0,,,2.06,
2002-01-11,4.92,,,2.16,
2002-01-14,4.91,,,2.12,
2002-01-15,4.88,,,2.09,
2002-01-16,4.88,,,2.04,
2002-01-17,4.98,,,2.02,
2002-01-18,4.94,,,2.03,
2002-01-21,,,,,
2002-01-22,4.96,,,1.99,
2002-01-23,5.05,,,1.98,
2002-01-24,5.07,,,1.92,
2002-01-25,5.1,,,1.93,
2002-01-28,5.12,,,1.93,
2002-01-29,5.02,,,1.97,
2002-01-30,5.02,,,1.96,
2002-01-31,5.07,,,1.91,
2002-02-01,5.02,,178.0,1.94,
2002-02-04,4.94,,,1.95,
2002-02-05,4.92,,,1.93,
2002-02-06,4.92,,,1.94,
2002-02-07,4.93,,,1.94,
2002-02-08,4.9,,,1.95,
2002-02-11,4.91,,,1.96,
2002-02-12,4.97,,,1.93,
2002-02-13,5.01,,,1.92,
2002-02-14,4.95,,,1.88,
2002-02-15,4.86,,,1.89,
2002-02-18,,,,,
2002-02-19,4.88,,,1.9,
2002-02-20,4.88,,,1.88,
2002-02-21,4.88,,,1.88,
2002-02-22,4.84,,,1.87,
2002-02-25,4.86,,,1.85,
2002-02-26,4.93,,,1.85,
2002-02-27,4.84,,,1.75,
2002-02-28,4.88,,,1.82,
2002-03-01,4.98,,178.5,1.8,
2002-03-04,5.02,,,1.78,
2002-03-05,5.02,,,1.77,
2002-03-06,5.06,,,1.8,
2002-03-07,5.22,,,1.86,
2002-03-08,5.33,,,1.73,
2002-03-11,5.33,,,1.74,
2002-03-12,5.32,,,1.76,
2002-03-13,5.28,,,1.79,
2002-03-14,5.4,,,1.77,
2002-03-15,5.35,,,1.72,
2002-03-18,5.32,,,1.65,
2002-03-19,5.33,,,1.69,
2002-03-20,5.4,,,1.69,
2002-03-21,5.39,,,1.66,
2002-03-22,5.4,,,1.63,
2002-03-25,5.41,,,1.63,
2002-03-26,5.35,,,1.67,
2002-03-27,5.35,,,1.69,
2002-03-28,5.42,,,1.7,
2002-03-29,,,,,
2002-04-01,5.44,,179.3,1.7,
2002-04-02,5.36,,,1.73,
2002-04-03,5.3,,,1.75,
2002-04-04,5.28,,,1.71,
2002-04-05,5.22,,,1.73,
2002-04-08,5.25,,,1.74,
2002-04-09,5.22,,,1.74,
2002-04-10,5.24,,,1.76,
2002-04-11,5.22,,,1.75,
2002-04-12,5.18,,,1.77,
2002-04-15,5.15,,,1.77,
2002-04-16,5.2,,,1.77,
2002-04-17,5.24,,,1.83,
2002-04-18,5.23,,,1.85,
2002-04-19,5.21,,,1.85,
2002-04-22,5.19,,,1.82,
2002-04-23,5.18,,,1.79,
2002-04-24,5.11,,,1.83,
2002-04-25,5.1,,,1.85,
2002-04-26,5.08,,,1.86,
2002-04-29,5.13,,,1.87,
2002-04-30,5.11,,,1.87,
2002-05-01,5.08,,179.5,1.87,
2002-05-02,5.13,,,1.88,
2002-05-03,5.08,,,1.91,
2002-05-06,5.1,,,1.91,
2002-05-07,5.09,,,1.95,
2002-05-08,5.24,,,1.92,
2002-05-09,5.2,,,1.93,
2002-05-10,5.15,,,1.96,
2002-05-13,5.23,,,1.95,
2002-05-14,5.32,,,1.92,
2002-05-15,5.28,,,1.91,
2002-05-16,5.2,,,1.92,
2002-05-17,5.27,,,1.86,
2002-05-20,5.21,,,1.88,
2002-05-21,5.18,,,1.9,
2002-05-22,5.13,,,1.9,
2002-05-23,5.16,,,1.88,
2002-05-24,5.16,,,1.88,
2002-05-27,,,,,
2002-05-28,5.16,,,1.86,
2002-05-29,5.11,,,1.87,
2002-05-30,5.06,,,1.89,
2002-05-31,5.08,,,1.86,
2002-06-01,,,179.6,,
2002-06-03,5.06,,,1.87,
2002-06-04,5.04,,,1.91,
2002-06-05,5.08,,,1.92,
2002-06-06,5.04,,,1.91,
2002-06-07,5.1,,,1.94,
2002-06-10,5.07,,,1.92,
2002-06-11,5.02,,,1.93,
2002-06-12,4.98,,,1.93,
2002-06-13,4.94,,,1.94,
2002-06-14,4.83,,,1.91,
2002-06-17,4.89,,,1.93,
2002-06-18,4.88,,,1.95,
2002-06-19,4.76,,,1.95,
2002-06-20,4.85,,,1.92,
2002-06-21,4.79,,,1.91,
2002-06-24,4.87,,,1.94,
2002-06-25,4.88,,,1.96,
2002-06-26,4.75,,,1.98,
2002-06-27,4.84,,,1.99,
2002-06-28,4.86,,,1.96,
2002-07-01,4.85,,180.0,1.97,
2002-07-02,4.77,,,1.99,
2002-07-03,4.78,,,2.0,
2002-07-04,,,,,
2002-07-05,4.9,,,2.0,
2002-07-08,4.84,,,2.0,
2002-07-09,4.78,,,2.04,
2002-07-10,4.66,,,2.05,
2002-07-11,4.66,,,2.05,
2002-07-12,4.63,,,2.07,
2002-07-15,4.66,,,2.11,
2002-07-16,4.75,,,2.09,
2002-07-17,4.71,,,2.08,
2002-07-18,4.66,,,2.11,
2002-07-19,4.61,,,2.13,
2002-07-22,4.51,,,2.11,
2002-07-23,4.47,,,2.13,
2002-07-24,4.49,,,2.11,
2002-07-25,4.43,,,2.15,
2002-07-26,4.43,,,2.23,
2002-07-29,4.62,,,2.21,
2002-07-30,4.65,,,2.21,
2002-07-31,4.51,,,2.28,
2002-08-01,4.47,,180.5,2.32,
2002-08-02,4.33,,,2.34,
2002-08-05,4.29,,,2.36,
2002-08-06,4.42,,,2.31,
2002-08-07,4.35,,,2.37,
2002-08-08,4.4,,,2.3,
2002-08-09,4.27,,,2.17,
2002-08-12,4.22,,,2.12,
2002-08-13,4.12,,,2.12,
2002-08-14,4.06,,,1.94,
2002-08-15,4.17,,,1.95,
2002-08-16,4.32,,,2.04,
2002-08-19,4.29,,,2.04,
2002-08-20,4.17,,,2.05,
2002-08-21,4.2,,,2.08,
2002-08-22,4.3,,,2.08,
2002-08-23,4.25,,,2.06,
2002-08-26,4.22,,,2.03,
2002-08-27,4.29,,,2.03,
2002-08-28,4.22,,,1.99,
2002-08-29,4.16,,,2.02,
2002-08-30,4.14,,,2.0,
2002-09-01,,,180.8,,
2002-09-02,,,,,
2002-09-03,3.98,,,1.97,
2002-09-04,3.96,,,1.94,
2002-09-05,3.91,,,1.96,
2002-09-06,4.05,,,1.97,
2002-09-09,4.05,,,1.92,
2002-09-10,4.0,,,1.88,
2002-09-11,4.07,,,1.89,
2002-09-12,3.98,,,1.86,
2002-09-13,3.92,,,1.85,
2002-09-16,3.9,,,1.83,
2002-09-17,3.87,,,1.81,
2002-09-18,3.86,,,1.82,
2002-09-19,3.79,,,1.86,
2002-09-20,3.79,,,1.85,
2002-09-23,3.7,,,1.77,
2002-09-24,3.69,,,1.76,
2002-09-25,3.77,,,1.77,
2002-09-26,3.79,,,1.82,
2002-09-27,3.69,,,1.87,
2002-09-30,3.63,,,1.91,
2002-10-01,3.72,,181.2,1.92,
2002-10-02,3.71,,,1.96,
2002-10-03,3.7,,,1.95,
2002-10-04,3.69,,,1.91,
2002-10-07,3.64,,,1.87,
2002-10-08,3.65,,,1.85,
2002-10-09,3.61,,,1.89,
2002-10-10,3.68,,,1.93,
2002-10-11,3.83,,,1.98,
2002-10-14,,,,,
2002-10-15,4.07,,,1.99,
2002-10-16,4.06,,,2.04,
2002-10-17,4.16,,,2.06,
2002-10-18,4.14,,,2.05,
2002-10-21,4.24,,,2.01,
2002-10-22,4.27,,,2.06,
2002-10-23,4.26,,,2.06,
2002-10-24,4.16,,,2.07,
2002-10-25,4.12,,,2.14,
2002-10-28,4.1,,,2.22,
2002-10-29,3.97,,,2.18,
2002-10-30,3.99,,,2.25,
2002-10-31,3.93,,,2.25,
2002-11-01,4.01,,181.5,2.25,
2002-11-04,4.07,,,2.28,
2002-11-05,4.1,,,2.28,
2002-11-06,4.09,,,2.22,
2002-11-07,3.88,,,2.02,
2002-11-08,3.85,,,1.98,
2002-11-11,,,,,
2002-11-12,3.84,,,2.05,
2002-11-13,3.84,,,2.08,
2002-11-14,4.03,,,2.14,
2002-11-15,4.05,,,2.14,
2002-11-18,4.02,,,2.11,
2002-11-19,3.99,,,2.08,
2002-11-20,4.08,,,2.1,
2002-11-21,4.14,,,2.09,
2002-11-22,4.18,,,2.08,
2002-11-25,4.19,,,2.1,
2002-11-26,4.08,,,2.11,
2002-11-27,4.26,,,2.13,
2002-11-28,,,,,
2002-11-29,4.22,,,2.14,
2002-12-01,,,181.8,,
2002-12-02,4.22,,,2.15,
2002-12-03,4.24,,,2.16,
2002-12-04,4.18,,,2.16,
2002-12-05,4.13,,,2.16,
2002-12-06,4.09,,,2.2,
2002-12-09,4.06,,,2.18,
2002-12-10,4.06,,,2.16,
2002-12-11,4.01,,,2.16,
2002-12-12,4.01,,,2.16,
2002-12-13,4.07,,,2.2,
2002-12-16,4.15,,,2.21,
2002-12-17,4.13,,,2.24,
2002-12-18,4.06,,,2.25,
2002-12-19,3.96,,,2.22,
2002-12-20,3.97,,,2.21,
2002-12-23,3.98,,,2.19,
2002-12-24,3.95,,,2.22,
2002-12-25,,,,,
2002-12-26,3.93,,,2.23,
2002-12-27,3.83,,,2.23,
2002-12-30,3.82,,,2.21,
2002-12-31,3.83,,,2.22,
2003-01-01,,,182.6,,
2003-01-02,4.07,2.43,,2.27,
2003-01-03,4.05,2.43,,2.26,
2003-01-06,4.09,2.46,,2.25,
2003-01-07,4.04,2.42,,2.27,
2003-01-08,4.0,2.29,,2.29,
2003-01-09,4.19,2.41,,2.32,
2003-01-10,4.16,2.41,,2.37,
2003-01-13,4.15,2.38,,2.34,
2003-01-14,4.1,2.34,,2.34,
2003-01-15,4.1,2.3,,2.35,
2003-01-16,4.1,2.31,,2.35,
2003-01-17,4.05,2.25,,2.35,
2003-01-20,,,,,
2003-01-21,4.01,2.23,,2.34,
2003-01-22,3.95,2.23,,2.29,
2003-01-23,3.98,2.2,,2.29,
2003-01-24,3.94,2.14,,2.28,
2003-01-27,3.98,2.16,,2.28,
2003-01-28,4.0,2.19,,2.3,
2003-01-29,4.06,2.21,,2.29,
2003-01-30,4.0,2.2,,2.3,
2003-01-31,4.0,2.19,,2.28,
2003-02-01,,,183.6,,
2003-02-03,4.01,2.2,,2.29,
2003-02-04,3.96,2.12,,2.28,
2003-02-05,4.02,2.12,,2.29,
2003-02-06,3.97,2.09,,2.29,
2003-02-07,3.96,2.07,,2.33,
2003-02-10,3.99,2.06,,2.31,
2003-02-11,3.98,2.05,,2.33,
2003-02-12,3.93,2.04,,2.31,
2003-02-13,3.89,2.01,,2.32,
2003-02-14,3.95,2.03,,2.33,
2003-02-17,,,,,
2003-02-18,3.94,2.05,,2.28,
2003-02-19,3.88,1.99,,2.27,
2003-02-20,3.85,1.91,,2.26,
2003-02-21,3.9,1.93,,2.27,
2003-02-24,3.86,1.87,,2.26,
2003-02-25,3.81,1.84,,2.23,
2003-02-26,3.78,1.84,,2.21,
2003-02-27,3.76,1.82,,2.18,
2003-02-28,3.71,1.77,,2.18,
2003-03-01,,,183.9,,
2003-03-03,3.68,1.77,,2.16,
2003-03-04,3.65,1.77,,2.16,
2003-03-05,3.63,1.75,,2.17,
2003-03-06,3.67,1.74,,2.2,
2003-03-07,3.63,1.72,,2.24,
2003-03-10,3.59,1.69,,2.24,
2003-03-11,3.6,1.68,,2.22,
2003-03-12,3.6,1.68,,2.15,
2003-03-13,3.74,1.73,,2.15,
2003-03-14,3.72,1.89,,2.16,
2003-03-17,3.82,1.97,,2.19,
2003-03-18,3.91,2.08,,2.19,
2003-03-19,3.98,2.15,,2.26,
2003-03-20,4.01,2.2,,2.26,
2003-03-21,4.11,2.29,,2.31,
2003-03-24,3.98,2.18,,2.27,
2003-03-25,3.97,2.17,,2.28,
2003-03-26,3.96,2.15,,2.28,
2003-03-27,3.95,2.1,,2.33,
2003-03-28,3.92,2.09,,2.36,
2003-03-31,3.83,2.03,,2.32,
2003-04-01,3.84,2.02,183.2,2.34,
2003-04-02,3.94,2.11,,2.34,
2003-04-03,3.93,2.12,,2.38,
2003-04-04,3.96,2.16,,2.41,
2003-04-07,4.03,2.21,,2.38,
2003-04-08,3.95,2.18,,2.36,
2003-04-09,3.93,2.13,,2.38,
2003-04-10,3.95,2.16,,2.35,
2003-04-11,4.0,2.23,,2.35,
2003-04-14,4.04,2.22,,2.3,
2003-04-15,3.98,2.18,,2.29,
2003-04-16,3.96,2.2,,2.29,
2003-04-17,3.98,2.22,,2.27,
2003-04-18,,,,,
2003-04-21,4.0,2.25,,2.29,
2003-04-22,4.01,2.27,,2.31,
2003-04-23,4.02,2.26,,2.32,
2003-04-24,3.93,2.22,,2.31,
2003-04-25,3.91,2.18,,2.34,
2003-04-28,3.92,2.16,,2.33,
2003-04-29,3.96,2.22,,2.34,
2003-04-30,3.89,2.16,,2.38,
2003-05-01,3.88,2.13,182.9,2.38,
2003-05-02,3.94,2.19,,2.38,
2003-05-05,3.92,2.19,,2.37,
2003-05-06,3.84,2.17,,2.39,
2003-05-07,3.72,2.02,,2.27,
2003-05-08,3.7,2.0,,2.21,
2003-05-09,3.69,2.0,,2.24,
2003-05-12,3.64,1.96,,2.18,
2003-05-13,3.63,1.94,,2.16,
2003-05-14,3.53,1.87,,2.12,
2003-05-15,3.53,1.86,,2.07,
2003-05-16,3.46,1.84,,2.08,
2003-05-19,3.46,1.85,,2.11,
2003-05-20,3.38,1.73,,2.07,
2003-05-21,3.39,1.73,,2.01,
2003-05-22,3.34,1.71,,1.98,
2003-05-23,3.34,1.72,,1.96,
2003-05-26,,,,,
2003-05-27,3.41,1.8,,2.08,
2003-05-28,3.44,1.83,,2.09,
2003-05-29,3.34,1.76,,2.04,
2003-05-30,3.37,1.77,,2.04,
2003-06-01,,,183.1,,
2003-06-02,3.43,1.83,,2.1,
2003-06-03,3.34,1.76,,2.14,
2003-06-04,3.3,1.73,,2.1,
2003-06-05,3.34,1.75,,2.09,
2003-06-06,3.37,1.76,,2.1,
2003-06-09,3.29,1.68,,2.1,
2003-06-10,3.2,1.61,,2.07,
2003-06-11,3.21,1.62,,2.05,
2003-06-12,3.18,1.57,,2.05,
2003-06-13,3.13,1.51,,2.03,
2003-06-16,3.18,1.59,,2.0,
2003-06-17,3.27,1.7,,2.02,
2003-06-18,3.37,1.79,,2.1,
2003-06-19,3.35,1.74,,2.18,
2003-06-20,3.4,1.77,,2.18,
2003-06-23,3.32,1.71,,2.15,
2003-06-24,3.29,1.68,,2.15,
2003-06-25,3.38,1.71,,2.08,
2003-06-26,3.55,1.85,,2.14,
2003-06-27,3.58,1.9,,2.2,
2003-06-30,3.54,1.9,,2.22,
2003-07-01,3.56,1.92,183.7,2.26,
2003-07-02,3.56,1.96,,2.26,
2003-07-03,3.67,2.09,,2.35,
2003-07-04,,,,,
2003-07-07,3.74,2.14,,2.38,
2003-07-08,3.75,2.12,,2.36,
2003-07-09,3.73,2.0,,2.36,
2003-07-10,3.7,1.94,,2.37,
2003-07-11,3.66,1.88,,2.37,
2003-07-14,3.74,1.92,,2.39,
2003-07-15,3.94,2.06,,2.49,
2003-07-16,3.97,2.08,,2.48,
2003-07-17,3.98,2.05,,2.51,
2003-07-18,4.0,2.04,,2.49,
2003-07-21,4.19,2.21,,2.58,
2003-07-22,4.17,2.19,,2.6,
2003-07-23,4.12,2.11,,2.58,
2003-07-24,4.2,2.18,,2.66,
2003-07-25,4.22,2.14,,2.7,
2003-07-28,4.31,2.27,,2.7,
2003-07-29,4.42,2.38,,2.75,
2003-07-30,4.34,2.32,,2.7,
2003-07-31,4.49,2.41,,2.69,
2003-08-01,4.44,2.4,184.5,2.59,
2003-08-04,4.35,2.34,,2.64,
2003-08-05,4.47,2.43,,2.59,
2003-08-06,4.32,2.34,,2.54,
2003-08-07,4.3,2.29,,2.56,
2003-08-08,4.27,2.27,,2.55,
2003-08-11,4.38,2.31,,2.57,
2003-08-12,4.37,2.29,,2.66,
2003-08-13,4.58,2.41,,2.72,
2003-08-14,4.55,2.38,,2.69,
2003-08-15,4.55,2.36,,2.7,
2003-08-18,4.49,2.33,,2.62,
2003-08-19,4.38,2.24,,2.57,
2003-08-20,4.45,2.26,,2.61,
2003-08-21,4.53,2.29,,2.55,
2003-08-22,4.48,2.26,,2.51,
2003-08-25,4.53,2.31,,2.51,
2003-08-26,4.5,2.28,,2.54,
2003-08-27,4.54,2.36,,2.49,
2003-08-28,4.42,2.29,,2.49,
2003-08-29,4.45,2.29,,2.5,
2003-09-01,,,185.1,,
2003-09-02,4.61,2.43,,2.57,
2003-09-03,4.6,2.4,,2.58,
2003-09-04,4.52,2.32,,2.61,
2003-09-05,4.35,2.17,,2.63,
2003-09-08,4.41,2.24,,2.66,
2003-09-09,4.37,2.21,,2.66,
2003-09-10,4.28,2.18,,2.64,
2003-09-11,4.35,2.22,,2.64,
2003-09-12,4.27,2.18,,2.61,
2003-09-15,4.28,2.18,,2.65,
2003-09-16,4.29,2.26,,2.66,
2003-09-17,4.2,2.2,,2.57,
2003-09-18,4.19,2.18,,2.51,
2003-09-19,4.17,2.17,,2.47,
2003-09-22,4.26,2.21,,2.56,
2003-09-23,4.24,2.19,,2.56,
2003-09-24,4.16,2.13,,2.5,
2003-09-25,4.12,2.07,,2.47,
2003-09-26,4.04,1.99,,2.44,
2003-09-29,4.09,2.03,,2.48,
2003-09-30,3.96,1.95,,2.46,
2003-10-01,3.96,1.96,184.9,2.49,
2003-10-02,4.03,2.01,,2.55,
2003-10-03,4.21,2.16,,2.56,
2003-10-06,4.17,2.11,,2.57,
2003-10-07,4.27,2.17,,2.6,
2003-10-08,4.27,2.18,,2.62,
2003-10-09,4.32,2.2,,2.63,
2003-10-10,4.29,2.14,,2.64,
2003-10-13,,,,,
2003-10-14,4.37,2.18,,2.64,
2003-10-15,4.43,2.2,,2.64,
2003-10-16,4.47,2.21,,2.51,
2003-10-17,4.41,2.14,,2.51,
2003-10-20,4.41,2.13,,2.53,
2003-10-21,4.38,2.12,,2.49,
2003-10-22,4.29,2.07,,2.49,
2003-10-23,4.34,2.03,,2.5,
2003-10-24,4.24,1.92,,2.48,
2003-10-27,4.3,1.96,,2.47,
2003-10-28,4.23,1.91,,2.52,
2003-10-29,4.31,1.98,,2.52,
2003-10-30,4.36,1.97,,2.5,
2003-10-31,4.33,1.93,,2.48,
2003-11-01,,,185.0,,
2003-11-03,4.4,1.97,,2.5,
2003-11-04,4.33,1.93,,2.47,
2003-11-05,4.38,2.02,,2.44,
2003-11-06,4.45,2.08,,2.44,
2003-11-07,4.48,2.1,,2.44,
2003-11-10,4.49,2.09,,2.43,
2003-11-11,,,,,
2003-11-12,4.44,2.04,,2.39,
2003-11-13,4.3,1.94,,2.38,
2003-11-14,4.22,1.87,,2.38,
2003-11-17,4.18,1.82,,2.38,
2003-11-18,4.17,1.83,,2.34,
2003-11-19,4.24,1.91,,2.34,
2003-11-20,4.16,1.92,,2.33,
2003-11-21,4.15,1.93,,2.31,
2003-11-24,4.23,1.99,,2.29,
2003-11-25,4.19,1.92,,2.3,
2003-11-26,4.25,1.96,,2.28,
2003-11-27,,,,,
2003-11-28,4.34,2.03,,2.28,
2003-12-01,4.4,2.08,185.5,2.28,
2003-12-02,4.38,2.05,,2.31,
2003-12-03,4.41,2.08,,2.32,
2003-12-04,4.38,2.04,,2.32,
2003-12-05,4.23,1.92,,2.35,
2003-12-08,4.29,1.96,,2.35,
2003-12-09,4.32,2.0,,2.35,
2003-12-10,4.3,1.97,,2.36,
2003-12-11,4.27,1.9,,2.44,
2003-12-12,4.26,1.91,,2.42,
2003-12-15,4.28,1.98,,2.4,
2003-12-16,4.24,1.99,,2.41,
2003-12-17,4.19,1.96,,2.36,
2003-12-18,4.16,1.94,,2.31,
2003-12-19,4.15,1.95,,2.33,
2003-12-22,4.18,1.98,,2.34,
2003-12-23,4.28,2.03,,2.32,
2003-12-24,4.2,1.96,,2.37,
2003-12-25,,,,,
2003-12-26,4.17,1.94,,2.35,
2003-12-29,4.24,1.99,,2.38,
2003-12-30,4.29,2.01,,2.43,
2003-12-31,4.27,2.0,,2.43,
2004-01-01,,,186.3,,
2004-01-02,4.38,2.06,,2.44,
2004-01-05,4.41,2.06,,2.46,
2004-01-06,4.29,1.97,,2.45,
2004-01-07,4.27,1.94,,2.43,
2004-01-08,4.27,1.99,,2.42,
2004-01-09,4.11,1.89,,2.43,
2004-01-12,4.11,1.89,,2.43,
2004-01-13,4.05,1.83,,2.42,
2004-01-14,4.01,1.85,,2.36,
2004-01-15,3.99,1.82,,2.32,
2004-01-16,4.04,1.83,,2.34,
2004-01-19,,,,,
2004-01-20,4.08,1.84,,2.39,
2004-01-21,4.05,1.79,,2.36,
2004-01-22,3.99,1.76,,2.33,
2004-01-23,4.09,1.82,,2.38,
2004-01-26,4.16,1.89,,2.41,
2004-01-27,4.11,1.84,,2.41,
2004-01-28,4.22,1.92,,2.35,
2004-01-29,4.22,1.91,,2.34,
2004-01-30,4.16,1.85,,2.32,
2004-02-01,,,186.7,,
2004-02-02,4.18,1.84,,2.35,
2004-02-03,4.13,1.81,,2.35,
2004-02-04,4.15,1.82,,2.35,
2004-02-05,4.2,1.85,,2.35,
2004-02-06,4.12,1.79,,2.35,
2004-02-09,4.09,1.76,,2.33,
2004-02-10,4.13,1.79,,2.31,
2004-02-11,4.05,1.75,,2.32,
2004-02-12,4.1,1.77,,2.35,
2004-02-13,4.05,1.74,,2.35,
2004-02-16,,,,,
2004-02-17,4.05,1.75,,2.35,
2004-02-18,4.05,1.75,,2.33,
2004-02-19,4.05,1.76,,2.35,
2004-02-20,4.1,1.79,,2.35,
2004-02-23,4.05,1.76,,2.36,
2004-02-24,4.04,1.74,,2.35,
2004-02-25,4.02,1.71,,2.35,
2004-02-26,4.05,1.69,,2.36,
2004-02-27,3.99,1.61,,2.33,
2004-03-01,4.0,1.55,187.1,2.33,
2004-03-02,4.05,1.58,,2.31,
2004-03-03,4.07,1.59,,2.33,
2004-03-04,4.04,1.6,,2.31,
2004-03-05,3.85,1.46,,2.28,
2004-03-08,3.78,1.43,,2.26,
2004-03-09,3.73,1.4,,2.22,
2004-03-10,3.74,1.45,,2.2,
2004-03-11,3.74,1.5,,2.22,
2004-03-12,3.78,1.52,,2.24,
2004-03-15,3.78,1.47,,2.22,
2004-03-16,3.7,1.4,,2.19,
2004-03-17,3.71,1.36,,2.18,
2004-03-18,3.76,1.37,,2.21,
2004-03-19,3.8,1.44,,2.24,
2004-03-22,3.74,1.42,,2.22,
2004-03-23,3.73,1.41,,2.21,
2004-03-24,3.73,1.38,,2.23,
2004-03-25,3.75,1.4,,2.24,
2004-03-26,3.85,1.47,,2.26,
2004-03-29,3.91,1.5,,2.28,
2004-03-30,3.91,1.52,,2.28,
2004-03-31,3.86,1.48,,2.26,
2004-04-01,3.91,1.48,187.4,2.26,
2004-04-02,4.15,1.69,,2.29,
2004-04-05,4.24,1.75,,2.33,
2004-04-06,4.19,1.73,,2.33,
2004-04-07,4.19,1.82,,2.32,
2004-04-08,4.21,1.8,,2.33,
2004-04-09,,,,,
2004-04-12,4.25,1.81,,2.34,
2004-04-13,4.35,1.88,,2.34,
2004-04-14,4.4,1.91,,2.27,
2004-04-15,4.42,1.93,,2.32,
2004-04-16,4.37,1.87,,2.34,
2004-04-19,4.39,1.87,,2.32,
2004-04-20,4.43,1.97,,2.32,
2004-04-21,4.45,1.96,,2.23,
2004-04-22,4.4,1.98,,2.25,
2004-04-23,4.48,2.12,,2.19,
2004-04-26,4.46,2.03,,2.18,
2004-04-27,4.43,2.0,,2.22,
2004-04-28,4.5,2.1,,2.2,
2004-04-29,4.55,2.15,,2.21,
2004-04-30,4.53,2.11,,2.22,
2004-05-01,,,188.2,,
2004-05-03,4.53,2.09,,2.19,
2004-05-04,4.56,2.1,,2.24,
2004-05-05,4.61,2.1,,2.27,
2004-05-06,4.63,2.15,,2.24,
2004-05-07,4.79,2.24,,2.15,
2004-05-10,4.81,2.25,,2.2,
2004-05-11,4.79,2.21,,2.18,
2004-05-12,4.83,2.17,,2.21,
2004-05-13,4.85,2.18,,2.18,
2004-05-14,4.79,2.16,,2.2,
2004-05-17,4.7,2.07,,2.19,
2004-05-18,4.74,2.05,,2.16,
2004-05-19,4.79,2.03,,2.18,
2004-05-20,4.72,1.96,,2.17,
2004-05-21,4.76,2.04,,2.16,
2004-05-24,4.75,2.01,,2.16,
2004-05-25,4.73,2.03,,2.15,
2004-05-26,4.67,1.99,,2.15,
2004-05-27,4.6,1.97,,2.14,
2004-05-28,4.66,2.0,,2.12,
2004-05-31,,,,,
2004-06-01,4.71,1.97,188.9,2.11,
2004-06-02,4.74,2.04,,2.09,
2004-06-03,4.71,2.05,,2.08,
2004-06-04,4.78,2.11,,2.08,
2004-06-07,4.78,2.11,,2.11,
2004-06-08,4.78,2.15,,2.05,
2004-06-09,4.82,2.2,,2.03,
2004-06-10,4.81,2.18,,2.0,
2004-06-11,,,,,
2004-06-14,4.89,2.26,,1.92,
2004-06-15,4.69,2.16,,1.92,
2004-06-16,4.74,2.18,,1.9,
2004-06-17,4.71,2.16,,1.9,
2004-06-18,4.72,2.15,,1.91,
2004-06-21,4.7,2.16,,1.9,
2004-06-22,4.72,2.17,,1.92,
2004-06-23,4.71,2.18,,1.93,
2004-06-24,4.66,2.15,,1.92,
2004-06-25,4.66,2.16,,1.92,
2004-06-28,4.76,2.23,,1.9,
2004-06-29,4.7,2.2,,1.87,
2004-06-30,4.62,2.1,,1.92,
2004-07-01,4.57,2.04,189.1,1.93,
2004-07-02,4.48,1.96,,1.94,
2004-07-05,,,,,
2004-07-06,4.49,1.97,,1.93,
2004-07-07,4.5,2.0,,1.94,
2004-07-08,4.49,2.02,,1.94,
2004-07-09,4.49,2.02,,1.94,
2004-07-12,4.46,2.02,,1.93,
2004-07-13,4.5,2.03,,1.92,
2004-07-14,4.5,2.02,,1.88,
2004-07-15,4.5,2.01,,1.86,
2004-07-16,4.38,1.94,,1.84,
2004-07-19,4.38,1.96,,1.82,
2004-07-20,4.47,2.05,,1.8,
2004-07-21,4.5,2.05,,1.79,
2004-07-22,4.48,2.03,,1.79,
2004-07-23,4.45,2.0,,1.76,
2004-07-26,4.49,2.05,,1.74,
2004-07-27,4.62,2.15,,1.8,
2004-07-28,4.61,2.11,,1.83,
2004-07-29,4.6,2.07,,1.85,
2004-07-30,4.5,2.01,,1.82,
2004-08-01,,,189.2,,
2004-08-02,4.48,2.0,,1.82,
2004-08-03,4.45,1.98,,1.79,
2004-08-04,4.45,2.0,,1.79,
2004-08-05,4.43,1.96,,1.79,
2004-08-06,4.24,1.82,,1.84,
2004-08-09,4.28,1.85,,1.83,
2004-08-10,4.32,1.9,,1.77,
2004-08-11,4.3,1.86,,1.76,
2004-08-12,4.27,1.81,,1.75,
2004-08-13,4.22,1.77,,1.75,
2004-08-16,4.26,1.82,,1.75,
2004-08-17,4.21,1.82,,1.77,
2004-08-18,4.23,1.83,,1.79,
2004-08-19,4.22,1.76,,1.79,
2004-08-20,4.24,1.79,,1.78,
2004-08-23,4.28,1.86,,1.78,
2004-08-24,4.28,1.87,,1.78,
2004-08-25,4.26,1.88,,1.75,
2004-08-26,4.22,1.86,,1.74,
2004-08-27,4.23,1.86,,1.75,
2004-08-30,4.19,1.83,,1.72,
2004-08-31,4.13,1.78,,1.72,
2004-09-01,4.13,1.77,189.8,1.72,
2004-09-02,4.2,1.83,,1.74,
2004-09-03,4.3,1.88,,1.69,
2004-09-06,,,,,
2004-09-07,4.26,1.86,,1.68,
2004-09-08,4.18,1.82,,1.68,
2004-09-09,4.22,1.83,,1.72,
2004-09-10,4.19,1.83,,1.69,
2004-09-13,4.16,1.81,,1.66,
2004-09-14,4.15,1.81,,1.68,
2004-09-15,4.18,1.86,,1.67,
2004-09-16,4.08,1.81,,1.64,
2004-09-17,4.14,1.85,,1.61,
2004-09-20,4.07,1.8,,1.61,
2004-09-21,4.05,1.8,,1.56,
2004-09-22,4.0,1.73,,1.5,
2004-09-23,4.02,1.76,,1.45,
2004-09-24,4.04,1.78,,1.42,
2004-09-27,4.01,1.72,,1.42,
2004-09-28,4.02,1.7,,1.47,
2004-09-29,4.1,1.76,,1.49,
2004-09-30,4.14,1.77,,1.51,
2004-10-01,4.21,1.83,190.8,1.58,
2004-10-04,4.19,1.86,,1.54,
2004-10-05,4.18,1.84,,1.53,
2004-10-06,4.23,1.9,,1.53,
2004-10-07,4.26,1.89,,1.54,
2004-10-08,4.15,1.78,,1.54,
2004-10-11,,,,,
2004-10-12,4.12,1.75,,1.56,
2004-10-13,4.09,1.72,,1.56,
2004-10-14,4.03,1.68,,1.55,
2004-10-15,4.07,1.7,,1.54,
2004-10-18,4.07,1.71,,1.52,
2004-10-19,4.07,1.7,,1.5,
2004-10-20,4.01,1.66,,1.48,
2004-10-21,4.01,1.62,,1.44,
2004-10-22,4.0,1.64,,1.45,
2004-10-25,3.99,1.63,,1.45,
2004-10-26,4.01,1.63,,1.47,
2004-10-27,4.11,1.73,,1.48,
2004-10-28,4.09,1.68,,1.5,
2004-10-29,4.05,1.63,,1.49,
2004-11-01,4.11,1.67,191.7,1.5,
2004-11-02,4.1,1.61,,1.5,
2004-11-03,4.09,1.61,,1.49,
2004-11-04,4.1,1.65,,1.47,
2004-11-05,4.21,1.71,,1.41,
2004-11-08,4.22,1.72,,1.42,
2004-11-09,4.22,1.74,,1.42,
2004-11-10,4.25,1.75,,1.43,
2004-11-11,,,,,
2004-11-12,4.2,1.71,,1.34,
2004-11-15,4.2,1.67,,1.31,
2004-11-16,4.21,1.68,,1.3,
2004-11-17,4.14,1.63,,1.29,
2004-11-18,4.12,1.64,,1.26,
2004-11-19,4.2,1.67,,1.25,
2004-11-22,4.18,1.62,,1.23,
2004-11-23,4.19,1.65,,1.21,
2004-11-24,4.2,1.64,,1.19,
2004-11-25,,,,,
2004-11-26,4.24,1.66,,1.21,
2004-11-29,4.34,1.74,,1.27,
2004-11-30,4.36,1.75,,1.34,
2004-12-01,4.38,1.79,191.7,1.37,
2004-12-02,4.4,1.83,,1.36,
2004-12-03,4.27,1.73,,1.33,
2004-12-06,4.24,1.7,,1.31,
2004-12-07,4.23,1.69,,1.28,
2004-12-08,4.14,1.62,,1.23,
2004-12-09,4.19,1.64,,1.26,
2004-12-10,4.16,1.66,,1.21,
2004-12-13,4.16,1.65,,1.18,
2004-12-14,4.14,1.62,,1.15,
2004-12-15,4.09,1.57,,1.12,
2004-12-16,4.19,1.64,,1.18,
2004-12-17,4.21,1.64,,1.18,
2004-12-20,4.21,1.62,,1.15,
2004-12-21,4.18,1.59,,1.13,
2004-12-22,4.21,1.63,,1.17,
2004-12-23,4.23,1.62,,1.21,
2004-12-24,,,,,
2004-12-27,4.3,1.67,,1.23,
2004-12-28,4.31,1.69,,1.23,
2004-12-29,4.33,1.73,,1.21,
2004-12-30,4.27,1.7,,1.17,
2004-12-31,4.24,1.68,,1.16,
2005-01-01,,,191.6,,
2005-01-03,4.23,1.7,,1.13,
2005-01-04,4.29,1.78,,1.09,
2005-01-05,4.29,1.79,,1.07,
2005-01-06,4.29,1.76,,1.11,
2005-01-07,4.29,1.8,,1.09,
2005-01-10,4.29,1.77,,1.06,
2005-01-11,4.26,1.76,,1.02,
2005-01-12,4.25,1.73,,1.03,
2005-01-13,4.2,1.7,,0.99,
2005-01-14,4.23,1.72,,0.99,
2005-01-17,,,,,
2005-01-18,4.21,1.71,,0.95,
2005-01-19,4.2,1.7,,0.94,
2005-01-20,4.17,1.7,,0.96,
2005-01-21,4.16,1.69,,1.0,
2005-01-24,4.14,1.68,,0.94,
2005-01-25,4.2,1.74,,0.97,
2005-01-26,4.21,1.72,,0.94,
2005-01-27,4.22,1.72,,0.94,
2005-01-28,4.16,1.65,,0.91,
2005-01-31,4.14,1.65,,0.85,
2005-02-01,4.15,1.67,192.4,0.86,
2005-02-02,4.15,1.7,,0.83,
2005-02-03,4.18,1.73,,0.84,
2005-02-04,4.09,1.65,,0.8,
2005-02-07,4.07,1.62,,0.76,
2005-02-08,4.05,1.57,,0.72,
2005-02-09,4.0,1.49,,0.76,
2005-02-10,4.07,1.57,,0.78,
2005-02-11,4.1,1.57,,0.76,
2005-02-14,4.08,1.54,,0.7,
2005-02-15,4.1,1.61,,0.73,
2005-02-16,4.16,1.65,,0.75,
2005-02-17,4.19,1.65,,0.81,
2005-02-18,4.27,1.67,,0.82,
2005-02-21,,,,,
2005-02-22,4.29,1.67,,0.83,
2005-02-23,4.27,1.64,,0.81,
2005-02-24,4.29,1.65,,0.77,
2005-02-25,4.27,1.64,,0.73,
2005-02-28,4.36,1.7,,0.77,
2005-03-01,4.38,1.69,193.1,0.79,
2005-03-02,4.38,1.69,,0.81,
2005-03-03,4.39,1.69,,0.8,
2005-03-04,4.32,1.65,,0.75,
2005-03-07,4.31,1.63,,0.7,
2005-03-08,4.38,1.67,,0.76,
2005-03-09,4.52,1.77,,0.86,
2005-03-10,4.48,1.76,,0.8,
2005-03-11,4.56,1.82,,0.83,
2005-03-14,4.52,1.82,,0.77,
2005-03-15,4.54,1.82,,0.79,
2005-03-16,4.52,1.79,,0.8,
2005-03-17,4.47,1.73,,0.77,
2005-03-18,4.51,1.77,,0.79,
2005-03-21,4.53,1.8,,0.81,
2005-03-22,4.63,1.87,,0.77,
2005-03-23,4.61,1.92,,0.77,
2005-03-24,4.6,1.9,,0.72,
2005-03-25,,,,,
2005-03-28,4.64,1.94,,0.74,
2005-03-29,4.6,1.91,,0.73,
2005-03-30,4.56,1.89,,0.7,
2005-03-31,4.5,1.79,,0.7,
2005-04-01,4.46,1.77,193.7,0.71,
2005-04-04,4.47,1.79,,0.73,
2005-04-05,4.48,1.81,,0.73,
2005-04-06,4.44,1.8,,0.74,
2005-04-07,4.49,1.85,,0.77,
2005-04-08,4.5,1.84,,0.73,
2005-04-11,4.45,1.82,,0.7,
2005-04-12,4.38,1.73,,0.67,
2005-04-13,4.38,1.74,,0.72,
2005-04-14,4.37,1.72,,0.77,
2005-04-15,4.27,1.67,,0.73,
2005-04-18,4.27,1.66,,0.72,
2005-04-19,4.21,1.62,,0.71,
2005-04-20,4.22,1.6,,0.7,
2005-04-21,4.32,1.66,,0.67,
2005-04-22,4.26,1.61,,0.64,
2005-04-25,4.26,1.63,,0.62,
2005-04-26,4.28,1.66,,0.61,
2005-04-27,4.25,1.65,,0.61,
2005-04-28,4.19,1.58,,0.6,
2005-04-29,4.21,1.61,,0.55,
2005-05-01,,,193.6,,
2005-05-02,4.21,1.61,,0.57,
2005-05-03,4.21,1.64,,0.53,
2005-05-04,4.2,1.63,,0.57,
2005-05-05,4.19,1.62,,0.61,
2005-05-06,4.28,1.69,,0.55,
2005-05-09,4.29,1.69,,0.53,
2005-05-10,4.23,1.65,,0.54,
2005-05-11,4.21,1.64,,0.53,
2005-05-12,4.18,1.66,,0.52,
2005-05-13,4.12,1.66,,0.51,
2005-05-16,4.13,1.66,,0.52,
2005-05-17,4.12,1.64,,0.51,
2005-05-18,4.07,1.65,,0.51,
2005-05-19,4.11,1.69,,0.47,
2005-05-20,4.13,1.67,,0.44,
2005-05-23,4.07,1.65,,0.42,
2005-05-24,4.04,1.62,,0.43,
2005-05-25,4.08,1.66,,0.47,
2005-05-26,4.08,1.69,,0.44,
2005-05-27,4.08,1.67,,0.44,
2005-05-30,,,,,
2005-05-31,4.0,1.63,,0.4,
2005-06-01,3.91,1.54,193.7,0.41,
2005-06-02,3.89,1.55,,0.37,
2005-06-03,3.98,1.61,,0.41,
2005-06-06,3.96,1.6,,0.37,
2005-06-07,3.92,1.6,,0.35,
2005-06-08,3.95,1.63,,0.35,
2005-06-09,3.98,1.64,,0.34,
2005-06-10,4.05,1.74,,0.34,
2005-06-13,4.09,1.76,,0.38,
2005-06-14,4.13,1.79,,0.42,
2005-06-15,4.12,1.79,,0.4,
2005-06-16,4.09,1.75,,0.39,
2005-06-17,4.09,1.72,,0.37,
2005-06-20,4.11,1.74,,0.39,
2005-06-21,4.06,1.72,,0.35,
2005-06-22,3.95,1.68,,0.33,
2005-06-23,3.96,1.68,,0.33,
2005-06-24,3.92,1.65,,0.33,
2005-06-27,3.9,1.62,,0.3,
2005-06-28,3.97,1.67,,0.32,
2005-06-29,3.99,1.69,,0.34,
2005-06-30,3.94,1.67,,0.28,
2005-07-01,4.06,1.75,194.9,0.3,
2005-07-04,,,,,
2005-07-05,4.11,1.8,,0.32,
2005-07-06,4.08,1.78,,0.31,
2005-07-07,4.05,1.77,,0.34,
2005-07-08,4.11,1.83,,0.33,
2005-07-11,4.11,1.81,,0.3,
2005-07-12,4.15,1.83,,0.33,
2005-07-13,4.17,1.87,,0.33,
2005-07-14,4.19,1.94,,0.33,
2005-07-15,4.18,1.95,,0.32,
2005-07-18,4.22,1.98,,0.33,
2005-07-19,4.2,1.92,,0.32,
2005-07-20,4.17,1.9,,0.27,
2005-07-21,4.28,1.95,,0.32,
2005-07-22,4.23,1.89,,0.31,
2005-07-25,4.25,1.94,,0.3,
2005-07-26,4.24,1.92,,0.29,
2005-07-27,4.27,1.92,,0.28,
2005-07-28,4.2,1.86,,0.24,
2005-07-29,4.28,1.92,,0.26,
2005-08-01,4.32,1.95,196.1,0.28,
2005-08-02,4.34,1.99,,0.28,
2005-08-03,4.3,1.93,,0.28,
2005-08-04,4.32,1.94,,0.28,
2005-08-05,4.4,2.0,,0.29,
2005-08-08,4.42,2.02,,0.26,
2005-08-09,4.41,2.02,,0.28,
2005-08-10,4.4,2.01,,0.27,
2005-08-11,4.32,1.97,,0.22,
2005-08-12,4.24,1.91,,0.19,
2005-08-15,4.27,1.92,,0.19,
2005-08-16,4.23,1.87,,0.2,
2005-08-17,4.28,1.91,,0.21,
2005-08-18,4.21,1.86,,0.2,
2005-08-19,4.21,1.85,,0.18,
2005-08-22,4.22,1.86,,0.19,
2005-08-23,4.2,1.85,,0.19,
2005-08-24,4.19,1.83,,0.2,
2005-08-25,4.18,1.8,,0.18,
2005-08-26,4.2,1.81,,0.14,
2005-08-29,4.2,1.79,,0.14,
2005-08-30,4.16,1.71,,0.19,
2005-08-31,4.02,1.65,,0.18,
2005-09-01,4.02,1.61,198.8,0.3,
2005-09-02,4.03,1.59,,0.28,
2005-09-05,,,,,
2005-09-06,4.09,1.65,,0.29,
2005-09-07,4.15,1.69,,0.28,
2005-09-08,4.15,1.68,,0.28,
2005-09-09,4.14,1.64,,0.26,
2005-09-12,4.18,1.69,,0.26,
2005-09-13,4.14,1.67,,0.26,
2005-09-14,4.17,1.68,,0.27,
2005-09-15,4.22,1.71,,0.32,
2005-09-16,4.26,1.73,,0.29,
2005-09-19,4.25,1.7,,0.32,
2005-09-20,4.26,1.74,,0.26,
2005-09-21,4.19,1.68,,0.23,
2005-09-22,4.19,1.67,,0.24,
2005-09-23,4.25,1.74,,0.23,
2005-09-26,4.3,1.78,,0.23,
2005-09-27,4.3,1.77,,0.22,
2005-09-28,4.26,1.73,,0.17,
2005-09-29,4.29,1.75,,0.16,
2005-09-30,4.34,1.78,,0.16,
2005-10-01,,,199.1,,
2005-10-03,4.39,1.84,,0.18,
2005-10-04,4.38,1.87,,0.16,
2005-10-05,4.36,1.86,,0.15,
2005-10-06,4.37,1.91,,0.17,
2005-10-07,4.35,1.9,,0.17,
2005-10-10,,,,,
2005-10-11,4.39,1.92,,0.17,
2005-10-12,4.45,1.96,,0.21,
2005-10-13,4.48,1.96,,0.24,
2005-10-14,4.48,1.98,,0.21,
2005-10-17,4.5,1.94,,0.21,
2005-10-18,4.49,1.92,,0.22,
2005-10-19,4.47,1.92,,0.22,
2005-10-20,4.46,1.92,,0.19,
2005-10-21,4.39,1.89,,0.17,
2005-10-24,4.45,1.93,,0.2,
2005-10-25,4.54,2.05,,0.2,
2005-10-26,4.6,2.06,,0.22,
2005-10-27,4.57,2.01,,0.21,
2005-10-28,4.58,2.01,,0.18,
2005-10-31,4.57,2.0,,0.17,
2005-11-01,4.58,2.0,198.1,0.16,
2005-11-02,4.61,2.02,,0.18,
2005-11-03,4.65,2.03,,0.18,
2005-11-04,4.66,2.06,,0.19,
2005-11-07,4.65,2.03,,0.18,
2005-11-08,4.57,2.01,,0.14,
2005-11-09,4.64,2.08,,0.15,
2005-11-10,4.55,2.07,,0.11,
2005-11-11,,,,,
2005-11-14,4.61,2.14,,0.11,
2005-11-15,4.56,2.12,,0.09,
2005-11-16,4.49,2.07,,0.07,
2005-11-17,4.46,2.04,,0.09,
2005-11-18,4.5,2.09,,0.1,
2005-11-21,4.46,2.08,,0.07,
2005-11-22,4.43,2.03,,0.11,
2005-11-23,4.47,2.08,,0.11,
2005-11-24,,,,,
2005-11-25,4.43,2.05,,0.1,
2005-11-28,4.41,2.04,,0.08,
2005-11-29,4.48,2.11,,0.08,
2005-11-30,4.49,2.12,,0.07,
2005-12-01,4.52,2.15,198.1,0.07,
2005-12-02,4.52,2.16,,0.09,
2005-12-05,4.57,2.17,,0.1,
2005-12-06,4.49,2.12,,0.07,
2005-12-07,4.52,2.18,,0.1,
2005-12-08,4.47,2.14,,0.1,
2005-12-09,4.54,2.18,,0.11,
2005-12-12,4.56,2.17,,0.11,
2005-12-13,4.54,2.16,,0.11,
2005-12-14,4.45,2.1,,0.08,
2005-12-15,4.47,2.12,,0.1,
2005-12-16,4.45,2.11,,0.08,
2005-12-19,4.45,2.11,,0.07,
2005-12-20,4.47,2.12,,0.05,
2005-12-21,4.49,2.14,,0.06,
2005-12-22,4.44,2.11,,0.04,
2005-12-23,4.38,2.07,,0.01,
2005-12-26,,,,,
2005-12-27,4.34,2.05,,-0.01,
2005-12-28,4.38,2.1,,0.01,
2005-12-29,4.37,2.07,,-0.01,
2005-12-30,4.39,2.06,,-0.02,
2006-01-01,,,199.3,,
2006-01-02,,,,,101.4155
2006-01-03,4.37,2.03,,0.03,100.7558
2006-01-04,4.36,2.01,,0.05,100.2288
2006-01-05,4.36,2.04,,0.04,100.2992
2006-01-06,4.38,2.05,,0.02,100.0241
2006-01-09,4.38,2.05,,0.02,100.1794
2006-01-10,4.43,2.06,,0.02,100.1436
2006-01-11,4.46,2.07,,0.02,99.871
2006-01-12,4.42,2.01,,0.03,100.0643
2006-01-13,4.36,1.97,,0.02,99.9675
2006-01-16,,,,,99.9715
2006-01-17,4.34,1.95,,0.01,100.2447
2006-01-18,4.34,1.97,,0.01,100.4085
2006-01-19,4.38,1.97,,0.01,100.1862
2006-01-20,4.37,1.94,,0.0,99.9017
2006-01-23,4.36,1.94,,0.01,99.3783
2006-01-24,4.4,1.97,,0.03,99.3434
2006-01-25,4.49,2.03,,0.03,99.348
2006-01-26,4.53,2.01,,0.04,99.4798
2006-01-27,4.52,2.02,,0.01,99.6433
2006-01-30,4.54,2.03,,0.02,99.7144
2006-01-31,4.53,2.0,,-0.01,99.4311
2006-02-01,4.57,2.02,199.4,-0.02,99.6132
2006-02-02,4.57,2.04,,-0.02,99.7916
2006-02-03,4.54,2.0,,-0.05,100.118
2006-02-06,4.55,2.0,,-0.07,100.1372
2006-02-07,4.57,2.02,,-0.04,100.1759
2006-02-08,4.56,2.07,,-0.08,100.4879
2006-02-09,4.54,2.05,,-0.12,100.2117
2006-02-10,4.59,2.09,,-0.1,100.322
2006-02-13,4.58,2.08,,-0.1,100.3955
2006-02-14,4.62,2.14,,-0.07,100.3987
2006-02-15,4.61,2.13,,-0.1,100.4489
2006-02-16,4.59,2.1,,-0.1,100.5183
2006-02-17,4.54,2.03,,-0.12,100.3404
2006-02-20,,,,,100.3447
2006-02-21,4.57,2.04,,-0.14,100.2346
2006-02-22,4.53,2.01,,-0.15,100.3879
2006-02-23,4.56,2.03,,-0.16,100.1956
2006-02-24,4.58,2.02,,-0.16,100.2594
2006-02-27,4.59,2.04,,-0.15,100.0724
2006-02-28,4.55,2.02,,-0.14,99.7695
2006-03-01,4.59,2.02,199.7,-0.12,99.8355
2006-03-02,4.64,2.05,,-0.08,99.5969
2006-03-03,4.68,2.07,,-0.08,99.7024
2006-03-06,4.74,2.14,,-0.03,99.9834
2006-03-07,4.74,2.16,,-0.03,100.564
2006-03-08,4.73,2.2,,0.01,100.8565
2006-03-09,4.74,2.2,,0.02,100.7718
2006-03-10,4.76,2.23,,0.02,100.9566
2006-03-13,4.77,2.24,,0.03,100.8563
2006-03-14,4.71,2.17,,0.05,100.312
2006-03-15,4.73,2.18,,0.04,100.2121
2006-03-16,4.65,2.12,,0.03,99.9049
2006-03-17,4.68,2.16,,0.03,99.8614
2006-03-20,4.66,2.15,,0.01,100.0491
2006-03-21,4.71,2.23,,-0.01,100.4716
2006-03-22,4.7,2.23,,-0.04,100.496
2006-03-23,4.73,2.24,,-0.04,100.8256
2006-03-24,4.67,2.2,,-0.05,100.7773
2006-03-27,4.7,2.23,,-0.02,100.8359
2006-03-28,4.79,2.3,,-0.02,100.7995
2006-03-29,4.81,2.32,,-0.01,101.0474
2006-03-30,4.86,2.35,,0.02,100.5698
2006-03-31,4.86,2.35,,0.04,100.56
2006-04-01,,,200.7,,
2006-04-03,4.88,2.36,,0.02,100.6204
2006-04-04,4.87,2.38,,0.03,100.1319
2006-04-05,4.84,2.34,,0.03,100.0792
2006-04-06,4.9,2.38,,0.06,100.1578
2006-04-07,4.97,2.43,,0.08,100.4187
2006-04-10,4.97,2.41,,0.08,100.4091
2006-04-11,4.93,2.37,,0.05,100.2903
2006-04-12,4.98,2.41,,0.07,100.3589
2006-04-13,5.05,2.48,,0.09,100.4759
2006-04-14,,,,,100.4697
2006-04-17,5.01,2.43,,0.1,99.8719
2006-04-18,4.99,2.38,,0.15,99.6747
2006-04-19,5.04,2.38,,0.18,99.3467
2006-04-20,5.04,2.42,,0.15,99.4974
2006-04-21,5.01,2.39,,0.11,99.4345
2006-04-24,4.99,2.39,,0.1,99.117
2006-04-25,5.07,2.47,,0.12,98.9687
2006-04-26,5.12,2.51,,0.13,98.8907
2006-04-27,5.09,2.45,,0.18,98.5149
2006-04-28,5.07,2.39,,0.2,98.1412
2006-05-01,5.14,2.42,201.3,0.2,97.9085
2006-05-02,5.12,2.43,,0.2,97.6571
2006-05-03,5.15,2.47,,0.21,97.5572
2006-05-04,5.16,2.49,,0.19,97.4878
2006-05-05,5.12,2.45,,0.18,97.2585
2006-05-08,5.12,2.45,,0.15,97.1945
2006-05-09,5.13,2.43,,0.16,96.9578
2006-05-10,5.13,2.43,,0.12,96.6391
2006-05-11,5.14,2.43,,0.15,96.5383
2006-05-12,5.19,2.47,,0.18,96.8788
2006-05-15,5.15,2.47,,0.16,97.3588
2006-05-16,5.1,2.44,,0.14,97.1959
2006-05-17,5.16,2.47,,0.19,97.4725
2006-05-18,5.08,2.41,,0.14,97.7033
2006-05-19,5.05,2.43,,0.09,97.933
2006-05-22,5.04,2.43,,0.1,97.9377
2006-05-23,5.07,2.44,,0.1,97.7045
2006-05-24,5.03,2.42,,0.09,98.3936
2006-05-25,5.07,2.46,,0.09,97.8423
2006-05-26,5.06,2.44,,0.1,97.8995
2006-05-29,,,,,97.8936
2006-05-30,5.09,2.45,,0.1,97.588
2006-05-31,5.12,2.48,,0.08,97.7705
2006-06-01,5.11,2.46,201.8,0.07,97.7726
2006-06-02,5.0,2.37,,0.08,97.5544
2006-06-05,5.02,2.4,,0.03,97.3681
2006-06-06,5.01,2.44,,0.02,98.1449
2006-06-07,5.02,2.48,,0.0,98.1641
2006-06-08,5.0,2.47,,-0.01,98.9313
2006-06-09,4.98,2.45,,-0.03,98.5471
2006-06-12,4.99,2.45,,-0.03,98.5494
2006-06-13,4.97,2.44,,-0.05,98.9201
2006-06-14,5.05,2.5,,-0.06,98.8338
2006-06-15,5.1,2.52,,-0.04,98.8846
2006-06-16,5.13,2.54,,-0.03,98.9127
2006-06-19,5.14,2.58,,-0.05,99.145
2006-06-20,5.15,2.58,,-0.04,99.0117
2006-06-21,5.16,2.59,,-0.04,98.5544
2006-06-22,5.2,2.61,,-0.03,99.0856
2006-06-23,5.23,2.64,,-0.04,99.4216
2006-06-26,5.25,2.67,,-0.02,99.3634
2006-06-27,5.21,2.63,,-0.03,99.219
2006-06-28,5.25,2.68,,-0.04,99.392
2006-06-29,5.22,2.61,,0.01,99.2158
2006-06-30,5.15,2.54,,-0.01,98.2483
2006-07-01,,,202.9,,
2006-07-03,5.15,2.56,,-0.02,98.0371
2006-07-04,,,,,98.0221
2006-07-05,5.23,2.63,,-0.01,98.308
2006-07-06,5.19,2.59,,-0.03,98.138
2006-07-07,5.14,2.55,,-0.03,97.7508
2006-07-10,5.13,2.56,,-0.04,97.9813
2006-07-11,5.1,2.53,,-0.07,98.2132
2006-07-12,5.1,2.54,,-0.07,98.5202
2006-07-13,5.08,2.51,,-0.04,98.5583
2006-07-14,5.07,2.5,,-0.01,98.6814
2006-07-17,5.07,2.49,,-0.05,99.0767
2006-07-18,5.13,2.55,,-0.06,99.1341
2006-07-19,5.06,2.49,,-0.06,98.9262
2006-07-20,5.03,2.45,,-0.03,98.6014
2006-07-21,5.05,2.49,,-0.03,98.5221
2006-07-24,5.05,2.49,,-0.05,98.7795
2006-07-25,5.07,2.48,,-0.04,98.9388
2006-07-26,5.04,2.44,,-0.02,98.742
2006-07-27,5.07,2.47,,0.0,98.2283
2006-07-28,5.0,2.41,,0.02,98.0539
2006-07-31,4.99,2.41,,0.02,97.9996
2006-08-01,4.99,2.4,203.8,0.02,98.1715
2006-08-02,4.96,2.36,,-0.01,97.9432
2006-08-03,4.96,2.35,,-0.02,98.0694
2006-08-04,4.91,2.3,,0.0,97.6005
2006-08-07,4.93,2.29,,-0.03,97.5088
2006-08-08,4.93,2.27,,0.02,97.6524
2006-08-09,4.92,2.28,,0.01,97.4402
2006-08-10,4.93,2.3,,0.0,97.8887
2006-08-11,4.97,2.33,,0.01,97.7863
2006-08-14,5.0,2.36,,-0.01,97.9677
2006-08-15,4.93,2.32,,-0.01,97.8043
2006-08-16,4.87,2.28,,0.0,97.3894
2006-08-17,4.87,2.28,,-0.02,97.3486
2006-08-18,4.84,2.26,,-0.03,97.7577
2006-08-21,4.82,2.23,,-0.03,97.3856
2006-08-22,4.82,2.22,,-0.05,97.6079
2006-08-23,4.82,2.25,,-0.05,97.5731
2006-08-24,4.81,2.28,,-0.07,97.7939
2006-08-25,4.79,2.24,,-0.07,97.8827
2006-08-28,4.8,2.28,,-0.08,97.8467
2006-08-29,4.79,2.29,,-0.08,97.7748
2006-08-30,4.76,2.28,,-0.07,97.5792
2006-08-31,4.74,2.24,,-0.05,97.644
2006-09-01,4.73,2.25,202.8,-0.04,97.5084
2006-09-04,,,,,97.4981
2006-09-05,4.78,2.31,,-0.02,97.4392
2006-09-06,4.8,2.32,,-0.02,97.6087
2006-09-07,4.8,2.34,,-0.02,97.8108
2006-09-08,4.78,2.35,,-0.02,98.2119
2006-09-11,4.8,2.38,,-0.03,98.3845
2006-09-12,4.78,2.36,,-0.04,98.2781
2006-09-13,4.77,2.35,,-0.03,98.1775
2006-09-14,4.79,2.35,,-0.04,98.0088
2006-09-15,4.8,2.38,,-0.07,98.2104
2006-09-18,4.81,2.39,,-0.07,98.1332
2006-09-19,4.74,2.35,,-0.05,98.1703
2006-09-20,4.73,2.39,,-0.08,98.1556
2006-09-21,4.65,2.31,,-0.06,97.9458
2006-09-22,4.6,2.27,,-0.07,97.8667
2006-09-25,4.56,2.24,,-0.07,97.9909
2006-09-26,4.59,2.25,,-0.09,98.0555
2006-09-27,4.6,2.26,,-0.06,98.0107
2006-09-28,4.63,2.27,,-0.05,98.0381
2006-09-29,4.64,2.27,,-0.07,98.1054
2006-10-01,,,201.9,,
2006-10-02,4.62,2.27,,-0.04,97.9247
2006-10-03,4.62,2.29,,-0.05,98.1267
2006-10-04,4.57,2.27,,-0.03,98.3682
2006-10-05,4.61,2.31,,-0.04,98.2776
2006-10-06,4.7,2.37,,-0.04,98.5619
2006-10-09,,,,,98.5702
2006-10-10,4.75,2.42,,-0.07,98.9125
2006-10-11,4.78,2.45,,-0.07,98.9146
2006-10-12,4.79,2.44,,-0.06,98.831
2006-10-13,4.81,2.47,,-0.06,98.8002
2006-10-16,4.79,2.45,,-0.06,98.71
2006-10-17,4.78,2.46,,-0.05,98.5354
2006-10-18,4.77,2.46,,-0.08,98.6164
2006-10-19,4.79,2.49,,-0.06,98.2897
2006-10-20,4.79,2.49,,-0.08,98.1629
2006-10-23,4.83,2.53,,-0.07,98.4483
2006-10-24,4.83,2.52,,-0.08,98.349
2006-10-25,4.78,2.44,,-0.1,98.2057
2006-10-26,4.73,2.41,,-0.08,97.8907
2006-10-27,4.68,2.37,,-0.08,97.4914
2006-10-30,4.68,2.39,,-0.1,97.5672
2006-10-31,4.61,2.34,,-0.1,97.3901
2006-11-01,4.57,2.29,202.0,-0.09,97.4949
2006-11-02,4.6,2.32,,-0.07,97.6556
2006-11-03,4.72,2.4,,-0.1,97.7209
2006-11-06,4.71,2.36,,-0.11,97.806
2006-11-07,4.66,2.32,,-0.11,97.4453
2006-11-08,4.64,2.29,,-0.11,97.58
2006-11-09,4.62,2.28,,-0.13,97.5041
2006-11-10,4.59,2.25,,-0.14,97.4638
2006-11-13,4.61,2.29,,-0.15,97.7904
2006-11-14,4.57,2.28,,-0.17,97.7475
2006-11-15,4.61,2.3,,-0.19,97.8359
2006-11-16,4.66,2.38,,-0.19,97.8098
2006-11-17,4.61,2.33,,-0.15,97.9855
2006-11-20,4.6,2.33,,-0.16,98.0254
2006-11-21,4.58,2.31,,-0.17,98.0215
2006-11-22,4.57,2.3,,-0.17,97.5315
2006-11-23,,,,,97.5314
2006-11-24,4.55,2.27,,-0.18,97.0657
2006-11-27,4.54,2.24,,-0.17,96.9986
2006-11-28,4.51,2.21,,-0.16,96.8428
2006-11-29,4.52,2.22,,-0.17,96.8577
2006-11-30,4.46,2.16,,-0.16,96.5779
2006-12-01,4.43,2.1,203.1,-0.09,96.4585
2006-12-04,4.43,2.11,,-0.09,96.4319
2006-12-05,4.45,2.11,,-0.07,96.2082
2006-12-06,4.48,2.14,,-0.11,96.2839
2006-12-07,4.49,2.15,,-0.09,96.3207
2006-12-08,4.56,2.21,,-0.12,96.6123
2006-12-11,4.52,2.17,,-0.15,96.6646
2006-12-12,4.49,2.15,,-0.12,96.7119
2006-12-13,4.58,2.22,,-0.12,96.7296
2006-12-14,4.6,2.23,,-0.13,96.7946
2006-12-15,4.6,2.29,,-0.13,96.9857
2006-12-18,4.6,2.31,,-0.11,97.1559
2006-12-19,4.6,2.31,,-0.11,96.9313
2006-12-20,4.6,2.32,,-0.11,96.7762
2006-12-21,4.55,2.29,,-0.11,96.9148
2006-12-22,4.63,2.35,,-0.08,97.1113
2006-12-25,,,,,97.1221
2006-12-26,4.61,2.34,,-0.1,97.1786
2006-12-27,4.66,2.39,,-0.11,97.2076
2006-12-28,4.7,2.41,,-0.12,97.0656
2006-12-29,4.71,2.41,,-0.11,97.0312
2007-01-01,,,203.437,,97.0323
2007-01-02,4.68,2.38,,-0.12,
2007-01-03,4.67,2.36,,-0.09,97.1281
2007-01-04,4.62,2.36,,-0.09,97.5251
2007-01-05,4.65,2.38,,-0.11,97.7801
2007-01-08,4.66,2.38,,-0.12,97.788
2007-01-09,4.66,2.39,,-0.13,97.9642
2007-01-10,4.69,2.42,,-0.12,98.0943
2007-01-11,4.74,2.43,,-0.12,98.0845
2007-01-12,4.77,2.49,,-0.11,97.921
2007-01-15,,,,,97.9201
2007-01-16,4.75,2.48,,-0.11,97.9816
2007-01-17,4.79,2.5,,-0.12,97.7509
2007-01-18,4.75,2.47,,-0.14,97.8286
2007-01-19,4.78,2.47,,-0.15,97.6868
2007-01-22,4.76,2.44,,-0.15,97.827
2007-01-23,4.81,2.46,,-0.13,97.8117
2007-01-24,4.81,2.44,,-0.12,97.908
2007-01-25,4.87,2.48,,-0.11,97.8396
2007-01-26,4.88,2.48,,-0.11,98.1491
2007-01-29,4.9,2.5,,-0.09,98.2066
2007-01-30,4.88,2.46,,-0.1,98.1515
2007-01-31,4.83,2.4,,-0.11,97.964
2007-02-01,4.84,2.42,204.226,-0.12,97.7101
2007-02-02,4.83,2.42,,-0.11,97.9743
2007-02-05,4.81,2.41,,-0.11,97.87
2007-02-06,4.77,2.4,,-0.13,97.7357
2007-02-07,4.74,2.4,,-0.13,97.7239
2007-02-08,4.73,2.39,,-0.14,97.8169
2007-02-09,4.79,2.43,,-0.13,97.7076
2007-02-12,4.8,2.46,,-0.14,97.9409
2007-02-13,4.82,2.46,,-0.13,97.7063
2007-02-14,4.74,2.38,,-0.13,97.2779
2007-02-15,4.7,2.38,,-0.13,97.1588
2007-02-16,4.69,2.36,,-0.14,97.164
2007-02-19,,,,,97.1545
2007-02-20,4.68,2.36,,-0.13,97.321
2007-02-21,4.69,2.33,,-0.13,97.27
2007-02-22,4.73,2.35,,-0.14,97.266
2007-02-23,4.68,2.3,,-0.14,97.1756
2007-02-26,4.63,2.26,,-0.14,97.2281
2007-02-27,4.5,2.14,,-0.09,97.0883
2007-02-28,4.56,2.2,,-0.09,97.2386
2007-03-01,4.56,2.19,205.288,-0.07,97.3358
2007-03-02,4.52,2.15,,-0.04,97.3691
2007-03-05,4.51,2.17,,-0.02,97.6716
2007-03-06,4.53,2.19,,-0.05,97.5123
2007-03-07,4.5,2.16,,-0.04,97.4558
2007-03-08,4.51,2.17,,-0.05,97.5731
2007-03-09,4.59,2.25,,-0.07,97.4559
2007-03-12,4.56,2.22,,-0.06,97.3013
2007-03-13,4.5,2.15,,-0.02,97.2203
2007-03-14,4.53,2.18,,-0.01,97.2759
2007-03-15,4.54,2.17,,-0.03,97.2476
2007-03-16,4.55,2.16,,-0.03,97.0407
2007-03-19,4.58,2.18,,-0.03,97.1062
2007-03-20,4.56,2.17,,-0.04,96.7985
2007-03-21,4.53,2.14,,0.02,96.6195
2007-03-22,4.6,2.17,,0.02,96.3893
2007-03-23,4.62,2.19,,0.02,96.5662
2007-03-26,4.6,2.16,,0.04,96.5493
2007-03-27,4.62,2.16,,0.04,96.4558
2007-03-28,4.62,2.17,,0.09,96.4894
2007-03-29,4.64,2.18,,0.06,96.5067
2007-03-30,4.65,2.21,,0.07,96.3183
2007-04-01,,,205.904,,
2007-04-02,4.65,2.21,,0.05,96.3175
2007-04-03,4.67,2.25,,0.04,96.3774
2007-04-04,4.66,2.23,,0.05,96.3646
2007-04-05,4.68,2.22,,0.05,96.1188
2007-04-06,4.76,2.27,,0.01,96.2526
2007-04-09,4.75,2.27,,0.02,96.293
2007-04-10,4.73,2.27,,0.02,96.1179
2007-04-11,4.74,2.28,,0.01,96.0293
2007-04-12,4.74,2.28,,0.01,95.7999
2007-04-13,4.76,2.31,,0.0,95.711
2007-04-16,4.74,2.3,,0.0,95.5538
2007-04-17,4.69,2.29,,0.01,95.3832
2007-04-18,4.66,2.26,,0.02,95.3109
2007-04-19,4.68,2.27,,0.04,95.2712
2007-04-20,4.68,2.27,,0.04,95.1692
2007-04-23,4.66,2.25,,0.04,95.1833
2007-04-24,4.63,2.21,,0.05,95.1608
2007-04-25,4.66,2.22,,0.03,94.8497
2007-04-26,4.69,2.26,,0.02,95.1653
2007-04-27,4.71,2.25,,0.04,95.0103
2007-04-30,4.63,2.2,,0.03,94.8365
2007-05-01,4.64,2.19,206.755,0.01,95.0037
2007-05-02,4.65,2.22,,0.0,95.0352
2007-05-03,4.68,2.25,,-0.03,95.0167
2007-05-04,4.65,2.24,,-0.03,94.9118
2007-05-07,4.64,2.27,,-0.04,94.6914
2007-05-08,4.63,2.27,,-0.05,94.8648
2007-05-09,4.67,2.29,,-0.06,94.7933
2007-05-10,4.65,2.27,,-0.05,94.9506
2007-05-11,4.67,2.3,,-0.04,95.0035
2007-05-14,4.69,2.32,,-0.04,94.8267
2007-05-15,4.71,2.37,,-0.04,94.5574
2007-05-16,4.71,2.38,,-0.02,94.8143
2007-05-17,4.76,2.41,,-0.02,94.8339
2007-05-18,4.81,2.46,,-0.01,94.6573
2007-05-21,4.79,2.43,,-0.02,94.7026
2007-05-22,4.83,2.48,,0.0,94.5753
2007-05-23,4.86,2.5,,0.01,94.4557
2007-05-24,4.86,2.48,,0.01,94.7025
2007-05-25,4.86,2.49,,0.01,94.5022
2007-05-28,,,,,94.4959
2007-05-29,4.88,2.54,,0.0,94.3533
2007-05-30,4.88,2.52,,-0.01,94.549
2007-05-31,4.9,2.54,,-0.02,94.3215
2007-06-01,4.95,2.57,207.234,-0.02,94.132
2007-06-04,4.93,2.55,,-0.04,93.9969
2007-06-05,4.98,2.6,,-0.01,93.9986
2007-06-06,4.97,2.58,,0.0,94.1217
2007-06-07,5.11,2.7,,0.08,94.3537
2007-06-08,5.12,2.69,,0.11,94.7599
2007-06-11,5.14,2.72,,0.13,94.6576
2007-06-12,5.26,2.83,,0.18,94.6991
2007-06-13,5.2,2.75,,0.12,94.9011
2007-06-14,5.23,2.77,,0.13,94.9029
2007-06-15,5.16,2.73,,0.11,94.6228
2007-06-18,5.15,2.73,,0.14,94.5475
2007-06-19,5.09,2.67,,0.15,94.3227
2007-06-20,5.14,2.73,,0.17,94.3618
2007-06-21,5.16,2.74,,0.18,94.6073
2007-06-22,5.14,2.7,,0.22,94.4371
2007-06-25,5.09,2.67,,0.22,94.5105
2007-06-26,5.1,2.7,,0.2,94.4678
2007-06-27,5.09,2.7,,0.18,94.5633
2007-06-28,5.12,2.73,,0.16,94.2395
2007-06-29,5.03,2.65,,0.16,94.1393
2007-07-01,,,207.603,,
2007-07-02,5.0,2.61,,0.14,93.634
2007-07-03,5.05,2.68,,0.16,93.697
2007-07-04,,,,,93.6965
2007-07-05,5.16,2.76,,0.17,93.7653
2007-07-06,5.19,2.79,,0.2,93.5759
2007-07-09,5.16,2.75,,0.19,93.5519
2007-07-10,5.03,2.64,,0.18,93.3339
2007-07-11,5.09,2.71,,0.2,93.3089
2007-07-12,5.13,2.74,,0.19,93.1198
2007-07-13,5.11,2.73,,0.17,93.0133
2007-07-16,5.05,2.69,,0.16,92.9094
2007-07-17,5.08,2.73,,0.17,92.9095
2007-07-18,5.02,2.64,,0.18,92.7959
2007-07-19,5.04,2.65,,0.17,92.7332
2007-07-20,4.96,2.6,,0.17,92.7179
2007-07-23,4.97,2.63,,0.17,92.6585
2007-07-24,4.94,2.58,,0.17,92.505
2007-07-25,4.92,2.56,,0.18,92.9189
2007-07-26,4.79,2.47,,0.23,93.1186
2007-07-27,4.8,2.48,,0.24,93.5485
2007-07-30,4.82,2.49,,0.23,93.5918
2007-07-31,4.78,2.44,,0.22,93.4264
2007-08-01,4.76,2.44,207.667,0.2,93.4011
2007-08-02,4.77,2.46,,0.18,93.3038
2007-08-03,4.71,2.44,,0.25,93.1039
2007-08-06,4.72,2.46,,0.26,93.1112
2007-08-07,4.77,2.51,,0.21,93.3171
2007-08-08,4.84,2.58,,0.2,93.0989
2007-08-09,4.79,2.54,,0.3,93.441
2007-08-10,4.81,2.56,,0.34,93.5214
2007-08-13,4.78,2.52,,0.32,93.6032
2007-08-14,4.73,2.49,,0.34,94.0416
2007-08-15,4.69,2.46,,0.42,94.5014
2007-08-16,4.6,2.39,,0.52,94.9055
2007-08-17,4.68,2.45,,0.5,94.319
2007-08-20,4.64,2.44,,0.53,94.2138
2007-08-21,4.6,2.38,,0.55,94.2676
2007-08-22,4.63,2.42,,0.48,94.0998
2007-08-23,4.62,2.39,,0.42,93.9827
2007-08-24,4.63,2.4,,0.33,93.6863
2007-08-27,4.6,2.38,,0.32,93.6109
2007-08-28,4.53,2.33,,0.4,93.8394
2007-08-29,4.57,2.38,,0.43,93.7174
2007-08-30,4.51,2.32,,0.43,93.7324
2007-08-31,4.54,2.34,,0.39,93.6674
2007-09-01,,,208.547,,
2007-09-03,,,,,93.6691
2007-09-04,4.56,2.36,,0.43,93.6433
2007-09-05,4.48,2.29,,0.45,93.5453
2007-09-06,4.51,2.32,,0.43,93.4468
2007-09-07,4.38,2.19,,0.48,93.2939
2007-09-10,4.34,2.14,,0.47,93.2349
2007-09-11,4.37,2.16,,0.42,92.9244
2007-09-12,4.41,2.18,,0.46,92.6386
2007-09-13,4.49,2.24,,0.41,92.6172
2007-09-14,4.47,2.2,,0.42,92.7083
2007-09-17,4.48,2.21,,0.4,92.823
2007-09-18,4.5,2.19,,0.5,92.6584
2007-09-19,4.53,2.21,,0.53,92.1534
2007-09-20,4.69,2.34,,0.59,91.4212
2007-09-21,4.64,2.31,,0.58,91.4854
2007-09-24,4.63,2.33,,0.58,91.4017
2007-09-25,4.63,2.34,,0.63,91.3392
2007-09-26,4.63,2.34,,0.66,91.4335
2007-09-27,4.58,2.27,,0.63,91.3497
2007-09-28,4.59,2.27,,0.62,90.9446
2007-10-01,4.56,2.26,209.19,0.54,90.8801
2007-10-02,4.54,2.23,,0.56,91.12
2007-10-03,4.55,2.25,,0.53,91.1038
2007-10-04,4.54,2.24,,0.54,91.1632
2007-10-05,4.65,2.34,,0.57,90.7393
2007-10-08,,,,,90.748
2007-10-09,4.67,2.34,,0.52,90.8609
2007-10-10,4.65,2.33,,0.5,90.7154
2007-10-11,4.66,2.32,,0.53,90.4901
2007-10-12,4.7,2.36,,0.47,90.5945
2007-10-15,4.69,2.34,,0.47,90.5387
2007-10-16,4.66,2.31,,0.54,90.7123
2007-10-17,4.57,2.22,,0.57,90.515
2007-10-18,4.52,2.2,,0.59,90.3084
2007-10-19,4.41,2.09,,0.61,90.1014
2007-10-22,4.42,2.11,,0.57,90.6777
2007-10-23,4.41,2.11,,0.6,90.1899
2007-10-24,4.36,2.07,,0.62,90.2262
2007-10-25,4.37,2.04,,0.63,89.9925
2007-10-26,4.41,2.05,,0.64,89.6508
2007-10-29,4.39,2.04,,0.6,89.4118
2007-10-30,4.4,2.06,,0.58,89.3252
2007-10-31,4.48,2.14,,0.54,89.1389
2007-11-01,4.36,2.0,210.834,0.59,89.1628
2007-11-02,4.31,1.92,,0.65,88.8924
2007-11-05,4.35,1.94,,0.66,88.8851
2007-11-06,4.38,1.93,,0.68,88.4938
2007-11-07,4.34,1.91,,0.73,88.0631
2007-11-08,4.28,1.88,,0.81,88.2631
2007-11-09,4.23,1.82,,0.81,88.4615
2007-11-12,,,,,88.465
2007-11-13,4.26,1.86,,0.72,89.1016
2007-11-14,4.28,1.88,,0.71,88.9671
2007-11-15,4.17,1.81,,0.82,89.4413
2007-11-16,4.15,1.8,,0.82,89.3182
2007-11-19,4.07,1.7,,0.89,89.5262
2007-11-20,4.06,1.68,,0.92,89.2622
2007-11-21,4.0,1.62,,1.01,89.3352
2007-11-22,,,,,89.3269
2007-11-23,4.01,1.63,,0.94,89.2384
2007-11-26,3.83,1.45,,0.91,89.145
2007-11-27,3.95,1.58,,0.9,89.4082
2007-11-28,4.03,1.71,,0.86,89.4195
2007-11-29,3.94,1.61,,0.88,89.3681
2007-11-30,3.97,1.63,,0.93,89.6212
2007-12-01,,,211.445,,
2007-12-03,3.89,1.57,,0.99,89.6403
2007-12-04,3.89,1.59,,0.99,89.6672
2007-12-05,3.92,1.66,,1.02,89.8751
2007-12-06,4.02,1.77,,0.99,89.9268
2007-12-07,4.12,1.86,,1.0,89.74
2007-12-10,4.15,1.89,,0.98,89.6811
2007-12-11,3.98,1.73,,1.04,89.7176
2007-12-12,4.05,1.78,,0.98,89.7349
2007-12-13,4.18,1.87,,0.97,90.1374
2007-12-14,4.24,1.9,,0.93,90.4345
2007-12-17,4.2,1.86,,0.96,90.5363
2007-12-18,4.14,1.8,,0.95,90.5602
2007-12-19,4.06,1.73,,0.94,90.6147
2007-12-20,4.04,1.74,,0.95,90.4695
2007-12-21,4.18,1.84,,0.99,90.3672
2007-12-24,4.23,1.88,,0.99,90.1788
2007-12-25,,,,,90.1786
2007-12-26,4.3,1.95,,0.99,89.9226
2007-12-27,4.21,1.85,,0.97,89.684
2007-12-28,4.11,1.78,,0.99,89.4069
2007-12-31,4.04,1.73,,0.99,89.6304
2008-01-01,,,212.174,,89.6297
2008-01-02,3.91,1.59,,1.03,89.3514
2008-01-03,3.91,1.58,,1.08,89.231
2008-01-04,3.88,1.56,,1.14,89.2467
2008-01-07,3.86,1.57,,1.1,89.5718
2008-01-08,3.86,1.57,,1.1,89.3398
2008-01-09,3.82,1.56,,1.13,89.6807
2008-01-10,3.91,1.68,,1.2,89.6226
2008-01-11,3.82,1.56,,1.23,89.5215
2008-01-14,3.81,1.53,,1.23,89.2749
2008-01-15,3.72,1.45,,1.19,89.1555
2008-01-16,3.74,1.5,,1.23,89.6701
2008-01-17,3.66,1.43,,1.22,89.6484
2008-01-18,3.66,1.42,,1.3,89.8993
2008-01-21,,,,,89.9265
2008-01-22,3.52,1.28,,1.44,89.84
2008-01-23,3.51,1.31,,1.42,89.9138
2008-01-24,3.68,1.44,,1.43,89.203
2008-01-25,3.61,1.34,,1.38,89.2184
2008-01-28,3.61,1.33,,1.41,88.9555
2008-01-29,3.69,1.37,,1.4,88.8342
2008-01-30,3.78,1.45,,1.48,88.7442
2008-01-31,3.67,1.33,,1.5,88.6547
2008-02-01,3.62,1.31,212.687,1.53,88.4824
2008-02-04,3.68,1.38,,1.6,88.4788
2008-02-05,3.61,1.34,,1.68,89.076
2008-02-06,3.61,1.36,,1.65,88.9987
2008-02-07,3.74,1.47,,1.75,89.4221
2008-02-08,3.64,1.36,,1.71,89.2226
2008-02-11,3.62,1.32,,1.69,89.2149
2008-02-12,3.66,1.36,,1.72,88.9539
2008-02-13,3.7,1.42,,1.79,89.1382
2008-02-14,3.85,1.57,,1.92,88.9055
2008-02-15,3.76,1.48,,1.85,88.9006
2008-02-18,,,,,88.9004
2008-02-19,3.89,1.56,,1.83,88.9626
2008-02-20,3.93,1.55,,1.79,89.2572
2008-02-21,3.77,1.43,,1.79,88.716
2008-02-22,3.79,1.44,,1.81,88.7082
2008-02-25,3.91,1.53,,1.78,88.5373
2008-02-26,3.88,1.44,,1.84,88.0998
2008-02-27,3.85,1.42,,1.84,87.3353
2008-02-28,3.71,1.26,,1.84,87.0363
2008-02-29,3.53,1.1,,1.88,87.1654
2008-03-01,,,213.448,,
2008-03-03,3.54,1.08,,1.93,87.2381
2008-03-04,3.63,1.15,,1.98,87.3039
2008-03-05,3.7,1.16,,2.04,87.1347
2008-03-06,3.62,1.07,,2.09,86.9105
2008-03-07,3.56,1.01,,2.03,87.1258
2008-03-10,3.46,0.9,,1.99,87.1452
2008-03-11,3.6,1.05,,1.86,87.1763
2008-03-12,3.49,0.95,,1.86,86.728
2008-03-13,3.56,1.05,,1.93,86.3891
2008-03-14,3.44,1.01,,1.97,86.4301
2008-03-17,3.34,1.05,,1.99,86.3417
2008-03-18,3.48,1.08,,1.9,86.1191
2008-03-19,3.38,1.04,,1.84,86.5755
2008-03-20,3.34,1.02,,1.75,87.3293
2008-03-21,,,,,87.2111
2008-03-24,3.56,1.24,,1.72,87.3103
2008-03-25,3.51,1.25,,1.72,86.8339
2008-03-26,3.51,1.24,,1.8,86.5513
2008-03-27,3.56,1.23,,1.83,86.4583
2008-03-28,3.47,1.13,,1.8,86.6369
2008-03-31,3.45,1.11,,1.83,86.6881
2008-04-01,3.57,1.22,213.942,1.77,87.0276
2008-04-02,3.6,1.26,,1.72,86.8886
2008-04-03,3.61,1.28,,1.7,86.6424
2008-04-04,3.5,1.18,,1.67,86.5108
2008-04-07,3.57,1.23,,1.62,86.603
2008-04-08,3.58,1.26,,1.71,86.7369
2008-04-09,3.49,1.19,,1.72,86.5764
2008-04-10,3.55,1.26,,1.71,86.5131
2008-04-11,3.49,1.19,,1.73,86.5029
2008-04-14,3.53,1.23,,1.75,86.3492
2008-04-15,3.6,1.28,,1.76,86.4705
2008-04-16,3.72,1.41,,1.74,85.9037
2008-04-17,3.75,1.44,,1.62,86.1077
2008-04-18,3.77,1.45,,1.58,86.5277
2008-04-21,3.75,1.44,,1.55,86.2979
2008-04-22,3.74,1.43,,1.5,85.927
2008-04-23,3.77,1.44,,1.55,86.3841
2008-04-24,3.87,1.56,,1.46,86.7154
2008-04-25,3.91,1.6,,1.47,86.8337
2008-04-28,3.86,1.56,,1.5,86.7635
2008-04-29,3.85,1.56,,1.5,86.873
2008-04-30,3.77,1.5,,1.48,86.8907
2008-05-01,3.78,1.52,215.208,1.41,87.1347
2008-05-02,3.89,1.53,,1.42,87.2311
2008-05-05,3.88,1.53,,1.46,87.0636
2008-05-06,3.93,1.55,,1.55,86.847
2008-05-07,3.87,1.51,,1.56,87.3421
2008-05-08,3.79,1.43,,1.54,87.4575
2008-05-09,3.77,1.39,,1.52,87.2528
2008-05-12,3.78,1.41,,1.48,87.0403
2008-05-13,3.9,1.51,,1.43,87.1332
2008-05-14,3.92,1.49,,1.39,87.3659
2008-05-15,3.83,1.4,,1.38,87.1823
2008-05-16,3.85,1.41,,1.38,86.7855
2008-05-19,3.83,1.36,,1.41,86.8225
2008-05-20,3.78,1.31,,1.44,86.5627
2008-05-21,3.81,1.3,,1.4,86.1595
2008-05-22,3.92,1.41,,1.36,86.3223
2008-05-23,3.85,1.36,,1.39,86.1922
2008-05-26,,,,,86.19
2008-05-27,3.93,1.46,,1.38,86.4459
2008-05-28,4.03,1.58,,1.41,86.4951
2008-05-29,4.08,1.62,,1.41,86.5616
2008-05-30,4.06,1.58,,1.4,86.5504
2008-06-01,,,217.463,,
2008-06-02,3.98,1.51,,1.47,86.6321
2008-06-03,3.92,1.51,,1.47,86.8359
2008-06-04,3.98,1.59,,1.51,87.0999
2008-06-05,4.06,1.63,,1.54,87.0968
2008-06-06,3.94,1.47,,1.54,86.8028
2008-06-09,4.02,1.54,,1.29,86.9096
2008-06-10,4.11,1.62,,1.2,87.4705
2008-06-11,4.1,1.62,,1.27,87.2059
2008-06-12,4.23,1.73,,1.2,87.6187
2008-06-13,4.27,1.77,,1.22,87.7622
2008-06-16,4.25,1.76,,1.23,87.3911
2008-06-17,4.23,1.75,,1.29,87.2103
2008-06-18,4.16,1.68,,1.27,87.1872
2008-06-19,4.22,1.75,,1.23,87.0815
2008-06-20,4.16,1.72,,1.28,86.9036
2008-06-23,4.19,1.75,,1.21,87.2163
2008-06-24,4.1,1.64,,1.23,86.9666
2008-06-25,4.12,1.65,,1.3,87.0535
2008-06-26,4.07,1.55,,1.39,86.6793
2008-06-27,3.99,1.48,,1.34,86.643
2008-06-30,3.99,1.48,,1.36,86.7621
2008-07-01,4.01,1.49,219.016,1.38,86.8447
2008-07-02,3.99,1.43,,1.39,86.4782
2008-07-03,3.99,1.42,,1.45,86.8843
2008-07-04,,,,,86.8781
2008-07-07,3.95,1.43,,1.48,86.9617
2008-07-08,3.91,1.45,,1.44,86.9778
2008-07-09,3.85,1.39,,1.44,86.5335
2008-07-10,3.83,1.4,,1.39,86.5122
2008-07-11,3.96,1.48,,1.37,86.221
2008-07-14,3.9,1.43,,1.43,86.1079
2008-07-15,3.87,1.4,,1.48,85.8731
2008-07-16,3.97,1.48,,1.53,85.9285
2008-07-17,4.07,1.6,,1.49,85.9387
2008-07-18,4.11,1.65,,1.45,86.0735
2008-07-21,4.09,1.66,,1.43,86.0151
2008-07-22,4.14,1.71,,1.4,86.1909
2008-07-23,4.16,1.8,,1.35,86.2664
2008-07-24,4.03,1.69,,1.42,86.4017
2008-07-25,4.13,1.79,,1.43,86.3916
2008-07-28,4.06,1.7,,1.47,86.4666
2008-07-29,4.09,1.76,,1.44,86.8175
2008-07-30,4.07,1.71,,1.43,86.8167
2008-07-31,3.99,1.65,,1.47,86.8567
2008-08-01,3.97,1.63,218.69,1.46,86.8257
2008-08-04,3.98,1.64,,1.45,87.0611
2008-08-05,4.04,1.74,,1.5,87.3281
2008-08-06,4.06,1.79,,1.5,87.6004
2008-08-07,3.92,1.68,,1.49,87.8732
2008-08-08,3.94,1.72,,1.43,88.8939
2008-08-11,3.99,1.8,,1.43,89.035
2008-08-12,3.91,1.72,,1.46,89.1916
2008-08-13,3.94,1.75,,1.44,89.3211
2008-08-14,3.89,1.67,,1.44,89.3675
2008-08-15,3.84,1.66,,1.44,89.7244
2008-08-18,3.82,1.67,,1.47,89.5966
2008-08-19,3.83,1.68,,1.51,89.6465
2008-08-20,3.79,1.6,,1.54,89.6977
2008-08-21,3.84,1.61,,1.51,88.9128
2008-08-22,3.87,1.69,,1.45,89.2381
2008-08-25,3.79,1.64,,1.46,89.3094
2008-08-26,3.79,1.63,,1.44,89.7007
2008-08-27,3.77,1.58,,1.46,89.6419
2008-08-28,3.79,1.62,,1.42,89.8225
2008-08-29,3.83,1.68,,1.47,90.0567
2008-09-01,,,218.877,,90.08
2008-09-02,3.74,1.69,,1.48,90.8438
2008-09-03,3.71,1.71,,1.45,90.8286
2008-09-04,3.64,1.7,,1.44,91.1621
2008-09-05,3.66,1.71,,1.43,91.341
2008-09-08,3.66,1.68,,1.36,91.663
2008-09-09,3.62,1.69,,1.39,91.5779
2008-09-10,3.65,1.7,,1.43,92.1283
2008-09-11,3.64,1.67,,1.46,92.4901
2008-09-12,3.74,1.79,,1.51,91.4706
2008-09-15,3.47,1.7,,1.69,91.757
2008-09-16,3.48,1.85,,1.59,92.0594
2008-09-17,3.41,1.81,,1.77,92.0982
2008-09-18,3.54,1.94,,1.76,91.7111
2008-09-19,3.78,1.85,,1.62,91.0014
2008-09-22,3.83,1.85,,1.7,90.1119
2008-09-23,3.85,1.99,,1.74,90.1221
2008-09-24,3.8,2.05,,1.77,90.4602
2008-09-25,3.88,2.09,,1.72,90.4651
2008-09-26,3.85,2.1,,1.74,90.6872
2008-09-29,3.61,2.03,,1.91,91.3961
2008-09-30,3.85,2.25,,1.85,92.3773
2008-10-01,3.77,2.26,216.995,1.95,92.511
2008-10-02,3.66,2.17,,2.04,93.3792
2008-10-03,3.63,2.18,,2.03,93.5414
2008-10-06,3.48,2.21,,2.05,95.1629
2008-10-07,3.5,2.32,,2.03,95.4889
2008-10-08,3.72,2.69,,2.07,96.9684
2008-10-09,3.84,2.79,,2.19,96.5143
2008-10-10,3.89,2.97,,2.27,97.999
2008-10-13,,,,,97.9686
2008-10-14,4.08,3.05,,2.26,96.2544
2008-10-15,4.04,3.02,,2.4,97.2045
2008-10-16,3.99,3.02,,2.38,98.368
2008-10-17,3.98,2.87,,2.34,97.7255
2008-10-20,3.91,2.76,,2.2,98.1605
2008-10-21,3.76,2.63,,2.18,99.4242
2008-10-22,3.65,2.59,,2.12,101.2131
2008-10-23,3.63,2.67,,2.09,101.1071
2008-10-24,3.76,3.02,,2.19,101.8442
2008-10-27,3.79,3.02,,2.2,102.3415
2008-10-28,3.89,3.06,,2.24,102.4236
2008-10-29,3.93,3.05,,2.35,100.0967
2008-10-30,4.0,3.06,,2.41,99.4568
2008-10-31,4.01,3.14,,2.45,99.7662
2008-11-01,,,213.153,,
2008-11-03,3.96,3.09,,2.51,99.4345
2008-11-04,3.81,2.88,,2.42,97.9957
2008-11-05,3.73,2.76,,2.37,98.0953
2008-11-06,3.75,2.81,,2.47,99.5364
2008-11-07,3.83,2.86,,2.5,99.3944
2008-11-10,3.82,2.84,,2.55,99.5897
2008-11-11,,,,,99.6041
2008-11-12,3.75,2.79,,2.56,101.1947
2008-11-13,3.84,2.95,,2.6,101.774
2008-11-14,3.72,2.87,,2.5,100.9705
2008-11-17,3.68,2.85,,2.46,101.1029
2008-11-18,3.53,2.92,,2.38,101.3965
2008-11-19,3.38,2.98,,2.29,101.8804
2008-11-20,3.1,3.06,,2.1,103.2737
2008-11-21,3.2,3.15,,2.11,103.6289
2008-11-24,3.35,3.11,,2.04,101.502
2008-11-25,3.11,2.79,,1.96,100.7997
2008-11-26,2.99,2.68,,1.9,101.2566
2008-11-27,,,,,101.2564
2008-11-28,2.93,2.6,,1.93,101.6468
2008-12-01,2.72,2.38,211.398,1.82,102.1744
2008-12-02,2.68,2.26,,1.78,101.9891
2008-12-03,2.67,2.14,,1.8,102.4251
2008-12-04,2.55,1.98,,1.73,102.0715
2008-12-05,2.67,2.23,,1.74,103.4902
2008-12-08,2.77,2.47,,1.8,101.7227
2008-12-09,2.67,2.41,,1.83,101.7346
2008-12-10,2.69,2.44,,1.83,101.2913
2008-12-11,2.64,2.35,,1.85,99.5101
2008-12-12,2.6,2.43,,1.82,100.319
2008-12-15,2.53,2.43,,1.78,99.1001
2008-12-16,2.37,2.21,,1.72,98.4771
2008-12-17,2.2,1.86,,1.47,96.8227
2008-12-18,2.08,1.85,,1.4,96.8447
2008-12-19,2.13,1.98,,1.39,98.1278
2008-12-22,2.16,2.01,,1.29,98.1643
2008-12-23,2.18,2.03,,1.28,98.2698
2008-12-24,2.2,2.07,,1.3,98.2249
2008-12-25,,,,,98.2419
2008-12-26,2.16,2.03,,1.27,98.2594
2008-12-29,2.13,2.02,,1.35,97.9359
2008-12-30,2.11,2.02,,1.36,98.3833
2008-12-31,2.25,2.14,,1.49,98.6518
2009-01-01,,,211.933,,
2009-01-02,2.46,2.29,,1.58,98.6008
2009-01-05,2.49,2.34,,1.71,98.9195
2009-01-06,2.51,2.09,,1.71,98.7871
2009-01-07,2.52,2.05,,1.7,98.089
2009-01-08,2.47,1.97,,1.64,98.3223
2009-01-09,2.43,1.87,,1.68,98.8752
2009-01-12,2.34,1.75,,1.6,99.6022
2009-01-13,2.33,1.74,,1.57,100.3597
2009-01-14,2.24,1.79,,1.51,100.7546
2009-01-15,2.23,1.78,,1.5,101.4653
2009-01-16,2.36,1.81,,1.63,100.711
2009-01-19,,,,,
2009-01-20,2.4,1.82,,1.67,
2009-01-21,2.56,1.98,,1.78,102.1007
2009-01-22,2.62,1.97,,1.87,101.8432
2009-01-23,2.65,1.93,,1.82,102.1096
2009-01-26,2.7,1.92,,1.85,100.9764
2009-01-27,2.59,1.77,,1.72,101.1702
2009-01-28,2.71,1.81,,1.82,100.5461
2009-01-29,2.87,1.83,,1.92,101.3398
2009-01-30,2.87,1.73,,1.93,102.1169
2009-02-01,,,212.705,,
2009-02-02,2.76,1.69,,1.87,102.5067
2009-02-03,2.89,1.76,,1.93,101.8506
2009-02-04,2.95,1.78,,1.97,101.9056
2009-02-05,2.95,1.84,,1.97,101.9517
2009-02-06,3.05,1.82,,2.06,101.7455
2009-02-09,3.07,1.66,,2.02,100.9637
2009-02-10,2.9,1.65,,1.98,101.7094
2009-02-11,2.78,1.66,,1.85,102.24
2009-02-12,2.75,1.61,,1.86,102.598
2009-02-13,2.89,1.68,,1.92,102.2958
2009-02-16,,,,,
2009-02-17,2.64,1.53,,1.77,103.7625
2009-02-18,2.74,1.63,,1.77,104.0385
2009-02-19,2.85,1.73,,1.84,103.7656
2009-02-20,2.78,1.67,,1.82,104.0244
2009-02-23,2.78,1.7,,1.82,103.7416
2009-02-24,2.8,1.82,,1.77,103.9829
2009-02-25,2.95,1.98,,1.86,104.3086
2009-02-26,2.98,2.02,,1.9,104.1813
2009-02-27,3.02,2.06,,2.02,104.9284
2009-03-01,,,212.495,,
2009-03-02,2.91,2.0,,2.02,105.9617
2009-03-03,2.93,2.02,,2.02,106.0249
2009-03-04,3.01,2.09,,2.04,105.4558
2009-03-05,2.83,1.98,,1.93,105.8064
2009-03-06,2.83,2.02,,1.92,105.3937
2009-03-09,2.89,2.06,,1.93,106.0182
2009-03-10,2.99,2.15,,1.98,105.1153
2009-03-11,2.95,2.03,,1.92,104.8499
2009-03-12,2.89,1.88,,1.86,104.89
2009-03-13,2.89,1.87,,1.91,104.1106
2009-03-16,2.97,1.88,,1.97,103.2005
2009-03-17,3.02,1.9,,1.97,103.2305
2009-03-18,2.51,1.28,,1.69,103.0005
2009-03-19,2.61,1.31,,1.74,100.3951
2009-03-20,2.65,1.43,,1.76,101.0581
2009-03-23,2.68,1.4,,1.75,101.103
2009-03-24,2.68,1.36,,1.75,101.0319
2009-03-25,2.81,1.44,,1.85,100.9674
2009-03-26,2.76,1.3,,1.86,101.097
2009-03-27,2.78,1.38,,1.88,101.8388
2009-03-30,2.73,1.39,,1.89,102.749
2009-03-31,2.71,1.43,,1.9,102.3761
2009-04-01,2.68,1.37,212.709,1.85,102.1252
2009-04-02,2.77,1.44,,1.89,100.8733
2009-04-03,2.91,1.53,,1.95,100.6429
2009-04-06,2.95,1.52,,2.01,100.9428
2009-04-07,2.93,1.61,,2.02,100.9808
2009-04-08,2.86,1.57,,1.93,100.8948
2009-04-09,2.96,1.62,,2.0,100.7988
2009-04-10,,,,,100.7597
2009-04-13,2.88,1.55,,1.99,100.1369
2009-04-14,2.8,1.52,,1.94,99.9097
2009-04-15,2.82,1.55,,1.96,100.1497
2009-04-16,2.86,1.59,,1.95,100.0517
2009-04-17,2.98,1.7,,1.99,100.5719
2009-04-20,2.88,1.66,,1.95,101.448
2009-04-21,2.94,1.69,,1.98,101.1794
2009-04-22,2.98,1.65,,1.98,101.1142
2009-04-23,2.96,1.52,,1.99,101.0065
2009-04-24,3.03,1.53,,2.04,100.0244
2009-04-27,2.95,1.48,,2.05,100.7258
2009-04-28,3.05,1.54,,2.1,101.3145
2009-04-29,3.12,1.59,,2.18,100.0009
2009-04-30,3.16,1.69,,2.25,100.1042
2009-05-01,3.21,1.8,213.022,2.29,100.0057
2009-05-04,3.19,1.77,,2.25,99.134
2009-05-05,3.2,1.77,,2.22,98.8529
2009-05-06,3.18,1.74,,2.22,98.9044
2009-05-07,3.29,1.74,,2.29,98.552
2009-05-08,3.29,1.77,,2.29,98.1269
2009-05-11,3.17,1.7,,2.25,97.747
2009-05-12,3.17,1.69,,2.27,97.8269
2009-05-13,3.11,1.67,,2.22,98.0276
2009-05-14,3.1,1.68,,2.23,98.1271
2009-05-15,3.14,1.66,,2.26,98.1063
2009-05-18,3.22,1.66,,2.29,97.9412
2009-05-19,3.25,1.65,,2.34,97.2827
2009-05-20,3.19,1.56,,2.32,96.5707
2009-05-21,3.35,1.67,,2.46,96.6039
2009-05-22,3.45,1.72,,2.53,95.8788
2009-05-25,,,,,
2009-05-26,3.5,1.72,,2.54,95.988
2009-05-27,3.71,1.83,,2.75,95.9622
2009-05-28,3.67,1.87,,2.7,96.1313
2009-05-29,3.47,1.67,,2.55,95.268
2009-06-01,3.71,1.8,214.79,2.74,94.8107
2009-06-02,3.65,1.69,,2.69,94.6556
2009-06-03,3.56,1.68,,2.65,95.0751
2009-06-04,3.72,1.83,,2.76,95.2922
2009-06-05,3.84,1.88,,2.52,96.0412
2009-06-08,3.91,1.94,,2.49,96.6548
2009-06-09,3.86,1.88,,2.53,95.9537
2009-06-10,3.98,1.91,,2.6,96.1277
2009-06-11,3.88,1.89,,2.53,95.4993
2009-06-12,3.81,1.91,,2.51,95.836
2009-06-15,3.76,1.9,,2.5,96.7519
2009-06-16,3.67,1.88,,2.44,96.2616
2009-06-17,3.68,1.95,,2.49,96.64
2009-06-18,3.86,1.98,,2.58,96.1482
2009-06-19,3.79,1.91,,2.54,96.0325
2009-06-22,3.72,1.89,,2.55,96.8818
2009-06-23,3.65,1.84,,2.51,96.5196
2009-06-24,3.72,1.93,,2.53,96.2369
2009-06-25,3.55,1.82,,2.43,96.7072
2009-06-26,3.52,1.85,,2.42,96.1935
2009-06-29,3.51,1.83,,2.4,96.242
2009-06-30,3.53,1.78,,2.42,96.3761
2009-07-01,3.55,1.83,214.726,2.5,95.6581
2009-07-02,3.51,1.87,,2.53,96.3216
2009-07-03,,,,,
2009-07-06,3.52,2.03,,2.56,96.6174
2009-07-07,3.47,1.87,,2.49,96.6321
2009-07-08,3.33,1.79,,2.42,97.0204
2009-07-09,3.44,1.87,,2.5,96.6219
2009-07-10,3.32,1.8,,2.41,97.0819
2009-07-13,3.38,1.84,,2.46,96.9995
2009-07-14,3.5,1.86,,2.53,96.6599
2009-07-15,3.63,1.87,,2.6,95.8004
2009-07-16,3.59,1.82,,2.59,95.7241
2009-07-17,3.67,1.81,,2.65,95.6036
2009-07-20,3.61,1.73,,2.62,95.0903
2009-07-21,3.5,1.71,,2.54,95.0564
2009-07-22,3.58,1.75,,2.6,94.8659
2009-07-23,3.72,1.8,,2.64,94.532
2009-07-24,3.7,1.81,,2.65,94.7046
2009-07-27,3.75,1.85,,2.67,94.6659
2009-07-28,3.72,1.86,,2.6,94.5592
2009-07-29,3.69,1.84,,2.52,95.1678
2009-07-30,3.67,1.78,,2.48,94.8967
2009-07-31,3.52,1.71,,2.39,94.2526
2009-08-01,,,215.445,,
2009-08-03,3.66,1.78,,2.48,93.6331
2009-08-04,3.7,1.81,,2.5,93.7281
2009-08-05,3.8,1.85,,2.57,93.7848
2009-08-06,3.79,1.87,,2.57,93.9358
2009-08-07,3.89,1.88,,2.57,94.4692
2009-08-10,3.8,1.83,,2.56,94.6087
2009-08-11,3.71,1.8,,2.5,94.8678
2009-08-12,3.72,1.84,,2.54,94.5394
2009-08-13,3.59,1.8,,2.47,94.2392
2009-08-14,3.55,1.85,,2.48,94.475
2009-08-17,3.48,1.79,,2.44,95.1024
2009-08-18,3.51,1.78,,2.45,95.1118
2009-08-19,3.45,1.7,,2.44,94.4084
2009-08-20,3.42,1.6,,2.39,94.3492
2009-08-21,3.56,1.69,,2.43,94.0103
2009-08-24,3.48,1.67,,2.43,93.9345
2009-08-25,3.45,1.72,,2.4,93.9066
2009-08-26,3.44,1.72,,2.38,94.8662
2009-08-27,3.47,1.75,,2.43,94.7943
2009-08-28,3.46,1.76,,2.45,94.4489
2009-08-31,3.4,1.76,,2.43,94.6202
2009-09-01,3.38,1.74,215.861,2.46,95.2201
2009-09-02,3.29,1.71,,2.4,95.1575
2009-09-03,3.33,1.69,,2.42,94.959
2009-09-04,3.45,1.7,,2.51,94.5811
2009-09-07,,,,,
2009-09-08,3.47,1.66,,2.54,93.7323
2009-09-09,3.48,1.66,,2.55,93.6915
2009-09-10,3.36,1.59,,2.46,93.6947
2009-09-11,3.34,1.59,,2.44,93.3225
2009-09-14,3.42,1.65,,2.48,93.6196
2009-09-15,3.47,1.64,,2.51,93.4427
2009-09-16,3.48,1.62,,2.47,92.9072
2009-09-17,3.42,1.62,,2.44,92.8287
2009-09-18,3.49,1.68,,2.46,93.1233
2009-09-21,3.49,1.69,,2.47,93.3547
2009-09-22,3.46,1.65,,2.44,92.8664
2009-09-23,3.44,1.63,,2.48,92.979
2009-09-24,3.4,1.64,,2.47,93.4708
2009-09-25,3.34,1.6,,2.36,93.5535
2009-09-28,3.31,1.57,,2.33,93.4669
2009-09-29,3.31,1.59,,2.31,93.7776
2009-09-30,3.31,1.56,,2.36,93.1907
2009-10-01,3.21,1.5,216.509,2.34,93.5995
2009-10-02,3.24,1.54,,2.36,93.6756
2009-10-05,3.24,1.51,,2.36,93.3356
2009-10-06,3.27,1.53,,2.36,92.619
2009-10-07,3.21,1.45,,2.34,92.794
2009-10-08,3.27,1.49,,2.37,92.2074
2009-10-09,3.4,1.56,,2.42,92.2984
2009-10-12,,,,,
2009-10-13,3.34,1.46,,2.43,91.8273
2009-10-14,3.45,1.51,,2.49,91.5047
2009-10-15,3.49,1.5,,2.52,91.4367
2009-10-16,3.43,1.45,,2.46,91.6541
2009-10-19,3.41,1.38,,2.42,91.4406
2009-10-20,3.35,1.37,,2.4,91.801
2009-10-21,3.42,1.43,,2.42,91.3805
2009-10-22,3.44,1.49,,2.47,91.6075
2009-10-23,3.51,1.51,,2.47,91.7331
2009-10-26,3.59,1.59,,2.53,92.0998
2009-10-27,3.49,1.49,,2.5,92.5335
2009-10-28,3.44,1.48,,2.49,92.8152
2009-10-29,3.53,1.5,,2.55,92.4708
2009-10-30,3.41,1.41,,2.51,92.6207
2009-11-01,,,217.234,,
2009-11-02,3.45,1.41,,2.53,92.4501
2009-11-03,3.5,1.45,,2.58,92.9037
2009-11-04,3.57,1.45,,2.66,92.3725
2009-11-05,3.57,1.41,,2.67,92.3437
2009-11-06,3.54,1.37,,2.68,92.3848
2009-11-09,3.52,1.3,,2.65,91.6861
2009-11-10,3.5,1.31,,2.65,91.6659
2009-11-11,,,,,
2009-11-12,3.45,1.33,,2.63,91.9461
2009-11-13,3.43,1.31,,2.61,91.5754
2009-11-16,3.33,1.21,,2.55,91.194
2009-11-17,3.33,1.2,,2.55,91.7419
2009-11-18,3.36,1.21,,2.59,91.249
2009-11-19,3.35,1.21,,2.62,91.7827
2009-11-20,3.36,1.21,,2.61,91.9906
2009-11-23,3.37,1.2,,2.6,91.4864
2009-11-24,3.32,1.21,,2.59,91.5539
2009-11-25,3.28,1.16,,2.55,90.9669
2009-11-26,,,,,
2009-11-27,3.21,1.15,,2.53,91.5272
2009-11-30,3.21,1.13,,2.54,91.3717
2009-12-01,3.28,1.14,217.347,2.61,90.8323
2009-12-02,3.32,1.18,,2.6,90.8906
2009-12-03,3.39,1.24,,2.65,90.9152
2009-12-04,3.48,1.34,,2.64,91.3806
2009-12-07,3.44,1.31,,2.66,91.5414
2009-12-08,3.4,1.31,,2.67,91.9513
2009-12-09,3.45,1.36,,2.69,92.014
2009-12-10,3.49,1.4,,2.71,92.0073
2009-12-11,3.55,1.41,,2.72,92.2946
2009-12-14,3.56,1.37,,2.69,92.0305
2009-12-15,3.6,1.37,,2.72,92.3635
2009-12-16,3.61,1.34,,2.76,92.1496
2009-12-17,3.5,1.28,,2.73,93.225
2009-12-18,3.55,1.31,,2.73,93.1632
2009-12-21,3.69,1.39,,2.8,
2009-12-22,3.76,1.43,,2.81,93.2903
2009-12-23,3.77,1.46,,2.81,92.9295
2009-12-24,3.82,1.5,,2.82,92.8694
2009-12-25,,,,,
2009-12-28,3.85,1.5,,2.76,92.6993
2009-12-29,3.82,1.46,,2.73,92.8838
2009-12-30,3.8,1.44,,2.72,93.0872
2009-12-31,3.85,1.48,,2.71,92.9124
2010-01-01,,,217.488,,
2010-01-04,3.85,1.47,,2.76,92.3566
2010-01-05,3.77,1.43,,2.76,92.2236
2010-01-06,3.85,1.48,,2.84,92.0941
2010-01-07,3.85,1.44,,2.82,92.3684
2010-01-08,3.83,1.41,,2.87,92.1485
2010-01-11,3.85,1.47,,2.9,91.5997
2010-01-12,3.74,1.35,,2.82,91.7005
2010-01-13,3.8,1.43,,2.83,91.7272
2010-01-14,3.76,1.4,,2.82,91.5864
2010-01-15,3.7,1.34,,2.81,91.7668
2010-01-18,,,,,
2010-01-19,3.73,1.35,,2.8,91.9611
2010-01-20,3.68,1.31,,2.76,92.6766
2010-01-21,3.62,1.29,,2.75,92.6627
2010-01-22,3.62,1.31,,2.78,92.943
2010-01-25,3.66,1.33,,2.8,92.9099
2010-01-26,3.65,1.31,,2.78,93.3298
2010-01-27,3.66,1.35,,2.76,93.2835
2010-01-28,3.68,1.35,,2.81,93.2635
2010-01-29,3.63,1.3,,2.81,93.7638
2010-02-01,3.68,1.29,217.281,2.82,93.7321
2010-02-02,3.67,1.26,,2.81,93.4136
2010-02-03,3.73,1.3,,2.85,93.6268
2010-02-04,3.62,1.27,,2.82,94.1401
2010-02-05,3.59,1.32,,2.82,94.6218
2010-02-08,3.62,1.35,,2.83,
2010-02-09,3.67,1.37,,2.83,
2010-02-10,3.72,1.44,,2.81,
2010-02-11,3.73,1.47,,2.82,
2010-02-12,3.69,1.46,,2.85,93.9976
2010-02-15,,,,,
2010-02-16,3.66,1.42,,2.84,93.482
2010-02-17,3.74,1.46,,2.87,93.7171
2010-02-18,3.79,1.48,,2.89,93.8752
2010-02-19,3.78,1.52,,2.83,93.9569
2010-02-22,3.8,1.55,,2.89,93.7402
2010-02-23,3.69,1.5,,2.82,93.9794
2010-02-24,3.7,1.51,,2.83,93.9775
2010-02-25,3.64,1.51,,2.82,94.3797
2010-02-26,3.61,1.48,,2.8,93.6602
2010-03-01,3.61,1.46,217.353,2.81,93.7979
2010-03-02,3.62,1.46,,2.82,93.488
2010-03-03,3.63,1.46,,2.81,92.9861
2010-03-04,3.61,1.44,,2.75,93.4079
2010-03-05,3.69,1.48,,2.78,93.2623
2010-03-08,3.72,1.49,,2.82,93.2446
2010-03-09,3.71,1.48,,2.82,93.1941
2010-03-10,3.73,1.49,,2.81,93.0426
2010-03-11,3.73,1.49,,2.76,93.0533
2010-03-12,3.71,1.45,,2.74,92.6616
2010-03-15,3.71,1.46,,2.75,92.9642
2010-03-16,3.66,1.42,,2.73,92.595
2010-03-17,3.65,1.4,,2.7,92.4446
2010-03-18,3.68,1.45,,2.7,92.7451
2010-03-19,3.7,1.5,,2.68,93.0407
2010-03-22,3.67,1.48,,2.66,93.1333
2010-03-23,3.69,1.49,,2.67,93.006
2010-03-24,3.84,1.6,,2.76,93.6468
2010-03-25,3.91,1.65,,2.81,93.5885
2010-03-26,3.86,1.62,,2.82,93.6873
2010-03-29,3.88,1.66,,2.84,93.2959
2010-03-30,3.88,1.66,,2.82,93.2627
2010-03-31,3.84,1.6,,2.82,92.8987
2010-04-01,3.89,1.61,217.403,2.84,92.6661
2010-04-02,3.96,1.69,,2.85,92.9057
2010-04-05,4.01,1.7,,2.83,92.6644
2010-04-06,3.98,1.68,,2.84,92.7373
2010-04-07,3.89,1.55,,2.83,92.7452
2010-04-08,3.91,1.58,,2.82,92.7211
2010-04-09,3.9,1.56,,2.82,92.4772
2010-04-12,3.87,1.52,,2.8,92.243
2010-04-13,3.84,1.5,,2.77,92.2689
2010-04-14,3.88,1.54,,2.81,91.9297
2010-04-15,3.86,1.49,,2.82,92.2029
2010-04-16,3.79,1.46,,2.81,92.5253
2010-04-19,3.83,1.49,,2.82,92.8577
2010-04-20,3.82,1.47,,2.77,92.4338
2010-04-21,3.77,1.42,,2.74,92.4482
2010-04-22,3.8,1.46,,2.73,92.7277
2010-04-23,3.84,1.47,,2.74,92.6622
2010-04-26,3.83,1.46,,2.74,92.5187
2010-04-27,3.71,1.37,,2.68,93.0956
2010-04-28,3.8,1.4,,2.77,93.4856
2010-04-29,3.76,1.31,,2.75,92.9013
2010-04-30,3.69,1.29,,2.72,92.8423
2010-05-01,,,217.29,,
2010-05-03,3.72,1.32,,2.72,93.235
2010-05-04,3.63,1.31,,2.67,93.8137
2010-05-05,3.58,1.3,,2.7,94.3968
2010-05-06,3.41,1.25,,2.66,95.3032
2010-05-07,3.45,1.3,,2.62,95.2952
2010-05-10,3.57,1.33,,2.7,94.3096
2010-05-11,3.56,1.31,,2.71,94.4305
2010-05-12,3.56,1.28,,2.67,94.5515
2010-05-13,3.55,1.28,,2.68,94.5071
2010-05-14,3.44,1.26,,2.65,95.3746
2010-05-17,3.47,1.31,,2.66,95.9795
2010-05-18,3.38,1.25,,2.62,95.6212
2010-05-19,3.36,1.32,,2.56,96.5083
2010-05-20,3.25,1.36,,2.49,96.9483
2010-05-21,3.2,1.33,,2.44,96.2911
2010-05-24,3.23,1.35,,2.46,96.6433
2010-05-25,3.18,1.33,,2.37,97.5487
2010-05-26,3.21,1.3,,2.39,97.1879
2010-05-27,3.34,1.33,,2.47,96.3611
2010-05-28,3.31,1.32,,2.55,96.3062
2010-05-31,,,,,
2010-06-01,3.29,1.32,217.199,2.51,96.6123
2010-06-02,3.35,1.36,,2.53,96.615
2010-06-03,3.39,1.34,,2.57,96.461
2010-06-04,3.2,1.26,,2.48,97.1688
2010-06-07,3.17,1.25,,2.43,97.503
2010-06-08,3.18,1.29,,2.44,97.3425
2010-06-09,3.2,1.28,,2.46,96.8938
2010-06-10,3.33,1.35,,2.54,96.4877
2010-06-11,3.24,1.29,,2.49,96.5616
2010-06-14,3.28,1.31,,2.51,95.8082
2010-06-15,3.32,1.32,,2.53,95.7049
2010-06-16,3.27,1.28,,2.52,95.5668
2010-06-17,3.21,1.22,,2.49,95.4973
2010-06-18,3.24,1.25,,2.5,95.2981
2010-06-21,3.26,1.24,,2.52,94.8505
2010-06-22,3.18,1.2,,2.47,95.1165
2010-06-23,3.13,1.19,,2.47,95.4853
2010-06-24,3.14,1.23,,2.47,95.6194
2010-06-25,3.12,1.21,,2.47,95.4582
2010-06-28,3.05,1.17,,2.43,95.2696
2010-06-29,2.97,1.14,,2.36,96.0199
2010-06-30,2.97,1.15,,2.36,95.9934
2010-07-01,2.96,1.21,217.605,2.33,95.8018
2010-07-02,3.0,1.27,,2.37,95.6345
2010-07-05,,,,,
2010-07-06,2.95,1.26,,2.33,95.1069
2010-07-07,3.0,1.3,,2.37,95.1795
2010-07-08,3.04,1.25,,2.41,94.7734
2010-07-09,3.07,1.26,,2.44,94.683
2010-07-12,3.08,1.26,,2.43,94.9598
2010-07-13,3.15,1.28,,2.48,94.3856
2010-07-14,3.07,1.23,,2.45,94.3247
2010-07-15,3.0,1.21,,2.39,94.1988
2010-07-16,2.96,1.25,,2.35,94.5061
2010-07-19,2.99,1.29,,2.38,94.602
2010-07-20,2.98,1.28,,2.37,94.542
2010-07-21,2.9,1.19,,2.32,94.4496
2010-07-22,2.96,1.21,,2.36,94.1135
2010-07-23,3.02,1.24,,2.42,94.1431
2010-07-26,3.03,1.24,,2.41,93.7556
2010-07-27,3.08,1.26,,2.43,93.7583
2010-07-28,3.03,1.22,,2.42,93.7506
2010-07-29,3.03,1.21,,2.44,93.6004
2010-07-30,2.94,1.14,,2.39,93.2793
2010-08-01,,,217.923,,
2010-08-02,2.99,1.13,,2.43,92.7916
2010-08-03,2.94,1.07,,2.41,92.6258
2010-08-04,2.98,1.12,,2.42,92.731
2010-08-05,2.94,1.07,,2.41,92.6401
2010-08-06,2.86,1.04,,2.36,92.5915
2010-08-09,2.86,1.04,,2.32,92.6726
2010-08-10,2.79,0.95,,2.27,93.2197
2010-08-11,2.72,0.95,,2.18,93.7778
2010-08-12,2.74,1.05,,2.19,93.8905
2010-08-13,2.68,1.0,,2.14,94.0457
2010-08-16,2.58,0.95,,2.07,93.7902
2010-08-17,2.64,1.01,,2.12,93.4239
2010-08-18,2.64,1.02,,2.13,93.3719
2010-08-19,2.58,1.02,,2.09,93.7141
2010-08-20,2.62,1.05,,2.13,94.2087
2010-08-23,2.6,1.05,,2.11,94.3295
2010-08-24,2.5,1.01,,2.0,94.4362
2010-08-25,2.54,1.01,,2.01,94.7372
2010-08-26,2.5,0.95,,1.99,94.3523
2010-08-27,2.66,1.05,,2.1,94.3462
2010-08-30,2.54,0.99,,2.04,94.5922
2010-08-31,2.47,0.95,,2.0,94.7204
2010-09-01,2.58,1.02,218.275,2.08,94.1148
2010-09-02,2.63,1.05,,2.13,94.0852
2010-09-03,2.72,1.1,,2.2,93.6952
2010-09-06,,,,,
2010-09-07,2.61,0.98,,2.12,94.042
2010-09-08,2.66,1.02,,2.14,93.7785
2010-09-09,2.77,1.05,,2.2,93.7033
2010-09-10,2.81,1.02,,2.23,93.6768
2010-09-13,2.74,0.94,,2.21,93.0767
2010-09-14,2.68,0.93,,2.18,92.6182
2010-09-15,2.74,0.97,,2.24,92.9313
2010-09-16,2.77,1.0,,2.29,92.9108
2010-09-17,2.75,1.0,,2.27,92.9418
2010-09-20,2.72,0.94,,2.25,92.7496
2010-09-21,2.61,0.78,,2.18,92.6684
2010-09-22,2.56,0.74,,2.12,92.0647
2010-09-23,2.56,0.77,,2.11,92.0233
2010-09-24,2.62,0.81,,2.17,91.5996
2010-09-27,2.54,0.79,,2.1,91.4803
2010-09-28,2.48,0.69,,2.11,91.3493
2010-09-29,2.52,0.74,,2.08,91.1632
2010-09-30,2.53,0.75,,2.11,91.3415
2010-10-01,2.54,0.75,219.035,2.12,90.836
2010-10-04,2.5,0.72,,2.09,91.0015
2010-10-05,2.5,0.65,,2.09,90.5622
2010-10-06,2.41,0.52,,2.03,90.1411
2010-10-07,2.41,0.53,,2.05,90.286
2010-10-08,2.41,0.45,,2.06,90.1133
2010-10-11,,,,,
2010-10-12,2.44,0.49,,2.07,90.2203
2010-10-13,2.46,0.44,,2.09,89.7779
2010-10-14,2.52,0.41,,2.14,89.5228
2010-10-15,2.59,0.5,,2.22,89.6815
2010-10-18,2.52,0.47,,2.14,89.8484
2010-10-19,2.5,0.44,,2.13,90.5499
2010-10-20,2.51,0.47,,2.16,90.1446
2010-10-21,2.57,0.5,,2.2,90.138
2010-10-22,2.59,0.5,,2.24,90.4063
2010-10-25,2.59,0.45,,2.22,89.9328
2010-10-26,2.67,0.52,,2.27,90.2818
2010-10-27,2.75,0.62,,2.35,90.8038
2010-10-28,2.69,0.57,,2.32,90.2407
2010-10-29,2.63,0.5,,2.29,90.0935
2010-11-01,2.66,0.49,219.59,2.32,90.0307
2010-11-02,2.63,0.49,,2.29,89.6847
2010-11-03,2.67,0.5,,2.33,89.7079
2010-11-04,2.53,0.44,,2.2,88.9831
2010-11-05,2.58,0.48,,2.2,89.2441
2010-11-08,2.6,0.48,,2.19,89.5711
2010-11-09,2.72,0.58,,2.26,89.558
2010-11-10,2.65,0.56,,2.21,89.9056
2010-11-11,,,,,
2010-11-12,2.76,0.71,,2.25,90.1701
2010-11-15,2.92,0.87,,2.39,90.4331
2010-11-16,2.85,0.87,,2.34,91.1102
2010-11-17,2.89,0.84,,2.39,90.9282
2010-11-18,2.9,0.83,,2.38,90.649
2010-11-19,2.88,0.77,,2.36,90.6986
2010-11-22,2.8,0.7,,2.31,90.7023
2010-11-23,2.77,0.69,,2.32,91.4318
2010-11-24,2.93,0.8,,2.4,91.2179
2010-11-25,,,,,
2010-11-26,2.87,0.75,,2.36,91.8152
2010-11-29,2.84,0.73,,2.32,92.1997
2010-11-30,2.81,0.74,,2.36,92.1494
2010-12-01,2.97,0.83,220.472,2.44,91.6799
2010-12-02,3.01,0.84,,2.46,91.2651
2010-12-03,3.03,0.86,,2.54,90.8788
2010-12-06,2.95,0.79,,2.53,91.0167
2010-12-07,3.15,0.92,,2.61,90.9732
2010-12-08,3.26,1.07,,2.63,91.3376
2010-12-09,3.23,1.09,,2.59,91.3923
2010-12-10,3.32,1.16,,2.68,91.2831
2010-12-13,3.29,1.11,,2.68,90.8837
2010-12-14,3.49,1.27,,2.83,90.764
2010-12-15,3.53,1.22,,2.85,91.094
2010-12-16,3.47,1.15,,2.81,91.3773
2010-12-17,3.33,1.05,,2.72,91.5555
2010-12-20,3.36,1.07,,2.74,91.6398
2010-12-21,3.35,1.06,,2.72,91.519
2010-12-22,3.36,1.03,,2.71,91.429
2010-12-23,3.41,1.08,,2.74,91.3013
2010-12-24,,,,,
2010-12-27,3.36,1.06,,2.65,91.1963
2010-12-28,3.5,1.17,,2.75,90.9848
2010-12-29,3.35,1.06,,2.71,90.7669
2010-12-30,3.38,1.08,,2.72,90.5146
2010-12-31,3.3,1.0,,2.69,
2011-01-01,,,221.187,,
2011-01-03,3.36,1.05,,2.75,89.9524
2011-01-04,3.36,1.01,,2.73,90.3277
2011-01-05,3.5,1.08,,2.79,90.5715
2011-01-06,3.44,1.03,,2.76,90.9125
2011-01-07,3.34,0.98,,2.74,91.0001
2011-01-10,3.32,0.96,,2.73,91.03
2011-01-11,3.37,0.97,,2.77,90.8431
2011-01-12,3.4,0.98,,2.79,90.4111
2011-01-13,3.34,0.97,,2.75,89.9019
2011-01-14,3.35,1.0,,2.76,90.0461
2011-01-17,,,,,
2011-01-18,3.39,0.99,,2.79,89.821
2011-01-19,3.37,0.99,,2.77,89.6948
2011-01-20,3.47,1.22,,2.82,90.1316
2011-01-21,3.44,1.2,,2.81,89.7204
2011-01-24,3.43,1.18,,2.78,89.5375
2011-01-25,3.35,1.11,,2.73,89.7279
2011-01-26,3.45,1.16,,2.83,89.5091
2011-01-27,3.42,1.16,,2.83,89.5728
2011-01-28,3.36,1.09,,2.82,89.8189
2011-01-31,3.42,1.08,,2.84,89.694
2011-02-01,3.48,1.11,221.898,2.87,89.1436
2011-02-02,3.52,1.16,,2.85,89.0737
2011-02-03,3.58,1.23,,2.87,89.2522
2011-02-04,3.68,1.3,,2.91,89.391
2011-02-07,3.68,1.32,,2.9,89.3556
2011-02-08,3.75,1.39,,2.89,89.1241
2011-02-09,3.65,1.34,,2.84,89.4166
2011-02-10,3.7,1.39,,2.85,89.6266
2011-02-11,3.64,1.36,,2.79,89.8784
2011-02-14,3.62,1.34,,2.75,89.8543
2011-02-15,3.61,1.33,,2.77,89.8871
2011-02-16,3.62,1.37,,2.76,89.7059
2011-02-17,3.58,1.31,,2.78,89.4102
2011-02-18,3.59,1.25,,2.81,89.1974
2011-02-21,,,,,
2011-02-22,3.46,1.12,,2.72,89.4617
2011-02-23,3.49,1.1,,2.75,89.4186
2011-02-24,3.46,1.05,,2.73,89.2346
2011-02-25,3.42,1.02,,2.7,89.1664
2011-02-28,3.42,1.03,,2.73,88.9391
2011-03-01,3.41,1.0,223.046,2.75,88.831
2011-03-02,3.46,1.01,,2.77,88.7317
2011-03-03,3.58,1.09,,2.79,88.637
2011-03-04,3.49,1.0,,2.81,88.4898
2011-03-07,3.51,1.0,,2.81,88.5207
2011-03-08,3.56,1.01,,2.83,88.6454
2011-03-09,3.48,0.98,,2.78,88.5328
2011-03-10,3.37,0.91,,2.72,88.8698
2011-03-11,3.4,0.96,,2.76,88.691
2011-03-14,3.36,0.93,,2.75,88.5191
2011-03-15,3.33,0.93,,2.7,88.7845
2011-03-16,3.22,0.85,,2.64,88.9785
2011-03-17,3.25,0.82,,2.65,88.6549
2011-03-18,3.28,0.85,,2.67,88.5221
2011-03-21,3.34,0.9,,2.67,88.2032
2011-03-22,3.34,0.95,,2.66,88.0665
2011-03-23,3.36,0.98,,2.67,88.3328
2011-03-24,3.42,0.95,,2.7,88.0592
2011-03-25,3.46,1.02,,2.67,88.1716
2011-03-28,3.47,1.01,,2.66,88.3058
2011-03-29,3.5,1.03,,2.69,88.3991
2011-03-30,3.47,1.0,,2.67,88.2298
2011-03-31,3.47,0.99,,2.67,88.0299
2011-04-01,3.46,0.94,224.093,2.66,87.7993
2011-04-04,3.45,0.91,,2.68,87.8406
2011-04-05,3.5,0.94,,2.66,87.7483
2011-04-06,3.56,0.99,,2.71,87.4913
2011-04-07,3.58,0.99,,2.77,87.532
2011-04-08,3.59,0.95,,2.76,87.1493
2011-04-11,3.59,0.96,,2.74,87.094
2011-04-12,3.52,0.9,,2.75,87.2943
2011-04-13,3.49,0.88,,2.74,87.2093
2011-04-14,3.51,0.89,,2.74,87.0802
2011-04-15,3.43,0.82,,2.72,87.005
2011-04-18,3.4,0.8,,2.71,87.5081
2011-04-19,3.39,0.76,,2.71,87.0791
2011-04-20,3.43,0.82,,2.74,86.5642
2011-04-21,3.42,0.83,,2.74,86.2256
2011-04-22,,,,,86.3742
2011-04-25,3.39,0.79,,2.72,86.4026
2011-04-26,3.34,0.76,,2.69,86.2576
2011-04-27,3.39,0.81,,2.74,86.2519
2011-04-28,3.34,0.78,,2.72,85.8419
2011-04-29,3.32,0.75,,2.71,85.5999
2011-05-01,,,224.806,,
2011-05-02,3.31,0.75,,2.7,85.5199
2011-05-03,3.28,0.73,,2.67,85.6352
2011-05-04,3.25,0.7,,2.65,85.8917
2011-05-05,3.18,0.7,,2.6,86.508
2011-05-06,3.19,0.71,,2.62,86.4575
2011-05-09,3.17,0.69,,2.6,86.8346
2011-05-10,3.23,0.74,,2.64,86.6518
2011-05-11,3.19,0.76,,2.63,86.7195
2011-05-12,3.22,0.79,,2.65,87.0767
2011-05-13,3.18,0.79,,2.61,87.4176
2011-05-16,3.15,0.81,,2.61,87.3311
2011-05-17,3.12,0.82,,2.57,87.6307
2011-05-18,3.18,0.82,,2.6,87.295
2011-05-19,3.17,0.91,,2.62,87.2638
2011-05-20,3.15,0.85,,2.6,87.3044
2011-05-23,3.13,0.84,,2.58,87.8941
2011-05-24,3.12,0.79,,2.56,87.662
2011-05-25,3.13,0.8,,2.59,87.6136
2011-05-26,3.07,0.76,,2.59,87.5588
2011-05-27,3.07,0.79,,2.59,86.9525
2011-05-30,,,,,
2011-05-31,3.05,0.8,,2.6,86.656
2011-06-01,2.96,0.74,224.806,2.52,86.5964
2011-06-02,3.04,0.78,,2.59,86.8435
2011-06-03,2.99,0.75,,2.57,86.4234
2011-06-06,3.01,0.76,,2.58,86.4669
2011-06-07,3.01,0.76,,2.62,86.3627
2011-06-08,2.98,0.76,,2.59,86.5714
2011-06-09,3.01,0.8,,2.58,86.5913
2011-06-10,2.99,0.79,,2.58,87.042
2011-06-13,3.0,0.8,,2.6,87.0579
2011-06-14,3.11,0.83,,2.66,86.6771
2011-06-15,2.98,0.74,,2.6,87.3342
2011-06-16,2.93,0.73,,2.55,87.6917
2011-06-17,2.94,0.75,,2.56,87.2179
2011-06-20,2.97,0.79,,2.59,87.1908
2011-06-21,2.99,0.78,,2.59,86.857
2011-06-22,3.01,0.82,,2.62,86.8067
2011-06-23,2.93,0.71,,2.58,87.455
2011-06-24,2.88,0.64,,2.53,87.5014
2011-06-27,2.95,0.67,,2.54,87.5225
2011-06-28,3.05,0.73,,2.57,87.2178
2011-06-29,3.14,0.74,,2.67,86.8014
2011-06-30,3.18,0.75,,2.73,86.4786
2011-07-01,3.22,0.77,225.395,2.72,86.3613
2011-07-04,,,,,
2011-07-05,3.16,0.77,,2.72,86.4253
2011-07-06,3.12,0.74,,2.69,86.6825
2011-07-07,3.17,0.75,,2.68,86.4825
2011-07-08,3.03,0.69,,2.63,86.615
2011-07-11,2.94,0.63,,2.57,87.1013
2011-07-12,2.92,0.6,,2.55,87.1701
2011-07-13,2.92,0.59,,2.55,86.5697
2011-07-14,2.98,0.68,,2.6,86.5234
2011-07-15,2.94,0.61,,2.57,86.5169
2011-07-18,2.94,0.58,,2.57,86.9549
2011-07-19,2.91,0.54,,2.52,86.4386
2011-07-20,2.96,0.62,,2.56,86.2794
2011-07-21,3.03,0.68,,2.63,85.8378
2011-07-22,2.99,0.61,,2.59,85.8623
2011-07-25,3.03,0.58,,2.61,85.8006
2011-07-26,2.99,0.57,,2.58,85.4692
2011-07-27,3.01,0.56,,2.57,85.7126
2011-07-28,2.98,0.52,,2.56,85.8245
2011-07-29,2.82,0.38,,2.46,85.7282
2011-08-01,2.77,0.33,226.106,2.39,86.0391
2011-08-02,2.66,0.29,,2.33,86.0533
2011-08-03,2.64,0.36,,2.31,86.0706
2011-08-04,2.47,0.24,,2.2,86.9299
2011-08-05,2.58,0.32,,2.3,87.1084
2011-08-08,2.4,0.2,,2.13,87.1873
2011-08-09,2.2,0.0,,2.01,87.3919
2011-08-10,2.17,-0.13,,1.98,87.3792
2011-08-11,2.34,0.06,,2.15,87.3215
2011-08-12,2.24,-0.02,,2.04,87.177
2011-08-15,2.29,0.06,,2.1,86.7515
2011-08-16,2.23,0.05,,2.03,86.7115
2011-08-17,2.17,0.01,,1.98,86.5518
2011-08-18,2.08,0.09,,1.88,87.1271
2011-08-19,2.07,0.02,,1.87,86.8286
2011-08-22,2.1,0.03,,1.88,87.0753
2011-08-23,2.15,0.13,,1.93,86.9001
2011-08-24,2.29,0.25,,2.06,87.1316
2011-08-25,2.23,0.13,,2.01,87.2306
2011-08-26,2.19,0.15,,1.99,87.0751
2011-08-29,2.28,0.22,,2.08,86.8433
2011-08-30,2.19,0.14,,1.99,87.001
2011-08-31,2.23,0.18,,2.03,86.7739
2011-09-01,2.15,0.07,226.597,1.96,86.8512
2011-09-02,2.02,0.0,,1.82,87.1797
2011-09-05,,,,,
2011-09-06,1.98,0.05,,1.77,88.1645
2011-09-07,2.05,0.09,,1.84,87.9699
2011-09-08,2.0,0.0,,1.81,88.1162
2011-09-09,1.93,-0.03,,1.76,88.9514
2011-09-12,1.94,0.0,,1.73,89.2192
2011-09-13,2.0,0.07,,1.79,89.2653
2011-09-14,2.03,0.12,,1.84,89.419
2011-09-15,2.09,0.13,,1.88,89.0647
2011-09-16,2.08,0.13,,1.9,89.1108
2011-09-19,1.97,0.09,,1.81,89.9336
2011-09-20,1.95,0.04,,1.77,89.8777
2011-09-21,1.88,0.02,,1.67,90.3453
2011-09-22,1.72,0.01,,1.52,92.075
2011-09-23,1.84,0.1,,1.61,91.6904
2011-09-26,1.91,0.12,,1.66,91.7724
2011-09-27,2.0,0.12,,1.75,90.8985
2011-09-28,2.03,0.16,,1.76,91.0227
2011-09-29,1.99,0.17,,1.72,91.3033
2011-09-30,1.92,0.17,,1.67,91.9998
2011-10-01,,,226.75,,
2011-10-03,1.8,0.07,,1.56,92.5128
2011-10-04,1.81,0.05,,1.56,92.9508
2011-10-05,1.92,0.12,,1.67,92.3008
2011-10-06,2.01,0.13,,1.72,91.9661
2011-10-07,2.1,0.16,,1.8,91.2469
2011-10-10,,,,,
2011-10-11,2.18,0.23,,1.86,90.9162
2011-10-12,2.24,0.26,,1.95,90.3378
2011-10-13,2.19,0.27,,1.9,90.6603
2011-10-14,2.26,0.28,,1.98,90.2116
2011-10-17,2.18,0.24,,1.9,90.266
2011-10-18,2.19,0.22,,1.91,90.5907
2011-10-19,2.18,0.23,,1.9,90.3317
2011-10-20,2.2,0.22,,1.92,91.1026
2011-10-21,2.23,0.23,,1.93,90.279
2011-10-24,2.25,0.23,,1.95,89.8558
2011-10-25,2.14,0.12,,1.88,89.9525
2011-10-26,2.23,0.15,,1.95,90.0836
2011-10-27,2.42,0.24,,2.11,88.7882
2011-10-28,2.34,0.19,,2.06,88.6382
2011-10-31,2.17,0.08,,1.92,89.2053
2011-11-01,2.01,-0.04,227.169,1.78,90.7296
2011-11-02,2.03,-0.07,,1.8,90.244
2011-11-03,2.09,0.0,,1.85,90.2961
2011-11-04,2.06,-0.06,,1.84,90.3154
2011-11-07,2.04,-0.1,,1.79,90.3832
2011-11-08,2.1,-0.03,,1.85,90.172
2011-11-09,2.0,-0.04,,1.76,90.6991
2011-11-10,2.04,-0.04,,1.8,90.8588
2011-11-11,,,,,
2011-11-14,2.04,-0.01,,1.8,90.7215
2011-11-15,2.06,0.04,,1.8,91.1081
2011-11-16,2.01,0.05,,1.75,91.1237
2011-11-17,1.96,0.06,,1.69,91.1822
2011-11-18,2.01,0.05,,1.72,91.3676
2011-11-21,1.97,0.07,,1.7,91.9978
2011-11-22,1.94,0.05,,1.68,92.0193
2011-11-23,1.89,-0.01,,1.63,92.7463
2011-11-24,,,,,
2011-11-25,1.97,0.05,,1.69,93.1455
2011-11-28,1.97,0.02,,1.71,92.4983
2011-11-29,2.0,0.01,,1.73,92.2163
2011-11-30,2.08,0.03,,1.83,91.4728
2011-12-01,2.11,0.06,227.223,1.84,91.227
2011-12-02,2.05,0.0,,1.8,91.3532
2011-12-05,2.04,-0.01,,1.77,91.1087
2011-12-06,2.08,0.01,,1.83,91.2817
2011-12-07,2.02,-0.01,,1.78,91.2331
2011-12-08,1.99,0.01,,1.77,91.668
2011-12-09,2.07,0.05,,1.85,91.6122
2011-12-12,2.03,-0.01,,1.79,92.3375
2011-12-13,1.96,-0.05,,1.72,92.5456
2011-12-14,1.92,-0.04,,1.67,93.2176
2011-12-15,1.92,-0.01,,1.66,92.8858
2011-12-16,1.86,-0.05,,1.62,92.8252
2011-12-19,1.82,-0.12,,1.58,92.8685
2011-12-20,1.94,-0.1,,1.68,92.432
2011-12-21,1.98,-0.07,,1.7,92.5262
2011-12-22,1.97,-0.07,,1.69,92.3883
2011-12-23,2.03,-0.04,,1.75,92.3897
2011-12-26,,,,,
2011-12-27,2.02,-0.02,,1.72,92.4137
2011-12-28,1.93,-0.07,,1.65,92.8374
2011-12-29,1.91,-0.05,,1.63,92.7398
2011-12-30,1.89,-0.07,,1.64,92.4262
2012-01-01,,,227.842,,
2012-01-02,,,,,
2012-01-03,1.97,-0.04,,1.7,91.7551
2012-01-04,2.0,-0.08,,1.75,92.0345
2012-01-05,2.02,-0.1,,1.75,92.5773
2012-01-06,1.98,-0.11,,1.73,92.7183
2012-01-09,1.98,-0.13,,1.72,92.7418
2012-01-10,2.0,-0.08,,1.76,92.2461
2012-01-11,1.93,-0.1,,1.69,92.554
2012-01-12,1.94,-0.1,,1.72,92.2274
2012-01-13,1.89,-0.14,,1.65,92.5385
2012-01-16,,,,,
2012-01-17,1.87,-0.17,,1.66,92.0142
2012-01-18,1.92,-0.15,,1.68,91.6943
2012-01-19,2.01,0.0,,1.75,91.3316
2012-01-20,2.05,0.01,,1.79,91.3661
2012-01-23,2.09,0.02,,1.83,90.986
2012-01-24,2.08,-0.01,,1.84,91.181
2012-01-25,2.01,-0.12,,1.79,91.277
2012-01-26,1.96,-0.16,,1.74,90.3962
2012-01-27,1.93,-0.18,,1.71,90.2559
2012-01-30,1.87,-0.24,,1.65,90.4762
2012-01-31,1.83,-0.28,,1.61,90.5538
2012-02-01,1.87,-0.28,228.329,1.64,90.0963
2012-02-02,1.86,-0.3,,1.63,89.8765
2012-02-03,1.97,-0.21,,1.74,89.8491
2012-02-06,1.93,-0.26,,1.69,89.7907
2012-02-07,2.0,-0.21,,1.75,89.5968
2012-02-08,2.01,-0.21,,1.74,89.6555
2012-02-09,2.04,-0.17,,1.77,89.6246
2012-02-10,1.96,-0.24,,1.69,90.1024
2012-02-13,1.99,-0.22,,1.7,89.8895
2012-02-14,1.92,-0.27,,1.63,90.1919
2012-02-15,1.93,-0.26,,1.64,90.1932
2012-02-16,1.99,-0.24,,1.7,90.3109
2012-02-17,2.01,-0.23,,1.72,90.23
2012-02-20,,,,,
2012-02-21,2.05,-0.22,,1.74,90.0117
2012-02-22,2.01,-0.27,,1.72,90.2472
2012-02-23,1.99,-0.3,,1.68,90.1108
2012-02-24,1.98,-0.29,,1.67,89.9104
2012-02-27,1.92,-0.32,,1.62,89.9635
2012-02-28,1.94,-0.31,,1.64,89.8103
2012-02-29,1.98,-0.28,,1.68,89.7487
2012-03-01,2.03,-0.23,228.807,1.73,89.7817
2012-03-02,1.99,-0.24,,1.71,90.135
2012-03-05,2.0,-0.2,,1.69,90.2748
2012-03-06,1.96,-0.21,,1.66,90.8237
2012-03-07,1.98,-0.22,,1.68,90.6837
2012-03-08,2.03,-0.21,,1.71,90.2598
2012-03-09,2.04,-0.24,,1.71,90.4341
2012-03-12,2.04,-0.24,,1.71,90.6643
2012-03-13,2.14,-0.2,,1.79,90.5363
2012-03-14,2.29,-0.07,,1.89,90.9325
2012-03-15,2.29,-0.08,,1.92,90.7866
2012-03-16,2.31,-0.09,,1.94,90.5245
2012-03-19,2.39,-0.03,,2.0,90.292
2012-03-20,2.38,-0.04,,1.97,90.6065
2012-03-21,2.31,-0.08,,1.92,90.6761
2012-03-22,2.29,-0.08,,1.92,90.8225
2012-03-23,2.25,-0.11,,1.88,90.6156
2012-03-26,2.26,-0.08,,1.9,90.3266
2012-03-27,2.2,-0.13,,1.87,90.2796
2012-03-28,2.21,-0.11,,1.87,90.603
2012-03-29,2.18,-0.13,,1.85,90.7285
2012-03-30,2.23,-0.09,,1.9,90.4593
2012-04-01,,,229.187,,
2012-04-02,2.22,-0.14,,1.89,90.247
2012-04-03,2.3,-0.06,,1.94,90.1921
2012-04-04,2.25,-0.05,,1.9,90.8284
2012-04-05,2.19,-0.08,,1.84,90.8781
2012-04-06,2.07,-0.16,,1.75,90.9375
2012-04-09,2.06,-0.17,,1.74,90.9624
2012-04-10,2.01,-0.24,,1.73,91.2728
2012-04-11,2.05,-0.25,,1.75,91.1768
2012-04-12,2.08,-0.22,,1.79,90.7694
2012-04-13,2.02,-0.25,,1.75,91.0558
2012-04-16,2.0,-0.26,,1.73,91.2355
2012-04-17,2.03,-0.26,,1.76,90.7661
2012-04-18,2.0,-0.26,,1.73,90.9326
2012-04-19,1.98,-0.21,,1.71,91.0833
2012-04-20,1.99,-0.24,,1.7,90.8066
2012-04-23,1.96,-0.26,,1.69,91.079
2012-04-24,2.0,-0.25,,1.73,90.8153
2012-04-25,2.01,-0.24,,1.75,90.756
2012-04-26,1.98,-0.29,,1.72,90.6428
2012-04-27,1.96,-0.3,,1.7,90.3269
2012-04-30,1.95,-0.3,,1.68,90.3634
2012-05-01,1.98,-0.28,228.713,1.71,90.3227
2012-05-02,1.96,-0.28,,1.69,90.6144
2012-05-03,1.96,-0.27,,1.68,90.6839
2012-05-04,1.91,-0.3,,1.64,91.0497
2012-05-07,1.92,-0.27,,1.65,91.0747
2012-05-08,1.88,-0.28,,1.61,91.4107
2012-05-09,1.87,-0.27,,1.6,91.7632
2012-05-10,1.89,-0.25,,1.62,91.7077
2012-05-11,1.84,-0.28,,1.57,91.7306
2012-05-14,1.78,-0.33,,1.49,92.2491
2012-05-15,1.76,-0.36,,1.47,92.5235
2012-05-16,1.76,-0.33,,1.46,92.903
2012-05-17,1.7,-0.35,,1.38,92.9632
2012-05-18,1.71,-0.39,,1.39,93.1395
2012-05-21,1.75,-0.41,,1.45,93.0945
2012-05-22,1.79,-0.38,,1.49,93.1113
2012-05-23,1.73,-0.41,,1.45,93.8855
2012-05-24,1.77,-0.37,,1.48,93.8027
2012-05-25,1.75,-0.38,,1.45,93.9488
2012-05-28,,,,,
2012-05-29,1.74,-0.37,,1.44,93.875
2012-05-30,1.63,-0.45,,1.36,94.302
2012-05-31,1.59,-0.5,,1.32,94.6856
2012-06-01,1.47,-0.59,228.524,1.22,94.6979
2012-06-04,1.53,-0.56,,1.28,94.5184
2012-06-05,1.57,-0.56,,1.32,94.6184
2012-06-06,1.66,-0.5,,1.4,94.0362
2012-06-07,1.66,-0.49,,1.39,93.774
2012-06-08,1.65,-0.5,,1.37,94.2024
2012-06-11,1.6,-0.53,,1.33,94.0369
2012-06-12,1.67,-0.48,,1.37,94.0693
2012-06-13,1.61,-0.51,,1.31,93.8309
2012-06-14,1.64,-0.47,,1.34,93.8152
2012-06-15,1.6,-0.54,,1.31,93.5203
2012-06-18,1.59,-0.54,,1.3,93.6431
2012-06-19,1.64,-0.53,,1.34,93.0524
2012-06-20,1.65,-0.51,,1.33,93.1602
2012-06-21,1.63,-0.47,,1.31,93.6378
2012-06-22,1.69,-0.42,,1.38,93.9205
2012-06-25,1.63,-0.47,,1.32,94.1757
2012-06-26,1.66,-0.45,,1.35,93.9859
2012-06-27,1.65,-0.45,,1.34,93.8728
2012-06-28,1.6,-0.48,,1.29,94.0203
2012-06-29,1.67,-0.46,,1.34,92.9096
2012-07-01,,,228.59,,
2012-07-02,1.61,-0.5,,1.31,92.951
2012-07-03,1.65,-0.48,,1.35,92.6508
2012-07-04,,,,,
2012-07-05,1.62,-0.51,,1.34,93.2211
2012-07-06,1.57,-0.53,,1.3,93.7087
2012-07-09,1.53,-0.57,,1.26,93.6974
2012-07-10,1.53,-0.59,,1.26,93.5552
2012-07-11,1.54,-0.57,,1.27,93.5981
2012-07-12,1.5,-0.58,,1.25,93.9298
2012-07-13,1.52,-0.59,,1.27,93.5515
2012-07-16,1.5,-0.61,,1.26,93.3746
2012-07-17,1.53,-0.59,,1.28,93.3479
2012-07-18,1.52,-0.6,,1.3,93.0973
2012-07-19,1.54,-0.62,,1.32,93.0438
2012-07-20,1.49,-0.67,,1.27,93.3653
2012-07-23,1.47,-0.68,,1.25,93.9297
2012-07-24,1.44,-0.68,,1.22,94.2635
2012-07-25,1.43,-0.67,,1.21,94.0564
2012-07-26,1.45,-0.66,,1.22,93.3595
2012-07-27,1.58,-0.61,,1.33,92.9333
2012-07-30,1.53,-0.64,,1.3,93.0524
2012-07-31,1.51,-0.69,,1.28,92.8422
2012-08-01,1.56,-0.67,229.918,1.32,92.8905
2012-08-02,1.51,-0.69,,1.27,93.4269
2012-08-03,1.6,-0.66,,1.36,92.6048
2012-08-06,1.59,-0.68,,1.35,92.4339
2012-08-07,1.66,-0.65,,1.39,92.5128
2012-08-08,1.68,-0.61,,1.39,92.5407
2012-08-09,1.69,-0.58,,1.4,92.6057
2012-08-10,1.65,-0.6,,1.38,92.5129
2012-08-13,1.65,-0.58,,1.38,92.5955
2012-08-14,1.73,-0.53,,1.46,92.6152
2012-08-15,1.8,-0.45,,1.53,92.6838
2012-08-16,1.83,-0.42,,1.54,92.5737
2012-08-17,1.81,-0.43,,1.52,92.711
2012-08-20,1.82,-0.43,,1.53,92.6263
2012-08-21,1.8,-0.45,,1.49,92.3053
2012-08-22,1.71,-0.55,,1.45,92.4362
2012-08-23,1.68,-0.62,,1.42,92.1057
2012-08-24,1.68,-0.6,,1.4,92.2785
2012-08-27,1.65,-0.64,,1.37,92.3135
2012-08-28,1.64,-0.68,,1.37,92.2033
2012-08-29,1.66,-0.64,,1.39,92.3823
2012-08-30,1.63,-0.63,,1.36,92.6239
2012-08-31,1.57,-0.68,,1.35,92.1677
2012-09-01,,,231.015,,
2012-09-03,,,,,
2012-09-04,1.59,-0.68,,1.36,92.1582
2012-09-05,1.6,-0.69,,1.35,92.1262
2012-09-06,1.68,-0.63,,1.41,91.8973
2012-09-07,1.67,-0.68,,1.42,91.3469
2012-09-10,1.68,-0.68,,1.43,91.3102
2012-09-11,1.7,-0.68,,1.45,91.0575
2012-09-12,1.77,-0.61,,1.52,91.0477
2012-09-13,1.75,-0.72,,1.51,90.9632
2012-09-14,1.88,-0.76,,1.61,90.1436
2012-09-17,1.85,-0.74,,1.6,90.2837
2012-09-18,1.82,-0.73,,1.57,90.5029
2012-09-19,1.79,-0.75,,1.52,90.4646
2012-09-20,1.8,-0.7,,1.53,90.7631
2012-09-21,1.77,-0.71,,1.5,90.5342
2012-09-24,1.74,-0.73,,1.47,90.8263
2012-09-25,1.7,-0.74,,1.43,90.6074
2012-09-26,1.64,-0.77,,1.38,91.0028
2012-09-27,1.66,-0.78,,1.41,90.7538
2012-09-28,1.65,-0.77,,1.42,90.8342
2012-10-01,1.64,-0.78,231.638,1.39,90.7011
2012-10-02,1.64,-0.83,,1.41,90.644
2012-10-03,1.64,-0.83,,1.41,90.8726
2012-10-04,1.7,-0.86,,1.47,90.4932
2012-10-05,1.75,-0.82,,1.48,90.2851
2012-10-08,,,,,
2012-10-09,1.74,-0.81,,1.49,90.8703
2012-10-10,1.72,-0.8,,1.45,90.883
2012-10-11,1.7,-0.77,,1.42,90.7437
2012-10-12,1.69,-0.78,,1.42,90.6833
2012-10-15,1.7,-0.78,,1.43,90.6409
2012-10-16,1.75,-0.71,,1.48,90.5583
2012-10-17,1.83,-0.65,,1.53,90.2309
2012-10-18,1.86,-0.66,,1.57,90.3804
2012-10-19,1.79,-0.71,,1.49,90.8107
2012-10-22,1.83,-0.7,,1.51,90.7911
2012-10-23,1.79,-0.71,,1.5,91.0945
2012-10-24,1.8,-0.69,,1.51,91.1275
2012-10-25,1.86,-0.63,,1.55,91.02
2012-10-26,1.78,-0.69,,1.48,91.1411
2012-10-29,1.74,-0.73,,1.44,
2012-10-30,,,,,
2012-10-31,1.72,-0.78,,1.42,91.1609
2012-11-01,1.75,-0.77,231.249,1.45,91.1217
2012-11-02,1.75,-0.73,,1.47,91.281
2012-11-05,1.72,-0.75,,1.44,91.4778
2012-11-06,1.78,-0.72,,1.48,91.2908
2012-11-07,1.68,-0.8,,1.41,91.4514
2012-11-08,1.62,-0.85,,1.35,91.5375
2012-11-09,1.61,-0.83,,1.34,91.6871
2012-11-12,,,,,
2012-11-13,1.59,-0.84,,1.32,91.7356
2012-11-14,1.59,-0.81,,1.34,91.7942
2012-11-15,1.58,-0.8,,1.34,91.8837
2012-11-16,1.58,-0.81,,1.34,92.0095
2012-11-19,1.61,-0.78,,1.36,91.5653
2012-11-20,1.66,-0.74,,1.39,91.556
2012-11-21,1.69,-0.71,,1.42,91.6645
2012-11-22,,,,,
2012-11-23,1.7,-0.72,,1.41,91.2616
2012-11-26,1.66,-0.73,,1.39,91.2789
2012-11-27,1.64,-0.74,,1.37,91.2608
2012-11-28,1.63,-0.75,,1.36,91.33
2012-11-29,1.62,-0.78,,1.37,91.2104
2012-11-30,1.62,-0.79,,1.37,91.1038
2012-12-01,,,231.221,,
2012-12-03,1.63,-0.81,,1.38,91.0084
2012-12-04,1.62,-0.83,,1.37,90.9748
2012-12-05,1.6,-0.85,,1.35,90.9423
2012-12-06,1.59,-0.87,,1.34,91.0629
2012-12-07,1.64,-0.86,,1.39,91.0437
2012-12-10,1.63,-0.87,,1.39,90.9631
2012-12-11,1.66,-0.84,,1.42,90.8403
2012-12-12,1.72,-0.79,,1.47,90.7708
2012-12-13,1.74,-0.73,,1.47,90.776
2012-12-14,1.72,-0.74,,1.48,90.7156
2012-12-17,1.78,-0.7,,1.53,90.6193
2012-12-18,1.84,-0.67,,1.56,90.5161
2012-12-19,1.82,-0.66,,1.54,90.4896
2012-12-20,1.81,-0.69,,1.53,90.6002
2012-12-21,1.77,-0.71,,1.51,90.9597
2012-12-24,1.79,-0.69,,1.53,91.0354
2012-12-25,,,,,
2012-12-26,1.77,-0.71,,1.51,91.0606
2012-12-27,1.74,-0.73,,1.48,91.1037
2012-12-28,1.73,-0.73,,1.46,91.0419
2012-12-31,1.78,-0.67,,1.53,91.0834
2013-01-01,,,231.679,,
2013-01-02,1.86,-0.62,,1.59,90.6941
2013-01-03,1.92,-0.54,,1.65,90.8097
2013-01-04,1.93,-0.55,,1.66,91.1025
2013-01-07,1.92,-0.6,,1.65,90.9852
2013-01-08,1.89,-0.6,,1.64,91.057
2013-01-09,1.88,-0.64,,1.64,91.0088
2013-01-10,1.91,-0.62,,1.65,90.6425
2013-01-11,1.89,-0.63,,1.63,90.5352
2013-01-14,1.89,-0.66,,1.63,90.4935
2013-01-15,1.86,-0.66,,1.6,90.5191
2013-01-16,1.84,-0.65,,1.58,90.596
2013-01-17,1.89,-0.64,,1.61,90.5401
2013-01-18,1.87,-0.66,,1.61,90.8697
2013-01-21,,,,,
2013-01-22,1.86,-0.68,,1.6,90.7892
2013-01-23,1.86,-0.66,,1.6,90.8376
2013-01-24,1.88,-0.62,,1.65,90.9112
2013-01-25,1.98,-0.56,,1.7,91.0868
2013-01-28,2.0,-0.55,,1.71,91.2354
2013-01-29,2.03,-0.53,,1.73,90.9406
2013-01-30,2.03,-0.54,,1.76,90.8836
2013-01-31,2.02,-0.57,,1.75,90.798
2013-02-01,2.04,-0.55,232.937,1.77,90.6923
2013-02-04,2.0,-0.59,,1.75,90.9774
2013-02-05,2.04,-0.55,,1.77,90.881
2013-02-06,2.0,-0.58,,1.73,91.0176
2013-02-07,1.99,-0.58,,1.74,91.2912
2013-02-08,1.99,-0.57,,1.74,91.3056
2013-02-11,1.99,-0.58,,1.72,91.4451
2013-02-12,2.02,-0.57,,1.73,91.2779
2013-02-13,2.05,-0.54,,1.76,91.2709
2013-02-14,2.0,-0.56,,1.73,91.366
2013-02-15,2.01,-0.53,,1.72,91.4551
2013-02-18,,,,,
2013-02-19,2.03,-0.52,,1.74,91.5073
2013-02-20,2.02,-0.52,,1.75,91.6689
2013-02-21,1.99,-0.54,,1.73,92.0394
2013-02-22,1.97,-0.57,,1.7,92.1197
2013-02-25,1.88,-0.62,,1.63,92.1975
2013-02-26,1.88,-0.62,,1.63,92.4247
2013-02-27,1.91,-0.61,,1.64,92.234
2013-02-28,1.89,-0.64,,1.64,92.295
2013-03-01,1.86,-0.67,232.282,1.61,92.6177
2013-03-04,1.88,-0.65,,1.64,92.6316
2013-03-05,1.9,-0.65,,1.65,92.4965
2013-03-06,1.95,-0.61,,1.7,
2013-03-07,2.0,-0.56,,1.75,92.5462
2013-03-08,2.06,-0.5,,1.79,92.6252
2013-03-11,2.07,-0.5,,1.8,92.5351
2013-03-12,2.03,-0.52,,1.76,92.3853
2013-03-13,2.04,-0.52,,1.77,92.4709
2013-03-14,2.04,-0.53,,1.77,92.4695
2013-03-15,2.01,-0.55,,1.76,92.128
2013-03-18,1.96,-0.6,,1.7,92.3377
2013-03-19,1.92,-0.61,,1.68,92.526
2013-03-20,1.96,-0.57,,1.7,92.4141
2013-03-21,1.95,-0.57,,1.68,92.3322
2013-03-22,1.93,-0.6,,1.67,92.2051
2013-03-25,1.93,-0.6,,1.69,92.3081
2013-03-26,1.92,-0.61,,1.67,92.232
2013-03-27,1.87,-0.64,,1.62,92.446
2013-03-28,1.87,-0.64,,1.62,92.2544
2013-03-29,,,,,92.302
2013-04-01,1.86,-0.65,231.797,1.63,92.1687
2013-04-02,1.88,-0.63,,1.63,92.1432
2013-04-03,1.83,-0.65,,1.59,92.104
2013-04-04,1.78,-0.7,,1.56,92.3896
2013-04-05,1.72,-0.74,,1.48,92.1043
2013-04-08,1.76,-0.69,,1.52,92.2317
2013-04-09,1.78,-0.67,,1.54,91.9669
2013-04-10,1.84,-0.6,,1.6,91.9598
2013-04-11,1.82,-0.65,,1.58,91.6972
2013-04-12,1.75,-0.68,,1.53,91.7967
2013-04-15,1.72,-0.69,,1.5,91.9457
2013-04-16,1.75,-0.65,,1.51,91.8451
2013-04-17,1.73,-0.64,,1.49,92.1372
2013-04-18,1.72,-0.55,,1.48,92.176
2013-04-19,1.73,-0.59,,1.49,92.2166
2013-04-22,1.72,-0.63,,1.48,92.3591
2013-04-23,1.74,-0.64,,1.51,92.3836
2013-04-24,1.73,-0.65,,1.5,92.4581
2013-04-25,1.74,-0.66,,1.51,92.0394
2013-04-26,1.7,-0.68,,1.48,91.9012
2013-04-29,1.7,-0.67,,1.5,91.6539
2013-04-30,1.7,-0.64,,1.48,91.3741
2013-05-01,1.66,-0.64,231.893,1.46,91.4331
2013-05-02,1.66,-0.62,,1.46,91.6174
2013-05-03,1.78,-0.53,,1.56,91.5087
2013-05-06,1.8,-0.51,,1.58,91.6387
2013-05-07,1.82,-0.5,,1.6,91.5201
2013-05-08,1.81,-0.48,,1.59,91.1848
2013-05-09,1.81,-0.5,,1.59,91.3036
2013-05-10,1.9,-0.45,,1.64,92.2527
2013-05-13,1.92,-0.41,,1.68,92.2711
2013-05-14,1.96,-0.37,,1.7,92.3697
2013-05-15,1.94,-0.36,,1.68,92.7691
2013-05-16,1.87,-0.4,,1.64,92.6602
2013-05-17,1.95,-0.31,,1.69,93.1617
2013-05-20,1.97,-0.31,,1.71,93.0359
2013-05-21,1.94,-0.34,,1.68,92.9662
2013-05-22,2.03,-0.24,,1.77,93.3104
2013-05-23,2.02,-0.24,,1.76,93.2113
2013-05-24,2.01,-0.26,,1.75,93.2768
2013-05-27,,,,,
2013-05-28,2.15,-0.14,,1.86,93.5853
2013-05-29,2.13,-0.1,,1.83,93.531
2013-05-30,2.13,-0.05,,1.82,93.4219
2013-05-31,2.16,-0.05,,1.86,93.6076
2013-06-01,,,232.445,,
2013-06-03,2.13,-0.07,,1.83,93.163
2013-06-04,2.14,-0.05,,1.82,93.3067
2013-06-05,2.1,-0.06,,1.8,93.275
2013-06-06,2.08,-0.05,,1.78,92.809
2013-06-07,2.17,0.03,,1.85,92.6056
2013-06-10,2.22,0.11,,1.9,92.973
2013-06-11,2.2,0.13,,1.86,92.7996
2013-06-12,2.25,0.21,,1.91,92.4775
2013-06-13,2.19,0.15,,1.87,92.3449
2013-06-14,2.14,0.09,,1.85,92.1886
2013-06-17,2.19,0.15,,1.92,92.3332
2013-06-18,2.2,0.14,,1.93,92.5432
2013-06-19,2.33,0.29,,2.02,92.4755
2013-06-20,2.41,0.46,,2.08,94.125
2013-06-21,2.52,0.59,,2.14,94.4243
2013-06-24,2.57,0.64,,2.15,94.5714
2013-06-25,2.6,0.64,,2.17,94.3285
2013-06-26,2.55,0.6,,2.16,94.3807
2013-06-27,2.49,0.5,,2.13,94.2429
2013-06-28,2.52,0.53,,2.16,94.3047
2013-07-01,2.5,0.48,232.9,2.16,94.0998
2013-07-02,2.48,0.44,,2.14,94.4051
2013-07-03,2.52,0.48,,2.16,94.4767
2013-07-04,,,,,
2013-07-05,2.73,0.66,,2.33,95.0639
2013-07-08,2.65,0.58,,2.28,94.9954
2013-07-09,2.65,0.59,,2.28,94.9467
2013-07-10,2.7,0.64,,2.32,94.7595
2013-07-11,2.6,0.56,,2.26,93.949
2013-07-12,2.61,0.55,,2.24,94.0029
2013-07-15,2.57,0.47,,2.23,93.9729
2013-07-16,2.55,0.41,,2.21,93.5232
2013-07-17,2.52,0.38,,2.2,93.5498
2013-07-18,2.56,0.38,,2.24,93.681
2013-07-19,2.5,0.29,,2.18,93.4759
2013-07-22,2.5,0.28,,2.18,93.2253
2013-07-23,2.53,0.33,,2.2,93.1631
2013-07-24,2.61,0.44,,2.27,93.3124
2013-07-25,2.61,0.44,,2.29,93.2862
2013-07-26,2.58,0.43,,2.27,93.1695
2013-07-29,2.61,0.45,,2.28,93.1663
2013-07-30,2.63,0.46,,2.3,93.3976
2013-07-31,2.6,0.38,,2.29,93.5703
2013-08-01,2.74,0.48,233.456,2.39,93.7972
2013-08-02,2.63,0.42,,2.33,93.5789
2013-08-05,2.67,0.42,,2.35,93.507
2013-08-06,2.67,0.39,,2.35,93.3199
2013-08-07,2.61,0.35,,2.29,93.2652
2013-08-08,2.58,0.34,,2.28,92.8483
2013-08-09,2.57,0.33,,2.25,92.8394
2013-08-12,2.61,0.37,,2.29,92.9178
2013-08-13,2.71,0.48,,2.37,93.476
2013-08-14,2.71,0.5,,2.37,93.382
2013-08-15,2.77,0.6,,2.41,93.5059
2013-08-16,2.84,0.68,,2.48,93.4255
2013-08-19,2.88,0.75,,2.52,93.6623
2013-08-20,2.82,0.67,,2.46,93.5536
2013-08-21,2.87,0.73,,2.49,94.0362
2013-08-22,2.9,0.79,,2.48,94.2804
2013-08-23,2.82,0.69,,2.42,93.9466
2013-08-26,2.79,0.64,,2.38,94.1853
2013-08-27,2.72,0.57,,2.34,94.3934
2013-08-28,2.78,0.63,,2.38,94.4127
2013-08-29,2.75,0.65,,2.36,94.6398
2013-08-30,2.78,0.68,,2.39,94.7541
2013-09-01,,,233.544,,
2013-09-02,,,,,
2013-09-03,2.86,0.76,,2.43,94.9574
2013-09-04,2.9,0.83,,2.44,94.5739
2013-09-05,2.98,0.92,,2.46,94.8891
2013-09-06,2.94,0.87,,2.48,94.2487
2013-09-09,2.9,0.84,,2.45,94.0009
2013-09-10,2.96,0.86,,2.46,93.938
2013-09-11,2.93,0.8,,2.46,93.7112
2013-09-12,2.92,0.81,,2.47,93.5903
2013-09-13,2.9,0.8,,2.45,93.6666
2013-09-16,2.88,0.76,,2.47,93.2875
2013-09-17,2.86,0.7,,2.47,93.2231
2013-09-18,2.69,0.49,,2.35,93.2569
2013-09-19,2.76,0.55,,2.42,92.4082
2013-09-20,2.75,0.52,,2.41,92.6049
2013-09-23,2.72,0.46,,2.37,92.613
2013-09-24,2.67,0.48,,2.32,92.7691
2013-09-25,2.63,0.45,,2.27,92.7675
2013-09-26,2.66,0.47,,2.32,93.0096
2013-09-27,2.64,0.46,,2.3,92.9747
2013-09-30,2.64,0.45,,2.31,92.9207
2013-10-01,2.66,0.46,233.669,2.33,92.9515
2013-10-02,2.63,0.43,,2.32,92.772
2013-10-03,2.62,0.43,,2.29,92.7461
2013-10-04,2.66,0.46,,2.33,92.6469
2013-10-07,2.65,0.45,,2.28,92.6725
2013-10-08,2.66,0.48,,2.26,92.7558
2013-10-09,2.68,0.47,,2.31,93.0829
2013-10-10,2.71,0.5,,2.36,92.8579
2013-10-11,2.7,0.5,,2.35,92.854
2013-10-14,,,,,
2013-10-15,2.75,0.54,,2.38,92.7642
2013-10-16,2.69,0.5,,2.35,92.6819
2013-10-17,2.61,0.45,,2.28,92.0246
2013-10-18,2.6,0.42,,2.27,91.9989
2013-10-21,2.63,0.44,,2.3,92.2498
2013-10-22,2.54,0.37,,2.23,91.9563
2013-10-23,2.51,0.36,,2.2,92.0947
2013-10-24,2.53,0.36,,2.2,92.1867
2013-10-25,2.53,0.34,,2.21,92.1623
2013-10-28,2.54,0.35,,2.22,92.1872
2013-10-29,2.53,0.35,,2.22,92.301
2013-10-30,2.55,0.37,,2.22,92.3057
2013-10-31,2.57,0.4,,2.26,92.731
2013-11-01,2.65,0.5,234.1,2.32,93.155
2013-11-04,2.63,0.5,,2.31,92.9359
2013-11-05,2.69,0.55,,2.37,93.2112
2013-11-06,2.67,0.48,,2.37,93.0943
2013-11-07,2.63,0.46,,2.34,93.4003
2013-11-08,2.77,0.59,,2.45,93.6619
2013-11-11,,,,,
2013-11-12,2.8,0.62,,2.46,93.7651
2013-11-13,2.75,0.58,,2.43,93.4848
2013-11-14,2.69,0.51,,2.4,93.4328
2013-11-15,2.71,0.53,,2.4,93.2854
2013-11-18,2.67,0.48,,2.36,92.9824
2013-11-19,2.71,0.53,,2.42,93.0649
2013-11-20,2.8,0.64,,2.52,93.2501
2013-11-21,2.79,0.6,,2.5,93.5638
2013-11-22,2.75,0.56,,2.44,93.4198
2013-11-25,2.74,0.56,,2.44,93.5539
2013-11-26,2.71,0.54,,2.42,93.5226
2013-11-27,2.74,0.58,,2.46,93.6864
2013-11-28,,,,,
2013-11-29,2.75,0.6,,2.47,93.6291
2013-12-01,,,234.719,,
2013-12-02,2.81,0.66,,2.51,93.8856
2013-12-03,2.79,0.64,,2.51,93.8251
2013-12-04,2.84,0.73,,2.54,93.8997
2013-12-05,2.88,0.76,,2.58,93.4954
2013-12-06,2.88,0.77,,2.58,93.4045
2013-12-09,2.86,0.74,,2.56,93.1444
2013-12-10,2.81,0.69,,2.51,
2013-12-11,2.86,0.71,,2.55,93.0842
2013-12-12,2.89,0.75,,2.55,93.4292
2013-12-13,2.88,0.72,,2.54,93.3568
2013-12-16,2.89,0.71,,2.55,93.2175
2013-12-17,2.85,0.67,,2.51,93.302
2013-12-18,2.89,0.72,,2.57,93.4207
2013-12-19,2.94,0.79,,2.59,93.7368
2013-12-20,2.89,0.73,,2.52,93.7211
2013-12-23,2.94,0.76,,2.56,93.572
2013-12-24,2.99,0.8,,2.61,93.6734
2013-12-25,,,,,
2013-12-26,3.0,0.8,,2.58,93.766
2013-12-27,3.02,0.8,,2.62,93.7018
2013-12-30,2.99,0.76,,2.6,93.4866
2013-12-31,3.04,0.8,,2.66,93.5576
2014-01-01,,,235.288,,
2014-01-02,3.0,0.74,,2.61,93.8192
2014-01-03,3.01,0.75,,2.6,93.853
2014-01-06,2.98,0.72,,2.58,93.9109
2014-01-07,2.96,0.7,,2.56,94.0398
2014-01-08,3.01,0.72,,2.58,94.2181
2014-01-09,2.97,0.66,,2.53,94.3299
2014-01-10,2.88,0.59,,2.49,94.0045
2014-01-13,2.84,0.57,,2.45,93.899
2014-01-14,2.88,0.62,,2.49,94.0303
2014-01-15,2.9,0.62,,2.49,94.341
2014-01-16,2.86,0.61,,2.45,94.5507
2014-01-17,2.84,0.58,,2.44,94.5846
2014-01-20,,,,,
2014-01-21,2.85,0.59,,2.45,94.679
2014-01-22,2.87,0.62,,2.43,94.8479
2014-01-23,2.79,0.66,,2.4,94.8415
2014-01-24,2.75,0.61,,2.38,94.8555
2014-01-27,2.78,0.64,,2.41,94.9059
2014-01-28,2.77,0.62,,2.39,94.88
2014-01-29,2.69,0.55,,2.33,94.8621
2014-01-30,2.72,0.57,,2.36,95.1294
2014-01-31,2.67,0.53,,2.33,95.1774
2014-02-01,,,235.547,,
2014-02-03,2.61,0.47,,2.31,95.2469
2014-02-04,2.64,0.51,,2.33,95.0438
2014-02-05,2.7,0.56,,2.38,95.0285
2014-02-06,2.73,0.57,,2.4,94.7177
2014-02-07,2.71,0.53,,2.41,94.7457
2014-02-10,2.7,0.51,,2.38,94.7189
2014-02-11,2.75,0.56,,2.4,94.6377
2014-02-12,2.8,0.59,,2.45,94.6209
2014-02-13,2.73,0.56,,2.41,
2014-02-14,2.75,0.59,,2.43,94.2711
2014-02-17,,,,,
2014-02-18,2.71,0.57,,2.4,94.1934
2014-02-19,2.73,0.6,,2.4,94.38
2014-02-20,2.76,0.63,,2.42,94.6571
2014-02-21,2.73,0.61,,2.4,
2014-02-24,2.75,0.59,,2.4,94.4042
2014-02-25,2.7,0.55,,2.36,94.4735
2014-02-26,2.67,0.51,,2.34,94.7754
2014-02-27,2.65,0.49,,2.32,94.6722
2014-02-28,2.66,0.49,,2.33,94.3879
2014-03-01,,,236.028,,
2014-03-03,2.6,0.44,,2.28,
2014-03-04,2.7,0.52,,2.37,94.6568
2014-03-05,2.7,0.52,,2.37,94.4679
2014-03-06,2.74,0.53,,2.37,93.9858
2014-03-07,2.8,0.57,,2.42,94.2532
2014-03-10,2.79,0.57,,2.42,94.3731
2014-03-11,2.77,0.57,,2.4,94.387
2014-03-12,2.73,0.54,,2.36,94.462
2014-03-13,2.66,0.49,,2.32,94.1872
2014-03-14,2.65,0.48,,2.29,94.243
2014-03-17,2.7,0.52,,2.32,
2014-03-18,2.68,0.5,,2.32,94.2631
2014-03-19,2.78,0.62,,2.31,94.3752
2014-03-20,2.79,0.66,,2.34,94.9986
2014-03-21,2.75,0.61,,2.3,94.8547
2014-03-24,2.74,0.59,,2.27,94.759
2014-03-25,2.75,0.61,,2.28,94.6379
2014-03-26,2.71,0.57,,2.26,94.5281
2014-03-27,2.69,0.56,,2.24,94.3315
2014-03-28,2.73,0.6,,2.28,94.3683
2014-03-31,2.73,0.6,,2.29,94.2432
2014-04-01,2.77,0.63,236.468,2.33,94.1244
2014-04-02,2.82,0.68,,2.35,94.3103
2014-04-03,2.8,0.66,,2.34,94.512
2014-04-04,2.74,0.61,,2.31,94.2191
2014-04-07,2.71,0.59,,2.3,94.0881
2014-04-08,2.69,0.58,,2.29,93.6579
2014-04-09,2.71,0.57,,2.34,93.6716
2014-04-10,2.65,0.51,,2.28,93.5123
2014-04-11,2.63,0.5,,2.26,93.6395
2014-04-14,2.65,0.52,,2.28,93.8046
2014-04-15,2.64,0.5,,2.25,93.9486
2014-04-16,2.65,0.48,,2.26,93.9461
2014-04-17,2.73,0.52,,2.3,93.8936
2014-04-18,,,,,93.9629
2014-04-21,2.73,0.53,,2.31,94.0337
2014-04-22,2.73,0.52,,2.28,94.0802
2014-04-23,2.7,0.49,,2.27,94.149
2014-04-24,2.7,0.49,,2.27,94.1294
2014-04-25,2.68,0.48,,2.25,94.1623
2014-04-28,2.7,0.52,,2.26,94.1374
2014-04-29,2.71,0.53,,2.27,94.0295
2014-04-30,2.67,0.49,,2.25,93.8896
2014-05-01,2.63,0.43,236.918,2.22,93.8707
2014-05-02,2.6,0.41,,2.18,93.8182
2014-05-05,2.63,0.45,,2.2,93.7334
2014-05-06,2.61,0.45,,2.18,93.4324
2014-05-07,2.62,0.42,,2.21,93.4337
2014-05-08,2.61,0.42,,2.21,93.3686
2014-05-09,2.62,0.44,,2.22,93.6614
2014-05-12,2.66,0.48,,2.25,93.6537
2014-05-13,2.61,0.45,,2.22,93.6755
2014-05-14,2.54,0.37,,2.15,93.5968
2014-05-15,2.5,0.31,,2.12,93.7065
2014-05-16,2.52,0.34,,2.14,93.6073
2014-05-19,2.54,0.37,,2.18,93.502
2014-05-20,2.52,0.35,,2.17,93.6699
2014-05-21,2.54,0.36,,2.17,93.7629
2014-05-22,2.56,0.35,,2.19,93.6944
2014-05-23,2.54,0.32,,2.17,93.7042
2014-05-26,,,,,
2014-05-27,2.52,0.31,,2.13,93.8418
2014-05-28,2.44,0.22,,2.07,93.8793
2014-05-29,2.45,0.22,,2.08,93.6973
2014-05-30,2.48,0.26,,2.11,93.7606
2014-06-01,,,237.231,,
2014-06-02,2.54,0.32,,2.15,94.0006
2014-06-03,2.6,0.41,,2.19,94.0536
2014-06-04,2.61,0.44,,2.2,94.1239
2014-06-05,2.59,0.41,,2.19,93.9732
2014-06-06,2.6,0.4,,2.19,93.9069
2014-06-09,2.62,0.41,,2.19,93.9628
2014-06-10,2.64,0.43,,2.19,94.0638
2014-06-11,2.65,0.43,,2.21,93.9744
2014-06-12,2.58,0.39,,2.16,93.8155
2014-06-13,2.6,0.41,,2.15,93.9168
2014-06-16,2.61,0.41,,2.12,93.8639
2014-06-17,2.66,0.43,,2.15,94.0829
2014-06-18,2.61,0.38,,2.13,94.0525
2014-06-19,2.64,0.39,,2.16,93.752
2014-06-20,2.63,0.35,,2.13,93.7591
2014-06-23,2.63,0.35,,2.15,93.628
2014-06-24,2.59,0.31,,2.1,93.7093
2014-06-25,2.57,0.29,,2.09,93.5851
2014-06-26,2.53,0.26,,2.07,93.5471
2014-06-27,2.54,0.27,,2.09,93.3983
2014-06-30,2.53,0.27,,2.06,93.2058
2014-07-01,2.58,0.32,237.498,2.11,93.1365
2014-07-02,2.64,0.38,,2.15,93.2478
2014-07-03,2.65,0.37,,2.13,93.3149
2014-07-04,,,,,
2014-07-07,2.63,0.36,,2.11,93.3803
2014-07-08,2.58,0.31,,2.07,93.323
2014-07-09,2.57,0.28,,2.06,93.228
2014-07-10,2.55,0.27,,2.09,93.3152
2014-07-11,2.53,0.25,,2.05,93.4171
2014-07-14,2.55,0.28,,2.07,93.4101
2014-07-15,2.56,0.31,,2.07,93.5796
2014-07-16,2.55,0.32,,2.05,93.5991
2014-07-17,2.47,0.24,,2.0,93.6586
2014-07-18,2.5,0.26,,1.99,93.6608
2014-07-21,2.49,0.25,,1.98,93.6069
2014-07-22,2.48,0.25,,1.99,93.6306
2014-07-23,2.48,0.25,,1.98,93.5951
2014-07-24,2.52,0.25,,1.99,93.6836
2014-07-25,2.48,0.2,,1.95,93.8294
2014-07-28,2.5,0.22,,1.96,93.83
2014-07-29,2.47,0.2,,1.93,94.0443
2014-07-30,2.57,0.29,,2.01,94.3473
2014-07-31,2.58,0.29,,2.05,94.4467
2014-08-01,2.52,0.25,237.46,2.05,94.4754
2014-08-04,2.51,0.26,,2.04,94.448
2014-08-05,2.49,0.25,,2.02,94.6754
2014-08-06,2.49,0.24,,2.01,94.6092
2014-08-07,2.43,0.19,,1.99,94.6364
2014-08-08,2.44,0.19,,1.99,94.6027
2014-08-11,2.44,0.19,,1.97,94.4767
2014-08-12,2.46,0.22,,2.01,94.5211
2014-08-13,2.43,0.2,,2.0,94.4681
2014-08-14,2.4,0.19,,1.98,94.3508
2014-08-15,2.34,0.16,,1.92,94.2941
2014-08-18,2.39,0.21,,1.95,94.2519
2014-08-19,2.4,0.23,,1.94,94.4356
2014-08-20,2.43,0.26,,1.94,94.5937
2014-08-21,2.41,0.24,,1.92,94.673
2014-08-22,2.4,0.26,,1.87,94.8012
2014-08-25,2.39,0.24,,1.86,94.9159
2014-08-26,2.39,0.25,,1.87,94.8617
2014-08-27,2.37,0.23,,1.86,94.6863
2014-08-28,2.34,0.21,,1.84,94.6947
2014-08-29,2.35,0.23,,1.87,94.7251
2014-09-01,,,237.477,,
2014-09-02,2.42,0.27,,1.89,95.063
2014-09-03,2.41,0.24,,1.89,94.8709
2014-09-04,2.45,0.28,,1.91,95.2641
2014-09-05,2.46,0.31,,1.94,95.2203
2014-09-08,2.48,0.35,,1.94,95.4167
2014-09-09,2.5,0.39,,1.94,95.8811
2014-09-10,2.54,0.44,,1.96,95.8641
2014-09-11,2.54,0.42,,1.96,95.9184
2014-09-12,2.62,0.49,,2.04,96.0748
2014-09-15,2.6,0.47,,2.02,96.1195
2014-09-16,2.6,0.48,,2.05,95.8483
2014-09-17,2.62,0.56,,2.03,95.9106
2014-09-18,2.63,0.61,,2.04,96.1284
2014-09-19,2.59,0.56,,2.0,96.3417
2014-09-22,2.57,0.58,,1.99,96.4625
2014-09-23,2.54,0.52,,1.97,96.5112
2014-09-24,2.57,0.54,,1.98,96.6574
2014-09-25,2.52,0.5,,1.96,96.8988
2014-09-26,2.54,0.57,,1.95,97.208
2014-09-29,2.5,0.55,,1.92,97.3523
2014-09-30,2.52,0.55,,1.94,97.5261
2014-10-01,2.42,0.46,237.43,1.89,97.5387
2014-10-02,2.44,0.49,,1.91,97.3062
2014-10-03,2.45,0.52,,1.88,97.9846
2014-10-06,2.43,0.5,,1.89,97.5513
2014-10-07,2.36,0.44,,1.84,97.4459
2014-10-08,2.35,0.39,,1.89,97.4945
2014-10-09,2.34,0.37,,1.88,97.1711
2014-10-10,2.31,0.35,,1.86,97.4144
2014-10-13,,,,,
2014-10-14,2.21,0.29,,1.82,97.3943
2014-10-15,2.15,0.29,,1.81,97.3532
2014-10-16,2.17,0.28,,1.82,97.2869
2014-10-17,2.22,0.3,,1.83,97.3067
2014-10-20,2.2,0.29,,1.83,97.2874
2014-10-21,2.23,0.33,,1.85,97.2488
2014-10-22,2.25,0.34,,1.84,97.459
2014-10-23,2.29,0.38,,1.88,97.6047
2014-10-24,2.29,0.39,,1.88,97.4772
2014-10-27,2.27,0.38,,1.86,97.5423
2014-10-28,2.3,0.39,,1.88,97.2173
2014-10-29,2.34,0.42,,1.86,97.0145
2014-10-30,2.32,0.42,,1.84,97.456
2014-10-31,2.35,0.43,,1.85,98.1163
2014-11-01,,,236.983,,
2014-11-03,2.36,0.43,,1.84,98.5336
2014-11-04,2.35,0.43,,1.83,98.5576
2014-11-05,2.36,0.43,,1.84,98.8086
2014-11-06,2.39,0.45,,1.85,99.1325
2014-11-07,2.32,0.38,,1.81,99.0236
2014-11-10,2.38,0.44,,1.83,98.9305
2014-11-11,,,,,
2014-11-12,2.37,0.46,,1.82,98.8897
2014-11-13,2.35,0.47,,1.82,99.1045
2014-11-14,2.32,0.43,,1.78,99.0917
2014-11-17,2.34,0.48,,1.8,99.2188
2014-11-18,2.32,0.48,,1.79,99.0185
2014-11-19,2.36,0.53,,1.82,99.2424
2014-11-20,2.34,0.49,,1.81,99.2554
2014-11-21,2.31,0.45,,1.78,99.2894
2014-11-24,2.3,0.44,,1.77,99.4227
2014-11-25,2.27,0.42,,1.76,99.2837
2014-11-26,2.24,0.42,,1.71,99.1893
2014-11-27,,,,,
2014-11-28,2.18,0.39,,1.71,100.0719
2014-12-01,2.22,0.43,236.252,1.73,99.8964
2014-12-02,2.28,0.51,,1.73,100.4478
2014-12-03,2.29,0.5,,1.72,100.5696
2014-12-04,2.25,0.48,,1.7,100.3931
2014-12-05,2.31,0.56,,1.66,101.0989
2014-12-08,2.26,0.55,,1.62,101.31
2014-12-09,2.22,0.49,,1.58,100.8095
2014-12-10,2.18,0.47,,1.59,101.0212
2014-12-11,2.19,0.49,,1.57,101.4448
2014-12-12,2.1,0.46,,1.54,101.3735
2014-12-15,2.12,0.5,,1.52,101.674
2014-12-16,2.07,0.42,,1.49,101.526
2014-12-17,2.14,0.49,,1.52,101.5527
2014-12-18,2.22,0.57,,1.55,101.7531
2014-12-19,2.17,0.49,,1.5,102.0483
2014-12-22,2.17,0.47,,1.46,101.9942
2014-12-23,2.26,0.56,,1.53,102.348
2014-12-24,2.27,0.59,,1.54,102.3028
2014-12-25,,,,,
2014-12-26,2.25,0.58,,1.52,
2014-12-29,2.22,0.57,,1.5,102.3767
2014-12-30,2.2,0.56,,1.51,102.1019
2014-12-31,2.17,0.49,,1.5,102.2843
2015-01-01,,,234.747,,
2015-01-02,2.12,0.41,,1.46,102.9027
2015-01-05,2.04,0.4,,1.36,103.4976
2015-01-06,1.97,0.41,,1.32,103.2938
2015-01-07,1.96,0.39,,1.34,103.6316
2015-01-08,2.03,0.41,,1.41,103.2799
2015-01-09,1.98,0.36,,1.39,103.1213
2015-01-12,1.92,0.35,,1.36,103.2372
2015-01-13,1.91,0.37,,1.37,103.27
2015-01-14,1.86,0.29,,1.35,103.0903
2015-01-15,1.77,0.19,,1.33,103.0829
2015-01-16,1.83,0.23,,1.34,103.2189
2015-01-19,,,,,
2015-01-20,1.82,0.23,,1.29,103.5233
2015-01-21,1.87,0.26,,1.34,103.7858
2015-01-22,1.9,0.29,,1.37,103.9271
2015-01-23,1.81,0.21,,1.29,104.3676
2015-01-26,1.83,0.22,,1.29,104.4818
2015-01-27,1.83,0.17,,1.29,104.1646
2015-01-28,1.73,0.12,,1.23,104.4737
2015-01-29,1.77,0.15,,1.26,105.2763
2015-01-30,1.68,0.03,,1.21,105.5884
2015-02-01,,,235.342,,
2015-02-02,1.68,0.03,,1.19,105.2058
2015-02-03,1.79,0.09,,1.27,104.6063
2015-02-04,1.81,0.1,,1.29,104.785
2015-02-05,1.83,0.13,,1.31,104.4915
2015-02-06,1.95,0.24,,1.3,105.1283
2015-02-09,1.96,0.25,,1.31,104.9889
2015-02-10,2.01,0.31,,1.34,105.2897
2015-02-11,2.0,0.32,,1.33,105.7901
2015-02-12,1.99,0.33,,1.38,104.9385
2015-02-13,2.02,0.34,,1.36,104.8452
2015-02-16,,,,,
2015-02-17,2.14,0.43,,1.44,
2015-02-18,2.07,0.36,,1.45,105.2514
2015-02-19,2.11,0.37,,1.44,105.1407
2015-02-20,2.13,0.38,,1.46,105.3387
2015-02-23,2.06,0.34,,1.42,105.5359
2015-02-24,1.99,0.27,,1.39,105.5472
2015-02-25,1.96,0.24,,1.35,105.0503
2015-02-26,2.03,0.24,,1.37,105.5021
2015-02-27,2.0,0.17,,1.37,105.5981
2015-03-01,,,235.976,,
2015-03-02,2.08,0.25,,1.42,105.8151
2015-03-03,2.12,0.26,,1.44,105.5562
2015-03-04,2.12,0.25,,1.46,106.1333
2015-03-05,2.11,0.27,,1.46,
2015-03-06,2.24,0.41,,1.51,107.4337
2015-03-09,2.2,0.44,,1.5,107.5199
2015-03-10,2.14,0.41,,1.44,108.1165
2015-03-11,2.11,0.39,,1.41,108.5235
2015-03-12,2.1,0.39,,1.43,108.1741
2015-03-13,2.13,0.44,,1.45,108.9174
2015-03-16,2.1,0.45,,1.44,108.6422
2015-03-17,2.06,0.42,,1.36,108.5805
2015-03-18,1.93,0.23,,1.36,108.408
2015-03-19,1.98,0.19,,1.35,108.1826
2015-03-20,1.93,0.17,,1.33,107.1671
2015-03-23,1.92,0.17,,1.32,106.5022
2015-03-24,1.88,0.11,,1.3,106.4401
2015-03-25,1.93,0.12,,1.34,106.2636
2015-03-26,2.01,0.21,,1.4,106.5582
2015-03-27,1.95,0.19,,1.37,106.8916
2015-03-30,1.96,0.23,,1.38,107.3941
2015-03-31,1.94,0.18,,1.38,107.4396
2015-04-01,1.87,0.07,236.222,1.32,107.06
2015-04-02,1.92,0.11,,1.37,106.6738
2015-04-03,1.85,0.02,,1.36,105.8861
2015-04-06,1.92,0.07,,1.41,105.7876
2015-04-07,1.89,0.04,,1.37,106.4488
2015-04-08,1.92,0.08,,1.38,106.4231
2015-04-09,1.97,0.13,,1.41,107.0335
2015-04-10,1.96,0.14,,1.39,107.4526
2015-04-13,1.94,0.14,,1.4,107.7508
2015-04-14,1.9,0.1,,1.37,107.0547
2015-04-15,1.91,0.07,,1.4,107.1855
2015-04-16,1.9,0.05,,1.4,106.2761
2015-04-17,1.87,-0.02,,1.36,106.329
2015-04-20,1.9,0.01,,1.35,106.4902
2015-04-21,1.92,0.06,,1.37,106.5582
2015-04-22,1.99,0.12,,1.42,106.5815
2015-04-23,1.96,0.07,,1.41,106.1658
2015-04-24,1.93,0.04,,1.39,105.905
2015-04-27,1.94,0.03,,1.4,105.6891
2015-04-28,2.0,0.11,,1.44,105.1234
2015-04-29,2.06,0.14,,1.5,104.5634
2015-04-30,2.05,0.11,,1.47,105.312
2015-05-01,2.12,0.18,237.001,1.52,105.6382
2015-05-04,2.16,0.24,,1.56,105.6679
2015-05-05,2.19,0.25,,1.57,105.2396
2015-05-06,2.25,0.34,,1.6,104.6935
2015-05-07,2.18,0.3,,1.55,105.1941
2015-05-08,2.16,0.28,,1.57,104.8424
2015-05-11,2.28,0.4,,1.66,105.3075
2015-05-12,2.28,0.4,,1.67,104.8924
2015-05-13,2.27,0.41,,1.68,104.3608
2015-05-14,2.23,0.36,,1.67,104.2359
2015-05-15,2.14,0.31,,1.59,104.0202
2015-05-18,2.23,0.37,,1.65,104.6068
2015-05-19,2.27,0.42,,1.64,105.3448
2015-05-20,2.26,0.38,,1.66,105.5605
2015-05-21,2.19,0.35,,1.59,105.3808
2015-05-22,2.21,0.34,,1.57,105.8487
2015-05-25,,,,,
2015-05-26,2.14,0.32,,1.5,106.7294
2015-05-27,2.14,0.34,,1.5,106.908
2015-05-28,2.13,0.33,,1.51,106.92
2015-05-29,2.12,0.32,,1.51,106.7388
2015-06-01,2.19,0.39,237.657,1.55,107.2238
2015-06-02,2.27,0.44,,1.63,106.4507
2015-06-03,2.38,0.55,,1.69,106.1443
2015-06-04,2.31,0.5,,1.65,106.4725
2015-06-05,2.41,0.55,,1.68,107.1336
2015-06-08,2.39,0.54,,1.69,106.7693
2015-06-09,2.42,0.56,,1.7,106.2238
2015-06-10,2.5,0.63,,1.75,105.8037
2015-06-11,2.39,0.56,,1.66,106.0934
2015-06-12,2.39,0.55,,1.65,105.9015
2015-06-15,2.36,0.51,,1.64,105.9989
2015-06-16,2.32,0.44,,1.61,106.0473
2015-06-17,2.32,0.42,,1.65,106.058
2015-06-18,2.35,0.46,,1.69,105.102
2015-06-19,2.26,0.4,,1.61,105.4496
2015-06-22,2.37,0.47,,1.69,105.3846
2015-06-23,2.42,0.5,,1.72,105.9678
2015-06-24,2.38,0.48,,1.7,106.2522
2015-06-25,2.4,0.49,,1.72,106.1515
2015-06-26,2.49,0.57,,1.77,106.4116
2015-06-29,2.33,0.46,,1.69,106.3785
2015-06-30,2.35,0.48,,1.71,106.5191
2015-07-01,2.43,0.54,238.034,1.74,107.0101
2015-07-02,2.4,0.49,,1.76,106.9106
2015-07-03,,,,,
2015-07-06,2.3,0.43,,1.7,107.1343
2015-07-07,2.27,0.4,,1.69,107.785
2015-07-08,2.22,0.39,,1.67,107.4734
2015-07-09,2.32,0.47,,1.72,107.5595
2015-07-10,2.42,0.55,,1.77,107.213
2015-07-13,2.44,0.58,,1.75,107.5849
2015-07-14,2.41,0.56,,1.75,107.4843
2015-07-15,2.36,0.52,,1.72,108.0149
2015-07-16,2.36,0.52,,1.69,108.1726
2015-07-17,2.34,0.51,,1.66,108.5374
2015-07-20,2.38,0.56,,1.67,108.6944
2015-07-21,2.35,0.53,,1.64,108.3893
2015-07-22,2.33,0.53,,1.58,108.7817
2015-07-23,2.28,0.49,,1.57,108.7565
2015-07-24,2.27,0.51,,1.57,109.0174
2015-07-27,2.23,0.5,,1.55,108.6924
2015-07-28,2.26,0.51,,1.57,108.6881
2015-07-29,2.29,0.52,,1.59,108.604
2015-07-30,2.28,0.51,,1.56,109.4328
2015-07-31,2.2,0.46,,1.53,108.7819
2015-08-01,,,238.033,,
2015-08-03,2.16,0.46,,1.48,109.214
2015-08-04,2.23,0.52,,1.49,109.2244
2015-08-05,2.28,0.58,,1.55,109.842
2015-08-06,2.23,0.56,,1.52,109.722
2015-08-07,2.18,0.52,,1.45,109.4376
2015-08-10,2.24,0.55,,1.51,109.1931
2015-08-11,2.15,0.49,,1.47,109.9464
2015-08-12,2.14,0.52,,1.47,109.4655
2015-08-13,2.19,0.57,,1.47,109.9025
2015-08-14,2.2,0.58,,1.47,109.9174
2015-08-17,2.16,0.58,,1.44,110.1435
2015-08-18,2.2,0.62,,1.46,110.2504
2015-08-19,2.12,0.55,,1.45,110.4333
2015-08-20,2.09,0.53,,1.4,110.1077
2015-08-21,2.05,0.52,,1.41,110.1443
2015-08-24,2.01,0.52,,1.42,109.9306
2015-08-25,2.12,0.59,,1.45,110.3394
2015-08-26,2.18,0.65,,1.51,110.5807
2015-08-27,2.18,0.6,,1.5,110.4834
2015-08-28,2.19,0.58,,1.47,110.6714
2015-08-31,2.21,0.58,,1.47,110.5621
2015-09-01,2.17,0.6,237.498,1.47,110.4506
2015-09-02,2.2,0.64,,1.48,110.7979
2015-09-03,2.18,0.64,,1.47,110.8566
2015-09-04,2.13,0.62,,1.42,111.1018
2015-09-07,,,,,
2015-09-08,2.2,0.67,,1.46,110.7942
2015-09-09,2.21,0.65,,1.46,110.9225
2015-09-10,2.23,0.64,,1.48,110.6331
2015-09-11,2.2,0.61,,1.49,110.6109
2015-09-14,2.18,0.62,,1.45,110.5005
2015-09-15,2.28,0.72,,1.46,110.6394
2015-09-16,2.3,0.73,,1.48,110.1021
2015-09-17,2.21,0.63,,1.51,110.1212
2015-09-18,2.13,0.58,,1.44,109.8165
2015-09-21,2.2,0.66,,1.48,110.6414
2015-09-22,2.14,0.63,,1.45,111.1967
2015-09-23,2.16,0.64,,1.46,111.6287
2015-09-24,2.13,0.64,,1.46,111.4454
2015-09-25,2.17,0.71,,1.47,111.3725
2015-09-28,2.1,0.71,,1.43,111.3914
2015-09-29,2.05,0.66,,1.41,111.5219
2015-09-30,2.06,0.65,,1.42,111.3311
2015-10-01,2.05,0.59,237.733,1.41,111.0439
2015-10-02,1.99,0.51,,1.41,110.7006
2015-10-05,2.07,0.56,,1.46,110.4445
2015-10-06,2.05,0.53,,1.44,110.1371
2015-10-07,2.08,0.53,,1.43,109.8162
2015-10-08,2.12,0.54,,1.47,109.6452
2015-10-09,2.12,0.58,,1.47,109.0782
2015-10-12,,,,,
2015-10-13,2.06,0.54,,1.42,109.4119
2015-10-14,1.99,0.5,,1.42,109.1244
2015-10-15,2.04,0.54,,1.43,108.6671
2015-10-16,2.04,0.56,,1.43,108.9956
2015-10-19,2.04,0.59,,1.43,109.3858
2015-10-20,2.08,0.6,,1.42,109.3368
2015-10-21,2.04,0.59,,1.4,109.7746
2015-10-22,2.04,0.57,,1.43,110.0342
2015-10-23,2.09,0.58,,1.43,110.4329
2015-10-26,2.07,0.59,,1.41,110.2089
2015-10-27,2.05,0.57,,1.4,110.4875
2015-10-28,2.1,0.63,,1.37,110.2334
2015-10-29,2.19,0.67,,1.44,110.8083
2015-10-30,2.16,0.63,,1.41,110.2079
2015-11-01,,,238.017,,
2015-11-02,2.2,0.65,,1.43,110.2188
2015-11-03,2.23,0.65,,1.43,110.244
2015-11-04,2.25,0.68,,1.41,110.7139
2015-11-05,2.26,0.71,,1.41,110.8302
2015-11-06,2.34,0.75,,1.44,111.7603
2015-11-09,2.36,0.76,,1.47,111.9112
2015-11-10,2.32,0.77,,1.45,111.9919
2015-11-11,,,,,
2015-11-12,2.32,0.78,,1.43,111.7965
2015-11-13,2.28,0.76,,1.42,112.0264
2015-11-16,2.27,0.76,,1.39,112.2199
2015-11-17,2.25,0.72,,1.39,112.3141
2015-11-18,2.27,0.71,,1.37,112.3663
2015-11-19,2.24,0.68,,1.33,111.5749
2015-11-20,2.26,0.66,,1.33,111.7799
2015-11-23,2.25,0.64,,1.31,112.1125
2015-11-24,2.24,0.62,,1.31,111.7638
2015-11-25,2.23,0.62,,1.3,111.8936
2015-11-26,,,,,
2015-11-27,2.22,0.62,,1.3,112.2824
2015-11-30,2.21,0.62,,1.27,112.34
2015-12-01,2.15,0.58,237.761,1.24,112.1134
2015-12-02,2.18,0.62,,1.24,112.3715
2015-12-03,2.33,0.72,,1.37,111.6407
2015-12-04,2.28,0.68,,1.32,111.5463
2015-12-07,2.23,0.67,,1.29,112.3056
2015-12-08,2.24,0.68,,1.3,112.5485
2015-12-09,2.22,0.69,,1.29,112.1918
2015-12-10,2.24,0.73,,1.29,112.2672
2015-12-11,2.13,0.67,,1.25,112.7147
2015-12-14,2.23,0.78,,1.26,112.7521
2015-12-15,2.28,0.8,,1.3,112.8609
2015-12-16,2.3,0.84,,1.28,112.9864
2015-12-17,2.24,0.77,,1.24,113.8177
2015-12-18,2.19,0.73,,1.22,113.2837
2015-12-21,2.2,0.75,,1.24,113.4144
2015-12-22,2.24,0.78,,1.25,113.211
2015-12-23,2.27,0.76,,1.26,113.1847
2015-12-24,2.25,0.73,,1.22,113.0496
2015-12-25,,,,,
2015-12-28,2.24,0.74,,1.19,113.0461
2015-12-29,2.32,0.79,,1.23,113.1664
2015-12-30,2.31,0.77,,1.23,113.4707
2015-12-31,2.27,0.73,,1.21,113.3429
2016-01-01,,,237.652,,
2016-01-04,2.24,0.69,,1.22,114.1595
2016-01-05,2.25,0.69,,1.21,114.2649
2016-01-06,2.18,0.65,,1.19,114.6177
2016-01-07,2.16,0.66,,1.2,114.6516
2016-01-08,2.13,0.65,,1.19,115.0095
2016-01-11,2.17,0.72,,1.23,115.0139
2016-01-12,2.12,0.69,,1.19,115.3128
2016-01-13,2.08,0.65,,1.17,115.1425
2016-01-14,2.1,0.67,,1.2,115.3846
2016-01-15,2.03,0.67,,1.18,115.7404
2016-01-18,,,,,
2016-01-19,2.06,0.68,,1.18,115.8155
2016-01-20,2.01,0.69,,1.16,116.3498
2016-01-21,2.02,0.74,,1.18,115.9833
2016-01-22,2.07,0.72,,1.19,
2016-01-25,2.03,0.69,,1.15,
2016-01-26,2.01,0.65,,1.16,
2016-01-27,2.02,0.62,,1.18,115.5087
2016-01-28,2.0,0.58,,1.17,115.2224
2016-01-29,1.94,0.53,,1.18,115.5731
2016-02-01,1.97,0.57,237.336,1.16,115.3331
2016-02-02,1.87,0.51,,1.12,115.553
2016-02-03,1.88,0.5,,1.16,114.6144
2016-02-04,1.87,0.51,,1.17,113.6012
2016-02-05,1.86,0.53,,1.12,114.2935
2016-02-08,1.75,0.52,,1.09,114.4351
2016-02-09,1.74,0.53,,1.05,114.127
2016-02-10,1.71,0.5,,1.0,114.2877
2016-02-11,1.63,0.45,,0.99,114.1845
2016-02-12,1.74,0.49,,1.03,114.2992
2016-02-15,,,,,
2016-02-16,1.78,0.53,,1.04,114.4905
2016-02-17,1.81,0.53,,1.07,113.8634
2016-02-18,1.75,0.51,,1.04,113.8897
2016-02-19,1.76,0.5,,1.0,113.9558
2016-02-22,1.77,0.46,,0.99,113.8232
2016-02-23,1.74,0.42,,0.98,114.177
2016-02-24,1.75,0.39,,1.0,114.1716
2016-02-25,1.71,0.32,,0.99,113.9222
2016-02-26,1.76,0.35,,0.96,114.3708
2016-02-29,1.74,0.32,,0.96,114.2418
2016-03-01,1.83,0.35,238.08,0.98,113.9265
2016-03-02,1.84,0.33,,0.99,113.7965
2016-03-03,1.83,0.3,,0.98,113.2482
2016-03-04,1.88,0.37,,1.0,112.6387
2016-03-07,1.91,0.43,,1.0,112.6219
2016-03-08,1.83,0.37,,0.95,112.8465
2016-03-09,1.9,0.39,,1.0,112.4268
2016-03-10,1.93,0.45,,1.0,112.4191
2016-03-11,1.98,0.44,,1.01,111.741
2016-03-14,1.97,0.45,,1.0,112.1688
2016-03-15,1.97,0.47,,0.99,112.5545
2016-03-16,1.94,0.36,,1.07,112.7759
2016-03-17,1.91,0.34,,1.04,110.445
2016-03-18,1.88,0.27,,1.04,110.4002
2016-03-21,1.92,0.28,,1.05,110.737
2016-03-22,1.94,0.31,,1.03,110.7877
2016-03-23,1.88,0.3,,1.01,111.5473
2016-03-24,1.91,0.34,,1.02,111.816
2016-03-25,,,,,111.7698
2016-03-28,1.89,0.33,,1.0,111.3578
2016-03-29,1.81,0.2,,1.03,111.3736
2016-03-30,1.83,0.18,,1.07,110.2301
2016-03-31,1.78,0.16,,1.05,109.9191
2016-04-01,1.79,0.17,238.992,1.03,110.2977
2016-04-04,1.78,0.14,,1.03,110.3987
2016-04-05,1.73,0.14,,1.01,110.9478
2016-04-06,1.76,0.17,,1.03,110.5347
2016-04-07,1.7,0.12,,1.0,110.8876
2016-04-08,1.72,0.14,,1.02,110.4213
2016-04-11,1.73,0.17,,1.03,109.9758
2016-04-12,1.79,0.22,,1.05,109.816
2016-04-13,1.77,0.21,,1.02,110.1436
2016-04-14,1.8,0.24,,1.03,110.1691
2016-04-15,1.76,0.2,,1.02,110.1933
2016-04-18,1.78,0.21,,1.03,109.9892
2016-04-19,1.79,0.19,,1.02,109.2782
2016-04-20,1.85,0.23,,1.05,109.3926
2016-04-21,1.88,0.24,,1.06,109.8533
2016-04-22,1.89,0.25,,1.05,110.2331
2016-04-25,1.91,0.26,,1.06,110.1865
2016-04-26,1.94,0.27,,1.08,109.7496
2016-04-27,1.87,0.19,,1.04,109.8483
2016-04-28,1.84,0.12,,1.06,109.2148
2016-04-29,1.83,0.12,,1.06,108.8274
2016-05-01,,,239.557,,
2016-05-02,1.88,0.2,,1.08,108.671
2016-05-03,1.81,0.17,,1.06,109.3613
2016-05-04,1.79,0.16,,1.04,109.9952
2016-05-05,1.76,0.13,,1.04,110.2417
2016-05-06,1.79,0.18,,1.05,110.3801
2016-05-09,1.77,0.18,,1.05,110.9466
2016-05-10,1.77,0.15,,1.05,110.8225
2016-05-11,1.73,0.14,,0.99,110.2806
2016-05-12,1.75,0.15,,0.99,110.6935
2016-05-13,1.71,0.13,,0.95,111.2521
2016-05-16,1.75,0.15,,0.96,111.1217
2016-05-17,1.76,0.15,,0.94,111.0867
2016-05-18,1.87,0.26,,0.97,111.4995
2016-05-19,1.85,0.29,,0.96,112.2331
2016-05-20,1.85,0.29,,0.96,112.1822
2016-05-23,1.84,0.3,,0.93,112.284
2016-05-24,1.86,0.31,,0.94,112.2912
2016-05-25,1.87,0.29,,0.95,112.2001
2016-05-26,1.83,0.25,,0.96,111.8979
2016-05-27,1.85,0.27,,0.95,112.0822
2016-05-30,,,,,
2016-05-31,1.84,0.3,,0.97,112.4276
2016-06-01,1.85,0.31,240.222,0.94,112.462
2016-06-02,1.81,0.27,,0.92,112.4564
2016-06-03,1.71,0.19,,0.93,111.4451
2016-06-06,1.73,0.19,,0.93,111.2295
2016-06-07,1.72,0.15,,0.94,110.8378
2016-06-08,1.71,0.12,,0.93,110.1916
2016-06-09,1.68,0.12,,0.91,110.6168
2016-06-10,1.64,0.12,,0.91,111.1027
2016-06-13,1.62,0.15,,0.89,111.5036
2016-06-14,1.62,0.17,,0.88,111.9826
2016-06-15,1.6,0.13,,0.91,111.7671
2016-06-16,1.57,0.15,,0.87,112.2347
2016-06-17,1.62,0.2,,0.92,111.5332
2016-06-20,1.67,0.24,,0.93,110.8693
2016-06-21,1.71,0.28,,0.95,111.0077
2016-06-22,1.69,0.25,,0.94,110.7681
2016-06-23,1.74,0.24,,0.96,110.262
2016-06-24,1.57,0.15,,0.93,112.1355
2016-06-27,1.46,0.12,,0.85,113.1301
2016-06-28,1.46,0.09,,0.85,112.7545
2016-06-29,1.5,0.1,,0.88,111.8597
2016-06-30,1.49,0.09,,0.91,112.1618
2016-07-01,1.46,0.03,240.101,0.87,111.6509
2016-07-04,,,,,
2016-07-05,1.37,-0.03,,0.81,112.4231
2016-07-06,1.38,-0.05,,0.8,112.5438
2016-07-07,1.4,-0.03,,0.82,112.5775
2016-07-08,1.37,-0.06,,0.76,112.3963
2016-07-11,1.43,0.01,,0.77,112.5254
2016-07-12,1.53,0.07,,0.84,112.1102
2016-07-13,1.48,0.03,,0.8,112.0266
2016-07-14,1.53,0.08,,0.85,111.7692
2016-07-15,1.6,0.11,,0.89,112.2833
2016-07-18,1.59,0.1,,0.91,112.2463
2016-07-19,1.56,0.12,,0.86,112.638
2016-07-20,1.59,0.13,,0.86,112.6743
2016-07-21,1.57,0.05,,0.87,112.6239
2016-07-22,1.57,0.06,,0.86,112.989
2016-07-25,1.58,0.08,,0.86,113.1784
2016-07-26,1.57,0.07,,0.82,113.0593
2016-07-27,1.52,0.03,,0.79,113.217
2016-07-28,1.52,0.0,,0.8,112.7393
2016-07-29,1.46,-0.03,,0.79,111.874
2016-08-01,1.51,0.05,240.545,0.84,111.9757
2016-08-02,1.55,0.11,,0.88,111.7124
2016-08-03,1.55,0.09,,0.88,111.9419
2016-08-04,1.51,0.04,,0.87,111.9149
2016-08-05,1.59,0.09,,0.87,112.3589
2016-08-08,1.59,0.08,,0.85,112.1456
2016-08-09,1.55,0.06,,0.84,111.722
2016-08-10,1.5,0.06,,0.81,111.3238
2016-08-11,1.57,0.1,,0.81,111.1954
2016-08-12,1.51,0.07,,0.8,111.1787
2016-08-15,1.55,0.1,,0.83,110.9212
2016-08-16,1.57,0.13,,0.81,110.4295
2016-08-17,1.56,0.09,,0.82,110.9459
2016-08-18,1.53,0.06,,0.82,110.3134
2016-08-19,1.58,0.1,,0.82,110.8163
2016-08-22,1.55,0.08,,0.79,110.9997
2016-08-23,1.55,0.07,,0.81,110.9414
2016-08-24,1.56,0.08,,0.8,111.2958
2016-08-25,1.58,0.09,,0.8,111.1726
2016-08-26,1.62,0.15,,0.78,111.2035
2016-08-29,1.57,0.11,,0.76,111.8775
2016-08-30,1.57,0.11,,0.77,112.2928
2016-08-31,1.58,0.11,,0.78,112.4036
2016-09-01,1.57,0.12,241.176,0.79,112.1733
2016-09-02,1.6,0.13,,0.8,112.0009
2016-09-05,,,,,
2016-09-06,1.55,0.06,,0.81,110.9613
2016-09-07,1.54,0.03,,0.8,110.9717
2016-09-08,1.61,0.09,,0.83,111.2609
2016-09-09,1.67,0.17,,0.88,111.9879
2016-09-12,1.68,0.17,,0.89,112.1516
2016-09-13,1.73,0.24,,0.93,112.5207
2016-09-14,1.7,0.21,,0.93,112.4678
2016-09-15,1.71,0.22,,0.97,112.4753
2016-09-16,1.7,0.19,,0.93,113.1765
2016-09-19,1.7,0.2,,0.91,112.903
2016-09-20,1.69,0.2,,0.9,113.1848
2016-09-21,1.66,0.15,,0.87,112.9842
2016-09-22,1.63,0.08,,0.84,112.2592
2016-09-23,1.62,0.05,,0.85,112.7166
2016-09-26,1.59,0.05,,0.83,112.7112
2016-09-27,1.56,0.04,,0.81,112.5515
2016-09-28,1.57,0.01,,0.82,112.6283
2016-09-29,1.56,0.02,,0.83,112.2879
2016-09-30,1.6,0.0,,0.83,112.2795
2016-10-01,,,241.741,,
2016-10-03,1.63,0.0,,0.83,112.5077
2016-10-04,1.69,0.07,,0.87,112.6579
2016-10-05,1.72,0.1,,0.87,112.7946
2016-10-06,1.75,0.11,,0.89,113.0066
2016-10-07,1.73,0.1,,0.9,113.2915
2016-10-10,,,,,
2016-10-11,1.77,0.13,,0.9,113.4461
2016-10-12,1.79,0.15,,0.92,113.7442
2016-10-13,1.75,0.12,,0.9,113.6238
2016-10-14,1.8,0.13,,0.96,113.7119
2016-10-17,1.77,0.09,,0.96,113.5488
2016-10-18,1.75,0.09,,0.93,113.1393
2016-10-19,1.76,0.08,,0.95,113.0547
2016-10-20,1.76,0.08,,0.92,113.4033
2016-10-21,1.74,0.07,,0.9,113.9015
2016-10-24,1.77,0.11,,0.93,113.8571
2016-10-25,1.77,0.07,,0.91,113.6801
2016-10-26,1.79,0.08,,0.93,113.8131
2016-10-27,1.85,0.13,,0.98,114.1998
2016-10-28,1.86,0.13,,1.0,114.0931
2016-10-31,1.84,0.11,,0.98,114.0188
2016-11-01,1.83,0.11,242.026,1.0,113.9915
2016-11-02,1.81,0.11,,1.0,113.9206
2016-11-03,1.82,0.14,,1.01,113.7664
2016-11-04,1.79,0.11,,0.99,113.5828
2016-11-07,1.83,0.12,,1.01,113.5443
2016-11-08,1.88,0.15,,1.01,113.3017
2016-11-09,2.07,0.25,,1.17,114.6956
2016-11-10,2.15,0.27,,1.23,115.9375
2016-11-11,,,,,
2016-11-14,2.23,0.4,,1.23,117.2245
2016-11-15,2.23,0.41,,1.21,116.7724
2016-11-16,2.22,0.39,,1.22,116.8062
2016-11-17,2.29,0.42,,1.25,116.8952
2016-11-18,2.34,0.44,,1.27,117.5936
2016-11-21,2.33,0.42,,1.25,117.4762
2016-11-22,2.31,0.41,,1.24,117.4508
2016-11-23,2.36,0.44,,1.24,118.0356
2016-11-24,,,,,
2016-11-25,2.36,0.47,,1.24,118.02
2016-11-28,2.32,0.47,,1.21,117.7278
2016-11-29,2.3,0.44,,1.21,117.644
2016-11-30,2.37,0.43,,1.26,117.7636
2016-12-01,2.45,0.48,242.637,1.31,117.6642
2016-12-02,2.4,0.49,,1.29,117.3116
2016-12-05,2.39,0.45,,1.26,117.1008
2016-12-06,2.39,0.44,,1.27,116.9225
2016-12-07,2.34,0.42,,1.24,116.672
2016-12-08,2.4,0.45,,1.28,117.0327
2016-12-09,2.47,0.51,,1.32,117.2834
2016-12-12,2.49,0.51,,1.34,116.9161
2016-12-13,2.48,0.53,,1.31,116.8029
2016-12-14,2.54,0.6,,1.27,116.7332
2016-12-15,2.6,0.7,,1.31,118.8072
2016-12-16,2.6,0.74,,1.32,118.3584
2016-12-19,2.54,0.68,,1.3,118.3875
2016-12-20,2.57,0.67,,1.32,118.63
2016-12-21,2.55,0.64,,1.34,118.581
2016-12-22,2.55,0.6,,1.33,118.8209
2016-12-23,2.55,0.58,,1.33,118.7856
2016-12-26,,,,,
2016-12-27,2.57,0.58,,1.29,118.9506
2016-12-28,2.51,0.56,,1.25,119.2305
2016-12-29,2.49,0.55,,1.27,118.6637
2016-12-30,2.45,0.5,,1.25,118.3466
2017-01-01,,,243.618,,
2017-01-02,,,,,
2017-01-03,2.45,0.47,,1.23,119.0903
2017-01-04,2.46,0.47,,1.22,118.8803
2017-01-05,2.37,0.42,,1.2,117.9999
2017-01-06,2.42,0.46,,1.2,118.3495
2017-01-09,2.38,0.43,,1.17,118.4111
2017-01-10,2.38,0.43,,1.19,118.5386
2017-01-11,2.38,0.39,,1.18,119.0219
2017-01-12,2.36,0.38,,1.18,117.8001
2017-01-13,2.4,0.41,,1.19,117.9884
2017-01-16,,,,,
2017-01-17,2.33,0.36,,1.16,117.2656
2017-01-18,2.42,0.42,,1.19,117.7242
2017-01-19,2.47,0.43,,1.22,118.3182
2017-01-20,2.48,0.44,,1.28,
2017-01-23,2.41,0.39,,1.25,117.2479
2017-01-24,2.47,0.41,,1.26,117.0516
2017-01-25,2.53,0.45,,1.3,116.9355
2017-01-26,2.51,0.43,,1.3,117.2766
2017-01-27,2.49,0.41,,1.27,117.0735
2017-01-30,2.49,0.42,,1.27,116.7325
2017-01-31,2.45,0.4,,1.26,116.2241
2017-02-01,2.48,0.43,244.006,1.26,116.3914
2017-02-02,2.48,0.43,,1.27,115.903
2017-02-03,2.49,0.44,,1.28,115.6259
2017-02-06,2.42,0.4,,1.26,116.0504
2017-02-07,2.4,0.4,,1.24,116.4082
2017-02-08,2.34,0.38,,1.19,116.1382
2017-02-09,2.4,0.41,,1.2,116.306
2017-02-10,2.41,0.4,,1.21,116.148
2017-02-13,2.43,0.43,,1.23,116.3427
2017-02-14,2.47,0.46,,1.22,116.3949
2017-02-15,2.51,0.45,,1.24,116.2162
2017-02-16,2.45,0.43,,1.23,116.0067
2017-02-17,2.42,0.41,,1.21,116.4035
2017-02-20,,,,,
2017-02-21,2.43,0.4,,1.21,116.5921
2017-02-22,2.42,0.38,,1.2,116.2136
2017-02-23,2.38,0.35,,1.2,115.6527
2017-02-24,2.31,0.31,,1.19,115.8143
2017-02-27,2.36,0.35,,1.16,115.6764
2017-02-28,2.36,0.34,,1.14,116.0032
2017-03-01,2.46,0.43,243.892,1.17,116.438
2017-03-02,2.49,0.48,,1.17,116.8429
2017-03-03,2.49,0.45,,1.17,116.6438
2017-03-06,2.49,0.48,,1.18,116.4313
2017-03-07,2.52,0.49,,1.2,116.4303
2017-03-08,2.57,0.56,,1.21,116.875
2017-03-09,2.6,0.6,,1.23,116.9959
2017-03-10,2.58,0.57,,1.22,116.616
2017-03-13,2.62,0.61,,1.22,116.4004
2017-03-14,2.6,0.61,,1.2,116.5646
2017-03-15,2.51,0.5,,1.18,116.3584
2017-03-16,2.53,0.51,,1.18,115.4456
2017-03-17,2.5,0.49,,1.17,115.2783
2017-03-20,2.47,0.47,,1.17,115.0426
2017-03-21,2.43,0.45,,1.16,114.8119
2017-03-22,2.4,0.43,,1.13,114.7937
2017-03-23,2.41,0.46,,1.15,114.7899
2017-03-24,2.4,0.42,,1.14,114.6372
2017-03-27,2.38,0.41,,1.11,114.2347
2017-03-28,2.42,0.45,,1.12,114.419
2017-03-29,2.39,0.41,,1.13,114.7167
2017-03-30,2.42,0.46,,1.14,114.5245
2017-03-31,2.4,0.43,,1.13,114.7938
2017-04-01,,,244.193,,
2017-04-03,2.35,0.39,,1.11,114.8734
2017-04-04,2.36,0.4,,1.11,115.0038
2017-04-05,2.34,0.37,,1.1,114.9494
2017-04-06,2.34,0.39,,1.1,115.0181
2017-04-07,2.38,0.44,,1.09,115.0547
2017-04-10,2.37,0.44,,1.08,115.11
2017-04-11,2.32,0.41,,1.08,115.009
2017-04-12,2.28,0.38,,1.04,114.9162
2017-04-13,2.24,0.32,,1.03,114.5059
2017-04-14,,,,,114.5368
2017-04-17,2.26,0.38,,1.05,114.3283
2017-04-18,2.18,0.33,,1.0,114.2575
2017-04-19,2.21,0.36,,1.02,114.7923
2017-04-20,2.24,0.39,,1.03,114.6205
2017-04-21,2.24,0.4,,1.04,114.8128
2017-04-24,2.28,0.41,,1.03,114.3659
2017-04-25,2.35,0.44,,1.06,114.5111
2017-04-26,2.32,0.42,,1.04,114.9479
2017-04-27,2.3,0.39,,1.05,114.9946
2017-04-28,2.29,0.37,,1.01,114.7877
2017-05-01,2.33,0.41,244.004,1.05,114.5921
2017-05-02,2.29,0.41,,1.02,114.6792
2017-05-03,2.33,0.46,,1.03,114.6637
2017-05-04,2.36,0.5,,1.04,114.9076
2017-05-05,2.36,0.5,,1.04,114.7725
2017-05-08,2.39,0.53,,1.06,115.0895
2017-05-09,2.42,0.56,,1.05,115.3933
2017-05-10,2.41,0.56,,1.06,115.1145
2017-05-11,2.39,0.51,,1.04,115.0669
2017-05-12,2.33,0.49,,1.04,114.7479
2017-05-15,2.34,0.52,,1.03,114.3504
2017-05-16,2.33,0.51,,1.04,113.9923
2017-05-17,2.22,0.44,,0.96,113.7506
2017-05-18,2.23,0.43,,0.96,114.2683
2017-05-19,2.23,0.41,,0.95,113.7001
2017-05-22,2.25,0.43,,0.96,113.5442
2017-05-23,2.29,0.46,,0.98,113.6862
2017-05-24,2.26,0.45,,0.97,113.675
2017-05-25,2.25,0.45,,0.95,113.3719
2017-05-26,2.25,0.44,,0.95,113.4839
2017-05-29,,,,,
2017-05-30,2.21,0.4,,0.93,113.5552
2017-05-31,2.21,0.4,,0.93,113.2956
2017-06-01,2.21,0.4,244.163,0.93,113.3017
2017-06-02,2.15,0.36,,0.87,113.1908
2017-06-05,2.18,0.39,,0.86,112.9755
2017-06-06,2.14,0.37,,0.84,112.7095
2017-06-07,2.18,0.4,,0.86,112.8191
2017-06-08,2.19,0.41,,0.86,112.8351
2017-06-09,2.21,0.43,,0.86,112.9562
2017-06-12,2.21,0.46,,0.86,112.9837
2017-06-13,2.21,0.46,,0.83,112.6271
2017-06-14,2.15,0.44,,0.8,112.0734
2017-06-15,2.16,0.49,,0.81,112.8708
2017-06-16,2.16,0.49,,0.84,112.6155
2017-06-19,2.19,0.52,,0.83,112.7576
2017-06-20,2.16,0.5,,0.8,113.2698
2017-06-21,2.16,0.5,,0.8,113.3327
2017-06-22,2.15,0.46,,0.81,113.1654
2017-06-23,2.15,0.45,,0.81,112.8665
2017-06-26,2.14,0.43,,0.78,112.7633
2017-06-27,2.21,0.5,,0.83,112.55
2017-06-28,2.22,0.49,,0.88,112.0747
2017-06-29,2.27,0.55,,0.89,111.998
2017-06-30,2.31,0.58,,0.93,111.9896
2017-07-01,,,244.243,,
2017-07-03,2.35,0.6,,0.94,112.4268
2017-07-04,,,,,
2017-07-05,2.33,0.58,,0.92,112.6534
2017-07-06,2.37,0.61,,0.97,112.4199
2017-07-07,2.39,0.66,,0.99,112.3137
2017-07-10,2.38,0.66,,0.98,112.1587
2017-07-11,2.37,0.62,,1.0,112.1434
2017-07-12,2.33,0.57,,0.98,111.5904
2017-07-13,2.35,0.58,,0.98,111.5365
2017-07-14,2.33,0.57,,0.98,110.9075
2017-07-17,2.31,0.54,,0.95,110.9304
2017-07-18,2.27,0.51,,0.91,110.4356
2017-07-19,2.27,0.51,,0.9,110.4339
2017-07-20,2.27,0.5,,0.9,110.2512
2017-07-21,2.24,0.48,,0.88,110.191
2017-07-24,2.26,0.48,,0.89,110.2004
2017-07-25,2.33,0.52,,0.93,110.2835
2017-07-26,2.29,0.49,,0.93,110.3811
2017-07-27,2.32,0.49,,0.96,110.216
2017-07-28,2.3,0.47,,0.96,109.92
2017-07-31,2.3,0.48,,0.96,109.8177
2017-08-01,2.26,0.47,245.183,0.92,109.8495
2017-08-02,2.27,0.48,,0.91,109.7503
2017-08-03,2.24,0.46,,0.9,109.8332
2017-08-04,2.27,0.47,,0.91,110.2808
2017-08-07,2.26,0.46,,0.9,110.373
2017-08-08,2.29,0.46,,0.93,110.396
2017-08-09,2.24,0.42,,0.91,110.3671
2017-08-10,2.2,0.4,,0.87,110.1886
2017-08-11,2.19,0.4,,0.89,110.0422
2017-08-14,2.22,0.45,,0.89,110.095
2017-08-15,2.27,0.49,,0.92,110.4846
2017-08-16,2.23,0.45,,0.9,110.4394
2017-08-17,2.19,0.42,,0.87,110.1673
2017-08-18,2.19,0.43,,0.86,110.041
2017-08-21,2.18,0.43,,0.86,109.7349
2017-08-22,2.22,0.45,,0.89,109.8386
2017-08-23,2.17,0.42,,0.85,109.8095
2017-08-24,2.19,0.44,,0.86,109.7524
2017-08-25,2.17,0.42,,0.82,109.3415
2017-08-28,2.16,0.41,,0.83,109.1815
2017-08-29,2.13,0.39,,0.8,109.0946
2017-08-30,2.15,0.39,,0.82,109.4052
2017-08-31,2.12,0.36,,0.79,109.3686
2017-09-01,2.16,0.37,246.435,0.81,109.0504
2017-09-04,,,,,
2017-09-05,2.07,0.3,,0.77,108.8664
2017-09-06,2.1,0.32,,0.8,108.4897
2017-09-07,2.05,0.26,,0.78,107.9224
2017-09-08,2.06,0.25,,0.79,107.808
2017-09-11,2.14,0.31,,0.82,108.153
2017-09-12,2.17,0.33,,0.84,108.3239
2017-09-13,2.2,0.35,,0.85,108.6628
2017-09-14,2.2,0.35,,0.83,108.618
2017-09-15,2.2,0.35,,0.81,108.3147
2017-09-18,2.23,0.36,,0.83,108.6401
2017-09-19,2.24,0.37,,0.84,108.6142
2017-09-20,2.28,0.43,,0.83,108.4329
2017-09-21,2.27,0.44,,0.82,108.9267
2017-09-22,2.26,0.42,,0.8,108.7542
2017-09-25,2.22,0.38,,0.78,109.3302
2017-09-26,2.24,0.4,,0.79,109.7769
2017-09-27,2.31,0.44,,0.84,110.0722
2017-09-28,2.31,0.44,,0.86,110.2415
2017-09-29,2.33,0.49,,0.86,110.0867
2017-10-01,,,246.626,,
2017-10-02,2.34,0.51,,0.85,110.3686
2017-10-03,2.33,0.49,,0.86,110.3281
2017-10-04,2.33,0.48,,0.86,110.2425
2017-10-05,2.35,0.49,,0.86,110.5823
2017-10-06,2.37,0.5,,0.83,110.7841
2017-10-09,,,,,
2017-10-10,2.35,0.47,,0.84,110.3034
2017-10-11,2.35,0.46,,0.84,110.3037
2017-10-12,2.33,0.44,,0.82,110.3152
2017-10-13,2.28,0.43,,0.77,110.2669
2017-10-16,2.3,0.46,,0.76,110.5432
2017-10-17,2.3,0.48,,0.76,110.9141
2017-10-18,2.34,0.5,,0.75,110.7214
2017-10-19,2.33,0.49,,0.75,110.4577
2017-10-20,2.39,0.52,,0.79,111.0375
2017-10-23,2.38,0.52,,0.8,111.2134
2017-10-24,2.42,0.55,,0.82,111.4027
2017-10-25,2.44,0.56,,0.83,111.3904
2017-10-26,2.46,0.57,,0.83,111.6418
2017-10-27,2.42,0.54,,0.83,112.1495
2017-10-30,2.37,0.5,,0.79,111.901
2017-10-31,2.38,0.5,,0.78,111.8052
2017-11-01,2.37,0.49,247.284,0.76,111.7942
2017-11-02,2.35,0.48,,0.74,111.5474
2017-11-03,2.34,0.48,,0.71,111.9383
2017-11-06,2.32,0.46,,0.71,111.7197
2017-11-07,2.32,0.44,,0.69,111.9446
2017-11-08,2.32,0.45,,0.67,111.6935
2017-11-09,2.33,0.46,,0.7,111.5626
2017-11-10,2.4,0.52,,0.73,
2017-11-13,2.4,0.52,,0.7,111.7833
2017-11-14,2.38,0.51,,0.7,111.5097
2017-11-15,2.33,0.48,,0.65,111.4809
2017-11-16,2.37,0.53,,0.65,111.2568
2017-11-17,2.35,0.49,,0.62,111.0016
2017-11-20,2.37,0.52,,0.6,111.2599
2017-11-21,2.36,0.52,,0.59,110.9828
2017-11-22,2.32,0.48,,0.58,110.5632
2017-11-23,,,,,
2017-11-24,2.34,0.5,,0.59,110.0253
2017-11-27,2.32,0.49,,0.58,110.1136
2017-11-28,2.34,0.5,,0.59,110.3018
2017-11-29,2.37,0.53,,0.59,110.3265
2017-11-30,2.42,0.56,,0.64,110.4648
2017-12-01,2.37,0.51,247.805,0.59,110.1413
2017-12-04,2.37,0.5,,0.57,110.397
2017-12-05,2.36,0.5,,0.53,110.4905
2017-12-06,2.33,0.47,,0.55,110.8711
2017-12-07,2.37,0.5,,0.57,111.0178
2017-12-08,2.38,0.5,,0.58,111.2273
2017-12-11,2.39,0.51,,0.57,111.0827
2017-12-12,2.4,0.51,,0.57,111.5214
2017-12-13,2.36,0.48,,0.57,111.2759
2017-12-14,2.35,0.48,,0.53,111.0893
2017-12-15,2.35,0.47,,0.51,111.1286
2017-12-18,2.39,0.5,,0.55,110.9086
2017-12-19,2.46,0.55,,0.59,111.1255
2017-12-20,2.49,0.57,,0.62,110.8361
2017-12-21,2.48,0.55,,0.59,110.8786
2017-12-22,2.48,0.54,,0.57,111.0997
2017-12-25,,,,,
2017-12-26,2.47,0.53,,0.55,110.9758
2017-12-27,2.42,0.48,,0.53,110.8553
2017-12-28,2.43,0.47,,0.52,110.5154
2017-12-29,2.4,0.44,,0.51,110.0783
2018-01-01,,,248.859,,
2018-01-02,2.46,0.46,,0.54,109.6445
2018-01-03,2.44,0.46,,0.5,109.6751
2018-01-04,2.46,0.45,,0.5,109.4777
2018-01-05,2.47,0.46,,0.51,109.3496
2018-01-08,2.49,0.47,,0.53,109.5681
2018-01-09,2.55,0.52,,0.57,109.9025
2018-01-10,2.55,0.52,,0.57,109.628
2018-01-11,2.54,0.54,,0.56,109.4888
2018-01-12,2.55,0.54,,0.56,108.901
2018-01-15,,,,,
2018-01-16,2.54,0.51,,0.51,108.3218
2018-01-17,2.57,0.53,,0.52,108.1526
2018-01-18,2.62,0.57,,0.57,108.0655
2018-01-19,2.64,0.58,,0.58,107.9455
2018-01-22,2.66,0.6,,0.58,108.107
2018-01-23,2.63,0.57,,0.57,107.9979
2018-01-24,2.65,0.58,,0.57,107.0802
2018-01-25,2.63,0.56,,0.55,106.5052
2018-01-26,2.66,0.57,,0.53,106.6911
2018-01-29,2.7,0.61,,0.59,107.1142
2018-01-30,2.73,0.63,,0.6,107.1064
2018-01-31,2.72,0.61,,0.58,106.7696
2018-02-01,2.78,0.67,249.529,0.62,106.4877
2018-02-02,2.84,0.7,,0.69,107.1151
2018-02-05,2.77,0.67,,0.69,107.33
2018-02-06,2.79,0.69,,0.69,107.5204
2018-02-07,2.84,0.74,,0.69,107.7175
2018-02-08,2.85,0.76,,0.72,108.3025
2018-02-09,2.83,0.78,,0.78,108.2582
2018-02-12,2.86,0.79,,0.77,108.0332
2018-02-13,2.83,0.78,,0.73,107.7574
2018-02-14,2.91,0.82,,0.74,107.4691
2018-02-15,2.9,0.79,,0.71,106.9867
2018-02-16,2.87,0.78,,0.66,107.0359
2018-02-19,,,,,
2018-02-20,2.88,0.78,,0.63,107.6249
2018-02-21,2.94,0.82,,0.68,107.8679
2018-02-22,2.92,0.81,,0.67,107.8668
2018-02-23,2.88,0.76,,0.63,107.6804
2018-02-26,2.86,0.73,,0.64,107.7347
2018-02-27,2.9,0.77,,0.63,108.1731
2018-02-28,2.87,0.75,,0.62,108.3903
2018-03-01,2.81,0.71,249.577,0.59,108.5358
2018-03-02,2.86,0.74,,0.61,
2018-03-05,2.88,0.75,,0.64,108.3614
2018-03-06,2.88,0.76,,0.63,107.7969
2018-03-07,2.89,0.76,,0.64,108.0911
2018-03-08,2.86,0.75,,0.61,108.2671
2018-03-09,2.9,0.78,,0.63,107.923
2018-03-12,2.87,0.77,,0.6,107.9438
2018-03-13,2.84,0.75,,0.58,107.7384
2018-03-14,2.81,0.74,,0.55,107.8623
2018-03-15,2.82,0.74,,0.53,108.2032
2018-03-16,2.85,0.77,,0.54,108.4332
2018-03-19,2.85,0.77,,0.54,108.3145
2018-03-20,2.89,0.81,,0.55,108.4953
2018-03-21,2.89,0.8,,0.58,
2018-03-22,2.83,0.75,,0.54,107.9935
2018-03-23,2.82,0.75,,0.54,107.7495
2018-03-26,2.85,0.77,,0.52,107.1819
2018-03-27,2.78,0.71,,0.52,107.3359
2018-03-28,2.77,0.72,,0.49,107.5733
2018-03-29,2.74,0.69,,0.47,107.665
2018-03-30,,,,,107.4784
2018-04-01,,,250.227,,
2018-04-02,2.73,0.68,,0.48,107.7033
2018-04-03,2.79,0.71,,0.51,107.5624
2018-04-04,2.79,0.71,,0.51,107.6361
2018-04-05,2.83,0.75,,0.53,107.7281
2018-04-06,2.77,0.7,,0.5,107.7886
2018-04-09,2.78,0.71,,0.49,107.5316
2018-04-10,2.8,0.72,,0.48,107.3659
2018-04-11,2.79,0.68,,0.47,107.1224
2018-04-12,2.83,0.7,,0.49,107.2905
2018-04-13,2.82,0.69,,0.45,107.2368
2018-04-16,2.83,0.71,,0.44,107.0595
2018-04-17,2.82,0.68,,0.41,107.0344
2018-04-18,2.87,0.71,,0.45,107.1096
2018-04-19,2.92,0.75,,0.48,107.5197
2018-04-20,2.96,0.79,,0.5,108.1787
2018-04-23,2.98,0.8,,0.49,108.9332
2018-04-24,3.0,0.83,,0.52,108.7906
2018-04-25,3.03,0.86,,0.54,109.3447
2018-04-26,3.0,0.82,,0.51,109.3646
2018-04-27,2.96,0.79,,0.47,109.1735
2018-04-30,2.95,0.78,,0.46,109.3363
2018-05-01,2.97,0.81,250.792,0.47,109.7445
2018-05-02,2.97,0.8,,0.48,110.1625
2018-05-03,2.94,0.78,,0.45,110.1803
2018-05-04,2.95,0.79,,0.44,110.25
2018-05-07,2.95,0.78,,0.46,110.5721
2018-05-08,2.97,0.81,,0.46,111.063
2018-05-09,3.0,0.82,,0.46,110.8818
2018-05-10,2.97,0.8,,0.43,110.405
2018-05-11,2.97,0.82,,0.43,110.2847
2018-05-14,3.0,0.85,,0.45,110.408
2018-05-15,3.08,0.9,,0.5,111.2292
2018-05-16,3.09,0.92,,0.51,111.3068
2018-05-17,3.11,0.95,,0.54,111.3547
2018-05-18,3.06,0.91,,0.51,111.7171
2018-05-21,3.06,0.9,,0.48,111.6394
2018-05-22,3.06,0.91,,0.47,111.1945
2018-05-23,3.01,0.87,,0.48,111.6933
2018-05-24,2.98,0.86,,0.48,111.4885
2018-05-25,2.93,0.84,,0.45,111.5843
2018-05-28,,,,,
2018-05-29,2.77,0.73,,0.45,112.2127
2018-05-30,2.84,0.78,,0.42,111.6731
2018-05-31,2.83,0.76,,0.43,111.9894
2018-06-01,2.89,0.8,251.018,0.42,111.8265
2018-06-04,2.94,0.82,,0.42,111.8247
2018-06-05,2.92,0.79,,0.43,112.264
2018-06-06,2.97,0.83,,0.45,111.7525
2018-06-07,2.93,0.8,,0.43,112.0725
2018-06-08,2.93,0.82,,0.43,112.1066
2018-06-11,2.96,0.83,,0.44,112.1106
2018-06-12,2.96,0.83,,0.42,112.2138
2018-06-13,2.98,0.86,,0.39,112.2577
2018-06-14,2.94,0.82,,0.35,112.8593
2018-06-15,2.93,0.81,,0.38,113.3379
2018-06-18,2.92,0.8,,0.36,113.4899
2018-06-19,2.89,0.77,,0.35,113.639
2018-06-20,2.93,0.81,,0.37,113.4784
2018-06-21,2.9,0.79,,0.34,113.6109
2018-06-22,2.9,0.78,,0.34,113.3047
2018-06-25,2.87,0.77,,0.33,113.286
2018-06-26,2.88,0.76,,0.35,113.3016
2018-06-27,2.83,0.72,,0.31,113.8971
2018-06-28,2.84,0.74,,0.32,113.8405
2018-06-29,2.85,0.74,,0.33,113.2586
2018-07-01,,,251.214,,
2018-07-02,2.87,0.73,,0.3,114.1673
2018-07-03,2.83,0.71,,0.3,113.3222
2018-07-04,,,,,
2018-07-05,2.84,0.71,,0.29,112.9759
2018-07-06,2.82,0.7,,0.29,112.6428
2018-07-09,2.86,0.73,,0.29,112.6425
2018-07-10,2.87,0.74,,0.28,112.5794
2018-07-11,2.85,0.74,,0.27,112.8582
2018-07-12,2.85,0.75,,0.25,112.779
2018-07-13,2.83,0.72,,0.24,113.0705
2018-07-16,2.85,0.75,,0.26,112.8437
2018-07-17,2.86,0.77,,0.24,113.1504
2018-07-18,2.88,0.79,,0.28,113.3348
2018-07-19,2.84,0.75,,0.24,113.9463
2018-07-20,2.89,0.78,,0.29,113.3213
2018-07-23,2.96,0.85,,0.32,113.4246
2018-07-24,2.95,0.84,,0.32,113.2045
2018-07-25,2.94,0.81,,0.28,112.9221
2018-07-26,2.98,0.87,,0.29,112.9179
2018-07-27,2.96,0.84,,0.29,112.8125
2018-07-30,2.98,0.85,,0.32,112.6044
2018-07-31,2.96,0.84,,0.29,112.7299
2018-08-01,3.0,0.87,251.663,0.33,112.8899
2018-08-02,2.98,0.86,,0.32,113.1679
2018-08-03,2.95,0.83,,0.32,113.012
2018-08-06,2.94,0.83,,0.3,113.229
2018-08-07,2.98,0.85,,0.3,112.9759
2018-08-08,2.96,0.85,,0.28,113.1411
2018-08-09,2.93,0.82,,0.29,113.3806
2018-08-10,2.87,0.78,,0.26,114.3005
2018-08-13,2.88,0.78,,0.27,114.851
2018-08-14,2.89,0.8,,0.26,114.658
2018-08-15,2.86,0.78,,0.25,115.1526
2018-08-16,2.87,0.79,,0.24,114.6416
2018-08-17,2.87,0.79,,0.26,114.5339
2018-08-20,2.82,0.75,,0.22,114.3504
2018-08-21,2.85,0.77,,0.24,113.8604
2018-08-22,2.82,0.74,,0.22,113.663
2018-08-23,2.82,0.73,,0.21,114.0932
2018-08-24,2.82,0.73,,0.19,113.5985
2018-08-27,2.85,0.74,,0.18,113.2721
2018-08-28,2.88,0.77,,0.21,113.3444
2018-08-29,2.89,0.77,,0.22,113.6461
2018-08-30,2.86,0.76,,0.22,114.0899
2018-08-31,2.86,0.78,,0.24,114.2755
2018-09-01,,,252.182,,
2018-09-03,,,,,
2018-09-04,2.9,0.8,,0.24,114.8584
2018-09-05,2.9,0.81,,0.24,114.7477
2018-09-06,2.88,0.8,,0.24,114.6479
2018-09-07,2.94,0.84,,0.23,114.5816
2018-09-10,2.94,0.84,,0.21,114.6802
2018-09-11,2.98,0.86,,0.22,114.7051
2018-09-12,2.97,0.85,,0.23,114.2192
2018-09-13,2.97,0.87,,0.21,113.9268
2018-09-14,2.99,0.89,,0.21,114.0657
2018-09-17,2.99,0.89,,0.21,113.9158
2018-09-18,3.05,0.92,,0.24,113.7739
2018-09-19,3.08,0.93,,0.27,113.6532
2018-09-20,3.07,0.92,,0.26,113.4989
2018-09-21,3.07,0.92,,0.26,113.5099
2018-09-24,3.08,0.92,,0.25,113.5301
2018-09-25,3.1,0.94,,0.27,113.7202
2018-09-26,3.06,0.92,,0.23,113.6739
2018-09-27,3.06,0.91,,0.23,113.9784
2018-09-28,3.05,0.91,,0.24,113.8077
2018-10-01,3.09,0.95,252.772,0.27,113.8235
2018-10-02,3.05,0.93,,0.23,113.8954
2018-10-03,3.15,0.99,,0.3,114.1569
2018-10-04,3.19,1.03,,0.32,114.6867
2018-10-05,3.23,1.07,,0.35,114.561
2018-10-08,,,,,
2018-10-09,3.21,1.04,,0.33,114.6583
2018-10-10,3.22,1.06,,0.34,114.6072
2018-10-11,3.14,1.02,,0.29,114.4074
2018-10-12,3.15,1.03,,0.3,114.3691
2018-10-15,3.16,1.03,,0.31,114.045
2018-10-16,3.16,1.03,,0.29,113.8963
2018-10-17,3.19,1.06,,0.3,114.1755
2018-10-18,3.17,1.07,,0.3,114.8164
2018-10-19,3.2,1.09,,0.28,114.8567
2018-10-22,3.2,1.09,,0.28,115.1782
2018-10-23,3.17,1.08,,0.28,115.1651
2018-10-24,3.1,1.03,,0.26,115.3755
2018-10-25,3.14,1.09,,0.28,115.4831
2018-10-26,3.08,1.02,,0.27,115.473
2018-10-29,3.08,1.02,,0.27,115.8936
2018-10-30,3.12,1.07,,0.28,116.2357
2018-10-31,3.15,1.1,,0.28,116.5281
2018-11-01,3.14,1.12,252.594,0.3,115.8657
2018-11-02,3.22,1.16,,0.31,115.643
2018-11-05,3.2,1.14,,0.29,115.703
2018-11-06,3.22,1.15,,0.29,115.5622
2018-11-07,3.22,1.15,,0.26,115.2519
2018-11-08,3.24,1.17,,0.26,115.6478
2018-11-09,3.19,1.15,,0.25,116.4778
2018-11-12,,,,,
2018-11-13,3.14,1.12,,0.25,116.6694
2018-11-14,3.12,1.12,,0.26,116.498
2018-11-15,3.11,1.11,,0.25,116.3861
2018-11-16,3.08,1.06,,0.27,115.9258
2018-11-19,3.06,1.07,,0.27,115.9859
2018-11-20,3.06,1.09,,0.27,116.2367
2018-11-21,3.06,1.09,,0.25,116.092
2018-11-22,,,,,
2018-11-23,3.05,1.09,,0.24,116.4713
2018-11-26,3.07,1.11,,0.23,116.6208
2018-11-27,3.06,1.15,,0.23,116.9001
2018-11-28,3.06,1.12,,0.25,116.8343
2018-11-29,3.03,1.05,,0.22,116.1961
2018-11-30,3.01,1.04,,0.21,116.413
2018-12-01,,,252.767,,
2018-12-03,2.98,1.02,,0.15,115.9057
2018-12-04,2.91,0.97,,0.11,116.0028
2018-12-05,,,,,
2018-12-06,2.87,0.97,,0.12,116.3991
2018-12-07,2.85,0.96,,0.13,116.0847
2018-12-10,2.85,0.99,,0.13,116.6746
2018-12-11,2.89,1.06,,0.11,116.7564
2018-12-12,2.91,1.08,,0.14,116.2214
2018-12-13,2.91,1.08,,0.16,116.3974
2018-12-14,2.89,1.07,,0.16,116.79
2018-12-17,2.86,1.05,,0.16,116.4532
2018-12-18,2.82,1.01,,0.17,116.4127
2018-12-19,2.77,0.97,,0.14,116.0676
2018-12-20,2.79,1.03,,0.12,116.0183
2018-12-21,2.79,1.02,,0.16,116.2227
2018-12-24,2.74,0.99,,0.19,116.2182
2018-12-25,,,,,
2018-12-26,2.81,1.04,,0.2,116.1162
2018-12-27,2.77,1.03,,0.21,115.9927
2018-12-28,2.72,0.99,,0.2,115.7232
2018-12-31,2.69,0.98,,0.21,115.5674
2019-01-01,,,252.561,,
2019-01-02,2.66,0.96,,0.16,115.7689
2019-01-03,2.56,0.88,,0.17,115.4622
2019-01-04,2.67,0.91,,0.17,114.9821
2019-01-07,2.7,0.92,,0.17,114.5628
2019-01-08,2.73,0.91,,0.15,114.7281
2019-01-09,2.74,0.91,,0.18,114.1406
2019-01-10,2.74,0.93,,0.18,114.0496
2019-01-11,2.71,0.88,,0.16,114.0404
2019-01-14,2.71,0.9,,0.18,
2019-01-15,2.72,0.91,,0.19,114.3402
2019-01-16,2.73,0.91,,0.18,114.137
2019-01-17,2.75,0.96,,0.19,114.4115
2019-01-18,2.79,0.96,,0.17,114.558
2019-01-21,,,,,
2019-01-22,2.74,0.95,,0.16,114.7541
2019-01-23,2.76,0.96,,0.18,114.5759
2019-01-24,2.72,0.95,,0.16,114.617
2019-01-25,2.76,0.97,,0.16,114.0197
2019-01-28,2.75,0.97,,0.15,114.0522
2019-01-29,2.72,0.94,,0.16,114.026
2019-01-30,2.7,0.86,,0.18,114.0731
2019-01-31,2.63,0.78,,0.18,113.5504
2019-02-01,2.7,0.82,253.319,0.18,113.7548
2019-02-04,2.73,0.86,,0.2,113.8766
2019-02-05,2.71,0.84,,0.18,114.0431
2019-02-06,2.7,0.84,,0.18,114.2305
2019-02-07,2.65,0.81,,0.17,114.4339
2019-02-08,2.63,0.81,,0.18,114.5003
2019-02-11,2.65,0.83,,0.17,115.031
2019-02-12,2.68,0.85,,0.18,114.7297
2019-02-13,2.71,0.85,,0.18,114.9407
2019-02-14,2.66,0.81,,0.16,115.1007
2019-02-15,2.66,0.8,,0.14,114.9923
2019-02-18,,,,,
2019-02-19,2.65,0.78,,0.15,114.57
2019-02-20,2.65,0.76,,0.15,
2019-02-21,2.69,0.78,,0.16,114.5091
2019-02-22,2.65,0.74,,0.17,114.2716
2019-02-25,2.67,0.75,,0.16,114.1457
2019-02-26,2.64,0.72,,0.16,114.0687
2019-02-27,2.69,0.76,,0.19,114.0363
2019-02-28,2.73,0.78,,0.21,114.1991
2019-03-01,2.76,0.8,254.277,0.21,114.537
2019-03-04,2.72,0.78,,0.17,114.6925
2019-03-05,2.72,0.79,,0.17,114.804
2019-03-06,2.69,0.78,,0.17,114.9714
2019-03-07,2.64,0.74,,0.17,115.4919
2019-03-08,2.62,0.72,,0.17,115.3599
2019-03-11,2.64,0.73,,0.17,115.2967
2019-03-12,2.61,0.71,,0.16,114.939
2019-03-13,2.61,0.69,,0.16,114.7372
2019-03-14,2.63,0.69,,0.17,114.79
2019-03-15,2.59,0.65,,0.16,114.5815
2019-03-18,2.6,0.64,,0.15,114.4375
2019-03-19,2.61,0.66,,0.15,114.2324
2019-03-20,2.54,0.58,,0.14,114.1509
2019-03-21,2.54,0.58,,0.13,114.1684
2019-03-22,2.44,0.54,,0.13,114.6856
2019-03-25,2.43,0.55,,0.17,114.4171
2019-03-26,2.41,0.55,,0.17,114.6414
2019-03-27,2.39,0.55,,0.17,115.1243
2019-03-28,2.39,0.56,,0.16,115.2581
2019-03-29,2.41,0.53,,0.14,115.1371
2019-04-01,2.49,0.59,255.233,0.16,114.9362
2019-04-02,2.48,0.58,,0.18,115.1173
2019-04-03,2.52,0.61,,0.19,114.7211
2019-04-04,2.51,0.61,,0.18,114.9697
2019-04-05,2.5,0.6,,0.15,114.9726
2019-04-08,2.52,0.61,,0.16,114.6893
2019-04-09,2.51,0.6,,0.16,114.5321
2019-04-10,2.48,0.54,,0.17,114.4269
2019-04-11,2.51,0.57,,0.16,114.6303
2019-04-12,2.56,0.61,,0.16,114.3531
2019-04-15,2.55,0.61,,0.15,114.495
2019-04-16,2.6,0.64,,0.19,114.6756
2019-04-17,2.59,0.65,,0.19,114.5141
2019-04-18,2.57,0.62,,0.19,114.7073
2019-04-19,,,,,114.6977
2019-04-22,2.59,0.64,,0.21,114.7694
2019-04-23,2.57,0.62,,0.21,115.1578
2019-04-24,2.53,0.57,,0.21,115.4187
2019-04-25,2.54,0.56,,0.21,115.7709
2019-04-26,2.51,0.54,,0.23,115.4767
2019-04-29,2.54,0.58,,0.24,115.5227
2019-04-30,2.51,0.56,,0.24,115.3281
2019-05-01,2.52,0.59,255.296,0.21,115.0022
2019-05-02,2.55,0.66,,0.2,115.5617
2019-05-03,2.54,0.63,,0.21,115.2646
2019-05-06,2.51,0.6,,0.2,115.3811
2019-05-07,2.45,0.58,,0.17,115.6116
2019-05-08,2.49,0.62,,0.19,115.5171
2019-05-09,2.45,0.6,,0.19,115.8421
2019-05-10,2.47,0.59,,0.21,115.5334
2019-05-13,2.4,0.55,,0.22,115.915
2019-05-14,2.42,0.56,,0.22,115.9425
2019-05-15,2.37,0.54,,0.21,115.8565
2019-05-16,2.4,0.56,,0.2,116.0346
2019-05-17,2.39,0.58,,0.19,116.448
2019-05-20,2.41,0.6,,0.2,116.3119
2019-05-21,2.43,0.6,,0.17,116.2844
2019-05-22,2.39,0.6,,0.16,116.2412
2019-05-23,2.31,0.58,,0.19,116.2368
2019-05-24,2.32,0.56,,0.16,116.0806
2019-05-27,,,,,
2019-05-28,2.26,0.53,,0.14,116.3174
2019-05-29,2.25,0.5,,0.16,116.5535
2019-05-30,2.22,0.48,,0.16,116.3989
2019-05-31,2.14,0.4,,0.19,116.7273
2019-06-01,,,255.213,,
2019-06-03,2.07,0.34,,0.25,116.4764
2019-06-04,2.12,0.38,,0.24,116.091
2019-06-05,2.12,0.37,,0.29,116.03
2019-06-06,2.12,0.39,,0.24,115.9771
2019-06-07,2.09,0.35,,0.24,115.7368
2019-06-10,2.15,0.42,,0.25,115.5001
2019-06-11,2.15,0.43,,0.22,115.3794
2019-06-12,2.13,0.42,,0.25,115.438
2019-06-13,2.1,0.42,,0.27,115.6275
2019-06-14,2.09,0.46,,0.25,115.9057
2019-06-17,2.09,0.48,,0.23,115.9684
2019-06-18,2.06,0.42,,0.2,115.8797
2019-06-19,2.03,0.36,,0.29,115.7889
2019-06-20,2.01,0.27,,0.29,114.8046
2019-06-21,2.07,0.34,,0.3,114.8377
2019-06-24,2.02,0.31,,0.3,114.6559
2019-06-25,2.0,0.33,,0.29,114.6363
2019-06-26,2.05,0.35,,0.28,114.5608
2019-06-27,2.01,0.33,,0.27,114.665
2019-06-28,2.0,0.31,,0.25,114.5821
2019-07-01,2.03,0.34,255.802,0.25,114.7239
2019-07-02,1.98,0.33,,0.21,114.8258
2019-07-03,1.96,0.31,,0.19,114.8135
2019-07-04,,,,,
2019-07-05,2.04,0.35,,0.17,115.1132
2019-07-08,2.05,0.35,,0.17,115.0254
2019-07-09,2.07,0.36,,0.15,115.1017
2019-07-10,2.07,0.33,,0.25,115.0879
2019-07-11,2.13,0.36,,0.28,114.8361
2019-07-12,2.12,0.35,,0.28,114.7685
2019-07-15,2.09,0.32,,0.26,114.6819
2019-07-16,2.13,0.33,,0.26,115.0111
2019-07-17,2.06,0.31,,0.23,114.8819
2019-07-18,2.04,0.25,,0.27,114.8744
2019-07-19,2.05,0.25,,0.25,114.8695
2019-07-22,2.05,0.26,,0.25,115.0018
2019-07-23,2.08,0.27,,0.25,115.2995
2019-07-24,2.05,0.26,,0.22,115.2436
2019-07-25,2.08,0.28,,0.22,115.2982
2019-07-26,2.08,0.3,,0.22,115.5449
2019-07-29,2.06,0.29,,0.21,115.5885
2019-07-30,2.06,0.28,,0.21,115.6211
2019-07-31,2.02,0.26,,0.13,115.4946
2019-08-01,1.9,0.2,256.036,0.17,116.0499
2019-08-02,1.86,0.2,,0.14,116.1864
2019-08-05,1.75,0.15,,0.16,116.5851
2019-08-06,1.73,0.11,,0.13,116.6904
2019-08-07,1.71,0.09,,0.12,116.7987
2019-08-08,1.72,0.07,,0.1,116.474
2019-08-09,1.74,0.08,,0.11,116.4419
2019-08-12,1.65,0.04,,0.07,116.7548
2019-08-13,1.68,0.05,,0.02,116.7267
2019-08-14,1.59,0.02,,0.01,117.0913
2019-08-15,1.52,-0.02,,0.04,117.2239
2019-08-16,1.55,0.01,,0.07,117.0786
2019-08-19,1.6,0.04,,0.07,117.3886
2019-08-20,1.55,0.02,,0.05,117.3726
2019-08-21,1.59,0.05,,0.03,117.1764
2019-08-22,1.62,0.07,,0.01,117.3558
2019-08-23,1.52,-0.02,,0.01,117.3009
2019-08-26,1.54,0.0,,0.0,117.6658
2019-08-27,1.49,-0.06,,-0.04,117.75
2019-08-28,1.47,-0.08,,-0.03,117.8767
2019-08-29,1.5,-0.09,,-0.03,118.0625
2019-08-30,1.5,-0.05,,0.0,118.1575
2019-09-01,,,256.43,,
2019-09-02,,,,,
2019-09-03,1.47,-0.03,,0.0,118.3113
2019-09-04,1.47,-0.04,,0.04,117.6729
2019-09-05,1.57,0.01,,0.02,117.4776
2019-09-06,1.55,0.01,,0.02,117.1292
2019-09-09,1.63,0.06,,0.05,117.0601
2019-09-10,1.72,0.12,,0.05,117.0887
2019-09-11,1.75,0.15,,0.07,117.3125
2019-09-12,1.79,0.16,,0.07,116.8375
2019-09-13,1.9,0.23,,0.11,116.7677
2019-09-16,1.84,0.17,,0.1,117.0251
2019-09-17,1.81,0.15,,0.09,116.9826
2019-09-18,1.8,0.21,,0.03,116.9766
2019-09-19,1.79,0.18,,0.05,117.0861
2019-09-20,1.74,0.13,,0.05,117.1819
2019-09-23,1.72,0.11,,0.04,117.2986
2019-09-24,1.64,0.06,,0.04,117.2227
2019-09-25,1.73,0.13,,0.05,117.6527
2019-09-26,1.7,0.13,,0.04,117.7267
2019-09-27,1.69,0.16,,0.06,117.7218
2019-09-30,1.68,0.15,,0.05,117.9461
2019-10-01,1.65,0.13,257.155,0.09,117.9595
2019-10-02,1.6,0.1,,0.12,117.9671
2019-10-03,1.54,0.06,,0.15,117.6608
2019-10-04,1.52,0.02,,0.12,117.5288
2019-10-07,1.56,0.05,,0.1,117.5533
2019-10-08,1.54,0.06,,0.12,117.7407
2019-10-09,1.59,0.1,,0.12,117.6835
2019-10-10,1.67,0.15,,0.14,117.2801
2019-10-11,1.76,0.2,,0.13,116.8239
2019-10-14,,,,,
2019-10-15,1.77,0.21,,0.16,116.8111
2019-10-16,1.75,0.18,,0.17,116.6425
2019-10-17,1.76,0.17,,0.16,116.2615
2019-10-18,1.76,0.16,,0.18,116.1344
2019-10-21,1.8,0.19,,0.18,116.0436
2019-10-22,1.78,0.17,,0.18,115.9851
2019-10-23,1.77,0.16,,0.19,116.0586
2019-10-24,1.77,0.15,,0.19,116.1278
2019-10-25,1.8,0.15,,0.17,116.0774
2019-10-28,1.85,0.21,,0.21,116.0222
2019-10-29,1.84,0.23,,0.2,115.9797
2019-10-30,1.78,0.21,,0.17,116.1636
2019-10-31,1.69,0.15,,0.17,115.9125
2019-11-01,1.73,0.14,257.879,0.17,115.7312
2019-11-04,1.79,0.15,,0.19,115.8624
2019-11-05,1.86,0.18,,0.23,116.1138
2019-11-06,1.81,0.15,,0.2,116.1004
2019-11-07,1.92,0.23,,0.24,116.1172
2019-11-08,1.94,0.23,,0.26,116.3436
2019-11-11,,,,,
2019-11-12,1.92,0.22,,0.26,116.5837
2019-11-13,1.88,0.22,,0.25,116.8397
2019-11-14,1.82,0.2,,0.24,116.8022
2019-11-15,1.84,0.21,,0.23,116.4401
2019-11-18,1.81,0.18,,0.21,116.3625
2019-11-19,1.79,0.16,,0.19,116.5391
2019-11-20,1.73,0.13,,0.17,116.828
2019-11-21,1.77,0.14,,0.17,116.7435
2019-11-22,1.77,0.15,,0.16,116.9137
2019-11-25,1.76,0.14,,0.15,117.0098
2019-11-26,1.74,0.12,,0.16,117.0513
2019-11-27,1.77,0.14,,0.14,117.1273
2019-11-28,,,,,
2019-11-29,1.78,0.17,,0.17,117.1204
2019-12-01,,,258.63,,
2019-12-02,1.83,0.18,,0.22,116.9647
2019-12-03,1.72,0.09,,0.19,116.8898
2019-12-04,1.77,0.11,,0.19,116.692
2019-12-05,1.8,0.13,,0.22,116.3838
2019-12-06,1.84,0.15,,0.23,116.5381
2019-12-09,1.83,0.14,,0.2,116.3283
2019-12-10,1.85,0.14,,0.2,116.2542
2019-12-11,1.79,0.1,,0.18,116.1478
2019-12-12,1.9,0.18,,0.24,115.8741
2019-12-13,1.82,0.12,,0.21,115.6967
2019-12-16,1.89,0.16,,0.24,115.555
2019-12-17,1.89,0.14,,0.26,115.5553
2019-12-18,1.92,0.16,,0.29,115.6618
2019-12-19,1.92,0.15,,0.3,115.5988
2019-12-20,1.92,0.15,,0.29,115.7598
2019-12-23,1.93,0.18,,0.29,115.8059
2019-12-24,1.9,0.15,,0.28,
2019-12-25,,,,,
2019-12-26,1.9,0.16,,0.26,115.634
2019-12-27,1.88,0.15,,0.29,115.22
2019-12-30,1.9,0.15,,0.32,114.9631
2019-12-31,1.92,0.15,,0.34,114.669
2020-01-01,,,259.127,,
2020-01-02,1.88,0.08,,0.3,114.9745
2020-01-03,1.8,0.03,,0.27,114.9867
2020-01-06,1.81,0.06,,0.27,114.9557
2020-01-07,1.83,0.09,,0.29,115.1477
2020-01-08,1.87,0.12,,0.29,115.1328
2020-01-09,1.85,0.11,,0.27,115.2331
2020-01-10,1.83,0.07,,0.27,115.0677
2020-01-13,1.85,0.08,,0.27,115.0342
2020-01-14,1.82,0.05,,0.24,115.0239
2020-01-15,1.79,0.04,,0.23,114.9528
2020-01-16,1.81,0.07,,0.23,115.0006
2020-01-17,1.84,0.09,,0.26,115.0656
2020-01-20,,,,,
2020-01-21,1.78,0.04,,0.25,115.1876
2020-01-22,1.77,0.05,,0.24,115.2273
2020-01-23,1.74,0.04,,0.23,115.5545
2020-01-24,1.7,0.02,,0.21,115.5556
2020-01-27,1.61,-0.02,,0.17,115.8004
2020-01-28,1.65,0.0,,0.2,115.7239
2020-01-29,1.6,-0.04,,0.18,115.7003
2020-01-30,1.57,-0.07,,0.16,115.8077
2020-01-31,1.51,-0.14,,0.18,115.7345
2020-02-01,,,259.25,,
2020-02-03,1.54,-0.09,,0.18,116.1172
2020-02-04,1.61,-0.03,,0.2,115.9291
2020-02-05,1.66,0.0,,0.22,116.009
2020-02-06,1.65,-0.02,,0.21,116.1518
2020-02-07,1.59,-0.07,,0.18,116.5086
2020-02-10,1.56,-0.1,,0.19,116.5711
2020-02-11,1.59,-0.06,,0.18,116.3585
2020-02-12,1.62,-0.04,,0.18,116.2794
2020-02-13,1.61,-0.06,,0.17,116.3999
2020-02-14,1.59,-0.07,,0.17,116.4223
2020-02-17,,,,,
2020-02-18,1.55,-0.1,,0.14,116.6039
2020-02-19,1.56,-0.09,,0.14,116.7829
2020-02-20,1.52,-0.11,,0.13,117.2454
2020-02-21,1.46,-0.15,,0.12,117.0473
2020-02-24,1.38,-0.21,,0.12,117.4018
2020-02-25,1.33,-0.2,,0.13,117.2425
2020-02-26,1.33,-0.21,,0.17,117.405
2020-02-27,1.3,-0.23,,0.19,117.3678
2020-02-28,1.13,-0.28,,0.27,117.6568
2020-03-01,,,258.076,,
2020-03-02,1.1,-0.31,,0.26,116.8144
2020-03-03,1.02,-0.43,,0.31,116.4958
2020-03-04,1.02,-0.44,,0.35,116.7802
2020-03-05,0.92,-0.48,,0.33,116.7901
2020-03-06,0.74,-0.57,,0.25,116.7106
2020-03-09,0.54,-0.45,,0.16,117.1871
2020-03-10,0.76,-0.24,,0.26,117.9027
2020-03-11,0.82,-0.14,,0.32,118.2505
2020-03-12,0.88,-0.04,,0.38,120.4883
2020-03-13,0.94,0.04,,0.45,120.4388
2020-03-16,0.73,0.0,,0.37,120.9352
2020-03-17,1.02,0.39,,0.55,122.4816
2020-03-18,1.18,0.55,,0.64,124.1623
2020-03-19,1.12,0.62,,0.68,125.0587
2020-03-20,0.92,0.17,,0.55,124.9362
2020-03-23,0.76,-0.04,,0.48,126.1262
2020-03-24,0.84,-0.13,,0.46,125.5001
2020-03-25,0.88,-0.19,,0.54,124.7916
2020-03-26,0.83,-0.24,,0.53,122.4308
2020-03-27,0.72,-0.22,,0.47,122.4007
2020-03-30,0.7,-0.25,,0.47,123.2883
2020-03-31,0.7,-0.17,,0.47,122.5301
2020-04-01,0.62,-0.29,256.032,0.39,123.7933
2020-04-02,0.63,-0.4,,0.4,123.5916
2020-04-03,0.62,-0.46,,0.39,124.4152
2020-04-06,0.67,-0.47,,0.4,124.16
2020-04-07,0.75,-0.42,,0.47,123.0956
2020-04-08,0.77,-0.42,,0.5,123.2216
2020-04-09,0.73,-0.5,,0.5,122.476
2020-04-10,,,,,122.1592
2020-04-13,0.76,-0.5,,0.51,122.5203
2020-04-14,0.76,-0.53,,0.53,122.1121
2020-04-15,0.63,-0.56,,0.43,123.0752
2020-04-16,0.61,-0.42,,0.41,123.4615
2020-04-17,0.65,-0.36,,0.45,122.871
2020-04-20,0.63,-0.31,,0.43,123.1033
2020-04-21,0.58,-0.38,,0.38,123.9116
2020-04-22,0.63,-0.43,,0.41,123.9256
2020-04-23,0.61,-0.44,,0.39,123.7542
2020-04-24,0.6,-0.51,,0.38,124.1615
2020-04-27,0.67,-0.5,,0.43,123.8843
2020-04-28,0.62,-0.52,,0.42,123.3693
2020-04-29,0.63,-0.51,,0.43,122.7782
2020-04-30,0.64,-0.43,,0.44,122.327
2020-05-01,0.64,-0.42,255.802,0.44,123.1492
2020-05-04,0.64,-0.43,,0.45,123.2117
2020-05-05,0.66,-0.44,,0.47,122.803
2020-05-06,0.72,-0.38,,0.55,123.609
2020-05-07,0.63,-0.45,,0.5,123.1249
2020-05-08,0.69,-0.43,,0.53,122.5379
2020-05-11,0.73,-0.4,,0.56,123.2333
2020-05-12,0.69,-0.4,,0.52,123.0592
2020-05-13,0.64,-0.43,,0.48,123.5408
2020-05-14,0.63,-0.43,,0.47,123.6429
2020-05-15,0.64,-0.45,,0.48,123.5991
2020-05-18,0.73,-0.44,,0.55,122.7968
2020-05-19,0.7,-0.45,,0.53,122.5655
2020-05-20,0.68,-0.48,,0.52,122.1007
2020-05-21,0.68,-0.46,,0.51,122.0914
2020-05-22,0.66,-0.46,,0.49,122.3211
2020-05-25,,,,,
2020-05-26,0.69,-0.44,,0.51,121.3864
2020-05-27,0.68,-0.46,,0.49,121.5677
2020-05-28,0.7,-0.48,,0.53,121.0138
2020-05-29,0.65,-0.5,,0.49,120.9458
2020-06-01,0.66,-0.52,257.042,0.52,120.2686
2020-06-02,0.68,-0.5,,0.51,119.6854
2020-06-03,0.77,-0.44,,0.58,119.2556
2020-06-04,0.82,-0.4,,0.63,119.3014
2020-06-05,0.91,-0.36,,0.69,118.8138
2020-06-08,0.88,-0.4,,0.66,118.6621
2020-06-09,0.84,-0.42,,0.64,118.5893
2020-06-10,0.75,-0.52,,0.58,118.5231
2020-06-11,0.66,-0.55,,0.47,119.2347
2020-06-12,0.71,-0.5,,0.52,119.6645
2020-06-15,0.71,-0.52,,0.52,119.9539
2020-06-16,0.75,-0.52,,0.54,119.567
2020-06-17,0.74,-0.52,,0.55,119.9105
2020-06-18,0.71,-0.57,,0.52,120.2173
2020-06-19,0.7,-0.6,,0.51,120.2186
2020-06-22,0.71,-0.63,,0.52,119.7532
2020-06-23,0.72,-0.66,,0.54,119.3285
2020-06-24,0.69,-0.64,,0.5,119.9744
2020-06-25,0.68,-0.65,,0.51,120.2997
2020-06-26,0.64,-0.68,,0.47,120.533
2020-06-29,0.64,-0.7,,0.48,120.6658
2020-06-30,0.66,-0.68,,0.5,120.4649
2020-07-01,0.69,-0.68,258.352,0.52,120.0808
2020-07-02,0.68,-0.73,,0.52,119.8555
2020-07-03,,,,,
2020-07-06,0.69,-0.76,,0.53,119.2852
2020-07-07,0.65,-0.78,,0.49,119.5717
2020-07-08,0.67,-0.75,,0.51,119.5525
2020-07-09,0.62,-0.77,,0.46,119.5129
2020-07-10,0.65,-0.76,,0.49,119.3509
2020-07-13,0.64,-0.78,,0.48,119.1891
2020-07-14,0.63,-0.78,,0.49,119.3901
2020-07-15,0.64,-0.77,,0.48,119.0331
2020-07-16,0.62,-0.79,,0.46,118.9275
2020-07-17,0.64,-0.82,,0.5,119.124
2020-07-20,0.62,-0.84,,0.46,119.0483
2020-07-21,0.61,-0.87,,0.47,118.4042
2020-07-22,0.6,-0.88,,0.46,118.1337
2020-07-23,0.59,-0.9,,0.43,118.0613
2020-07-24,0.59,-0.92,,0.45,118.1329
2020-07-27,0.62,-0.9,,0.47,117.3869
2020-07-28,0.59,-0.92,,0.45,117.3189
2020-07-29,0.58,-0.95,,0.46,117.2126
2020-07-30,0.55,-0.97,,0.44,117.4008
2020-07-31,0.55,-1.0,,0.44,117.2082
2020-08-01,,,259.316,,
2020-08-03,0.56,-1.02,,0.45,117.8074
2020-08-04,0.52,-1.05,,0.41,117.7833
2020-08-05,0.55,-1.06,,0.44,116.8736
2020-08-06,0.55,-1.08,,0.44,117.0422
2020-08-07,0.57,-1.04,,0.44,117.6239
2020-08-10,0.59,-1.02,,0.45,117.5821
2020-08-11,0.64,-0.99,,0.48,117.3781
2020-08-12,0.69,-0.98,,0.53,117.2559
2020-08-13,0.71,-0.96,,0.55,117.1193
2020-08-14,0.71,-0.94,,0.57,116.9395
2020-08-17,0.69,-0.97,,0.55,116.749
2020-08-18,0.67,-1.01,,0.53,116.5593
2020-08-19,0.68,-0.99,,0.54,116.567
2020-08-20,0.65,-0.97,,0.52,116.8126
2020-08-21,0.64,-1.0,,0.48,117.0572
2020-08-24,0.65,-1.02,,0.51,116.912
2020-08-25,0.69,-1.01,,0.54,116.8206
2020-08-26,0.69,-1.03,,0.53,116.6243
2020-08-27,0.74,-0.99,,0.58,116.649
2020-08-28,0.74,-1.03,,0.6,115.9374
2020-08-31,0.72,-1.08,,0.58,115.7586
2020-09-01,0.68,-1.08,259.997,0.55,115.5687
2020-09-02,0.66,-1.07,,0.52,116.0304
2020-09-03,0.63,-1.02,,0.5,116.0685
2020-09-04,0.72,-0.98,,0.58,116.0347
2020-09-07,,,,,
2020-09-08,0.69,-0.99,,0.55,116.4618
2020-09-09,0.71,-1.0,,0.57,116.1291
2020-09-10,0.68,-1.01,,0.54,115.8806
2020-09-11,0.67,-0.98,,0.54,116.0866
2020-09-14,0.68,-0.97,,0.54,115.6428
2020-09-15,0.68,-0.99,,0.54,115.5908
2020-09-16,0.69,-0.99,,0.55,115.3537
2020-09-17,0.69,-0.97,,0.56,115.4392
2020-09-18,0.7,-0.97,,0.56,115.2395
2020-09-21,0.68,-0.94,,0.54,116.378
2020-09-22,0.68,-0.94,,0.55,116.5438
2020-09-23,0.68,-0.92,,0.54,117.2526
2020-09-24,0.67,-0.91,,0.53,117.5473
2020-09-25,0.66,-0.92,,0.54,117.8679
2020-09-28,0.67,-0.94,,0.53,117.6178
2020-09-29,0.66,-0.98,,0.55,117.526
2020-09-30,0.69,-0.94,,0.56,116.946
2020-10-01,0.68,-0.95,260.319,0.54,116.7227
2020-10-02,0.7,-0.94,,0.57,116.7321
2020-10-05,0.78,-0.9,,0.64,116.1767
2020-10-06,0.76,-0.9,,0.62,116.2681
2020-10-07,0.81,-0.9,,0.65,116.3447
2020-10-08,0.78,-0.94,,0.65,116.1657
2020-10-09,0.79,-0.94,,0.63,115.2757
2020-10-12,,,,,
2020-10-13,0.74,-0.96,,0.58,115.9107
2020-10-14,0.73,-0.96,,0.59,115.6872
2020-10-15,0.74,-0.95,,0.6,116.0964
2020-10-16,0.76,-0.95,,0.62,115.7679
2020-10-19,0.78,-0.93,,0.62,115.4031
2020-10-20,0.81,-0.91,,0.67,115.2485
2020-10-21,0.83,-0.91,,0.69,114.9108
2020-10-22,0.87,-0.89,,0.71,115.1158
2020-10-23,0.85,-0.9,,0.67,115.0126
2020-10-26,0.81,-0.91,,0.65,115.2797
2020-10-27,0.79,-0.92,,0.63,115.0131
2020-10-28,0.79,-0.91,,0.63,115.8023
2020-10-29,0.85,-0.86,,0.69,116.3069
2020-10-30,0.88,-0.82,,0.74,116.1354
2020-11-01,,,260.911,,
2020-11-02,0.87,-0.84,,0.71,116.2361
2020-11-03,0.9,-0.82,,0.73,115.4802
2020-11-04,0.78,-0.86,,0.64,115.1677
2020-11-05,0.79,-0.87,,0.65,114.4556
2020-11-06,0.83,-0.82,,0.67,113.9919
2020-11-09,0.96,-0.77,,0.79,114.0895
2020-11-10,0.98,-0.78,,0.79,114.0757
2020-11-11,,,,,
2020-11-12,0.88,-0.83,,0.71,114.2843
2020-11-13,0.89,-0.83,,0.72,114.2397
2020-11-16,0.91,-0.81,,0.72,113.8312
2020-11-17,0.87,-0.83,,0.69,113.682
2020-11-18,0.88,-0.82,,0.72,113.46
2020-11-19,0.86,-0.84,,0.68,113.694
2020-11-20,0.83,-0.86,,0.67,113.489
2020-11-23,0.86,-0.85,,0.7,113.7548
2020-11-24,0.88,-0.86,,0.72,113.4316
2020-11-25,0.88,-0.87,,0.71,113.1823
2020-11-26,,,,,
2020-11-27,0.84,-0.91,,0.68,
2020-11-30,0.84,-0.93,,0.68,113.2256
2020-12-01,0.92,-0.89,262.045,0.75,112.8063
2020-12-02,0.95,-0.9,,0.79,112.6115
2020-12-03,0.92,-0.94,,0.76,112.0236
2020-12-04,0.97,-0.92,,0.81,111.7778
2020-12-07,0.94,-0.94,,0.8,111.8385
2020-12-08,0.92,-0.97,,0.78,111.8639
2020-12-09,0.95,-0.96,,0.79,112.0305
2020-12-10,0.92,-0.96,,0.78,111.9788
2020-12-11,0.9,-0.97,,0.79,112.1417
2020-12-14,0.9,-0.98,,0.77,112.1708
2020-12-15,0.92,-0.99,,0.81,111.8601
2020-12-16,0.92,-1.0,,0.79,111.7157
2020-12-17,0.94,-1.0,,0.81,111.2226
2020-12-18,0.95,-1.0,,0.82,111.6071
2020-12-21,0.95,-1.0,,0.82,111.9415
2020-12-22,0.93,-1.01,,0.8,112.1947
2020-12-23,0.96,-1.01,,0.83,111.9807
2020-12-24,0.94,-1.03,,0.81,
2020-12-25,,,,,
2020-12-28,0.94,-1.03,,0.81,111.9752
2020-12-29,0.94,-1.02,,0.82,111.5172
2020-12-30,0.93,-1.03,,0.81,111.3084
2020-12-31,0.93,-1.06,,0.8,111.3169
2021-01-01,,,262.687,,
2021-01-04,0.93,-1.08,,0.82,111.2075
2021-01-05,0.96,-1.07,,0.83,110.9574
2021-01-06,1.04,-1.02,,0.9,110.8502
2021-01-07,1.08,-1.01,,0.94,111.3042
2021-01-08,1.13,-0.93,,0.99,111.2847
2021-01-11,1.15,-0.91,,1.01,111.8257
2021-01-12,1.15,-0.93,,1.01,111.5501
2021-01-13,1.1,-0.96,,0.96,111.3622
2021-01-14,1.15,-0.94,,0.99,111.1567
2021-01-15,1.11,-0.99,,0.98,111.5106
2021-01-18,,,,,
2021-01-19,1.1,-1.0,,0.96,111.4527
2021-01-20,1.1,-1.02,,0.97,
2021-01-21,1.12,-0.98,,0.99,111.1973
2021-01-22,1.1,-0.99,,0.97,111.5516
2021-01-25,1.05,-1.03,,0.92,111.8676
2021-01-26,1.05,-1.03,,0.94,111.6572
2021-01-27,1.04,-1.04,,0.92,112.0782
2021-01-28,1.07,-1.06,,0.95,112.0059
2021-01-29,1.11,-1.02,,1.0,111.9511
2021-02-01,1.09,-1.02,263.579,0.98,112.4189
2021-02-02,1.12,-1.03,,1.01,112.2862
2021-02-03,1.15,-1.04,,1.04,112.2567
2021-02-04,1.15,-1.02,,1.04,112.7469
2021-02-05,1.19,-1.02,,1.1,112.2379
2021-02-08,1.19,-1.03,,1.08,112.0428
2021-02-09,1.18,-1.04,,1.07,111.7675
2021-02-10,1.15,-1.06,,1.04,111.5834
2021-02-11,1.16,-1.04,,1.05,111.5272
2021-02-12,1.2,-1.01,,1.09,111.4889
2021-02-15,,,,,
2021-02-16,1.3,-0.94,,1.17,111.7879
2021-02-17,1.29,-0.92,,1.18,112.0204
2021-02-18,1.29,-0.87,,1.18,112.1603
2021-02-19,1.34,-0.8,,1.23,111.7058
2021-02-22,1.37,-0.79,,1.26,111.918
2021-02-23,1.37,-0.79,,1.26,111.8981
2021-02-24,1.38,-0.79,,1.26,111.7212
2021-02-25,1.54,-0.6,,1.37,111.9253
2021-02-26,1.44,-0.71,,1.3,112.8306
2021-03-01,1.45,-0.71,264.961,1.32,112.5263
2021-03-02,1.42,-0.78,,1.29,112.5342
2021-03-03,1.47,-0.74,,1.33,112.7617
2021-03-04,1.54,-0.66,,1.4,112.7037
2021-03-05,1.56,-0.66,,1.42,113.7487
2021-03-08,1.59,-0.62,,1.42,114.2678
2021-03-09,1.55,-0.66,,1.38,113.928
2021-03-10,1.53,-0.73,,1.37,113.5881
2021-03-11,1.54,-0.74,,1.4,112.9214
2021-03-12,1.64,-0.62,,1.5,113.0269
2021-03-15,1.62,-0.65,,1.48,113.1928
2021-03-16,1.62,-0.68,,1.47,112.9839
2021-03-17,1.63,-0.67,,1.5,113.1589
2021-03-18,1.71,-0.56,,1.55,112.7744
2021-03-19,1.74,-0.57,,1.58,112.9756
2021-03-22,1.69,-0.64,,1.54,113.0023
2021-03-23,1.63,-0.66,,1.48,113.2916
2021-03-24,1.62,-0.69,,1.48,113.6565
2021-03-25,1.63,-0.69,,1.49,114.0016
2021-03-26,1.67,-0.67,,1.53,113.7406
2021-03-29,1.73,-0.63,,1.59,113.9314
2021-03-30,1.73,-0.62,,1.57,114.203
2021-03-31,1.74,-0.63,,1.58,113.8234
2021-04-01,1.69,-0.66,266.614,1.52,113.7389
2021-04-02,1.72,-0.64,,1.53,113.7315
2021-04-05,1.73,-0.62,,1.56,113.394
2021-04-06,1.67,-0.65,,1.51,113.1464
2021-04-07,1.68,-0.66,,1.52,113.2436
2021-04-08,1.64,-0.69,,1.5,113.0917
2021-04-09,1.67,-0.64,,1.51,113.2028
2021-04-12,1.69,-0.64,,1.51,113.1815
2021-04-13,1.64,-0.69,,1.48,113.0391
2021-04-14,1.64,-0.69,,1.48,112.7849
2021-04-15,1.56,-0.77,,1.4,112.6181
2021-04-16,1.59,-0.77,,1.43,112.4814
2021-04-19,1.61,-0.73,,1.45,112.1835
2021-04-20,1.58,-0.74,,1.43,112.2354
2021-04-21,1.57,-0.76,,1.42,112.1771
2021-04-22,1.57,-0.76,,1.41,112.2297
2021-04-23,1.58,-0.76,,1.42,112.0889
2021-04-26,1.58,-0.78,,1.4,111.8109
2021-04-27,1.63,-0.76,,1.46,111.9097
2021-04-28,1.63,-0.78,,1.46,111.7909
2021-04-29,1.65,-0.77,,1.49,111.7464
2021-04-30,1.65,-0.76,,1.49,112.0839
2021-05-01,,,268.383,,
2021-05-03,1.63,-0.79,,1.47,112.005
2021-05-04,1.61,-0.81,,1.45,112.2896
2021-05-05,1.59,-0.88,,1.43,112.1514
2021-05-06,1.58,-0.87,,1.42,111.8401
2021-05-07,1.6,-0.89,,1.46,111.0249
2021-05-10,1.63,-0.91,,1.47,110.7905
2021-05-11,1.64,-0.89,,1.48,110.8921
2021-05-12,1.69,-0.85,,1.53,111.5636
2021-05-13,1.66,-0.85,,1.5,111.5955
2021-05-14,1.63,-0.88,,1.47,111.1353
2021-05-17,1.64,-0.9,,1.48,111.079
2021-05-18,1.64,-0.88,,1.48,110.8317
2021-05-19,1.68,-0.8,,1.52,110.8807
2021-05-20,1.63,-0.78,,1.48,110.8605
2021-05-21,1.63,-0.8,,1.46,111.0576
2021-05-24,1.61,-0.83,,1.46,110.9118
2021-05-25,1.56,-0.86,,1.41,110.842
2021-05-26,1.58,-0.82,,1.44,110.8677
2021-05-27,1.61,-0.81,,1.47,110.8688
2021-05-28,1.58,-0.84,,1.44,110.7576
2021-05-31,,,,,
2021-06-01,1.62,-0.84,270.654,1.46,110.5046
2021-06-02,1.59,-0.85,,1.46,110.5799
2021-06-03,1.63,-0.79,,1.47,111.1782
2021-06-04,1.56,-0.84,,1.42,110.7521
2021-06-07,1.57,-0.82,,1.41,110.5155
2021-06-08,1.53,-0.83,,1.39,110.649
2021-06-09,1.5,-0.82,,1.34,110.5707
2021-06-10,1.45,-0.9,,1.31,110.5456
2021-06-11,1.47,-0.85,,1.31,111.0933
2021-06-14,1.51,-0.85,,1.35,110.9659
2021-06-15,1.51,-0.87,,1.35,111.3507
2021-06-16,1.57,-0.75,,1.36,111.1165
2021-06-17,1.52,-0.75,,1.29,112.5772
2021-06-18,1.45,-0.79,,1.19,113.0408
2021-06-21,1.5,-0.75,,1.23,112.8391
2021-06-22,1.48,-0.83,,1.23,112.9174
2021-06-23,1.5,-0.84,,1.24,112.3819
2021-06-24,1.49,-0.81,,1.23,112.326
2021-06-25,1.54,-0.8,,1.26,111.9655
2021-06-28,1.49,-0.84,,1.24,112.0248
2021-06-29,1.49,-0.83,,1.22,112.2613
2021-06-30,1.45,-0.87,,1.2,112.5533
2021-07-01,1.48,-0.87,271.903,1.23,112.74
2021-07-02,1.44,-0.89,,1.2,112.5425
2021-07-05,,,,,
2021-07-06,1.37,-0.94,,1.15,112.9516
2021-07-07,1.33,-0.95,,1.11,113.1048
2021-07-08,1.3,-0.92,,1.11,113.0776
2021-07-09,1.37,-0.91,,1.14,112.8375
2021-07-12,1.38,-0.95,,1.15,112.7611
2021-07-13,1.42,-0.94,,1.16,113.0063
2021-07-14,1.37,-0.97,,1.14,112.8801
2021-07-15,1.31,-1.01,,1.08,113.0041
2021-07-16,1.31,-1.02,,1.06,113.0428
2021-07-19,1.19,-1.05,,0.98,113.5472
2021-07-20,1.23,-1.03,,1.03,113.7502
2021-07-21,1.3,-0.98,,1.08,113.3926
2021-07-22,1.27,-1.01,,1.07,113.4695
2021-07-23,1.3,-1.05,,1.08,113.4398
2021-07-26,1.29,-1.11,,1.07,113.2238
2021-07-27,1.25,-1.13,,1.05,113.2227
2021-07-28,1.26,-1.15,,1.06,113.1807
2021-07-29,1.28,-1.15,,1.08,112.4834
2021-07-30,1.24,-1.16,,1.05,112.6714
2021-08-01,,,272.676,,
2021-08-02,1.2,-1.17,,1.03,112.6691
2021-08-03,1.19,-1.19,,1.02,112.8228
2021-08-04,1.19,-1.16,,1.02,112.8953
2021-08-05,1.23,-1.1,,1.02,112.7674
2021-08-06,1.31,-1.06,,1.1,113.3088
2021-08-09,1.33,-1.04,,1.1,113.4521
2021-08-10,1.36,-1.04,,1.12,113.4973
2021-08-11,1.35,-1.07,,1.12,113.282
2021-08-12,1.36,-1.05,,1.13,113.2691
2021-08-13,1.29,-1.08,,1.06,113.0615
2021-08-16,1.26,-1.1,,1.05,113.1698
2021-08-17,1.26,-1.07,,1.03,113.6174
2021-08-18,1.27,-1.05,,1.04,113.6959
2021-08-19,1.24,-1.04,,1.02,114.1106
2021-08-20,1.26,-1.01,,1.03,114.5009
2021-08-23,1.25,-1.02,,1.02,113.9418
2021-08-24,1.29,-1.01,,1.05,113.6795
2021-08-25,1.35,-1.0,,1.12,113.6322
2021-08-26,1.34,-0.99,,1.09,113.7883
2021-08-27,1.31,-1.08,,1.09,113.3404
2021-08-30,1.29,-1.08,,1.09,113.246
2021-08-31,1.3,-1.03,,1.1,113.1076
2021-09-01,1.31,-1.03,273.91,1.11,112.8732
2021-09-02,1.29,-1.03,,1.09,112.7863
2021-09-03,1.33,-1.01,,1.12,112.5476
2021-09-06,,,,,
2021-09-07,1.38,-0.98,,1.16,112.9795
2021-09-08,1.35,-1.03,,1.13,113.2319
2021-09-09,1.3,-1.08,,1.07,113.043
2021-09-10,1.35,-1.05,,1.12,112.9425
2021-09-13,1.33,-1.04,,1.12,113.0341
2021-09-14,1.28,-1.05,,1.07,113.0061
2021-09-15,1.31,-1.04,,1.1,112.9773
2021-09-16,1.34,-1.01,,1.11,113.3036
2021-09-17,1.37,-0.96,,1.14,113.5989
2021-09-20,1.31,-0.98,,1.08,113.9422
2021-09-21,1.33,-0.96,,1.11,113.8179
2021-09-22,1.32,-0.96,,1.07,113.6223
2021-09-23,1.41,-0.9,,1.14,113.513
2021-09-24,1.47,-0.87,,1.18,113.7597
2021-09-27,1.48,-0.87,,1.17,113.7432
2021-09-28,1.54,-0.84,,1.23,114.2469
2021-09-29,1.55,-0.82,,1.25,114.7092
2021-09-30,1.52,-0.85,,1.24,114.6403
2021-10-01,1.48,-0.9,276.55,1.21,114.3798
2021-10-04,1.49,-0.89,,1.22,114.2739
2021-10-05,1.54,-0.91,,1.26,114.3654
2021-10-06,1.53,-0.9,,1.23,114.7185
2021-10-07,1.58,-0.88,,1.26,114.5044
2021-10-08,1.61,-0.89,,1.29,114.5986
2021-10-11,,,,,
2021-10-12,1.59,-0.9,,1.24,114.7542
2021-10-13,1.56,-0.96,,1.19,114.4705
2021-10-14,1.52,-1.0,,1.16,114.2053
2021-10-15,1.59,-0.97,,1.18,114.0905
2021-10-18,1.59,-0.95,,1.15,113.9899
2021-10-19,1.65,-0.89,,1.24,113.647
2021-10-20,1.65,-0.92,,1.25,113.5083
2021-10-21,1.68,-0.96,,1.23,113.6188
2021-10-22,1.66,-0.98,,1.18,113.67
2021-10-25,1.64,-1.02,,1.17,113.605
2021-10-26,1.63,-1.06,,1.16,113.674
2021-10-27,1.54,-1.11,,1.04,113.6218
2021-10-28,1.57,-1.0,,1.07,113.4389
2021-10-29,1.55,-0.96,,1.07,114.1349
2021-11-01,1.58,-0.92,278.919,1.08,114.2067
2021-11-02,1.56,-0.95,,1.1,114.2847
2021-11-03,1.6,-0.93,,1.13,114.3593
2021-11-04,1.53,-1.03,,1.12,114.3558
2021-11-05,1.45,-1.09,,1.06,114.0732
2021-11-08,1.51,-1.11,,1.06,113.8256
2021-11-09,1.46,-1.17,,1.05,113.762
2021-11-10,1.56,-1.14,,1.05,114.1484
2021-11-11,,,,,
2021-11-12,1.58,-1.15,,1.05,114.5144
2021-11-15,1.63,-1.13,,1.1,114.5876
2021-11-16,1.63,-1.1,,1.09,115.136
2021-11-17,1.6,-1.1,,1.08,115.0263
2021-11-18,1.59,-1.14,,1.07,115.0678
2021-11-19,1.54,-1.11,,1.02,115.2187
2021-11-22,1.63,-0.98,,1.0,115.6481
2021-11-23,1.67,-0.95,,1.07,116.0118
2021-11-24,1.64,-0.97,,1.0,116.2711
2021-11-25,,,,,
2021-11-26,1.48,-1.07,,0.98,116.5103
2021-11-29,1.52,-1.02,,1.01,116.581
2021-11-30,1.43,-1.07,,0.91,116.2071
2021-12-01,1.43,-1.01,280.845,0.87,115.889
2021-12-02,1.44,-1.03,,0.81,116.018
2021-12-03,1.35,-1.08,,0.75,116.2377
2021-12-06,1.43,-1.01,,0.78,116.1538
2021-12-07,1.48,-0.99,,0.78,115.8555
2021-12-08,1.52,-1.0,,0.84,115.4418
2021-12-09,1.49,-0.98,,0.79,115.7784
2021-12-10,1.48,-0.96,,0.81,115.5732
2021-12-13,1.42,-0.98,,0.76,115.842
2021-12-14,1.44,-0.93,,0.77,116.2397
2021-12-15,1.47,-0.92,,0.78,116.4219
2021-12-16,1.44,-0.98,,0.8,115.7146
2021-12-17,1.41,-0.97,,0.75,115.791
2021-12-20,1.43,-0.96,,0.78,116.0092
2021-12-21,1.48,-0.96,,0.78,116.1089
2021-12-22,1.46,-1.01,,0.78,115.7485
2021-12-23,1.5,-0.97,,0.79,115.5337
2021-12-24,,,,,
2021-12-27,1.48,-1.02,,0.72,115.4684
2021-12-28,1.49,-1.01,,0.75,115.4192
2021-12-29,1.55,-0.98,,0.8,115.3678
2021-12-30,1.52,-1.06,,0.79,115.283
2021-12-31,1.52,-1.04,,0.79,
2022-01-01,,,282.543,,
2022-01-03,1.63,-0.97,,0.85,115.4101
2022-01-04,1.66,-0.91,,0.89,115.3103
2022-01-05,1.71,-0.82,,0.88,115.137
2022-01-06,1.73,-0.73,,0.85,115.4046
2022-01-07,1.76,-0.72,,0.89,115.0451
2022-01-10,1.78,-0.7,,0.86,115.2216
2022-01-11,1.75,-0.79,,0.85,114.8332
2022-01-12,1.74,-0.74,,0.82,114.355
2022-01-13,1.7,-0.73,,0.79,114.177
2022-01-14,1.78,-0.66,,0.79,114.3825
2022-01-17,,,,,
2022-01-18,1.87,-0.59,,0.81,114.7373
2022-01-19,1.83,-0.57,,0.79,114.6109
2022-01-20,1.83,-0.5,,0.75,114.4642
2022-01-21,1.75,-0.59,,0.74,114.6125
2022-01-24,1.75,-0.63,,0.76,115.2034
2022-01-25,1.78,-0.63,,0.76,115.1654
2022-01-26,1.85,-0.53,,0.72,115.0922
2022-01-27,1.81,-0.59,,0.63,115.978
2022-01-28,1.78,-0.66,,0.63,116.0393
2022-01-31,1.79,-0.65,,0.61,115.566
2022-02-01,1.81,-0.62,284.5,0.63,115.3685
2022-02-02,1.78,-0.63,,0.62,115.1538
2022-02-03,1.82,-0.56,,0.63,114.9065
2022-02-04,1.93,-0.48,,0.62,115.1362
2022-02-07,1.92,-0.48,,0.62,115.0098
2022-02-08,1.96,-0.46,,0.61,115.0892
2022-02-09,1.94,-0.48,,0.58,114.8232
2022-02-10,2.03,-0.42,,0.42,114.5527
2022-02-11,1.92,-0.51,,0.42,114.8413
2022-02-14,1.98,-0.5,,0.4,115.1946
2022-02-15,2.05,-0.43,,0.47,114.93
2022-02-16,2.03,-0.43,,0.51,114.6886
2022-02-17,1.97,-0.46,,0.48,114.6755
2022-02-18,1.92,-0.49,,0.45,114.7982
2022-02-21,,,,,
2022-02-22,1.94,-0.51,,0.38,114.7002
2022-02-23,1.99,-0.54,,0.41,114.6668
2022-02-24,1.96,-0.59,,0.42,115.9419
2022-02-25,1.97,-0.57,,0.42,115.2577
2022-02-28,1.83,-0.79,,0.39,115.2224
2022-03-01,1.72,-0.9,287.674,0.41,115.7962
2022-03-02,1.86,-0.85,,0.36,115.7623
2022-03-03,1.86,-0.83,,0.33,115.9495
2022-03-04,1.74,-0.93,,0.24,116.6503
2022-03-07,1.78,-0.99,,0.23,117.3278
2022-03-08,1.86,-1.04,,0.23,117.6176
2022-03-09,1.94,-0.9,,0.26,116.5961
2022-03-10,1.98,-0.88,,0.26,116.7401
2022-03-11,2.0,-0.94,,0.25,117.0192
2022-03-14,2.14,-0.79,,0.27,117.1506
2022-03-15,2.15,-0.69,,0.3,117.246
2022-03-16,2.19,-0.61,,0.24,116.8073
2022-03-17,2.2,-0.71,,0.26,116.0467
2022-03-18,2.14,-0.72,,0.17,116.1378
2022-03-21,2.32,-0.58,,0.18,115.9398
2022-03-22,2.38,-0.53,,0.2,116.0824
2022-03-23,2.32,-0.62,,0.19,116.005
2022-03-24,2.34,-0.58,,0.21,115.9599
2022-03-25,2.48,-0.47,,0.18,115.7921
2022-03-28,2.46,-0.49,,0.11,116.1911
2022-03-29,2.41,-0.45,,0.06,115.5679
2022-03-30,2.35,-0.51,,0.04,115.0818
2022-03-31,2.32,-0.52,,0.04,115.2218
2022-04-01,2.39,-0.41,288.561,-0.05,115.4814
2022-04-04,2.42,-0.38,,-0.01,115.4112
2022-04-05,2.54,-0.3,,0.03,115.73
2022-04-06,2.61,-0.22,,0.11,115.9995
2022-04-07,2.66,-0.16,,0.19,116.3512
2022-04-08,2.72,-0.15,,0.19,116.4176
2022-04-11,2.79,-0.12,,0.29,116.5401
2022-04-12,2.72,-0.14,,0.33,116.3866
2022-04-13,2.7,-0.1,,0.33,116.2796
2022-04-14,2.83,-0.06,,0.36,116.7558
2022-04-15,,,,,116.7017
2022-04-18,2.85,-0.07,,0.39,116.8441
2022-04-19,2.93,0.0,,0.32,117.1324
2022-04-20,2.85,-0.07,,0.25,116.7306
2022-04-21,2.9,-0.12,,0.22,117.1432
2022-04-22,2.9,-0.08,,0.18,118.0186
2022-04-25,2.81,-0.1,,0.18,118.6271
2022-04-26,2.77,-0.08,,0.23,118.9624
2022-04-27,2.82,-0.06,,0.24,119.4708
2022-04-28,2.85,-0.12,,0.22,120.0675
2022-04-29,2.89,0.01,,0.19,119.4933
2022-05-01,,,291.298,,
2022-05-02,2.99,0.18,,0.26,119.8825
2022-05-03,2.97,0.14,,0.19,119.7043
2022-05-04,2.93,0.07,,0.27,119.5592
2022-05-05,3.05,0.18,,0.34,120.0068
2022-05-06,3.12,0.26,,0.4,119.8577
2022-05-09,3.05,0.3,,0.44,120.4972
2022-05-10,2.99,0.34,,0.37,120.7742
2022-05-11,2.91,0.21,,0.25,120.3925
2022-05-12,2.84,0.25,,0.28,121.2796
2022-05-13,2.93,0.24,,0.32,120.8442
2022-05-16,2.88,0.2,,0.3,120.6881
2022-05-17,2.98,0.27,,0.27,119.8871
2022-05-18,2.89,0.17,,0.21,120.0274
2022-05-19,2.84,0.25,,0.21,119.4278
2022-05-20,2.78,0.23,,0.18,119.3677
2022-05-23,2.86,0.26,,0.21,118.7169
2022-05-24,2.76,0.21,,0.26,118.6245
2022-05-25,2.75,0.19,,0.27,118.9598
2022-05-26,2.75,0.13,,0.29,118.7687
2022-05-27,2.74,0.11,,0.27,118.2834
2022-05-30,,,,,
2022-05-31,2.85,0.21,,0.32,118.0704
2022-06-01,2.94,0.29,294.957,0.28,118.6954
2022-06-02,2.92,0.26,,0.27,118.0658
2022-06-03,2.96,0.22,,0.3,118.2153
2022-06-06,3.04,0.28,,0.31,118.3081
2022-06-07,2.98,0.25,,0.23,118.4414
2022-06-08,3.03,0.28,,0.25,118.3951
2022-06-09,3.04,0.29,,0.21,118.9226
2022-06-10,3.15,0.39,,0.09,119.9981
2022-06-13,3.43,0.69,,0.03,121.1523
2022-06-14,3.49,0.89,,0.04,121.6669
2022-06-15,3.33,0.63,,0.13,121.6403
2022-06-16,3.28,0.66,,0.14,120.6714
2022-06-17,3.25,0.67,,0.08,121.2369
2022-06-20,,,,,
2022-06-21,3.31,0.7,,0.1,120.6427
2022-06-22,3.16,0.62,,0.1,120.5197
2022-06-23,3.09,0.59,,0.08,120.7622
2022-06-24,3.13,0.57,,0.09,120.4853
2022-06-27,3.2,0.65,,0.12,120.1736
2022-06-28,3.2,0.72,,0.1,120.62
2022-06-29,3.1,0.74,,0.04,120.9616
2022-06-30,2.98,0.65,,0.06,120.9652
2022-07-01,2.88,0.54,294.913,0.04,121.5058
2022-07-04,,,,,
2022-07-05,2.82,0.52,,0.0,122.6203
2022-07-06,2.93,0.64,,-0.04,123.0073
2022-07-07,3.01,0.68,,-0.02,122.7257
2022-07-08,3.09,0.72,,-0.03,122.4662
2022-07-11,2.99,0.67,,-0.08,123.2974
2022-07-12,2.96,0.64,,-0.07,123.4524
2022-07-13,2.91,0.6,,-0.22,123.2834
2022-07-14,2.96,0.62,,-0.19,124.0622
2022-07-15,2.93,0.57,,-0.2,123.4765
2022-07-18,2.96,0.59,,-0.19,122.7727
2022-07-19,3.01,0.62,,-0.22,122.4819
2022-07-20,3.04,0.66,,-0.21,122.5997
2022-07-21,2.91,0.58,,-0.19,122.9032
2022-07-22,2.77,0.43,,-0.21,122.451
2022-07-25,2.81,0.45,,-0.19,122.4594
2022-07-26,2.81,0.45,,-0.21,122.7581
2022-07-27,2.78,0.36,,-0.18,122.8169
2022-07-28,2.68,0.2,,-0.17,122.1161
2022-07-29,2.67,0.14,,-0.22,121.7678
2022-08-01,2.6,0.09,295.097,-0.3,121.4109
2022-08-02,2.75,0.27,,-0.31,121.9486
2022-08-03,2.73,0.23,,-0.37,122.3888
2022-08-04,2.68,0.22,,-0.35,121.8333
2022-08-05,2.83,0.37,,-0.41,122.321
2022-08-08,2.77,0.29,,-0.44,121.8783
2022-08-09,2.8,0.33,,-0.48,121.8614
2022-08-10,2.78,0.35,,-0.45,120.7543
2022-08-11,2.87,0.4,,-0.36,120.7163
2022-08-12,2.84,0.37,,-0.41,121.018
2022-08-15,2.79,0.35,,-0.41,121.4315
2022-08-16,2.82,0.38,,-0.43,121.6807
2022-08-17,2.89,0.43,,-0.39,122.0711
2022-08-18,2.88,0.36,,-0.34,122.3627
2022-08-19,2.98,0.43,,-0.27,123.0501
2022-08-22,3.03,0.46,,-0.29,123.605
2022-08-23,3.05,0.47,,-0.24,123.0547
2022-08-24,3.11,0.49,,-0.25,123.109
2022-08-25,3.03,0.43,,-0.32,123.0586
2022-08-26,3.04,0.47,,-0.33,123.0656
2022-08-29,3.12,0.54,,-0.3,123.4686
2022-08-30,3.11,0.56,,-0.35,123.6848
2022-08-31,3.15,0.67,,-0.3,123.535
2022-09-01,3.26,0.81,296.349,-0.25,124.4006
2022-09-02,3.2,0.73,,-0.2,123.7743
2022-09-05,,,,,
2022-09-06,3.33,0.85,,-0.17,124.767
2022-09-07,3.27,0.82,,-0.18,124.8408
2022-09-08,3.29,0.88,,-0.19,124.578
2022-09-09,3.33,0.91,,-0.23,123.7874
2022-09-12,3.37,0.95,,-0.21,123.3332
2022-09-13,3.42,0.98,,-0.33,124.4242
2022-09-14,3.41,0.95,,-0.37,124.4509
2022-09-15,3.45,1.02,,-0.42,124.8843
2022-09-16,3.45,1.07,,-0.4,124.8794
2022-09-19,3.49,1.15,,-0.46,125.0104
2022-09-20,3.57,1.17,,-0.39,125.1248
2022-09-21,3.51,1.13,,-0.51,125.7399
2022-09-22,3.7,1.29,,-0.41,126.1667
2022-09-23,3.69,1.32,,-0.51,127.2853
2022-09-26,3.88,1.56,,-0.39,128.4539
2022-09-27,3.97,1.64,,-0.33,128.4386
2022-09-28,3.72,1.39,,-0.35,128.0884
2022-09-29,3.76,1.57,,-0.4,127.5437
2022-09-30,3.83,1.68,,-0.39,127.5148
2022-10-01,,,298.007,,
2022-10-03,3.67,1.43,,-0.45,127.0813
2022-10-04,3.62,1.38,,-0.48,126.1819
2022-10-05,3.76,1.54,,-0.39,126.8616
2022-10-06,3.83,1.61,,-0.4,127.2493
2022-10-07,3.89,1.62,,-0.41,127.3111
2022-10-10,,,,,
2022-10-11,3.93,1.62,,-0.37,127.6641
2022-10-12,3.91,1.62,,-0.37,128.1481
2022-10-13,3.97,1.63,,-0.5,127.7286
2022-10-14,4.0,1.59,,-0.48,128.3325
2022-10-17,4.02,1.57,,-0.43,127.6448
2022-10-18,4.01,1.6,,-0.42,127.9153
2022-10-19,4.14,1.72,,-0.41,128.3968
2022-10-20,4.24,1.73,,-0.38,128.0052
2022-10-21,4.21,1.69,,-0.28,127.6735
2022-10-24,4.25,1.66,,-0.25,128.0304
2022-10-25,4.1,1.59,,-0.32,127.3771
2022-10-26,4.04,1.6,,-0.35,126.4723
2022-10-27,3.96,1.51,,-0.34,126.7028
2022-10-28,4.02,1.51,,-0.39,127.2135
2022-10-31,4.1,1.58,,-0.41,127.6219
2022-11-01,4.07,1.56,298.786,-0.47,127.3987
2022-11-02,4.1,1.57,,-0.51,127.3115
2022-11-03,4.14,1.74,,-0.57,128.1743
2022-11-04,4.17,1.69,,-0.49,127.1468
2022-11-07,4.22,1.69,,-0.5,126.3062
2022-11-08,4.14,1.64,,-0.53,125.633
2022-11-09,4.12,1.7,,-0.49,125.9861
2022-11-10,3.82,1.43,,-0.52,124.7044
2022-11-11,,,,,
2022-11-14,3.88,1.51,,-0.52,123.4277
2022-11-15,3.8,1.45,,-0.57,123.039
2022-11-16,3.67,1.38,,-0.68,123.2817
2022-11-17,3.77,1.49,,-0.66,123.977
2022-11-18,3.82,1.57,,-0.69,123.8524
2022-11-21,3.83,1.52,,-0.65,124.7009
2022-11-22,3.76,1.44,,-0.71,124.2365
2022-11-23,3.71,1.39,,-0.75,123.7574
2022-11-24,,,,,
2022-11-25,3.68,1.36,,-0.74,123.3386
2022-11-28,3.69,1.43,,-0.77,123.6032
2022-11-29,3.75,1.5,,-0.73,123.6615
2022-11-30,3.68,1.34,,-0.7,123.5175
2022-12-01,3.53,1.17,298.832,-0.72,122.0045
2022-12-02,3.51,1.08,,-0.77,122.0102
2022-12-05,3.6,1.21,,-0.81,122.6384
2022-12-06,3.51,1.2,,-0.83,123.0191
2022-12-07,3.42,1.16,,-0.84,122.7608
2022-12-08,3.48,1.2,,-0.83,122.4152
2022-12-09,3.57,1.31,,-0.76,122.4201
2022-12-12,3.61,1.33,,-0.78,122.7714
2022-12-13,3.51,1.27,,-0.71,121.8493
2022-12-14,3.49,1.3,,-0.74,121.8226
2022-12-15,3.44,1.28,,-0.79,122.5519
2022-12-16,3.48,1.35,,-0.69,122.6505
2022-12-19,3.57,1.42,,-0.68,122.5275
2022-12-20,3.69,1.45,,-0.56,122.1357
2022-12-21,3.68,1.41,,-0.53,122.2828
2022-12-22,3.67,1.48,,-0.57,122.2419
2022-12-23,3.75,1.55,,-0.56,121.9743
2022-12-26,,,,,
2022-12-27,3.84,1.58,,-0.48,121.7539
2022-12-28,3.88,1.6,,-0.43,122.0075
2022-12-29,3.83,1.56,,-0.51,121.6577
2022-12-30,3.88,1.58,,-0.53,121.4256
2023-01-01,,,300.42,,
2023-01-02,,,,,
2023-01-03,3.79,1.53,,-0.61,122.0905
2023-01-04,3.69,1.47,,-0.67,121.5008
2023-01-05,3.71,1.49,,-0.74,122.1017
2023-01-06,3.55,1.34,,-0.69,121.0852
2023-01-09,3.53,1.31,,-0.66,120.1508
2023-01-10,3.61,1.37,,-0.63,120.2483
2023-01-11,3.54,1.31,,-0.66,120.1614
2023-01-12,3.43,1.22,,-0.69,119.4218
2023-01-13,3.49,1.31,,-0.73,119.1673
2023-01-16,,,,,
2023-01-17,3.53,1.36,,-0.65,119.2121
2023-01-18,3.37,1.25,,-0.69,119.0755
2023-01-19,3.39,1.19,,-0.7,119.6107
2023-01-20,3.48,1.25,,-0.66,119.3486
2023-01-23,3.52,1.24,,-0.69,119.1434
2023-01-24,3.46,1.19,,-0.66,119.0958
2023-01-25,3.46,1.17,,-0.65,118.9686
2023-01-26,3.49,1.16,,-0.68,119.021
2023-01-27,3.52,1.19,,-0.67,118.9223
2023-01-30,3.55,1.26,,-0.7,118.8953
2023-01-31,3.52,1.28,,-0.69,118.9802
2023-02-01,3.39,1.14,301.45,-0.7,118.6259
2023-02-02,3.4,1.18,,-0.69,118.3421
2023-02-03,3.53,1.31,,-0.77,119.5095
2023-02-06,3.63,1.38,,-0.81,120.541
2023-02-07,3.67,1.36,,-0.8,120.3475
2023-02-08,3.63,1.29,,-0.82,120.1436
2023-02-09,3.67,1.34,,-0.81,119.9781
2023-02-10,3.74,1.41,,-0.76,120.1419
2023-02-13,3.72,1.41,,-0.8,119.9828
2023-02-14,3.77,1.46,,-0.83,119.9229
2023-02-15,3.81,1.46,,-0.81,120.4557
2023-02-16,3.86,1.49,,-0.76,120.4651
2023-02-17,3.82,1.46,,-0.78,120.5526
2023-02-20,,,,,
2023-02-21,3.95,1.53,,-0.72,120.6256
2023-02-22,3.93,1.52,,-0.73,120.8389
2023-02-23,3.88,1.49,,-0.78,121.0896
2023-02-24,3.95,1.57,,-0.83,121.5681
2023-02-27,3.92,1.56,,-0.86,121.3941
2023-02-28,3.92,1.49,,-0.89,121.3341
2023-03-01,4.01,1.57,301.821,-0.88,120.6347
2023-03-02,4.08,1.6,,-0.81,121.1302
2023-03-03,3.97,1.45,,-0.89,120.7742
2023-03-06,3.98,1.49,,-0.91,120.485
2023-03-07,3.97,1.59,,-1.03,121.4623
2023-03-08,3.98,1.66,,-1.07,121.4511
2023-03-09,3.93,1.63,,-0.97,121.4458
2023-03-10,3.7,1.44,,-0.9,121.2421
2023-03-13,3.55,1.31,,-0.48,120.8897
2023-03-14,3.64,1.33,,-0.56,121.0141
2023-03-15,3.51,1.22,,-0.42,122.1079
2023-03-16,3.56,1.34,,-0.58,121.7221
2023-03-17,3.39,1.29,,-0.42,121.5643
2023-03-20,3.47,1.33,,-0.45,121.0141
2023-03-21,3.59,1.36,,-0.58,120.8958
2023-03-22,3.48,1.2,,-0.48,120.6217
2023-03-23,3.38,1.19,,-0.38,119.7587
2023-03-24,3.38,1.16,,-0.38,120.4598
2023-03-27,3.53,1.29,,-0.41,120.2541
2023-03-28,3.55,1.24,,-0.47,119.7138
2023-03-29,3.57,1.24,,-0.51,119.7258
2023-03-30,3.55,1.21,,-0.55,119.4078
2023-03-31,3.48,1.16,,-0.58,119.3602
2023-04-01,,,302.845,,
2023-04-03,3.43,1.14,,-0.54,119.3204
2023-04-04,3.35,1.1,,-0.49,119.142
2023-04-05,3.3,1.07,,-0.49,119.2953
2023-04-06,3.3,1.06,,-0.52,119.3072
2023-04-07,3.39,1.14,,-0.58,119.3547
2023-04-10,3.41,1.14,,-0.59,119.7948
2023-04-11,3.43,1.14,,-0.6,119.5248
2023-04-12,3.41,1.14,,-0.54,119.003
2023-04-13,3.45,1.16,,-0.51,118.3915
2023-04-14,3.52,1.22,,-0.56,118.8567
2023-04-17,3.6,1.28,,-0.58,119.2787
2023-04-18,3.58,1.3,,-0.61,119.1049
2023-04-19,3.6,1.32,,-0.64,119.303
2023-04-20,3.54,1.28,,-0.6,119.1199
2023-04-21,3.57,1.29,,-0.6,119.3117
2023-04-24,3.52,1.24,,-0.6,119.2039
2023-04-25,3.4,1.15,,-0.46,119.613
2023-04-26,3.43,1.18,,-0.47,119.3228
2023-04-27,3.53,1.26,,-0.54,119.4298
2023-04-28,3.44,1.26,,-0.6,119.2248
2023-05-01,3.59,1.36,303.334,-0.55,119.4435
2023-05-02,3.44,1.24,,-0.53,119.6105
2023-05-03,3.38,1.18,,-0.51,119.1233
2023-05-04,3.37,1.18,,-0.38,119.0465
2023-05-05,3.44,1.23,,-0.48,118.5548
2023-05-08,3.52,1.29,,-0.48,118.5759
2023-05-09,3.53,1.3,,-0.48,118.8239
2023-05-10,3.43,1.26,,-0.47,118.5864
2023-05-11,3.39,1.23,,-0.5,119.0303
2023-05-12,3.46,1.28,,-0.52,119.3671
2023-05-15,3.5,1.31,,-0.49,119.1608
2023-05-16,3.54,1.35,,-0.52,119.1743
2023-05-17,3.57,1.35,,-0.55,119.607
2023-05-18,3.65,1.42,,-0.59,120.0886
2023-05-19,3.7,1.46,,-0.58,119.7751
2023-05-22,3.72,1.48,,-0.57,120.0875
2023-05-23,3.7,1.44,,-0.56,120.3204
2023-05-24,3.73,1.48,,-0.58,120.4752
2023-05-25,3.83,1.58,,-0.67,120.8413
2023-05-26,3.8,1.57,,-0.74,120.6304
2023-05-29,,,,,
2023-05-30,3.69,1.47,,-0.77,120.5546
2023-05-31,3.64,1.46,,-0.76,120.9662
2023-06-01,3.61,1.45,304.014,-0.72,120.0491
2023-06-02,3.69,1.51,,-0.81,120.0049
2023-06-05,3.69,1.5,,-0.77,120.0048
2023-06-06,3.7,1.5,,-0.81,119.9718
2023-06-07,3.79,1.58,,-0.77,119.859
2023-06-08,3.73,1.53,,-0.79,119.5712
2023-06-09,3.75,1.55,,-0.84,119.4322
2023-06-12,3.73,1.56,,-0.82,119.6376
2023-06-13,3.84,1.64,,-0.83,119.1899
2023-06-14,3.83,1.62,,-0.91,118.776
2023-06-15,3.72,1.51,,-0.9,118.5521
2023-06-16,3.77,1.55,,-0.93,118.4184
2023-06-19,,,,,
2023-06-20,3.74,1.52,,-0.94,118.938
2023-06-21,3.72,1.51,,-0.96,118.727
2023-06-22,3.8,1.56,,-0.97,118.7552
2023-06-23,3.74,1.53,,-0.97,119.152
2023-06-26,3.72,1.54,,-0.93,119.0761
2023-06-27,3.77,1.57,,-0.97,118.8949
2023-06-28,3.71,1.53,,-1.0,119.3382
2023-06-29,3.85,1.65,,-1.02,119.527
2023-06-30,3.81,1.59,,-1.06,119.3606
2023-07-01,,,304.609,,
2023-07-03,3.86,1.61,,-1.08,119.2119
2023-07-04,,,,,
2023-07-05,3.95,1.69,,-0.99,119.3483
2023-07-06,4.05,1.78,,-0.94,119.8193
2023-07-07,4.06,1.79,,-0.88,119.0761
2023-07-10,4.01,1.76,,-0.84,118.9548
2023-07-11,3.99,1.75,,-0.89,118.7344
2023-07-12,3.86,1.6,,-0.86,117.6385
2023-07-13,3.76,1.52,,-0.83,117.1831
2023-07-14,3.83,1.59,,-0.91,117.0463
2023-07-17,3.81,1.56,,-0.93,117.1267
2023-07-18,3.8,1.57,,-0.94,117.0264
2023-07-19,3.75,1.53,,-0.99,117.3462
2023-07-20,3.85,1.5,,-0.95,117.5947
2023-07-21,3.84,1.49,,-0.98,117.9418
2023-07-24,3.86,1.48,,-0.95,117.8124
2023-07-25,3.91,1.52,,-0.94,117.8565
2023-07-26,3.86,1.5,,-0.96,117.76
2023-07-27,4.01,1.64,,-0.9,117.8938
2023-07-28,3.96,1.58,,-0.91,117.788
2023-07-31,3.97,1.6,,-0.91,117.8241
2023-08-01,4.05,1.68,306.082,-0.87,118.5738
2023-08-02,4.08,1.72,,-0.8,119.1268
2023-08-03,4.2,1.83,,-0.7,119.3963
2023-08-04,4.05,1.67,,-0.73,118.821
2023-08-07,4.09,1.68,,-0.67,119.0809
2023-08-08,4.02,1.66,,-0.72,119.6407
2023-08-09,4.0,1.66,,-0.79,119.476
2023-08-10,4.09,1.76,,-0.73,119.1581
2023-08-11,4.16,1.8,,-0.73,119.6268
2023-08-14,4.19,1.83,,-0.77,120.0725
2023-08-15,4.21,1.89,,-0.71,120.2127
2023-08-16,4.28,1.96,,-0.69,120.3551
2023-08-17,4.3,1.97,,-0.64,120.5242
2023-08-18,4.26,1.94,,-0.66,120.4321
2023-08-21,4.34,2.0,,-0.63,120.4627
2023-08-22,4.34,1.99,,-0.68,120.3554
2023-08-23,4.19,1.84,,-0.76,120.0307
2023-08-24,4.23,1.91,,-0.75,120.2354
2023-08-25,4.25,1.92,,-0.78,120.5137
2023-08-28,4.2,1.9,,-0.78,120.3155
2023-08-29,4.12,1.83,,-0.75,120.2669
2023-08-30,4.12,1.86,,-0.78,119.7937
2023-08-31,4.09,1.85,,-0.76,120.225
2023-09-01,4.18,1.92,307.276,-0.69,120.759
2023-09-04,,,,,
2023-09-05,4.27,1.98,,-0.67,121.4345
2023-09-06,4.3,2.0,,-0.71,121.8671
2023-09-07,4.27,1.95,,-0.67,121.9528
2023-09-08,4.26,1.93,,-0.72,121.9475
2023-09-11,4.29,1.94,,-0.68,121.3386
2023-09-12,4.27,1.93,,-0.71,121.2913
2023-09-13,4.25,1.9,,-0.71,121.0549
2023-09-14,4.29,1.95,,-0.71,121.2395
2023-09-15,4.33,1.98,,-0.69,121.199
2023-09-18,4.32,1.96,,-0.73,121.1938
2023-09-19,4.37,2.0,,-0.71,121.1645
2023-09-20,4.35,2.0,,-0.77,120.9648
2023-09-21,4.49,2.11,,-0.63,121.5528
2023-09-22,4.44,2.07,,-0.66,121.5306
2023-09-25,4.55,2.18,,-0.54,122.1143
2023-09-26,4.56,2.23,,-0.48,122.4742
2023-09-27,4.61,2.27,,-0.49,122.9895
2023-09-28,4.59,2.2,,-0.45,122.5342
2023-09-29,4.59,2.24,,-0.44,122.3077
2023-10-01,,,307.696,,
2023-10-02,4.69,2.34,,-0.43,123.0545
2023-10-03,4.81,2.45,,-0.34,123.7848
2023-10-04,4.73,2.4,,-0.32,123.5946
2023-10-05,4.72,2.41,,-0.31,123.8993
2023-10-06,4.78,2.47,,-0.3,123.3563
2023-10-09,,,,,
2023-10-10,4.66,2.34,,-0.3,122.9282
2023-10-11,4.58,2.26,,-0.41,122.7697
2023-10-12,4.7,2.36,,-0.36,123.2101
2023-10-13,4.63,2.29,,-0.41,123.5954
2023-10-16,4.71,2.33,,-0.38,123.3185
2023-10-17,4.83,2.42,,-0.36,123.1202
2023-10-18,4.91,2.47,,-0.28,123.8148
2023-10-19,4.98,2.49,,-0.16,123.798
2023-10-20,4.93,2.46,,-0.14,123.612
2023-10-23,4.86,2.45,,-0.19,123.2846
2023-10-24,4.83,2.43,,-0.19,123.6416
2023-10-25,4.95,2.52,,-0.13,123.7871
2023-10-26,4.86,2.44,,-0.16,124.0064
2023-10-27,4.84,2.42,,-0.15,123.62
2023-10-30,4.88,2.44,,-0.15,123.4076
2023-10-31,4.88,2.46,,-0.19,123.8364
2023-11-01,4.77,2.36,308.148,-0.18,123.7922
2023-11-02,4.67,2.27,,-0.31,122.8818
2023-11-03,4.57,2.18,,-0.26,121.7564
2023-11-06,4.67,2.25,,-0.26,121.6484
2023-11-07,4.58,2.19,,-0.33,122.0777
2023-11-08,4.49,2.15,,-0.44,122.0926
2023-11-09,4.62,2.29,,-0.41,122.1281
2023-11-10,4.61,2.29,,-0.43,
2023-11-13,4.63,2.32,,-0.39,122.4264
2023-11-14,4.44,2.16,,-0.36,121.35
2023-11-15,4.53,2.22,,-0.37,121.0749
2023-11-16,4.45,2.18,,-0.38,121.1754
2023-11-17,4.44,2.16,,-0.44,120.8477
2023-11-20,4.42,2.12,,-0.47,120.2533
2023-11-21,4.41,2.16,,-0.45,120.2241
2023-11-22,4.42,2.16,,-0.47,120.6802
2023-11-23,,,,,
2023-11-24,4.47,2.21,,-0.45,120.2105
2023-11-27,4.39,2.18,,-0.45,120.173
2023-11-28,4.34,2.12,,-0.39,119.5904
2023-11-29,4.27,2.06,,-0.37,119.8159
2023-11-30,4.37,2.14,,-0.36,120.2434
2023-12-01,4.22,2.0,308.741,-0.34,119.9424
2023-12-04,4.28,2.07,,-0.36,120.4727
2023-12-05,4.18,2.01,,-0.39,120.7913
2023-12-06,4.12,1.98,,-0.48,120.5334
2023-12-07,4.14,1.97,,-0.44,120.6013
2023-12-08,4.23,2.02,,-0.48,120.7607
2023-12-11,4.23,2.04,,-0.48,120.9279
2023-12-12,4.2,2.04,,-0.53,120.6817
2023-12-13,4.04,1.88,,-0.42,121.1571
2023-12-14,3.92,1.7,,-0.45,119.5683
2023-12-15,3.91,1.69,,-0.53,119.7382
2023-12-18,3.95,1.74,,-0.48,119.9102
2023-12-19,3.93,1.74,,-0.48,119.4632
2023-12-20,3.86,1.67,,-0.48,119.5435
2023-12-21,3.89,1.7,,-0.44,119.3168
2023-12-22,3.9,1.71,,-0.41,119.0625
2023-12-25,,,,,
2023-12-26,3.89,1.71,,-0.37,118.8875
2023-12-27,3.79,1.64,,-0.41,118.4729
2023-12-28,3.84,1.68,,-0.42,118.4104
2023-12-29,3.88,1.72,,-0.35,118.4208
2024-01-01,,,309.698,,
2024-01-02,3.95,1.74,,-0.38,119.2686
2024-01-03,3.91,1.71,,-0.42,119.6958
2024-01-04,3.99,1.77,,-0.39,119.6208
2024-01-05,4.05,1.83,,-0.35,119.388
2024-01-08,4.01,1.79,,-0.35,119.2506
2024-01-09,4.02,1.8,,-0.34,119.6666
2024-01-10,4.04,1.82,,-0.33,119.7614
2024-01-11,3.98,1.76,,-0.28,119.8916
2024-01-12,3.96,1.69,,-0.18,119.534
2024-01-15,,,,,
2024-01-16,4.07,1.77,,-0.15,120.5759
2024-01-17,4.1,1.8,,-0.24,121.0402
2024-01-18,4.14,1.8,,-0.2,120.8895
2024-01-19,4.15,1.81,,-0.24,120.6442
2024-01-22,4.11,1.8,,-0.26,120.6178
2024-01-23,4.14,1.85,,-0.17,121.1001
2024-01-24,4.18,1.88,,-0.16,120.4916
2024-01-25,4.14,1.85,,-0.14,120.8311
2024-01-26,4.15,1.85,,-0.19,120.6173
2024-01-29,4.08,1.78,,-0.21,120.8538
2024-01-30,4.06,1.8,,-0.3,120.6025
2024-01-31,3.99,1.73,,-0.28,120.4331
2024-02-01,3.87,1.68,310.967,-0.33,120.3335
2024-02-02,4.03,1.82,,-0.33,120.902
2024-02-05,4.17,1.9,,-0.29,121.349
2024-02-06,4.09,1.85,,-0.3,120.9588
2024-02-07,4.09,1.86,,-0.32,120.9049
2024-02-08,4.15,1.91,,-0.31,121.0798
2024-02-09,4.17,1.92,,-0.31,121.039
2024-02-12,4.17,1.93,,-0.29,120.9378
2024-02-13,4.31,2.02,,-0.33,121.5202
2024-02-14,4.27,1.97,,-0.29,121.4002
2024-02-15,4.24,1.94,,-0.32,121.2121
2024-02-16,4.3,1.97,,-0.34,121.1505
2024-02-19,,,,,
2024-02-20,4.27,1.95,,-0.32,121.0199
2024-02-21,4.32,1.98,,-0.32,121.0379
2024-02-22,4.33,2.02,,-0.36,121.102
2024-02-23,4.26,1.96,,-0.41,121.0369
2024-02-26,4.28,1.97,,-0.41,121.0592
2024-02-27,4.31,1.99,,-0.39,120.9647
2024-02-28,4.27,1.94,,-0.37,121.128
2024-02-29,4.25,1.92,,-0.39,121.1824
2024-03-01,4.19,1.87,312.345,-0.35,121.0111
2024-03-04,4.22,1.88,,-0.39,120.872
2024-03-05,4.13,1.81,,-0.41,120.8846
2024-03-06,4.11,1.81,,-0.44,120.4649
2024-03-07,4.09,1.81,,-0.41,120.1909
2024-03-08,4.09,1.81,,-0.39,119.975
2024-03-11,4.1,1.83,,-0.41,120.0394
2024-03-12,4.16,1.86,,-0.42,120.1668
2024-03-13,4.19,1.89,,-0.42,119.9642
2024-03-14,4.29,1.99,,-0.39,120.241
2024-03-15,4.31,1.99,,-0.41,120.4003
2024-03-18,4.34,2.03,,-0.39,120.5752
2024-03-19,4.3,2.0,,-0.38,120.9332
2024-03-20,4.27,1.96,,-0.32,120.9289
2024-03-21,4.27,1.93,,-0.35,120.8086
2024-03-22,4.22,1.87,,-0.37,121.1842
2024-03-25,4.25,1.92,,-0.29,121.0295
2024-03-26,4.24,1.92,,-0.32,121.0742
2024-03-27,4.2,1.88,,-0.34,121.0089
2024-03-28,4.2,1.88,,-0.39,121.0635
2024-03-29,,,,,121.0191
2024-04-01,4.33,1.98,313.023,-0.39,121.5151
2024-04-02,4.36,2.0,,-0.34,121.3035
2024-04-03,4.36,2.0,,-0.32,121.0198
2024-04-04,4.31,1.97,,-0.34,120.7613
2024-04-05,4.39,2.02,,-0.34,120.9646
2024-04-08,4.42,2.04,,-0.36,120.7359
2024-04-09,4.36,2.0,,-0.38,120.7048
2024-04-10,4.55,2.15,,-0.42,121.5727
2024-04-11,4.56,2.16,,-0.37,121.6081
2024-04-12,4.5,2.11,,-0.38,122.2885
2024-04-15,4.63,2.2,,-0.3,122.425
2024-04-16,4.67,2.24,,-0.3,123.1234
2024-04-17,4.59,2.2,,-0.34,123.0207
2024-04-18,4.64,2.24,,-0.34,123.0017
2024-04-19,4.62,2.21,,-0.35,123.1075
2024-04-22,4.62,2.21,,-0.35,123.0609
2024-04-23,4.61,2.2,,-0.25,122.7227
2024-04-24,4.65,2.24,,-0.24,122.89
2024-04-25,4.7,2.28,,-0.26,122.8384
2024-04-26,4.67,2.24,,-0.29,122.9471
2024-04-29,4.63,2.22,,-0.34,122.5449
2024-04-30,4.69,2.28,,-0.35,122.9853
2024-05-01,4.63,2.25,313.175,-0.33,123.0168
2024-05-02,4.58,2.21,,-0.29,122.4384
2024-05-03,4.5,2.15,,-0.31,122.1375
2024-05-06,4.49,2.14,,-0.33,121.8913
2024-05-07,4.47,2.15,,-0.35,122.093
2024-05-08,4.48,2.17,,-0.36,122.1926
2024-05-09,4.45,2.13,,-0.35,122.1634
2024-05-10,4.5,2.16,,-0.37,122.014
2024-05-13,4.48,2.15,,-0.37,122.0261
2024-05-14,4.45,2.12,,-0.36,121.9256
2024-05-15,4.36,2.05,,-0.37,121.3543
2024-05-16,4.38,2.07,,-0.4,121.2236
2024-05-17,4.42,2.1,,-0.41,121.2354
2024-05-20,4.44,2.11,,-0.38,121.2289
2024-05-21,4.41,2.09,,-0.41,121.3793
2024-05-22,4.43,2.1,,-0.43,121.5462
2024-05-23,4.47,2.17,,-0.44,121.7477
2024-05-24,4.46,2.14,,-0.47,121.6172
2024-05-27,,,,,
2024-05-28,4.54,2.2,,-0.4,121.43
2024-05-29,4.61,2.25,,-0.35,122.1641
2024-05-30,4.55,2.19,,-0.37,121.9601
2024-05-31,4.51,2.16,,-0.38,122.098
2024-06-01,,,313.044,,
2024-06-03,4.41,2.08,,-0.41,122.3509
2024-06-04,4.33,2.02,,-0.44,122.7256
2024-06-05,4.29,1.99,,-0.43,122.5339
2024-06-06,4.28,2.0,,-0.44,122.3713
2024-06-07,4.43,2.13,,-0.44,123.549
2024-06-10,4.47,2.16,,-0.4,123.9125
2024-06-11,4.39,2.12,,-0.42,124.0349
2024-06-12,4.31,2.09,,-0.44,123.8295
2024-06-13,4.24,2.03,,-0.44,124.0235
2024-06-14,4.2,2.03,,-0.47,124.1694
2024-06-17,4.28,2.06,,-0.47,124.239
2024-06-18,4.22,2.01,,-0.47,123.9776
2024-06-19,,,,,
2024-06-20,4.25,2.0,,-0.45,124.192
2024-06-21,4.25,2.02,,-0.45,124.1086
2024-06-24,4.25,2.03,,-0.46,123.7125
2024-06-25,4.23,2.01,,-0.42,123.9417
2024-06-26,4.32,2.06,,-0.39,124.26
2024-06-27,4.29,2.03,,-0.41,124.3379
2024-06-28,4.36,2.08,,-0.35,124.2103
2024-07-01,4.48,2.16,313.569,-0.29,124.4667
2024-07-02,4.43,2.13,,-0.31,124.2917
2024-07-03,4.36,2.09,,-0.35,123.7768
2024-07-04,,,,,
2024-07-05,4.28,2.0,,-0.32,123.4762
2024-07-08,4.28,2.01,,-0.34,123.3576
2024-07-09,4.3,2.04,,-0.32,123.4071
2024-07-10,4.28,2.01,,-0.34,123.1895
2024-07-11,4.2,1.95,,-0.3,122.769
2024-07-12,4.18,1.94,,-0.27,122.4404
2024-07-15,4.23,1.96,,-0.21,122.6347
2024-07-16,4.17,1.91,,-0.26,122.7264
2024-07-17,4.16,1.9,,-0.26,122.518
2024-07-18,4.2,1.89,,-0.26,122.7909
2024-07-19,4.25,1.93,,-0.24,123.147
2024-07-22,4.26,1.96,,-0.24,123.2172
2024-07-23,4.25,1.96,,-0.15,123.3843
2024-07-24,4.28,2.0,,-0.09,123.5575
2024-07-25,4.27,1.99,,-0.14,123.5286
2024-07-26,4.2,1.93,,-0.16,123.672
2024-07-29,4.17,1.92,,-0.19,124.1392
2024-07-30,4.15,1.9,,-0.2,124.2855
2024-07-31,4.09,1.85,,-0.2,123.6373
2024-08-01,3.99,1.79,314.062,-0.17,123.8693
2024-08-02,3.8,1.76,,-0.08,123.4681
2024-08-05,3.78,1.71,,-0.11,123.5787
2024-08-06,3.9,1.78,,-0.09,123.6532
2024-08-07,3.96,1.85,,-0.04,123.5698
2024-08-08,3.99,1.87,,-0.05,123.4466
2024-08-09,3.94,1.84,,-0.11,122.9276
2024-08-12,3.9,1.79,,-0.11,123.2204
2024-08-13,3.85,1.76,,-0.08,123.0146
2024-08-14,3.83,1.77,,-0.11,122.4297
2024-08-15,3.92,1.8,,-0.16,122.5844
2024-08-16,3.89,1.81,,-0.17,122.3972
2024-08-19,3.86,1.79,,-0.2,121.8788
2024-08-20,3.82,1.75,,-0.17,121.7728
2024-08-21,3.79,1.72,,-0.13,121.8535
2024-08-22,3.86,1.76,,-0.13,122.3626
2024-08-23,3.81,1.68,,-0.09,121.4597
2024-08-26,3.82,1.67,,-0.09,121.6943
2024-08-27,3.83,1.68,,0.0,121.8672
2024-08-28,3.84,1.69,,0.01,121.8943
2024-08-29,3.87,1.71,,0.0,122.2333
2024-08-30,3.91,1.76,,0.0,122.3262
2024-09-01,,,314.732,,
2024-09-02,,,,,
2024-09-03,3.84,1.73,,-0.04,122.7811
2024-09-04,3.77,1.7,,0.01,122.5144
2024-09-05,3.73,1.7,,-0.02,122.4533
2024-09-06,3.72,1.69,,0.06,122.4991
2024-09-09,3.7,1.66,,0.02,122.7156
2024-09-10,3.65,1.63,,0.06,123.0071
2024-09-11,3.65,1.61,,0.03,122.7754
2024-09-12,3.68,1.63,,0.04,122.4423
2024-09-13,3.66,1.58,,0.09,121.6551
2024-09-16,3.63,1.54,,0.07,121.4976
2024-09-17,3.65,1.53,,0.06,121.6031
2024-09-18,3.7,1.58,,0.09,121.5618
2024-09-19,3.73,1.56,,0.14,121.3059
2024-09-20,3.73,1.58,,0.18,121.4052
2024-09-23,3.75,1.58,,0.18,121.4303
2024-09-24,3.74,1.55,,0.25,121.1291
2024-09-25,3.79,1.61,,0.26,121.4447
2024-09-26,3.79,1.63,,0.19,121.0785
2024-09-27,3.75,1.6,,0.2,121.1111
2024-09-30,3.81,1.63,,0.15,121.2864
2024-10-01,3.74,1.55,315.631,0.13,121.6881
2024-10-02,3.79,1.58,,0.16,121.5724
2024-10-03,3.85,1.64,,0.15,122.1197
2024-10-04,3.98,1.75,,0.05,122.2197
2024-10-07,4.03,1.76,,0.04,122.4241
2024-10-08,4.04,1.77,,0.06,122.6625
2024-10-09,4.06,1.77,,0.07,122.8821
2024-10-10,4.09,1.76,,0.11,123.0951
2024-10-11,4.08,1.75,,0.13,122.9805
2024-10-14,,,,,
2024-10-15,4.03,1.75,,0.08,123.5124
2024-10-16,4.02,1.75,,0.09,123.9235
2024-10-17,4.09,1.79,,0.13,124.1122
2024-10-18,4.08,1.77,,0.13,123.9185
2024-10-21,4.19,1.88,,0.17,124.4757
2024-10-22,4.2,1.87,,0.17,124.4107
2024-10-23,4.24,1.93,,0.17,124.6931
2024-10-24,4.21,1.91,,0.14,124.5127
2024-10-25,4.25,1.96,,0.14,124.6105
2024-10-28,4.28,1.99,,0.16,124.8076
2024-10-29,4.28,1.98,,0.17,124.8612
2024-10-30,4.29,1.95,,0.14,124.8153
2024-10-31,4.28,1.95,,0.12,124.7988
2024-11-01,4.37,2.04,316.528,0.16,124.8076
2024-11-04,4.31,2.03,,0.14,124.5903
2024-11-05,4.26,1.99,,0.07,124.5532
2024-11-06,4.42,2.04,,0.15,125.7035
2024-11-07,4.31,1.98,,0.1,124.775
2024-11-08,4.3,1.95,,0.04,125.5811
2024-11-11,,,,,
2024-11-12,4.43,2.08,,0.09,126.7762
2024-11-13,4.44,2.09,,0.17,126.9572
2024-11-14,4.43,2.1,,0.09,127.0015
2024-11-15,4.43,2.1,,0.12,126.8848
2024-11-18,4.42,2.08,,0.13,126.6045
2024-11-19,4.39,2.05,,0.12,126.3994
2024-11-20,4.41,2.06,,0.1,126.88
2024-11-21,4.43,2.09,,0.09,127.1047
2024-11-22,4.41,2.07,,0.04,127.4712
2024-11-25,4.27,1.98,,0.06,126.9948
2024-11-26,4.3,2.02,,0.09,127.4301
2024-11-27,4.25,1.99,,0.06,126.8205
2024-11-28,,,,,
2024-11-29,4.18,1.92,,0.05,126.5798
2024-12-01,,,317.604,,
2024-12-02,4.19,1.93,,0.02,127.1272
2024-12-03,4.23,1.95,,0.06,126.9565
2024-12-04,4.19,1.9,,0.06,126.7574
2024-12-05,4.17,1.92,,0.02,126.4286
2024-12-06,4.15,1.91,,0.05,126.688
2024-12-09,4.2,1.93,,0.07,126.5981
2024-12-10,4.22,1.93,,0.07,126.957
2024-12-11,4.26,1.96,,0.11,126.8483
2024-12-12,4.32,2.0,,0.14,126.9556
2024-12-13,4.4,2.07,,0.15,127.3096
2024-12-16,4.39,2.07,,0.14,127.2687
2024-12-17,4.4,2.09,,0.15,127.5043
2024-12-18,4.5,2.18,,0.15,127.6418
2024-12-19,4.57,2.28,,0.25,128.6366
2024-12-20,4.52,2.23,,0.22,127.893
2024-12-23,4.59,2.27,,0.29,128.3021
2024-12-24,4.59,2.24,,0.3,128.3377
2024-12-25,,,,,
2024-12-26,4.58,2.23,,0.28,128.3329
2024-12-27,4.62,2.28,,0.31,128.45
2024-12-30,4.55,2.24,,0.31,128.8205
2024-12-31,4.58,2.24,,0.33,129.2775
2025-01-01,,,318.961,,
2025-01-02,4.57,2.23,,0.32,129.4598
2025-01-03,4.6,2.26,,0.32,129.4535
2025-01-06,4.62,2.28,,0.34,128.538
2025-01-07,4.67,2.29,,0.37,128.613
2025-01-08,4.67,2.27,,0.39,129.0785
2025-01-09,4.68,2.29,,0.41,129.2827
2025-01-10,4.77,2.34,,0.37,129.8664
2025-01-13,4.79,2.34,,0.39,130.0413
2025-01-14,4.78,2.34,,0.41,129.3812
2025-01-15,4.66,2.24,,0.39,129.2092
2025-01-16,4.61,2.19,,0.38,129.436
2025-01-17,4.61,2.2,,0.34,129.4859
2025-01-20,,,,,
2025-01-21,4.57,2.19,,0.28,128.4151
2025-01-22,4.6,2.2,,0.31,128.3402
2025-01-23,4.65,2.23,,0.36,128.2162
2025-01-24,4.63,2.2,,0.36,127.4611
2025-01-27,4.53,2.13,,0.36,128.0912
2025-01-28,4.55,2.13,,0.36,128.2817
2025-01-29,4.55,2.15,,0.34,128.3418
2025-01-30,4.52,2.14,,0.34,128.1004
2025-01-31,4.58,2.16,,0.36,128.4828
2025-02-01,,,319.679,,
2025-02-03,4.54,2.09,,0.28,129.109
2025-02-04,4.52,2.08,,0.31,128.1083
2025-02-05,4.43,2.01,,0.26,127.9751
2025-02-06,4.45,2.03,,0.24,128.2017
2025-02-07,4.49,2.07,,0.2,128.4292
2025-02-10,4.51,2.07,,0.23,128.6382
2025-02-11,4.54,2.08,,0.25,128.4322
2025-02-12,4.62,2.16,,0.26,128.3288
2025-02-13,4.52,2.08,,0.21,127.8931
2025-02-14,4.47,2.04,,0.21,127.1491
2025-02-17,,,,,
2025-02-18,4.55,2.1,,0.26,127.2906
2025-02-19,4.53,2.08,,0.25,127.7317
2025-02-20,4.5,2.05,,0.22,127.1126
2025-02-21,4.42,2.0,,0.23,127.1408
2025-02-24,4.4,1.98,,0.27,127.1921
2025-02-25,4.3,1.92,,0.23,127.3752
2025-02-26,4.25,1.89,,0.2,127.2822
2025-02-27,4.29,1.92,,0.22,127.9704
2025-02-28,4.24,1.86,,0.25,128.2805
2025-03-01,,,319.785,,
2025-03-03,4.16,1.8,,0.2,127.75
2025-03-04,4.22,1.87,,0.26,127.9966
2025-03-05,4.28,1.94,,0.29,126.504
2025-03-06,4.29,1.95,,0.33,126.1099
2025-03-07,4.32,1.99,,0.33,125.9814
2025-03-10,4.22,1.91,,0.33,126.268
2025-03-11,4.28,1.97,,0.34,126.0457
2025-03-12,4.32,1.99,,0.31,125.8664
2025-03-13,4.27,1.98,,0.33,126.0031
2025-03-14,4.31,2.01,,0.29,125.6942
2025-03-17,4.31,2.02,,0.25,125.3688
2025-03-18,4.29,1.99,,0.25,125.488
2025-03-19,4.25,1.94,,0.26,125.8006
2025-03-20,4.24,1.93,,0.29,125.985
2025-03-21,4.25,1.92,,0.31,126.2679
2025-03-24,4.34,1.98,,0.3,126.1956
2025-03-25,4.31,1.96,,0.35,126.0535
2025-03-26,4.35,1.98,,0.37,126.2364
2025-03-27,4.38,1.99,,0.41,126.3626
2025-03-28,4.27,1.9,,0.38,126.4187
2025-03-31,4.23,1.85,,0.34,126.7075
2025-04-01,4.17,1.84,320.302,0.3,126.4338
2025-04-02,4.2,1.88,,0.29,126.3811
2025-04-03,4.06,1.78,,0.35,124.7316
2025-04-04,4.01,1.83,,0.33,125.8129
2025-04-07,4.15,1.96,,0.42,126.8282
2025-04-08,4.26,2.04,,0.55,126.8668
2025-04-09,4.34,2.07,,0.43,126.628
2025-04-10,4.4,2.21,,0.56,125.089
2025-04-11,4.48,2.28,,0.52,124.0163
2025-04-14,4.38,2.15,,0.54,123.6598
2025-04-15,4.35,2.16,,0.51,123.776
2025-04-16,4.29,2.12,,0.52,123.2724
2025-04-17,4.34,2.11,,0.53,123.1298
2025-04-18,,,,,122.9865
2025-04-21,4.42,2.2,,0.67,122.3145
2025-04-22,4.41,2.14,,0.65,122.4175
2025-04-23,4.4,2.11,,0.59,123.0252
2025-04-24,4.32,2.02,,0.55,122.9251
2025-04-25,4.29,2.02,,0.55,122.8858
2025-04-28,4.23,1.98,,0.56,122.7176
2025-04-29,4.19,1.96,,0.54,122.5944
2025-04-30,4.17,1.94,,0.57,122.5921
2025-05-01,4.25,2.0,320.62,0.55,123.1405
2025-05-02,4.33,2.06,,0.5,122.4962
2025-05-05,4.36,2.08,,0.53,122.2613
2025-05-06,4.3,2.04,,0.52,122.0417
2025-05-07,4.26,2.01,,0.48,122.117
2025-05-08,4.37,2.08,,0.47,122.7568
2025-05-09,4.37,2.08,,0.49,122.5191
2025-05-12,4.45,2.16,,0.47,123.4863
2025-05-13,4.49,2.17,,0.47,122.9583
2025-05-14,4.53,2.16,,0.48,122.6746
2025-05-15,4.45,2.11,,0.49,122.8174
2025-05-16,4.43,2.09,,0.45,123.0737
2025-05-19,4.46,2.1,,0.49,122.4186
2025-05-20,4.48,2.13,,0.51,122.3199
2025-05-21,4.58,2.23,,0.58,121.7496
2025-05-22,4.54,2.2,,0.54,122.0429
2025-05-23,4.51,2.18,,0.51,121.3837
2025-05-26,,,,,
2025-05-27,4.43,2.11,,0.51,121.6099
2025-05-28,4.47,2.15,,0.51,121.9888
2025-05-29,4.43,2.11,,0.51,121.5617
2025-05-30,4.41,2.07,,0.52,121.7674
2025-06-01,,,321.435,,
2025-06-02,4.46,2.13,,0.52,121.1881
2025-06-03,4.46,2.14,,0.5,121.4592
2025-06-04,4.37,2.06,,0.5,121.0539
2025-06-05,4.4,2.11,,0.48,120.9596
2025-06-06,4.51,2.2,,0.47,121.161
2025-06-09,4.49,2.18,,0.48,120.9103
2025-06-10,4.47,2.18,,0.46,121.0485
2025-06-11,4.41,2.14,,0.47,120.587
2025-06-12,4.36,2.11,,0.46,120.1723
2025-06-13,4.41,2.13,,0.45,120.3245
2025-06-16,4.46,2.16,,0.49,120.1565
2025-06-17,4.39,2.08,,0.45,120.5048
2025-06-18,4.38,2.07,,0.44,120.7305
2025-06-19,,,,,
2025-06-20,4.38,2.05,,0.48,121.0408
2025-06-23,4.34,2.04,,0.5,121.1694
2025-06-24,4.3,2.01,,0.55,120.3645
2025-06-25,4.29,2.01,,0.55,120.3336
2025-06-26,4.26,1.98,,0.56,119.6451
2025-06-27,4.29,2.0,,0.56,119.659
2025-06-30,4.24,1.95,,0.52,119.4088
2025-07-01,4.26,1.97,322.169,0.48,119.3436
2025-07-02,4.3,2.0,,0.52,119.3037
2025-07-03,4.35,2.02,,0.47,119.2382
2025-07-04,,,,,
2025-07-07,4.4,2.05,,0.5,119.6201
2025-07-08,4.42,2.07,,0.52,119.8371
2025-07-09,4.34,2.01,,0.48,119.7311
2025-07-10,4.35,2.01,,0.49,119.8343
2025-07-11,4.43,2.06,,0.53,119.9214
2025-07-14,4.43,2.04,,0.53,120.2209
2025-07-15,4.5,2.09,,0.55,120.5105
2025-07-16,4.46,2.05,,0.58,120.4175
2025-07-17,4.47,2.04,,0.56,120.6384
2025-07-18,4.44,2.03,,0.56,120.356
2025-07-21,4.38,1.98,,0.53,119.9961
2025-07-22,4.35,1.96,,0.52,119.681
2025-07-23,4.4,2.03,,0.52,119.5697
2025-07-24,4.43,1.98,,0.52,119.5664
2025-07-25,4.4,1.96,,0.49,119.9857
2025-07-28,4.42,1.98,,0.51,120.6149
2025-07-29,4.34,1.91,,0.48,120.9674
2025-07-30,4.38,1.96,,0.44,121.4042
2025-07-31,4.37,1.98,,0.43,121.721
2025-08-01,4.23,1.9,323.291,0.54,121.2122
2025-08-04,4.22,1.85,,0.53,120.9859
2025-08-05,4.22,1.86,,0.5,120.9082
2025-08-06,4.22,1.88,,0.53,120.5082
2025-08-07,4.23,1.88,,0.51,120.5043
2025-08-08,4.27,1.88,,0.51,120.3329
2025-08-11,4.27,1.87,,0.51,120.6892
2025-08-12,4.29,1.91,,0.57,120.2736
2025-08-13,4.24,1.87,,0.57,120.13
2025-08-14,4.29,1.9,,0.55,120.6446
2025-08-15,4.33,1.95,,0.58,120.3377
2025-08-18,4.34,1.96,,0.57,120.5622
2025-08-19,4.3,1.95,,0.55,120.7224
2025-08-20,4.29,1.94,,0.55,120.7757
2025-08-21,4.33,1.94,,0.54,121.0843
2025-08-22,4.26,1.85,,0.58,120.2774
2025-08-25,4.28,1.87,,0.55,120.4214
2025-08-26,4.26,1.84,,0.65,120.5274
2025-08-27,4.24,1.81,,0.65,120.7274
2025-08-28,4.22,1.81,,0.6,120.2595
2025-08-29,4.23,1.82,,0.64,120.2082
2025-09-01,,,324.245,,
2025-09-02,4.28,1.87,,0.62,120.6837
2025-09-03,4.22,1.82,,0.61,120.5052
2025-09-04,4.17,1.79,,0.58,120.7629
2025-09-05,4.1,1.73,,0.59,120.1282
2025-09-08,4.05,1.7,,0.56,120.0971
2025-09-09,4.08,1.72,,0.54,120.1569
2025-09-10,4.04,1.69,,0.5,120.1223
2025-09-11,4.01,1.67,,0.49,119.9534
2025-09-12,4.06,1.7,,0.5,120.0611
2025-09-15,4.05,1.68,,0.51,119.5644
2025-09-16,4.04,1.67,,0.53,119.1348
2025-09-17,4.06,1.68,,0.54,119.1582
2025-09-18,4.11,1.73,,0.54,119.6616
2025-09-19,4.14,1.75,,0.57,119.7858
2025-09-22,4.15,1.78,,0.54,119.8152
2025-09-23,4.12,1.75,,0.59,119.6202
2025-09-24,4.16,1.78,,0.59,120.1707
2025-09-25,4.18,1.8,,0.54,120.5419
2025-09-26,4.2,1.82,,0.57,120.4349
2025-09-29,4.15,1.8,,0.52,120.115
2025-09-30,4.16,1.8,,0.56,120.1368
2025-10-01,4.12,1.77,,0.57,120.1502
2025-10-02,4.1,1.76,,0.55,120.4296
2025-10-03,4.13,1.8,,0.55,120.0881
2025-10-06,4.18,1.84,,0.58,120.2722
2025-10-07,4.14,1.79,,0.57,120.4884
2025-10-08,4.13,1.78,,0.55,120.7766
2025-10-09,4.14,1.8,,0.54,121.0902
2025-10-10,4.05,1.75,,0.53,121.1163
2025-10-13,,,,,
2025-10-14,4.03,1.73,,0.55,121.1822
2025-10-15,4.05,1.76,,0.55,120.8642
2025-10-16,3.99,1.71,,0.58,120.6698
2025-10-17,4.02,1.75,,0.56,120.7028
2025-10-20,4.0,1.74,,0.54,120.6209
2025-10-21,3.98,1.7,,0.53,120.8895
2025-10-22,3.97,1.68,,0.52,120.8958
2025-10-23,4.01,1.71,,0.53,120.9531
2025-10-24,4.02,1.73,,0.54,120.9345
2025-10-27,4.01,1.73,,0.53,120.7988
2025-10-28,3.99,1.71,,0.52,120.6361
2025-10-29,4.08,1.78,,0.49,120.5312
2025-10-30,4.11,1.82,,0.5,121.2832
2025-10-31,4.11,1.81,,0.51,121.3859
2025-11-01,,,325.063,,
2025-11-03,4.13,1.82,,0.53,121.4512
2025-11-04,4.1,1.81,,0.52,121.8271
2025-11-05,4.17,1.87,,0.54,121.8482
2025-11-06,4.11,1.83,,0.54,121.6948
2025-11-07,4.11,1.83,,0.56,121.388
2025-11-10,4.13,1.84,,0.55,121.2984
2025-11-11,,,,,
2025-11-12,4.08,1.81,,0.52,121.0458
2025-11-13,4.11,1.83,,0.53,120.7725
2025-11-14,4.14,1.86,,0.52,120.9666
2025-11-17,4.13,1.85,,0.53,121.1146
2025-11-18,4.12,1.85,,0.54,121.2127
2025-11-19,4.13,1.86,,0.55,121.4978
2025-11-20,4.1,1.86,,0.55,121.6889
2025-11-21,4.06,1.82,,0.55,121.8653
2025-11-24,4.04,1.81,,0.58,121.9171
2025-11-25,4.01,1.79,,0.58,121.6335
2025-11-26,4.0,1.77,,0.55,121.2437
2025-11-27,,,,,
2025-11-28,4.02,1.79,,0.55,121.0527
2025-12-01,4.09,1.85,326.031,0.55,120.9862
2025-12-02,4.09,1.85,,0.58,121.1467
2025-12-03,4.06,1.82,,0.57,120.7336
2025-12-04,4.11,1.85,,0.59,120.6766
2025-12-05,4.14,1.88,,0.58,120.6863
2025-12-08,4.17,1.91,,0.6,120.776
2025-12-09,4.18,1.92,,0.57,120.6832
2025-12-10,4.13,1.88,,0.59,120.6752
2025-12-11,4.14,1.89,,0.62,119.98
2025-12-12,4.19,1.93,,0.67,120.1442
2025-12-15,4.18,1.93,,0.67,119.9561
2025-12-16,4.15,1.92,,0.67,119.8902
2025-12-17,4.16,1.92,,0.67,120.155
2025-12-18,4.12,1.88,,0.66,120.0528
2025-12-19,4.16,1.92,,0.68,120.1652
2025-12-22,4.17,1.94,,0.73,119.9912
2025-12-23,4.18,1.94,,0.7,119.7057
2025-12-24,4.15,1.91,,0.68,119.4372
2025-12-25,,,,,
2025-12-26,4.14,1.91,,0.68,119.4723
2025-12-29,4.12,1.9,,0.67,119.5899
2025-12-30,4.14,1.9,,0.69,119.4939
2025-12-31,4.18,1.93,,0.71,119.7456
2026-01-01,,,326.588,,
2026-01-02,4.19,1.94,,0.72,119.6059
2026-01-05,4.17,1.91,,0.71,119.6192
2026-01-06,4.18,1.91,,0.71,119.7807
2026-01-07,4.15,1.88,,0.68,119.8719
2026-01-08,4.19,1.92,,0.7,120.0904
2026-01-09,4.18,1.9,,0.64,120.2215
2026-01-12,4.19,1.9,,0.65,119.9958
2026-01-13,4.18,1.88,,0.65,120.1401
2026-01-14,4.15,1.86,,0.64,119.9537
2026-01-15,4.17,1.88,,0.61,119.9951
2026-01-16,4.24,1.91,,0.65,120.0838
2026-01-19,,,,,
2026-01-20,4.3,1.97,,0.7,119.4455
2026-01-21,4.26,1.92,,0.66,119.3431
2026-01-22,4.26,1.95,,0.65,119.1962
2026-01-23,4.24,1.92,,0.64,118.8976
2026-01-26,4.22,1.9,,0.66,118.0525
2026-01-27,4.24,1.9,,0.71,117.4523
2026-01-28,4.26,1.9,,0.7,117.5117
2026-01-29,4.24,1.89,,0.71,117.4396
2026-01-30,4.26,1.9,,0.74,117.8996
2026-02-01,,,327.46,,
2026-02-02,4.29,1.94,,0.72,118.3609
2026-02-03,4.28,1.92,,0.71,117.9764
2026-02-04,4.29,1.94,,0.72,118.2602
2026-02-05,4.21,1.89,,0.74,118.5034
2026-02-06,4.22,1.88,,0.72,118.2407
2026-02-09,4.22,1.87,,0.74,117.6392
2026-02-10,4.16,1.84,,0.71,117.5216
2026-02-11,4.18,1.86,,0.66,117.4601
2026-02-12,4.09,1.8,,0.62,117.5376
2026-02-13,4.04,1.77,,0.64,117.5258
2026-02-16,,,,,
2026-02-17,4.05,1.79,,0.62,117.7375
2026-02-18,4.09,1.8,,0.62,117.8426
2026-02-19,4.08,1.79,,0.61,118.2354
2026-02-20,4.08,1.8,,0.6,117.9917
2026-02-23,4.03,1.77,,0.6,117.9395
2026-02-24,4.04,1.78,,0.61,117.9463
2026-02-25,4.05,1.77,,0.6,117.769
2026-02-26,4.02,1.74,,0.6,117.9042
2026-02-27,3.97,1.72,,0.59,117.8223
2026-03-01,,,330.293,,
2026-03-02,4.05,1.76,,0.58,118.667
2026-03-03,4.06,1.77,,0.55,119.4341
2026-03-04,4.09,1.8,,0.55,119.0705
2026-03-05,4.13,1.82,,0.56,119.5683
2026-03-06,4.15,1.8,,0.59,119.491
2026-03-09,4.12,1.78,,0.56,119.5151
2026-03-10,4.15,1.82,,0.58,118.7255
2026-03-11,4.21,1.85,,0.57,119.2885
2026-03-12,4.27,1.89,,0.51,119.8227
2026-03-13,4.28,1.92,,0.55,120.5518
2026-03-16,4.23,1.87,,0.55,120.097
2026-03-17,4.2,1.83,,0.52,119.8328
2026-03-18,4.26,1.86,,0.5,119.9276
2026-03-19,4.25,1.88,,0.46,120.1802
2026-03-20,4.39,2.01,,0.51,120.2757
2026-03-23,4.34,2.01,,0.51,119.9371
2026-03-24,4.39,2.06,,0.49,120.1295
2026-03-25,4.33,2.02,,0.49,120.1282
2026-03-26,4.42,2.08,,0.46,120.389
2026-03-27,4.44,2.13,,0.56,120.8851
2026-03-30,4.35,2.04,,0.53,121.2851
2026-03-31,4.3,2.0,,0.51,121.035
2026-04-01,4.33,2.02,332.407,0.52,120.1198
2026-04-02,4.31,1.97,,0.52,120.503
2026-04-03,4.35,1.99,,0.51,120.6565
2026-04-06,4.34,1.98,,0.5,120.4302
2026-04-07,4.33,1.96,,0.52,120.32
2026-04-08,4.29,1.96,,0.5,119.0596
2026-04-09,4.29,1.95,,0.51,118.8998
2026-04-10,4.31,1.95,,0.5,118.8552
2026-04-13,4.3,1.92,,0.52,118.9916
2026-04-14,4.26,1.89,,0.5,118.3581
2026-04-15,4.29,1.9,,0.53,118.3623
2026-04-16,4.32,1.93,,0.54,118.3616
2026-04-17,4.26,1.9,,0.55,118.0795
2026-04-20,4.26,1.91,,0.54,118.2374
2026-04-21,4.3,1.92,,0.52,118.4331
2026-04-22,4.3,1.92,,0.51,118.6004
2026-04-23,4.34,1.92,,0.51,118.7155
2026-04-24,4.31,1.89,,0.53,118.7294
2026-04-27,4.35,1.91,,0.57,118.5458
2026-04-28,4.36,1.92,,0.52,118.7717
2026-04-29,4.42,1.96,,0.5,119.0975
2026-04-30,4.4,1.94,,0.52,118.671
2026-05-01,4.39,1.91,333.979,0.51,118.3926
2026-05-04,4.45,1.95,,0.5,118.8264
2026-05-05,4.43,1.96,,0.5,118.6207
2026-05-06,4.36,1.94,,0.49,118.0982
2026-05-07,4.41,1.96,,0.49,118.0116
2026-05-08,4.38,1.93,,0.48,118.0392
2026-05-11,4.42,1.95,,0.47,118.0562
2026-05-12,4.46,1.99,,0.46,118.5238
2026-05-13,4.46,1.99,,0.48,118.4737
2026-05-14,4.47,2.0,,0.47,118.6696
2026-05-15,4.59,2.1,,0.5,119.2825
2026-05-18,4.61,2.13,,0.54,119.0574
2026-05-19,4.67,2.18,,0.54,119.451
2026-05-20,4.57,2.13,,0.53,119.1624
2026-05-21,4.57,2.18,,0.49,119.369
2026-05-22,4.56,2.16,,0.43,119.2868
2026-05-25,,,,,
2026-05-26,4.5,2.1,,0.49,119.1696
2026-05-27,4.48,2.09,,0.48,119.1829
2026-05-28,4.45,2.06,,0.46,119.0318
2026-05-29,4.45,2.07,,0.47,118.8783
2026-06-01,4.47,2.07,332.568,0.42,119.1653
2026-06-02,4.46,2.07,,0.41,119.0359
2026-06-03,4.49,2.11,,0.41,119.3848
2026-06-04,4.47,2.11,,0.42,119.3615
2026-06-05,4.55,2.19,,0.38,120.0831
2026-06-08,4.56,2.21,,0.41,120.034
2026-06-09,4.53,2.2,,0.4,119.9617
2026-06-10,4.55,2.21,,0.42,119.9134
2026-06-11,4.45,2.16,,0.4,120.1174
2026-06-12,4.48,2.17,,0.39,119.5073
2026-06-15,4.47,2.15,,0.4,119.3158
2026-06-16,4.43,2.14,,0.38,119.256
2026-06-17,4.49,2.23,,0.29,119.3871
2026-06-18,4.46,2.21,,0.27,120.3958
2026-06-19,,,,,
2026-06-22,4.51,2.28,,0.27,120.5463
2026-06-23,4.5,2.29,,0.34,121.0552
2026-06-24,4.41,2.23,,0.3,121.412
2026-06-25,4.4,2.19,,0.31,121.0559
2026-06-26,4.38,2.18,,0.31,120.8866
2026-06-29,4.38,2.16,,0.28,120.9525
2026-06-30,4.44,2.2,,0.3,120.9248
2026-07-01,4.48,2.25,,0.31,121.1455
2026-07-02,4.49,2.26,,0.35,120.6902
2026-07-03,,,,,
2026-07-06,4.48,2.24,,0.35,120.835
2026-07-07,4.55,2.3,,0.36,120.8145
2026-07-08,4.56,2.31,,0.35,121.1307
2026-07-09,4.54,2.31,,0.38,120.753
2026-07-10,4.56,2.32,,0.35,120.5046
2026-07-13,4.62,2.36,,0.36,120.7413
2026-07-14,4.58,2.33,,0.4,120.4728
2026-07-15,4.55,2.32,,0.42,120.3088
2026-07-16,4.57,2.35,,0.41,120.331
2026-07-17,4.55,2.31,,0.37,120.5315
2026-07-20,4.6,2.35,,0.39,120.5401
2026-07-21,4.63,2.37,,0.37,120.5779
2026-07-22,4.67,2.39,,0.36,120.5736
2026-07-23,4.71,2.43,,0.34,120.9075
2026-07-24,4.69,2.43,,0.36,120.7105
2026-07-27,4.65,2.44,,0.34,120.7739
2026-07-28,4.61,2.41,,0.35,120.6247
2026-07-29,4.67,2.41,,0.45,120.7892
2026-07-30,4.68,2.41,,0.45,119.6753
2026-07-31,4.75,2.47,,0.47,119.7034
2026-08-03,4.7,2.43,,0.45,
2026-08-04,,,,0.43,
